,heart_rate_mean,blood_glucose_mean,resp_rate_mean,stress_mean,blood_glucose_std,total_steps,resting_heart_rate,total_kcal,sleep_light_hrs,sleep_deep_hrs,sleep_rem_hrs,sleep_awake_hrs,act_generic_hrs,act_running_hrs,act_walking_hrs,act_sedentary_hrs,A/G Ratio_value,ALT (IU/L)_value (IU/L),AST (IU/L)_value (IU/L),Albumin (g/dL)_value (g/dL),Alkaline Phosphatase (IU/L)_value (IU/L),BUN (mg/dL)_value (mg/dL),BUN/Creatinine ratio_value,Bilirubin Total (mg/dL)_value (mg/dL),C-Peptide (ng/mL)_value (ng/mL),CRP - HS (mg/L)_value (mg/L),Calcium (mg/dL)_value (mg/dL),"Carbon Dioxide, Total (mEq/L)_value (mEq/L)",Chloride (mEq/L)_value (mEq/L),Creatinine (mg/dL)_value (md/dL),"Globulin, Total (g/dL)_value (g/dL)",Glucose (mg/dL)_value (mg/dL),HDL Cholesterol (mg/dL)_value (mg/dL),INSULIN (ng/mL)_value (ng/mL),LDL Cholesterol Calculation (mg/dL)_value (mg/dL),Potassium (mEq/L)_value (mEq/L),"Protein, Total (g/dL)_value (g/dL)",Sodium (mEq/L)_value (mEq/L),Total Cholesterol (mg/dL)_value (mg/dL),Triglycerides (mg/dL)_value (mg/dL),Urine Albumin (mg/dL)_value (mg/DL),Urine Creatinine (mg/dL)_value (mg/DL),clock_visuospatial_executive_time_value,delayed_recall_with_no_clue_time_value,digitspan_time_value,memory_trial1_time_value,memory_trial2_time_value,moca_abstraction_time_value,moca_orientation_time_value,moca_total_score_value,naming_time_value,repetition_time_value,subtraction_time_value,cube_visuospatial_executive_time_value,lettera_time_value,trails_visuospatial_executive_time_value,moca_combined_mis_score_value,memory_trial1_value,memory_trial2_value,moca_abstraction_value,moca_orientation_value,naming_value,repetition_value,subtraction_value,Rate,PR,QRSD,QT,QTc,P,QRS,T,Age-related macular degeneration,Arthritis,Cancer,Cataracts (1+ eyes),Chronic pullmonary problems,Circulation problems,Diabetic retinopathy (1+),Digestive problems,Marijuana user,Dry eye (1+),Glaucoma (1+),Hearing impairment,Heart attack,High blood cholesterol,High blood pressure,Kidney problems,Low blood pressure,Mild cognitive impairmen,Multiple sclerosis,Obesity,Osteoporosis,Other heart issues (pacemaker),Other neurological conditions,Parkinson's disease,Retinal vascular occlusion,Stroke,Type 2 Diabetes,Urinary problems,ABNORMAL,BORDERLINE,NORMAL,OTHERWISE NORMAL,cube_visuospatial_executive_value,fluency_language_value,lettera_value,trails_visuospatial_executive_value
heart_rate_mean,1.0,0.14601651050813055,0.23605139575122677,0.8030787786000781,0.12950969477812543,0.530672998425587,0.8439599387787852,0.5428382850449698,-0.15965318173581644,0.15485164015741168,-0.2016787632610898,0.015296293687392272,0.3836780930113231,0.034106572588317875,0.1504494954496919,-0.4765274714859481,-0.20791727165961274,0.14724847185023454,0.10325788134331591,-0.10517680214291002,0.14572713209571472,0.02246229397253873,-0.13491497425804708,-0.16218258391776152,0.11118331935278238,0.1261562254471134,-0.18610264952074643,-0.07713333879558873,-0.055168870782497687,-0.015382074595267274,0.016603106043724603,-0.06531271279330055,-0.10460592698559631,0.16319721570333234,-0.18287579451590472,-0.1134129155495813,-0.23486705216527007,0.0198282946812102,-0.10438173836412079,0.22696093684576107,0.05901802006215526,0.05367731669016138,-0.06171972502980385,0.17885415436886046,-0.03233931945605209,-0.056432602088170296,-0.07649967475363086,0.006237945342333485,0.04584514245574664,-0.05374362334880919,0.02965950127396242,0.15373548674822102,0.030471280734313405,0.05098848001106035,0.017405636674519026,-0.028369768767100075,-0.08553963909084134,0.06012220060259623,0.0846865253468635,-0.10265194386100591,-0.036287857014011424,0.05204237748416803,0.08396392726791706,-0.12418980244161969,0.6220210413526873,-0.2611967599266658,-0.16578060352479246,-0.5758371520725515,0.0620149353948956,0.1315928947020389,-0.09012832001154605,-0.11703144631592946,0.019557789937847646,-0.08523925292892628,0.02694761334187179,0.008128707823936071,-0.02470956086877209,0.03372515793001298,0.036305762916012174,0.03848925207901146,0.004479770824938057,0.04755179310353739,0.041226277293212224,-0.09717471153457263,-0.03709586852559558,0.09080920251033417,0.015619131724227237,0.07307993462707668,-0.08057473970812233,-0.07309499221981823,0.012000066178902731,0.057217071567917825,-0.042866655424022404,-0.06797559406667802,-0.009892223074626425,-0.04281868839265011,0.002668109306043574,-0.06389182886072978,0.22143493270961057,-0.10838538212562908,-0.08668402808835816,0.06540453077528392,0.04540086331720115,0.05182835663897577,-0.14700868683382684,0.07680551724261803,-0.06220700561972134,-0.04634140000775799
blood_glucose_mean,0.14601651050813055,1.0,0.11769799996452607,0.12616919370864874,0.5228972780400296,-0.02623340867966669,0.16104504389848714,0.054314275876879606,0.06157423505820949,0.03326847670977602,-0.1535278340999687,0.13485157015592003,0.16734460823434788,0.12434348185192735,-0.18289069461220644,0.04702790675188577,0.07743162795893829,0.2042007331492507,0.005911188933820098,-0.12768219478835016,0.22364959503750717,0.1174621638468757,-0.14569048550029415,-0.004066976366555668,0.15110118723707833,0.1436847050722452,-0.1804924810295147,-0.0022265481255923604,-0.03035060079956278,0.18629839652376615,0.018741915266246776,0.4224147062847766,-0.34486398689713454,0.16142276604120784,-0.3095293442664603,-0.033643693253255266,-0.08576299589369292,-0.3096310950038353,-0.2771794159014355,0.16561605915636846,0.06771579348709433,0.015050032931252929,-0.028963679877840112,0.12611370607148534,0.027943331167130304,0.06856642089308126,0.21290350126398894,0.17017516299952895,-0.03980589385473876,-0.05192941287777302,0.11192708004798643,0.014432749638967419,0.07750893239997499,-0.03991456762502181,-0.0913030476560479,0.06172364698369311,-0.20571503185395254,-0.0038170213640344097,-0.06625287130394472,-0.03518266803127857,0.022481814544709412,-0.17500109159474833,-0.046169047601174684,-0.09915403098497053,0.014773557055086933,0.04249812620867524,0.022852272929582536,0.0773735203496622,0.021078573088742166,-0.39511496763283277,-0.12018835142391714,-0.2095272252455698,-0.03621098110074419,0.048533188662297055,0.008275151244750296,0.1875988041297062,-0.05606267507354162,-0.07233587077254493,0.1845167003163263,0.05864845357489529,-0.04439454351659914,0.05766552349542715,0.12159015133660062,0.04477033608676743,0.05647249536684481,0.1959553142763109,0.2807332073490313,0.16559210272417318,-0.08512069382656957,0.048406523614479016,0.025457409516501314,0.06429215879104995,-0.03182408737935755,0.060275863398158484,0.002599939015598394,-0.020315781656160464,-0.008837039717636306,0.026094339769879092,0.5027246893286593,0.01221095377630879,-0.08835946832166358,0.08558866834925877,-0.08513919598603081,0.17993263201538637,0.026332694374422764,0.006165598182817786,-0.115463114802325,-0.04315924042812274
resp_rate_mean,0.23605139575122677,0.11769799996452607,1.0,0.20532040665453075,0.0645778298761684,0.12918558699443375,0.15537970293262174,0.13373971170283627,-0.11366625077073597,0.04301880442189695,-0.1381872237567582,0.12116175258757104,0.13103738951535565,0.08110004554648727,-0.03708343263048749,0.020891660265640967,-0.025313310740323718,0.11002067013525267,0.030713344919235615,-0.11041490051393775,0.08135878390341846,0.26073432268834734,-0.11035455001011006,-0.062199583259525765,0.18101309979360458,0.03647888974752931,-0.11988610224684813,-0.13498046462031874,-0.05555476076054045,0.25808660808883016,-0.1175183598031489,0.11354998723260444,-0.21839200595974143,0.14580474652586273,-0.20801558303204273,0.12404458521478473,-0.14166673891861412,-0.04928450042136203,-0.11855264916712005,0.1393958382704743,0.07018027527669525,0.06524650375666795,-0.05833793323183361,0.13286765599272474,-0.002257692611345635,0.040561556872548324,-0.012982926446018603,0.038431549274100085,0.04928579264601731,-0.08867075587916565,0.006532822153538226,0.0025340783640282615,0.0391417906168918,0.03017646827601722,-0.13499107292660334,0.011967656782216786,-0.0562938744934094,0.015135001922305215,-0.042963560192963254,-0.028019353298198813,0.024407991095727406,-0.003524409842000906,0.05784727852364667,-0.018601511715392916,0.0359951369686201,0.07108335271415421,0.1758334390502972,0.028180073054167615,0.0030633027433594126,-0.11085517517748922,-0.15902300265141386,-0.09936036500626098,0.02252114550111733,0.08078474508701369,0.11970171045376932,0.08638509449945539,0.04846316168645659,0.05987177909611479,0.039180241313154195,0.05848843591615969,0.05731003823860422,-0.05942702661425693,0.011875406292602827,0.13720669446517492,0.13924171625792292,0.13088064985472822,0.18596795147570075,0.17167626688581253,-0.008623077915875228,0.01744346318360583,0.01891965633093254,0.05500441311611965,-0.07048634444894931,0.16355942396980647,0.011492878636445356,0.04608649672949844,0.0010923206912682437,0.087149326013687,0.1621147230731292,0.052054878466297236,0.04355133904054331,0.04706535546102056,-0.010075690004145398,-0.0403225377154232,0.009118237906270938,0.0030352205066129017,-0.009006095448300347,-0.08737769302318323
stress_mean,0.8030787786000781,0.12616919370864874,0.20532040665453075,1.0,0.0823114412184398,0.5199479173367116,0.8283752979666126,0.471979737844367,-0.25832025836266104,0.14581066378526336,-0.2200388198584372,-0.033763955201259604,0.3080590124886628,0.014176444600032232,0.00022413418231115445,-0.3228224873187582,-0.19478535435635233,0.0733784857180055,0.08025746634459925,0.06891677209996165,0.05758278739385485,-0.06516622275999473,-0.04119153066928703,-0.17365254386173803,0.14561945917640107,0.1027169726638973,-0.06284425590751314,-0.08801839751913618,-0.0107731617314713,-0.0977144452239878,0.013559310323436597,-0.035612056742456225,-0.04530675248273668,0.1858776547563265,-0.07632276680175562,-0.1790922379937935,-0.11074791489493584,0.017537107089527656,-0.04336892900119949,0.1932475213944468,0.027558966023414254,0.02087719219136717,-0.07316797272292058,0.08795657446175657,0.004356698386083172,-0.04199971312381788,-0.05180091336205419,-0.07175372914806757,0.07437328131798904,0.029700222449160454,0.057125295510783866,0.08788339774149097,0.022491520259810584,0.011893214688026945,-0.0123701480874546,-0.08233686242646256,-0.018002680692887043,0.08800113750368886,0.11358979807634825,-0.08257414492122415,-0.0234088318691511,0.06348529735043494,0.09809683729406893,-0.09135326273001759,0.6262969690554124,-0.287481592424445,-0.19007580149174386,-0.5982477503814974,0.0773782435467023,0.07796045628450664,-0.05392396171690364,-0.12959952914289763,-0.028435451211166227,-0.04636169548513805,-0.010939940483916187,-0.014358123300937928,-0.008922525129091695,0.027599611725027052,0.031215958730480994,0.029174581422331824,-0.0416959790026478,0.08025170074076414,0.03305594421698597,-0.11358101774325724,-0.07006592785047387,0.05702812582433451,0.014426549622652668,0.041458682376170106,-0.06740938987092127,-0.06785073085243046,0.0019683277346818832,0.11760349623837339,-0.02745494264614883,-0.12406173891031043,0.0018034876353300363,-0.07600155093450414,0.008135395327111846,-0.09765763884997707,0.16678098242082573,-0.030223286226790443,-0.1400677970944238,0.048851470335714395,0.07233078304991478,0.08293349797277269,-0.09673845610780538,0.14207912254338037,-0.04186895583073428,-0.018447765153659628
blood_glucose_std,0.12950969477812543,0.5228972780400296,0.0645778298761684,0.0823114412184398,1.0,-0.08767503460352212,0.122499076223846,0.008312256380928586,0.012004647931159533,-0.028818170385319735,-0.13100908092757027,0.10818414495293109,0.15752030890431165,0.08108364901509725,-0.08125755632164465,0.08643281891973885,0.003069915301139764,0.11825931599732145,-0.06596268360927211,-0.10170555530770169,0.22215805387200654,0.09405318970183935,-0.06935867364644363,-0.004196679774945485,0.03626848541463336,0.13117344288570093,-0.17337994310501553,-0.022065780358539868,-0.17096285681698614,0.30946758759804466,0.12013521034036775,0.3051666946067909,-0.21054833094986836,0.05226605187252051,-0.26585981708701606,-0.03093045264262916,-0.03836812220279913,-0.30324490773618856,-0.2058487571935843,0.15351428533019135,0.05036515540855256,0.0004297197561158506,0.0006355943079929459,0.14373307537497967,0.053480128761852354,0.028686820252899082,0.13827600863372677,0.19612093518639248,-0.03484649468388669,-0.16383922376829163,0.05023492481176493,0.052240306499766166,0.08385272119344139,0.00696760693707661,-0.06042790968012828,0.07033995361966172,-0.23896601751211657,-0.0506176716146192,-0.14327844945730056,-0.05319555983764527,-0.005264966011474327,-0.15239370727955293,-0.11900436469367269,-0.10878172732895941,0.11622694171571603,0.07199573150491248,0.0908987924441587,-0.006649364553209725,0.09069637286288487,-0.24061374704566305,-0.1254612114837286,-0.11751241062588869,0.05749000408189435,-0.002906766653175302,-0.045679907629634246,0.17172253888998915,-0.039941296138198454,-0.03468726993634111,0.219614384182915,0.06694273356799126,-0.035014381756234274,0.15705871170974767,0.13512746609454573,0.0554664525731503,0.11089748888873757,0.10964290526436032,0.19302213437780302,0.23448879523773392,-0.048353186680981965,0.03227388239744582,0.05575411895475973,-0.004671929038898879,-0.04042159496315361,0.05453503293669659,0.008620876038120059,0.019244425824061388,-0.0050429994340958064,0.1282445776085662,0.46044268693832685,-0.022336380114518977,0.0008903500603065786,0.13223556325802432,-0.020125670832881092,0.014474790395176178,-0.02193103168634641,-0.0368064006696448,-0.13255251664363402,-0.05884440031779479
total_steps,0.530672998425587,-0.02623340867966669,0.12918558699443375,0.5199479173367116,-0.08767503460352212,1.0,0.4989841028624874,0.5912821649083524,-0.09636095417985234,0.12386444863431922,-0.021522733093187016,-0.04505967266029988,0.24727400248820125,0.0896432570785788,0.39173441075462606,-0.6160477702940806,-0.06416239247574504,0.07757510256170713,0.11185417655588369,0.12325949922728074,0.02879881542012751,-0.014019974298445466,0.02823554699398233,-0.06660796990080546,-0.03228413741040064,0.0667319976361614,-0.012515408334642817,0.010744471792588426,0.11011061757138986,-0.196964271365609,0.09859421269202873,-0.10252974478611102,0.17679007173287434,0.13828327847231095,0.1367508503693528,-0.04680904146186217,-0.053184928987528024,0.07438099047544236,0.2762097174659636,0.1571576817482841,0.07161601173413167,-0.036089156762303246,0.002709462433083565,0.09106996887813856,-0.04398863528590009,0.12077557008684571,-0.01073715827928668,0.03270972354637639,0.08498497209330656,-0.005147185330734473,0.17896339114818405,0.03087372165692679,0.11421709932600461,0.05752879996385549,0.03329454001422318,0.06668599001525223,-0.06625019134058417,-0.06668593796679609,0.014176978981495286,-0.10827684302460813,-0.05523159028114835,0.01192198296836274,0.024936999937756804,-0.1500644113815053,0.23431126047352135,-0.18736278591365085,-0.059198311164377446,-0.27958377673419943,-0.06548860705174175,0.06275729799959792,0.08386534097169887,-0.05659072688868944,-0.09868581344098604,-0.0692331658768988,-0.0924332983755485,-0.18888246032695627,-0.01763064458591234,-0.014895860705223262,-0.07226838378799817,0.051066138268437096,0.04656288821340215,0.009480234841554988,-0.02358874570162886,-0.1142659962233089,-0.1462274033487593,-0.06498903388155416,-0.13732814298275356,-0.0808791285233671,-0.0284811030831992,-0.031823008698427115,-0.012580932413857082,-0.05606247280589474,0.0015239814047158585,-0.1410532569512609,0.007477811970063503,-0.024043660400178336,0.03851085818120353,-0.10785193867826098,-0.08190138681088516,-0.06348714004304003,-0.14696958322722492,-0.03197463676857283,0.005392631884279647,0.16012112707510678,-0.05012807611725963,0.06805183760136357,-0.02350581382410563,-0.07278785036163056
resting_heart_rate,0.8439599387787852,0.16104504389848714,0.15537970293262174,0.8283752979666126,0.122499076223846,0.4989841028624874,1.0,0.5007966921742689,-0.24656230494615564,0.09778990873104867,-0.20382490325603633,-0.041048123625260544,0.3435885004923723,0.03764026687323594,0.0559935529810921,-0.3722741522773411,-0.2868746945697885,0.04919787159058213,0.009282945822626152,0.1111544853428703,0.08414628306406348,-0.11390752150328902,-0.15104394100582397,-0.19427295012992407,0.1095510056148045,0.1497546401349214,-0.08915259496214897,-0.11155634393727036,-0.06519572435875888,-0.07895497539314901,0.15477702155027645,-0.04997975964811482,-0.0333823394232746,0.1624239756197831,-0.10499221062272282,-0.20311069858025527,-0.045453027302913826,-0.059865796541623176,-0.037131601715803236,0.19986086703578587,0.021269131224271508,0.04739372523871772,-0.01026836023568074,0.12137768085522488,-0.002449203771864075,-0.03551550613651233,-0.02438545695210976,-0.03752025978997218,0.07960321118992748,-0.07803952311073109,-0.012201744317784443,0.13877153415567847,0.09717238488096192,0.13117215690498102,-0.00032984744665858303,-0.04186350445161073,-0.08996684397011585,0.0005600152254965768,0.0736076485901788,-0.15188588530220273,0.0027306936929921855,0.01244573931752396,0.0032864815623904822,-0.16960047966660857,0.6247585398050146,-0.26177720983228286,-0.22335866269662666,-0.6457145366518077,0.05837222171572902,0.03690391315217716,-0.046852050706121307,-0.12325483044547167,-0.03699084350553771,-0.1013337768314548,-0.0863958135937776,-0.06072227228968619,-0.004439007883045516,-0.0019610670365810237,0.05667768086474834,-0.03602998648784812,-0.07409680962120954,0.04584440877671076,0.0601500594317281,-0.18868343218145137,-0.10850973516822442,0.03730472297074969,0.044786857130657914,0.027502964160901196,-0.09985592226581334,-0.09426068510533865,0.005654597255701782,0.1273967422402319,-0.03017936941777635,-0.1571563289966744,-0.03215259750587814,-0.0695867203904352,0.00330781714478781,-0.11596397341437134,0.20743879256640424,-0.1015093005041546,-0.06375988650927968,0.051345139629412964,-0.06906604607959096,0.14441029247502407,-0.16690326545423537,0.10989857674435322,-0.08189777333369953,-0.044248622081784976
total_kcal,0.5428382850449698,0.054314275876879606,0.13373971170283627,0.471979737844367,0.008312256380928586,0.5912821649083524,0.5007966921742689,1.0,-0.09281298686096064,0.10050749626644445,-0.0446637248782039,-0.00011610696133651678,0.3036082477887679,0.08015712825094366,0.2998176802509826,-0.5429665110111452,-0.09696247821324402,0.08972327230901986,0.09229143220262698,0.052634723799420524,0.056521380190848854,0.017585484559782337,-0.028482221733156114,-0.06125897120387801,-0.011586258656120204,0.10870926514802036,-0.07747223270643787,-0.009038991754975826,0.03398708747179327,-0.10658358456157722,0.12212658051090552,-0.07598564833322377,0.09507741089470646,0.131280146037776,0.08707835206253338,-0.08384219565268486,-0.05345823994142301,-0.015610784874123904,0.18721261401364667,0.18197632648961976,0.09292234353271192,-0.02040715678751632,0.018632622565509342,0.07346686645442445,-0.0401191034670299,0.09092979990231213,-0.010791678801843998,0.024577468038086723,0.07723211171004804,0.05141166942666881,0.09844549359155243,0.04735443586660748,0.10266136499792625,0.04365353028735257,0.09324080868333638,0.017146340231193553,-0.023213647493036414,0.0013780861234392648,0.04015699596220682,-0.045198008508826756,-0.06890402098548636,0.049142211058395585,0.06271817661935118,-0.0985001163286565,0.25332026732506324,-0.1774650360924399,-0.03099067066207516,-0.2562142354587358,0.007467253185020531,0.07243025170140509,0.06344484192689609,-0.026634195607690467,-0.05235802062708527,-0.08888482038204351,-0.07985387573527712,-0.11741210565403268,-0.030304533497873685,-0.025059758704042184,-0.036436616262821804,0.026076458300852468,0.0007453774852405648,0.010671461684895068,0.020938068509098715,-0.1249639034192309,-0.09770648898260129,-0.032762896568644964,-0.10316338083860725,-0.02555838540100362,-0.042197706958988904,-0.048471218655929495,-0.013473761119887694,-0.043855207853785126,-0.048696345803833904,-0.12220452171209327,-0.026896463730401502,-0.013817803489025896,0.008166397865012916,-0.09900828985758603,0.00016272852483560773,-0.1046242532938564,-0.03863812821851416,-0.007266402138924257,-0.05390951612927593,0.10494552902814797,-0.023197584875010654,0.11315516804648965,0.01072651495884216,-0.0090770038477353
sleep_light_hrs,-0.15965318173581644,0.06157423505820949,-0.11366625077073597,-0.25832025836266104,0.012004647931159533,-0.09636095417985234,-0.24656230494615564,-0.09281298686096064,1.0,0.008456963534612713,0.13558404464571505,0.029585724243253193,-0.06783891021407162,0.03959581886629723,0.060845032933585126,-0.053111775447528174,0.16677841924349207,0.11093778654582541,0.06925712961570003,-0.028699998861995805,0.10386277886396383,-0.0541519657691942,-0.05493956306509462,0.12148740468764073,-0.07738210355501741,0.03266831667949202,-0.0134319171234396,0.14115550491839174,0.0642215866301724,-0.01663027491042804,-0.04507254435994589,0.07389355564664538,-0.0574918818478277,-0.019905808315531015,0.030775577639491885,0.07708527419145488,0.022127558333071475,0.03480086449217294,-0.02004917929767534,-0.011297658403001863,0.005796308717219171,-0.008346895564082078,-0.035536593923320176,-0.002140907195562047,-0.03685441730257982,0.054350942775237845,0.02094715214566563,0.0665594088306528,-0.04196459656919574,0.1243374350757247,0.03187929066894836,-0.022505737781060034,-0.03978677264714683,-0.08807562520362351,-0.005208341368912838,0.04876445202887338,0.04414168856557526,0.02587878913644588,0.01108290026177771,0.08657204205045604,-0.03272014792358345,0.008058172621175086,-1.2581440037576364e-05,0.08114043460377131,-0.13797411133833254,0.06407407116621036,0.020393487426707185,0.14284885351212398,-0.19876478209553589,0.03350228145325679,0.08467078169124659,-0.028417898195722362,-0.034870930384238163,-0.0429775242193917,-0.0026898988956537704,-0.034449834200745044,-0.0853704231867264,-0.039599996197823964,-0.023753973611971606,0.05271871139858079,0.0730500852584119,-0.05311965444941188,-0.039659608324113214,0.005805857513400054,0.00031755755610900015,-0.019367413879794418,-0.10637125462771943,-0.005016510262419943,0.018405726528848358,0.008425154027476789,0.005232289251558849,-0.06277430568545837,-0.06111910980804028,-0.012665525290248615,-0.006194008250048244,0.007271854238890552,-0.008021856479545552,-0.021233952646874877,-0.03750001171594375,-0.00027999797910259114,-0.05542700986971886,0.022125419813556833,0.04102545769056159,0.019517944590859395,0.06614329528677898,-0.00850170768484842,0.01038496404268635,0.05953664585090936
sleep_deep_hrs,0.15485164015741168,0.03326847670977602,0.04301880442189695,0.14581066378526336,-0.028818170385319735,0.12386444863431922,0.09778990873104867,0.10050749626644445,0.008456963534612713,1.0,-0.029999674913580465,-0.011859961121314138,0.05691676248064354,-0.03074847554686408,-0.004920150042743527,-0.10340546074493315,-0.06639390716893481,0.008366944614072043,0.06721681345926597,-0.14224975121948594,0.030750751679591615,-0.054751681398035885,-0.033179242886881795,-0.06959920946933643,0.056423845863361334,0.06764078210940486,-0.07273662312875281,0.027814560529682734,-0.00306118353867571,-0.08013183524636998,0.027962639736775728,-0.033748895415943996,-0.010467418241854811,0.059223978288525936,0.024717091874842407,-0.0400012503974198,-0.04275712670478486,0.011420437524922965,0.03543259979969857,0.027938389598377054,0.02110669482296997,0.07484525036701542,-0.016803475129704874,-0.05926438892074306,-0.08214089935462039,0.006129893531785031,-0.09813003356613394,0.02206835640129727,-0.017771715262764665,0.09177016456207078,0.10526826834072513,-0.01432095271577715,-0.04314941792157974,-0.014840180557667174,0.0042310582465680995,-0.02074230123247757,0.0489688510514054,0.04290125091114248,0.065943459970299,0.030713679219380854,-0.004748020617172873,0.025557394060991452,0.12275819652535827,-0.024353518942484893,0.06539310351459623,-0.06663294913324813,-0.054752066242199304,0.015305018012785816,0.10814670471273564,0.052002920075414294,0.09623164015162694,-0.07602810548721316,-0.012280214980268198,-0.0026916181373380353,0.0016527271741966596,0.0036627189219389724,0.023320793843352082,0.021434930933214164,-0.04594083658799037,0.022969861609847875,0.016844908427587433,0.0376359476719537,-0.01704133840473287,-0.006447284314789028,-0.045269329794759464,-0.010238350171595812,-0.03659121390638106,-0.024511580444278914,0.005246939089944706,0.024210659936842037,-0.00551708919386147,0.07316251878502861,0.04600108707668844,-0.048164364782694036,0.030041501094889147,-0.02269769103328181,0.009690907012373285,-0.0033657161513575675,0.0027470955262553615,-0.030899836752996235,-0.13705272060961177,-0.01787618670507221,0.125132082231553,0.018859763982276716,-0.05800697771135782,-0.009882144352359595,0.019935572386014507,0.05771424241915279
sleep_rem_hrs,-0.2016787632610898,-0.1535278340999687,-0.1381872237567582,-0.2200388198584372,-0.13100908092757027,-0.021522733093187016,-0.20382490325603633,-0.0446637248782039,0.13558404464571505,-0.029999674913580465,1.0,-0.008185972566269035,-0.05093051412628068,0.00874858792653463,0.19929062478812934,-0.1402693053169914,0.06386765931956906,0.030817533893274792,0.11760619612257477,0.08520273991452144,-0.035899170744938064,0.02977262676554581,0.06838984701612924,0.15677483113603066,-0.03473955127443015,-0.06882781424063829,0.07006625161539129,0.02791749010196949,0.004084097461125818,-0.027715493218534365,0.08292168047256093,-0.06348270827044063,0.13470485543158126,-0.02009685809181921,0.24967946437259542,0.003719622243684838,0.15450197528480503,0.005966694750453576,0.1869145706014207,0.028284096146857007,0.04902494801716097,-0.017163313507104924,0.044911619846373985,-0.03481779623449872,0.031085677597869836,0.0866709121526882,0.04474158320469763,0.029443244353860656,0.04486381964039194,0.007443355295224604,0.023184288801913523,0.01694004251708564,0.045254616483719076,0.07716830319535531,0.05892610074372079,0.12366492116215679,0.06509793262495446,-0.05895643931881823,-0.012985033721629987,-0.01115801389508735,-0.06659905926352713,-0.006350025207929202,-0.07268801381011239,0.021699482764367877,-0.14179679407597529,0.0922836672210262,0.023262533329723282,0.11329768263366137,-0.06105652132812837,0.17690246685851826,0.15064550882238625,0.19229864797723867,0.02765315767992632,-0.05556585583403374,-0.02773779025867544,-0.05416875948624473,-0.07557938576572151,-0.031080973696387865,-0.03828597238334159,0.007828430142250802,0.019983673684961234,-0.028128452622505306,-0.008651677581816406,-0.031352363973652764,-0.02982660952758631,-0.026785711546949247,-0.14318454852183085,-0.10378436598319758,0.08019236547755082,0.018377614625979807,-0.012651957220326328,-0.09363256644384499,0.030138295549904787,0.003615233470632095,0.0015693132367644023,0.03928016081531412,0.007043161036590421,-0.02154473465810473,-0.22795948107609848,0.02703504147517867,0.10172361272837313,-0.012979921424384517,-0.061080195266847756,-0.046444124681232615,0.03213056213678985,0.022470019750015748,0.026165568332701655,-0.005511728653797965
sleep_awake_hrs,0.015296293687392272,0.13485157015592003,0.12116175258757104,-0.033763955201259604,0.10818414495293109,-0.04505967266029988,-0.041048123625260544,-0.00011610696133651678,0.029585724243253193,-0.011859961121314138,-0.008185972566269035,1.0,0.0727891590332169,0.08869976159303414,-0.06282180017627509,0.04405689310807609,-0.055155282338951124,0.07570164050335483,0.04568211298353468,-0.20239692658504804,0.1346064959405075,0.16475566937031702,-0.003925693267026632,-0.04569993885989998,0.18632892344319668,0.052276968912337865,-0.05855896714117344,-0.05272447469339888,0.007907416656459283,0.1420124776150245,-0.013330704650556925,0.12167556622612442,-0.13735224050796416,0.1358281797356082,-0.13260162974067105,0.032511172891977906,-0.05951176690776838,-0.08662299820189397,-0.12200553224751957,0.126935101651937,0.09111991495327412,0.05994590656210728,0.01468350453916858,0.12489195170693349,0.10063801907443111,0.010732206665539598,0.09878758797327333,0.09053298916087309,0.08680035074068344,-0.06184493733411582,0.053767793487024235,0.08000986717180408,0.0901704615643031,0.03739453958057602,0.07238513860038077,0.0917975163879359,-0.0354270484914365,-0.026125831640065357,-0.044868918499115576,-0.020330678082475576,-0.024927177929814085,-0.04004873427370798,0.0015777462909150636,-0.017512810832769413,0.021781259729254262,0.1018745875431387,0.10965113283779265,0.06513185315358429,0.16908505923197475,-0.07411167032054661,-0.10352702291637968,-0.038595102230610426,0.04584021081741973,0.12704080077814156,0.10492366122745209,0.11964025031525831,0.0019498845077269675,0.0836686483133717,0.048633403392686694,0.035644130679526986,0.021407914260169667,0.008862535689733653,0.04093773266963004,0.09312792487256064,0.09897005854244094,0.050105947839873884,0.12313798133883679,0.0589380099879561,0.010113998471829125,0.026147248981829685,0.01717529474661221,0.08009029077268771,0.051457858569385666,0.08692042294896195,0.07591958468755428,0.049804205373595756,0.0001815837826981887,0.06588995492014076,0.15196028510452858,0.023734929134100916,0.031925623718923046,0.025619987298407653,-0.030202225498917185,-0.007904173142617762,-0.042059906634222335,-0.09056808496925287,-0.024896537757083045,-0.05596635115874865
act_generic_hrs,0.3836780930113231,0.16734460823434788,0.13103738951535565,0.3080590124886628,0.15752030890431165,0.24727400248820125,0.3435885004923723,0.3036082477887679,-0.06783891021407162,0.05691676248064354,-0.05093051412628068,0.0727891590332169,1.0,0.12100379570778279,0.043101836726397384,-0.238860690286301,-0.1899501471257627,0.1488049819189021,0.07469636474263253,-0.14010913806603098,0.15086548122971127,0.06787993720792344,-0.08887818066638135,-0.10985251746999447,0.16926649634113194,0.1477707495147449,-0.11965193408805232,-0.06921281580129193,-0.04340436591289079,0.05598796588271388,0.15737974623821263,0.0711732900925937,-0.139942604604744,0.191333175292708,-0.07532128521835975,-0.03688890009348366,-0.08302649224888843,-0.13311524903558225,-0.050639459280676834,0.19608756423460183,0.10679095381583639,0.05756401688660012,-0.00036201865746574567,0.17996118280831563,0.03681327056882736,0.003959294884230642,-0.009778875240708204,0.09330695405029164,0.03499939977245159,-0.1329724337507125,0.06787891213252588,0.13021663180136483,0.11199382093135538,0.09119287619846579,0.0036985996970097606,0.098828479327987,-0.13252920506350097,-0.031735029519899524,-0.01103566851080789,-0.09805050592750275,-0.05446709717387851,-0.06964123493249727,-0.028011671777006242,-0.15221278152823206,0.3137077425022967,-0.08901170046463812,-0.05280623080715258,-0.19053172821741363,0.0954077840912734,-0.015349703141235444,-0.010106243598306778,-0.09177850963295613,0.0056109100575031145,-0.0291396222748683,-0.0031127831930148316,0.012504085264167224,-0.04203006681734499,0.023770683125935152,0.06351299039439574,0.02305136195222111,-0.016239071070571254,0.02763351867840627,0.04945945057786455,-0.031853599455243374,0.014341994503602035,0.056723609559756874,0.026487155208044247,0.07104492660613347,-0.048126140544922785,-0.0237103612377619,0.0006892786405814686,0.07281238428700432,-0.04298118955088868,-0.007284795399343043,-0.009101276151754751,0.009904129982852694,0.009886572336650037,-0.023346684137991226,0.19769435225140125,-0.041490227231499206,-0.030028949377599267,0.08171140045016062,-0.015201730161871055,0.05408875680991418,-0.15626889606778702,-0.016115481005282987,-0.061792770806348755,-0.0407832670262689
act_running_hrs,0.034106572588317875,0.12434348185192735,0.08110004554648727,0.014176444600032232,0.08108364901509725,0.0896432570785788,0.03764026687323594,0.08015712825094366,0.03959581886629723,-0.03074847554686408,0.00874858792653463,0.08869976159303414,0.12100379570778279,1.0,0.008889731643014978,-0.07112637511458549,-0.0017986686628434511,0.16723146237714198,0.053855515674702245,-0.0684702770618885,0.04452990656107942,0.1784899438120469,-0.0362942629773671,0.00901435441510181,0.06696250107734596,0.07178318119577748,-0.04328119569864762,-0.06415507574473919,0.0313660443477701,0.13922221634592757,0.08923487047705296,0.07893898137220996,-0.10686271371361053,0.15983888574791674,-0.05816346853201786,0.03796437261753516,-0.08682642513148572,-0.09481636826874178,-0.08297206723623197,0.1097756882292165,0.13471347610405185,0.02846913827068768,0.0057731042606152996,0.12858274938547928,0.11771596044786026,0.1033648420581163,0.04816987192308985,0.03383318547734767,0.15953902958034089,-0.06989878811275883,0.033579221478562744,0.0764212975432909,0.08939520492515418,0.04040383664753845,-0.013370978707993529,0.11312679634540533,-0.09018780141444889,-0.048273281008777556,-0.09529188895994713,-0.04216535289293115,-0.010372772529830708,-0.04052044313320053,-0.026472247999792184,-0.019477269223106854,-0.009883700563731519,0.0496875331508686,0.11883071834576857,0.014954144275475515,0.07245890943756135,-0.07752472294645098,-0.08257624842951021,-0.019921257423291486,-0.005727543807633208,0.02361750325010742,0.07162243233303596,-0.012033648739697055,-0.04011063279889551,-0.0068670434080645845,0.042194566626064876,-0.02875393055829288,-0.00919967493407181,-0.06370877327619644,-0.0007915911446029714,0.006067033180601661,0.00046763966345753647,-0.020634512599511462,0.05868090576026014,0.037312040325978874,-0.023826650356045604,-0.018299541451107054,-0.0013474318635269354,0.029230085485133412,-0.07033402722059781,0.005333048552096529,-5.8680901098858976e-06,0.050574106110591925,0.013989483792061436,-0.01176361703723116,0.12896949091109744,-0.03140115406423294,0.171891769547876,0.001092043354466369,-0.2523686619168068,0.08247212894610702,0.016467478900246017,-0.004254987637100757,-0.03385617884088365,-0.05207626004421315
act_walking_hrs,0.1504494954496919,-0.18289069461220644,-0.03708343263048749,0.00022413418231115445,-0.08125755632164465,0.39173441075462606,0.0559935529810921,0.2998176802509826,0.060845032933585126,-0.004920150042743527,0.19929062478812934,-0.06282180017627509,0.043101836726397384,0.008889731643014978,1.0,-0.6026776119007273,0.2198434181418075,0.1063782177282334,0.17088323589873977,0.16206579421909054,-0.00322379081105427,0.06011418433293599,0.06307034224975357,0.21795351608764482,-0.2146839292282878,-0.061651908201623994,0.044963461851763385,0.011088536646631673,-0.09305956363735259,-0.05782989069793138,0.06960093170820036,-0.18510754269237878,0.3367159451105566,-0.09536257409375437,0.14166241203171354,0.041805549936220064,0.0030414055139611645,0.0020604794958271905,0.31163283636832373,0.09924511265264559,0.08234539989756444,-0.042408697580664734,0.025443147375299683,0.011993745522761438,-0.2139320779882674,0.15344210955620463,-0.12125572574734837,0.08026414360189388,-0.018007599214888818,-0.14972033767370893,-0.02949603289603027,-0.14984654496112587,0.0483466974934996,0.12342853215069235,-0.028472126763893442,0.1547334305589518,-0.05336644968830066,-0.09448310242470727,-0.05836551686705902,-0.142158644370157,-0.008010375498553428,0.006407686773648861,-0.001558280631616571,-0.10791313173476358,-0.20150775469050813,0.04687591777770517,0.13443336131041478,0.03698382873807255,-0.14406723756615353,0.20037751936631681,0.16800682548811485,0.21473597036449263,0.022001966333468532,-0.19342139121702662,-0.13389887255434846,-0.1359085703617961,-0.039792981855979494,-0.06327941594216976,-0.0822079459784323,0.04438182168285433,0.04825024064711116,0.0017384483114062188,0.06993494858280537,-0.09722952095852173,-0.051534926280462155,0.032735340981428836,-0.1518674316334325,-0.13004613375420276,0.10109322505065226,-0.02863380906270523,-0.007171807150981987,-0.2179825185347119,0.024097327650355854,0.05218552799550778,-0.007542473826322742,0.03337637576775211,0.02708791836874846,0.00023857097190806357,-0.20452320159533716,-0.06870071432435564,0.15938512877683791,-0.06673703298681365,-0.13735029197636914,-0.03263647582734634,0.016131701624734318,0.054528307967676666,0.04883389255179719,-0.07995141677425
act_sedentary_hrs,-0.4765274714859481,0.04702790675188577,0.020891660265640967,-0.3228224873187582,0.08643281891973885,-0.6160477702940806,-0.3722741522773411,-0.5429665110111452,-0.053111775447528174,-0.10340546074493315,-0.1402693053169914,0.04405689310807609,-0.238860690286301,-0.07112637511458549,-0.6026776119007273,1.0,0.028789872636242116,-0.14300062569090038,-0.222770872639136,-0.0036546471539693546,-0.03406307163069208,-0.02962503988790192,0.014843523463575765,-0.08685971900045038,0.07120515198433551,-0.06074501071187025,0.11972950179085701,-0.027585436409840274,-0.05856973804205615,0.18495056434807824,-0.21743238868212791,0.15678643945543105,-0.2197029295574885,-0.10121118326745426,-0.2462673375904076,0.13558779641960333,0.03323330677571516,0.015091762615312006,-0.33813836804577074,-0.16255272750868704,-0.1622130511067041,0.022567118978360435,0.0636038348046613,-0.07660288669241558,0.15982317747479804,-0.139247121092224,0.08530368238734001,-0.04044666264336678,0.021189580020147255,-0.016587031395200475,-0.14242013270666914,-0.03905592201042977,-0.05387462916496506,-0.06596742378173596,-0.0450199121536612,-0.11827213162035496,0.061466981902617325,0.08632529849355941,-0.02108821996572436,0.06905484287531338,0.0957803985653337,-0.01927639405961072,-0.040486302175579386,0.15188321574508964,-0.20936810129624514,0.2521907409892312,0.03143725164702956,0.17823960238800374,0.012636451589799385,-0.19571201072539907,-0.14964052342778952,-0.1358740402969537,0.060171371155703805,0.1735183833248462,0.08486402994414667,0.12964774384168215,0.02288472369689481,0.037127107400969354,0.09408437538792676,-0.08754366314810334,0.0008658491108742748,0.04040304999258144,0.002603291695027467,0.1317456595989374,0.16734496505008747,0.021363354195994496,0.24585375254606898,0.09668145770225232,-0.014692400135143986,0.036452296734404505,0.0093398677016467,0.16749503331685411,-0.04309509064348206,0.12994231513058585,-0.00018848364498340398,0.03223999210129777,-0.04996565856964252,0.12762649734557413,0.18133344046722982,0.07032666295250146,0.162185856999954,0.05492031608769659,0.06924679679957747,-0.2550750534950541,0.0456094821283344,-0.11744078204410636,-0.015898690577122912,0.014283155617813173
A/G Ratio_value,-0.20791727165961274,0.07743162795893829,-0.025313310740323718,-0.19478535435635233,0.003069915301139764,-0.06416239247574504,-0.2868746945697885,-0.09696247821324402,0.16677841924349207,-0.06639390716893481,0.06386765931956906,-0.055155282338951124,-0.1899501471257627,-0.0017986686628434511,0.2198434181418075,0.028789872636242116,1.0,0.16412414604895123,0.14813071270709494,0.2158107879998258,-0.18550411937242672,0.1159650385830662,0.14980897408168647,0.404358744847872,-0.19208320713032573,-0.20257644224272614,0.03532839948342916,0.09060806189966338,0.08187775753101399,-0.007328605689473745,-0.5927404835065077,0.046691487141599194,0.01581329359814031,-0.15710780389643517,-0.21091562902416888,0.08467582951508741,-0.3462966750410846,0.06574755103738991,-0.1630349647232276,-0.07485621918510431,-0.03969133779726097,-0.10909189784622711,-0.16304286754884845,-0.11530882518550681,-0.052472780250229285,0.06520437861355655,0.07693306765135909,-0.12656212610608247,-0.05052574994380323,0.16655035789956124,-0.0701397471125934,-0.22896582361804396,-0.18150587332780374,-0.24788625081333931,-0.1376655566033592,-0.02603365092451464,0.05678501740645517,0.06470824264934731,-0.039298322697277316,0.16193012253302866,0.0964082031150969,0.07395386262540417,0.12837449458387157,0.17537657467685555,-0.454858570594228,0.05708356592764601,0.16143427479986985,0.21660607278274113,-0.3600768066586139,-0.07316075445609256,0.0176988522451361,0.16826429719882896,0.04190317423044282,0.03756018690575544,0.13042925176203196,0.09904449908574348,-0.12464836489910182,-0.17152280037929069,0.012022862858433502,0.07711532065863955,0.03556027156222729,-0.0009650452076633134,-0.0001370610007943709,0.10606732191506238,0.01832630111213784,0.12265909312310615,0.06381937052478284,-0.05460673328169413,0.03949131493820773,0.030612326803909906,-0.0012520440953487032,-0.19586524899342417,0.030235546666192017,0.09142610178145956,-0.00788530761998314,0.014288446378204775,-0.024501836258548883,0.011273068381157948,0.011599727266285902,0.05465010232608456,0.13805637734220536,-0.0035058832815733,-0.20065024810070126,0.04996979472667635,0.2938171472379816,0.19779562915041435,0.08245173023649428,0.09385762376237855
ALT (IU/L)_value (IU/L),0.14724847185023454,0.2042007331492507,0.11002067013525267,0.0733784857180055,0.11825931599732145,0.07757510256170713,0.04919787159058213,0.08972327230901986,0.11093778654582541,0.008366944614072043,0.030817533893274792,0.07570164050335483,0.1488049819189021,0.16723146237714198,0.1063782177282334,-0.14300062569090038,0.16412414604895123,1.0,0.3085922717176405,-0.13217377489917953,0.08215800162479214,0.09906983483106058,-0.12415966672774856,0.11642469400947579,0.16482016352611628,0.05447043865038539,-0.08410023085263443,-0.019314160356425605,0.10185225762724502,0.07140919969174703,-0.04277189147041502,0.19615686189924678,-0.2864992710102761,0.19717012569756523,-0.13984437059472263,0.05428049503469355,-0.1932816565771252,-0.010925361938727507,-0.2058811841265176,0.18129837454096237,0.11573367375500514,0.1272777509183266,-0.0841614514984345,0.24233950439141813,0.02536410758487322,0.08215325749975057,-0.015850494873803085,0.06474771096809927,-0.008903886394787442,-0.07670917672197129,0.032813411824293294,0.07735835562511514,0.008592570986085983,-0.09434009338066807,-0.1125098000127088,0.10631270603728069,-0.13745989875664202,0.05850761253823118,-0.01224090830455665,-0.07490912798788917,-0.048944592241082364,-0.008363321973141317,0.05664128876639718,0.027148645747791997,0.09136906624062531,0.016221178436746638,-0.01327708631940274,-0.021309428699083942,-0.11573481924641937,-0.009141984442628924,-0.0338003263544753,-0.059581888545992515,-0.04924666183102349,-0.0657165123487457,0.06533524971425164,-0.008214975543424903,-0.14030404552412584,-0.06797356015195952,-0.03395512260997226,0.02959161647029266,0.09047235001034515,-0.04583260122047357,-0.0396822698919538,0.050125214183276125,0.11372162491273631,0.14765551875846694,0.06761902263118619,0.01642140369940615,-0.019893070383451734,-0.019839846976865503,0.02121645450262211,0.009688761318448012,-0.13454400879593825,0.16701027585898373,-0.06155400945896171,0.02221833038347451,-0.01126249442912042,-0.02955472367605775,0.14664302720876302,0.05449405386536906,0.019791525690842086,0.005839063609581233,-0.05014200873773277,0.032809642910286464,0.00784232997042433,0.0904452015668036,-0.008619063608000613,-0.047184711383726326
AST (IU/L)_value (IU/L),0.10325788134331591,0.005911188933820098,0.030713344919235615,0.08025746634459925,-0.06596268360927211,0.11185417655588369,0.009282945822626152,0.09229143220262698,0.06925712961570003,0.06721681345926597,0.11760619612257477,0.04568211298353468,0.07469636474263253,0.053855515674702245,0.17088323589873977,-0.222770872639136,0.14813071270709494,0.3085922717176405,1.0,-0.11310130963914469,0.10753530392423412,0.0494787179723857,-0.039342037148462204,0.10186405561636121,0.14830636261690813,0.01959964155737168,0.05498110244454832,-0.00924031079695028,0.012466402682737129,-0.08364246221028211,-0.09158078992164019,0.06337128533114769,-0.02299602228355566,0.14486612798505,0.10275213252706279,0.029010478094706516,-0.042256392873992875,0.02276918084733906,0.10078956505177483,0.1769982222410606,0.11403839291732511,0.07397148058628604,-0.05450568173684603,0.04655935073439684,-0.04372587684398718,0.07324426821765208,-0.0188016824375411,0.0029976547837173855,-0.008936444337156364,0.04806285513346778,0.12449136405109235,0.05402929547747412,0.003151345066590011,-0.04298398138723259,-0.02219460654228338,0.0689682133020224,-0.032408803807160706,0.08916912639708598,0.06642602057822047,-0.013541507303109072,-0.07793376155897372,0.015142556881256973,0.1348492684107538,-0.01172959206273366,0.08969785255214449,-0.06616077807424094,-0.03911787679433766,-0.013940238973110343,-0.00918940079402147,0.12144923264241285,0.05857403651130583,0.09661928392544603,0.002022393935844512,-0.0022235616880289443,0.07577873710106468,0.07434903977674102,-0.0948829775263292,-0.02410991018543731,-0.06610203714410688,0.16284470345521407,0.06971094507786052,0.07348792248904686,0.016697280116192544,0.034660638144299906,0.016945638579084314,0.11995853495064022,-0.040889937292686765,-0.06219229926821789,0.06249770297935979,0.024772296833493114,-0.004330699374384435,0.04462494919404716,0.04531616338852176,0.08222244115290399,0.03498000114905662,-0.004991862833857067,0.005427532896264609,-0.037400808152247986,-0.03757583984011571,0.14399017749469667,0.00410633705120164,-0.0025299906708126717,0.050787721907379235,-0.05442552994072021,-0.009228840669649149,0.10463758949494971,0.052423886320293406,0.01668938385335534
Albumin (g/dL)_value (g/dL),-0.10517680214291002,-0.12768219478835016,-0.11041490051393775,0.06891677209996165,-0.10170555530770169,0.12325949922728074,0.1111544853428703,0.052634723799420524,-0.028699998861995805,-0.14224975121948594,0.08520273991452144,-0.20239692658504804,-0.14010913806603098,-0.0684702770618885,0.16206579421909054,-0.0036546471539693546,0.2158107879998258,-0.13217377489917953,-0.11310130963914469,1.0,-0.16903152947365271,-0.24743934174907886,0.10247368659845517,0.2133275238363795,-0.23841601335214305,-0.12356476977044209,0.3570929532774686,0.08540856314580753,0.07915840189774084,-0.24924948113900483,0.006037146765268764,-0.023163648321967743,0.3632117785123744,-0.17216019564255006,0.3357135241118524,-0.1354247739640336,0.5101327411079196,0.06942063561334087,0.349949996663811,0.007926827175869114,-0.12094215549787134,-0.16729469685415668,0.08050117155225814,-0.10783893391265531,0.0054839843801683845,0.11790548893978704,0.13327675287916643,-0.06711592787041061,0.0050030982295969795,0.17364266092705027,-0.0650868315394009,-0.25045454283556584,0.06668820607588608,-0.056292551873319344,0.07648886040262863,-0.004617649528563967,0.09409523289047927,-0.050941475600844756,0.02581957572934797,-0.018925957848093897,0.05722096937195787,0.0927999445183496,-0.11273792549018781,0.007740292234002303,-0.17934468945056664,0.031748550503271196,-0.08705369966804168,-0.08880133805717788,-0.376606462378436,0.02242934611296128,0.15759941420391338,0.14602630141597756,-0.1212962694035165,-0.21288051117308723,-0.2177206440753793,-0.30183181831528916,-0.029309327554786706,-0.17402026397935944,-0.05364501699991373,-0.11399312491239916,-0.06092314137307681,-0.018084937102103894,0.007679991437997469,-0.19749412509980135,-0.1673687428692014,-0.09010740152567041,-0.07742029971947535,-0.18808128790774079,-0.010827857988420635,-0.09187443505474799,-0.02842167426763081,-0.1604303451026256,-0.07139659589068423,-0.1810290410019612,-0.08776107600901475,-0.07160659305659123,-0.013928791679274148,-0.15716926282375565,-0.24235707876370546,-0.05680053507044699,0.03873437703232135,-0.07663251682850211,-0.06503398937702891,0.02450484548894918,0.2604397983172992,0.2644780120157533,0.060217776353142155,0.06208388118508255
Alkaline Phosphatase (IU/L)_value (IU/L),0.14572713209571472,0.22364959503750717,0.08135878390341846,0.05758278739385485,0.22215805387200654,0.02879881542012751,0.08414628306406348,0.056521380190848854,0.10386277886396383,0.030750751679591615,-0.035899170744938064,0.1346064959405075,0.15086548122971127,0.04452990656107942,-0.00322379081105427,-0.03406307163069208,-0.18550411937242672,0.08215800162479214,0.10753530392423412,-0.16903152947365271,1.0,-0.047944100247934315,-0.1277401678868919,-0.13697760483541443,0.10377180663150419,0.1404501154220429,0.009687864099256016,0.07693671115981027,-0.13662569116559772,0.09076550181821205,0.120990326921786,0.1879673544144534,-0.12354866050264446,0.10385089328847695,-0.07950405992694147,0.012661734643274214,0.06379831699677845,-0.1378920060550085,-0.013131219337720221,0.1722461885384068,0.0582185365440629,0.07188292692112078,0.034979630834722594,0.07241244156305492,0.02377981306812276,0.007543340346604246,0.08945449306062492,0.16294369512218754,-0.02928497289464369,-0.046556198129468825,0.07288820729259966,0.10739865009117641,0.1020264380919211,0.06387923176386685,0.025336155668970215,0.06972899901283772,-0.07498249871167603,0.03642572830922393,0.011642216944073516,-0.07156761296762496,-0.046116017781882415,-0.10229002768057041,-0.021849884360746297,-0.11126640043324128,0.10214794018598258,0.04914161455535015,-0.0023515108448940066,0.02248636259276773,0.07880150005557815,-0.1002322287941159,0.06111333212255465,-0.1787399672302715,0.0036388439512071106,0.04217494790078996,-0.040901426713318555,0.07216759494628223,-0.055538307010677225,0.055154355722514606,0.07064380941912841,0.11184855287680938,0.05449296491688832,0.14216580601213724,0.07401131107922691,0.006973018399887779,0.05928438620798131,0.10003627887194079,0.06559080764339581,0.068512436895699,-0.0035964519226732218,0.031386623392464244,0.0040423571271379745,0.10145954273150962,-0.015406686056203281,0.020136934317589082,0.05396993144010841,-0.003349414513263635,0.010338679856902833,0.021321343682340243,0.22049315235854583,-0.007199819970274045,-0.09737706999505057,0.11941737313250876,0.14660027806258968,-0.041956720878069016,-0.1363051759801757,-0.11753549127519763,-0.09792975404892149,-0.030296483549011995
BUN (mg/dL)_value (mg/dL),0.02246229397253873,0.1174621638468757,0.26073432268834734,-0.06516622275999473,0.09405318970183935,-0.014019974298445466,-0.11390752150328902,0.017585484559782337,-0.0541519657691942,-0.054751681398035885,0.02977262676554581,0.16475566937031702,0.06787993720792344,0.1784899438120469,0.06011418433293599,-0.02962503988790192,0.1159650385830662,0.09906983483106058,0.0494787179723857,-0.24743934174907886,-0.047944100247934315,1.0,0.2528159482268387,0.10607148286405585,0.17431813604606364,-0.048352734389898476,-0.17691868624332927,-0.320098459209366,0.029863815013327796,0.4288820543673074,-0.23184239710162793,0.1144627877589501,-0.0691843979763769,0.09914024155741444,-0.18386646498128145,0.19685393825850075,-0.3131465708406456,-0.08219621643863179,-0.1334382083426804,0.037061066006859426,0.1583052116420139,-0.057142510826112644,-0.04966466059058835,0.18938200361782506,0.07213225706424219,0.047878407204784396,0.07456209131078978,0.05370506895134447,0.1784684323073442,-0.21268045298693655,0.05602059775256309,-0.006204432299406349,0.0578797667427905,0.08975736224325544,0.00338767401528535,0.11158694603727337,-0.1458868349533851,-0.11555118377983943,-0.15314186590467185,-0.06678861845719987,0.03711783249656791,-0.11282982664575252,-0.05552646840432575,-0.04183336023476704,-0.1309035382940472,0.23499296513080695,0.24887056490236814,0.18064769956040053,0.1802025738542816,0.00726570553021756,-0.3257086985668927,0.1375796907218093,0.16697278256432688,0.17346917360317435,0.3418093477047983,0.297753198624693,0.08323335224332963,0.07463007358904652,0.10002881070303282,0.06784977964531626,0.04392607864208629,-0.06864272684779697,0.07747971180784208,0.28051632198207216,0.14409140447240876,0.1351554580523543,0.1699125024798418,0.1758698666819159,0.04644261138814429,0.0999058557215444,0.03626570311404317,-0.12089505380172087,0.08819097316986048,0.19421801801112534,0.052550975057294655,0.10985173769709194,-0.01304873323966566,0.1656384969079219,0.12089521618497064,0.11194684378351681,0.2944474462638591,0.08454698761417387,-0.2828107300309746,-0.03003009633607084,0.03398032446897101,-0.055587780667556104,-0.06968864168519422,-0.1355940666272804
BUN/Creatinine ratio_value,-0.13491497425804708,-0.14569048550029415,-0.11035455001011006,-0.04119153066928703,-0.06935867364644363,0.02823554699398233,-0.15104394100582397,-0.028482221733156114,-0.05493956306509462,-0.033179242886881795,0.06838984701612924,-0.003925693267026632,-0.08887818066638135,-0.0362942629773671,0.06307034224975357,0.014843523463575765,0.14980897408168647,-0.12415966672774856,-0.039342037148462204,0.10247368659845517,-0.1277401678868919,0.2528159482268387,1.0,0.082568036886461,-0.0773306719260901,-0.13960604558777445,0.08371583292450097,-0.07943037834166101,0.03935941147614467,-0.11962719599230076,-0.16952300485106211,-0.04040758656081534,0.3562331575580728,-0.10093475226918709,0.13217405752457015,0.07589126544749868,-0.0053942726934566474,0.07704752439635053,0.1474989343967584,-0.1553298536287209,-0.025150812050123105,-0.21380731137435446,0.10408521475254343,-0.11461628145922798,0.07657441143050585,-0.02492630994240025,0.10798468612037694,-0.02741172457202015,0.06280625473586271,0.0707142138575867,0.1320344456252302,-0.054418181473824545,-0.011843889168041926,-0.026980768532558617,0.16350388132440702,-0.0007348819403825695,0.11689352953951408,-0.058290268458397625,-0.032024188741215,0.007879425053777322,0.03471977386902496,-0.05512429358572845,-0.058384766077133624,0.0699284338376904,-0.10161605446969732,0.18139005004530115,0.009068286131497688,-0.009136999756218648,0.04808355114770794,0.1957174397123796,-0.05729202177096849,0.22573268857352943,0.12433147300456063,0.08974180725660752,0.11928126111080133,0.1377154843491884,0.035671546549173296,-0.017294961154792475,-0.020804872672833548,0.04441567352942165,-0.014067676458830721,0.12374401943154557,0.10477877998280061,0.11502520024556719,-0.023183947091452384,-0.11318874700424114,-0.15363870879033728,-0.05699516881629088,0.09444149457422271,0.07180590759475616,-0.026556410040152516,-0.2012693579523662,0.20921481195648728,0.007770713082298596,0.08474004510759166,0.0031087944676608777,-0.0027891018480121405,0.048316244080341665,-0.15900863407238763,0.0726979544075272,0.06799068669122549,0.042811636582250207,0.006810245087534455,-0.08288245322770517,0.11278386507116248,0.05099770530977406,-0.007624469393157434,0.006486074688592531
Bilirubin Total (mg/dL)_value (mg/dL),-0.16218258391776152,-0.004066976366555668,-0.062199583259525765,-0.17365254386173803,-0.004196679774945485,-0.06660796990080546,-0.19427295012992407,-0.06125897120387801,0.12148740468764073,-0.06959920946933643,0.15677483113603066,-0.04569993885989998,-0.10985251746999447,0.00901435441510181,0.21795351608764482,-0.08685971900045038,0.404358744847872,0.11642469400947579,0.10186405561636121,0.2133275238363795,-0.13697760483541443,0.10607148286405585,0.082568036886461,1.0,-0.11506229760110599,-0.0844530043076324,-0.032506646971212305,0.10553085902529741,0.02205786801604667,0.03541851786942668,-0.13391912688030783,0.051488041484829834,0.05808286957977251,-0.05940700400614858,-0.026159293014973946,0.003900888880222225,0.0014030462396842174,0.00398220793140285,-0.05548301222544012,-0.006436040568756596,0.03141290730956907,-0.07787874991922955,-0.06260603382964064,0.039782087336881565,0.017137994150251187,0.10224426396216683,0.048634726211789756,-0.007933587666321434,-0.01260771483321342,0.08049648712100586,-0.025985266475368377,-0.0956011035638096,-0.05569591371464899,-0.1041854765328581,-0.004992734941783078,0.027635534173816097,0.018892547382577538,-0.03197936545248663,-0.05547629392094285,0.07135521316845282,-0.011050445977080187,0.047237577308370776,0.015234544417328275,0.09872177542696352,-0.20989513069281532,0.07710478908111791,0.13607109334190506,0.16317645833956143,-0.14800461712793722,0.1096122328166675,0.0073567179718513065,0.22858151632741197,0.030772152324639607,-0.08045896912613514,0.08240872630098575,-0.004888770298907309,-0.03475294955718579,-0.11692673191552352,-0.007075964019125484,-0.044997873134968565,-0.022217996237274138,-0.08328427944182523,-0.013268541476463096,0.08142882178339439,-0.030255860345219737,0.01080781179527301,-0.05115688406364563,-0.04145177934140006,0.027848365595091306,0.001510274180879188,0.013060638733285859,-0.19125366031927335,-0.05920982748665275,0.014946909631121592,-0.057048684543773015,-0.010398046796138403,-0.0040025015647913754,-0.01609132884434005,-0.11543143666509703,0.03735086320013049,0.08041249071753843,-0.054213878789489814,-0.1021726660208162,0.019741847899900602,0.21478005974977304,0.1475770418621153,0.06043068197248136,0.05864129460289289
C-Peptide (ng/mL)_value (ng/mL),0.11118331935278238,0.15110118723707833,0.18101309979360458,0.14561945917640107,0.03626848541463336,-0.03228413741040064,0.1095510056148045,-0.011586258656120204,-0.07738210355501741,0.056423845863361334,-0.03473955127443015,0.18632892344319668,0.16926649634113194,0.06696250107734596,-0.2146839292282878,0.07120515198433551,-0.19208320713032573,0.16482016352611628,0.14830636261690813,-0.23841601335214305,0.10377180663150419,0.17431813604606364,-0.0773306719260901,-0.11506229760110599,1.0,0.10075343265768355,-0.028897859759784598,-0.22637251137653824,0.05241696695563003,0.16678995608322406,-0.03353877395906604,0.2414611070364906,-0.36275132360287987,0.3313564443080687,-0.14626530034461144,-0.022171131363567877,-0.14436838060741689,-0.10163896664489515,-0.23054143935348592,0.21936352264937792,0.12001439302644304,0.12068856397614733,-0.007449080781650355,0.16197556199528032,0.14573376886356282,-0.02743344104695003,-0.015620547427502287,0.05316642795167809,0.05464860263976843,-0.12993193467046005,0.048706955736281685,0.19369854886111568,0.052501367119974676,0.08936715279292547,0.0015889146499256288,0.0956678915988793,-0.05867321954050866,0.019984587465802717,0.012930950202729944,-0.054665319926040463,-0.04835122278884217,-0.07674594451732472,0.038720417873104644,-0.028821746345552623,0.26349689990926745,0.036206457633899965,-0.06986643143635021,-0.0022336399438006695,0.20996830170589337,-0.0034899064361779528,-0.07924959827811802,-0.09905714555019693,0.04314045259988577,0.10425721790029081,0.10092294876068945,0.09170452195319603,-0.03219308509201496,0.14252098387726217,0.05377860461230998,-0.04858108267045363,0.07394221722682114,-0.11624189914135308,-0.03426835563534641,0.017596445583770853,0.1128944135006977,0.1973828389211197,0.1999203777905727,0.01968542574190511,-0.05641620810406117,-0.009847455245546753,0.005945300843327869,0.2603119694832639,-0.0031752368828218474,0.08877094343123179,-0.022558612134956812,0.027153781868126902,-0.0037450726793200077,-0.002221871835223677,0.15554143086809397,0.07504323038094404,-0.08458544161505863,0.03740167600826323,0.07112294921990545,0.022971418849094573,-0.1493510091746046,-0.11088872277610276,-0.06858905975991711,-0.11422802385397075
CRP - HS (mg/L)_value (mg/L),0.1261562254471134,0.1436847050722452,0.03647888974752931,0.1027169726638973,0.13117344288570093,0.0667319976361614,0.1497546401349214,0.10870926514802036,0.03266831667949202,0.06764078210940486,-0.06882781424063829,0.052276968912337865,0.1477707495147449,0.07178318119577748,-0.061651908201623994,-0.06074501071187025,-0.20257644224272614,0.05447043865038539,0.01959964155737168,-0.12356476977044209,0.1404501154220429,-0.048352734389898476,-0.13960604558777445,-0.0844530043076324,0.10075343265768355,1.0,-0.0455927713503454,0.0043830806429406306,-0.050344200969916215,0.10234863207767769,0.20063420460105005,0.07279569996026747,-0.10285368700400523,0.12496865958555017,-0.031005183741949795,-0.030405688815921202,0.04317105602796175,-0.08645066830972316,-0.03689562902263948,0.09826234681669888,0.09247803158228853,0.0700192528495534,0.03717815429476439,0.08434542237310429,0.04554553694434768,0.013870071656227018,-0.0020558305565412933,0.06750660565570453,0.043223763888397077,-0.0047084782680647825,0.06836357614877626,0.05691282616480729,0.08215391743935026,0.06565205291847143,-0.0027848809588723656,0.031069136548971154,-0.06953625727953555,0.0036614865708353758,0.00020500366592262625,-0.020229008546642585,-0.027162095985864915,-0.037240236024416076,0.02299062051713542,-0.057115243394884725,0.13738175001165717,-0.04330231232571304,0.02365502696724066,-0.050835864463943545,0.11704242991365102,-0.08161588903981612,-0.0043081423271634466,-0.10119148665177198,-0.028541220095402685,0.010193955138330747,-0.05262686432423711,-0.02834251102982623,-0.006383886250175956,0.0497808597927461,0.024459508141251588,0.0027126253837167985,-0.02986295161098639,0.03136423358169184,-0.005554638757045754,-0.048647087806394346,0.0028027566011534105,-0.01894127099897461,0.03890478962299895,0.07922475061275575,-0.02568252638255256,-0.025555889830022376,0.011364928080224379,0.11917669362009012,-0.05327101259465681,-0.060170066823873956,-0.014314063686119642,-0.010492940045288175,-0.012044525142247822,-0.0037449340983802476,0.12951360196529024,-0.04262993090572466,-0.029703269419639744,-0.006071142681129979,-0.008810191263205747,0.03843078051384017,-0.11511486417207453,-0.03695773964506928,-0.06890715355513316,-0.0023064769074850632
Calcium (mg/dL)_value (mg/dL),-0.18610264952074643,-0.1804924810295147,-0.11988610224684813,-0.06284425590751314,-0.17337994310501553,-0.012515408334642817,-0.08915259496214897,-0.07747223270643787,-0.0134319171234396,-0.07273662312875281,0.07006625161539129,-0.05855896714117344,-0.11965193408805232,-0.04328119569864762,0.044963461851763385,0.11972950179085701,0.03532839948342916,-0.08410023085263443,0.05498110244454832,0.3570929532774686,0.009687864099256016,-0.17691868624332927,0.08371583292450097,-0.032506646971212305,-0.028897859759784598,-0.0455927713503454,1.0,0.12251131245879958,-0.048534221001616175,-0.14187222777808514,-0.0625036976202243,-0.007960135701101769,0.1703491763903305,-0.08547844602168651,0.13868254509174505,-0.030139910123143928,0.2974359384683747,0.1572215856091156,0.17517481582242136,0.02248660171732545,-0.062289876692538236,-0.03836916580983571,0.0909984225949304,-0.051598503184884105,0.09618411612868351,-0.03158302490930244,0.0583732365633538,-0.06662641471595916,0.028170110478320673,0.06188908289348358,-0.01453247677174504,-0.14615522852283588,0.0007883934213613592,0.02433659983556815,0.02274096260238688,0.00045164578364717355,0.07147445895144511,0.04437819309294431,0.08223963649149138,-0.01675837652921354,0.009573956605985036,0.03319432109164592,0.012006728990985498,-0.0011929267597389694,-0.1477559899097733,0.07450002324748706,-0.09047858255971278,-0.022250051468524806,-0.06483326055949898,0.0013775466009119895,0.1268335594493885,0.04717452342610535,-0.0029351105161636126,0.06438988630804554,-0.10330397578642882,-0.08046241851114248,0.009602767419347309,0.030459465142497033,-0.03152017383452314,0.05272784110388411,0.042383887056684194,0.0595900418324166,-0.013682712546848235,-0.09769779469071758,-0.006039430684557626,0.01551669963832619,0.011679650545825666,-0.13793251498912404,0.12704056327152952,-0.016864666772844254,-0.026471853830097803,0.0621440113912517,0.04254832566684151,-0.0071955827264181356,0.058423410594853745,-0.04924873855447213,0.013595989143423482,-0.01835726878019696,-0.16290599464356573,0.0755425681947875,0.05122675240922318,-0.016472296309323432,0.05546922798471191,-0.11913223916429774,0.0032311331401771613,0.0362185076111904,0.04900553036692456,-0.005752751665077313
"Carbon Dioxide, Total (mEq/L)_value (mEq/L)",-0.07713333879558873,-0.0022265481255923604,-0.13498046462031874,-0.08801839751913618,-0.022065780358539868,0.010744471792588426,-0.11155634393727036,-0.009038991754975826,0.14115550491839174,0.027814560529682734,0.02791749010196949,-0.05272447469339888,-0.06921281580129193,-0.06415507574473919,0.011088536646631673,-0.027585436409840274,0.09060806189966338,-0.019314160356425605,-0.00924031079695028,0.08540856314580753,0.07693671115981027,-0.320098459209366,-0.07943037834166101,0.10553085902529741,-0.22637251137653824,0.0043830806429406306,0.12251131245879958,1.0,-0.13633168079673622,-0.21100722167767677,0.039005160582911834,-0.01758352092713077,0.12831283544674796,-0.09132299524680745,-0.003366725897417509,-0.1281787424178397,0.13371431657394597,0.14232327131557726,0.03648426730068002,0.04085156903355078,-0.05462580901269811,0.02460788993903108,0.04030881995500267,-0.00746619847384282,0.10612339910871962,0.01983133375257721,0.14669077258585547,0.013880404445522014,-0.04488774980662036,0.21695992807956446,0.07546859340233872,0.05461986782049081,-0.012940848510638316,-0.19962446834832523,0.10283195838219024,-0.04717812935160106,0.06447138082126562,0.007745857443114783,0.0014107275282752687,0.11466322855518646,-0.10209326800776725,0.06599327892941359,-0.02662658136750292,0.0500569921910913,-0.051169338489035605,-0.1729446752968629,0.0115995158151355,0.08302834636458878,-0.08984355599973194,0.014772479849739017,0.18031657823072259,-0.018735448191470386,-0.10374779608627026,0.0030742436610716873,-0.08479195522939903,-0.16851895398429742,-0.02607583865071406,-0.11788162038812611,-0.07491203524664633,0.011489930255151817,0.017632212027525844,0.08123689589527074,-0.05864861599932192,-0.01074314260496481,-0.10433153354033034,-0.16364672697974658,-0.14518862186695625,-0.06702032665349814,-0.020376469862056084,-0.0037893496391147082,-0.023258295043365424,-0.07783973596900548,-0.10617466645699969,-0.14386126206116995,0.013909674027548277,-0.06423344111206553,0.007906469333590852,-0.06942957524299773,-0.09114513087577042,-0.07248413707985946,-0.2533947184145939,-0.08142811992463664,0.28633185890904994,-0.014072088002042122,0.11466096315495085,0.06305120629484656,0.05397228298038985,0.15454982964003383
Chloride (mEq/L)_value (mEq/L),-0.055168870782497687,-0.03035060079956278,-0.05555476076054045,-0.0107731617314713,-0.17096285681698614,0.11011061757138986,-0.06519572435875888,0.03398708747179327,0.0642215866301724,-0.00306118353867571,0.004084097461125818,0.007907416656459283,-0.04340436591289079,0.0313660443477701,-0.09305956363735259,-0.05856973804205615,0.08187775753101399,0.10185225762724502,0.012466402682737129,0.07915840189774084,-0.13662569116559772,0.029863815013327796,0.03935941147614467,0.02205786801604667,0.05241696695563003,-0.050344200969916215,-0.048534221001616175,-0.13633168079673622,1.0,-0.21836922154554678,-0.15469382228523273,0.019205232481183738,-0.03810666122349439,0.09776596430310601,0.16614640028536853,0.057619977061695034,0.023459625618899915,0.32955287715260007,0.10911437103757864,-0.17788024535143465,-0.00539444071787179,-0.009564812720592644,-0.1130947079514052,0.13474142476000037,0.030702426532231864,0.03673406840803309,-0.03790392169653449,-0.05696495714480277,-0.013487256463686008,0.11360657409481638,0.08259731851335812,-0.050479644584844406,-0.02990694115402114,-0.13403523869146788,0.09292606666634697,-0.002158499521488073,-0.08344633125305395,-0.0004699025578923338,0.035594256869188594,0.05065180938885325,-0.023021391282108165,-0.008996587793801528,0.06281186582806907,0.007527170672143404,0.014561260729597047,-0.002771245091988363,-0.18664763319335081,-0.015781854845313813,-0.196062613528303,-0.11368004445704306,-0.014397323523785862,-0.1867941252342803,-0.10492565154414296,0.016833448962686508,0.08481214309367238,-0.039270813759685025,-0.037920215259477356,-0.01097936726199219,-0.08365542270045992,0.02459905631979253,0.04718024655886457,-0.09767381156258786,-0.0617811260970529,0.02046433215035075,-0.07055700175542333,0.0033700937212384446,-0.05335214543416731,-0.03707310890305842,-0.05676912395064145,0.00669151489156077,-0.01711361807343174,-0.01642035151592599,0.05844624511368572,-0.03755261376300408,-0.034077693623167926,-0.028050105418334994,-0.00297399513900357,-0.1311061867491232,-0.1220658182409014,0.12470206544366078,-0.18789706848189686,-0.0012802391988746733,0.007811559365919137,0.19958405159209605,0.07046112831921887,0.07223244613487904,0.008994953470397497,-0.003548093091996492
Creatinine (mg/dL)_value (md/dL),-0.015382074595267274,0.18629839652376615,0.25808660808883016,-0.0977144452239878,0.30946758759804466,-0.196964271365609,-0.07895497539314901,-0.10658358456157722,-0.01663027491042804,-0.08013183524636998,-0.027715493218534365,0.1420124776150245,0.05598796588271388,0.13922221634592757,-0.05782989069793138,0.18495056434807824,-0.007328605689473745,0.07140919969174703,-0.08364246221028211,-0.24924948113900483,0.09076550181821205,0.4288820543673074,-0.11962719599230076,0.03541851786942668,0.16678995608322406,0.10234863207767769,-0.14187222777808514,-0.21100722167767677,-0.21836922154554678,1.0,-0.009564754258788251,0.14326687548229208,-0.26626257570411654,0.062466927742862714,-0.3296612757924414,0.08046215535024197,-0.18069656588067542,-0.1830796961514305,-0.3389481401567392,0.13084204970460334,0.1269249385556412,0.1011561805707933,-0.10474366308522293,0.22099992044018724,0.06600040879368234,0.017246854223263844,-0.0036440221244287453,0.0601456421806733,0.17422503189062466,-0.30107855211838286,-0.10049756955847804,-0.0045914199169125305,0.04092913193869376,0.1409982903594911,-0.20322870325447726,0.08051319148009221,-0.16544306590971278,-0.07352501643191228,-0.17263262258792897,-0.05462100636511851,0.0350057776141764,-0.1021539126402533,-0.036151010637145584,-0.03541504327881568,-0.04552433304510155,0.20345712799680607,0.3527299486550611,0.08339718158505145,0.22398253394804088,-0.08831443474208867,-0.25752469526785193,0.07306008182486955,0.17463834919381113,0.10946496206344304,0.11370286215804315,0.20202493513923453,0.09430116410473874,0.14115819130392337,0.21456098022071954,0.05373993700619525,-0.029911403339867474,-0.03696511877070333,0.02195567775549208,0.21107725861635634,0.2958940581137527,0.15033027834675403,0.30100891800579027,0.3268296050058073,0.055605836618761895,0.07488664351202301,0.08046192844796576,0.09133514277444758,-0.07838482776913851,0.20908489174789816,0.05526592631106178,0.12166218897622452,-0.002556213991877545,0.28855667723986206,0.31652115990343965,0.0623971871024221,0.3479537303057198,0.10223745664608037,-0.26325508967210076,-0.11415702178123344,-0.08826469235670682,-0.08808073186785924,-0.08251441256195706,-0.10617690832763248
"Globulin, Total (g/dL)_value (g/dL)",0.016603106043724603,0.018741915266246776,-0.1175183598031489,0.013559310323436597,0.12013521034036775,0.09859421269202873,0.15477702155027645,0.12212658051090552,-0.04507254435994589,0.027962639736775728,0.08292168047256093,-0.013330704650556925,0.15737974623821263,0.08923487047705296,0.06960093170820036,-0.21743238868212791,-0.5927404835065077,-0.04277189147041502,-0.09158078992164019,0.006037146765268764,0.120990326921786,-0.23184239710162793,-0.16952300485106211,-0.13391912688030783,-0.03353877395906604,0.20063420460105005,-0.0625036976202243,0.039005160582911834,-0.15469382228523273,-0.009564754258788251,1.0,-0.05628827839757561,0.09070670805403326,0.08519609518485326,0.31192863804876697,-0.22683905133204973,0.4459388199186732,-0.2384824624132882,0.24089295794065735,0.09080735791757914,0.08410654197190541,0.07026974011752131,0.19757702940559393,0.03392882038540395,0.011397937157726374,0.12777837748504928,-0.06706436662889491,0.1711824377537828,-0.01664423037372332,-0.17030734593795205,0.11531093045209977,0.21850810025360248,0.20006785537471933,0.25502634330368523,0.09159701384262707,0.14605585886557068,-0.07562441076195256,-0.16065276020385139,-0.07467764208418123,-0.20593780066386577,-0.050758387996110536,-0.11405381480694467,-0.23034181209091306,-0.18484012794292262,0.18075960933216415,-0.05952827662823145,-0.035306594166623045,-0.04276499668791067,0.2549938349742117,-0.012715516229342774,0.22962493088077235,0.03874815542126214,-0.09503898033533648,-0.24792935428854054,-0.30510374178912325,-0.26383561495613445,0.035251144514838226,0.025182514297590095,-0.040263090180980024,-0.0667035391555132,-0.14626114040482274,0.012049589981094528,0.030478020527354648,-0.1833713072208482,-0.06807686328649887,-0.25925779395842236,-0.176458026884979,-0.024204634709574544,-0.007976310063381337,-0.04425953022402865,0.0009868051407379065,0.008877905724451579,-0.11763402103155858,-0.1333862587721197,-0.026478325090503452,0.009603132729786672,0.0429479440877143,-0.02070510247759846,-0.01901825524480218,-0.10074664801797924,-0.03066266040345462,-0.05011775043632667,-0.052856825482533266,0.0949023237969591,-0.22088207289443682,-0.040613641804434934,-0.07351491522906745,-0.04843221521255097
Glucose (mg/dL)_value (mg/dL),-0.06531271279330055,0.4224147062847766,0.11354998723260444,-0.035612056742456225,0.3051666946067909,-0.10252974478611102,-0.04997975964811482,-0.07598564833322377,0.07389355564664538,-0.033748895415943996,-0.06348270827044063,0.12167556622612442,0.0711732900925937,0.07893898137220996,-0.18510754269237878,0.15678643945543105,0.046691487141599194,0.19615686189924678,0.06337128533114769,-0.023163648321967743,0.1879673544144534,0.1144627877589501,-0.04040758656081534,0.051488041484829834,0.2414611070364906,0.07279569996026747,-0.007960135701101769,-0.01758352092713077,0.019205232481183738,0.14326687548229208,-0.05628827839757561,1.0,-0.29969011995833494,0.15907248657467518,-0.19313077181897476,0.055266456112606346,-0.005414018431272905,-0.18331562951889954,-0.19625832361353923,0.16031965766442158,0.05412264767348375,-0.02746082777289053,-0.014533312195798207,0.15937694657391407,0.0886089009772638,0.05609082938964344,0.1848714329909963,0.15742604281986064,-0.031471979301826325,-0.06799429922542173,0.10872373363107603,0.017239350785867306,0.08679348106225644,-0.06383905897094148,-0.05283694005306701,0.08230467353988369,-0.18226742988502412,-0.018676399901826294,-0.061467965468268305,-0.011435574178385866,-0.03744331940518008,-0.13689672590146537,-0.06067945519906881,-0.04866190581497891,0.025632148858027323,0.11068680128214693,-0.025767460043545225,0.13516831653449146,-0.03618513120038473,-0.2498604626651482,-0.09994478008092193,-0.1610341921263598,-0.03748098187177599,0.051969645043605434,0.04133044908238829,0.11944947878247919,-0.06695449750596655,-0.03036381050994021,0.09065526731900024,0.008147638485665059,0.0680634250394602,0.0028847507932337913,0.021249678418913003,0.06810847244843245,0.10001443145277444,0.17835788169644723,0.2046014731525029,0.06432823139797106,-0.07592026977770085,0.030699021090386015,0.01557121504218893,0.03936067715343645,-0.08202949163882145,0.11821498285855607,-0.026114952559067352,0.02244636262689693,0.003832234698651313,-0.005966181915906343,0.2806085591196545,0.052165724219223414,-0.16997834374221157,0.08461836687632741,0.10217771618357566,0.07761799988423103,0.052753002129244976,-0.026256472903869985,-0.0847366202966215,-0.061020529715519335
HDL Cholesterol (mg/dL)_value (mg/dL),-0.10460592698559631,-0.34486398689713454,-0.21839200595974143,-0.04530675248273668,-0.21054833094986836,0.17679007173287434,-0.0333823394232746,0.09507741089470646,-0.0574918818478277,-0.010467418241854811,0.13470485543158126,-0.13735224050796416,-0.139942604604744,-0.10686271371361053,0.3367159451105566,-0.2197029295574885,0.01581329359814031,-0.2864992710102761,-0.02299602228355566,0.3632117785123744,-0.12354866050264446,-0.0691843979763769,0.3562331575580728,0.05808286957977251,-0.36275132360287987,-0.10285368700400523,0.1703491763903305,0.12831283544674796,-0.03810666122349439,-0.26626257570411654,0.09070670805403326,-0.29969011995833494,1.0,-0.2141613270797918,0.3455463060908988,-0.08590411200469483,0.42495037341982267,0.18614827595038722,0.5624854940452166,-0.12807345490756233,-0.03863050624873151,-0.10710679564240781,0.11418748293264548,-0.14208179650086167,-0.14531789325933886,0.05226298638417212,0.0473185551646593,-0.06899879662700056,0.08314676321896505,0.15310571654859606,0.12510871149958028,-0.18538646292115368,0.09736566315612359,0.07828543933266614,0.17684184511622308,-0.02132879616044677,0.12128078769266393,-0.11587964309744696,0.02309097714433931,0.011125364467482161,-0.01739532281308538,0.05814796373824108,-0.03562813920118286,-0.04075500326541864,-0.20314337496943802,0.035673473277240214,0.010291950331847379,-0.10980201158663375,-0.06025543519553404,0.1525112171038297,0.1057949533298044,0.27137881102916467,0.0008459083070128711,-0.007311190922267116,-0.08931435170526893,-0.04943890279379864,0.18463091017939426,-0.030745164662833665,-0.10314876072413107,0.07687024353980329,-0.06016674160321257,0.1776428717931219,0.09359755318690037,-0.060176239748250517,-0.18787420624042359,-0.23268228393655593,-0.24679531558321616,-0.09970355149760407,0.13634732528470286,0.026877672006385443,-0.039798853188819074,-0.23271319401592486,0.2638892304184527,-0.18037495586983726,0.09196037595737579,-0.05453446952570795,0.010479557471132822,-0.025742328070533924,-0.39565353405634823,0.021730823415801334,0.04413383904156915,-0.07709019110878997,0.03403917789006421,-0.0831845645551908,0.10324850235676822,0.1271201646843517,0.06560682740902526,0.11827547306152365
INSULIN (ng/mL)_value (ng/mL),0.16319721570333234,0.16142276604120784,0.14580474652586273,0.1858776547563265,0.05226605187252051,0.13828327847231095,0.1624239756197831,0.131280146037776,-0.019905808315531015,0.059223978288525936,-0.02009685809181921,0.1358281797356082,0.191333175292708,0.15983888574791674,-0.09536257409375437,-0.10121118326745426,-0.15710780389643517,0.19717012569756523,0.14486612798505,-0.17216019564255006,0.10385089328847695,0.09914024155741444,-0.10093475226918709,-0.05940700400614858,0.3313564443080687,0.12496865958555017,-0.08547844602168651,-0.09132299524680745,0.09776596430310601,0.062466927742862714,0.08519609518485326,0.15907248657467518,-0.2141613270797918,1.0,-0.04415087473573451,-0.03629846971930958,-0.05670535848319253,-0.11114005958298935,-0.09691738719570481,0.19340658675992692,0.13037375114458954,0.12500502355619597,-0.002666078130940808,0.15633285567597077,0.08487700734077344,0.05717290973628616,0.00925221242148992,0.051861871783099804,0.09460071780478191,-0.03183638557743029,0.11129893383522987,0.13939905860483176,0.08714256843436534,0.024402792024185556,0.016158303750221342,0.09951225171375629,-0.08209017607127975,-0.0030311365478614635,0.021829439237784104,-0.019567898955610716,-0.04987173684369856,-0.036550225810312434,0.06723922009028441,-0.05123477382609354,0.22188182856546965,-0.0385531727292132,-0.02999932590256892,-0.043181583923083494,0.12140780415845262,-0.06343098918437098,-0.05164413799071352,-0.09449455066317515,-0.0503097422518243,0.06431794376937087,0.04855486116712331,0.005420803536075704,-0.041159640688096216,0.02998868179009412,0.0007161964483736525,-0.001621932899377224,0.037296416810151146,-0.042508608035384476,-0.04333296603534758,0.011738030294745691,0.0064812503890138914,0.05719799524270569,0.07853678141491081,0.01152255422648593,-0.03479119150313612,0.008411772265901084,0.00684216997509541,0.14367215915697562,-0.048013036160284614,0.007361933225055722,0.005903880345015375,0.016087648571624057,0.03484457076120403,-0.039941317889494184,0.13016419920593642,0.054736201108921065,-0.07849611317023332,0.006604567410960153,-0.0018369769157523166,0.09404847901272827,-0.07441070495335643,-0.031063292424589876,-0.05871840902190343,-0.05364602381417688
LDL Cholesterol Calculation (mg/dL)_value (mg/dL),-0.18287579451590472,-0.3095293442664603,-0.20801558303204273,-0.07632276680175562,-0.26585981708701606,0.1367508503693528,-0.10499221062272282,0.08707835206253338,0.030775577639491885,0.024717091874842407,0.24967946437259542,-0.13260162974067105,-0.07532128521835975,-0.05816346853201786,0.14166241203171354,-0.2462673375904076,-0.21091562902416888,-0.13984437059472263,0.10275213252706279,0.3357135241118524,-0.07950405992694147,-0.18386646498128145,0.13217405752457015,-0.026159293014973946,-0.14626530034461144,-0.031005183741949795,0.13868254509174505,-0.003366725897417509,0.16614640028536853,-0.3296612757924414,0.31192863804876697,-0.19313077181897476,0.3455463060908988,-0.04415087473573451,1.0,-0.06397970944511654,0.47712987813670044,0.04309222837778343,0.8198923183362146,-0.008429070165841202,-0.0036229500362687747,-0.10279356093381363,0.07262658499241662,-0.2271072564562687,-0.143327816137847,0.13996643988339708,-0.10272001970355468,0.013705224242928074,-0.1360281096163904,0.2654922656865321,0.12506045327867235,-0.09815244818918953,0.049600811441478446,-0.024356346156616727,0.12819153272861145,0.0672440252680493,0.16201325546623152,-0.0014741119722287116,0.11380785006348497,0.060050239624935074,-0.07306892030760417,0.08449083916252619,-0.009187565934109144,-0.032851641138046436,-0.008200413798606997,-0.08227265320758213,-0.08572967158190498,0.0998084268935856,-0.055253975079043866,0.25944434005371614,0.29318750253585396,0.16633528133157388,-0.13157963498067432,-0.22177418195661622,-0.20289061501187014,-0.24056174813283723,-0.020601567216816507,-0.04565325778983046,-0.14865466178456116,0.0030252131579578644,-0.03407479564935037,0.060492194277937575,-0.038326847585524446,-0.1748480287158794,-0.185237632851987,-0.16871136542692156,-0.40891226187056806,-0.19165358907211238,0.023359786716061325,-0.0492916630818572,-0.03424242544083377,-0.11598852423754823,-0.0015492877904422725,-0.20699687590371849,-0.05565133665282282,-0.045838948326152526,0.011347997525787763,-0.17075528416080243,-0.4606299813321512,-0.024220799869482525,-0.09733679228401974,-0.09713319514033972,0.12285136049231613,-0.015022918913185652,0.10971772175305311,0.1473490792628085,0.11262289983650181,0.12246087005872267
Potassium (mEq/L)_value (mEq/L),-0.1134129155495813,-0.033643693253255266,0.12404458521478473,-0.1790922379937935,-0.03093045264262916,-0.04680904146186217,-0.20311069858025527,-0.08384219565268486,0.07708527419145488,-0.0400012503974198,0.003719622243684838,0.032511172891977906,-0.03688890009348366,0.03796437261753516,0.041805549936220064,0.13558779641960333,0.08467582951508741,0.05428049503469355,0.029010478094706516,-0.1354247739640336,0.012661734643274214,0.19685393825850075,0.07589126544749868,0.003900888880222225,-0.022171131363567877,-0.030405688815921202,-0.030139910123143928,-0.1281787424178397,0.057619977061695034,0.08046215535024197,-0.22683905133204973,0.055266456112606346,-0.08590411200469483,-0.03629846971930958,-0.06397970944511654,1.0,-0.11954758056941905,0.151564112911839,-0.014608820012290186,-0.13433910209737598,0.03702815847179409,-0.01891708789346936,-0.020956242912534565,0.09743159570112686,-0.003803815239316057,0.003260421213391931,-0.005114934689079899,0.08207131787294823,0.019089018127864614,-0.15333173836577849,-0.028854259910195863,-0.07747222882012758,-0.07772068100488887,-0.017938420469781433,-0.18393108217648915,0.029269180076714387,-0.10291158145894747,-0.03293353079582665,-0.10592646077558436,-0.03946228762330697,0.04109766057625249,-0.04660320194218733,-0.031776003119018854,0.03463490470452043,-0.15972859878564047,0.2117709640745475,0.10458830520800426,0.06576740303269299,-0.15831574539342783,-0.00762640079365892,-0.21104723355972085,-0.07304922656463354,0.040276053289903045,0.06640694665855064,0.13970321079629466,0.07299175470377342,-0.026576586596907023,0.013561362362832327,-0.023510579805134015,0.06343181192823791,0.09026842572156803,-0.036658450717941125,-0.031029393759905825,0.17560487075150677,0.0843909953334728,0.006902122344646403,-0.007339659380879912,0.07088489145930153,0.06747645226343874,0.045124766787463605,-0.013181756112344135,-0.08520914926201473,-0.03605946768066385,0.14647057076035652,0.04515826141241601,0.05623779774579589,-0.02114305600321686,0.06101114917279002,-0.022836537320439002,0.1031145753688288,0.17311418809440024,0.03775157097630638,-0.027525229623634663,-0.1654238871329613,0.032151622410604826,-0.10301832687972348,0.007517610288775024,-0.10571649343086964
"Protein, Total (g/dL)_value (g/dL)",-0.23486705216527007,-0.08576299589369292,-0.14166673891861412,-0.11074791489493584,-0.03836812220279913,-0.053184928987528024,-0.045453027302913826,-0.05345823994142301,0.022127558333071475,-0.04275712670478486,0.15450197528480503,-0.05951176690776838,-0.08302649224888843,-0.08682642513148572,0.0030414055139611645,0.03323330677571516,-0.3462966750410846,-0.1932816565771252,-0.042256392873992875,0.5101327411079196,0.06379831699677845,-0.3131465708406456,-0.0053942726934566474,0.0014030462396842174,-0.14436838060741689,0.04317105602796175,0.2974359384683747,0.13371431657394597,0.023459625618899915,-0.18069656588067542,0.4459388199186732,-0.005414018431272905,0.42495037341982267,-0.05670535848319253,0.47712987813670044,-0.11954758056941905,1.0,0.030998501833983713,0.5208419667960245,0.025206454023018184,-0.02456745028906511,0.03760340435184564,0.16780375635652314,-0.055572076682284456,-0.04799527189498516,0.051275442893710284,0.12990615383270296,0.0864990730377173,0.01339381067707712,0.18737136800822762,0.12991579745807527,-0.1251428599023968,0.19835005649655507,0.09884785305462893,0.14550019104748813,0.03323110271471434,0.09862008144332324,-0.037809230002503566,0.06136322674975001,-0.039284491095565505,-0.04553333124406789,0.03498006340008052,-0.08723706228866149,-0.0618713215950592,-0.028784827562973493,0.07082189314649262,-0.12074183564569001,-0.0952139409296698,-0.09442679600171866,-0.03777099878040085,0.19261541877951566,0.08168012788521449,-0.08403123086381016,-0.0896780918728252,-0.228395442099327,-0.17276519306066485,0.11694562472890285,-0.03127805771702995,-0.07383731445379599,0.1023176972819144,-0.10735379950037241,0.13526859951350192,0.05888243980856531,-0.07647973251716243,-0.10449349144746177,-0.1648529671958409,-0.1563502024672692,-0.047734205225821745,0.16482156521499206,0.036872907987413724,-0.021627425837999783,-0.04275616947125405,0.07048328243223904,-0.11232922053390436,0.0959628493856116,-0.05679825567226631,0.004227905944626263,-0.05582718460712624,-0.24470226130587752,0.13992542382216863,-0.09380681935571644,-0.06956231314087868,0.16040730895752334,-0.06659796943622583,0.047586169833252964,0.15059206677449585,0.06610983380190151,0.09639095210087181
Sodium (mEq/L)_value (mEq/L),0.0198282946812102,-0.3096310950038353,-0.04928450042136203,0.017537107089527656,-0.30324490773618856,0.07438099047544236,-0.059865796541623176,-0.015610784874123904,0.03480086449217294,0.011420437524922965,0.005966694750453576,-0.08662299820189397,-0.13311524903558225,-0.09481636826874178,0.0020604794958271905,0.015091762615312006,0.06574755103738991,-0.010925361938727507,0.02276918084733906,0.06942063561334087,-0.1378920060550085,-0.08219621643863179,0.07704752439635053,0.00398220793140285,-0.10163896664489515,-0.08645066830972316,0.1572215856091156,0.14232327131557726,0.32955287715260007,-0.1830796961514305,-0.2384824624132882,-0.18331562951889954,0.18614827595038722,-0.11114005958298935,0.04309222837778343,0.151564112911839,0.030998501833983713,1.0,0.03644685737685121,-0.27036331897299376,-0.10099475959252036,0.08414114356491073,-0.04905649382101704,0.05190527789212518,0.0077148794213846884,-0.056385628098516404,-0.08685933260068057,-0.1589009432766931,0.02548296748265759,0.18134661761847506,0.013256931698281208,-0.08897560384311462,-0.18208698442088223,-0.1513536570229701,-0.005248999576118083,-0.16582995006009912,0.09745112918397449,0.10208843587111471,0.11659449843239413,0.09357531336876845,-0.0032902371518684866,0.15087691476553453,0.1493905184145339,0.1130378677216329,-0.02995715928280018,-0.04281938028301913,-0.12959698619390805,-0.1693690883689863,-0.1625452463033453,0.1507039568429273,-0.07496982122995721,-0.040328242681559975,-0.03174684737449758,0.07647341636466388,0.08067009288500486,-0.10792629717677923,0.06825586664652214,0.01362180148004336,-0.12995667902587027,0.05495922904081218,0.06760000205147727,-0.0016540480938162653,-0.13772521588627284,0.05214854821139847,-0.02821902583778674,-0.10250955345378483,-0.11600055520342249,0.000829481195542314,0.07447848945921966,-0.02153631299813145,-0.027029884259352967,-0.02405681667028483,-0.0019914530478037404,-0.03346800935308057,0.01503837433530811,-0.06615953477876729,-0.013392176249142334,-0.050439810200403536,-0.2645457501717742,0.09686878213330286,-0.09802903825182976,-0.015524938574245532,0.18337075528431876,-0.08563124858709645,0.06932492452658427,0.09161488089934675,0.08933756545518412,0.07694877011164813
Total Cholesterol (mg/dL)_value (mg/dL),-0.10438173836412079,-0.2771794159014355,-0.11855264916712005,-0.04336892900119949,-0.2058487571935843,0.2762097174659636,-0.037131601715803236,0.18721261401364667,-0.02004917929767534,0.03543259979969857,0.1869145706014207,-0.12200553224751957,-0.050639459280676834,-0.08297206723623197,0.31163283636832373,-0.33813836804577074,-0.1630349647232276,-0.2058811841265176,0.10078956505177483,0.349949996663811,-0.013131219337720221,-0.1334382083426804,0.1474989343967584,-0.05548301222544012,-0.23054143935348592,-0.03689562902263948,0.17517481582242136,0.03648426730068002,0.10911437103757864,-0.3389481401567392,0.24089295794065735,-0.19625832361353923,0.5624854940452166,-0.09691738719570481,0.8198923183362146,-0.014608820012290186,0.5208419667960245,0.03644685737685121,1.0,0.03650435041895424,0.012660808899904773,-0.14388701937291712,0.10868829032517512,-0.14562788921173042,-0.16924306976431253,0.15252221947325212,-0.005600399333959773,0.07060086146447977,-0.10953091702766077,0.15926703841124576,0.16881018498323067,-0.11401768584193715,0.16223586474521498,0.05794644804647972,0.12250961038768476,0.09948317413827319,0.036497067510738765,-0.11615335330273852,0.03333904812561344,0.009985167055479704,-0.07945291384457506,-0.005476116871073151,-0.07073319903963927,-0.15288553613342434,-0.09586857871481459,-0.03427587907842078,-0.0064258967358095135,0.07728758692383937,-0.09002745112967309,0.12462944907700348,0.24152612411053076,0.1309175301180318,-0.09524312808669144,-0.12092495066180503,-0.21071975128162357,-0.142734103009626,0.07231949746779866,-0.051059964285374335,-0.12381537927670233,0.12173042773468236,-0.02555622876282188,0.15528549265770858,0.04942853912767063,-0.1304322226370087,-0.19498735675273055,-0.13353790818483738,-0.33081734729929374,-0.15091254606707946,0.07208334047332007,0.015978771986366897,-0.034769727326407804,-0.17406751657250957,0.16240616327546298,-0.1905367690253744,0.035721254376939585,-0.038577877616052636,0.017523965360863036,-0.10576344694655977,-0.42053336288375887,0.02328887155371678,-0.13128965159515238,-0.08824689943356345,0.14838453285411204,-0.009133016785042967,0.08345819671017943,0.11605830073885773,0.08814973441387006,0.07541712688268096
Triglycerides (mg/dL)_value (mg/dL),0.22696093684576107,0.16561605915636846,0.1393958382704743,0.1932475213944468,0.15351428533019135,0.1571576817482841,0.19986086703578587,0.18197632648961976,-0.011297658403001863,0.027938389598377054,0.028284096146857007,0.126935101651937,0.19608756423460183,0.1097756882292165,0.09924511265264559,-0.16255272750868704,-0.07485621918510431,0.18129837454096237,0.1769982222410606,0.007926827175869114,0.1722461885384068,0.037061066006859426,-0.1553298536287209,-0.006436040568756596,0.21936352264937792,0.09826234681669888,0.02248660171732545,0.04085156903355078,-0.17788024535143465,0.13084204970460334,0.09080735791757914,0.16031965766442158,-0.12807345490756233,0.19340658675992692,-0.008429070165841202,-0.13433910209737598,0.025206454023018184,-0.27036331897299376,0.03650435041895424,1.0,0.11752977209483682,0.033437852765232236,0.027134961887083885,0.12863466723124511,0.053267319332691146,0.08645447494469925,0.07081619842057149,0.14246867217947765,0.06208819305048821,-0.04280572363912121,0.03872503412725705,0.07408612954672064,0.17345112990331749,0.05712135642941532,0.053272315980011864,0.14629337005718493,-0.0568112243028113,0.003474440458038718,0.012028504572083605,-0.05471425426288852,-0.10508574561180008,-0.022870250873164032,0.010178660253927106,-0.06847815488847932,0.17440774016415653,-0.04472380072104532,0.05074130091911557,-0.017240747878643103,0.12327168294182893,0.011899059600882963,0.049249830953257,0.027598717307818252,-0.006812083295461239,-0.06580515612919023,-0.05886805839762955,-0.0016238265576802898,-0.06656030151156826,-0.007176480570090403,0.06264614892744357,-0.005920161684734445,0.0496116997117248,0.008242763716323345,0.04914217595859929,-0.07234515761596957,0.053341591828635154,0.15837248120393602,0.10443164194159478,-0.021821379401165335,-0.05492666533493099,-0.04369908991691051,0.0136635429373501,0.08614154817724444,-0.0774707518646196,0.025509035151189078,-0.006986234626450329,0.04032036471242516,0.009653048901967151,-0.007366433751148081,0.15521517627085946,-0.0790084482128875,-0.001119436583731621,0.014375680290561067,0.044850863968813555,-0.03937144288643921,-0.013189997002457914,0.009815760676344452,0.0015403854892293211,-0.03547096372909842
Urine Albumin (mg/dL)_value (mg/DL),0.05901802006215526,0.06771579348709433,0.07018027527669525,0.027558966023414254,0.05036515540855256,0.07161601173413167,0.021269131224271508,0.09292234353271192,0.005796308717219171,0.02110669482296997,0.04902494801716097,0.09111991495327412,0.10679095381583639,0.13471347610405185,0.08234539989756444,-0.1622130511067041,-0.03969133779726097,0.11573367375500514,0.11403839291732511,-0.12094215549787134,0.0582185365440629,0.1583052116420139,-0.025150812050123105,0.03141290730956907,0.12001439302644304,0.09247803158228853,-0.062289876692538236,-0.05462580901269811,-0.00539444071787179,0.1269249385556412,0.08410654197190541,0.05412264767348375,-0.03863050624873151,0.13037375114458954,-0.0036229500362687747,0.03702815847179409,-0.02456745028906511,-0.10099475959252036,0.012660808899904773,0.11752977209483682,1.0,0.051174930685370976,0.025289205992576065,0.13111117700640734,0.05453605801626039,0.07530334812043252,0.016707388640318573,0.0821116909678442,0.08488217766602021,-0.09253032916964354,0.058837520604757346,0.0616343919718487,0.0669505647938076,0.06239216224773273,-0.0060240748980215095,0.12518248481727529,-0.08231602766598856,-0.07430784588559669,-0.059204334578033334,-0.056362855646942454,-0.024867878892984193,-0.05574404324637715,-0.0072309174086173066,-0.04728780651615295,0.045592025806367946,0.024529728178685907,0.12125528106645334,0.011535965438093836,0.10957135041117831,0.012443818893580465,-0.05382799409479485,0.0455286102854842,0.03698078584830656,0.030313087488658914,0.048395929323137035,0.04742823408887607,-0.005033176194088276,0.03349600762955038,0.011048365198921065,0.07149950537891141,0.005627675532626932,-0.0049189685270786265,0.003576996651558216,0.06798411493889753,0.02022518680145855,0.01579604564727426,0.03412930107649992,0.028745383845639294,0.033034496202959535,0.04407235455428841,0.06232055991828698,-0.013894261679732345,0.017553907319004906,0.04570482129567803,0.04002086430270212,0.04412278513705583,0.016991069989642994,0.028976403145702063,0.03319730370648701,0.05747112715651984,0.07528886420108662,-0.0009944412276140925,-0.12403502808658516,0.05228348224758577,-0.0615450716973571,-0.016514609673306892,-0.013432627156574485,-0.06192209214714524
Urine Creatinine (mg/dL)_value (mg/DL),0.05367731669016138,0.015050032931252929,0.06524650375666795,0.02087719219136717,0.0004297197561158506,-0.036089156762303246,0.04739372523871772,-0.02040715678751632,-0.008346895564082078,0.07484525036701542,-0.017163313507104924,0.05994590656210728,0.05756401688660012,0.02846913827068768,-0.042408697580664734,0.022567118978360435,-0.10909189784622711,0.1272777509183266,0.07397148058628604,-0.16729469685415668,0.07188292692112078,-0.057142510826112644,-0.21380731137435446,-0.07787874991922955,0.12068856397614733,0.0700192528495534,-0.03836916580983571,0.02460788993903108,-0.009564812720592644,0.1011561805707933,0.07026974011752131,-0.02746082777289053,-0.10710679564240781,0.12500502355619597,-0.10279356093381363,-0.01891708789346936,0.03760340435184564,0.08414114356491073,-0.14388701937291712,0.033437852765232236,0.051174930685370976,1.0,-0.03650198174862832,0.11980865627378587,-0.02321664388922776,-0.057269226956123326,-0.022795615628965236,0.022323949323548788,0.09083379358781873,-0.08083547566697445,-0.017591568745204927,0.0587820103806771,0.011436353146232902,0.03256307625457166,-0.08392008149151058,-0.009041709301490371,-0.018737949681658168,0.037169847115048886,0.01153844366207908,-0.04824348191055177,-0.04535791751474579,0.008133734289697846,0.05570414970505166,-0.028847888111242486,0.09153480413971571,-0.08177583757540892,-0.0354161375148352,-0.08465997295024018,0.05376900284217454,-0.07886222674792136,-0.028513300473053126,-0.06252117887511852,-0.031617948891282145,0.07343862925431068,-0.0286034233921823,-0.048948454427572216,0.012085015519272496,0.08275900058653393,-0.03969905637143674,0.03240195299719885,0.023397794302201704,-0.014621840693852148,-0.08033059780975318,0.03650965648251953,0.06774719513736274,0.01237121904887923,0.07565563546112977,0.052122108070788147,0.05167610212073943,0.010958287225913741,0.002535162666351701,0.2044042222752591,-0.010649737014685029,0.041668224300601374,0.05684273710232562,0.005054123900600301,-0.013727013950954338,0.004273861445215264,0.0413932790529199,0.07447662345702229,-0.02865660806798066,-0.02236928218938452,0.03171746897032135,-0.0049371325446096745,-0.15217380144387296,-0.04036385054706734,0.0025731005220935225,-0.013242561427464293
clock_visuospatial_executive_time_value,-0.06171972502980385,-0.028963679877840112,-0.05833793323183361,-0.07316797272292058,0.0006355943079929459,0.002709462433083565,-0.01026836023568074,0.018632622565509342,-0.035536593923320176,-0.016803475129704874,0.044911619846373985,0.01468350453916858,-0.00036201865746574567,0.0057731042606152996,0.025443147375299683,0.0636038348046613,-0.16304286754884845,-0.0841614514984345,-0.05450568173684603,0.08050117155225814,0.034979630834722594,-0.04966466059058835,0.10408521475254343,-0.06260603382964064,-0.007449080781650355,0.03717815429476439,0.0909984225949304,0.04030881995500267,-0.1130947079514052,-0.10474366308522293,0.19757702940559393,-0.014533312195798207,0.11418748293264548,-0.002666078130940808,0.07262658499241662,-0.020956242912534565,0.16780375635652314,-0.04905649382101704,0.10868829032517512,0.027134961887083885,0.025289205992576065,-0.03650198174862832,1.0,0.0010020904770419133,0.17552838384166505,0.011894845268820488,0.17407799471755808,0.09222497686930423,0.09233679623762713,-0.03881966836195408,0.06832148445292244,0.14782744820562377,0.1482599841404626,0.1497839175271551,0.24191072800287516,0.09282749805602351,0.06317292199186907,-0.060912284831780385,0.007074212169128695,-0.046039480442741365,-0.03406950508017205,-0.06534987518661295,-0.14984490135848708,0.0014643211887432714,-0.06453470091890588,0.11253629732778737,-0.07857763783563382,0.06065408403998042,-0.021993203650500375,0.03198595355065111,0.06949475201871785,0.023804175103789647,0.0006699385866919406,0.005368045189287401,-0.1203500420962592,-0.0748490751357505,-0.02309112117586116,0.0034431896545392866,0.0169059463856951,-0.06906637250892007,0.025060327997549783,0.05187654717303811,0.057749762947479806,-0.0794135999582996,-0.01035383737255287,-0.11692467864465499,-0.03784997800877222,-0.07283820115240562,-0.0038283361573214106,-0.002353460797252368,-0.002232079795389164,-0.009184252513960774,0.03689002244213248,-0.04850287399863041,0.029860697495712046,0.0015945641683499788,0.008320560162901095,-0.008143584875764236,-0.04499671250788015,-0.07682003190494288,0.05074977225154715,0.0006078117328953953,0.06688439572646003,-0.12099987542039616,-0.03167376780758404,-0.08519762030979376,-0.029361791246373805,-0.020058755528340355
delayed_recall_with_no_clue_time_value,0.17885415436886046,0.12611370607148534,0.13286765599272474,0.08795657446175657,0.14373307537497967,0.09106996887813856,0.12137768085522488,0.07346686645442445,-0.002140907195562047,-0.05926438892074306,-0.03481779623449872,0.12489195170693349,0.17996118280831563,0.12858274938547928,0.011993745522761438,-0.07660288669241558,-0.11530882518550681,0.24233950439141813,0.04655935073439684,-0.10783893391265531,0.07241244156305492,0.18938200361782506,-0.11461628145922798,0.039782087336881565,0.16197556199528032,0.08434542237310429,-0.051598503184884105,-0.00746619847384282,0.13474142476000037,0.22099992044018724,0.03392882038540395,0.15937694657391407,-0.14208179650086167,0.15633285567597077,-0.2271072564562687,0.09743159570112686,-0.055572076682284456,0.05190527789212518,-0.14562788921173042,0.12863466723124511,0.13111117700640734,0.11980865627378587,0.0010020904770419133,1.0,0.17697226252845955,0.05017101507277625,0.056116991565534055,0.14722442705527672,0.19690575764162338,-0.39295404830026587,0.001581399124006693,0.1577427672122688,0.1619897895821058,0.015036512081259827,-0.0870717514737192,0.14033014475748826,-0.4280859597546644,-0.20046515030718723,-0.1992744321850072,-0.19489136105982796,-0.09642394599123912,-0.15572567232958862,-0.15109721221310388,-0.16451427432616417,0.2325503096043712,0.0672156590483003,0.008271988782754123,-0.1493730850314337,-0.0133916238570632,-0.07890602220296332,-0.32729943159920105,-0.12358230952740926,0.0004869032117458068,0.08748935145603468,0.08369750571545105,0.01679407885078661,0.009710882604385674,0.018349699770267017,0.013918672590866005,0.009924276419376038,0.057283733346111615,-0.0801681052244915,-0.016212980427213742,0.11348158614054484,0.127583675839913,0.08776610887123996,0.2022515486989832,0.08977861447434612,-0.04259538650500383,0.031227649834189235,0.030093280787841098,0.014471112913025727,-0.03517436474172667,0.11011097743539092,0.014793723645020304,0.02671486035132802,0.022659196068541727,0.038825058350446945,0.12287464898553563,0.11339886824725616,-0.008057599649481318,0.0543108159749289,0.027771517703942362,-0.012462578603880914,-0.07927399136722095,-0.08153604621530716,-0.10675795315112004,-0.19106987792455
digitspan_time_value,-0.03233931945605209,0.027943331167130304,-0.002257692611345635,0.004356698386083172,0.053480128761852354,-0.04398863528590009,-0.002449203771864075,-0.0401191034670299,-0.03685441730257982,-0.08214089935462039,0.031085677597869836,0.10063801907443111,0.03681327056882736,0.11771596044786026,-0.2139320779882674,0.15982317747479804,-0.052472780250229285,0.02536410758487322,-0.04372587684398718,0.0054839843801683845,0.02377981306812276,0.07213225706424219,0.07657441143050585,0.017137994150251187,0.14573376886356282,0.04554553694434768,0.09618411612868351,0.10612339910871962,0.030702426532231864,0.06600040879368234,0.011397937157726374,0.0886089009772638,-0.14531789325933886,0.08487700734077344,-0.143327816137847,-0.003803815239316057,-0.04799527189498516,0.0077148794213846884,-0.16924306976431253,0.053267319332691146,0.05453605801626039,-0.02321664388922776,0.17552838384166505,0.17697226252845955,1.0,-0.002078566802050981,0.2630685264581298,0.019897856072100244,0.16863950744767364,-0.08696014454663868,0.059960991013704126,0.299640593778893,0.10442012285364892,0.026932761225168255,0.25027061460645056,0.1025613629638278,-0.0037375291764823082,-0.06605633278651478,-0.04546886075232485,-0.012598757273077188,-0.10158981020901402,-0.08920584168965598,-0.17407606988647448,0.013775545202928655,0.12166953822132907,0.08940947384566554,-0.0014158754131611407,-0.039851402373046504,0.10955143766453862,-0.009732328868872046,-0.08463689656709884,0.014215077378658299,0.0415735814983938,0.10836549612348477,0.07763977978068666,-0.012072590936051262,-0.09307941574272133,-0.001979205750542716,0.05118405159775042,-0.04962244809382169,0.00021112616991962385,0.019171779957295805,-0.0036018918493612518,0.06091776033656408,0.01859206075496319,-0.08101405916308883,0.05237708357471915,-0.002230973468178839,-0.04047901833303928,-0.012923926921185899,0.023003024389209824,0.04468968539655838,-0.05304382759072856,-0.036655623414262865,0.013583370027081909,-0.005611713477218636,0.008625423192372233,0.001051212551551968,0.08129289683300127,0.003851640294694328,0.04228155255623509,0.02956239297587057,0.01311739572004146,-0.06537273001027429,0.024062290570823812,-0.03799960044754245,-0.05859985448829214,-0.07352972890880681
memory_trial1_time_value,-0.056432602088170296,0.06856642089308126,0.040561556872548324,-0.04199971312381788,0.028686820252899082,0.12077557008684571,-0.03551550613651233,0.09092979990231213,0.054350942775237845,0.006129893531785031,0.0866709121526882,0.010732206665539598,0.003959294884230642,0.1033648420581163,0.15344210955620463,-0.139247121092224,0.06520437861355655,0.08215325749975057,0.07324426821765208,0.11790548893978704,0.007543340346604246,0.047878407204784396,-0.02492630994240025,0.10224426396216683,-0.02743344104695003,0.013870071656227018,-0.03158302490930244,0.01983133375257721,0.03673406840803309,0.017246854223263844,0.12777837748504928,0.05609082938964344,0.05226298638417212,0.05717290973628616,0.13996643988339708,0.003260421213391931,0.051275442893710284,-0.056385628098516404,0.15252221947325212,0.08645447494469925,0.07530334812043252,-0.057269226956123326,0.011894845268820488,0.05017101507277625,-0.002078566802050981,1.0,0.01771317520574603,0.06070962616057434,0.03656616762984171,0.014119203425274594,0.06754051701456648,-0.04689524485951946,0.08450242181709423,0.005382184936319542,0.0107519059729192,0.08410022884423914,-0.05475657833471809,-0.04734635474466651,-0.015248886501853442,0.0023577164916361356,0.0016934138319889065,-0.005138646209189643,-0.045027509428866644,-0.043488109540820025,-0.11791783369740841,0.014282488674428034,0.10355242647144651,0.1563665246234243,-0.02450293436227786,-0.028055224387008252,0.04673719036520485,0.023386405025222656,-0.05382657951336589,-0.08061166193310974,-0.0676706714854918,-0.09939384296738554,-0.021712061833702914,-0.03150652743148977,-0.01587793950893816,-0.07211098495434601,0.0009981567544484766,-0.036260075333402836,-0.02111217054293836,-0.05424262472913757,-0.04561523430905487,-0.016539229087063182,0.0029058676074261033,-0.022387665185801483,-0.023709896648792413,-0.03690598374720827,-0.01709296833771591,-0.04593361466183978,-0.05575541184295854,-0.04205148175107946,-0.05394004242586518,0.016223185414162476,-0.0008636607800225244,-0.04660644796126485,-0.03982948420528562,-0.04376769254945543,0.04940962611225468,-0.024577783579596113,-0.10017897949952392,0.049922716313725954,0.09505369225944742,0.06352642962501892,0.019001089005803364,0.00118905577035207
memory_trial2_time_value,-0.07649967475363086,0.21290350126398894,-0.012982926446018603,-0.05180091336205419,0.13827600863372677,-0.01073715827928668,-0.02438545695210976,-0.010791678801843998,0.02094715214566563,-0.09813003356613394,0.04474158320469763,0.09878758797327333,-0.009778875240708204,0.04816987192308985,-0.12125572574734837,0.08530368238734001,0.07693306765135909,-0.015850494873803085,-0.0188016824375411,0.13327675287916643,0.08945449306062492,0.07456209131078978,0.10798468612037694,0.048634726211789756,-0.015620547427502287,-0.0020558305565412933,0.0583732365633538,0.14669077258585547,-0.03790392169653449,-0.0036440221244287453,-0.06706436662889491,0.1848714329909963,0.0473185551646593,0.00925221242148992,-0.10272001970355468,-0.005114934689079899,0.12990615383270296,-0.08685933260068057,-0.005600399333959773,0.07081619842057149,0.016707388640318573,-0.022795615628965236,0.17407799471755808,0.056116991565534055,0.2630685264581298,0.01771317520574603,1.0,0.057907886815988865,0.15618113977902626,8.985128676481983e-05,0.08780845045426758,0.1582825176539095,0.18103094476825982,0.02705889135857808,0.2103092372197982,0.07208393084562797,-0.0036744822532333863,-0.08762553914981612,-0.07795124653896442,-0.02017726701128706,-0.04265257473196403,-0.12609459781875626,-0.21116930862722905,-0.02182415442730084,-0.0900283025132439,0.07622040958776985,-0.006487541182428075,-0.025430123502598448,-0.1001805964849307,-0.16137913499949555,-0.048829585262368684,0.050237564196013995,0.018306122291338774,0.14909475729623284,0.026142835086290124,0.07600226812968848,-0.04336010301570187,-0.062021566545448,0.0657213494105028,0.05421915361379384,0.013584870405672253,0.08995000974929764,0.11030367550064585,0.09782009492213237,-0.01924176715330916,-0.03170068172003071,0.0787402681001525,-0.007949946297404972,0.012241244527399534,0.06522780710789405,-0.009287662813730538,-0.05685425634852593,0.07356392161566956,-0.004612922026626804,0.10353851166198126,-0.013776001846115615,-0.021306820016696783,0.021646602765757028,0.09055224351476217,0.06695263934405518,-0.03547691186908813,0.06066841490182222,-0.0011587468180351223,0.036130757025262625,0.0511097714459956,0.004366136727126689,-0.06573727450034067,-0.02713669846607551
moca_abstraction_time_value,0.006237945342333485,0.17017516299952895,0.038431549274100085,-0.07175372914806757,0.19612093518639248,0.03270972354637639,-0.03752025978997218,0.024577468038086723,0.0665594088306528,0.02206835640129727,0.029443244353860656,0.09053298916087309,0.09330695405029164,0.03383318547734767,0.08026414360189388,-0.04044666264336678,-0.12656212610608247,0.06474771096809927,0.0029976547837173855,-0.06711592787041061,0.16294369512218754,0.05370506895134447,-0.02741172457202015,-0.007933587666321434,0.05316642795167809,0.06750660565570453,-0.06662641471595916,0.013880404445522014,-0.05696495714480277,0.0601456421806733,0.1711824377537828,0.15742604281986064,-0.06899879662700056,0.051861871783099804,0.013705224242928074,0.08207131787294823,0.0864990730377173,-0.1589009432766931,0.07060086146447977,0.14246867217947765,0.0821116909678442,0.022323949323548788,0.09222497686930423,0.14722442705527672,0.019897856072100244,0.06070962616057434,0.057907886815988865,1.0,-0.009155358596592784,-0.16542769425403409,0.10830190419617676,0.06883322766533631,0.1538516796613264,0.05338754925155106,0.06767494093082493,0.11727187851726031,-0.15842279827817568,-0.10215846792027512,-0.13373804946549064,-0.1304360251552292,-0.055774726919418316,-0.13688989208611707,-0.14667168844174927,-0.1070219765957914,0.02436041746566601,0.056646133317536755,-0.0041828673323610665,0.1283182701047184,0.007124812258808007,-0.06311698388498753,-0.002603244121794456,-0.07680444552813634,-0.023993833325269092,-0.048701745756946836,-0.09126883447684121,0.010978271104857428,-0.03397838884519147,-0.006905469279100678,0.035050994518734245,-0.035412745462880535,0.03353341018394996,0.0006677100980944385,0.07357977156874897,-0.027919541410172253,0.04931824643660638,0.022481764660838115,0.028941624435436367,-0.010623791409730108,-0.032976132093972356,0.021308028588601917,0.008686788908677736,-0.03175062647586013,-0.031042035064434297,0.07958671293519992,0.003892539329114332,0.10078893855379938,0.0530885356795169,0.015628021954971122,0.08657450939596474,-0.02710174974748734,-0.09226620724700126,-0.01696799686970115,0.12786493308758048,-0.030497052698161622,-0.044601856632408905,-0.12137117843662772,-0.0701320774023964,-0.10689661208645812
moca_orientation_time_value,0.04584514245574664,-0.03980589385473876,0.04928579264601731,0.07437328131798904,-0.03484649468388669,0.08498497209330656,0.07960321118992748,0.07723211171004804,-0.04196459656919574,-0.017771715262764665,0.04486381964039194,0.08680035074068344,0.03499939977245159,0.15953902958034089,-0.018007599214888818,0.021189580020147255,-0.05052574994380323,-0.008903886394787442,-0.008936444337156364,0.0050030982295969795,-0.02928497289464369,0.1784684323073442,0.06280625473586271,-0.01260771483321342,0.05464860263976843,0.043223763888397077,0.028170110478320673,-0.04488774980662036,-0.013487256463686008,0.17422503189062466,-0.01664423037372332,-0.031471979301826325,0.08314676321896505,0.09460071780478191,-0.1360281096163904,0.019089018127864614,0.01339381067707712,0.02548296748265759,-0.10953091702766077,0.06208819305048821,0.08488217766602021,0.09083379358781873,0.09233679623762713,0.19690575764162338,0.16863950744767364,0.03656616762984171,0.15618113977902626,-0.009155358596592784,1.0,-0.13024868071352677,0.022361697899759562,0.0667295629831663,0.1459683422636485,0.11132081848766845,0.11564771823843269,0.0636363125070571,-0.010496057272147058,-0.10635927292015043,-0.06932224098283588,-0.10462419837426568,-0.019739174361649476,-0.031391901497475776,-0.07312911347620028,-0.017509304309073135,-0.027854036190893113,0.10353903271779186,0.11441583268986748,-0.14179022016936116,0.08091413907019286,0.014105697662165226,-0.12141760125084877,0.06575377793452955,0.025212354234672375,0.15376102427405972,0.04677688996745349,-0.03614863359404842,0.020995642740860514,0.09283746960654654,0.027973279599379904,-0.042509490786287976,0.04191438890098748,-0.05723253606717499,0.000605324939007439,0.029280215378258218,0.014876913784131593,-0.09230948804435123,0.09432416138446822,0.004376734901828579,0.03065556364705787,0.018628603678054342,0.002018072471243084,0.07641805377651431,0.02735150648669338,-0.008299523199602067,0.06519778571439892,0.05411930987803015,0.04516535424166768,0.044814471416894,-0.011281968964991312,0.029514984999726466,0.18456357344471858,0.021694253057817466,-0.19459805209860676,0.0007522123978480161,-0.036934771190604426,-0.06621627132394266,-0.05289620951187075,-0.10350428733636059
moca_total_score_value,-0.05374362334880919,-0.05192941287777302,-0.08867075587916565,0.029700222449160454,-0.16383922376829163,-0.005147185330734473,-0.07803952311073109,0.05141166942666881,0.1243374350757247,0.09177016456207078,0.007443355295224604,-0.06184493733411582,-0.1329724337507125,-0.06989878811275883,-0.14972033767370893,-0.016587031395200475,0.16655035789956124,-0.07670917672197129,0.04806285513346778,0.17364266092705027,-0.046556198129468825,-0.21268045298693655,0.0707142138575867,0.08049648712100586,-0.12993193467046005,-0.0047084782680647825,0.06188908289348358,0.21695992807956446,0.11360657409481638,-0.30107855211838286,-0.17030734593795205,-0.06799429922542173,0.15310571654859606,-0.03183638557743029,0.2654922656865321,-0.15333173836577849,0.18737136800822762,0.18134661761847506,0.15926703841124576,-0.04280572363912121,-0.09253032916964354,-0.08083547566697445,-0.03881966836195408,-0.39295404830026587,-0.08696014454663868,0.014119203425274594,8.985128676481983e-05,-0.16542769425403409,-0.13024868071352677,1.0,0.1344986515096996,-0.22210151241561216,-0.16800103833305366,-0.28248502715463697,0.2397975397068348,-0.22609787285649757,0.5045831902956793,0.3713893907578735,0.4296371203619485,0.5264390606005335,-0.02709615065340339,0.4227368324295252,0.40584595329021733,0.33966447044743925,-0.09433098113361506,-0.193660435483085,-0.06054605706235026,0.08973677911423641,-0.12056653869940039,0.07615673767339494,0.208275443130706,0.03750945103812529,-0.0743867448961072,0.018834289903645,0.08208853222277707,-0.06783920782440958,0.017476181633094154,-0.07294995305703701,-0.06484844813966646,0.0366203561958223,-0.03363343229612344,0.054968239420858066,-0.10294218224723847,-0.029815258274664674,-0.20986160217410327,-0.10354902476582091,-0.22463537420140844,0.005482897946393751,0.020619558145833005,-0.026829886149605443,-0.01591642269022382,-0.04604499436255026,-0.037876740904088844,-0.22601277125422747,-0.012738862836980332,-0.13043910239450437,-0.04313218070902147,-0.16989126255853393,-0.18635879814872972,-0.06998680858839264,-0.1859237530632839,-0.07589843815266699,0.17052701636746634,0.02629341836510299,0.36097808347541915,0.2969430036358021,0.27838107326879913,0.4370466087688131
naming_time_value,0.02965950127396242,0.11192708004798643,0.006532822153538226,0.057125295510783866,0.05023492481176493,0.17896339114818405,-0.012201744317784443,0.09844549359155243,0.03187929066894836,0.10526826834072513,0.023184288801913523,0.053767793487024235,0.06787891213252588,0.033579221478562744,-0.02949603289603027,-0.14242013270666914,-0.0701397471125934,0.032813411824293294,0.12449136405109235,-0.0650868315394009,0.07288820729259966,0.05602059775256309,0.1320344456252302,-0.025985266475368377,0.048706955736281685,0.06836357614877626,-0.01453247677174504,0.07546859340233872,0.08259731851335812,-0.10049756955847804,0.11531093045209977,0.10872373363107603,0.12510871149958028,0.11129893383522987,0.12506045327867235,-0.028854259910195863,0.12991579745807527,0.013256931698281208,0.16881018498323067,0.03872503412725705,0.058837520604757346,-0.017591568745204927,0.06832148445292244,0.001581399124006693,0.059960991013704126,0.06754051701456648,0.08780845045426758,0.10830190419617676,0.022361697899759562,0.1344986515096996,1.0,0.05341842057039172,0.09175487940180845,7.853658729640519e-05,0.1279543404469613,0.05418281369506651,0.005033895439910536,-0.01963000777430776,0.02876120869310072,0.0522775585232311,-0.11073939341163862,-0.0260503253092431,-0.005722404054591276,-0.015313502254658573,0.06462869872470042,-0.05196807837984485,-0.08835095144736758,0.02415705969263998,0.0015653323671757891,-0.03852474205567573,0.039217853289995615,0.006331279443948749,-0.06013786573779478,0.04611992733341962,0.02635222442549054,0.03961700523528969,0.05046075403525134,-0.004419400208393337,0.015681933315238462,0.11916079252558802,-0.009031726768133254,0.1025742398568918,0.029821492304494945,0.07273968431375202,-0.05706740231978338,-0.07346690009903553,-0.06610928755309152,0.031108749772355594,0.05092262680834284,0.04177255220380532,-0.0088646838517645,-0.04025258335331619,0.07444515648726657,-0.07139084428943586,0.08921426842294329,-0.00826716263306498,-0.015258108321583285,-0.005588313095594164,-0.0259577044669156,0.07469416775560346,-0.2136010548131523,-0.017282624902071452,0.1910728057162942,0.03336563874084392,0.025360962007140227,0.04462368330226985,-0.006430253865204103,0.06316830263686157
repetition_time_value,0.15373548674822102,0.014432749638967419,0.0025340783640282615,0.08788339774149097,0.052240306499766166,0.03087372165692679,0.13877153415567847,0.04735443586660748,-0.022505737781060034,-0.01432095271577715,0.01694004251708564,0.08000986717180408,0.13021663180136483,0.0764212975432909,-0.14984654496112587,-0.03905592201042977,-0.22896582361804396,0.07735835562511514,0.05402929547747412,-0.25045454283556584,0.10739865009117641,-0.006204432299406349,-0.054418181473824545,-0.0956011035638096,0.19369854886111568,0.05691282616480729,-0.14615522852283588,0.05461986782049081,-0.050479644584844406,-0.0045914199169125305,0.21850810025360248,0.017239350785867306,-0.18538646292115368,0.13939905860483176,-0.09815244818918953,-0.07747222882012758,-0.1251428599023968,-0.08897560384311462,-0.11401768584193715,0.07408612954672064,0.0616343919718487,0.0587820103806771,0.14782744820562377,0.1577427672122688,0.299640593778893,-0.04689524485951946,0.1582825176539095,0.06883322766533631,0.0667295629831663,-0.22210151241561216,0.05341842057039172,1.0,0.10356460826036896,0.12157419516769521,0.18900922119848726,0.1316605490336543,-0.04005003651661385,-0.11825966659659971,-0.09445037146563022,-0.10404798543476701,-0.10126507855810578,-0.13847448178787242,-0.24029314719243253,-0.056193855311126584,0.3161919617583362,-0.026337526455294837,-0.11803923381749752,-0.1374520469318557,0.11099934732430795,0.08043429466576182,-0.012486898220072139,-0.034569109437974706,0.03760798220845378,0.008625567366042121,-0.0063203974949499865,-0.0005634142129870521,-0.08472389166744053,0.03975536245316513,0.034175546329215205,-0.029341668310330804,0.014463854459773967,-0.0036824507911524295,0.024126773248144204,0.007204441490211051,0.022058217623498154,-0.09990407439444306,-0.04655636613101769,-0.04581652579094824,-0.07474539904628419,-0.013824355515360194,3.0490787057909126e-05,0.033570257766465515,-0.013160641812911834,-0.022138332747222614,0.002922216714228779,-0.0001847283397952055,-0.015880792047168194,-0.014835869665663321,0.09875764191841724,-0.037522388464756876,-0.07585504296000393,0.045960432474536704,0.10252259363025613,-0.018886660361529355,-0.19007941067299172,-0.14685854388441646,-0.12495726146664712,-0.08224087844291914
subtraction_time_value,0.030471280734313405,0.07750893239997499,0.0391417906168918,0.022491520259810584,0.08385272119344139,0.11421709932600461,0.09717238488096192,0.10266136499792625,-0.03978677264714683,-0.04314941792157974,0.045254616483719076,0.0901704615643031,0.11199382093135538,0.08939520492515418,0.0483466974934996,-0.05387462916496506,-0.18150587332780374,0.008592570986085983,0.003151345066590011,0.06668820607588608,0.1020264380919211,0.0578797667427905,-0.011843889168041926,-0.05569591371464899,0.052501367119974676,0.08215391743935026,0.0007883934213613592,-0.012940848510638316,-0.02990694115402114,0.04092913193869376,0.20006785537471933,0.08679348106225644,0.09736566315612359,0.08714256843436534,0.049600811441478446,-0.07772068100488887,0.19835005649655507,-0.18208698442088223,0.16223586474521498,0.17345112990331749,0.0669505647938076,0.011436353146232902,0.1482599841404626,0.1619897895821058,0.10442012285364892,0.08450242181709423,0.18103094476825982,0.1538516796613264,0.1459683422636485,-0.16800103833305366,0.09175487940180845,0.10356460826036896,1.0,0.17376007511939937,0.1532393604476849,0.21407753888403233,-0.15197448592172538,-0.1875886439588648,-0.07789211198445226,-0.14321546840537053,-0.03839884161321186,-0.17508720308727227,-0.1860183999174483,-0.17439674765028712,0.0564632522340822,0.05943285863353539,0.016333387794318407,-0.026513255774326103,0.05321815728165395,-0.12218397392318694,-0.008597617532496132,-0.04063961587738377,-0.027374096261902205,0.031808909900734754,-0.08368917169009579,0.006089160843540618,0.016866468950627784,-0.0037807217261388326,0.033905154680757194,0.0023464300137855058,-0.0036144107767163594,0.037855164213688536,0.09207225498260437,-0.04476123944132099,-0.007251894895217236,0.015002993953743531,0.06873952517425651,-0.02543226882888678,-0.02965750505548675,0.024322676458720396,-0.008158402853718433,0.033391178143513944,0.0806675659439162,0.0063465014871754676,0.05020889638228966,0.04451297153402144,0.02470343855904461,-0.01253209541218057,0.06056666804778382,0.017081267811844134,0.006792092940245074,-0.005994107728045621,-0.04279433755250175,0.03206297958725577,-0.0748764646668522,-0.07007411626267339,-0.07819562496269734,-0.08341044618943881
cube_visuospatial_executive_time_value,0.05098848001106035,-0.03991456762502181,0.03017646827601722,0.011893214688026945,0.00696760693707661,0.05752879996385549,0.13117215690498102,0.04365353028735257,-0.08807562520362351,-0.014840180557667174,0.07716830319535531,0.03739453958057602,0.09119287619846579,0.04040383664753845,0.12342853215069235,-0.06596742378173596,-0.24788625081333931,-0.09434009338066807,-0.04298398138723259,-0.056292551873319344,0.06387923176386685,0.08975736224325544,-0.026980768532558617,-0.1041854765328581,0.08936715279292547,0.06565205291847143,0.02433659983556815,-0.19962446834832523,-0.13403523869146788,0.1409982903594911,0.25502634330368523,-0.06383905897094148,0.07828543933266614,0.024402792024185556,-0.024356346156616727,-0.017938420469781433,0.09884785305462893,-0.1513536570229701,0.05794644804647972,0.05712135642941532,0.06239216224773273,0.03256307625457166,0.1497839175271551,0.015036512081259827,0.026932761225168255,0.005382184936319542,0.02705889135857808,0.05338754925155106,0.11132081848766845,-0.28248502715463697,7.853658729640519e-05,0.12157419516769521,0.17376007511939937,1.0,0.053299897091281044,0.1382974639963262,-0.036599138214481165,-0.15330909863465753,-0.0713769197541779,-0.21766114918014423,0.023015167342281897,-0.15632928706742377,-0.1733620936435253,-0.16351959745623693,-0.012526880510254523,0.11202786210750526,-0.035859639211455054,-0.07733176976445041,0.08901747208719557,-0.018286555805904464,0.0360098785549772,0.09397312902985798,0.07791759450494373,-0.022440697553244068,-0.08853390084476069,0.0641737324922954,0.06091450512042754,0.1082475288753659,0.04430701708446186,-0.006906056556030743,-0.03358488313925583,0.004574960324295718,0.11780784688940116,-0.07486939967718594,0.050678506134968944,0.01735143389423448,0.08369227241596425,-0.013169310865698789,0.02049885963153033,0.011567372188841877,0.0034077317371642066,0.10771749290504685,0.11688206816137472,0.027716527889416386,0.04838613896878761,0.08821295922075027,0.038076932314881774,0.09328535678259697,0.058482270437231594,-0.024074810547783137,0.17684710921022556,0.03294573773922096,-0.15573018870911604,-0.0336004638750312,-0.25500485416115243,-0.13638940508812883,-0.09599386987747277,-0.13255875036811693
lettera_time_value,0.017405636674519026,-0.0913030476560479,-0.13499107292660334,-0.0123701480874546,-0.06042790968012828,0.03329454001422318,-0.00032984744665858303,0.09324080868333638,-0.005208341368912838,0.0042310582465680995,0.05892610074372079,0.07238513860038077,0.0036985996970097606,-0.013370978707993529,-0.028472126763893442,-0.0450199121536612,-0.1376655566033592,-0.1125098000127088,-0.02219460654228338,0.07648886040262863,0.025336155668970215,0.00338767401528535,0.16350388132440702,-0.004992734941783078,0.0015889146499256288,-0.0027848809588723656,0.02274096260238688,0.10283195838219024,0.09292606666634697,-0.20322870325447726,0.09159701384262707,-0.05283694005306701,0.17684184511622308,0.016158303750221342,0.12819153272861145,-0.18393108217648915,0.14550019104748813,-0.005248999576118083,0.12250961038768476,0.053272315980011864,-0.0060240748980215095,-0.08392008149151058,0.24191072800287516,-0.0870717514737192,0.25027061460645056,0.0107519059729192,0.2103092372197982,0.06767494093082493,0.11564771823843269,0.2397975397068348,0.1279543404469613,0.18900922119848726,0.1532393604476849,0.053299897091281044,1.0,0.03857950095175431,0.23168867719949734,0.010910101034004598,0.09661785730477765,0.07567858844325999,-0.09658809705979343,0.024291190253366582,-0.07083430298491747,0.07130563789130472,0.027059972194183723,-0.026710402475062338,-0.14041791276290252,0.022794740514127363,0.09134849632875855,0.11145134581835552,0.1464616794781675,0.05721891258964428,0.014096447454278014,0.010980906440527002,0.0026703043043441775,-0.043789035044033524,-0.041418371012420144,-0.011167635558814986,-0.015151775906127657,-0.1062309103675939,-0.0006940721934366003,0.0381575522396978,0.04041806114135855,-0.0750900616331891,-0.10700080824268161,-0.13270561758538374,-0.13243941263392653,-0.11461689445656714,-0.0789656461979212,-0.04370347927194724,5.521250926369762e-05,-0.06914914273318398,0.0575975117974,-0.14592779181656407,-0.017724663807048163,-0.04072679146590086,0.0017290970216625279,-0.0788822524986706,-0.10274943098269725,-0.13824767248932746,-0.06939816542211572,-0.02741888950520226,0.11054618078373596,-0.03577768337714994,0.058140023116719786,-0.00507267872291994,0.014342421722249837,0.08498686056501761
trails_visuospatial_executive_time_value,-0.028369768767100075,0.06172364698369311,0.011967656782216786,-0.08233686242646256,0.07033995361966172,0.06668599001525223,-0.04186350445161073,0.017146340231193553,0.04876445202887338,-0.02074230123247757,0.12366492116215679,0.0917975163879359,0.098828479327987,0.11312679634540533,0.1547334305589518,-0.11827213162035496,-0.02603365092451464,0.10631270603728069,0.0689682133020224,-0.004617649528563967,0.06972899901283772,0.11158694603727337,-0.0007348819403825695,0.027635534173816097,0.0956678915988793,0.031069136548971154,0.00045164578364717355,-0.04717812935160106,-0.002158499521488073,0.08051319148009221,0.14605585886557068,0.08230467353988369,-0.02132879616044677,0.09951225171375629,0.0672440252680493,0.029269180076714387,0.03323110271471434,-0.16582995006009912,0.09948317413827319,0.14629337005718493,0.12518248481727529,-0.009041709301490371,0.09282749805602351,0.14033014475748826,0.1025613629638278,0.08410022884423914,0.07208393084562797,0.11727187851726031,0.0636363125070571,-0.22609787285649757,0.05418281369506651,0.1316605490336543,0.21407753888403233,0.1382974639963262,0.03857950095175431,1.0,-0.1319786917570511,-0.15721281233380793,-0.11198429247676422,-0.13214314469239155,-0.04420300757673869,-0.150703829172391,-0.1420712561664896,-0.12112998707456112,-0.02423856470867855,0.10360856746539422,0.030979003761475096,0.08801676284009438,0.004414064158451459,-0.0022968098886733414,0.03299690535144979,0.02794937886076099,0.005156499737306421,-0.053508600450366095,-0.05632740083077027,-0.006584694739322686,-0.07699360932700365,0.010174819917735275,0.031738414944597615,-0.007226311325408898,0.033561249414628236,-0.028897736611737675,0.03528778694239093,-0.027667405375204623,0.029128013178443313,0.038570883938172866,0.029043828458464233,-0.061678664792437714,-5.1283952335788994e-05,0.015131660760067722,0.006179215906021179,-0.025816634681735905,0.015450330233465428,0.04174629610491738,0.0057102970505970305,0.06427121152211043,0.02997678756276371,0.026843126517203456,0.01727833934882759,-0.0026460000781419984,0.0722890842752237,0.0074740196167668764,-0.07769066302792697,0.0036128766171426878,-0.0675319717875916,-0.07299880711279613,-0.06310700320401945,-0.13009060238105585
moca_combined_mis_score_value,-0.08553963909084134,-0.20571503185395254,-0.0562938744934094,-0.018002680692887043,-0.23896601751211657,-0.06625019134058417,-0.08996684397011585,-0.023213647493036414,0.04414168856557526,0.0489688510514054,0.06509793262495446,-0.0354270484914365,-0.13252920506350097,-0.09018780141444889,-0.05336644968830066,0.061466981902617325,0.05678501740645517,-0.13745989875664202,-0.032408803807160706,0.09409523289047927,-0.07498249871167603,-0.1458868349533851,0.11689352953951408,0.018892547382577538,-0.05867321954050866,-0.06953625727953555,0.07147445895144511,0.06447138082126562,-0.08344633125305395,-0.16544306590971278,-0.07562441076195256,-0.18226742988502412,0.12128078769266393,-0.08209017607127975,0.16201325546623152,-0.10291158145894747,0.09862008144332324,0.09745112918397449,0.036497067510738765,-0.0568112243028113,-0.08231602766598856,-0.018737949681658168,0.06317292199186907,-0.4280859597546644,-0.0037375291764823082,-0.05475657833471809,-0.0036744822532333863,-0.15842279827817568,-0.010496057272147058,0.5045831902956793,0.005033895439910536,-0.04005003651661385,-0.15197448592172538,-0.036599138214481165,0.23168867719949734,-0.1319786917570511,1.0,0.2586360631926043,0.2581519734627742,0.2439942464390155,0.018139567315798112,0.28418489746241615,0.20042608200777548,0.3090676836331504,-0.11283082424695337,-0.03282493598273758,0.0012744942782062902,0.018106159381882085,-0.004041832457598149,0.21152306136819712,0.22648053797121925,0.1886588229507987,0.025319069706290328,-0.032786405807482134,0.044458902771617764,-0.0934079478399116,-0.008303787541517662,0.023884107706663802,-0.07359009185932307,-0.0608488448593151,-0.01798227067523996,-0.016573930821740152,-0.07519563675867426,-0.05485369894492516,-0.08841871614485694,-0.16431397543824053,-0.22186309577374996,-0.09476268317883012,0.0463142928692718,-0.051717148844776954,-0.022957944696728173,-0.013381332520060345,-0.03357921965766022,-0.08955184858156232,0.0009679317447465107,-0.0356892486181709,-0.02217093381311672,-0.0714393209384284,-0.20858606286507803,-0.09844652157727006,0.020614110736375722,-0.0805128003465159,0.08091065293269949,-0.10481797076731911,0.129745338570311,0.10242533852070859,0.15714669147973154,0.21740477508202136
memory_trial1_value,0.06012220060259623,-0.0038170213640344097,0.015135001922305215,0.08800113750368886,-0.0506176716146192,-0.06668593796679609,0.0005600152254965768,0.0013780861234392648,0.02587878913644588,0.04290125091114248,-0.05895643931881823,-0.026125831640065357,-0.031735029519899524,-0.048273281008777556,-0.09448310242470727,0.08632529849355941,0.06470824264934731,0.05850761253823118,0.08916912639708598,-0.050941475600844756,0.03642572830922393,-0.11555118377983943,-0.058290268458397625,-0.03197936545248663,0.019984587465802717,0.0036614865708353758,0.04437819309294431,0.007745857443114783,-0.0004699025578923338,-0.07352501643191228,-0.16065276020385139,-0.018676399901826294,-0.11587964309744696,-0.0030311365478614635,-0.0014741119722287116,-0.03293353079582665,-0.037809230002503566,0.10208843587111471,-0.11615335330273852,0.003474440458038718,-0.07430784588559669,0.037169847115048886,-0.060912284831780385,-0.20046515030718723,-0.06605633278651478,-0.04734635474466651,-0.08762553914981612,-0.10215846792027512,-0.10635927292015043,0.3713893907578735,-0.01963000777430776,-0.11825966659659971,-0.1875886439588648,-0.15330909863465753,0.010910101034004598,-0.15721281233380793,0.2586360631926043,1.0,0.33385806761337183,0.221563095001931,0.028359119204454882,0.25844138661425453,0.31942562046826045,0.21536936812887142,0.023402465599345668,-0.09122264779310958,-0.09383231470087408,-0.009157927444093552,-0.06386136320986169,0.04161644870523133,0.1115957363369835,-0.026005915233953375,-0.010628343537726957,0.006638858957506951,0.02640729597734471,0.02423465721986755,-0.03279447349076118,0.004145590950288437,-0.018699668862171608,0.04730481461831653,0.03213531870705649,0.04153238628670638,-0.06639172082162419,-0.00954136040188176,0.02619373900700416,0.06649182715301988,-0.0262210836133469,0.047975928526017925,0.03011997740232457,-0.04107525380483398,0.002968785270931982,0.09656668236289949,-0.07468859838250592,0.035016956949043186,-0.02031855512201495,-0.06024903076761208,-0.016089413101808298,-0.04530534421081957,0.025889652371228377,0.004819752966431235,0.01578923256135888,0.007994994731699678,0.09013493849404519,-0.11153457792533344,0.07590261865887048,0.14631961077073277,0.1567644525652465,0.15538829022613687
memory_trial2_value,0.0846865253468635,-0.06625287130394472,-0.042963560192963254,0.11358979807634825,-0.14327844945730056,0.014176978981495286,0.0736076485901788,0.04015699596220682,0.01108290026177771,0.065943459970299,-0.012985033721629987,-0.044868918499115576,-0.01103566851080789,-0.09529188895994713,-0.05836551686705902,-0.02108821996572436,-0.039298322697277316,-0.01224090830455665,0.06642602057822047,0.02581957572934797,0.011642216944073516,-0.15314186590467185,-0.032024188741215,-0.05547629392094285,0.012930950202729944,0.00020500366592262625,0.08223963649149138,0.0014107275282752687,0.035594256869188594,-0.17263262258792897,-0.07467764208418123,-0.061467965468268305,0.02309097714433931,0.021829439237784104,0.11380785006348497,-0.10592646077558436,0.06136322674975001,0.11659449843239413,0.03333904812561344,0.012028504572083605,-0.059204334578033334,0.01153844366207908,0.007074212169128695,-0.1992744321850072,-0.04546886075232485,-0.015248886501853442,-0.07795124653896442,-0.13373804946549064,-0.06932224098283588,0.4296371203619485,0.02876120869310072,-0.09445037146563022,-0.07789211198445226,-0.0713769197541779,0.09661785730477765,-0.11198429247676422,0.2581519734627742,0.33385806761337183,1.0,0.2632384491422561,0.003973536893704026,0.29381627238700475,0.2816648412654108,0.16429506056990123,0.06409835848537376,-0.1310858452797047,-0.143648721748622,-0.036048052374992236,0.0027059749226646264,0.07257713742265852,0.09211462421549463,-0.018924619744043407,-0.02532601033038673,0.045283955280378374,0.014692314191538457,-0.021698605145435337,0.024954078247383597,0.014117133054242717,-0.011778272459997394,0.01782463908896098,0.01353265301383322,0.03133032745312604,-0.07025824400329303,-0.08841280303821629,-0.07463936652597117,0.037396309094356386,-0.06349494670012296,0.004599766489864909,0.005968443115676051,-0.028781940336079243,0.0028443439458183816,0.09291798605849755,0.02766597021481484,-0.0791020514203863,-0.014790802236152197,-0.09527943549402945,0.004909152493731069,-0.11375833303268648,-0.09140961260150565,-0.03248147930694635,-0.07961191315213544,-0.008606691052772814,0.09008122100446263,-0.008601344871146412,0.07800760071649111,0.11233386609448048,0.20920137044348736,0.178793160260374
moca_abstraction_value,-0.10265194386100591,-0.03518266803127857,-0.028019353298198813,-0.08257414492122415,-0.05319555983764527,-0.10827684302460813,-0.15188588530220273,-0.045198008508826756,0.08657204205045604,0.030713679219380854,-0.01115801389508735,-0.020330678082475576,-0.09805050592750275,-0.04216535289293115,-0.142158644370157,0.06905484287531338,0.16193012253302866,-0.07490912798788917,-0.013541507303109072,-0.018925957848093897,-0.07156761296762496,-0.06678861845719987,0.007879425053777322,0.07135521316845282,-0.054665319926040463,-0.020229008546642585,-0.01675837652921354,0.11466322855518646,0.05065180938885325,-0.05462100636511851,-0.20593780066386577,-0.011435574178385866,0.011125364467482161,-0.019567898955610716,0.060050239624935074,-0.03946228762330697,-0.039284491095565505,0.09357531336876845,0.009985167055479704,-0.05471425426288852,-0.056362855646942454,-0.04824348191055177,-0.046039480442741365,-0.19489136105982796,-0.012598757273077188,0.0023577164916361356,-0.02017726701128706,-0.1304360251552292,-0.10462419837426568,0.5264390606005335,0.0522775585232311,-0.10404798543476701,-0.14321546840537053,-0.21766114918014423,0.07567858844325999,-0.13214314469239155,0.2439942464390155,0.221563095001931,0.2632384491422561,1.0,-0.02788295156704412,0.28711342881766116,0.2724794898247536,0.22706178866360105,-0.08727213086794013,-0.10615455676839537,0.0473282333635608,0.14573147678069356,-0.03244344220926966,0.01463380034619739,0.03890101428022663,-0.02126769297042968,0.024999056308102063,0.08582926419502326,0.09103028311496142,0.014291571285299376,0.021648015744663792,0.0023735843825194707,0.016248201690726816,-0.001349037686303464,-0.007419591860905945,-0.011529088599247167,-0.08881481516192559,0.02087227758671561,-0.08270478503499923,-0.018421014034315227,-0.048290076029443574,0.05027320222031186,-0.011404448126073207,-0.00812690255097482,0.0028397298157050318,-0.003909638002900847,-0.016087870995045148,-0.12793661622437688,-0.01426498357156234,-0.06464799051207575,-0.030608756558486248,-0.06409399956579045,-0.06582604203486093,-0.050800478749454085,-0.10366765737971693,-0.03107395212737125,0.10403828114098215,0.002794765266712792,0.22630370660977292,0.12221281418450189,0.23385786786870388,0.2711573339922094
moca_orientation_value,-0.036287857014011424,0.022481814544709412,0.024407991095727406,-0.0234088318691511,-0.005264966011474327,-0.05523159028114835,0.0027306936929921855,-0.06890402098548636,-0.03272014792358345,-0.004748020617172873,-0.06659905926352713,-0.024927177929814085,-0.05446709717387851,-0.010372772529830708,-0.008010375498553428,0.0957803985653337,0.0964082031150969,-0.048944592241082364,-0.07793376155897372,0.05722096937195787,-0.046116017781882415,0.03711783249656791,0.03471977386902496,-0.011050445977080187,-0.04835122278884217,-0.027162095985864915,0.009573956605985036,-0.10209326800776725,-0.023021391282108165,0.0350057776141764,-0.050758387996110536,-0.03744331940518008,-0.01739532281308538,-0.04987173684369856,-0.07306892030760417,0.04109766057625249,-0.04553333124406789,-0.0032902371518684866,-0.07945291384457506,-0.10508574561180008,-0.024867878892984193,-0.04535791751474579,-0.03406950508017205,-0.09642394599123912,-0.10158981020901402,0.0016934138319889065,-0.04265257473196403,-0.055774726919418316,-0.019739174361649476,-0.02709615065340339,-0.11073939341163862,-0.10126507855810578,-0.03839884161321186,0.023015167342281897,-0.09658809705979343,-0.04420300757673869,0.018139567315798112,0.028359119204454882,0.003973536893704026,-0.02788295156704412,1.0,-0.01394847496257355,0.013468442214115457,-0.001762104796550747,-0.14034322506127095,0.08968396504570018,0.052287154986121846,0.021881462454259547,-0.023715234074678813,-0.09131313959909151,-0.024784201872979694,0.004386440036146298,0.03286800944087452,-0.0029408589495680776,0.018216304936503495,0.05087190236564794,0.02685195083578654,0.0015856739315396442,0.023805611866973702,0.012076629465891367,-0.03654751168290294,-0.03306452999039583,0.03451085059400969,-0.025136812740347927,0.03195427456154776,0.009344560473925269,0.0789538741746573,0.023006308731467938,0.015750085798322745,0.02075265581974602,0.0025232304250442563,0.01859401377661574,0.014933275920164888,0.04424276024304713,0.011872684772359313,0.005625877542101638,0.0037717489871164486,0.03016946492020839,0.053898659868922345,-0.0030813199197228767,0.15541576072650848,0.016698224518339216,-0.1773401458738171,0.010549229319087711,-0.017755728859822014,0.008934924881438933,-0.02052202733598835,-0.014882681387255457
naming_value,0.05204237748416803,-0.17500109159474833,-0.003524409842000906,0.06348529735043494,-0.15239370727955293,0.01192198296836274,0.01244573931752396,0.049142211058395585,0.008058172621175086,0.025557394060991452,-0.006350025207929202,-0.04004873427370798,-0.06964123493249727,-0.04052044313320053,0.006407686773648861,-0.01927639405961072,0.07395386262540417,-0.008363321973141317,0.015142556881256973,0.0927999445183496,-0.10229002768057041,-0.11282982664575252,-0.05512429358572845,0.047237577308370776,-0.07674594451732472,-0.037240236024416076,0.03319432109164592,0.06599327892941359,-0.008996587793801528,-0.1021539126402533,-0.11405381480694467,-0.13689672590146537,0.05814796373824108,-0.036550225810312434,0.08449083916252619,-0.04660320194218733,0.03498006340008052,0.15087691476553453,-0.005476116871073151,-0.022870250873164032,-0.05574404324637715,0.008133734289697846,-0.06534987518661295,-0.15572567232958862,-0.08920584168965598,-0.005138646209189643,-0.12609459781875626,-0.13688989208611707,-0.031391901497475776,0.4227368324295252,-0.0260503253092431,-0.13847448178787242,-0.17508720308727227,-0.15632928706742377,0.024291190253366582,-0.150703829172391,0.28418489746241615,0.25844138661425453,0.29381627238700475,0.28711342881766116,-0.01394847496257355,1.0,0.2823293247588302,0.25459649413672314,-0.009039879140435162,-0.10049539120770379,0.008450250682284891,-0.023164579308088,-0.06760179147654491,0.14209751501596407,0.04599214371950872,0.06125504235445371,-0.002423155947630655,-0.020973095218112192,0.03941450860440604,-0.1284822036652796,-0.008605403963873872,-0.005918668956756055,-0.043155681586477486,-0.03791420249311147,-0.003918122358367354,-0.0440140433393218,-0.13960172178143643,-0.0182862892464821,-0.06926946521865424,-0.07266938923958807,-0.11763343566299242,0.01333480723112112,0.03183893044985234,-0.05684973331331585,-0.009174039866977148,-0.02955103824411125,-0.11537274633773735,-0.07116701716850565,-0.01226311581169482,-0.03715488857553842,-0.021900459382986324,-0.04892726645269475,-0.16072850541560396,-0.07754072415858235,0.013496635000758175,-0.08224692905850259,0.06287675173046697,-0.08998181652311969,0.1945558830962377,0.15050248683486359,0.21612355519016582,0.20304363505700856
repetition_value,0.08396392726791706,-0.046169047601174684,0.05784727852364667,0.09809683729406893,-0.11900436469367269,0.024936999937756804,0.0032864815623904822,0.06271817661935118,-1.2581440037576364e-05,0.12275819652535827,-0.07268801381011239,0.0015777462909150636,-0.028011671777006242,-0.026472247999792184,-0.001558280631616571,-0.040486302175579386,0.12837449458387157,0.05664128876639718,0.1348492684107538,-0.11273792549018781,-0.021849884360746297,-0.05552646840432575,-0.058384766077133624,0.015234544417328275,0.038720417873104644,0.02299062051713542,0.012006728990985498,-0.02662658136750292,0.06281186582806907,-0.036151010637145584,-0.23034181209091306,-0.06067945519906881,-0.03562813920118286,0.06723922009028441,-0.009187565934109144,-0.031776003119018854,-0.08723706228866149,0.1493905184145339,-0.07073319903963927,0.010178660253927106,-0.0072309174086173066,0.05570414970505166,-0.14984490135848708,-0.15109721221310388,-0.17407606988647448,-0.045027509428866644,-0.21116930862722905,-0.14667168844174927,-0.07312911347620028,0.40584595329021733,-0.005722404054591276,-0.24029314719243253,-0.1860183999174483,-0.1733620936435253,-0.07083430298491747,-0.1420712561664896,0.20042608200777548,0.31942562046826045,0.2816648412654108,0.2724794898247536,0.013468442214115457,0.2823293247588302,1.0,0.1768645389345217,-0.020536275472896978,-0.11001331252607287,0.0321429985883495,0.008871279625013323,0.033989317254355354,0.04216773915632165,0.03316661315478489,-0.03608576880366986,-8.109913885429189e-05,0.07668037112611117,0.12736034648596486,0.05556898789137705,0.030072249780262537,0.028132458206984196,-0.03188295615786677,0.05290205819220341,0.027015458347042838,0.00044299585742180604,-0.08535558163159389,0.014094858754020608,-0.034352573953756085,0.09460342822334915,-0.0015331650296899286,0.06083499367776506,0.06594749132544533,0.008999233229753848,0.015208549274022858,0.10387734180730046,0.011937589760889825,-0.006266178201390694,0.012408067110949222,-0.06629620893243586,-0.010661960070119356,-0.03585102579301017,-0.04413573320734732,0.026586815662217936,0.01781614338742945,-0.04246527388463056,0.005813819640797542,-0.027663073550018978,0.10867608874289515,0.13465608057955689,0.16658845958176405,0.18259798680767142
subtraction_value,-0.12418980244161969,-0.09915403098497053,-0.018601511715392916,-0.09135326273001759,-0.10878172732895941,-0.1500644113815053,-0.16960047966660857,-0.0985001163286565,0.08114043460377131,-0.024353518942484893,0.021699482764367877,-0.017512810832769413,-0.15221278152823206,-0.019477269223106854,-0.10791313173476358,0.15188321574508964,0.17537657467685555,0.027148645747791997,-0.01172959206273366,0.007740292234002303,-0.11126640043324128,-0.04183336023476704,0.0699284338376904,0.09872177542696352,-0.028821746345552623,-0.057115243394884725,-0.0011929267597389694,0.0500569921910913,0.007527170672143404,-0.03541504327881568,-0.18484012794292262,-0.04866190581497891,-0.04075500326541864,-0.05123477382609354,-0.032851641138046436,0.03463490470452043,-0.0618713215950592,0.1130378677216329,-0.15288553613342434,-0.06847815488847932,-0.04728780651615295,-0.028847888111242486,0.0014643211887432714,-0.16451427432616417,0.013775545202928655,-0.043488109540820025,-0.02182415442730084,-0.1070219765957914,-0.017509304309073135,0.33966447044743925,-0.015313502254658573,-0.056193855311126584,-0.17439674765028712,-0.16351959745623693,0.07130563789130472,-0.12112998707456112,0.3090676836331504,0.21536936812887142,0.16429506056990123,0.22706178866360105,-0.001762104796550747,0.25459649413672314,0.1768645389345217,1.0,-0.10201987436626958,0.02286559472679337,0.02846276367088284,0.05585098215938038,-0.08993339196762402,0.11018614527131464,0.03943198110486131,0.09852466934025013,0.015663866980287773,0.0024963872889129657,0.09153636880653739,-0.05472903551936265,-0.03163967290520938,-0.013289966342140821,-0.03493227100565557,-0.041356802309570104,0.010680455003212148,-0.05373785636217837,-0.1212043973886851,0.05261214288188357,0.02416716946067739,-0.072136668698822,-0.10842583199925583,0.0003205104287747419,0.036353016386055856,-0.034547201234625735,0.008812347799857788,-0.045548050846573436,-0.09278681006888377,0.028107865430052392,-0.006781184904164488,-0.028211098389319754,-0.03507108738146825,-0.011384744206648747,-0.09669254425378955,-0.03369335710453241,0.02943304182479538,-0.04612857433209804,0.05660257860901001,-0.08771146015388122,0.17438174477238208,0.1001780876999822,0.1414974366812268,0.13303085859321248
Rate,0.6220210413526873,0.014773557055086933,0.0359951369686201,0.6262969690554124,0.11622694171571603,0.23431126047352135,0.6247585398050146,0.25332026732506324,-0.13797411133833254,0.06539310351459623,-0.14179679407597529,0.021781259729254262,0.3137077425022967,-0.009883700563731519,-0.20150775469050813,-0.20936810129624514,-0.454858570594228,0.09136906624062531,0.08969785255214449,-0.17934468945056664,0.10214794018598258,-0.1309035382940472,-0.10161605446969732,-0.20989513069281532,0.26349689990926745,0.13738175001165717,-0.1477559899097733,-0.051169338489035605,0.014561260729597047,-0.04552433304510155,0.18075960933216415,0.025632148858027323,-0.20314337496943802,0.22188182856546965,-0.008200413798606997,-0.15972859878564047,-0.028784827562973493,-0.02995715928280018,-0.09586857871481459,0.17440774016415653,0.045592025806367946,0.09153480413971571,-0.06453470091890588,0.2325503096043712,0.12166953822132907,-0.11791783369740841,-0.0900283025132439,0.02436041746566601,-0.027854036190893113,-0.09433098113361506,0.06462869872470042,0.3161919617583362,0.0564632522340822,-0.012526880510254523,0.027059972194183723,-0.02423856470867855,-0.11283082424695337,0.023402465599345668,0.06409835848537376,-0.08727213086794013,-0.14034322506127095,-0.009039879140435162,-0.020536275472896978,-0.10201987436626958,1.0,-0.3272798495521613,-0.2925388055521923,-0.6313505407075931,0.2050685095513379,0.24357920798608804,-0.11000130545503549,-0.1331302909973946,0.009706034976121538,-0.07472399639385106,0.020304174808877216,0.020676365872913226,-0.048717143055922105,0.05400794135929474,0.030911867415860918,0.008199999459285295,-0.035138201830292475,0.07159304934776184,0.006960123307620211,-0.05028301248258433,-0.0287048257902363,0.01540121625550742,-0.06029889975460894,0.04884008923415962,-0.08215387645946358,-0.055735052127650744,0.02386185864287998,0.15413041600055355,-0.04796276396761562,-0.09525092201408794,-0.004152983889415736,-0.05283384019969764,0.003686668780697482,-0.0848303524088632,0.1476462101671985,0.013132775686604854,-0.2496426901706869,0.0717981596459232,0.26627744321504765,0.0050023198088529255,-0.21726968798027893,0.03233512993776078,-0.07967985450570322,-0.031634929841095
PR,-0.2611967599266658,0.04249812620867524,0.07108335271415421,-0.287481592424445,0.07199573150491248,-0.18736278591365085,-0.26177720983228286,-0.1774650360924399,0.06407407116621036,-0.06663294913324813,0.0922836672210262,0.1018745875431387,-0.08901170046463812,0.0496875331508686,0.04687591777770517,0.2521907409892312,0.05708356592764601,0.016221178436746638,-0.06616077807424094,0.031748550503271196,0.04914161455535015,0.23499296513080695,0.18139005004530115,0.07710478908111791,0.036206457633899965,-0.04330231232571304,0.07450002324748706,-0.1729446752968629,-0.002771245091988363,0.20345712799680607,-0.05952827662823145,0.11068680128214693,0.035673473277240214,-0.0385531727292132,-0.08227265320758213,0.2117709640745475,0.07082189314649262,-0.04281938028301913,-0.03427587907842078,-0.04472380072104532,0.024529728178685907,-0.08177583757540892,0.11253629732778737,0.0672156590483003,0.08940947384566554,0.014282488674428034,0.07622040958776985,0.056646133317536755,0.10353903271779186,-0.193660435483085,-0.05196807837984485,-0.026337526455294837,0.05943285863353539,0.11202786210750526,-0.026710402475062338,0.10360856746539422,-0.03282493598273758,-0.09122264779310958,-0.1310858452797047,-0.10615455676839537,0.08968396504570018,-0.10049539120770379,-0.11001331252607287,0.02286559472679337,-0.3272798495521613,1.0,0.2172340873707342,0.12518880849319453,-0.09341554967611755,-0.041801048770340764,-0.10685556590187197,0.0752834717455767,0.1081464241308897,0.03371830240667886,0.07032518657182288,0.07088786123728266,-0.03667151953825743,0.03974630973363217,0.04148103860417957,0.009994736066040141,0.05833089853887332,-0.035328086888692066,0.08492049996633388,0.12991584774844037,0.10835254366401564,-0.01045827299022889,0.04448912956147495,0.04558406127600208,0.05390232584018909,0.031526224699301796,-0.013562373733796344,-0.07636203454263658,0.010635973290394216,0.17053868749294224,0.036059732183910766,0.09106386041455364,0.00020073248728715037,0.12203288456276666,0.02835785678523935,0.06110214176023796,0.3190172200403368,0.04134789382721874,-0.14160293224235335,-0.21078866895489082,0.054805946586650015,-0.10866184626486997,-0.056513138690674085,-0.11810605394375416
QRSD,-0.16578060352479246,0.022852272929582536,0.1758334390502972,-0.19007580149174386,0.0908987924441587,-0.059198311164377446,-0.22335866269662666,-0.03099067066207516,0.020393487426707185,-0.054752066242199304,0.023262533329723282,0.10965113283779265,-0.05280623080715258,0.11883071834576857,0.13443336131041478,0.03143725164702956,0.16143427479986985,-0.01327708631940274,-0.03911787679433766,-0.08705369966804168,-0.0023515108448940066,0.24887056490236814,0.009068286131497688,0.13607109334190506,-0.06986643143635021,0.02365502696724066,-0.09047858255971278,0.0115995158151355,-0.18664763319335081,0.3527299486550611,-0.035306594166623045,-0.025767460043545225,0.010291950331847379,-0.02999932590256892,-0.08572967158190498,0.10458830520800426,-0.12074183564569001,-0.12959698619390805,-0.0064258967358095135,0.05074130091911557,0.12125528106645334,-0.0354161375148352,-0.07857763783563382,0.008271988782754123,-0.0014158754131611407,0.10355242647144651,-0.006487541182428075,-0.0041828673323610665,0.11441583268986748,-0.06054605706235026,-0.08835095144736758,-0.11803923381749752,0.016333387794318407,-0.035859639211455054,-0.14041791276290252,0.030979003761475096,0.0012744942782062902,-0.09383231470087408,-0.143648721748622,0.0473282333635608,0.052287154986121846,0.008450250682284891,0.0321429985883495,0.02846276367088284,-0.2925388055521923,0.2172340873707342,1.0,0.2537330661773126,0.23678269443488387,-0.038823729673959737,-0.13361656549095396,0.1077197970238112,0.06692467542012229,0.07805664701501175,0.13337691438848148,0.022240814812208107,0.0366767825594441,0.03259808448425964,0.04453063998949577,0.03329145260820649,-0.04399659505695604,-0.05145277951189692,-0.009209415209191331,0.15704708562767583,0.06965227285060917,-0.06583178435771476,0.06866726300069527,0.11897896901143529,0.05629686995422061,0.058166183092406655,0.030798810344531583,-0.059390371548891596,-0.029199050313631028,0.05700960324389312,0.04057486890365776,0.12591847943335902,-0.01507243668481031,0.13656301339270904,0.039844592479542286,-0.010819055235566567,0.3061690430232738,-0.03542730571075193,-0.2750331718506825,-0.05176734238208972,0.09885106285830719,-0.05448552801331395,0.02652779216245248,-0.01238562689747421
QT,-0.5758371520725515,0.0773735203496622,0.028180073054167615,-0.5982477503814974,-0.006649364553209725,-0.27958377673419943,-0.6457145366518077,-0.2562142354587358,0.14284885351212398,0.015305018012785816,0.11329768263366137,0.06513185315358429,-0.19053172821741363,0.014954144275475515,0.03698382873807255,0.17823960238800374,0.21660607278274113,-0.021309428699083942,-0.013940238973110343,-0.08880133805717788,0.02248636259276773,0.18064769956040053,-0.009136999756218648,0.16317645833956143,-0.0022336399438006695,-0.050835864463943545,-0.022250051468524806,0.08302834636458878,-0.015781854845313813,0.08339718158505145,-0.04276499668791067,0.13516831653449146,-0.10980201158663375,-0.043181583923083494,0.0998084268935856,0.06576740303269299,-0.0952139409296698,-0.1693690883689863,0.07728758692383937,-0.017240747878643103,0.011535965438093836,-0.08465997295024018,0.06065408403998042,-0.1493730850314337,-0.039851402373046504,0.1563665246234243,-0.025430123502598448,0.1283182701047184,-0.14179022016936116,0.08973677911423641,0.02415705969263998,-0.1374520469318557,-0.026513255774326103,-0.07733176976445041,0.022794740514127363,0.08801676284009438,0.018106159381882085,-0.009157927444093552,-0.036048052374992236,0.14573147678069356,0.021881462454259547,-0.023164579308088,0.008871279625013323,0.05585098215938038,-0.6313505407075931,0.12518880849319453,0.2537330661773126,1.0,0.12648069589862884,-0.16292105572102294,0.1212517051231907,-0.015555937878465745,-0.028396809429758366,0.052617104082512266,0.009718573028743946,0.0030167030275141823,-0.0015728261159923377,-0.03548366008264226,-0.023767461208831674,-0.07855243673185483,0.05383468401977456,-0.10032283543791999,-0.06444411426412554,0.05696674598573526,0.04536754641869908,0.08091960893627485,0.0691789334444656,-0.028768919389457866,-0.044649993145616775,0.025240762970027742,-0.006550989577668218,-0.0686856267570896,-0.05837954106423521,0.06692752311764567,-0.07308415590733597,0.06004285485741728,0.00830564441056665,0.06387265842053916,-0.061627405688156396,-0.0731181910065332,-0.052530043713924196,-0.06927701585262933,0.014642464413658329,0.0371083374271444,0.1912953891050759,-0.09819681359345822,0.06841309202286881,0.041008949435221126
QTc,0.0620149353948956,0.021078573088742166,0.0030633027433594126,0.0773782435467023,0.09069637286288487,-0.06548860705174175,0.05837222171572902,0.007467253185020531,-0.19876478209553589,0.10814670471273564,-0.06105652132812837,0.16908505923197475,0.0954077840912734,0.07245890943756135,-0.14406723756615353,0.012636451589799385,-0.3600768066586139,-0.11573481924641937,-0.00918940079402147,-0.376606462378436,0.07880150005557815,0.1802025738542816,0.04808355114770794,-0.14800461712793722,0.20996830170589337,0.11704242991365102,-0.06483326055949898,-0.08984355599973194,-0.196062613528303,0.22398253394804088,0.2549938349742117,-0.03618513120038473,-0.06025543519553404,0.12140780415845262,-0.055253975079043866,-0.15831574539342783,-0.09442679600171866,-0.1625452463033453,-0.09002745112967309,0.12327168294182893,0.10957135041117831,0.05376900284217454,-0.021993203650500375,-0.0133916238570632,0.10955143766453862,-0.02450293436227786,-0.1001805964849307,0.007124812258808007,0.08091413907019286,-0.12056653869940039,0.0015653323671757891,0.11099934732430795,0.05321815728165395,0.08901747208719557,0.09134849632875855,0.004414064158451459,-0.004041832457598149,-0.06386136320986169,0.0027059749226646264,-0.03244344220926966,-0.023715234074678813,-0.06760179147654491,0.033989317254355354,-0.08993339196762402,0.2050685095513379,-0.09341554967611755,0.23678269443488387,0.12648069589862884,1.0,0.08166281046029247,-0.1030471663882907,0.034572123658359655,0.1181894459181458,0.1605335712761615,0.1274209781041636,0.1690774161472996,0.13801992484802564,0.1606424764399414,0.08059603716838208,-0.03926476824578972,-0.09112528467287397,0.045660496703485244,0.03437585890645407,0.04356305213891429,0.019276253663251502,0.00745298103740432,0.10473570390729621,0.09060418224463035,-0.0008185034860135455,0.041803777529325195,0.03968459097666953,0.16988861261763855,0.11180869758573246,-0.04796279809807451,0.07433459535558701,0.044906906526556226,0.02174289053678089,0.10572225681809075,0.11359630160757081,-0.028531740413072906,0.0786575307515925,0.021148693098052538,-0.09097381656893154,0.010609166888612031,-0.1669851395673666,-0.12542449576507567,-0.04829265084361884,-0.013000053779137032
P,0.1315928947020389,-0.39511496763283277,-0.11085517517748922,0.07796045628450664,-0.24061374704566305,0.06275729799959792,0.03690391315217716,0.07243025170140509,0.03350228145325679,0.052002920075414294,0.17690246685851826,-0.07411167032054661,-0.015349703141235444,-0.07752472294645098,0.20037751936631681,-0.19571201072539907,-0.07316075445609256,-0.009141984442628924,0.12144923264241285,0.02242934611296128,-0.1002322287941159,0.00726570553021756,0.1957174397123796,0.1096122328166675,-0.0034899064361779528,-0.08161588903981612,0.0013775466009119895,0.014772479849739017,-0.11368004445704306,-0.08831443474208867,-0.012715516229342774,-0.2498604626651482,0.1525112171038297,-0.06343098918437098,0.25944434005371614,-0.00762640079365892,-0.03777099878040085,0.1507039568429273,0.12462944907700348,0.011899059600882963,0.012443818893580465,-0.07886222674792136,0.03198595355065111,-0.07890602220296332,-0.009732328868872046,-0.028055224387008252,-0.16137913499949555,-0.06311698388498753,0.014105697662165226,0.07615673767339494,-0.03852474205567573,0.08043429466576182,-0.12218397392318694,-0.018286555805904464,0.11145134581835552,-0.0022968098886733414,0.21152306136819712,0.04161644870523133,0.07257713742265852,0.01463380034619739,-0.09131313959909151,0.14209751501596407,0.04216773915632165,0.11018614527131464,0.24357920798608804,-0.041801048770340764,-0.038823729673959737,-0.16292105572102294,0.08166281046029247,1.0,0.1261295462208804,0.3137671286418711,0.1265137163115096,-0.16257468646338258,0.06368553281758413,-0.09109674884094139,0.0048765936090414685,0.01606178257924105,-0.07832304041159321,-0.09349900669684588,0.032045417352480746,-0.05365686525775373,-0.023169236800370717,-0.014778240803357228,-0.025952815764292165,-0.10043638431396398,-0.2909063118437492,-0.13642942522445153,0.012678458333875259,-0.056314031447343954,-0.008039939462501335,-0.12914137060711148,-0.05414708252922074,-0.04342992330911486,-0.07149483602500192,0.013585593548974723,-0.0015737917854909591,-0.014267667851079328,-0.3420557942117265,-0.06333730552760818,0.06887632782733595,-0.017301759065510545,0.1388023711940522,-0.2098946859817953,0.029666045782299665,0.036701067478052664,0.062117181036734116,0.046048817330647786
QRS,-0.09012832001154605,-0.12018835142391714,-0.15902300265141386,-0.05392396171690364,-0.1254612114837286,0.08386534097169887,-0.046852050706121307,0.06344484192689609,0.08467078169124659,0.09623164015162694,0.15064550882238625,-0.10352702291637968,-0.010106243598306778,-0.08257624842951021,0.16800682548811485,-0.14964052342778952,0.0176988522451361,-0.0338003263544753,0.05857403651130583,0.15759941420391338,0.06111333212255465,-0.3257086985668927,-0.05729202177096849,0.0073567179718513065,-0.07924959827811802,-0.0043081423271634466,0.1268335594493885,0.18031657823072259,-0.014397323523785862,-0.25752469526785193,0.22962493088077235,-0.09994478008092193,0.1057949533298044,-0.05164413799071352,0.29318750253585396,-0.21104723355972085,0.19261541877951566,-0.07496982122995721,0.24152612411053076,0.049249830953257,-0.05382799409479485,-0.028513300473053126,0.06949475201871785,-0.32729943159920105,-0.08463689656709884,0.04673719036520485,-0.048829585262368684,-0.002603244121794456,-0.12141760125084877,0.208275443130706,0.039217853289995615,-0.012486898220072139,-0.008597617532496132,0.0360098785549772,0.1464616794781675,0.03299690535144979,0.22648053797121925,0.1115957363369835,0.09211462421549463,0.03890101428022663,-0.024784201872979694,0.04599214371950872,0.03316661315478489,0.03943198110486131,-0.11000130545503549,-0.10685556590187197,-0.13361656549095396,0.1212517051231907,-0.1030471663882907,0.1261295462208804,1.0,0.05822735840094278,-0.07279856220239586,-0.21375000690278387,-0.2654266578950396,-0.20261729390001118,-0.11028248882934205,-0.056704877793554105,-0.07506408885553237,0.0022105364656670894,-0.016886663913059586,0.03764187637486174,-0.015087528725332873,-0.20564882743550264,-0.07848786307219854,-0.05905657885178441,-0.24991272726480748,-0.19440029825013705,0.017042576421171598,-0.05233741289829021,-0.022123400095960356,-0.022020686965421532,-0.043288471023526766,-0.07759930724610546,-0.04692914355529183,-0.025030607321049617,0.0062990583820464845,-0.07105308351474855,-0.16664196978932588,-0.11571516333580453,-0.16265491211434702,-0.027378010287619648,0.0870016277057488,0.0915175035878541,-0.03991414957969875,0.056812720688728925,0.04816120046526177,0.09982093619523008
T,-0.11703144631592946,-0.2095272252455698,-0.09936036500626098,-0.12959952914289763,-0.11751241062588869,-0.05659072688868944,-0.12325483044547167,-0.026634195607690467,-0.028417898195722362,-0.07602810548721316,0.19229864797723867,-0.038595102230610426,-0.09177850963295613,-0.019921257423291486,0.21473597036449263,-0.1358740402969537,0.16826429719882896,-0.059581888545992515,0.09661928392544603,0.14602630141597756,-0.1787399672302715,0.1375796907218093,0.22573268857352943,0.22858151632741197,-0.09905714555019693,-0.10119148665177198,0.04717452342610535,-0.018735448191470386,-0.1867941252342803,0.07306008182486955,0.03874815542126214,-0.1610341921263598,0.27137881102916467,-0.09449455066317515,0.16633528133157388,-0.07304922656463354,0.08168012788521449,-0.040328242681559975,0.1309175301180318,0.027598717307818252,0.0455286102854842,-0.06252117887511852,0.023804175103789647,-0.12358230952740926,0.014215077378658299,0.023386405025222656,0.050237564196013995,-0.07680444552813634,0.06575377793452955,0.03750945103812529,0.006331279443948749,-0.034569109437974706,-0.04063961587738377,0.09397312902985798,0.05721891258964428,0.02794937886076099,0.1886588229507987,-0.026005915233953375,-0.018924619744043407,-0.02126769297042968,0.004386440036146298,0.06125504235445371,-0.03608576880366986,0.09852466934025013,-0.1331302909973946,0.0752834717455767,0.1077197970238112,-0.015555937878465745,0.034572123658359655,0.3137671286418711,0.05822735840094278,1.0,0.11800467688648075,-0.09751370891583161,0.024268349907278084,0.01652863272583375,0.07019799667188202,-0.01229401521027357,-0.010268588090009046,0.019688065273621057,-0.08388376647718286,0.01392505705132899,0.03400311879838625,0.06431679815523245,0.01587060952633186,-0.09662024813221348,-0.1568244248779268,-0.06504093170401605,0.15904997342500127,0.03062231044959087,-0.008741410504275344,-0.19554976927739903,0.05152484865489739,0.06014324402818831,0.0447367064240772,0.03971556749956653,-0.008431620444439224,0.08157523313611678,-0.21562527984793628,0.04524414188233468,0.2417729152651218,-0.04020187100795624,-0.12222659981958345,-0.1375118158628702,0.06643194999577602,0.13567916661187193,0.05695066093299712,0.016978862502942244
Age-related macular degeneration,0.019557789937847646,-0.03621098110074419,0.02252114550111733,-0.028435451211166227,0.05749000408189435,-0.09868581344098604,-0.03699084350553771,-0.05235802062708527,-0.034870930384238163,-0.012280214980268198,0.02765315767992632,0.04584021081741973,0.0056109100575031145,-0.005727543807633208,0.022001966333468532,0.060171371155703805,0.04190317423044282,-0.04924666183102349,0.002022393935844512,-0.1212962694035165,0.0036388439512071106,0.16697278256432688,0.12433147300456063,0.030772152324639607,0.04314045259988577,-0.028541220095402685,-0.0029351105161636126,-0.10374779608627026,-0.10492565154414296,0.17463834919381113,-0.09503898033533648,-0.03748098187177599,0.0008459083070128711,-0.0503097422518243,-0.13157963498067432,0.040276053289903045,-0.08403123086381016,-0.03174684737449758,-0.09524312808669144,-0.006812083295461239,0.03698078584830656,-0.031617948891282145,0.0006699385866919406,0.0004869032117458068,0.0415735814983938,-0.05382657951336589,0.018306122291338774,-0.023993833325269092,0.025212354234672375,-0.0743867448961072,-0.06013786573779478,0.03760798220845378,-0.027374096261902205,0.07791759450494373,0.014096447454278014,0.005156499737306421,0.025319069706290328,-0.010628343537726957,-0.02532601033038673,0.024999056308102063,0.03286800944087452,-0.002423155947630655,-8.109913885429189e-05,0.015663866980287773,0.009706034976121538,0.1081464241308897,0.06692467542012229,-0.028396809429758366,0.1181894459181458,0.1265137163115096,-0.07279856220239586,0.11800467688648075,1.0,0.060978442125084575,0.1196288687625817,0.17507656880541028,0.04741590303389845,0.06145328431096375,0.09281904472872336,0.05001647364984451,-0.014862960901989105,0.05051782995793768,0.12026158250318075,0.12480643611916233,0.09145901087715345,0.06473056575871224,0.04454737311416,0.06831210735991106,0.09081255582870747,0.09229858002227508,0.017398500892732423,-0.02055783671289216,0.10006946508594515,0.09347297462559863,0.10295841222257984,0.05985132174762846,-0.008995340200038312,0.17900683078947274,0.07247883388368256,0.03162046082381941,0.1607495651143962,0.0744947944734436,-0.08496058873752547,-0.09089487646406885,-0.03501615264012154,-0.03888674796131082,0.006060737857847219,-0.02767799606027614
Arthritis,-0.08523925292892628,0.048533188662297055,0.08078474508701369,-0.04636169548513805,-0.002906766653175302,-0.0692331658768988,-0.1013337768314548,-0.08888482038204351,-0.0429775242193917,-0.0026916181373380353,-0.05556585583403374,0.12704080077814156,-0.0291396222748683,0.02361750325010742,-0.19342139121702662,0.1735183833248462,0.03756018690575544,-0.0657165123487457,-0.0022235616880289443,-0.21288051117308723,0.04217494790078996,0.17346917360317435,0.08974180725660752,-0.08045896912613514,0.10425721790029081,0.010193955138330747,0.06438988630804554,0.0030742436610716873,0.016833448962686508,0.10946496206344304,-0.24792935428854054,0.051969645043605434,-0.007311190922267116,0.06431794376937087,-0.22177418195661622,0.06640694665855064,-0.0896780918728252,0.07647341636466388,-0.12092495066180503,-0.06580515612919023,0.030313087488658914,0.07343862925431068,0.005368045189287401,0.08748935145603468,0.10836549612348477,-0.08061166193310974,0.14909475729623284,-0.048701745756946836,0.15376102427405972,0.018834289903645,0.04611992733341962,0.008625567366042121,0.031808909900734754,-0.022440697553244068,0.010980906440527002,-0.053508600450366095,-0.032786405807482134,0.006638858957506951,0.045283955280378374,0.08582926419502326,-0.0029408589495680776,-0.020973095218112192,0.07668037112611117,0.0024963872889129657,-0.07472399639385106,0.03371830240667886,0.07805664701501175,0.052617104082512266,0.1605335712761615,-0.16257468646338258,-0.21375000690278387,-0.09751370891583161,0.060978442125084575,1.0,0.2009260700519391,0.20305369408133309,0.12112008517921884,0.08979045281737848,0.04095381971038055,0.15681215326049489,0.015603463752410696,0.1024680337964478,0.013946659562860104,0.17440288876767313,0.04293370748660682,0.059348355741455396,0.18176739011570087,0.11258859816863206,0.06946543807251786,0.09773982797286669,0.019807326538872076,0.13829666684078368,0.20548115704161152,0.01851419763209629,0.1637109614159199,-0.006119049981479854,0.0018131787602231287,0.09368723238532527,0.08387044765453558,0.1795732869108309,-0.028123395374280935,0.07289873118866179,-0.013397190411848827,0.04424950013319659,-0.032751449550810184,-0.0756345490282739,0.013545699008620658,0.006609920691339755
Cancer,0.02694761334187179,0.008275151244750296,0.11970171045376932,-0.010939940483916187,-0.045679907629634246,-0.0924332983755485,-0.0863958135937776,-0.07985387573527712,-0.0026898988956537704,0.0016527271741966596,-0.02773779025867544,0.10492366122745209,-0.0031127831930148316,0.07162243233303596,-0.13389887255434846,0.08486402994414667,0.13042925176203196,0.06533524971425164,0.07577873710106468,-0.2177206440753793,-0.040901426713318555,0.3418093477047983,0.11928126111080133,0.08240872630098575,0.10092294876068945,-0.05262686432423711,-0.10330397578642882,-0.08479195522939903,0.08481214309367238,0.11370286215804315,-0.30510374178912325,0.04133044908238829,-0.08931435170526893,0.04855486116712331,-0.20289061501187014,0.13970321079629466,-0.228395442099327,0.08067009288500486,-0.21071975128162357,-0.05886805839762955,0.048395929323137035,-0.0286034233921823,-0.1203500420962592,0.08369750571545105,0.07763977978068666,-0.0676706714854918,0.026142835086290124,-0.09126883447684121,0.04677688996745349,0.08208853222277707,0.02635222442549054,-0.0063203974949499865,-0.08368917169009579,-0.08853390084476069,0.0026703043043441775,-0.05632740083077027,0.044458902771617764,0.02640729597734471,0.014692314191538457,0.09103028311496142,0.018216304936503495,0.03941450860440604,0.12736034648596486,0.09153636880653739,0.020304174808877216,0.07032518657182288,0.13337691438848148,0.009718573028743946,0.1274209781041636,0.06368553281758413,-0.2654266578950396,0.024268349907278084,0.1196288687625817,0.2009260700519391,1.0,0.23576726276395643,0.05869675141375311,0.023256103362412947,0.04770116608271657,0.06057448662325309,0.008356293554283896,-0.035648571238544105,0.0012623467457778315,0.26758745944935597,0.023691998266517866,0.0560780223458332,0.08068929189103188,0.1227525541947448,0.027663083209191967,0.06580084495558593,0.033551950743371875,-0.02657143952065401,0.07909536728505691,0.07378421144688332,0.0822426408361191,-0.002159198170119088,-0.020264021123704228,0.06695234219113827,0.03333144235679575,0.11909061659563869,0.11910056354583029,0.04321585901363276,-0.054185059939732924,-0.07956635919116367,0.10695458243067185,0.01713999412022881,0.029504105685491333,0.053590367334696784
Cataracts (1+ eyes),0.008128707823936071,0.1875988041297062,0.08638509449945539,-0.014358123300937928,0.17172253888998915,-0.18888246032695627,-0.06072227228968619,-0.11741210565403268,-0.034449834200745044,0.0036627189219389724,-0.05416875948624473,0.11964025031525831,0.012504085264167224,-0.012033648739697055,-0.1359085703617961,0.12964774384168215,0.09904449908574348,-0.008214975543424903,0.07434903977674102,-0.30183181831528916,0.07216759494628223,0.297753198624693,0.1377154843491884,-0.004888770298907309,0.09170452195319603,-0.02834251102982623,-0.08046241851114248,-0.16851895398429742,-0.039270813759685025,0.20202493513923453,-0.26383561495613445,0.11944947878247919,-0.04943890279379864,0.005420803536075704,-0.24056174813283723,0.07299175470377342,-0.17276519306066485,-0.10792629717677923,-0.142734103009626,-0.0016238265576802898,0.04742823408887607,-0.048948454427572216,-0.0748490751357505,0.01679407885078661,-0.012072590936051262,-0.09939384296738554,0.07600226812968848,0.010978271104857428,-0.03614863359404842,-0.06783920782440958,0.03961700523528969,-0.0005634142129870521,0.006089160843540618,0.0641737324922954,-0.043789035044033524,-0.006584694739322686,-0.0934079478399116,0.02423465721986755,-0.021698605145435337,0.014291571285299376,0.05087190236564794,-0.1284822036652796,0.05556898789137705,-0.05472903551936265,0.020676365872913226,0.07088786123728266,0.022240814812208107,0.0030167030275141823,0.1690774161472996,-0.09109674884094139,-0.20261729390001118,0.01652863272583375,0.17507656880541028,0.20305369408133309,0.23576726276395643,1.0,0.10854311542202748,0.03888613677921709,0.18291043197555917,0.16618899208447213,-0.030660837100691,0.1377851050083116,0.19284920404232003,0.20511833317989567,0.10177340533432912,0.24116106910105364,0.23541589716405445,0.19280854008486623,0.06804540227210856,0.11165821805534887,0.02286055679532792,0.03475722546305169,0.2774452549394024,0.11819333309948837,0.11831227185281236,0.007015718616060782,-0.012761731667156452,0.16457517251582957,0.22781952353068444,0.18133159181107736,0.11061318755224336,0.10473817243011802,-0.05774687040975396,-0.06952898453719314,-0.03686710277654973,-0.028545820534498348,-0.061440713936589494,0.017069029346014085
Chronic pullmonary problems,-0.02470956086877209,-0.05606267507354162,0.04846316168645659,-0.008922525129091695,-0.039941296138198454,-0.01763064458591234,-0.004439007883045516,-0.030304533497873685,-0.0853704231867264,0.023320793843352082,-0.07557938576572151,0.0019498845077269675,-0.04203006681734499,-0.04011063279889551,-0.039792981855979494,0.02288472369689481,-0.12464836489910182,-0.14030404552412584,-0.0948829775263292,-0.029309327554786706,-0.055538307010677225,0.08323335224332963,0.035671546549173296,-0.03475294955718579,-0.03219308509201496,-0.006383886250175956,0.009602767419347309,-0.02607583865071406,-0.037920215259477356,0.09430116410473874,0.035251144514838226,-0.06695449750596655,0.18463091017939426,-0.041159640688096216,-0.020601567216816507,-0.026576586596907023,0.11694562472890285,0.06825586664652214,0.07231949746779866,-0.06656030151156826,-0.005033176194088276,0.012085015519272496,-0.02309112117586116,0.009710882604385674,-0.09307941574272133,-0.021712061833702914,-0.04336010301570187,-0.03397838884519147,0.020995642740860514,0.017476181633094154,0.05046075403525134,-0.08472389166744053,0.016866468950627784,0.06091450512042754,-0.041418371012420144,-0.07699360932700365,-0.008303787541517662,-0.03279447349076118,0.024954078247383597,0.021648015744663792,0.02685195083578654,-0.008605403963873872,0.030072249780262537,-0.03163967290520938,-0.048717143055922105,-0.03667151953825743,0.0366767825594441,-0.0015728261159923377,0.13801992484802564,0.0048765936090414685,-0.11028248882934205,0.07019799667188202,0.04741590303389845,0.12112008517921884,0.05869675141375311,0.10854311542202748,1.0,0.10694847501855374,0.04900445669378968,0.04672430972061007,-0.05311389040697072,0.019177893585508313,0.043444001484098514,0.06713376534787471,-0.028929402551651617,0.006126361727752134,0.09347674779914904,0.15143608497423502,0.06496217239926139,0.06155891882296719,-0.0030374513217850223,0.032078602508329085,0.14851699286077233,-0.029556785412444025,0.0647819302132469,-0.008313109057283625,0.03127565931205964,0.0721382481774317,-0.07001939058828995,0.10467007077133131,0.01470374431299477,-0.005270532665536829,0.036263820431319115,-0.05086576546240757,0.008802359576547885,0.011232401608957655,0.031441793607594824,0.040870767021806344
Circulation problems,0.03372515793001298,-0.07233587077254493,0.05987177909611479,0.027599611725027052,-0.03468726993634111,-0.014895860705223262,-0.0019610670365810237,-0.025059758704042184,-0.039599996197823964,0.021434930933214164,-0.031080973696387865,0.0836686483133717,0.023770683125935152,-0.0068670434080645845,-0.06327941594216976,0.037127107400969354,-0.17152280037929069,-0.06797356015195952,-0.02410991018543731,-0.17402026397935944,0.055154355722514606,0.07463007358904652,-0.017294961154792475,-0.11692673191552352,0.14252098387726217,0.0497808597927461,0.030459465142497033,-0.11788162038812611,-0.01097936726199219,0.14115819130392337,0.025182514297590095,-0.03036381050994021,-0.030745164662833665,0.02998868179009412,-0.04565325778983046,0.013561362362832327,-0.03127805771702995,0.01362180148004336,-0.051059964285374335,-0.007176480570090403,0.03349600762955038,0.08275900058653393,0.0034431896545392866,0.018349699770267017,-0.001979205750542716,-0.03150652743148977,-0.062021566545448,-0.006905469279100678,0.09283746960654654,-0.07294995305703701,-0.004419400208393337,0.03975536245316513,-0.0037807217261388326,0.1082475288753659,-0.011167635558814986,0.010174819917735275,0.023884107706663802,0.004145590950288437,0.014117133054242717,0.0023735843825194707,0.0015856739315396442,-0.005918668956756055,0.028132458206984196,-0.013289966342140821,0.05400794135929474,0.03974630973363217,0.03259808448425964,-0.03548366008264226,0.1606424764399414,0.01606178257924105,-0.056704877793554105,-0.01229401521027357,0.06145328431096375,0.08979045281737848,0.023256103362412947,0.03888613677921709,0.10694847501855374,1.0,0.018546134933454417,-0.008410257503537267,0.022224548706481915,-0.011277724879307869,-0.01281128673621229,-0.00412921566015365,0.0443772617355216,-0.006017351158424953,0.05487209534838079,0.04546429073843048,0.02274826632266265,0.012423985973803457,0.007536409939766479,0.1179076591552297,0.050107619410617435,0.01822582706352406,0.03499696496760759,-0.001158848676304223,0.004534138989786843,0.059551211009912945,0.010184090114580907,0.00727472937160591,0.032151500476336636,0.03493770825825968,0.016338161013515103,-0.054211265935561616,-0.15327797531204676,-0.12150262194239776,-0.008355408120182215,-0.0610178217527544
Diabetic retinopathy (1+),0.036305762916012174,0.1845167003163263,0.039180241313154195,0.031215958730480994,0.219614384182915,-0.07226838378799817,0.05667768086474834,-0.036436616262821804,-0.023753973611971606,-0.04594083658799037,-0.03828597238334159,0.048633403392686694,0.06351299039439574,0.042194566626064876,-0.0822079459784323,0.09408437538792676,0.012022862858433502,-0.03395512260997226,-0.06610203714410688,-0.05364501699991373,0.07064380941912841,0.10002881070303282,-0.020804872672833548,-0.007075964019125484,0.05377860461230998,0.024459508141251588,-0.03152017383452314,-0.07491203524664633,-0.08365542270045992,0.21456098022071954,-0.040263090180980024,0.09065526731900024,-0.10314876072413107,0.0007161964483736525,-0.14865466178456116,-0.023510579805134015,-0.07383731445379599,-0.12995667902587027,-0.12381537927670233,0.06264614892744357,0.011048365198921065,-0.03969905637143674,0.0169059463856951,0.013918672590866005,0.05118405159775042,-0.01587793950893816,0.0657213494105028,0.035050994518734245,0.027973279599379904,-0.06484844813966646,0.015681933315238462,0.034175546329215205,0.033905154680757194,0.04430701708446186,-0.015151775906127657,0.031738414944597615,-0.07359009185932307,-0.018699668862171608,-0.011778272459997394,0.016248201690726816,0.023805611866973702,-0.043155681586477486,-0.03188295615786677,-0.03493227100565557,0.030911867415860918,0.04148103860417957,0.04453063998949577,-0.023767461208831674,0.08059603716838208,-0.07832304041159321,-0.07506408885553237,-0.010268588090009046,0.09281904472872336,0.04095381971038055,0.04770116608271657,0.18291043197555917,0.04900445669378968,0.018546134933454417,1.0,-0.004882692976365965,-0.04592477732978339,0.022392739637538312,0.08059325083575254,0.007134413047670906,0.024872553860846233,0.09299341973260479,0.12750474065595838,0.13980429857156892,-0.03461042891796934,0.027290449675845176,0.09848018146783145,0.051354245606218256,0.04035775610714294,-0.0005274435628952612,-0.010847961635886987,0.005459656040910844,-0.008619763477057335,0.0454768898583749,0.18958818483555395,-0.0316855138669071,0.13491205242498308,0.09404468930901959,-0.10933607030170105,-0.03666943146455256,-0.04037720236693831,-0.047023347961854235,-0.07856486227595628,0.021517581430558822
Digestive problems,0.03848925207901146,0.05864845357489529,0.05848843591615969,0.029174581422331824,0.06694273356799126,0.051066138268437096,-0.03602998648784812,0.026076458300852468,0.05271871139858079,0.022969861609847875,0.007828430142250802,0.035644130679526986,0.02305136195222111,-0.02875393055829288,0.04438182168285433,-0.08754366314810334,0.07711532065863955,0.02959161647029266,0.16284470345521407,-0.11399312491239916,0.11184855287680938,0.06784977964531626,0.04441567352942165,-0.044997873134968565,-0.04858108267045363,0.0027126253837167985,0.05272784110388411,0.011489930255151817,0.02459905631979253,0.05373993700619525,-0.0667035391555132,0.008147638485665059,0.07687024353980329,-0.001621932899377224,0.0030252131579578644,0.06343181192823791,0.1023176972819144,0.05495922904081218,0.12173042773468236,-0.005920161684734445,0.07149950537891141,0.03240195299719885,-0.06906637250892007,0.009924276419376038,-0.04962244809382169,-0.07211098495434601,0.05421915361379384,-0.035412745462880535,-0.042509490786287976,0.0366203561958223,0.11916079252558802,-0.029341668310330804,0.0023464300137855058,-0.006906056556030743,-0.1062309103675939,-0.007226311325408898,-0.0608488448593151,0.04730481461831653,0.01782463908896098,-0.001349037686303464,0.012076629465891367,-0.03791420249311147,0.05290205819220341,-0.041356802309570104,0.008199999459285295,0.009994736066040141,0.03329145260820649,-0.07855243673185483,-0.03926476824578972,-0.09349900669684588,0.0022105364656670894,0.019688065273621057,0.05001647364984451,0.15681215326049489,0.06057448662325309,0.16618899208447213,0.04672430972061007,-0.008410257503537267,-0.004882692976365965,1.0,-0.04696457236055409,0.20643936702393936,0.08269742940423036,0.17283573311506392,0.03943704096309242,0.05247362550288403,-0.013971841893060524,0.1403034502166954,0.1777615380913113,0.15873046595079907,0.011666496076180106,-0.04245937635765331,0.16463374982700235,0.09412702433881866,0.21294807768165414,-0.006614707944873789,0.006026044222738831,0.09487375375799398,0.05149159156452283,0.24592495730765182,-0.04766869812643314,0.08616606486098695,0.017009222109291816,0.028106381303504006,-0.05177017058130532,0.06629729905430143,0.004479751578678452,0.00034103540187423544
Marijuana user,0.004479770824938057,-0.04439454351659914,0.05731003823860422,-0.0416959790026478,-0.035014381756234274,0.04656288821340215,-0.07409680962120954,0.0007453774852405648,0.0730500852584119,0.016844908427587433,0.019983673684961234,0.021407914260169667,-0.016239071070571254,-0.00919967493407181,0.04825024064711116,0.0008658491108742748,0.03556027156222729,0.09047235001034515,0.06971094507786052,-0.06092314137307681,0.05449296491688832,0.04392607864208629,-0.014067676458830721,-0.022217996237274138,0.07394221722682114,-0.02986295161098639,0.042383887056684194,0.017632212027525844,0.04718024655886457,-0.029911403339867474,-0.14626114040482274,0.0680634250394602,-0.06016674160321257,0.037296416810151146,-0.03407479564935037,0.09026842572156803,-0.10735379950037241,0.06760000205147727,-0.02555622876282188,0.0496116997117248,0.005627675532626932,0.023397794302201704,0.025060327997549783,0.057283733346111615,0.00021112616991962385,0.0009981567544484766,0.013584870405672253,0.03353341018394996,0.04191438890098748,-0.03363343229612344,-0.009031726768133254,0.014463854459773967,-0.0036144107767163594,-0.03358488313925583,-0.0006940721934366003,0.033561249414628236,-0.01798227067523996,0.03213531870705649,0.01353265301383322,-0.007419591860905945,-0.03654751168290294,-0.003918122358367354,0.027015458347042838,0.010680455003212148,-0.035138201830292475,0.05833089853887332,-0.04399659505695604,0.05383468401977456,-0.09112528467287397,0.032045417352480746,-0.016886663913059586,-0.08388376647718286,-0.014862960901989105,0.015603463752410696,0.008356293554283896,-0.030660837100691,-0.05311389040697072,0.022224548706481915,-0.04592477732978339,-0.04696457236055409,1.0,-0.055276302417082125,-0.027764271073054445,0.0014360671227765017,0.03448603925609064,0.059078634238339776,0.013280381466733427,-0.052392655870355964,-0.012006094080026715,-0.02000036213686191,-0.013354512174307356,0.006951882248047014,-0.024929214480991356,0.08648286718427646,-0.03468928201946575,0.027303373264352792,-0.014766927721158757,-0.030692955572948277,-0.038972675497750936,-0.020909791719306934,-0.05465783902054822,-0.0041004865622541985,0.11627154353600315,-0.0613359286579184,0.010981520873879958,-0.09230409301833103,0.010669929746664171,-0.0842618221504095
Dry eye (1+),0.04755179310353739,0.05766552349542715,-0.05942702661425693,0.08025170074076414,0.15705871170974767,0.009480234841554988,0.04584440877671076,0.010671461684895068,-0.05311965444941188,0.0376359476719537,-0.028128452622505306,0.008862535689733653,0.02763351867840627,-0.06370877327619644,0.0017384483114062188,0.04040304999258144,-0.0009650452076633134,-0.04583260122047357,0.07348792248904686,-0.018084937102103894,0.14216580601213724,-0.06864272684779697,0.12374401943154557,-0.08328427944182523,-0.11624189914135308,0.03136423358169184,0.0595900418324166,0.08123689589527074,-0.09767381156258786,-0.03696511877070333,0.012049589981094528,0.0028847507932337913,0.1776428717931219,-0.042508608035384476,0.060492194277937575,-0.036658450717941125,0.13526859951350192,-0.0016540480938162653,0.15528549265770858,0.008242763716323345,-0.0049189685270786265,-0.014621840693852148,0.05187654717303811,-0.0801681052244915,0.019171779957295805,-0.036260075333402836,0.08995000974929764,0.0006677100980944385,-0.05723253606717499,0.054968239420858066,0.1025742398568918,-0.0036824507911524295,0.037855164213688536,0.004574960324295718,0.0381575522396978,-0.028897736611737675,-0.016573930821740152,0.04153238628670638,0.03133032745312604,-0.011529088599247167,-0.03306452999039583,-0.0440140433393218,0.00044299585742180604,-0.05373785636217837,0.07159304934776184,-0.035328086888692066,-0.05145277951189692,-0.10032283543791999,0.045660496703485244,-0.05365686525775373,0.03764187637486174,0.01392505705132899,0.05051782995793768,0.1024680337964478,-0.035648571238544105,0.1377851050083116,0.019177893585508313,-0.011277724879307869,0.022392739637538312,0.20643936702393936,-0.055276302417082125,1.0,0.12193859726091547,0.05088739190231007,0.025033955333588077,0.007271220694413239,-0.03098807373675125,0.09931594203437455,0.10173074160193818,0.07453742886816705,0.016847203833326833,0.020183514467173688,0.13739661456352692,0.006645035728178232,0.16510897501243893,-0.026423143050401568,0.01764359505875675,0.06372144391028214,0.11076523469151922,0.1061083458921218,-0.039465373388208914,0.04624273562950435,0.12222641542319823,-0.0754790817233916,-0.023615209698260715,0.07488051381074613,-0.031140796031050536,0.04447086544414081
Glaucoma (1+),0.041226277293212224,0.12159015133660062,0.011875406292602827,0.03305594421698597,0.13512746609454573,-0.02358874570162886,0.0601500594317281,0.020938068509098715,-0.039659608324113214,-0.01704133840473287,-0.008651677581816406,0.04093773266963004,0.04945945057786455,-0.0007915911446029714,0.06993494858280537,0.002603291695027467,-0.0001370610007943709,-0.0396822698919538,0.016697280116192544,0.007679991437997469,0.07401131107922691,0.07747971180784208,0.10477877998280061,-0.013268541476463096,-0.03426835563534641,-0.005554638757045754,-0.013682712546848235,-0.05864861599932192,-0.0617811260970529,0.02195567775549208,0.030478020527354648,0.021249678418913003,0.09359755318690037,-0.04333296603534758,-0.038326847585524446,-0.031029393759905825,0.05888243980856531,-0.13772521588627284,0.04942853912767063,0.04914217595859929,0.003576996651558216,-0.08033059780975318,0.057749762947479806,-0.016212980427213742,-0.0036018918493612518,-0.02111217054293836,0.11030367550064585,0.07357977156874897,0.000605324939007439,-0.10294218224723847,0.029821492304494945,0.024126773248144204,0.09207225498260437,0.11780784688940116,0.04041806114135855,0.03528778694239093,-0.07519563675867426,-0.06639172082162419,-0.07025824400329303,-0.08881481516192559,0.03451085059400969,-0.13960172178143643,-0.08535558163159389,-0.1212043973886851,0.006960123307620211,0.08492049996633388,-0.009209415209191331,-0.06444411426412554,0.03437585890645407,-0.023169236800370717,-0.015087528725332873,0.03400311879838625,0.12026158250318075,0.013946659562860104,0.0012623467457778315,0.19284920404232003,0.043444001484098514,-0.01281128673621229,0.08059325083575254,0.08269742940423036,-0.027764271073054445,0.12193859726091547,1.0,0.03222666433138409,0.03341340773541393,0.07483253122200831,0.07588283964913581,0.06140130292588043,0.01684418624282306,0.0438651416581744,-0.012691502959490572,-0.04619863149786426,0.1558149566580176,0.06025850464149909,0.03720546191362922,0.008657116419527183,0.032641801731063895,0.09486964983476895,0.1305917675882108,0.032731844874577476,0.11844771583267294,0.09733876526200054,-0.07283053358405168,-0.04806491774742552,-0.057086756470896886,-0.013241041145184032,-0.0647461377121733,-0.032619535061045396
Hearing impairment,-0.09717471153457263,0.04477033608676743,0.13720669446517492,-0.11358101774325724,0.0554664525731503,-0.1142659962233089,-0.18868343218145137,-0.1249639034192309,0.005805857513400054,-0.006447284314789028,-0.031352363973652764,0.09312792487256064,-0.031853599455243374,0.006067033180601661,-0.09722952095852173,0.1317456595989374,0.10606732191506238,0.050125214183276125,0.034660638144299906,-0.19749412509980135,0.006973018399887779,0.28051632198207216,0.11502520024556719,0.08142882178339439,0.017596445583770853,-0.048647087806394346,-0.09769779469071758,-0.01074314260496481,0.02046433215035075,0.21107725861635634,-0.1833713072208482,0.06810847244843245,-0.060176239748250517,0.011738030294745691,-0.1748480287158794,0.17560487075150677,-0.07647973251716243,0.05214854821139847,-0.1304322226370087,-0.07234515761596957,0.06798411493889753,0.03650965648251953,-0.0794135999582996,0.11348158614054484,0.06091776033656408,-0.05424262472913757,0.09782009492213237,-0.027919541410172253,0.029280215378258218,-0.029815258274664674,0.07273968431375202,0.007204441490211051,-0.04476123944132099,-0.07486939967718594,-0.0750900616331891,-0.027667405375204623,-0.05485369894492516,-0.00954136040188176,-0.08841280303821629,0.02087227758671561,-0.025136812740347927,-0.0182862892464821,0.014094858754020608,0.05261214288188357,-0.05028301248258433,0.12991584774844037,0.15704708562767583,0.05696674598573526,0.04356305213891429,-0.014778240803357228,-0.20564882743550264,0.06431679815523245,0.12480643611916233,0.17440288876767313,0.26758745944935597,0.20511833317989567,0.06713376534787471,-0.00412921566015365,0.007134413047670906,0.17283573311506392,0.0014360671227765017,0.05088739190231007,0.03222666433138409,1.0,0.12399886014137634,0.02521691775883444,0.05075416128865941,0.19850915483446985,0.13572119326371912,0.19645296439332027,-0.0028532566328454633,-0.06843465622179111,0.07664599445312024,0.1572817417856691,0.14756187036101664,0.03469227456144006,-0.01847068678155719,0.1918854588118906,0.0633023120181455,0.22400744573655224,0.042564662003636254,0.0431162753281605,0.01935867365282145,-0.07353172945013717,0.04916978209662235,0.010864334077032554,0.0022355931866260156,-0.02798202613387725
Heart attack,-0.03709586852559558,0.05647249536684481,0.13924171625792292,-0.07006592785047387,0.11089748888873757,-0.1462274033487593,-0.10850973516822442,-0.09770648898260129,0.00031755755610900015,-0.045269329794759464,-0.02982660952758631,0.09897005854244094,0.014341994503602035,0.00046763966345753647,-0.051534926280462155,0.16734496505008747,0.01832630111213784,0.11372162491273631,0.016945638579084314,-0.1673687428692014,0.05928438620798131,0.14409140447240876,-0.023183947091452384,-0.030255860345219737,0.1128944135006977,0.0028027566011534105,-0.006039430684557626,-0.10433153354033034,-0.07055700175542333,0.2958940581137527,-0.06807686328649887,0.10001443145277444,-0.18787420624042359,0.0064812503890138914,-0.185237632851987,0.0843909953334728,-0.10449349144746177,-0.02821902583778674,-0.19498735675273055,0.053341591828635154,0.02022518680145855,0.06774719513736274,-0.01035383737255287,0.127583675839913,0.01859206075496319,-0.04561523430905487,-0.01924176715330916,0.04931824643660638,0.014876913784131593,-0.20986160217410327,-0.05706740231978338,0.022058217623498154,-0.007251894895217236,0.050678506134968944,-0.10700080824268161,0.029128013178443313,-0.08841871614485694,0.02619373900700416,-0.07463936652597117,-0.08270478503499923,0.03195427456154776,-0.06926946521865424,-0.034352573953756085,0.02416716946067739,-0.0287048257902363,0.10835254366401564,0.06965227285060917,0.04536754641869908,0.019276253663251502,-0.025952815764292165,-0.07848786307219854,0.01587060952633186,0.09145901087715345,0.04293370748660682,0.023691998266517866,0.10177340533432912,-0.028929402551651617,0.0443772617355216,0.024872553860846233,0.03943704096309242,0.03448603925609064,0.025033955333588077,0.03341340773541393,0.12399886014137634,1.0,0.11647710598784253,0.12340596539088285,0.12820850782120738,0.056622278948295,0.07198617998003849,0.05184363466563769,0.03811462644610896,-0.048023914330632626,0.31924938764971017,0.04720873733041712,0.09468450919684859,-0.011328046709618138,0.19362738939751103,0.17489374401858307,0.08205999628631734,0.11099553383475458,0.07798769047546303,-0.013384700371332105,-0.10759181061866277,-0.0646405359118075,-0.07041353491743191,-0.07126502350092212,-0.10842562599868494
High blood cholesterol,0.09080920251033417,0.1959553142763109,0.13088064985472822,0.05702812582433451,0.10964290526436032,-0.06498903388155416,0.03730472297074969,-0.032762896568644964,-0.019367413879794418,-0.010238350171595812,-0.026785711546949247,0.050105947839873884,0.056723609559756874,-0.020634512599511462,0.032735340981428836,0.021363354195994496,0.12265909312310615,0.14765551875846694,0.11995853495064022,-0.09010740152567041,0.10003627887194079,0.1351554580523543,-0.11318874700424114,0.01080781179527301,0.1973828389211197,-0.01894127099897461,0.01551669963832619,-0.16364672697974658,0.0033700937212384446,0.15033027834675403,-0.25925779395842236,0.17835788169644723,-0.23268228393655593,0.05719799524270569,-0.16871136542692156,0.006902122344646403,-0.1648529671958409,-0.10250955345378483,-0.13353790818483738,0.15837248120393602,0.01579604564727426,0.01237121904887923,-0.11692467864465499,0.08776610887123996,-0.08101405916308883,-0.016539229087063182,-0.03170068172003071,0.022481764660838115,-0.09230948804435123,-0.10354902476582091,-0.07346690009903553,-0.09990407439444306,0.015002993953743531,0.01735143389423448,-0.13270561758538374,0.038570883938172866,-0.16431397543824053,0.06649182715301988,0.037396309094356386,-0.018421014034315227,0.009344560473925269,-0.07266938923958807,0.09460342822334915,-0.072136668698822,0.01540121625550742,-0.01045827299022889,-0.06583178435771476,0.08091960893627485,0.00745298103740432,-0.10043638431396398,-0.05905657885178441,-0.09662024813221348,0.06473056575871224,0.059348355741455396,0.0560780223458332,0.24116106910105364,0.006126361727752134,-0.006017351158424953,0.09299341973260479,0.05247362550288403,0.059078634238339776,0.007271220694413239,0.07483253122200831,0.02521691775883444,0.11647710598784253,1.0,0.3080620622724121,0.07857752204446382,-0.036345541778131756,0.011783790696714716,0.04029485303224251,0.10018307978054566,0.07164018109982521,0.16625416616041197,-0.027586501147776277,0.005265852184365744,-0.006738455829417593,0.04938845723903662,0.20572929044942573,0.08211136903948936,-0.003737814869600817,0.06445335162638992,-0.025484298746088107,0.028663759426891193,-0.0012826291743401918,0.009713654876344624,-0.011836743289941248,-0.04783304986126551
High blood pressure,0.015619131724227237,0.2807332073490313,0.18596795147570075,0.014426549622652668,0.19302213437780302,-0.13732814298275356,0.044786857130657914,-0.10316338083860725,-0.10637125462771943,-0.03659121390638106,-0.14318454852183085,0.12313798133883679,0.026487155208044247,0.05868090576026014,-0.1518674316334325,0.24585375254606898,0.06381937052478284,0.06761902263118619,-0.040889937292686765,-0.07742029971947535,0.06559080764339581,0.1699125024798418,-0.15363870879033728,-0.05115688406364563,0.1999203777905727,0.03890478962299895,0.011679650545825666,-0.14518862186695625,-0.05335214543416731,0.30100891800579027,-0.176458026884979,0.2046014731525029,-0.24679531558321616,0.07853678141491081,-0.40891226187056806,-0.007339659380879912,-0.1563502024672692,-0.11600055520342249,-0.33081734729929374,0.10443164194159478,0.03412930107649992,0.07565563546112977,-0.03784997800877222,0.2022515486989832,0.05237708357471915,0.0029058676074261033,0.0787402681001525,0.028941624435436367,0.09432416138446822,-0.22463537420140844,-0.06610928755309152,-0.04655636613101769,0.06873952517425651,0.08369227241596425,-0.13243941263392653,0.029043828458464233,-0.22186309577374996,-0.0262210836133469,-0.06349494670012296,-0.048290076029443574,0.0789538741746573,-0.11763343566299242,-0.0015331650296899286,-0.10842583199925583,-0.06029889975460894,0.04448912956147495,0.06866726300069527,0.0691789334444656,0.10473570390729621,-0.2909063118437492,-0.24991272726480748,-0.1568244248779268,0.04454737311416,0.18176739011570087,0.08068929189103188,0.23541589716405445,0.09347674779914904,0.05487209534838079,0.12750474065595838,-0.013971841893060524,0.013280381466733427,-0.03098807373675125,0.07588283964913581,0.05075416128865941,0.12340596539088285,0.3080620622724121,1.0,0.14898441026460402,-0.05320978651064728,0.00950723310504225,0.0378859107943277,0.211391105850939,0.0667768157317636,0.1025874066839727,-0.0027430860784303517,0.032670167834118025,-0.0010724128313229085,0.09079435180816901,0.32728075228381487,0.06825749761234214,0.13770180821768602,0.0657389729912682,-0.13144161772642035,-0.018310532296722356,-0.07755110239069829,-0.07328884354688951,-0.08474549948384347,-0.1000783094788032
Kidney problems,0.07307993462707668,0.16559210272417318,0.17167626688581253,0.041458682376170106,0.23448879523773392,-0.0808791285233671,0.027502964160901196,-0.02555838540100362,-0.005016510262419943,-0.024511580444278914,-0.10378436598319758,0.0589380099879561,0.07104492660613347,0.037312040325978874,-0.13004613375420276,0.09668145770225232,-0.05460673328169413,0.01642140369940615,-0.06219229926821789,-0.18808128790774079,0.068512436895699,0.1758698666819159,-0.05699516881629088,-0.04145177934140006,0.01968542574190511,0.07922475061275575,-0.13793251498912404,-0.06702032665349814,-0.03707310890305842,0.3268296050058073,-0.024204634709574544,0.06432823139797106,-0.09970355149760407,0.01152255422648593,-0.19165358907211238,0.07088489145930153,-0.047734205225821745,0.000829481195542314,-0.15091254606707946,-0.021821379401165335,0.028745383845639294,0.052122108070788147,-0.07283820115240562,0.08977861447434612,-0.002230973468178839,-0.022387665185801483,-0.007949946297404972,-0.010623791409730108,0.004376734901828579,0.005482897946393751,0.031108749772355594,-0.04581652579094824,-0.02543226882888678,-0.013169310865698789,-0.11461689445656714,-0.061678664792437714,-0.09476268317883012,0.047975928526017925,0.004599766489864909,0.05027320222031186,0.023006308731467938,0.01333480723112112,0.06083499367776506,0.0003205104287747419,0.04884008923415962,0.04558406127600208,0.11897896901143529,-0.028768919389457866,0.09060418224463035,-0.13642942522445153,-0.19440029825013705,-0.06504093170401605,0.06831210735991106,0.11258859816863206,0.1227525541947448,0.19280854008486623,0.15143608497423502,0.04546429073843048,0.13980429857156892,0.1403034502166954,-0.052392655870355964,0.09931594203437455,0.06140130292588043,0.19850915483446985,0.12820850782120738,0.07857752204446382,0.14898441026460402,1.0,0.02581272663189385,0.0881837231439474,0.0482587063227888,0.02679111298073481,-0.017051702932991755,0.03192017967359651,0.049615017206507205,0.03593892112017334,-0.01577340160471451,0.16551733253622178,0.21645137962913857,0.09405734219460642,0.0922997789092432,0.08373766724970351,-0.06814181587795025,-0.03292566103126353,0.004676614297431369,0.03186954465317554,-0.015739579540078368,0.024446584236943368
Low blood pressure,-0.08057473970812233,-0.08512069382656957,-0.008623077915875228,-0.06740938987092127,-0.048353186680981965,-0.0284811030831992,-0.09985592226581334,-0.042197706958988904,0.018405726528848358,0.005246939089944706,0.08019236547755082,0.010113998471829125,-0.048126140544922785,-0.023826650356045604,0.10109322505065226,-0.014692400135143986,0.03949131493820773,-0.019893070383451734,0.06249770297935979,-0.010827857988420635,-0.0035964519226732218,0.04644261138814429,0.09444149457422271,0.027848365595091306,-0.05641620810406117,-0.02568252638255256,0.12704056327152952,-0.020376469862056084,-0.05676912395064145,0.055605836618761895,-0.007976310063381337,-0.07592026977770085,0.13634732528470286,-0.03479119150313612,0.023359786716061325,0.06747645226343874,0.16482156521499206,0.07447848945921966,0.07208334047332007,-0.05492666533493099,0.033034496202959535,0.05167610212073943,-0.0038283361573214106,-0.04259538650500383,-0.04047901833303928,-0.023709896648792413,0.012241244527399534,-0.032976132093972356,0.03065556364705787,0.020619558145833005,0.05092262680834284,-0.07474539904628419,-0.02965750505548675,0.02049885963153033,-0.0789656461979212,-5.1283952335788994e-05,0.0463142928692718,0.03011997740232457,0.005968443115676051,-0.011404448126073207,0.015750085798322745,0.03183893044985234,0.06594749132544533,0.036353016386055856,-0.08215387645946358,0.05390232584018909,0.05629686995422061,-0.044649993145616775,-0.0008185034860135455,0.012678458333875259,0.017042576421171598,0.15904997342500127,0.09081255582870747,0.06946543807251786,0.027663083209191967,0.06804540227210856,0.06496217239926139,0.02274826632266265,-0.03461042891796934,0.1777615380913113,-0.012006094080026715,0.10173074160193818,0.01684418624282306,0.13572119326371912,0.056622278948295,-0.036345541778131756,-0.05320978651064728,0.02581272663189385,1.0,0.13788446169562937,0.01034166432193423,-0.030811896670148654,0.15670926112239147,0.11457894401329145,0.22822818867814076,0.0035896534668087977,-0.011371571918302185,0.10047626415733742,-0.06891178644858058,0.21959658195500564,0.07367360613231985,0.0060149618430190765,-0.033373242751716964,-0.048934179982449665,-0.011205806030956608,0.062412629787281945,0.030315972526968365,-0.0014263655325662038
Mild cognitive impairmen,-0.07309499221981823,0.048406523614479016,0.01744346318360583,-0.06785073085243046,0.03227388239744582,-0.031823008698427115,-0.09426068510533865,-0.048471218655929495,0.008425154027476789,0.024210659936842037,0.018377614625979807,0.026147248981829685,-0.0237103612377619,-0.018299541451107054,-0.02863380906270523,0.036452296734404505,0.030612326803909906,-0.019839846976865503,0.024772296833493114,-0.09187443505474799,0.031386623392464244,0.0999058557215444,0.07180590759475616,0.001510274180879188,-0.009847455245546753,-0.025555889830022376,-0.016864666772844254,-0.0037893496391147082,0.00669151489156077,0.07488664351202301,-0.04425953022402865,0.030699021090386015,0.026877672006385443,0.008411772265901084,-0.0492916630818572,0.045124766787463605,0.036872907987413724,-0.02153631299813145,0.015978771986366897,-0.04369908991691051,0.04407235455428841,0.010958287225913741,-0.002353460797252368,0.031227649834189235,-0.012923926921185899,-0.03690598374720827,0.06522780710789405,0.021308028588601917,0.018628603678054342,-0.026829886149605443,0.04177255220380532,-0.013824355515360194,0.024322676458720396,0.011567372188841877,-0.04370347927194724,0.015131660760067722,-0.051717148844776954,-0.04107525380483398,-0.028781940336079243,-0.00812690255097482,0.02075265581974602,-0.05684973331331585,0.008999233229753848,-0.034547201234625735,-0.055735052127650744,0.031526224699301796,0.058166183092406655,0.025240762970027742,0.041803777529325195,-0.056314031447343954,-0.05233741289829021,0.03062231044959087,0.09229858002227508,0.09773982797286669,0.06580084495558593,0.11165821805534887,0.06155891882296719,0.012423985973803457,0.027290449675845176,0.15873046595079907,-0.02000036213686191,0.07453742886816705,0.0438651416581744,0.19645296439332027,0.07198617998003849,0.011783790696714716,0.00950723310504225,0.0881837231439474,0.13788446169562937,1.0,0.022991187278743313,-0.025105085525004157,0.15161889851984006,0.07304218174872974,0.17950042424064516,0.049824850883716805,0.04644431363653849,0.1251158010087013,0.015242215104988254,0.1783321847497789,-0.024015904752393773,0.0398939079954966,-0.00017477157984226014,0.022710384178416563,-0.012111069158627849,-0.0033132442359387103,-0.01880683374316277,-0.007826253905455915
Multiple sclerosis,0.012000066178902731,0.025457409516501314,0.01891965633093254,0.0019683277346818832,0.05575411895475973,-0.012580932413857082,0.005654597255701782,-0.013473761119887694,0.005232289251558849,-0.00551708919386147,-0.012651957220326328,0.01717529474661221,0.0006892786405814686,-0.0013474318635269354,-0.007171807150981987,0.0093398677016467,-0.0012520440953487032,0.02121645450262211,-0.004330699374384435,-0.02842167426763081,0.0040423571271379745,0.03626570311404317,-0.026556410040152516,0.013060638733285859,0.005945300843327869,0.011364928080224379,-0.026471853830097803,-0.023258295043365424,-0.01711361807343174,0.08046192844796576,0.0009868051407379065,0.01557121504218893,-0.039798853188819074,0.00684216997509541,-0.03424242544083377,-0.013181756112344135,-0.021627425837999783,-0.027029884259352967,-0.034769727326407804,0.0136635429373501,0.06232055991828698,0.002535162666351701,-0.002232079795389164,0.030093280787841098,0.023003024389209824,-0.01709296833771591,-0.009287662813730538,0.008686788908677736,0.002018072471243084,-0.01591642269022382,-0.0088646838517645,3.0490787057909126e-05,-0.008158402853718433,0.0034077317371642066,5.521250926369762e-05,0.006179215906021179,-0.022957944696728173,0.002968785270931982,0.0028443439458183816,0.0028397298157050318,0.0025232304250442563,-0.009174039866977148,0.015208549274022858,0.008812347799857788,0.02386185864287998,-0.013562373733796344,0.030798810344531583,-0.006550989577668218,0.03968459097666953,-0.008039939462501335,-0.022123400095960356,-0.008741410504275344,0.017398500892732423,0.019807326538872076,0.033551950743371875,0.02286055679532792,-0.0030374513217850223,0.007536409939766479,0.09848018146783145,0.011666496076180106,-0.013354512174307356,0.016847203833326833,-0.012691502959490572,-0.0028532566328454633,0.05184363466563769,0.04029485303224251,0.0378859107943277,0.0482587063227888,0.01034166432193423,0.022991187278743313,1.0,0.021204035944522828,-0.001034622393651753,0.03975581418272104,0.010017430837874104,-0.004136587685745944,-0.0019939628398521225,0.03345369416672547,0.02393037422034742,-0.009841059554696531,0.021521036305727208,-0.0031289607997377184,-0.02866297533969788,0.006450194372279128,-0.02015838166792029,-0.0021378405870235836,0.007180787243262197,0.010050183461484431
Obesity,0.057217071567917825,0.06429215879104995,0.05500441311611965,0.11760349623837339,-0.004671929038898879,-0.05606247280589474,0.1273967422402319,-0.043855207853785126,-0.06277430568545837,0.07316251878502861,-0.09363256644384499,0.08009029077268771,0.07281238428700432,0.029230085485133412,-0.2179825185347119,0.16749503331685411,-0.19586524899342417,0.009688761318448012,0.04462494919404716,-0.1604303451026256,0.10145954273150962,-0.12089505380172087,-0.2012693579523662,-0.19125366031927335,0.2603119694832639,0.11917669362009012,0.0621440113912517,-0.07783973596900548,-0.01642035151592599,0.09133514277444758,0.008877905724451579,0.03936067715343645,-0.23271319401592486,0.14367215915697562,-0.11598852423754823,-0.08520914926201473,-0.04275616947125405,-0.02405681667028483,-0.17406751657250957,0.08614154817724444,-0.013894261679732345,0.2044042222752591,-0.009184252513960774,0.014471112913025727,0.04468968539655838,-0.04593361466183978,-0.05685425634852593,-0.03175062647586013,0.07641805377651431,-0.04604499436255026,-0.04025258335331619,0.033570257766465515,0.033391178143513944,0.10771749290504685,-0.06914914273318398,-0.025816634681735905,-0.013381332520060345,0.09656668236289949,0.09291798605849755,-0.003909638002900847,0.01859401377661574,-0.02955103824411125,0.10387734180730046,-0.045548050846573436,0.15413041600055355,-0.07636203454263658,-0.059390371548891596,-0.0686856267570896,0.16988861261763855,-0.12914137060711148,-0.022020686965421532,-0.19554976927739903,-0.02055783671289216,0.13829666684078368,-0.02657143952065401,0.03475722546305169,0.032078602508329085,0.1179076591552297,0.051354245606218256,-0.04245937635765331,0.006951882248047014,0.020183514467173688,-0.04619863149786426,-0.06843465622179111,0.03811462644610896,0.10018307978054566,0.211391105850939,0.02679111298073481,-0.030811896670148654,-0.025105085525004157,0.021204035944522828,1.0,-0.006280852968269742,-0.03220227959963472,-0.006867773033634839,-0.011544834349079216,0.011915601112752798,-0.019428975583792668,0.16872291005837245,0.009175818744680207,-0.00879111839766373,0.04785075109570056,0.013445169529801243,-0.00667991713314241,-0.2112031917902142,-0.10051600486143508,-0.04089466301254047,0.002907275118796729
Osteoporosis,-0.042866655424022404,-0.03182408737935755,-0.07048634444894931,-0.02745494264614883,-0.04042159496315361,0.0015239814047158585,-0.03017936941777635,-0.048696345803833904,-0.06111910980804028,0.04600108707668844,0.030138295549904787,0.051457858569385666,-0.04298118955088868,-0.07033402722059781,0.024097327650355854,-0.04309509064348206,0.030235546666192017,-0.13454400879593825,0.04531616338852176,-0.07139659589068423,-0.015406686056203281,0.08819097316986048,0.20921481195648728,-0.05920982748665275,-0.0031752368828218474,-0.05327101259465681,0.04254832566684151,-0.10617466645699969,0.05844624511368572,-0.07838482776913851,-0.11763402103155858,-0.08202949163882145,0.2638892304184527,-0.048013036160284614,-0.0015492877904422725,-0.03605946768066385,0.07048328243223904,-0.0019914530478037404,0.16240616327546298,-0.0774707518646196,0.017553907319004906,-0.010649737014685029,0.03689002244213248,-0.03517436474172667,-0.05304382759072856,-0.05575541184295854,0.07356392161566956,-0.031042035064434297,0.02735150648669338,-0.037876740904088844,0.07444515648726657,-0.013160641812911834,0.0806675659439162,0.11688206816137472,0.0575975117974,0.015450330233465428,-0.03357921965766022,-0.07468859838250592,0.02766597021481484,-0.016087870995045148,0.014933275920164888,-0.11537274633773735,0.011937589760889825,-0.09278681006888377,-0.04796276396761562,0.010635973290394216,-0.029199050313631028,-0.05837954106423521,0.11180869758573246,-0.05414708252922074,-0.043288471023526766,0.05152484865489739,0.10006946508594515,0.20548115704161152,0.07909536728505691,0.2774452549394024,0.14851699286077233,0.050107619410617435,0.04035775610714294,0.16463374982700235,-0.024929214480991356,0.13739661456352692,0.1558149566580176,0.07664599445312024,-0.048023914330632626,0.07164018109982521,0.0667768157317636,-0.017051702932991755,0.15670926112239147,0.15161889851984006,-0.001034622393651753,-0.006280852968269742,1.0,-0.00777615127039298,0.2066907802838023,-0.029400310532974504,0.02229354217644847,0.04845999161447792,-0.029108392048719192,0.1795493980720939,-0.007512034470948617,0.05720385571978527,-0.03627817263017812,0.05116668408413307,-0.10684536657530999,-0.050489547767354856,-0.012996275719569478,-0.004322150225179428
Other heart issues (pacemaker),-0.06797559406667802,0.060275863398158484,0.16355942396980647,-0.12406173891031043,0.05453503293669659,-0.1410532569512609,-0.1571563289966744,-0.12220452171209327,-0.012665525290248615,-0.048164364782694036,0.003615233470632095,0.08692042294896195,-0.007284795399343043,0.005333048552096529,0.05218552799550778,0.12994231513058585,0.09142610178145956,0.16701027585898373,0.08222244115290399,-0.1810290410019612,0.020136934317589082,0.19421801801112534,0.007770713082298596,0.014946909631121592,0.08877094343123179,-0.060170066823873956,-0.0071955827264181356,-0.14386126206116995,-0.03755261376300408,0.20908489174789816,-0.1333862587721197,0.11821498285855607,-0.18037495586983726,0.007361933225055722,-0.20699687590371849,0.14647057076035652,-0.11232922053390436,-0.03346800935308057,-0.1905367690253744,0.025509035151189078,0.04570482129567803,0.041668224300601374,-0.04850287399863041,0.11011097743539092,-0.036655623414262865,-0.04205148175107946,-0.004612922026626804,0.07958671293519992,-0.008299523199602067,-0.22601277125422747,-0.07139084428943586,-0.022138332747222614,0.0063465014871754676,0.027716527889416386,-0.14592779181656407,0.04174629610491738,-0.08955184858156232,0.035016956949043186,-0.0791020514203863,-0.12793661622437688,0.04424276024304713,-0.07116701716850565,-0.006266178201390694,0.028107865430052392,-0.09525092201408794,0.17053868749294224,0.05700960324389312,0.06692752311764567,-0.04796279809807451,-0.04342992330911486,-0.07759930724610546,0.06014324402818831,0.09347297462559863,0.01851419763209629,0.07378421144688332,0.11819333309948837,-0.029556785412444025,0.01822582706352406,-0.0005274435628952612,0.09412702433881866,0.08648286718427646,0.006645035728178232,0.06025850464149909,0.1572817417856691,0.31924938764971017,0.16625416616041197,0.1025874066839727,0.03192017967359651,0.11457894401329145,0.07304218174872974,0.03975581418272104,-0.03220227959963472,-0.00777615127039298,1.0,0.044466585959510516,0.09188376893978806,-0.00543363923251374,0.17283941035152905,0.10832592806997858,0.13160531668652758,0.09595335058540998,0.06898359680441077,-0.019425507939259474,-0.08585476851337528,-0.04616355924192431,-0.06473079475976845,-0.02518574747229994,-0.17428287176491974
Other neurological conditions,-0.009892223074626425,0.002599939015598394,0.011492878636445356,0.0018034876353300363,0.008620876038120059,0.007477811970063503,-0.03215259750587814,-0.026896463730401502,-0.006194008250048244,0.030041501094889147,0.0015693132367644023,0.07591958468755428,-0.009101276151754751,-5.8680901098858976e-06,-0.007542473826322742,-0.00018848364498340398,-0.00788530761998314,-0.06155400945896171,0.03498000114905662,-0.08776107600901475,0.05396993144010841,0.052550975057294655,0.08474004510759166,-0.057048684543773015,-0.022558612134956812,-0.014314063686119642,0.058423410594853745,0.013909674027548277,-0.034077693623167926,0.05526592631106178,-0.026478325090503452,-0.026114952559067352,0.09196037595737579,0.005903880345015375,-0.05565133665282282,0.04515826141241601,0.0959628493856116,0.01503837433530811,0.035721254376939585,-0.006986234626450329,0.04002086430270212,0.05684273710232562,0.029860697495712046,0.014793723645020304,0.013583370027081909,-0.05394004242586518,0.10353851166198126,0.003892539329114332,0.06519778571439892,-0.012738862836980332,0.08921426842294329,0.002922216714228779,0.05020889638228966,0.04838613896878761,-0.017724663807048163,0.0057102970505970305,0.0009679317447465107,-0.02031855512201495,-0.014790802236152197,-0.01426498357156234,0.011872684772359313,-0.01226311581169482,0.012408067110949222,-0.006781184904164488,-0.004152983889415736,0.036059732183910766,0.04057486890365776,-0.07308415590733597,0.07433459535558701,-0.07149483602500192,-0.04692914355529183,0.0447367064240772,0.10295841222257984,0.1637109614159199,0.0822426408361191,0.11831227185281236,0.0647819302132469,0.03499696496760759,-0.010847961635886987,0.21294807768165414,-0.03468928201946575,0.16510897501243893,0.03720546191362922,0.14756187036101664,0.04720873733041712,-0.027586501147776277,-0.0027430860784303517,0.049615017206507205,0.22822818867814076,0.17950042424064516,0.010017430837874104,-0.006867773033634839,0.2066907802838023,0.044466585959510516,1.0,-0.005921561927625575,0.04391804630477039,0.12205724028884901,0.018046218404498073,0.2018875566520848,0.015879565334676566,0.041002226045675064,-0.01414605081726742,-0.004571865506829187,-0.06624445813975599,0.008325174324634307,0.004566600875629264,-0.005167588773785114
Parkinson's disease,-0.04281868839265011,-0.020315781656160464,0.04608649672949844,-0.07600155093450414,0.019244425824061388,-0.024043660400178336,-0.0695867203904352,-0.013817803489025896,0.007271854238890552,-0.02269769103328181,0.03928016081531412,0.049804205373595756,0.009904129982852694,0.050574106110591925,0.03337637576775211,0.03223999210129777,0.014288446378204775,0.02221833038347451,-0.004991862833857067,-0.07160659305659123,-0.003349414513263635,0.10985173769709194,0.0031087944676608777,-0.010398046796138403,0.027153781868126902,-0.010492940045288175,-0.04924873855447213,-0.06423344111206553,-0.028050105418334994,0.12166218897622452,0.009603132729786672,0.02244636262689693,-0.05453446952570795,0.016087648571624057,-0.045838948326152526,0.05623779774579589,-0.05679825567226631,-0.06615953477876729,-0.038577877616052636,0.04032036471242516,0.04412278513705583,0.005054123900600301,0.0015945641683499788,0.02671486035132802,-0.005611713477218636,0.016223185414162476,-0.013776001846115615,0.10078893855379938,0.05411930987803015,-0.13043910239450437,-0.00826716263306498,-0.0001847283397952055,0.04451297153402144,0.08821295922075027,-0.04072679146590086,0.06427121152211043,-0.0356892486181709,-0.06024903076761208,-0.09527943549402945,-0.06464799051207575,0.005625877542101638,-0.03715488857553842,-0.06629620893243586,-0.028211098389319754,-0.05283384019969764,0.09106386041455364,0.12591847943335902,0.06004285485741728,0.044906906526556226,0.013585593548974723,-0.025030607321049617,0.03971556749956653,0.05985132174762846,-0.006119049981479854,-0.002159198170119088,0.007015718616060782,-0.008313109057283625,-0.001158848676304223,0.005459656040910844,-0.006614707944873789,0.027303373264352792,-0.026423143050401568,0.008657116419527183,0.03469227456144006,0.09468450919684859,0.005265852184365744,0.032670167834118025,0.03593892112017334,0.0035896534668087977,0.049824850883716805,-0.004136587685745944,-0.011544834349079216,-0.029400310532974504,0.09188376893978806,-0.005921561927625575,1.0,-0.004574086314074887,0.08201492019071559,0.02800287308246723,-0.013441329897970552,0.09000550548670866,-0.007177734953384851,-0.0657519391041916,-0.030535033651484883,-0.032550415485787604,-0.08096838247300009,-0.03395608065643556,-0.08835123504984485
Retinal vascular occlusion,0.002668109306043574,-0.008837039717636306,0.0010923206912682437,0.008135395327111846,-0.0050429994340958064,0.03851085818120353,0.00330781714478781,0.008166397865012916,-0.008021856479545552,0.009690907012373285,0.007043161036590421,0.0001815837826981887,0.009886572336650037,0.013989483792061436,0.02708791836874846,-0.04996565856964252,-0.024501836258548883,-0.01126249442912042,0.005427532896264609,-0.013928791679274148,0.010338679856902833,-0.01304873323966566,-0.0027891018480121405,-0.0040025015647913754,-0.0037450726793200077,-0.012044525142247822,0.013595989143423482,0.007906469333590852,-0.00297399513900357,-0.002556213991877545,0.0429479440877143,0.003832234698651313,0.010479557471132822,0.03484457076120403,0.011347997525787763,-0.02114305600321686,0.004227905944626263,-0.013392176249142334,0.017523965360863036,0.009653048901967151,0.016991069989642994,-0.013727013950954338,0.008320560162901095,0.022659196068541727,0.008625423192372233,-0.0008636607800225244,-0.021306820016696783,0.0530885356795169,0.04516535424166768,-0.04313218070902147,-0.015258108321583285,-0.015880792047168194,0.02470343855904461,0.038076932314881774,0.0017290970216625279,0.02997678756276371,-0.02217093381311672,-0.016089413101808298,0.004909152493731069,-0.030608756558486248,0.0037717489871164486,-0.021900459382986324,-0.010661960070119356,-0.03507108738146825,0.003686668780697482,0.00020073248728715037,-0.01507243668481031,0.00830564441056665,0.02174289053678089,-0.0015737917854909591,0.0062990583820464845,-0.008431620444439224,-0.008995340200038312,0.0018131787602231287,-0.020264021123704228,-0.012761731667156452,0.03127565931205964,0.004534138989786843,-0.008619763477057335,0.006026044222738831,-0.014766927721158757,0.01764359505875675,0.032641801731063895,-0.01847068678155719,-0.011328046709618138,-0.006738455829417593,-0.0010724128313229085,-0.01577340160471451,-0.011371571918302185,0.04644431363653849,-0.0019939628398521225,0.011915601112752798,0.02229354217644847,-0.00543363923251374,0.04391804630477039,-0.004574086314074887,1.0,-0.01079506760687177,-0.020180944659794985,-0.002651748696838643,-0.03103767802302191,-0.0034598896140107327,-0.03169446248504586,0.07796046462673238,-0.012218827243668608,-0.003325055072014352,0.007940250068158908,-0.028689486851886905
Stroke,-0.06389182886072978,0.026094339769879092,0.087149326013687,-0.09765763884997707,0.1282445776085662,-0.10785193867826098,-0.11596397341437134,-0.09900828985758603,-0.021233952646874877,-0.0033657161513575675,-0.02154473465810473,0.06588995492014076,-0.023346684137991226,-0.01176361703723116,0.00023857097190806357,0.12762649734557413,0.011273068381157948,-0.02955472367605775,-0.037400808152247986,-0.15716926282375565,0.021321343682340243,0.1656384969079219,0.048316244080341665,-0.01609132884434005,-0.002221871835223677,-0.0037449340983802476,-0.01835726878019696,-0.06942957524299773,-0.1311061867491232,0.28855667723986206,-0.02070510247759846,-0.005966181915906343,-0.025742328070533924,-0.039941317889494184,-0.17075528416080243,0.06101114917279002,-0.05582718460712624,-0.050439810200403536,-0.10576344694655977,-0.007366433751148081,0.028976403145702063,0.004273861445215264,-0.008143584875764236,0.038825058350446945,0.001051212551551968,-0.04660644796126485,0.021646602765757028,0.015628021954971122,0.044814471416894,-0.16989126255853393,-0.005588313095594164,-0.014835869665663321,-0.01253209541218057,0.09328535678259697,-0.0788822524986706,0.026843126517203456,-0.0714393209384284,-0.04530534421081957,-0.11375833303268648,-0.06409399956579045,0.03016946492020839,-0.04892726645269475,-0.03585102579301017,-0.011384744206648747,-0.0848303524088632,0.12203288456276666,0.13656301339270904,0.06387265842053916,0.10572225681809075,-0.014267667851079328,-0.07105308351474855,0.08157523313611678,0.17900683078947274,0.09368723238532527,0.06695234219113827,0.16457517251582957,0.0721382481774317,0.059551211009912945,0.0454768898583749,0.09487375375799398,-0.030692955572948277,0.06372144391028214,0.09486964983476895,0.1918854588118906,0.19362738939751103,0.04938845723903662,0.09079435180816901,0.16551733253622178,0.10047626415733742,0.1251158010087013,0.03345369416672547,-0.019428975583792668,0.04845999161447792,0.17283941035152905,0.12205724028884901,0.08201492019071559,-0.01079506760687177,1.0,0.12893058272321198,0.08093193779068537,0.11589296932152722,0.04555025556182686,-0.060368098794732566,-0.06179046565565519,-0.07326175922774454,-0.06622322510179174,-0.04469462864891852,-0.07696054116522451
Type 2 Diabetes,0.22143493270961057,0.5027246893286593,0.1621147230731292,0.16678098242082573,0.46044268693832685,-0.08190138681088516,0.20743879256640424,0.00016272852483560773,-0.03750001171594375,0.0027470955262553615,-0.22795948107609848,0.15196028510452858,0.19769435225140125,0.12896949091109744,-0.20452320159533716,0.18133344046722982,0.011599727266285902,0.14664302720876302,-0.03757583984011571,-0.24235707876370546,0.22049315235854583,0.12089521618497064,-0.15900863407238763,-0.11543143666509703,0.15554143086809397,0.12951360196529024,-0.16290599464356573,-0.09114513087577042,-0.1220658182409014,0.31652115990343965,-0.01901825524480218,0.2806085591196545,-0.39565353405634823,0.13016419920593642,-0.4606299813321512,-0.022836537320439002,-0.24470226130587752,-0.2645457501717742,-0.42053336288375887,0.15521517627085946,0.03319730370648701,0.0413932790529199,-0.04499671250788015,0.12287464898553563,0.08129289683300127,-0.03982948420528562,0.09055224351476217,0.08657450939596474,-0.011281968964991312,-0.18635879814872972,-0.0259577044669156,0.09875764191841724,0.06056666804778382,0.058482270437231594,-0.10274943098269725,0.01727833934882759,-0.20858606286507803,0.025889652371228377,-0.09140961260150565,-0.06582604203486093,0.053898659868922345,-0.16072850541560396,-0.04413573320734732,-0.09669254425378955,0.1476462101671985,0.02835785678523935,0.039844592479542286,-0.061627405688156396,0.11359630160757081,-0.3420557942117265,-0.16664196978932588,-0.21562527984793628,0.07247883388368256,0.08387044765453558,0.03333144235679575,0.22781952353068444,-0.07001939058828995,0.010184090114580907,0.18958818483555395,0.05149159156452283,-0.038972675497750936,0.11076523469151922,0.1305917675882108,0.0633023120181455,0.17489374401858307,0.20572929044942573,0.32728075228381487,0.21645137962913857,-0.06891178644858058,0.015242215104988254,0.02393037422034742,0.16872291005837245,-0.029108392048719192,0.10832592806997858,0.018046218404498073,0.02800287308246723,-0.020180944659794985,0.12893058272321198,1.0,-0.007726279969938559,0.06640773312110235,0.09184296876864143,-0.12799529523098385,0.05449463012899835,-0.12437202603948648,-0.06594471425926904,-0.14597257622768964,-0.05935892029054997
Urinary problems,-0.10838538212562908,0.01221095377630879,0.052054878466297236,-0.030223286226790443,-0.022336380114518977,-0.06348714004304003,-0.1015093005041546,-0.1046242532938564,-0.00027999797910259114,-0.030899836752996235,0.02703504147517867,0.023734929134100916,-0.041490227231499206,-0.03140115406423294,-0.06870071432435564,0.07032666295250146,0.05465010232608456,0.05449405386536906,0.14399017749469667,-0.05680053507044699,-0.007199819970274045,0.11194684378351681,0.0726979544075272,0.03735086320013049,0.07504323038094404,-0.04262993090572466,0.0755425681947875,-0.07248413707985946,0.12470206544366078,0.0623971871024221,-0.10074664801797924,0.052165724219223414,0.021730823415801334,0.054736201108921065,-0.024220799869482525,0.1031145753688288,0.13992542382216863,0.09686878213330286,0.02328887155371678,-0.0790084482128875,0.05747112715651984,0.07447662345702229,-0.07682003190494288,0.11339886824725616,0.003851640294694328,-0.04376769254945543,0.06695263934405518,-0.02710174974748734,0.029514984999726466,-0.06998680858839264,0.07469416775560346,-0.037522388464756876,0.017081267811844134,-0.024074810547783137,-0.13824767248932746,-0.0026460000781419984,-0.09844652157727006,0.004819752966431235,-0.03248147930694635,-0.050800478749454085,-0.0030813199197228767,-0.07754072415858235,0.026586815662217936,-0.03369335710453241,0.013132775686604854,0.06110214176023796,-0.010819055235566567,-0.0731181910065332,-0.028531740413072906,-0.06333730552760818,-0.11571516333580453,0.04524414188233468,0.03162046082381941,0.1795732869108309,0.11909061659563869,0.18133159181107736,0.10467007077133131,0.00727472937160591,-0.0316855138669071,0.24592495730765182,-0.020909791719306934,0.1061083458921218,0.032731844874577476,0.22400744573655224,0.08205999628631734,0.08211136903948936,0.06825749761234214,0.09405734219460642,0.21959658195500564,0.1783321847497789,-0.009841059554696531,0.009175818744680207,0.1795493980720939,0.13160531668652758,0.2018875566520848,-0.013441329897970552,-0.002651748696838643,0.08093193779068537,-0.007726279969938559,1.0,-0.010444239421468457,0.05733819015429365,0.014755176410570992,-0.014944469297034137,-0.03933511986916792,0.06153393825708717,-0.007721931103994249,-0.046791734877627
ABNORMAL,-0.08668402808835816,-0.08835946832166358,0.04355133904054331,-0.1400677970944238,0.0008903500603065786,-0.14696958322722492,-0.06375988650927968,-0.03863812821851416,-0.05542700986971886,-0.13705272060961177,0.10172361272837313,0.031925623718923046,-0.030028949377599267,0.171891769547876,0.15938512877683791,0.162185856999954,0.13805637734220536,0.019791525690842086,0.00410633705120164,0.03873437703232135,-0.09737706999505057,0.2944474462638591,0.06799068669122549,0.08041249071753843,-0.08458544161505863,-0.029703269419639744,0.05122675240922318,-0.2533947184145939,-0.18789706848189686,0.3479537303057198,-0.03066266040345462,-0.16997834374221157,0.04413383904156915,-0.07849611317023332,-0.09733679228401974,0.17311418809440024,-0.09380681935571644,-0.09802903825182976,-0.13128965159515238,-0.001119436583731621,0.07528886420108662,-0.02865660806798066,0.05074977225154715,-0.008057599649481318,0.04228155255623509,0.04940962611225468,-0.03547691186908813,-0.09226620724700126,0.18456357344471858,-0.1859237530632839,-0.2136010548131523,-0.07585504296000393,0.006792092940245074,0.17684710921022556,-0.06939816542211572,0.0722890842752237,0.020614110736375722,0.01578923256135888,-0.07961191315213544,-0.10366765737971693,0.15541576072650848,0.013496635000758175,0.01781614338742945,0.02943304182479538,-0.2496426901706869,0.3190172200403368,0.3061690430232738,-0.052530043713924196,0.0786575307515925,0.06887632782733595,-0.16265491211434702,0.2417729152651218,0.1607495651143962,-0.028123395374280935,0.11910056354583029,0.11061318755224336,0.01470374431299477,0.032151500476336636,0.13491205242498308,-0.04766869812643314,-0.05465783902054822,-0.039465373388208914,0.11844771583267294,0.042564662003636254,0.11099553383475458,-0.003737814869600817,0.13770180821768602,0.0922997789092432,0.07367360613231985,-0.024015904752393773,0.021521036305727208,-0.00879111839766373,-0.007512034470948617,0.09595335058540998,0.015879565334676566,0.09000550548670866,-0.03103767802302191,0.11589296932152722,0.06640773312110235,-0.010444239421468457,1.0,0.05948387841352963,-0.5706225073238053,-0.4825615403809331,-0.005264819124111461,0.033247256485299,-0.01743239460985306,-0.03165101121041644
BORDERLINE,0.06540453077528392,0.08558866834925877,0.04706535546102056,0.048851470335714395,0.13223556325802432,-0.03197463676857283,0.051345139629412964,-0.007266402138924257,0.022125419813556833,-0.01787618670507221,-0.012979921424384517,0.025619987298407653,0.08171140045016062,0.001092043354466369,-0.06673703298681365,0.05492031608769659,-0.0035058832815733,0.005839063609581233,-0.0025299906708126717,-0.07663251682850211,0.11941737313250876,0.08454698761417387,0.042811636582250207,-0.054213878789489814,0.03740167600826323,-0.006071142681129979,-0.016472296309323432,-0.08142811992463664,-0.0012802391988746733,0.10223745664608037,-0.05011775043632667,0.08461836687632741,-0.07709019110878997,0.006604567410960153,-0.09713319514033972,0.03775157097630638,-0.06956231314087868,-0.015524938574245532,-0.08824689943356345,0.014375680290561067,-0.0009944412276140925,-0.02236928218938452,0.0006078117328953953,0.0543108159749289,0.02956239297587057,-0.024577783579596113,0.06066841490182222,-0.01696799686970115,0.021694253057817466,-0.07589843815266699,-0.017282624902071452,0.045960432474536704,-0.005994107728045621,0.03294573773922096,-0.02741888950520226,0.0074740196167668764,-0.0805128003465159,0.007994994731699678,-0.008606691052772814,-0.03107395212737125,0.016698224518339216,-0.08224692905850259,-0.04246527388463056,-0.04612857433209804,0.0717981596459232,0.04134789382721874,-0.03542730571075193,-0.06927701585262933,0.021148693098052538,-0.017301759065510545,-0.027378010287619648,-0.04020187100795624,0.0744947944734436,0.07289873118866179,0.04321585901363276,0.10473817243011802,-0.005270532665536829,0.03493770825825968,0.09404468930901959,0.08616606486098695,-0.0041004865622541985,0.04624273562950435,0.09733876526200054,0.0431162753281605,0.07798769047546303,0.06445335162638992,0.0657389729912682,0.08373766724970351,0.0060149618430190765,0.0398939079954966,-0.0031289607997377184,0.04785075109570056,0.05720385571978527,0.06898359680441077,0.041002226045675064,-0.007177734953384851,-0.0034598896140107327,0.04555025556182686,0.09184296876864143,0.05733819015429365,0.05948387841352963,1.0,-0.04973549591918236,-0.01350654334961063,-0.08133827818220037,-0.0368897206698061,-0.1369402272777204,-0.04318300880401864
NORMAL,0.04540086331720115,-0.08513919598603081,-0.010075690004145398,0.07233078304991478,-0.020125670832881092,0.005392631884279647,-0.06906604607959096,-0.05390951612927593,0.04102545769056159,0.125132082231553,-0.061080195266847756,-0.030202225498917185,-0.015201730161871055,-0.2523686619168068,-0.13735029197636914,0.06924679679957747,-0.20065024810070126,-0.05014200873773277,0.050787721907379235,-0.06503398937702891,0.14660027806258968,-0.2828107300309746,0.006810245087534455,-0.1021726660208162,0.07112294921990545,-0.008810191263205747,0.05546922798471191,0.28633185890904994,0.007811559365919137,-0.26325508967210076,-0.052856825482533266,0.10217771618357566,0.03403917789006421,-0.0018369769157523166,0.12285136049231613,-0.027525229623634663,0.16040730895752334,0.18337075528431876,0.14838453285411204,0.044850863968813555,-0.12403502808658516,0.03171746897032135,0.06688439572646003,0.027771517703942362,0.01311739572004146,-0.10017897949952392,-0.0011587468180351223,0.12786493308758048,-0.19459805209860676,0.17052701636746634,0.1910728057162942,0.10252259363025613,-0.04279433755250175,-0.15573018870911604,0.11054618078373596,-0.07769066302792697,0.08091065293269949,0.09013493849404519,0.09008122100446263,0.10403828114098215,-0.1773401458738171,0.06287675173046697,0.005813819640797542,0.05660257860901001,0.26627744321504765,-0.14160293224235335,-0.2750331718506825,0.014642464413658329,-0.09097381656893154,0.1388023711940522,0.0870016277057488,-0.12222659981958345,-0.08496058873752547,-0.013397190411848827,-0.054185059939732924,-0.05774687040975396,0.036263820431319115,0.016338161013515103,-0.10933607030170105,0.017009222109291816,0.11627154353600315,0.12222641542319823,-0.07283053358405168,0.01935867365282145,-0.013384700371332105,-0.025484298746088107,-0.13144161772642035,-0.06814181587795025,-0.033373242751716964,-0.00017477157984226014,-0.02866297533969788,0.013445169529801243,-0.03627817263017812,-0.019425507939259474,-0.01414605081726742,-0.0657519391041916,-0.03169446248504586,-0.060368098794732566,-0.12799529523098385,0.014755176410570992,-0.5706225073238053,-0.04973549591918236,1.0,-0.3948350310073345,0.04266008038582168,-0.04922740327849325,0.056423378500280244,0.06595292380003961
OTHERWISE NORMAL,0.05182835663897577,0.17993263201538637,-0.0403225377154232,0.08293349797277269,0.014474790395176178,0.16012112707510678,0.14441029247502407,0.10494552902814797,0.019517944590859395,0.018859763982276716,-0.046444124681232615,-0.007904173142617762,0.05408875680991418,0.08247212894610702,-0.03263647582734634,-0.2550750534950541,0.04996979472667635,0.032809642910286464,-0.05442552994072021,0.02450484548894918,-0.041956720878069016,-0.03003009633607084,-0.08288245322770517,0.019741847899900602,0.022971418849094573,0.03843078051384017,-0.11913223916429774,-0.014072088002042122,0.19958405159209605,-0.11415702178123344,0.0949023237969591,0.07761799988423103,-0.0831845645551908,0.09404847901272827,-0.015022918913185652,-0.1654238871329613,-0.06659796943622583,-0.08563124858709645,-0.009133016785042967,-0.03937144288643921,0.05228348224758577,-0.0049371325446096745,-0.12099987542039616,-0.012462578603880914,-0.06537273001027429,0.049922716313725954,0.036130757025262625,-0.030497052698161622,0.0007522123978480161,0.02629341836510299,0.03336563874084392,-0.018886660361529355,0.03206297958725577,-0.0336004638750312,-0.03577768337714994,0.0036128766171426878,-0.10481797076731911,-0.11153457792533344,-0.008601344871146412,0.002794765266712792,0.010549229319087711,-0.08998181652311969,-0.027663073550018978,-0.08771146015388122,0.0050023198088529255,-0.21078866895489082,-0.05176734238208972,0.0371083374271444,0.010609166888612031,-0.2098946859817953,0.0915175035878541,-0.1375118158628702,-0.09089487646406885,0.04424950013319659,-0.07956635919116367,-0.06952898453719314,-0.05086576546240757,-0.054211265935561616,-0.03666943146455256,0.028106381303504006,-0.0613359286579184,-0.0754790817233916,-0.04806491774742552,-0.07353172945013717,-0.10759181061866277,0.028663759426891193,-0.018310532296722356,-0.03292566103126353,-0.048934179982449665,0.022710384178416563,0.006450194372279128,-0.00667991713314241,0.05116668408413307,-0.08585476851337528,-0.004571865506829187,-0.030535033651484883,0.07796046462673238,-0.06179046565565519,0.05449463012899835,-0.014944469297034137,-0.4825615403809331,-0.01350654334961063,-0.3948350310073345,1.0,-0.03950082726578405,0.013284711316837313,-0.04128345638135993,-0.030695837553990232
cube_visuospatial_executive_value,-0.14700868683382684,0.026332694374422764,0.009118237906270938,-0.09673845610780538,-0.02193103168634641,-0.05012807611725963,-0.16690326545423537,-0.023197584875010654,0.06614329528677898,-0.05800697771135782,0.03213056213678985,-0.042059906634222335,-0.15626889606778702,0.016467478900246017,0.016131701624734318,0.0456094821283344,0.2938171472379816,0.00784232997042433,-0.009228840669649149,0.2604397983172992,-0.1363051759801757,0.03398032446897101,0.11278386507116248,0.21478005974977304,-0.1493510091746046,-0.11511486417207453,0.0032311331401771613,0.11466096315495085,0.07046112831921887,-0.08826469235670682,-0.22088207289443682,0.052753002129244976,0.10324850235676822,-0.07441070495335643,0.10971772175305311,0.032151622410604826,0.047586169833252964,0.06932492452658427,0.08345819671017943,-0.013189997002457914,-0.0615450716973571,-0.15217380144387296,-0.03167376780758404,-0.07927399136722095,0.024062290570823812,0.09505369225944742,0.0511097714459956,-0.044601856632408905,-0.036934771190604426,0.36097808347541915,0.025360962007140227,-0.19007941067299172,-0.0748764646668522,-0.25500485416115243,0.058140023116719786,-0.0675319717875916,0.129745338570311,0.07590261865887048,0.07800760071649111,0.22630370660977292,-0.017755728859822014,0.1945558830962377,0.10867608874289515,0.17438174477238208,-0.21726968798027893,0.054805946586650015,0.09885106285830719,0.1912953891050759,-0.1669851395673666,0.029666045782299665,-0.03991414957969875,0.06643194999577602,-0.03501615264012154,-0.032751449550810184,0.10695458243067185,-0.03686710277654973,0.008802359576547885,-0.15327797531204676,-0.04037720236693831,-0.05177017058130532,0.010981520873879958,-0.023615209698260715,-0.057086756470896886,0.04916978209662235,-0.0646405359118075,-0.0012826291743401918,-0.07755110239069829,0.004676614297431369,-0.011205806030956608,-0.012111069158627849,-0.02015838166792029,-0.2112031917902142,-0.10684536657530999,-0.04616355924192431,-0.06624445813975599,-0.032550415485787604,-0.012218827243668608,-0.07326175922774454,-0.12437202603948648,-0.03933511986916792,-0.005264819124111461,-0.08133827818220037,0.04266008038582168,-0.03950082726578405,1.0,0.1983327237937414,0.12103212289773772,0.14819683666538752
fluency_language_value,0.07680551724261803,0.006165598182817786,0.0030352205066129017,0.14207912254338037,-0.0368064006696448,0.06805183760136357,0.10989857674435322,0.11315516804648965,-0.00850170768484842,-0.009882144352359595,0.022470019750015748,-0.09056808496925287,-0.016115481005282987,-0.004254987637100757,0.054528307967676666,-0.11744078204410636,0.19779562915041435,0.0904452015668036,0.10463758949494971,0.2644780120157533,-0.11753549127519763,-0.055587780667556104,0.05099770530977406,0.1475770418621153,-0.11088872277610276,-0.03695773964506928,0.0362185076111904,0.06305120629484656,0.07223244613487904,-0.08808073186785924,-0.040613641804434934,-0.026256472903869985,0.1271201646843517,-0.031063292424589876,0.1473490792628085,-0.10301832687972348,0.15059206677449585,0.09161488089934675,0.11605830073885773,0.009815760676344452,-0.016514609673306892,-0.04036385054706734,-0.08519762030979376,-0.08153604621530716,-0.03799960044754245,0.06352642962501892,0.004366136727126689,-0.12137117843662772,-0.06621627132394266,0.2969430036358021,0.04462368330226985,-0.14685854388441646,-0.07007411626267339,-0.13638940508812883,-0.00507267872291994,-0.07299880711279613,0.10242533852070859,0.14631961077073277,0.11233386609448048,0.12221281418450189,0.008934924881438933,0.15050248683486359,0.13465608057955689,0.1001780876999822,0.03233512993776078,-0.10866184626486997,-0.05448552801331395,-0.09819681359345822,-0.12542449576507567,0.036701067478052664,0.056812720688728925,0.13567916661187193,-0.03888674796131082,-0.0756345490282739,0.01713999412022881,-0.028545820534498348,0.011232401608957655,-0.12150262194239776,-0.047023347961854235,0.06629729905430143,-0.09230409301833103,0.07488051381074613,-0.013241041145184032,0.010864334077032554,-0.07041353491743191,0.009713654876344624,-0.07328884354688951,0.03186954465317554,0.062412629787281945,-0.0033132442359387103,-0.0021378405870235836,-0.10051600486143508,-0.050489547767354856,-0.06473079475976845,0.008325174324634307,-0.08096838247300009,-0.003325055072014352,-0.06622322510179174,-0.06594471425926904,0.06153393825708717,0.033247256485299,-0.0368897206698061,-0.04922740327849325,0.013284711316837313,0.1983327237937414,1.0,0.11259850095168789,0.15475917369269027
lettera_value,-0.06220700561972134,-0.115463114802325,-0.009006095448300347,-0.04186895583073428,-0.13255251664363402,-0.02350581382410563,-0.08189777333369953,0.01072651495884216,0.01038496404268635,0.019935572386014507,0.026165568332701655,-0.024896537757083045,-0.061792770806348755,-0.03385617884088365,0.04883389255179719,-0.015898690577122912,0.08245173023649428,-0.008619063608000613,0.052423886320293406,0.060217776353142155,-0.09792975404892149,-0.06968864168519422,-0.007624469393157434,0.06043068197248136,-0.06858905975991711,-0.06890715355513316,0.04900553036692456,0.05397228298038985,0.008994953470397497,-0.08251441256195706,-0.07351491522906745,-0.0847366202966215,0.06560682740902526,-0.05871840902190343,0.11262289983650181,0.007517610288775024,0.06610983380190151,0.08933756545518412,0.08814973441387006,0.0015403854892293211,-0.013432627156574485,0.0025731005220935225,-0.029361791246373805,-0.10675795315112004,-0.05859985448829214,0.019001089005803364,-0.06573727450034067,-0.0701320774023964,-0.05289620951187075,0.27838107326879913,-0.006430253865204103,-0.12495726146664712,-0.07819562496269734,-0.09599386987747277,0.014342421722249837,-0.06310700320401945,0.15714669147973154,0.1567644525652465,0.20920137044348736,0.23385786786870388,-0.02052202733598835,0.21612355519016582,0.16658845958176405,0.1414974366812268,-0.07967985450570322,-0.056513138690674085,0.02652779216245248,0.06841309202286881,-0.04829265084361884,0.062117181036734116,0.04816120046526177,0.05695066093299712,0.006060737857847219,0.013545699008620658,0.029504105685491333,-0.061440713936589494,0.031441793607594824,-0.008355408120182215,-0.07856486227595628,0.004479751578678452,0.010669929746664171,-0.031140796031050536,-0.0647461377121733,0.0022355931866260156,-0.07126502350092212,-0.011836743289941248,-0.08474549948384347,-0.015739579540078368,0.030315972526968365,-0.01880683374316277,0.007180787243262197,-0.04089466301254047,-0.012996275719569478,-0.02518574747229994,0.004566600875629264,-0.03395608065643556,0.007940250068158908,-0.04469462864891852,-0.14597257622768964,-0.007721931103994249,-0.01743239460985306,-0.1369402272777204,0.056423378500280244,-0.04128345638135993,0.12103212289773772,0.11259850095168789,1.0,0.12078852235773209
trails_visuospatial_executive_value,-0.04634140000775799,-0.04315924042812274,-0.08737769302318323,-0.018447765153659628,-0.05884440031779479,-0.07278785036163056,-0.044248622081784976,-0.0090770038477353,0.05953664585090936,0.05771424241915279,-0.005511728653797965,-0.05596635115874865,-0.0407832670262689,-0.05207626004421315,-0.07995141677425,0.014283155617813173,0.09385762376237855,-0.047184711383726326,0.01668938385335534,0.06208388118508255,-0.030296483549011995,-0.1355940666272804,0.006486074688592531,0.05864129460289289,-0.11422802385397075,-0.0023064769074850632,-0.005752751665077313,0.15454982964003383,-0.003548093091996492,-0.10617690832763248,-0.04843221521255097,-0.061020529715519335,0.11827547306152365,-0.05364602381417688,0.12246087005872267,-0.10571649343086964,0.09639095210087181,0.07694877011164813,0.07541712688268096,-0.03547096372909842,-0.06192209214714524,-0.013242561427464293,-0.020058755528340355,-0.19106987792455,-0.07352972890880681,0.00118905577035207,-0.02713669846607551,-0.10689661208645812,-0.10350428733636059,0.4370466087688131,0.06316830263686157,-0.08224087844291914,-0.08341044618943881,-0.13255875036811693,0.08498686056501761,-0.13009060238105585,0.21740477508202136,0.15538829022613687,0.178793160260374,0.2711573339922094,-0.014882681387255457,0.20304363505700856,0.18259798680767142,0.13303085859321248,-0.031634929841095,-0.11810605394375416,-0.01238562689747421,0.041008949435221126,-0.013000053779137032,0.046048817330647786,0.09982093619523008,0.016978862502942244,-0.02767799606027614,0.006609920691339755,0.053590367334696784,0.017069029346014085,0.040870767021806344,-0.0610178217527544,0.021517581430558822,0.00034103540187423544,-0.0842618221504095,0.04447086544414081,-0.032619535061045396,-0.02798202613387725,-0.10842562599868494,-0.04783304986126551,-0.1000783094788032,0.024446584236943368,-0.0014263655325662038,-0.007826253905455915,0.010050183461484431,0.002907275118796729,-0.004322150225179428,-0.17428287176491974,-0.005167588773785114,-0.08835123504984485,-0.028689486851886905,-0.07696054116522451,-0.05935892029054997,-0.046791734877627,-0.03165101121041644,-0.04318300880401864,0.06595292380003961,-0.030695837553990232,0.14819683666538752,0.15475917369269027,0.12078852235773209,1.0
