,heart_rate_mean,blood_glucose_mean,resp_rate_mean,stress_mean,blood_glucose_std,total_steps,resting_heart_rate,total_kcal,sleep_light_hrs,sleep_deep_hrs,sleep_rem_hrs,sleep_awake_hrs,act_generic_hrs,act_running_hrs,act_walking_hrs,act_sedentary_hrs,A/G Ratio_value,ALT (IU/L)_value (IU/L),AST (IU/L)_value (IU/L),Albumin (g/dL)_value (g/dL),Alkaline Phosphatase (IU/L)_value (IU/L),BUN (mg/dL)_value (mg/dL),BUN/Creatinine ratio_value,Bilirubin Total (mg/dL)_value (mg/dL),C-Peptide (ng/mL)_value (ng/mL),CRP - HS (mg/L)_value (mg/L),Calcium (mg/dL)_value (mg/dL),"Carbon Dioxide, Total (mEq/L)_value (mEq/L)",Chloride (mEq/L)_value (mEq/L),Creatinine (mg/dL)_value (md/dL),"Globulin, Total (g/dL)_value (g/dL)",Glucose (mg/dL)_value (mg/dL),HDL Cholesterol (mg/dL)_value (mg/dL),INSULIN (ng/mL)_value (ng/mL),LDL Cholesterol Calculation (mg/dL)_value (mg/dL),Potassium (mEq/L)_value (mEq/L),"Protein, Total (g/dL)_value (g/dL)",Sodium (mEq/L)_value (mEq/L),Total Cholesterol (mg/dL)_value (mg/dL),Triglycerides (mg/dL)_value (mg/dL),Urine Albumin (mg/dL)_value (mg/DL),Urine Creatinine (mg/dL)_value (mg/DL),clock_visuospatial_executive_time_value,delayed_recall_with_no_clue_time_value,digitspan_time_value,memory_trial1_time_value,memory_trial2_time_value,moca_abstraction_time_value,moca_orientation_time_value,moca_total_score_value,naming_time_value,repetition_time_value,subtraction_time_value,cube_visuospatial_executive_time_value,lettera_time_value,trails_visuospatial_executive_time_value,moca_combined_mis_score_value,memory_trial1_value,memory_trial2_value,moca_abstraction_value,moca_orientation_value,naming_value,repetition_value,subtraction_value,Rate,PR,QRSD,QT,QTc,P,QRS,T,Age-related macular degeneration,Arthritis,Cancer,Cataracts (1+ eyes),Chronic pullmonary problems,Circulation problems,Diabetic retinopathy (1+),Digestive problems,Marijuana user,Dry eye (1+),Glaucoma (1+),Hearing impairment,Heart attack,High blood cholesterol,High blood pressure,Kidney problems,Low blood pressure,Mild cognitive impairmen,Multiple sclerosis,Obesity,Osteoporosis,Other heart issues (pacemaker),Other neurological conditions,Parkinson's disease,Retinal vascular occlusion,Stroke,Type 2 Diabetes,Urinary problems,ABNORMAL,BORDERLINE,NORMAL,OTHERWISE NORMAL,cube_visuospatial_executive_value,fluency_language_value,lettera_value,trails_visuospatial_executive_value
heart_rate_mean,1.0,0.17245577200880313,0.16826117508428004,0.8790315384014739,0.1397036150638864,0.5094813217933606,0.9700980266690894,0.5532205949075755,-0.31487534433273917,0.11806123421629434,-0.16864673234463334,0.052772180167768634,0.6238551914675434,-0.02134304905197423,0.025957934977682336,-0.37413773855887905,-0.21159377529901427,0.029311454596250647,-0.07259881220227499,-0.09494502073919034,0.11194167353792168,-0.0845057535753664,-0.11635011283070282,-0.20037675217674325,0.09327758926575111,0.14366675962681547,0.007305759099044533,-0.0677274673975488,-0.09985382965417136,-0.0026281181641258987,0.20632216996085673,0.17538019273733088,-0.08809770450841604,0.1444584123195095,-0.043676676279937175,-0.05412157554188115,0.1288212113001187,-0.09140986521288616,-0.04202801475363965,0.08739858591708483,0.06024751407865507,0.0918602104665637,0.021377117064351855,-0.06620327627422953,-0.015309382535990134,-0.038866656911466305,-0.07495787017501465,-0.0037102538425057576,0.006207096685889477,-0.01875219996022741,-0.005240212547856764,-0.02188903617196699,0.15109582938893418,0.08959541905485083,-0.07955141583761485,-0.03063161198489293,0.020141632674551786,0.043618471662410285,0.03186395440777628,-0.11152552692734062,0.006061091002666437,0.02585626183854623,2.1855855652507496e-05,-0.06794703492661418,0.713458307277581,-0.13858603227255037,-0.128179533654187,-0.5732145024121381,0.23653366082317304,0.06359345767341901,0.04138054007932532,-0.07785871664076101,-0.01206101926408186,-0.012828204063753087,-0.02291705245856718,-0.0784318872780012,0.05437880183315053,0.04474507637179935,0.11093645374770875,-0.028513588269114345,0.008764388353435418,0.0124489427490364,0.031452820899690974,-0.09709626972761665,-0.04958143863184111,0.06234341011456351,0.05821578810124251,0.005781897889667303,-0.030293800708956795,-0.0371463379768476,-0.02954541648314394,0.17524988605424952,0.009631254117449958,-0.048947554776809024,-0.026867727329888447,-0.04338834176115925,-0.01713229824468333,-0.03693481244981545,0.23327810258493034,-0.06559358075394611,-0.09070167751511986,0.01956462931767556,0.040653748333877235,0.04584643298426104,-0.15578622758793248,0.001620451972726794,0.037334473789523065,-0.008994924356451826
blood_glucose_mean,0.17245577200880313,1.0,0.11625400606981666,0.18415556820073592,0.6774308835190738,-0.029784832996460828,0.20188609477191508,0.0026075616537364218,-0.06642590459401784,0.06629427820627558,-0.11435128143549533,0.04851747090435511,0.09435622180344809,-0.06814660316492821,-0.12039225892605426,0.04648036481149838,-0.14622767861887923,0.1365756167013688,0.08914085205466248,-0.06791185914893602,0.11399370255789794,0.15042716455152036,-0.01067027815775514,-0.03446283895998705,0.08177417434840033,0.15082340549180479,0.010905884407351718,-0.06506339616048713,-0.16443757499041325,0.17860629931211555,0.14292766484715008,0.6351771717981086,-0.22863085649324413,0.14186148508123383,-0.1803877909220635,0.03540835261891971,0.08800706835143295,-0.15939204722318717,-0.1673921382427383,0.20142385647840189,0.10320749221276891,-0.006937957765192693,0.0177630848990554,0.10981386451209876,0.030591273498733793,0.019983079565261724,0.020762110158398076,0.0449529379564445,0.060872741944956475,-0.14411270702864737,-0.008934049494133043,0.054001597800039894,0.005830141183705617,-0.01740855461430984,-0.0010350853605023307,0.013483549097119029,-0.09726390662377861,-0.03525301793829384,-0.09918734446667733,-0.06138833986920396,-0.035308316028908375,-0.05276761221549253,-0.0690383845866815,-0.01416339552263404,0.22133467134581755,0.069255436790717,0.09424124618769797,-0.11807727352131744,0.14578507589326037,-0.06441204488874663,-0.12108366074704871,-0.08646076206446443,0.015469645269334448,0.045074407271744596,0.061893027648558134,0.13338268762608843,-0.0315042363112083,0.00592537397662131,0.18440369687448588,-0.018815944991248928,-0.11012351832064458,0.04190389159973467,0.07977125562315804,0.05205722876623093,0.05721450272848658,0.12847483828258663,0.21012777413531983,0.14078549026561651,0.018028090647063677,0.00564623438356228,0.11463778858719502,0.1251221923401639,-0.056969087877889596,0.06862671017717187,-0.022546824678965367,-0.0031249911740804373,0.027197701232462762,0.06417547260522566,0.5026259759630274,-0.013955256921088077,0.044963494515801825,0.056955579106806827,-0.08008223117860477,-0.010964318116885084,-0.06387143177531454,-0.03126392285928066,-0.07622972912274453,-0.05388557749146074
resp_rate_mean,0.16826117508428004,0.11625400606981666,1.0,0.14771927761572953,0.12311020169197864,0.03869560170560902,0.17839711906449823,0.06247469607299639,-0.05234562363630578,0.12107594153594133,-0.12508785726720015,0.037517309029381864,0.12612330539107527,0.005631104114743119,-0.06161334016482826,-0.02237034611237316,-0.055076653020323205,0.003504222448005351,-0.02733484671850221,-0.11532402175758465,0.025070298714055084,0.0707122772329745,-0.03976290228594372,-0.0030934251625884452,0.1695735693954272,0.13154903103392837,-0.030963474718224516,-0.06330884026960995,-0.020479555943367925,0.09961210572170918,0.020795808888695512,0.05431030649968018,-0.16520699165425273,0.11078276982015116,-0.15605177530441988,0.013607610720429467,-0.04793717905662266,-0.030184432410987668,-0.18696774966659943,0.0073090632393573605,0.007276349698896523,0.04578064171531221,0.059786582220240074,0.07816792503215231,0.004927700065782826,0.014914229920866088,-0.06012008166833192,0.039377633770720864,0.02981561826589682,-0.08807451644161757,-0.013351171526124597,-0.00957272861255868,0.06373454332716859,0.09540287864102416,-0.08022685781261095,0.010674424341896473,-0.06383227017574658,-0.004864642625298187,0.009550743642564492,-0.07130120057244471,-0.14347830289765046,0.030140708762236956,0.04179011200769708,-0.04857068338942907,0.10206539546418815,-0.04855679257886737,0.04416073502727313,-0.05366074578428864,0.05646659674487192,-0.06823463278141853,-0.05948632313877947,-0.06402662804591207,0.06530836085980647,0.08485584795567633,-0.0017008766500437636,0.050102771095882535,0.10010596193060071,0.07093658966989458,0.03967193326148464,0.03834636265745492,0.04502870595114072,-0.054810265148178015,0.035206725793888935,0.05363891347708149,0.0959307791068849,0.11080697504343813,0.14640353938481332,0.07976908504846518,-0.038047546325932255,0.001725451481685579,-0.030487758061484804,0.04713773431290395,-0.011552499682728739,0.11480832880953809,-0.06442959599199394,0.1461922895064987,0.041325456193554835,0.014363190345542367,0.1543914814700107,0.004076119206953996,0.015668472961651022,-0.017616451157798075,-0.0012387058587396205,-0.002692854249195874,-0.006218908291823205,-0.04559758572833601,-0.018528438718824657,-0.061120934552860995
stress_mean,0.8790315384014739,0.18415556820073592,0.14771927761572953,1.0,0.139283043508154,0.4156456791837394,0.8661553144104032,0.44107283491058696,-0.36094524608901746,0.16731729923629313,-0.20648171701815318,0.06547800449830991,0.5095094559146672,-0.03304433479274703,-0.006047785559920534,-0.2829070034129083,-0.1884915098128211,0.026884321025571836,-0.059798923631124136,-0.0991806357531225,0.09209062910434059,-0.032321126566502933,-0.05422103588214591,-0.16139920793747511,0.08919422985154757,0.10244508313226414,0.016056568666685818,-0.04094368236453837,-0.09771885819080332,0.01117769079902969,0.18130949106642444,0.17086223202997666,-0.054390909999131876,0.13598049302393211,-0.03689371835631244,-0.05982330741347139,0.10413337732991013,-0.047839641910174695,-0.04120750098544278,0.0416979034930438,0.07830708913331452,0.09738667911131402,0.028631491807546545,-0.05279424491898211,-0.021990820441879434,-0.04254161251903737,-0.08910638175634533,0.012758158000102049,0.015445661568986272,-0.0290020344567976,0.0009596486102372252,-0.026511946906548334,0.14767159962001997,0.1018802392675745,-0.10124042257871357,-0.03607694511359754,0.024655755498247525,0.005397552834943464,0.05779307891651632,-0.11831156225321145,-0.03167624907291517,0.017705730655481495,0.004897745519379887,-0.06326583815861067,0.6112320817779568,-0.08680113132742455,-0.11440690136556485,-0.49001398504477733,0.19918767557981898,0.03803942835821269,0.008582105404274697,-0.1039204038493744,-0.00010525078503515839,-0.014847682414835974,-0.013534455776763987,-0.0658876229520238,0.04139297320158078,0.0564074065153679,0.06278789859937924,-0.039433748812096395,-0.028206679486814414,0.06442883473510702,0.06340846789930453,-0.09204967248255612,-0.05405077715121095,0.07875366932496738,0.08908106104382273,0.021452489503146325,0.006723971868162631,-0.01620854147497675,-0.016895863793530867,0.17260135922387984,0.016644014225238667,-0.03571065577290809,-0.03108964556952608,-0.0570729248033725,-0.0026237480565265044,0.0006096957094643052,0.22763830955673,-0.033894089662675125,-0.08517049063497689,0.016848555848565278,0.018911752485383678,0.0655411666906513,-0.14978029282235056,0.011358829344164066,0.03551446497565167,0.009009896136320947
blood_glucose_std,0.1397036150638864,0.6774308835190738,0.12311020169197864,0.139283043508154,1.0,-0.025281882541486406,0.16486108825294307,-0.0090991426791473,-0.06575517253100932,0.026306571817346334,-0.12546407698941944,0.05657165974558035,0.08507082176811152,-0.07094173318079111,-0.10953361964273327,0.04318632992621933,-0.1363665544861213,0.11502468373581844,0.1255136870046294,-0.1333050213091879,0.1533714780277521,0.19670504555824653,-0.0072566737852659486,-0.05916372616774393,0.07213139778084923,0.11746595431795527,-0.05754287089281592,-0.10206273007968787,-0.07368923690650386,0.22777642982173385,0.10664720882749572,0.45296292390624493,-0.1660371281881516,0.12700059995899143,-0.23658337312073943,0.040020109678179504,0.01806617376439373,-0.0630127948459307,-0.2219188412811964,0.11752565836174668,0.13856895731597046,0.0027256752294672875,-0.007003765401782788,0.15138865107705762,0.03727848581347652,0.0037769483237899415,0.03950464937921445,0.05390838178808852,0.05948034609215719,-0.15057184587260994,0.01111469179989076,0.07111837341377641,0.017019815613776447,0.01984264320399702,-0.02199523228140816,0.010627418630604577,-0.11893365774639113,-0.03859494543052406,-0.07267581338368652,-0.08363284860176994,-0.10593751751197186,-0.0777687382038743,-0.06527356071683915,-0.033791381340907964,0.18902210422710028,0.06671073003383651,0.1061197238075827,-0.0878513979925623,0.14338867089405494,-0.025359928128843374,-0.10900218241125999,-0.0460029319785426,0.07565170099412959,0.09618349854977715,0.05128529794913118,0.15238434045160237,-0.0014313591275925846,0.01837836806328103,0.28167192448210016,0.024399707700019316,-0.09666512012538468,0.060643144630074614,0.1097434093270469,0.0764749300185649,0.10769155810539657,0.12945746727002203,0.24705626374943926,0.22657659708782665,0.0017567084897509692,0.02055568049228463,0.11519249921961183,0.09113309803454867,0.033427909976493246,0.0761841537498619,-0.039260039766619015,0.02523015575555453,0.014552182261763911,0.07421885313734873,0.5046888911255293,0.016273545196148854,0.04496125637465567,0.04951075971297346,-0.10409490754882672,0.02159659112700188,-0.0989625397802819,0.0307374254145587,-0.07449651892726536,-0.03484378475982661
total_steps,0.5094813217933606,-0.029784832996460828,0.03869560170560902,0.4156456791837394,-0.025281882541486406,1.0,0.3480909094959563,0.8790088088149975,-0.19602582155571652,0.010350406776765823,-0.09833017175765552,-0.07360404697404384,0.5979642801828039,0.15610182838016695,0.6605412748563068,-0.8780993264590735,-0.06585005417366202,0.021504789872374926,-0.005863439239241864,0.03530477740320364,0.017684698295378293,-0.10053301123183551,-0.01470110361862856,-0.10077973348240796,-0.030504077865332806,0.004019693719768828,0.03131170524365528,-0.004680753660424872,-0.03436229971848655,-0.10225917656163629,0.08638703570904328,-0.007373517801494028,0.039129124194303394,0.012900650907503195,0.051203997236891195,-0.043993582169734265,0.09717591567614206,-0.05144665346089096,0.05539112742282892,0.0012273128116666952,-0.005868009513894585,-0.0017426851512554818,0.02724855070337607,-0.0781872698652271,0.021146003480801277,-0.030782055828827665,0.0021392161960497313,0.020114885105616945,-0.006438961511010396,0.027378556060916957,0.009846102954016608,0.023103671226651752,0.0841796599614837,0.04814924813955805,0.005175688328020117,0.009551421486339475,0.042736663522612434,0.038408116392177886,-0.00690904716649571,-0.05536240212634838,0.046288068543174174,0.03858743605634852,-0.020824878672572586,-0.07587481453234463,0.260841915072668,-0.08321858357703796,-0.0968029830135623,-0.2292682379759457,0.03558976039944827,0.02629682262495206,0.08635566011132877,-0.03198309967904943,-0.03518698944941605,-0.04388361809887564,-0.06493552103038872,-0.134918781342549,-0.03946333871483609,-0.03397613884786001,-0.03187611223812269,-0.01716227036046628,0.06817088837059182,-0.003195791599390193,-0.03532967660702849,-0.10549254661703228,-0.08378503435450896,-0.040276578351304194,-0.06340606308246627,-0.07553027661171821,-0.04050286511695246,-0.047629760688459026,-0.02221075320781913,-0.019581001022976472,-0.07330879297313259,-0.09377443449156864,-0.05097693874179297,-0.05203106628602289,0.01720922635953074,-0.07324993714883254,-0.0016288980876296637,-0.06952025981928571,-0.05855930874447051,0.005770786726943277,-0.0006220178458819521,0.06483253688864736,-0.024729740186593484,0.030446621775111374,0.019013378278835095,-0.009922414050786189
resting_heart_rate,0.9700980266690894,0.20188609477191508,0.17839711906449823,0.8661553144104032,0.16486108825294307,0.3480909094959563,1.0,0.3973207607316948,-0.3103904269417725,0.12908351094911194,-0.17308238280979737,0.07327081303902672,0.5177078706003411,-0.07018555451633661,-0.11388394573515503,-0.1990837809485521,-0.2295790517566164,0.02518769943150937,-0.08241090254344273,-0.11979996449228958,0.12885187364214742,-0.06972341409424708,-0.12650092253028392,-0.2075120051784965,0.11303963374738278,0.17144536458771228,0.0035847012279851273,-0.06950347864416372,-0.10365701931493224,0.02225596304352812,0.21875628062859837,0.19377901822751484,-0.10626014390772186,0.1623702320796418,-0.058508722421913954,-0.04890203621977702,0.12556279322904204,-0.08774645584359884,-0.06053357382278082,0.08886700026141185,0.07332825955830287,0.1084603680985948,0.026196497612042315,-0.05471660470010479,-0.018653385227608187,-0.04841429727743834,-0.08889025917378587,0.0005908728111788557,0.00882255662190605,-0.03363467047541079,-0.001028472196516725,-0.032987935657884306,0.15843663564621988,0.09973457663270908,-0.0956607422285272,-0.02417643509796784,0.01098268017299525,0.0370626149438349,0.0392157954801979,-0.12026044069053406,-0.0008588013388656805,0.01394537549563346,0.006702157565824942,-0.06357606993772519,0.7275526945093174,-0.13152003314677346,-0.12560776151240216,-0.5790785915574217,0.25680576123730087,0.06687554266062895,0.023524768618530385,-0.08222681508040112,0.00023040154408950325,0.001042405789680691,-0.01632299884256326,-0.04827495383095641,0.07721667836385179,0.060433923806837715,0.13199259021902765,-0.02182301894569982,-0.010779788732724565,0.027978566690884648,0.04569737075968207,-0.08673903066305248,-0.030390368619911696,0.08724082385544596,0.09046461152240157,0.025380937454676965,-0.02497102529464222,-0.025608909747991286,-0.023661073048064685,0.20966867882873766,0.0281208431529934,-0.03334340521633444,-0.013065658234663206,-0.03527424247025491,-0.01883203110725887,-0.02028285859948883,0.26592844572327584,-0.05562629224182266,-0.08660976441687589,0.02145685270464702,0.05104192283483128,0.028033386443670073,-0.17451338111953893,-0.0012744991519788868,0.03206081952811824,-0.011992805225317007
total_kcal,0.5532205949075755,0.0026075616537364218,0.06247469607299639,0.44107283491058696,-0.0090991426791473,0.8790088088149975,0.3973207607316948,1.0,-0.16022166109164568,0.03563979812453226,-0.048906399001811436,-0.055033717747913234,0.63579191741322,0.11648361967867674,0.5771790663553178,-0.8306481403666018,-0.0801953980859433,0.026037846138781566,-0.018893348440447537,0.021961430252324145,0.017135592095891307,-0.10195876883867462,-0.04904603667762654,-0.08229178903237076,0.008223721358671918,0.0013580536871350775,0.030301484985562798,-0.015790742641736466,-0.054741147799938716,-0.08011945194806375,0.09504331593222937,0.017187761156623824,-0.006542757174869139,0.03940358215849807,0.006687261716073228,-0.05347907674211938,0.09718870086622589,-0.05541117316145451,0.009628296559932397,0.025114063427737653,-0.016663958299171288,0.0005052099489141764,0.025938164084690147,-0.07244594362933458,0.007701514160769728,0.0012988054465091555,-0.012925407300160207,-0.011599185516573792,0.0032434192227095973,0.03425787263158271,-0.016112647781223476,0.01643314299510077,0.07234179898737539,0.037534940562116086,-0.0033077820869055917,-0.0058320074970871485,0.0331232179296534,0.04214560085720746,-0.013502235377074283,-0.0409420528876109,0.02773057583255941,0.04362693781895139,0.002028718888355275,-0.04709818457895783,0.29774812625278724,-0.09625558272551886,-0.07432744660899746,-0.2528132050904098,0.05685390108556201,0.020188724645500002,0.060671334077302824,-0.049509525756362666,-0.03863969505443848,-0.04813205777782075,-0.03837190731777785,-0.1255940482288641,-0.030959526023980544,-0.013701282240902406,-0.031538021761357185,-0.027413936114518946,0.04070668611075113,-0.012213873211745597,-0.02592640775417822,-0.09305959893845436,-0.080535867196071,-0.0334686932717654,-0.0406648650946561,-0.0634954876858884,-0.032519278846698814,-0.04495854863432248,-0.028245414987320427,0.005682684393746314,-0.07024827695622395,-0.08574355087329645,-0.03556948002322356,-0.023855955987750255,-0.014441273783594933,-0.0648723902103336,0.029344225043156518,-0.07410935370638386,-0.05416740027508877,0.0167460623823472,0.0022803678352131236,0.04751875990430628,-0.03600301327466213,0.021611642111706967,0.031584957385660584,0.0035592345142893035
sleep_light_hrs,-0.31487534433273917,-0.06642590459401784,-0.05234562363630578,-0.36094524608901746,-0.06575517253100932,-0.19602582155571652,-0.3103904269417725,-0.16022166109164568,1.0,0.045678957535867745,0.21425597053169923,0.030796368077235133,-0.16912010771356184,-0.030454777298071747,-0.07699087637705791,0.1594109832708346,0.04418541952352389,-0.05006665655483702,-0.02607263020628509,0.059906331288821196,-0.010646881592622583,0.0016858411815179183,0.021116626287010505,0.044279207918149946,-0.054426474704160996,-0.036814534656865384,0.014454347869822621,0.025632696529487166,0.019396025623559857,0.007146696144171457,-0.02033594504546949,-0.027340798324901338,0.055068385422063326,-0.0687067296719103,0.009427393807324644,0.031949610637304955,0.01642195244145685,0.014030898449929644,0.027151708290196655,-0.0059592112325084,-0.028649384285264548,-0.012388955834477201,0.002400454269915467,0.03087176191421431,0.040304962462942476,-0.007725406020720059,0.037703624562813676,0.029479209233962744,0.05905892253114166,0.01580481079676444,0.01773762955246939,0.0026364239687630474,0.0010739781369013192,-0.029333702808236387,0.04711486046778708,0.022955223225157976,0.03562844382869767,0.0042574552235030965,-0.03289013975505296,0.01719433666237474,0.030229649425447785,-0.009084384682031002,-0.02814916410442859,0.06206247446763088,-0.1678184783035155,-0.01603305286796613,0.03073193143458249,0.1312284524662174,-0.05506850334300896,-0.00047436279694161983,0.01817895603507747,0.045362643923085345,0.0247705964944711,0.04098411537924899,0.03446364936574151,0.0404582322277169,-0.0014309606022992955,0.003781864898317084,-0.0055263835757388404,0.03268950562925856,-0.007297687620873523,0.01853721862347953,0.024171498340441338,0.022599945274315414,0.014238008024867868,-0.020934925853536193,-0.022749187513295077,0.019982382066531898,0.044812441070466565,0.0759331707354203,0.023297578926567298,-0.05200840184496276,0.02869233382961965,0.016455461364717,0.05925023167698548,0.0017595511864908651,0.0010535094971049273,0.02539599403030166,-0.04521583150309212,0.03984493885588783,0.02928775786900089,0.032120551210068946,-0.03320900315783548,-0.02399087527257381,0.038203696270438195,-0.008950988219893432,-0.028031660988549614,0.02848274537454927
sleep_deep_hrs,0.11806123421629434,0.06629427820627558,0.12107594153594133,0.16731729923629313,0.026306571817346334,0.010350406776765823,0.12908351094911194,0.03563979812453226,0.045678957535867745,1.0,-0.18401287787104564,-0.1961780858453926,0.039682216227981876,-0.024633597727413713,-0.019895789428478628,-0.005333275280753002,-0.024610272620046017,0.04263322328785582,0.02546559447084094,-0.02383120958715209,0.019343550032923866,0.013768640792792473,-0.0008162127276869588,-0.03188475794413127,0.050081815887390434,0.00958661791766501,-0.0010423723651244701,-0.010269981352309948,-0.052379771693664326,0.035805988190769286,0.025462352900277287,0.03868240320704371,-0.010235482202114987,0.050576609708017105,-0.018700201123947394,0.006958106842725441,0.008919453188504818,-0.039872243866720065,-0.01633615834842372,0.012011679593126778,0.014077176388883278,0.0038404787342318273,0.014643496177636555,-0.019151479687883582,-0.008498493108345436,-0.026019656705786345,-0.0543643506278318,0.00702951697541452,0.007766283063325128,0.04324618563858331,-0.014774518370787647,-0.05262070310610891,0.04335236686377254,0.03129789453235061,-0.06061125942748342,0.003996615643835516,0.022071970680596128,0.027517301322945165,0.07080359062828971,0.01025871238971407,-0.017235098488939976,0.033408450242010744,0.09693003432549216,0.01703297477753955,0.10493793144822813,-0.023927253967023703,-0.038694394926028906,-0.09365409305671085,0.024299993038377724,-0.026737917189003754,-0.026880282221989037,-0.0540867837113435,0.048213893606113285,0.01629169504349459,0.030834332001759206,0.009016329513671784,0.042692655991316796,0.03534535026986133,-0.00988735903226369,0.05144552107854411,-0.0034566028362929607,0.042912250137865156,0.045712784179253084,0.01088856361487156,-0.03177268706740738,0.02318059634937796,0.017688604481010207,0.00951861858452568,0.0037458110400713134,-0.006667270704418921,-0.00028798372457166483,0.058917060015601305,0.04005199671002745,0.015239984242813625,0.023881276764333815,-0.013573864998915454,0.03166958508169156,0.03843105710412249,0.05054134360752896,0.024436077681656645,-0.02813170317990515,-0.03535048760673837,0.023329203975299494,0.03616346934085524,-0.01994883858255591,0.032454739523049475,0.005659640807882853,0.035397304120302515
sleep_rem_hrs,-0.16864673234463334,-0.11435128143549533,-0.12508785726720015,-0.20648171701815318,-0.12546407698941944,-0.09833017175765552,-0.17308238280979737,-0.048906399001811436,0.21425597053169923,-0.18401287787104564,1.0,-0.27342744008899095,-0.1227076412961874,0.028663914430855617,0.01282591681179183,0.05794995682046909,0.12270292908719618,-0.06072463565902968,-0.03378091899248171,0.11774900072828035,-0.11390366185567503,-0.11831758886998257,-0.0030764164584644637,0.017235733686201394,-0.04828737189638561,-0.10845140374061867,0.045997789534509656,0.021414865597162765,0.04024388625517216,-0.10440682195298362,-0.10106994229448465,-0.0870186217138683,0.07442633575277184,-0.03433040769925375,0.08775155067699916,0.0009963836544220283,-0.022066702088957536,0.01633366290246261,0.10752858272564197,0.016335488262841147,-0.057642787594955044,-0.08220845881765214,-0.06564550186263339,-0.05308682907211698,-0.03204312096998787,-0.024300873266727845,-0.0033441057884678865,-0.04456177642464433,-0.03288225792180164,0.10493396655778328,-0.005239670753737602,-0.035760510005541465,-0.07720859354331049,-0.09779144708609887,0.03217841995914091,-0.03776489359627571,0.0503692810932311,0.07677281474195777,0.004909926519737991,0.08203270808019349,0.002694411129670179,0.03292146337109147,0.004963897016173502,0.08264203811488052,-0.11748323378447985,-0.05761406863503436,-0.03815887303638132,0.06409062650676356,-0.05630167794634448,-0.009902812920571423,0.05587209232725852,0.05647525063438134,-0.013013890718094494,-0.02607322632800182,0.01016506469969871,-0.03667657249965078,-0.028507362550241562,-0.02849110276080929,-0.038975967191821725,0.0016402815151921768,-0.01841396728027056,0.025339272921053743,0.025694925363526036,0.0047681670122657815,-0.05435802400381021,-0.04050966120461337,-0.16951118666687753,-0.07914932997125618,0.03704206396051388,-0.01629131497483824,0.01690479432740141,-0.09060319949555115,-0.005789271657478379,-0.030142668986267097,0.0223647246056332,-0.02163106691289178,-0.04376323951087641,-0.0009854108173161652,-0.12516586916492786,-0.03986011034604455,-0.03710988983785893,0.05026767784110722,0.010209947934553253,-0.008614612920189245,0.07960158867271899,0.00973797889115553,0.03478536025979945,0.06120046450921578
sleep_awake_hrs,0.052772180167768634,0.04851747090435511,0.037517309029381864,0.06547800449830991,0.05657165974558035,-0.07360404697404384,0.07327081303902672,-0.055033717747913234,0.030796368077235133,-0.1961780858453926,-0.27342744008899095,1.0,0.05111454353626397,-0.05645803676583249,-0.16185017351373882,0.103807615186871,-0.10895760978103916,-0.016027034334976493,-0.04530481737390414,-0.1410791508691702,0.09149042026176843,0.12254572784039679,-0.00010941920321897224,0.02985196509768632,0.04351421352672452,0.08214927612428981,-0.013656016750641318,-0.04249196109727887,0.04384457995589863,0.1184451456394422,0.0644377722585366,0.07081727684073559,-0.048914491977364256,0.02888167281368164,-0.09354213481934862,0.050738295869260056,-0.023955949509335002,0.02382535884587313,-0.09731492951681373,0.003961178226249504,0.09545521716784347,0.12852565380758424,0.01080961878416939,0.07155573357688247,0.04780959619005106,0.00021384890041013354,0.021081927811811247,0.0080114011630299,0.033330532872079946,-0.11048609402166415,0.05012879745539576,0.026028112774108395,0.04157424342198649,0.05991304674898999,-0.009118515564592467,-0.02540824024970431,-0.05904419446984513,-0.0333448104035893,-0.0344514098611965,-0.06656531670981979,-0.05396376564179162,-0.09866183077138013,-0.042605390849776846,-0.02488226324939546,0.0863469964291209,0.02589919169455651,0.010417171405278957,-0.056198129489299045,0.03356232314559374,0.013877598530131258,-0.039976257090965216,-0.02002630938146501,-0.004493854766469398,0.06379293609371196,0.028715615927588985,0.09808294542270614,-0.008561151784577123,0.03915747717127468,0.09829526310457495,0.019265893361542906,0.000500580481166572,-0.022535611327292787,0.04708862501050242,0.001846000596605416,0.04587807197064423,0.025141067042065136,0.10866904920870497,0.1033334903424885,-0.043662528128977036,0.02018019415695569,-0.033715002288796626,0.10178783567388351,0.044418922387658294,0.04853813859862858,0.05593179730735117,0.028898613634369602,-0.028891449733965433,0.0066642986616087,0.10592512535654051,0.034084818653657145,0.0047183878323905915,0.009247999129800242,-0.009575023978221082,-0.002525528276016644,-0.05230800934147685,-0.008425279752325016,-0.006674184634379072,-0.05372357109897348
act_generic_hrs,0.6238551914675434,0.09435622180344809,0.12612330539107527,0.5095094559146672,0.08507082176811152,0.5979642801828039,0.5177078706003411,0.63579191741322,-0.16912010771356184,0.039682216227981876,-0.1227076412961874,0.05111454353626397,1.0,0.007512581182281261,0.022783016379732488,-0.586617416586334,-0.1323876135126838,0.05225002307879318,-0.012383050624513036,-0.0498731480702531,0.05126637879641958,-0.07168691400271524,-0.08406875966174548,-0.07756904159711925,0.0748004682845392,0.06217169994680788,0.015150069693131289,-0.03620619412999327,-0.09005164173286653,-0.023905827122795507,0.1357218147935143,0.09539401544738002,-0.08736953444363187,0.07920067098397908,-0.06850154433032352,-0.04645681548399181,0.09198922681904696,-0.07714303891502144,-0.07016032907448018,0.06853737077087438,0.026541265742354228,0.09302732222402364,-0.0006797840540261754,-0.011711612134561605,0.002374995222942068,-0.020401495761167173,-0.008024233276795505,0.023435746924530442,0.06873300261621555,-0.017095877861721145,-0.003284327270715848,0.04610986877740381,0.09589892814315515,0.07867429354635397,-0.030283636989825665,-0.03054428204659598,-0.02051795203659772,0.052236319380564895,-0.020890532306372916,-0.082759329739019,0.017587276530829334,0.03521321985276734,0.020768089359076907,-0.04662855053423669,0.4298903281336886,-0.09632721068402503,-0.06893315437519122,-0.3297587894868546,0.10434433293558053,0.028704234803994564,0.03418630524170749,-0.061177487036580734,-0.018855445274388368,-0.009773906916022345,-0.015371662409564222,-0.10473925908599713,-0.0008341518248619329,-0.013836835564919622,0.010375647278237816,-0.041257260826986886,0.015232638231397607,-0.0025140438660867888,-0.021196761322244295,-0.07786011618095472,-0.041701236245962205,7.016310779246674e-05,0.0427161494865299,0.0017341823764758543,-0.02253961854884636,-0.03195362727443994,-0.026968514621523648,0.07738510030271045,-0.06143735290726101,-0.028926088047727894,-0.025803503695285657,0.0005386286039968356,-0.027898138224610267,-0.04976956574712354,0.1421379050154204,-0.062110879403802395,-0.042666196287978,-0.006426591314525103,-0.027828675307983792,0.08610253234538617,-0.08955308801081671,0.01015438775135738,-0.0011980680990728773,-0.0011608995143419882
act_running_hrs,-0.02134304905197423,-0.06814660316492821,0.005631104114743119,-0.03304433479274703,-0.07094173318079111,0.15610182838016695,-0.07018555451633661,0.11648361967867674,-0.030454777298071747,-0.024633597727413713,0.028663914430855617,-0.05645803676583249,0.007512581182281261,1.0,0.10085353845275079,-0.13390627112868334,0.050345420028755125,0.005456995356379734,0.012272947429226848,0.006778532949041361,-0.04835204087046356,-0.03467273385633211,0.019522261328573234,0.015072645913459673,-0.07405542804297716,-0.048577758636007384,0.0018014976849961238,0.07156264346364795,0.00919331341694436,-0.04990251990658406,-0.05312567770379996,-0.043932854941771154,0.03264049852350694,-0.05935343374262198,0.038136615546550255,0.01821585395651523,-0.04334841319436233,0.014824155114023815,0.029922466346073193,-0.04287459494677026,-0.02201490009121753,-0.05683007608487473,0.00876349544911497,-0.05028054173818152,-0.043142836309242844,-0.021989303051343834,-0.012472547682043492,-0.04963605516303227,-0.05672595639768426,0.05292455653157405,0.023625076468582445,-0.02943369969328352,-0.07265136973943684,-0.051134242948949575,0.008092996927838306,-0.01352426418111915,0.03114271101780611,-0.014051326833229466,0.0376429883176345,0.04540333776447255,0.01113700091658458,-0.01575287849167312,0.026444293183912518,0.03176012611965061,-0.08683079252870092,-0.03994773832307909,-0.04708236110145248,0.04848789510144792,-0.06637351073823534,0.0391750836514905,0.06832506299710271,0.025361309076120945,-0.0186627606981934,-0.031053294101144092,-0.019790869333675045,-0.06961117028157975,-0.040344639014198644,-0.030668473981092938,-0.037814794492930064,-0.01662371969920287,0.06857632908256057,-0.032887428771674616,-0.01881928237696219,-0.0469810470653199,-0.03945581418631533,-0.040180139300933115,-0.11377624692206938,-0.05233652157440599,-0.02709999408981061,-0.0320131928051699,-0.009626713783809032,-0.0842937227658713,-0.052455505721279945,-0.03504964896294844,0.0175101341862078,-0.015819517630035442,0.061988246003934606,-0.04270291458460421,-0.07445953114147758,-0.051710951079878026,0.010618004728435125,0.0018067771393191767,-0.024670800490941534,0.01325708016953511,0.06944262838670447,-0.03206494360433294,0.03360926383780212,0.008748393372700876
act_walking_hrs,0.025957934977682336,-0.12039225892605426,-0.06161334016482826,-0.006047785559920534,-0.10953361964273327,0.6605412748563068,-0.11388394573515503,0.5771790663553178,-0.07699087637705791,-0.019895789428478628,0.01282591681179183,-0.16185017351373882,0.022783016379732488,0.10085353845275079,1.0,-0.8215744106621297,0.08983230715744706,0.012769880266592721,0.0385555190118999,0.10990638577919996,-0.068106202619458,-0.06064141612445876,0.06571813627044779,0.009645451121801983,-0.11012114275308524,-0.10062341395598283,0.005270914201921483,0.026445166496713777,0.023454517456191933,-0.112854617889551,-0.06571002332549389,-0.07988617570764965,0.11246491670837463,-0.07217708244318133,0.08699493001072464,-0.03428192334546035,0.004866753658128493,-0.008944686472028857,0.10099103630921497,-0.03738016890915857,-0.04582642797737829,-0.1154889276381767,-0.0027050535926288082,-0.07942699977090198,0.005307121317015584,0.03118085276948502,0.012101636492567614,-0.021273108460397917,-0.07386339906368419,0.06587339717351934,-0.027448120794997703,0.004821661155079425,-0.029393266264559226,-0.0520824397805328,0.03187830406310571,0.007030316011343718,0.0493335409164468,0.031584030558806396,-0.002804029210211531,0.03535109303652296,0.04177417656070363,0.011941501012015677,-0.021022092126230435,-0.022575782913814856,-0.09303080067621519,-0.015666149165857034,-0.027914459735748152,0.03953277619976201,-0.07908442336329631,-0.007514857725892842,0.06656203743688147,0.001665699106401573,-0.03798186955799716,-0.07904256154016248,-0.06420935898417345,-0.0838304539939847,-0.06867895195257989,-0.04215389284913122,-0.07749521568966437,-0.018798612112400494,0.04376225238219859,-0.026762682653836023,-0.049444090941193425,-0.04124131814315293,-0.07333464722856381,-0.04636844498099883,-0.11976382143681834,-0.11190851427403221,-0.025823963113587502,-0.06341834017488955,0.012068600470332204,-0.16298533639757828,-0.0539716727874624,-0.07877426720692178,-0.0783062803508568,-0.05076730784809588,0.020484414902146253,-0.0578674275632555,-0.13941423176546225,-0.04445477095535725,-0.03947661281655045,0.0012514609773129654,0.008433616940183956,0.036091377123080304,0.06841605448725711,0.04743172632392921,0.027488302194013846,0.0008017417520231498
act_sedentary_hrs,-0.37413773855887905,0.04648036481149838,-0.02237034611237316,-0.2829070034129083,0.04318632992621933,-0.8780993264590735,-0.1990837809485521,-0.8306481403666018,0.1594109832708346,-0.005333275280753002,0.05794995682046909,0.103807615186871,-0.586617416586334,-0.13390627112868334,-0.8215744106621297,1.0,0.0005353246731594356,-0.04020946564551091,-0.02455970544556397,-0.060373427425340284,0.027986154478221618,0.09114486531881398,-0.006037293628135803,0.03555318144740618,0.04962258896660543,0.047928568011479884,-0.012966985441657329,-0.004181978712547599,0.03185993001598379,0.10672535869344484,-0.02169679267197516,0.012148148175769742,-0.042330408726982474,0.01589888281658341,-0.032868410170128814,0.05305413801556709,-0.05407757375431992,0.05029310776643877,-0.042765682745114504,-0.006788131193288235,0.022856558097284176,0.04275109296289539,0.0021183012647966407,0.07293197545489798,-0.003561890276555996,-0.01240081226791582,-0.004624857322917867,0.006214743343237228,0.02307494079639558,-0.0458105839632496,0.02277129721397042,-0.028686256444704634,-0.027291654975853855,-0.00031380960924402493,-0.008836728884404411,0.012340600612632199,-0.02951887881140355,-0.05437879291030113,0.012303922359437803,0.016376274816909682,-0.044117689950685435,-0.028810407211020895,0.0038253447908953683,0.043067458499846466,-0.1651438927484994,0.06924275734886455,0.0638739049415798,0.15317384669910214,0.0075721442165919,-0.012167446840445139,-0.07625747105464893,0.032190658513401096,0.04212986115038288,0.07060434927092338,0.06129056711785731,0.13027720856421826,0.057624146561437106,0.043262856957405185,0.05825575040999352,0.03933936427309233,-0.04714570412628826,0.024510035645558727,0.05272259406317467,0.07965907503643793,0.08455855819559266,0.039181094304138644,0.07753508822419704,0.09154273754165557,0.03487220029113454,0.07065775225431688,0.006071168421711737,0.0911398986123352,0.08084146887152684,0.08147456158392855,0.0767465361759158,0.041278121072845356,-0.0035872175760565594,0.07685067853170549,0.034931911663470885,0.07347993835359323,0.05545638042799405,0.0025520399200436414,0.010222044715182899,-0.07855979522552196,-0.007540759178723178,-0.04232904843080569,-0.023022914248339268,-0.00044329486736432094
A/G Ratio_value,-0.21159377529901427,-0.14622767861887923,-0.055076653020323205,-0.1884915098128211,-0.1363665544861213,-0.06585005417366202,-0.2295790517566164,-0.0801953980859433,0.04418541952352389,-0.024610272620046017,0.12270292908719618,-0.10895760978103916,-0.1323876135126838,0.050345420028755125,0.08983230715744706,0.0005353246731594356,1.0,0.11958632590132784,0.07773281254396418,0.45142592727749487,-0.19252197777426372,-0.027897992078341174,0.12347264881778432,0.2709600268341052,-0.05364483416173911,-0.31939964650558783,0.07080833223268625,0.1209255759399982,0.06624600981880499,-0.1472906227692489,-0.9057193658370688,-0.13617077686265283,0.07724464684021377,-0.12670605951470762,-0.025450990942989672,0.024606574648972535,-0.5455521732765852,0.15306222886855142,0.017186774324833353,0.027131072405626233,-0.11336307320785094,-0.1536868653468025,-0.12307624994064191,-0.07933212032389608,-0.06765100771084565,0.03343993115302792,0.017904628276804994,-0.07502033010997626,-0.02630488458098178,0.17242291643811264,-0.021113043398466,-0.031150815207682477,-0.18361921316265384,-0.2462360497374519,0.014738216900419737,-0.0955531619838909,0.0764532556259357,0.06603552596801185,0.05112852493379221,0.12768566233367706,-0.030158896016905752,0.08202176793980452,0.09898121808802672,0.15403939569227587,-0.18098835828317958,0.04206024074004973,0.012210680272289384,0.0860338570833,-0.13402647586107624,-0.02080231476238703,0.009783065782826856,0.0973971614554873,0.019981185324706073,-0.024618024907225103,0.11855724601494481,0.05432739004628638,-0.11006601998759255,-0.05173313637804298,-0.07194453480840984,-0.009138464390483427,0.10083384533948588,-0.00012841591236180145,-0.045070768884655214,0.14173534903106325,-0.044702135171567646,-0.005218456841244313,-0.06581571923329897,-0.09012502418115702,0.06124374969599883,-0.023657237236424038,0.028529165774568065,-0.2110208059399761,0.027837677604514853,0.048072623382551576,0.04280472744931054,-0.012102729971642736,0.01028847262991121,-0.03492395428927396,-0.14744351558358404,0.007948911559069547,0.060471459964023026,-0.06217070789492932,-0.007263080085665404,-0.01239880511293015,0.22349238924897147,0.08805635817351504,0.01515257381150888,0.08538689889835535
ALT (IU/L)_value (IU/L),0.029311454596250647,0.1365756167013688,0.003504222448005351,0.026884321025571836,0.11502468373581844,0.021504789872374926,0.02518769943150937,0.026037846138781566,-0.05006665655483702,0.04263322328785582,-0.06072463565902968,-0.016027034334976493,0.05225002307879318,0.005456995356379734,0.012769880266592721,-0.04020946564551091,0.11958632590132784,1.0,0.801647595580675,0.08504824390221807,0.14608160765829034,0.015459126359100038,-0.03599512356653096,0.08727983688051413,0.15147077340678294,-0.10343122825667563,-0.009382198008795977,-0.02396678595403739,0.013601045196213692,0.03877232859794651,-0.10590463871039255,0.08895261931020755,-0.12261272452526414,0.1242094856492689,-0.16464578282543896,0.03927046794529343,-0.04520478379538139,-0.009364906746109842,-0.13736452182841222,0.12874394636221684,0.0945401087783765,-0.04239525818629451,-0.02027166345858494,0.0232688689651259,-0.048752122478341924,-0.017242795457579185,-0.073935266457704,-0.020933579271991156,0.008419965701210995,-0.004692176317429147,-0.02300957913913867,0.001625433775798286,-0.04466651804253316,-0.07482049538533936,-0.04586552629172613,-0.021608295168200117,0.02728053548742328,0.01688057106856861,0.021867776994617283,0.03497156780393572,0.04090189445153673,-0.002478981996945695,0.012067075056349569,0.005992328254673924,0.0827683451370087,-0.009958042245686674,0.008957550410353128,-0.09196485502009193,-0.010658665789126014,-0.033744230352897364,-0.0010187359718333878,-0.019259945208968357,-0.06533025405868659,-0.031550756622599686,-0.015316778564561685,-0.05143960543216888,-0.09726698226349706,-0.05276022887282162,-0.07328891567474959,0.023869318334258195,0.015339021022666485,-0.010075619591956679,-0.053102121359597965,-0.021758104248237434,-0.01267808594488451,0.052593244971641674,0.0789055301370623,0.014798113183527917,-0.022359046059025976,-0.022934765247417197,0.08019107749587094,0.11142335755368601,-0.12890065023673217,0.00792337970532172,-0.04308625966476792,-0.04988188092429097,-0.02065293244945721,-0.008485890021850523,0.04721872666117894,0.001787373746537146,-0.011090839189435184,0.009635952942681478,-0.042682571903643586,0.05226687752469282,0.012762046786978534,-0.012405518845651074,0.010779760939745356,0.020256213001651483
AST (IU/L)_value (IU/L),-0.07259881220227499,0.08914085205466248,-0.02733484671850221,-0.059798923631124136,0.1255136870046294,-0.005863439239241864,-0.08241090254344273,-0.018893348440447537,-0.02607263020628509,0.02546559447084094,-0.03378091899248171,-0.04530481737390414,-0.012383050624513036,0.012272947429226848,0.0385555190118999,-0.02455970544556397,0.07773281254396418,0.801647595580675,1.0,0.10138207082706129,0.0987591080160146,0.02672078395487499,-0.019880445127433366,0.10028077675302725,0.05925348059327406,-0.11251663157498694,0.027886485361638663,0.01736951855292228,-0.032954464680518956,0.029605806025142782,-0.04469042377219895,-0.0041904496712930695,0.017804972976621734,0.043622970237117246,-0.14868292035283992,0.005066034426605671,0.01865232904369528,0.016513737527201176,-0.08904665166964845,0.07962619807786211,0.04789023719691788,-0.09533844624664264,-0.012765943799382356,0.008507857043866867,-0.007260143712088344,-0.001421871434973923,-0.05775142491939739,-0.033402095279293394,0.0009244369802260459,-0.013725470305248304,-0.014879189954725381,0.004033023284329199,-0.04479260262588856,-0.033272624676024154,-0.004164287675713402,-0.004079793611165544,0.03676987443840652,0.014249836390254912,0.016185833992941913,-0.0017054202173982227,-0.004449532847077915,-0.060591812026983896,0.0108252281622781,-0.009029218817572791,-0.001221464607539275,0.053139326551869925,0.012706858923593274,0.03680564431224256,0.0432829283988529,-0.005426445465823663,0.013472914012642404,0.020033873091464666,-0.06308954873092903,0.014378760239590022,0.03428628634612967,0.03754158168440578,-0.07118677914278174,-0.04940394186391656,-0.05226933902424252,0.02866924776360265,-0.0069275780040187005,0.013919918048888796,-0.04709959366190743,0.0240116544756597,-0.01340497716142436,0.024139297502806727,0.02891725840393962,-0.009932355869386707,0.010130027573911574,0.01774337308848788,0.1607729250710774,-0.005580887314317125,-0.049436248766578594,0.0047609320236528365,-0.06252581923180713,-0.009523281097847244,0.02187006109825354,-0.015602282787569952,-0.016275045536636255,0.016184729563480292,0.029382039306583885,0.02037345652831451,-0.06789751147971763,0.02374078348588384,0.011032755870967394,0.034687247171767625,0.0193461494718875,-0.006493278859232785
Albumin (g/dL)_value (g/dL),-0.09494502073919034,-0.06791185914893602,-0.11532402175758465,-0.0991806357531225,-0.1333050213091879,0.03530477740320364,-0.11979996449228958,0.021961430252324145,0.059906331288821196,-0.02383120958715209,0.11774900072828035,-0.1410791508691702,-0.0498731480702531,0.006778532949041361,0.10990638577919996,-0.060373427425340284,0.45142592727749487,0.08504824390221807,0.10138207082706129,1.0,-0.13350508759172622,-0.15661696045359919,0.018502200084062035,0.2576928511814764,-0.18543429875088965,-0.22909486843128424,0.5415734976980692,0.1539833685392271,-0.21267468121710836,-0.18831721431988058,-0.12002179860099112,-0.07727054440486665,0.11463513891320867,-0.131370054285641,0.12926306000007354,-0.049063458314421944,0.4693113116532751,0.050761759881731816,0.164613239925609,0.041327574170757386,-0.19292216331456008,-0.1831350605448631,-0.013140815865306417,-0.09888787838768248,0.030334247758185266,0.05921183134617249,0.05771653916732057,-0.03787296709887789,-0.03527989784684099,0.1642454697805443,-0.04020383089953713,-0.023430420712182126,-0.05144686472662572,-0.1555963565786869,0.07733744172125966,-0.014479714932688934,0.09142507238265407,0.04093382881824495,0.005004787563038793,0.09793767463399157,0.02542281107063159,0.06510446589746584,-0.016958570304346617,0.12344656558253263,-0.07067825257872402,0.028134435872890114,-0.028920548321980884,-0.03249383285506537,-0.13423588408535012,-0.03881392884090486,0.031143668613614752,0.03202420829682823,-0.0717910304505938,-0.11056048679318253,0.0229816479526972,-0.11334754343182299,-0.1683537061298757,-0.11809432540902307,-0.11048231210569771,-0.07630394539906159,0.061934084830751954,0.017346094558703836,-0.03867469019043785,-0.03986365695992731,-0.08534410164255248,-0.0271190109158457,-0.05416251993653609,-0.18056618141151481,0.022927449877873603,-0.05080710881659064,0.03023210106658671,-0.19063279904569053,-0.09956206618098566,-0.07921955395496764,0.0263796579643102,-0.05454482476970971,0.015854016414560548,-0.0706167256378942,-0.13987516822706844,-0.09101690973923353,0.017722462603370508,-0.03259113543524011,0.04750728437149546,-0.04667039641088655,0.18206833589080054,0.08180936553021326,0.025688927323367493,0.058708163594678626
Alkaline Phosphatase (IU/L)_value (IU/L),0.11194167353792168,0.11399370255789794,0.025070298714055084,0.09209062910434059,0.1533714780277521,0.017684698295378293,0.12885187364214742,0.017135592095891307,-0.010646881592622583,0.019343550032923866,-0.11390366185567503,0.09149042026176843,0.05126637879641958,-0.04835204087046356,-0.068106202619458,0.027986154478221618,-0.19252197777426372,0.14608160765829034,0.0987591080160146,-0.13350508759172622,1.0,0.07328889201528792,-0.032523601360599445,-0.11555058814129308,0.012428163145640542,0.15818177614852283,0.025526398415259235,-0.011408489955917232,-0.050879855814633314,0.07118094123154753,0.17344090411665838,0.08795923389709702,-0.06841368398236534,0.006961800693010899,-0.012983047714532004,0.11429218465511033,0.0773614080208846,0.0032923657374973325,-0.02626232244922729,0.020303392611669316,0.06219582371189593,0.09441299577912654,0.008082714913400122,-0.011238461629816713,0.02642113061249272,-0.06430137856314869,-0.060824919472136016,0.08087338138708895,0.03772624975759185,-0.14326349993600526,-0.04594908398758951,0.009896590070446265,0.14773388131450524,0.07504637000341835,-0.06729270033814634,-0.008191646214397674,-0.010753198762458855,-0.04492393444613226,-0.020609344741596126,-0.15532408241670664,-0.06207444713651374,-0.06298494129107317,-0.019406371273662255,-0.13371366271553725,0.11640468451982518,-0.008809697795503437,-0.027775052503433255,-0.0746555950245362,0.07132589149557043,-0.0752514222301294,-0.11037016763649744,-0.06753963861494382,0.026631981674134327,0.11774760191951288,0.006068204359167368,0.0563843702780901,-0.00831734049962988,0.036179018461340126,0.11950032764621887,0.12797997644886536,0.022161312018452194,0.09653803286278516,0.11613379637257144,0.014826908779820196,0.08043328841541007,0.05915036581463841,0.059300096786512074,0.06832059739915632,-0.0201857368946913,0.018907061417983546,-0.05290196494026653,0.1664306023611405,0.03399268335286222,-0.03219498285625505,0.05914155532999287,-0.03652193934298984,0.04072779031928983,-0.011518251619222599,0.15753069144096618,0.015397131718704205,0.007330269573743901,0.07801248257883579,0.01636894409811344,-0.09028020905808129,-0.16570173664219273,0.005729661555436788,-0.10656599315002832,-0.06610806956616258
BUN (mg/dL)_value (mg/dL),-0.0845057535753664,0.15042716455152036,0.0707122772329745,-0.032321126566502933,0.19670504555824653,-0.10053301123183551,-0.06972341409424708,-0.10195876883867462,0.0016858411815179183,0.013768640792792473,-0.11831758886998257,0.12254572784039679,-0.07168691400271524,-0.03467273385633211,-0.06064141612445876,0.09114486531881398,-0.027897992078341174,0.015459126359100038,0.02672078395487499,-0.15661696045359919,0.07328889201528792,1.0,0.4818975039934718,-0.06294760145972388,0.17989975823478874,0.04066888610489536,-0.06931937432904928,-0.23187071435585468,0.08009822334926894,0.6596843445556773,-0.00814063940346131,0.0919031868770186,-0.06638600548660809,-0.009838984694304121,-0.23988338721025596,0.2632402530227806,-0.097462530235963,-0.03960733534644578,-0.21260825150760276,0.037144778822608006,0.1541331067293839,-0.06605508067225209,-0.040478067534331794,0.15070290601509972,0.04424052010886523,-0.012787948694535152,0.08789209527246665,-0.0017896358640699433,0.01807928710109704,-0.17649118838349542,0.01676079667034521,0.04083526241799569,-0.00145849551402319,0.04700819567384517,0.05218985266487911,0.03865549963485765,-0.12755285210290682,-0.13190500129838909,-0.08626915281355088,0.012285942924971824,0.006247023376574882,-0.1265215307875888,-0.07497688609557351,0.0057920525562391734,-0.003177555941869491,0.14976515143611474,0.14320202924096748,0.056422984551881224,0.05344268065276638,-0.009017597305062046,-0.04419830005837005,0.03946054965964032,0.06535160231776346,0.0759322668701141,0.1282925074200016,0.22488423066754218,-0.011182147662974514,0.15052059352741465,0.19759808881509658,-0.007878888430667972,-0.010814411254171602,-0.0328174497403096,0.022314348686580648,0.19369292046225475,0.1612484060041311,0.08396452826110548,0.21923195856807012,0.39072379702331117,0.024231450703884036,0.06060460832411082,0.0014002295709788777,-0.017298879686030607,0.024432567744138114,0.12835544783875227,-0.007201009613257106,0.044490082436841515,0.1014484077710623,0.13312684964650803,0.21525829753678263,0.11244309831437886,0.09071663385256008,-0.0071630945032383105,-0.029318706445802326,-0.0684789020552834,-0.04708430231612723,-0.05730976359796238,-0.03682812992037075,-0.12497022568171093
BUN/Creatinine ratio_value,-0.11635011283070282,-0.01067027815775514,-0.03976290228594372,-0.05422103588214591,-0.0072566737852659486,-0.01470110361862856,-0.12650092253028392,-0.04904603667762654,0.021116626287010505,-0.0008162127276869588,-0.0030764164584644637,-0.00010941920321897224,-0.08406875966174548,0.019522261328573234,0.06571813627044779,-0.006037293628135803,0.12347264881778432,-0.03599512356653096,-0.019880445127433366,0.018502200084062035,-0.032523601360599445,0.4818975039934718,1.0,-0.04701777684770902,0.025768193703881587,-0.0351979837861321,0.027029809086606935,-0.01020214683598256,0.03347081342828024,-0.22886514119074694,-0.1256299590384094,-0.008080875775670125,0.18829089240418548,-0.0077031251419583035,-0.020688076020114812,0.11961718301817133,-0.10108464253164791,-0.011879763173433958,0.050925267473457804,-0.0003260532005038054,-0.0669291313811348,-0.17463475057666925,-0.01794631426077024,-0.0020486629228118045,0.05730206641813921,-0.02778471840531999,0.10385123972827755,0.01823080437934119,-0.019388581958295705,-0.019615628651592557,0.10893955656921653,0.045618610288313696,-0.03975650571001812,-0.00434970893600307,0.11261653914389777,0.03908706622621272,0.029856927286234156,-0.0767924975210519,-0.025070137203964254,0.04273050415780714,0.008817525157202718,-0.048754001856573255,-0.05227911933802909,0.06751599964553713,-0.09305251927947474,0.07894935368018156,-0.015857109072997016,0.09102810717090871,-0.0023322483922556354,0.02523317654177042,0.039870690966701226,0.11394908050678569,-0.010279081751671288,0.10595031586364209,0.08921488904648826,0.10201586121064377,-0.04420958442601316,-0.0021457029148494425,0.0014866034890133435,-0.07900176337791943,-0.043537812507061756,0.05653391578913758,0.018902708485306546,0.09512395794193322,-0.026195666378844212,0.0024084113631613596,-0.029261328165742846,-0.05632522408288654,-0.0018032185738768066,0.07741096007645773,-0.021049437471639742,-0.10574446406585312,0.08126060646956706,0.026117220465339375,-0.015910175911744245,-0.020769648109302055,-0.008125650229014542,0.006721344637137292,-0.031615779874532485,0.046413214214194226,0.012798930074033673,-0.02673393346556154,0.0037163944395096336,0.0026487087708713447,0.09334240779736394,-0.09736287290129574,-0.024391386409209362,-0.05580723934875144
Bilirubin Total (mg/dL)_value (mg/dL),-0.20037675217674325,-0.03446283895998705,-0.0030934251625884452,-0.16139920793747511,-0.05916372616774393,-0.10077973348240796,-0.2075120051784965,-0.08229178903237076,0.044279207918149946,-0.03188475794413127,0.017235733686201394,0.02985196509768632,-0.07756904159711925,0.015072645913459673,0.009645451121801983,0.03555318144740618,0.2709600268341052,0.08727983688051413,0.10028077675302725,0.2576928511814764,-0.11555058814129308,-0.06294760145972388,-0.04701777684770902,1.0,-0.09233759048394745,-0.1660251353464303,0.09792922387202359,0.12875342659944783,-0.06446070585609175,-0.04471612689340337,-0.1767146064137253,-0.05518138754788577,-0.02268583468925856,-0.09614481205548653,-0.11509761335482824,0.004019865627757737,-0.008732870570938238,0.01065556028224816,-0.11835731977005647,-0.03604724828182756,-0.09005375296949752,-0.026417903912836046,-0.044280807323569205,0.06039836884245227,0.014225110600659008,0.02778158383671471,0.07530232311971,-0.03824613270983973,0.05230453693778079,0.008556352411371558,0.002578135112740198,0.0388410779038158,-0.13192581487385596,-0.11751533881301837,0.07609319105408803,-0.005724094066340022,-0.028716650003806892,-0.04459764520448525,-0.03813247174349591,0.03503647135584876,-0.0751792722136857,-0.020489518957658673,0.02433684801246771,0.042846451224270374,-0.13619937910550828,0.13718264899241325,0.11248367263480621,0.10253313150696819,-0.06981694779049469,0.003055167017277332,-0.06811444509611755,0.027253793735866873,-0.0056122410989031665,-0.09527021267387557,0.09117151567815102,-0.010279523592756908,-0.03904075751100699,-0.06661664168373987,-0.045526114013874075,0.00518234905261391,-0.017117933439803088,-0.05591031417532668,-0.07522853492925168,0.13781425198073258,0.021096939236545667,0.010279649601726327,-0.0295938632340026,-0.03693824285336966,0.040141137461917026,-0.04488918747465984,-0.0175496938291666,-0.13326102333816955,-0.09864696866626325,0.09719231000456062,-0.006233769570029836,-0.010484678096511294,0.010764481097283967,-0.028901678004143987,-0.054747027881897656,-0.046003454159966234,0.060271446370057956,-0.05529336872509019,-0.06329483452379422,0.04403775572809325,0.1447194869803031,-0.0012537918744693229,0.02537033081889512,0.07560190900805074
C-Peptide (ng/mL)_value (ng/mL),0.09327758926575111,0.08177417434840033,0.1695735693954272,0.08919422985154757,0.07213139778084923,-0.030504077865332806,0.11303963374738278,0.008223721358671918,-0.054426474704160996,0.050081815887390434,-0.04828737189638561,0.04351421352672452,0.0748004682845392,-0.07405542804297716,-0.11012114275308524,0.04962258896660543,-0.05364483416173911,0.15147077340678294,0.05925348059327406,-0.18543429875088965,0.012428163145640542,0.17989975823478874,0.025768193703881587,-0.09233759048394745,1.0,0.05799002934929712,-0.05118649192624059,-0.14368767699373244,0.11142803445555677,0.12356580395307905,-0.022405341328960007,0.22249649577246428,-0.3106184974924072,0.7473095201061335,-0.1789196567804885,-0.06551061581387191,-0.1267511418568229,0.0462380499401718,-0.1732911921969894,0.2505478782911879,-0.007044426575890502,0.09302591256058057,-0.010638005632089744,0.05283912792456209,-0.05608400864624171,-0.034924573408310115,-0.045336893219548674,-0.046990763587437444,-0.015883627025795106,-0.047797425731695056,-0.019131230179918822,-0.027926175213149468,-0.02278080461329788,0.0512177919055035,-0.0390859462026161,-0.02937678174089427,-0.057144328257475244,-0.03375464532235665,-0.022057906081233397,-0.004780933341400588,0.08433119343962112,-0.03177007887908152,0.04809025753688082,-0.03211155855973099,0.17898584613379856,-0.015381821065683,0.02799181325516581,-0.12706497057847396,0.08369111967528392,-0.03905816486010267,-0.050777599734790166,-0.07321717763189907,0.022219863874739215,0.06602531568520363,0.09449121142721104,0.0706757366939868,-0.018724806257241735,0.14688570765135703,-0.06656893068578673,-0.03243283875893574,0.012983490909583695,-0.04933461326665008,0.0036062644679326693,0.08759158388927671,0.12271985775393568,0.09232249163188155,0.1301297215685426,0.09721570480198358,0.006601768379002929,0.06812074010382316,0.003555650713741768,0.22780369009239027,-0.062366888286100236,0.053940310885003534,-0.001307323725047776,0.20576973725798364,0.018680889548868804,0.04389828820827297,0.11448588148800916,0.045520881309300744,0.005126328630967114,-0.01793008123298222,0.013661601857582605,-0.006478689764364372,-0.04033360423979711,-0.025939707881465598,0.03779681841611229,-0.05545688703132419
CRP - HS (mg/L)_value (mg/L),0.14366675962681547,0.15082340549180479,0.13154903103392837,0.10244508313226414,0.11746595431795527,0.004019693719768828,0.17144536458771228,0.0013580536871350775,-0.036814534656865384,0.00958661791766501,-0.10845140374061867,0.08214927612428981,0.06217169994680788,-0.048577758636007384,-0.10062341395598283,0.047928568011479884,-0.31939964650558783,-0.10343122825667563,-0.11251663157498694,-0.22909486843128424,0.15818177614852283,0.04066888610489536,-0.0351979837861321,-0.1660251353464303,0.05799002934929712,1.0,-0.033200794884483936,-0.011725348676134548,-0.13757384045462343,0.06356379763889716,0.2860205241697646,0.08381889603872163,-0.08515769136306933,0.09670365850574826,0.02895560089949665,-0.05689274197506155,0.12243071415300971,-0.0758799077419826,-0.008098595856182207,-0.009667670498547732,0.04252525978808002,0.219272834343481,0.006198168421553588,0.051774085153364596,-0.0330756902738651,-0.04556945167543695,-0.09519350317368702,0.015359693211075786,-0.030664578889478995,-0.028916470426800196,-0.019620511375428754,-0.025563812669783414,0.11886048786645942,0.092905991231906,-0.07952012178719715,-0.01154695991583434,-0.051749193742368076,0.02342963911091641,0.015379515806997781,-0.058679169796047155,-0.018374897738000287,-0.0065899327237359485,0.05344947502465869,-0.047458136290990535,0.1627195754894718,-0.08673977202036437,0.02323355726051352,-0.10701860839108995,0.07895286942239024,-0.03431450154259642,-0.09078565145079917,-0.10551787078191052,-0.004260900931479888,0.06674059787287458,-0.060417567450195254,-0.0325845792806138,0.10756883964791164,0.039998880003525326,0.13099373793904479,0.0337736046700167,-0.040173942478458104,-0.037379089805071014,0.028916417878038742,-0.07203290357619695,0.1268577954456273,0.016319522981893236,0.1079694394378039,0.14877590276093758,-0.04253090011321848,0.005485717719937899,-0.02146592633382631,0.2718267573500691,-0.008017764835433858,-0.061067223013645,-0.026641952465794996,0.009105410661899823,-0.004749368528167203,0.07161150910200037,0.1606945562088649,-0.06547336903391446,0.03204284038368975,0.03409240901484251,-0.046536386721118775,-0.014136436578220085,-0.06873475247361173,-0.04407796014445996,-0.010510454856073374,-0.008291113267349458
Calcium (mg/dL)_value (mg/dL),0.007305759099044533,0.010905884407351718,-0.030963474718224516,0.016056568666685818,-0.05754287089281592,0.03131170524365528,0.0035847012279851273,0.030301484985562798,0.014454347869822621,-0.0010423723651244701,0.045997789534509656,-0.013656016750641318,0.015150069693131289,0.0018014976849961238,0.005270914201921483,-0.012966985441657329,0.07080833223268625,-0.009382198008795977,0.027886485361638663,0.5415734976980692,0.025526398415259235,-0.06931937432904928,0.027029809086606935,0.09792922387202359,-0.05118649192624059,-0.033200794884483936,1.0,0.25314679352503777,-0.26803988441374915,-0.10586612293958024,0.1321618592342111,-0.04623030923978937,0.12226845936698974,-0.0499862068093739,0.11995989140988379,0.1252605768781103,0.4295352004555198,0.10440344453829783,0.1681067198548584,0.07628361060333823,-0.045597673078534226,-0.04840868414048289,0.007905015964731005,-0.07127300481024733,0.010944504394852702,-0.03409903554191302,-0.022490287059821694,-0.016874885260377167,0.017954647410113926,0.1054221074354142,0.02719846371706167,-0.04838148278845788,-0.010594071510925212,-0.004932959399100284,-0.01178197858192474,0.029982960826312327,0.06700854548915075,0.042227530950608605,0.022846449572380648,0.029542415105084912,-0.01947770918266033,0.024590032859501856,0.04560332888955814,0.07368246977253011,0.0014697833836954618,0.018665815272829775,-0.08192938089225284,-0.09376544593959912,-0.11615537282390571,-0.04569766046843045,-0.060130232119133174,-0.022952798308915556,-0.08103512561633677,0.0013587819965907777,-0.04141704892760022,-0.019447141433908712,-0.10798635965443777,-0.056173157743582225,-0.06076897861188623,-0.019338881410242488,0.025775205643189927,0.09786764990822411,0.011695428397153953,-0.0689849421647259,-0.013253548841875835,0.04139624041112477,0.008718058895274246,-0.10750566643659729,0.006381539025764491,-0.024744941922324112,-0.012788936268412803,-0.0011825490734645068,-0.023037675216739724,-0.014190781753410037,0.05152594254434284,-0.011550450135655753,-0.003693561569686799,-0.05614113756595601,-0.014705029993011785,-0.08495254223640582,0.009171450358674251,0.019447874126025014,0.036823859369208345,-0.0672599860929034,0.03628404142524942,0.09587678288524222,-0.02215719870473792,0.04711294580741256
"Carbon Dioxide, Total (mEq/L)_value (mEq/L)",-0.0677274673975488,-0.06506339616048713,-0.06330884026960995,-0.04094368236453837,-0.10206273007968787,-0.004680753660424872,-0.06950347864416372,-0.015790742641736466,0.025632696529487166,-0.010269981352309948,0.021414865597162765,-0.04249196109727887,-0.03620619412999327,0.07156264346364795,0.026445166496713777,-0.004181978712547599,0.1209255759399982,-0.02396678595403739,0.01736951855292228,0.1539833685392271,-0.011408489955917232,-0.23187071435585468,-0.01020214683598256,0.12875342659944783,-0.14368767699373244,-0.011725348676134548,0.25314679352503777,1.0,-0.44618984924819816,-0.22085573400038655,-0.055122399748589984,-0.1515552519403386,0.18832611825307294,-0.12723860689443012,0.10439670484441292,-0.10319595740493696,0.039675307429815614,0.1982809147566085,0.10661679511349369,-0.15941256195549228,-0.20670964913671613,0.017764865903262445,-0.012935184117734559,-0.06146043951178116,0.03894909308069502,0.007353478433190633,0.06957456972407293,0.001364249832511407,0.029120212979541774,0.06145328008732103,0.0386566944151122,-0.010482589296068113,-0.09118266173873395,0.04087812319384653,0.01596685553515512,-0.01187028035450135,0.06865176870961556,-0.024671898238117322,0.046058478251961014,-0.03751971647104548,-0.03577650918467574,-0.03520025187327643,0.03955881116382223,0.012509272884254246,-0.08544725700853116,-0.009734649839522543,0.016115717817024658,0.10624956934909256,0.04500547539277796,0.06382023419987375,0.0768845186116051,0.08116038728088645,0.007547898369279641,0.029814462477252942,-0.06303747944084359,-0.03669565806096642,0.04812747799384983,-0.08374702276328402,-0.10006997071595083,0.044360914125960264,-0.02986981118590932,0.03608941077185599,0.05333601494981402,-0.01741278725830677,-0.0669576145002757,-0.037448365022324986,-0.06577873989116823,-0.16401868271177442,-0.0060611229077158855,0.03226660817323968,-0.07324564576039873,-0.105585962501331,0.01722474685803966,-0.020872950660437643,0.016655269493156065,-0.06616493802697326,-0.021909405076604258,-0.02612984683226406,-0.17747092106672854,-0.05390008452473436,0.002468788030346885,0.01603922931845216,0.00849832604589334,-0.025354274040793393,0.050378825972383925,0.026597649738401535,-0.03187944114645123,0.02398284303889699
Chloride (mEq/L)_value (mEq/L),-0.09985382965417136,-0.16443757499041325,-0.020479555943367925,-0.09771885819080332,-0.07368923690650386,-0.03436229971848655,-0.10365701931493224,-0.054741147799938716,0.019396025623559857,-0.052379771693664326,0.04024388625517216,0.04384457995589863,-0.09005164173286653,0.00919331341694436,0.023454517456191933,0.03185993001598379,0.06624600981880499,0.013601045196213692,-0.032954464680518956,-0.21267468121710836,-0.050879855814633314,0.08009822334926894,0.03347081342828024,-0.06446070585609175,0.11142803445555677,-0.13757384045462343,-0.26803988441374915,-0.44618984924819816,1.0,-0.011621404228636114,-0.20182571870286067,-0.10101431167058356,-0.0937197713199271,0.045284851499484406,0.005110655159231083,0.13352798474287048,-0.30203109875046,0.561696413377478,-0.027049886861152256,0.013901515520028947,0.11267212541953804,0.06364436372362829,-0.009575688999632057,0.029337505811251295,0.01295192617721339,0.010401574810351776,0.041509185070384626,0.0067400475247034845,-0.01822354814273529,-0.053360275344542206,-0.0041969323626073,0.07044367278612264,0.004884477371308089,-0.06310793887169483,0.02853661903798552,-0.018005909157131624,-0.06084847612911659,-0.02852335186265546,-0.05152999383735025,0.017062182994307732,-0.026227774932509305,-0.011091621449055813,-0.05887625549412916,-0.035470663520177505,-0.09860781753873606,0.02735183620937058,-0.055611253992994984,0.014746570626716736,-0.1222163679941915,0.044182673365292836,0.01768490661649123,0.0354147611486312,0.0271346548836575,-0.03079977134338847,0.019710841849035942,-0.009900704594100168,-0.062435044058497056,0.06728516819296634,-0.03346162909028638,-0.032586043228213346,0.10023865312968912,-0.06148862680447051,0.007020095878452449,-0.004278467608980339,0.011070087867982815,-0.030356283152333276,-0.11183090935306476,0.0861851639972441,0.0015431772861766023,-0.08351952732947295,0.015135887598628764,-0.08294264421742777,0.008130461483289688,0.035962610843826584,-0.010031218092971717,0.026886794922332445,0.029997368082699007,-0.026708945254021923,-0.12290008661833209,0.0697911453435101,-0.011237030763058825,0.008339097916621145,-0.013375373353881694,0.02116734865156692,-0.015144937545162012,0.054183451563319524,0.034581133831756615,0.034642330876182396
Creatinine (mg/dL)_value (md/dL),-0.0026281181641258987,0.17860629931211555,0.09961210572170918,0.01117769079902969,0.22777642982173385,-0.10225917656163629,0.02225596304352812,-0.08011945194806375,0.007146696144171457,0.035805988190769286,-0.10440682195298362,0.1184451456394422,-0.023905827122795507,-0.04990251990658406,-0.112854617889551,0.10672535869344484,-0.1472906227692489,0.03877232859794651,0.029605806025142782,-0.18831721431988058,0.07118094123154753,0.6596843445556773,-0.22886514119074694,-0.04471612689340337,0.12356580395307905,0.06356379763889716,-0.10586612293958024,-0.22085573400038655,-0.011621404228636114,1.0,0.11582922022877641,0.09443635517792773,-0.19138003193629616,-0.016427515784718648,-0.21417986190734356,0.16451197025002903,-0.0054574364975449935,-0.0833818997296825,-0.23825788671351134,0.03530998111479427,0.26292794801028635,0.04524666735071901,-0.03653311616588652,0.17748125344132468,-0.004861277337368663,0.0005916838382610793,0.008241966052742617,-0.023173168771103786,0.07060568144896123,-0.17182536790251812,-0.049592245792342296,-0.014352989941307693,0.0195526415909672,0.06885584089840491,-0.025168561180830006,0.033680032762348364,-0.15625092424893847,-0.0683602284228818,-0.05715126771269163,-0.009235283278313416,-0.0059869156642435965,-0.07762752220583265,-0.056102500413819166,-0.046370270766470184,0.07688743957202589,0.05228738074423451,0.1541005612265982,-0.001383496954775487,0.08939794932403751,-0.04611860969698932,-0.10627380821554187,-0.043044531404711234,0.16233109068312218,0.031960536049504676,0.0723892085256524,0.16477194138545975,0.05156403873375909,0.16544860797694516,0.17314723087682196,0.06878773152493355,-0.011721691437142533,-0.04685143066320744,0.011521999808008351,0.1559709705273634,0.1689653760429476,0.09656727538197629,0.24668871335283377,0.48847501790592096,0.06636093388523512,0.0726798120747125,0.011661043533167739,0.044257147674854204,-0.013441834056760384,0.1286511985215534,0.005092546664202487,0.052949304309238075,0.18078891292781188,0.2102995632261383,0.255951836632369,0.11601382787697372,0.09908583829344651,0.012188348190435584,-0.05229385732689482,-0.06875274559552881,-0.1267788228669781,-0.004748539580803724,-0.0018076479532632532,-0.09705954785024799
"Globulin, Total (g/dL)_value (g/dL)",0.20632216996085673,0.14292766484715008,0.020795808888695512,0.18130949106642444,0.10664720882749572,0.08638703570904328,0.21875628062859837,0.09504331593222937,-0.02033594504546949,0.025462352900277287,-0.10106994229448465,0.0644377722585366,0.1357218147935143,-0.05312567770379996,-0.06571002332549389,-0.02169679267197516,-0.9057193658370688,-0.10590463871039255,-0.04469042377219895,-0.12002179860099112,0.17344090411665838,-0.00814063940346131,-0.1256299590384094,-0.1767146064137253,-0.022405341328960007,0.2860205241697646,0.1321618592342111,-0.055122399748589984,-0.20182571870286067,0.11582922022877641,1.0,0.12796542716236914,-0.040257772551030115,0.08118630787188293,0.06753549579088311,-0.0489093273048876,0.8203219760963548,-0.17003277197692324,0.03273185243565213,-0.02529984157744041,0.044772571058095914,0.08756528414941027,0.15867020974304832,0.06435471645868267,0.06325616415179218,-0.015557797013699942,0.006293747334295749,0.05825410642913437,0.013106563964366182,-0.12371463706886787,0.02129990810956319,0.007987004858648504,0.19372123930401564,0.2432619292796416,0.0015907073994043694,0.11444340621652459,-0.05729665458997227,-0.0586265795418207,-0.050624090818478594,-0.12146278724027156,0.05090478534395075,-0.07083255457625309,-0.09590112623393066,-0.11798187017028296,0.18175302963199427,-0.0344401640027379,-0.02966853713980796,-0.11937069705047468,0.08863950727687249,0.03754171150058747,-0.020500869913571765,-0.09632141116046751,-0.05647630750782123,-0.006246878270951379,-0.10724353750564587,-0.08722842488254341,0.07931817131072959,0.03090736698183762,0.05001236954780932,-0.016594471869001703,-0.08964546495604009,0.006046981894045401,0.040257984094359364,-0.15486623892521126,0.008333324128410884,-0.0009440192068863448,0.061894003784715684,0.03217457414868751,-0.051832891172068345,0.0033513286174654366,-0.025423708794092587,0.15868805502274572,-0.07726134462252542,-0.08509291684390742,-0.027914307912812335,-0.021131075837721964,-0.003922600808502637,0.027079770355016648,0.11102390456612385,-0.05453943702942069,-0.04365582158028054,0.04684340173668116,0.018712183706797184,-0.007505137346573115,-0.1824749422657973,-0.04399830591744438,-0.0007930161216167644,-0.0759109532978014
Glucose (mg/dL)_value (mg/dL),0.17538019273733088,0.6351771717981086,0.05431030649968018,0.17086223202997666,0.45296292390624493,-0.007373517801494028,0.19377901822751484,0.017187761156623824,-0.027340798324901338,0.03868240320704371,-0.0870186217138683,0.07081727684073559,0.09539401544738002,-0.043932854941771154,-0.07988617570764965,0.012148148175769742,-0.13617077686265283,0.08895261931020755,-0.0041904496712930695,-0.07727054440486665,0.08795923389709702,0.0919031868770186,-0.008080875775670125,-0.05518138754788577,0.22249649577246428,0.08381889603872163,-0.04623030923978937,-0.1515552519403386,-0.10101431167058356,0.09443635517792773,0.12796542716236914,1.0,-0.22304685129364274,0.2621353829545095,-0.13100226678098523,0.05522047416927852,0.06930749712119322,-0.19964767828327198,-0.13457382117483896,0.16043496954585607,-0.0011426872837690268,0.011497256390158483,0.011207540298533027,0.12823961495267874,0.0434428194460743,0.03142904428391397,0.09599485882799154,0.035261116344866186,0.09722939307733897,-0.15180997496569676,0.006667391736525113,0.07879137756113495,-0.005772635553906012,-0.01371648695111432,0.021071200941505504,0.007097904346456009,-0.10641404028769003,-0.04175461827746066,-0.11597337636397663,-0.025638325152226343,0.01219046389752814,-0.07536973212977383,-0.07310351201662657,0.001106052883414547,0.27770887746616163,0.022778523088049004,-0.015606947747780469,-0.21474280385858388,0.0856042218828487,-0.024483770952081256,-0.0387914704239043,-0.09179737136191422,0.06624434461579211,0.03360371845551034,0.012810132421722917,0.17213739915536855,-0.04456323730208938,0.016237642471375806,0.26360473949957597,-0.0396918251173931,-0.012088601613951713,0.020020851618167017,0.08897635416900551,0.020727772047936566,0.04166124244784032,0.06599942206721315,0.10078129146201692,0.052769374908139155,-0.010898186001866032,0.02428968069665041,0.15964098653595984,0.09049775705655155,-0.03029044842608026,0.05051932925424684,-0.02083455500446799,0.0443218568816696,0.0033604515111438555,0.04164954306661996,0.41090709432534617,0.07440003270824026,0.013007732287870841,0.07193482984274244,-0.06099882922641386,-0.006655918755931737,-0.0691099820309578,-0.03396610708322574,-0.060320049498647194,-0.10269386471295916
HDL Cholesterol (mg/dL)_value (mg/dL),-0.08809770450841604,-0.22863085649324413,-0.16520699165425273,-0.054390909999131876,-0.1660371281881516,0.039129124194303394,-0.10626014390772186,-0.006542757174869139,0.055068385422063326,-0.010235482202114987,0.07442633575277184,-0.048914491977364256,-0.08736953444363187,0.03264049852350694,0.11246491670837463,-0.042330408726982474,0.07724464684021377,-0.12261272452526414,0.017804972976621734,0.11463513891320867,-0.06841368398236534,-0.06638600548660809,0.18829089240418548,-0.02268583468925856,-0.3106184974924072,-0.08515769136306933,0.12226845936698974,0.18832611825307294,-0.0937197713199271,-0.19138003193629616,-0.040257772551030115,-0.22304685129364274,1.0,-0.27396122683457574,0.247893329469288,0.01802494670569779,0.030229650523602165,0.07462274896759159,0.4619462302849119,-0.3141615095948921,-0.08015875999454387,-0.17167768836426908,-0.04216701988938602,-0.11513522299640637,0.0025729978948337965,-0.01643298973309704,-0.0002918400138197699,-0.009734873681133982,-0.03438327584315209,0.11371309958499239,0.08222797317673304,-0.0224212146027686,0.005739854373013424,-0.0013397805246149622,0.06894028296871194,-0.028213287908389218,0.09701822572038278,0.030683335025533574,0.0644267327429133,0.016042061926232812,0.013103838444624753,0.010526956297335605,-0.003483523042376075,0.025752393809485966,-0.13486930558711074,-0.08723975023754399,-0.09914931308651373,0.12490973208797938,-0.004668111314634099,0.022808960540832004,0.07812054089158624,0.10518587709569802,-0.041254089841435644,0.017208766831611537,0.002193446368325577,0.004840567785546095,0.03280542312357823,-0.026065519373316658,-0.12608094717871368,0.0271063936224407,0.014932988483677656,0.11653066554822031,0.01166094568873601,-0.005471945377547954,-0.15386849736076993,-0.17685362831141946,-0.16696930325720355,-0.09998221014436268,0.0903975943583458,0.05376158033290109,-0.03745600537697969,-0.22590277257480657,0.2216097372678285,-0.10805923673929617,0.019363016709689998,-0.06524991868144688,-0.04112928090310555,-0.08086085954834621,-0.31137892165383085,-0.039764965880896466,-0.02776204417174534,-0.02596014227962237,0.02250397484060521,0.028983027811540312,0.09317327261938835,0.06200829460965135,0.0491281225679404,0.03281270433112571
INSULIN (ng/mL)_value (ng/mL),0.1444584123195095,0.14186148508123383,0.11078276982015116,0.13598049302393211,0.12700059995899143,0.012900650907503195,0.1623702320796418,0.03940358215849807,-0.0687067296719103,0.050576609708017105,-0.03433040769925375,0.02888167281368164,0.07920067098397908,-0.05935343374262198,-0.07217708244318133,0.01589888281658341,-0.12670605951470762,0.1242094856492689,0.043622970237117246,-0.131370054285641,0.006961800693010899,-0.009838984694304121,-0.0077031251419583035,-0.09614481205548653,0.7473095201061335,0.09670365850574826,-0.0499862068093739,-0.12723860689443012,0.045284851499484406,-0.016427515784718648,0.08118630787188293,0.2621353829545095,-0.27396122683457574,1.0,-0.10036199681371372,-0.10411850783974701,-0.00346567317716352,-0.06414676117854315,-0.07804253025518684,0.33186582470653764,0.18462322445338825,0.10910596687820152,0.059494225726519204,0.06394118454910355,-0.02843818386582856,-0.025850337630990233,-0.030822130221263018,-0.029100071064523825,-0.02130110769832448,-0.07253911428510423,0.015570805199878355,-0.008557309401581229,0.02513103873491401,0.023861152828311784,-0.02443442182945673,-0.04601240546418556,-0.03879838755994103,-0.046141481282566725,-0.04304585123907541,-0.03543430829753791,0.05934149228244387,-0.07698167679302542,0.0026887823736680624,-0.0315507480541529,0.19248417477825616,-0.046685337067419466,-0.030722715373964277,-0.17624062983165292,0.03236503713129434,-0.03425246634823113,-0.026276918748615142,-0.07061337292025786,-0.013212628999951901,0.033738498686956386,0.03726075410674298,0.021438187935999393,0.01370135494733599,0.07552014381908481,-0.024711678577791992,-0.021359338753329116,-0.013891811759799028,-0.018506375662573495,0.05580322608091408,0.015804502150183326,0.009709127195083185,0.050447660144575905,0.09678593523092408,0.07189792582961363,-0.02756178816653207,0.07639474100674383,0.06708497892532188,0.20409203760667627,-0.07501996025475276,-0.019956911147621093,-0.03811098688928267,0.17750875700039806,-0.004147510831231087,0.025819012540370723,0.11796471253226386,0.016209803754067505,-0.04088808161660054,-0.031082165273111702,0.034330693165132056,0.03554606627736368,-0.038479886475810805,-0.01270175450759006,0.01475645760796157,-0.05824296708024776
LDL Cholesterol Calculation (mg/dL)_value (mg/dL),-0.043676676279937175,-0.1803877909220635,-0.15605177530441988,-0.03689371835631244,-0.23658337312073943,0.051203997236891195,-0.058508722421913954,0.006687261716073228,0.009427393807324644,-0.018700201123947394,0.08775155067699916,-0.09354213481934862,-0.06850154433032352,0.038136615546550255,0.08699493001072464,-0.032868410170128814,-0.025450990942989672,-0.16464578282543896,-0.14868292035283992,0.12926306000007354,-0.012983047714532004,-0.23988338721025596,-0.020688076020114812,-0.11509761335482824,-0.1789196567804885,0.02895560089949665,0.11995989140988379,0.10439670484441292,0.005110655159231083,-0.21417986190734356,0.06753549579088311,-0.13100226678098523,0.247893329469288,-0.10036199681371372,1.0,-0.02123586544286206,0.13453436890277665,0.03318152775682289,0.9207326456323953,-0.037093039622189954,-0.09107409811093986,-0.010468727754984947,0.06645999963511114,-0.17142989466189365,0.03541764806782024,0.0074505705107208615,-0.006618356782559757,-0.04196436348986941,-0.04424950326345756,0.17772872842048937,0.0634185923646774,0.03732899141034695,0.06295734476317492,0.030585944333918036,0.08253592192961264,0.027232838403565954,0.1385719929887799,0.052439333218630174,0.10497676709295128,0.12591945113067315,0.09760777334853711,0.04162036601557099,0.008442395251954489,0.022667918443940335,-0.12534064941149634,-0.10420405686226775,-0.0808280845241511,0.06929915059299163,-0.06506822307887332,0.033208130987530456,0.10268478912746236,0.04461305328225898,-0.05909517278915525,-0.09657492153481283,-0.13486998059467006,-0.13122891118102786,-0.04381466322775603,-0.06904901740774468,-0.14985002288371854,0.024670675071391236,0.014312454826419099,0.08529822481257655,-0.014521934463255391,-0.13146206321859946,-0.1675309814299094,-0.0332214564479504,-0.2606865453634756,-0.16074318121332556,-0.009746113709365234,0.02914621421904828,-0.05640447340959798,-0.07743587886339187,0.001984914918253417,-0.17081650094560108,0.04211272054893892,-0.09242560387794423,-0.025281419634050485,-0.1307394547826796,-0.37667035545865774,-0.0419466071282833,-0.08185210614740318,-0.020670613298972282,0.1117979127363382,-0.01023306896354747,0.07480687342923481,0.09286340251520364,0.10170327380304826,0.06520810272123467
Potassium (mEq/L)_value (mEq/L),-0.05412157554188115,0.03540835261891971,0.013607610720429467,-0.05982330741347139,0.040020109678179504,-0.043993582169734265,-0.04890203621977702,-0.05347907674211938,0.031949610637304955,0.006958106842725441,0.0009963836544220283,0.050738295869260056,-0.04645681548399181,0.01821585395651523,-0.03428192334546035,0.05305413801556709,0.024606574648972535,0.03927046794529343,0.005066034426605671,-0.049063458314421944,0.11429218465511033,0.2632402530227806,0.11961718301817133,0.004019865627757737,-0.06551061581387191,-0.05689274197506155,0.1252605768781103,-0.10319595740493696,0.13352798474287048,0.16451197025002903,-0.0489093273048876,0.05522047416927852,0.01802494670569779,-0.10411850783974701,-0.02123586544286206,1.0,-0.07176681131739947,-0.0342502374874811,-0.0013158964091240972,0.029795655231895448,0.08665666346956966,-0.058706953591830945,-0.018594118405364467,0.027436632296626913,0.007851756515314003,-0.0596879138780775,0.03510209459261856,0.05040850630828882,0.09563110962866073,-0.013557296627056967,0.02535955002992424,0.020329465039287682,-0.04881117951022536,0.014739200066645518,0.04876708229737604,0.03628029377830374,0.000764371554379014,-0.03153956394162837,-0.018585238075630745,0.0859188359070924,-0.003853921621080447,0.022520541902165004,-0.013386494590877882,0.008637475886008852,-0.09641508947969356,0.02087526973491024,-0.04338851796843561,-0.0027344384602808816,-0.14721940213335602,-0.05871373956600702,-0.09735236394218076,-0.02844912355267782,-0.0566891396911384,0.08310177299934852,0.05503740653116116,0.08761711014234548,-0.04917931435336752,0.0072673334134312475,0.08760469981639378,0.048242841284110584,0.08547089627430622,-0.025049402087864728,0.02737548304782169,0.14544683023718505,0.01572145269883871,-0.04570050143415834,-0.10054665950388832,0.12077433536084409,0.09241095376061453,-0.009175090609029091,0.021975847336102017,-0.06129831139138951,-0.04959400272435031,0.06541177486343233,0.0653521515152649,0.01643206973519009,0.05093681341363432,-0.01547439156296123,0.0012583938993035808,0.055283971471609905,0.02837434510987972,-0.01442530949288632,0.048238716061931905,-0.07481218158003278,0.045158698201970625,-0.026638695168663747,-0.027588950931610512,-0.019007860283390243
"Protein, Total (g/dL)_value (g/dL)",0.1288212113001187,0.08800706835143295,-0.04793717905662266,0.10413337732991013,0.01806617376439373,0.09717591567614206,0.12556279322904204,0.09718870086622589,0.01642195244145685,0.008919453188504818,-0.022066702088957536,-0.023955949509335002,0.09198922681904696,-0.04334841319436233,0.004866753658128493,-0.05407757375431992,-0.5455521732765852,-0.04520478379538139,0.01865232904369528,0.4693113116532751,0.0773614080208846,-0.097462530235963,-0.10108464253164791,-0.008732870570938238,-0.1267511418568229,0.12243071415300971,0.4295352004555198,0.039675307429815614,-0.30203109875046,-0.0054574364975449935,0.8203219760963548,0.06930749712119322,0.030229650523602165,-0.00346567317716352,0.13453436890277665,-0.07176681131739947,1.0,-0.12199563656586791,0.12394187781243952,0.0013041587591911938,-0.0713124151559751,-0.027611883478200414,0.13356121799639117,0.0002751413989168334,0.07373851924448512,0.020271857885200483,0.038846599373249746,0.029997505654411186,-0.008665759764748076,-0.015423264254678323,-0.004214598976781109,-0.006393332248706239,0.1426709736546078,0.12673855669568504,0.045966360556872546,0.0934518412738899,0.0017036695142161572,-0.028565547538770136,-0.04214514028686318,-0.05161800777321124,0.05992311859297509,-0.025498417325995712,-0.09506971243303643,-0.033827052829852974,0.12094714774944965,-0.014425936086925085,-0.04304920085685239,-0.12489435466442964,0.0015127603525956176,0.011032551297507635,-0.00029393977096748745,-0.06722621707038924,-0.0915899423437752,-0.06924652309438618,-0.08215015198395763,-0.14288209927959813,-0.026432342255554568,-0.04053920583753546,-0.019160999364075,-0.05871628377372789,-0.044058144564628,0.01537106223758717,0.013528784527742446,-0.16071181382482724,-0.04175167302870675,-0.01646201517324578,0.023851197003635822,-0.07539999717888236,-0.032895682906786315,-0.026287376951299145,-0.005197743487936495,0.031329958782972005,-0.12607540791314784,-0.121322663867137,-0.009632300200815432,-0.05021672888620046,0.005643956725872872,-0.016593469026603077,0.018174240843356816,-0.10094254791422158,-0.02862090356038943,0.022890796675809694,0.04401112595890348,-0.03356077587465008,-0.05742120016443524,0.007992767981103955,0.014093164608924683,-0.03370015598213292
Sodium (mEq/L)_value (mEq/L),-0.09140986521288616,-0.15939204722318717,-0.030184432410987668,-0.047839641910174695,-0.0630127948459307,-0.05144665346089096,-0.08774645584359884,-0.05541117316145451,0.014030898449929644,-0.039872243866720065,0.01633366290246261,0.02382535884587313,-0.07714303891502144,0.014824155114023815,-0.008944686472028857,0.05029310776643877,0.15306222886855142,-0.009364906746109842,0.016513737527201176,0.050761759881731816,0.0032923657374973325,-0.03960733534644578,-0.011879763173433958,0.01065556028224816,0.0462380499401718,-0.0758799077419826,0.10440344453829783,0.1982809147566085,0.561696413377478,-0.0833818997296825,-0.17003277197692324,-0.19964767828327198,0.07462274896759159,-0.06414676117854315,0.03318152775682289,-0.0342502374874811,-0.12199563656586791,1.0,0.03164536760033006,-0.07570379274678223,-0.06919381092769271,0.07607381548654714,-0.01800358010068717,0.02537672166322843,-0.000240654615856443,0.0723420215055032,0.04366334473246272,0.025695393972909302,0.010788563067467359,0.020728289044914194,0.01255201334229578,0.015543937483528471,-0.010976716943196288,-0.010381219129249804,-0.03386325149822855,0.03575804581175256,-0.01630716709749029,-0.05693187519724711,-0.04081164877401255,-0.03291765822729141,-0.08380490089232619,-0.045247791740264616,0.011265158926787502,0.013059076784521933,-0.07673540860779048,0.0536936479536456,0.005240339776534933,0.051434771800185373,-0.019489781853916796,0.05671828997201477,-0.03608503981857772,0.002169018873124064,0.07569288279312524,0.004128524922634547,0.051999772827674234,-0.025918081671726594,-0.03552886962742509,0.021411852996419324,-0.08202531276360679,-0.022024992419779243,0.028617822596112934,-0.0050738558002450885,0.08239434630912057,0.010275366622654122,0.02285430960311733,0.0014538139511255524,-0.04874867411014784,0.011396976379801235,0.023248785520851974,-0.048534168496930534,0.000462760683953559,-0.08352052773136318,0.05168820117628077,0.024164141840447323,0.022237551247075025,-0.018154924966510846,0.049748284716612315,-0.024141282064026846,-0.16210888113461325,0.015977924997499424,0.03710631346710101,0.0012936967286372272,-0.00829374050759004,-0.03553389709433247,0.011550087143892301,0.140916286391159,0.011690367833557003,0.06016168130190287
Total Cholesterol (mg/dL)_value (mg/dL),-0.04202801475363965,-0.1673921382427383,-0.18696774966659943,-0.04120750098544278,-0.2219188412811964,0.05539112742282892,-0.06053357382278082,0.009628296559932397,0.027151708290196655,-0.01633615834842372,0.10752858272564197,-0.09731492951681373,-0.07016032907448018,0.029922466346073193,0.10099103630921497,-0.042765682745114504,0.017186774324833353,-0.13736452182841222,-0.08904665166964845,0.164613239925609,-0.02626232244922729,-0.21260825150760276,0.050925267473457804,-0.11835731977005647,-0.1732911921969894,-0.008098595856182207,0.1681067198548584,0.10661679511349369,-0.027049886861152256,-0.23825788671351134,0.03273185243565213,-0.13457382117483896,0.4619462302849119,-0.07804253025518684,0.9207326456323953,-0.0013158964091240972,0.12394187781243952,0.03164536760033006,1.0,0.17606559346186712,-0.01819609536707106,-0.0754819184532268,0.03815457246384557,-0.18138636053188964,0.05683429930363571,0.002613928478187717,0.01811445387936687,-0.04685068337956192,-0.02825342419202932,0.19841840076671324,0.061913704155722324,0.04375408392644388,0.0447452294582311,0.01236057808266634,0.12692714729873336,0.004091071958688854,0.155812005703904,0.05851607791827146,0.0967844622490684,0.13084487560822436,0.08596323464943872,0.05663851104898498,0.00043932625572106783,0.020906998177199078,-0.10260388337971503,-0.12905123450752015,-0.09534266119908685,0.07458570102184137,-0.0217903377237482,0.02900004723725298,0.11633621377005922,0.07028427765311912,-0.05841698570872221,-0.07313648135642237,-0.10932073621280443,-0.08146660250242133,-0.024539791290581196,-0.061966592467052835,-0.17248903093218407,0.03465821378825874,0.038017436688025555,0.10340755184599501,-0.020701985514645006,-0.09745804557147915,-0.19013755319181216,-0.04323491821519684,-0.26600123977052476,-0.16320314688112145,0.016019146165231105,0.03516298432426916,-0.05837793297085762,-0.10239698828052009,0.08258732659240928,-0.1653453135134659,0.07881251732771331,-0.08927242788313153,-0.04697889621168509,-0.14700188560537625,-0.3948624620003363,-0.05466718517989122,-0.07350094939453845,-0.04577053126705532,0.11615928697460279,-0.004398587327199063,0.1036018335485795,0.10866361453027407,0.11325993216687015,0.082499223667972
Triglycerides (mg/dL)_value (mg/dL),0.08739858591708483,0.20142385647840189,0.0073090632393573605,0.0416979034930438,0.11752565836174668,0.0012273128116666952,0.08886700026141185,0.025114063427737653,-0.0059592112325084,0.012011679593126778,0.016335488262841147,0.003961178226249504,0.06853737077087438,-0.04287459494677026,-0.03738016890915857,-0.006788131193288235,0.027131072405626233,0.12874394636221684,0.07962619807786211,0.041327574170757386,0.020303392611669316,0.037144778822608006,-0.0003260532005038054,-0.03604724828182756,0.2505478782911879,-0.009667670498547732,0.07628361060333823,-0.15941256195549228,0.013901515520028947,0.03530998111479427,-0.02529984157744041,0.16043496954585607,-0.3141615095948921,0.33186582470653764,-0.037093039622189954,0.029795655231895448,0.0013041587591911938,-0.07570379274678223,0.17606559346186712,1.0,0.37308536699280087,-0.011076120636843904,-0.008143772172561714,0.010681782342142768,0.0789595725161363,0.00545343016938275,0.06810671834005648,-0.023238703980360858,0.06386616714812561,0.028398907618821016,-0.05968259914925387,0.049879420340628325,-0.03117100361554716,-0.036409916600093344,0.10740721054421357,-0.020847067267903703,0.015880906621797503,0.011198539707328228,-0.041281329235892845,0.06042354301325846,0.005317093166088227,0.05805470573638218,-0.021853025099089818,-0.022575540558453927,0.15980614920978833,-0.03338533225878642,0.027413579549050132,-0.08893233410423296,0.10527002891101724,-0.024957962896357818,0.003372795634761499,-0.018766579280316203,0.016801938294749495,-0.008319225948997989,0.011015319077770083,0.0869139308027415,0.013618229103815258,0.008755465815314667,-0.01458720103230369,0.0027227933366566694,0.04708256257705373,-0.03704920250734805,-0.036041719013852766,0.041976576229382154,0.010244507304263021,0.13979301481530487,0.03788815681604289,0.030004163579376856,-0.027167442491219464,-0.027769351583784862,0.005060638489988693,0.1286093580933074,0.00048068708223956063,0.04622832297121528,0.09725242009711481,0.035830943677349104,-0.03264949437417635,-0.021159541603670465,0.10371628964953072,-0.02069184297782491,0.01666176470333006,-0.06103365813186789,0.03150598453795355,-0.00458252745971496,0.029801151902150845,0.028547357164728566,0.032187511076232085,0.04649247089663337
Urine Albumin (mg/dL)_value (mg/DL),0.06024751407865507,0.10320749221276891,0.007276349698896523,0.07830708913331452,0.13856895731597046,-0.005868009513894585,0.07332825955830287,-0.016663958299171288,-0.028649384285264548,0.014077176388883278,-0.057642787594955044,0.09545521716784347,0.026541265742354228,-0.02201490009121753,-0.04582642797737829,0.022856558097284176,-0.11336307320785094,0.0945401087783765,0.04789023719691788,-0.19292216331456008,0.06219582371189593,0.1541331067293839,-0.0669291313811348,-0.09005375296949752,-0.007044426575890502,0.04252525978808002,-0.045597673078534226,-0.20670964913671613,0.11267212541953804,0.26292794801028635,0.044772571058095914,-0.0011426872837690268,-0.08015875999454387,0.18462322445338825,-0.09107409811093986,0.08665666346956966,-0.0713124151559751,-0.06919381092769271,-0.01819609536707106,0.37308536699280087,1.0,0.018890082030421834,-0.00763939849064551,0.006994175358175165,0.02104450576396302,-0.014117798316468363,-0.03915759643158175,-0.01457873350372708,-0.013599158867068872,-0.017040505918463355,-0.03469537562998008,-0.02310805141581827,0.0009180150827081633,0.016850029102825615,0.010505954340536363,-0.003466824617648457,0.006350498598687909,0.027399335406826437,0.01438761233988684,0.004437127960343928,-0.004207591374903763,0.009812426802410033,-0.03168738886581451,-0.03186859890293457,0.08782050569791323,-0.027496150582171086,0.015146038492470705,-0.06719876726843428,0.021300095404151412,-0.03454004120303163,-0.06204034298332067,-0.01862526165138815,0.015088168665089245,-0.03580390691961743,-0.02921901057755268,0.06464749999947117,0.07482611974891931,0.027571270181775284,0.04091114673746254,-0.01680171555764896,-0.02836100640005739,-0.02800865402003018,-0.011382541950985516,-0.021089116813366074,0.012091919721376802,0.04490295829165887,0.09487140615520591,0.20609058208498754,-0.009537513960180629,0.003584038593159827,-0.007610248758853358,0.063061903704947,-0.01825414680053714,-0.013390871342989552,-0.025041821430991842,0.031616235589011915,0.030020922240987843,0.01094909880972143,0.11418262055587013,0.028243158429173607,-0.0217327213160723,-0.03183649551432339,-0.032551277647448314,0.08741655653403782,0.008492973588721918,0.03453569023363858,0.007980040793338805,-0.03081304763266828
Urine Creatinine (mg/dL)_value (mg/DL),0.0918602104665637,-0.006937957765192693,0.04578064171531221,0.09738667911131402,0.0027256752294672875,-0.0017426851512554818,0.1084603680985948,0.0005052099489141764,-0.012388955834477201,0.0038404787342318273,-0.08220845881765214,0.12852565380758424,0.09302732222402364,-0.05683007608487473,-0.1154889276381767,0.04275109296289539,-0.1536868653468025,-0.04239525818629451,-0.09533844624664264,-0.1831350605448631,0.09441299577912654,-0.06605508067225209,-0.17463475057666925,-0.026417903912836046,0.09302591256058057,0.219272834343481,-0.04840868414048289,0.017764865903262445,0.06364436372362829,0.04524666735071901,0.08756528414941027,0.011497256390158483,-0.17167768836426908,0.10910596687820152,-0.010468727754984947,-0.058706953591830945,-0.027611883478200414,0.07607381548654714,-0.0754819184532268,-0.011076120636843904,0.018890082030421834,1.0,0.12424417051384047,0.06797822226253647,-0.03770484927849797,-0.08218881764651678,-0.058272112047391765,0.08739754059279438,0.015140208840213385,-0.07317404004900387,0.031795499889454314,-0.02114255706812732,0.1094822064349676,0.146958898417431,-0.07354691077025502,0.012360664589487133,-0.05014909775017359,0.019506452989577996,0.02203291134997395,-0.12366291618362309,0.0043783467513984296,-0.03752359604148065,0.036033903998554426,-0.06963836193242642,0.09171499671473651,0.021154633766188893,-0.07773182124541159,-0.08248194129361733,0.0025461415859352556,-0.016963452198522244,-0.0649935978983936,-0.08105731158514903,0.0468157560617962,0.03906496343409142,-0.08217605981506099,0.008436265979213169,0.04794457521507489,-0.01186374567439915,0.015070927475835279,0.02797017739863263,-0.001308885295677217,-0.006680749579626056,-0.0064180925575003525,-0.061561477358402596,0.10504128521821472,-0.026141438700086353,0.08091295593942543,0.06599068687053894,-0.013757657633151565,-0.005026956590808506,0.005460790943192585,0.1449498293724785,0.01202649280992856,0.061942017068510734,0.0010512447236008453,0.04888757089361466,-0.02660601359170915,0.007437459966664753,0.08523875213934708,0.014641860067929006,-0.035352648454394155,0.044850142339997054,0.005793932269321665,-0.0013923755193319953,-0.18132043830392666,-0.026533212587850682,0.026269880414133664,0.009082073468784762
clock_visuospatial_executive_time_value,0.021377117064351855,0.0177630848990554,0.059786582220240074,0.028631491807546545,-0.007003765401782788,0.02724855070337607,0.026196497612042315,0.025938164084690147,0.002400454269915467,0.014643496177636555,-0.06564550186263339,0.01080961878416939,-0.0006797840540261754,0.00876349544911497,-0.0027050535926288082,0.0021183012647966407,-0.12307624994064191,-0.02027166345858494,-0.012765943799382356,-0.013140815865306417,0.008082714913400122,-0.040478067534331794,-0.01794631426077024,-0.044280807323569205,-0.010638005632089744,0.006198168421553588,0.007905015964731005,-0.012935184117734559,-0.009575688999632057,-0.03653311616588652,0.15867020974304832,0.011207540298533027,-0.04216701988938602,0.059494225726519204,0.06645999963511114,-0.018594118405364467,0.13356121799639117,-0.01800358010068717,0.03815457246384557,-0.008143772172561714,-0.00763939849064551,0.12424417051384047,1.0,0.12060389944768082,0.22801004037299963,0.060426821062223704,0.14032968515418293,0.055228727381324616,0.14654860099420722,-0.12717651976836372,0.14651422329720382,0.161791855421157,0.3579727883829304,0.35130038843574385,0.10504922989745234,0.25622873601289986,-0.018641692738451485,-0.1750500650507421,-0.07546873387898656,-0.09256975536867589,-0.0016512221367732387,0.0032865907541901854,-0.14369919196889822,-0.06409518590080926,0.022554417877534,-0.03569108841029143,-0.08821815441337824,-0.04482624540258038,-0.043686307704964185,0.0076364422016131014,-0.014711606215956892,0.0043581517809277975,-0.09942972195219052,0.006057510061972777,-0.08824363727715151,0.01768913514292033,-0.013209824155526783,0.10315134016048248,-0.023385273238568743,-0.020649718840782066,-0.06276148468937298,0.02835150917179333,0.0011658168976800786,-0.08325212789861546,0.024001075317256974,-0.025760575537041978,0.03359910964665218,-0.10431174170840611,0.04331148188353881,0.01765745912429146,0.005964631994287962,-0.005969017571976855,0.052585600247460174,-0.05995731252007919,0.13268639522798345,0.13241256109996485,-0.011568670965182633,0.014979388313318786,0.019154322340831455,0.002134038346942762,-0.018346369353218685,0.016393302836697276,-0.008251339002240236,0.0173071271759718,-0.019261625468170188,-0.09524727951212933,0.005105730948264003,-0.05275876625930241
delayed_recall_with_no_clue_time_value,-0.06620327627422953,0.10981386451209876,0.07816792503215231,-0.05279424491898211,0.15138865107705762,-0.0781872698652271,-0.05471660470010479,-0.07244594362933458,0.03087176191421431,-0.019151479687883582,-0.05308682907211698,0.07155573357688247,-0.011711612134561605,-0.05028054173818152,-0.07942699977090198,0.07293197545489798,-0.07933212032389608,0.0232688689651259,0.008507857043866867,-0.09888787838768248,-0.011238461629816713,0.15070290601509972,-0.0020486629228118045,0.06039836884245227,0.05283912792456209,0.051774085153364596,-0.07127300481024733,-0.06146043951178116,0.029337505811251295,0.17748125344132468,0.06435471645868267,0.12823961495267874,-0.11513522299640637,0.06394118454910355,-0.17142989466189365,0.027436632296626913,0.0002751413989168334,0.02537672166322843,-0.18138636053188964,0.010681782342142768,0.006994175358175165,0.06797822226253647,0.12060389944768082,1.0,0.20023712994183246,0.02926902073922314,0.23688295818511781,0.1928521220010677,0.2756599626001125,-0.559333102148089,0.12091957577153338,0.16040511492845727,0.19626986979754177,0.12220483226374391,0.16338002544908115,0.196352264191417,-0.6953729756333266,-0.25155897306429303,-0.36734252123368283,-0.13725962005083564,-0.20493255952618777,-0.043227033149813396,-0.14380823691576214,-0.03840491602599929,0.03877334448500793,0.14872665393282444,0.07896612515348113,-0.057068143735774304,-0.027306167164566967,-0.04861521832306429,-0.1606985746590221,-0.009719405050357594,0.056347464010863296,0.04375582501452473,0.032384854144108494,0.09100602988866689,0.026607098883494773,0.07232335777734067,0.10597893240407642,0.0012799555305292064,-0.0031396471527842394,-0.012997424030288505,0.029235304294071476,0.09109890069542216,0.09124969518568843,0.009244483237001468,0.15709159603963163,0.08804734265301677,-0.06995513560243029,0.05377227522885622,0.10803246833852503,-0.018703465508371535,0.028490052917356117,0.0559586354961262,-0.018954972097895068,-0.020079337050971664,-0.036124175265136095,0.0357657528389134,0.18813926170969844,0.06599634591860139,0.08450899318221755,0.012887014751611076,-0.040192395685639974,-0.06553269796187935,-0.10359966689082126,-0.17620512933471374,-0.18556478336827456,-0.1583731625993542
digitspan_time_value,-0.015309382535990134,0.030591273498733793,0.004927700065782826,-0.021990820441879434,0.03727848581347652,0.021146003480801277,-0.018653385227608187,0.007701514160769728,0.040304962462942476,-0.008498493108345436,-0.03204312096998787,0.04780959619005106,0.002374995222942068,-0.043142836309242844,0.005307121317015584,-0.003561890276555996,-0.06765100771084565,-0.048752122478341924,-0.007260143712088344,0.030334247758185266,0.02642113061249272,0.04424052010886523,0.05730206641813921,0.014225110600659008,-0.05608400864624171,-0.0330756902738651,0.010944504394852702,0.03894909308069502,0.01295192617721339,-0.004861277337368663,0.06325616415179218,0.0434428194460743,0.0025729978948337965,-0.02843818386582856,0.03541764806782024,0.007851756515314003,0.07373851924448512,-0.000240654615856443,0.05683429930363571,0.0789595725161363,0.02104450576396302,-0.03770484927849797,0.22801004037299963,0.20023712994183246,1.0,0.0984434990586576,0.3948965323936391,0.07588583007448803,0.21659505631033155,-0.23838748115347183,0.17936448188007173,0.39714030479060797,0.25857341394135014,0.1272202556198565,0.44741847015105063,0.15432965332910834,-0.12163750617189636,-0.12029225889804107,-0.1874443491427128,-0.10328447370897786,-0.12162975414933627,-0.06843908322124982,-0.2417181648996709,-0.10859948470980416,0.05332413075256043,-0.0016932437760130293,0.05813123668264388,0.003752756665201929,0.0867727322753893,0.009649969658425692,0.028884429478867265,0.0290348579479197,-0.02642787665936514,0.057988990371319604,0.05276365450113958,0.020617836577974162,-0.0076653689010697705,-0.029741260255861497,0.09203358037402955,0.01387563937999713,0.029664596414846832,0.08005660497425651,-0.03225305144787416,0.01637134912681839,-0.035857252624043115,-0.008289202183444295,0.04024234619534201,-0.035726747328892104,-0.00680529577827872,0.015280809917685947,0.02406445467815626,-0.08619386032833656,0.013555784013786765,-0.0685055589624716,0.024007881482920393,-0.032895895347139964,-0.010180680019223997,0.022892367942666497,-0.031820886290527116,0.010071596049085292,0.04218665561526246,-0.0634095107330817,0.05213509221753811,-0.0554124411982285,0.0011517075386303205,-0.056201136483051486,-0.07090141758778856,-0.04576327248855436
memory_trial1_time_value,-0.038866656911466305,0.019983079565261724,0.014914229920866088,-0.04254161251903737,0.0037769483237899415,-0.030782055828827665,-0.04841429727743834,0.0012988054465091555,-0.007725406020720059,-0.026019656705786345,-0.024300873266727845,0.00021384890041013354,-0.020401495761167173,-0.021989303051343834,0.03118085276948502,-0.01240081226791582,0.03343993115302792,-0.017242795457579185,-0.001421871434973923,0.05921183134617249,-0.06430137856314869,-0.012787948694535152,-0.02778471840531999,0.02778158383671471,-0.034924573408310115,-0.04556945167543695,-0.03409903554191302,0.007353478433190633,0.010401574810351776,0.0005916838382610793,-0.015557797013699942,0.03142904428391397,-0.01643298973309704,-0.025850337630990233,0.0074505705107208615,-0.0596879138780775,0.020271857885200483,0.0723420215055032,0.002613928478187717,0.00545343016938275,-0.014117798316468363,-0.08218881764651678,0.060426821062223704,0.02926902073922314,0.0984434990586576,1.0,0.1686598394087637,0.04728171893229659,0.07808244712470455,-0.01061255092430737,0.05501555579248027,0.12591414009186291,0.044866471301341276,0.02955002044763325,0.10260701375012557,0.06660851102169212,-0.0012232913381945388,-0.16194747635921458,-0.1344263628821013,-0.0027700922376673516,-0.051219113171012395,-0.031297023242749966,-0.14254883770372964,0.008107059818291783,-0.0646088770293362,0.06898284222264575,0.2144279224512649,0.10834817712444028,0.03484709863300945,0.013856060702429429,-0.10281394358204991,0.035992853953734985,0.002070760945104082,-0.03802507506638037,0.000783789798583248,0.001877002564829197,-0.019346681056176786,-0.020106388623412613,0.014964254813917862,-0.009785106653850047,-0.028606427541829127,-0.009258462444984251,0.041371316942299785,-0.004951109651049498,-0.01241694359777261,-0.051982546590990185,0.03231964952019961,-0.05747062309810102,0.1407520105746639,0.0009299506763398108,-0.020388339094140086,-0.06136682708699068,0.021493388401229743,-0.018930712518789472,0.05727944203487475,0.010345302660573295,0.01578140928766449,0.040697015642499806,-0.006748541413148889,-0.018044871373973287,0.07865414430370482,-0.02580687499776834,-0.04064959230425989,-0.026596647315886374,0.02973754783918885,0.030051471062677897,0.0009701139320571279,-0.009771139114963839
memory_trial2_time_value,-0.07495787017501465,0.020762110158398076,-0.06012008166833192,-0.08910638175634533,0.03950464937921445,0.0021392161960497313,-0.08889025917378587,-0.012925407300160207,0.037703624562813676,-0.0543643506278318,-0.0033441057884678865,0.021081927811811247,-0.008024233276795505,-0.012472547682043492,0.012101636492567614,-0.004624857322917867,0.017904628276804994,-0.073935266457704,-0.05775142491939739,0.05771653916732057,-0.060824919472136016,0.08789209527246665,0.10385123972827755,0.07530232311971,-0.045336893219548674,-0.09519350317368702,-0.022490287059821694,0.06957456972407293,0.041509185070384626,0.008241966052742617,0.006293747334295749,0.09599485882799154,-0.0002918400138197699,-0.030822130221263018,-0.006618356782559757,0.03510209459261856,0.038846599373249746,0.04366334473246272,0.01811445387936687,0.06810671834005648,-0.03915759643158175,-0.058272112047391765,0.14032968515418293,0.23688295818511781,0.3948965323936391,0.1686598394087637,1.0,0.08577104057212027,0.21895170164500619,-0.22647050624579942,0.1467464994414471,0.4275897997432548,0.07714383631141214,0.12119716927037286,0.4501828359582046,0.18330641451280025,-0.110473452408777,-0.2801421936374562,-0.3712961430328961,-0.08053246187720184,-0.17113115204638196,-0.09611080664389669,-0.3161502188074286,-0.03010926909799487,-0.04139639304690137,0.0528006777895755,0.014129573513238559,-0.008852925469618887,-0.07439237066174732,0.04732632779168057,0.03895147536972181,0.12021683633475658,0.04091486411194028,-0.009313232922437456,0.00594806859808116,0.1330891582967046,0.0013775274411105623,-0.021987330518629115,0.11635740261991298,-0.041291324926840456,0.047565716907907375,0.062296166589416974,0.018517845490580366,0.06513956003868791,0.07128005851555218,-0.03575397384180813,-0.028499948270367753,-0.00034889756857848397,-0.038082679111432996,0.031124820723699296,0.027611129283433268,-0.14622953210084544,0.03780233884981712,-0.016128393330445915,0.040931782384586925,-0.05557576592506384,-0.03489869758041766,-0.02498993558749032,-0.012949518477900764,0.05373499787892175,-0.004527840962443182,0.03946526241487617,-0.043653391077197484,0.02130091747475929,0.03487378501121436,-0.10729382295575406,-0.09491176153502075,-0.07024603365400132
moca_abstraction_time_value,-0.0037102538425057576,0.0449529379564445,0.039377633770720864,0.012758158000102049,0.05390838178808852,0.020114885105616945,0.0005908728111788557,-0.011599185516573792,0.029479209233962744,0.00702951697541452,-0.04456177642464433,0.0080114011630299,0.023435746924530442,-0.04963605516303227,-0.021273108460397917,0.006214743343237228,-0.07502033010997626,-0.020933579271991156,-0.033402095279293394,-0.03787296709887789,0.08087338138708895,-0.0017896358640699433,0.01823080437934119,-0.03824613270983973,-0.046990763587437444,0.015359693211075786,-0.016874885260377167,0.001364249832511407,0.0067400475247034845,-0.023173168771103786,0.05825410642913437,0.035261116344866186,-0.009734873681133982,-0.029100071064523825,-0.04196436348986941,0.05040850630828882,0.029997505654411186,0.025695393972909302,-0.04685068337956192,-0.023238703980360858,-0.01457873350372708,0.08739754059279438,0.055228727381324616,0.1928521220010677,0.07588583007448803,0.04728171893229659,0.08577104057212027,1.0,0.20189814745703835,-0.17790985804757922,0.07419724191108736,0.09410843302490961,0.10816020149509287,0.11605173193561233,0.06763131057195419,0.2681348703910506,-0.08527137401976324,-0.1696251721495828,-0.04075317213321534,-0.2493166440315457,-0.02455311177172621,-0.05248935384187551,-0.08190247762976709,-0.12124281809521613,-0.013583314836097723,0.10804012364155154,-0.029340928277021568,0.01612518334525008,-0.005960293565286813,-0.027082121282233126,-0.040863403218647114,0.05250304677913306,-0.011089361492504182,0.007694850901254292,-0.07579764496074166,0.03076638732805726,-0.023507416429697656,-0.021949517001075548,0.009668528807188497,-0.03777189984383403,-0.061524885257625415,0.014937637960459335,0.01891729638663396,-0.025841018735728406,0.1163570023546158,0.02053380499600281,0.04433569346657922,-0.0483181703281486,-0.024557964330419842,-0.022513405461931334,-0.025876535478668698,-0.06982089715036809,0.04579498705933173,0.03265859274443414,0.014704633336553622,-0.012674162521741465,-0.005668692314810392,-0.025615827178549228,0.07385698468344463,-0.05167326634273587,-0.019325760384083627,0.004583957562240077,0.013717849292184696,0.00385282320086552,-0.05254023684689233,-0.06896342985843891,-0.11479742267793624,-0.026391134334585172
moca_orientation_time_value,0.006207096685889477,0.060872741944956475,0.02981561826589682,0.015445661568986272,0.05948034609215719,-0.006438961511010396,0.00882255662190605,0.0032434192227095973,0.05905892253114166,0.007766283063325128,-0.03288225792180164,0.033330532872079946,0.06873300261621555,-0.05672595639768426,-0.07386339906368419,0.02307494079639558,-0.02630488458098178,0.008419965701210995,0.0009244369802260459,-0.03527989784684099,0.03772624975759185,0.01807928710109704,-0.019388581958295705,0.05230453693778079,-0.015883627025795106,-0.030664578889478995,0.017954647410113926,0.029120212979541774,-0.01822354814273529,0.07060568144896123,0.013106563964366182,0.09722939307733897,-0.03438327584315209,-0.02130110769832448,-0.04424950326345756,0.09563110962866073,-0.008665759764748076,0.010788563067467359,-0.02825342419202932,0.06386616714812561,-0.013599158867068872,0.015140208840213385,0.14654860099420722,0.2756599626001125,0.21659505631033155,0.07808244712470455,0.21895170164500619,0.20189814745703835,1.0,-0.2565774213049864,0.13867023080361757,0.23247293481764533,0.13162106994643258,0.10813206340018278,0.2533710356953496,0.209092752627376,-0.11250487197962383,-0.1522237502120035,-0.18066469486904732,-0.10150315495458491,-0.2714007231648103,-0.07991821649296135,-0.1457866957346112,-0.053082875017935564,0.01610726742755436,0.10186106732192618,0.009399593894894472,0.017007407055869308,0.014492551334469436,-0.05180008965943667,-0.09075105983619232,0.04756413308762219,0.05264306998793092,0.10978681624329076,-0.016858625721364633,0.0237269124760562,0.04345629740469764,0.03171047840825523,0.07380097219078847,0.05803588517481967,0.06298382124023023,-0.001665538508532114,0.015371372339821865,0.010634763001071388,0.04448422079650982,-0.014525437386250782,0.045854334892981984,0.015071624940467696,0.010597075756297335,0.07865667260443333,0.025020021864967355,-0.03295471591332107,0.04371314968181418,0.06323547656590693,0.060138878717410055,-0.009525660186502763,-0.014439424064056211,-0.014281042421837009,0.0617593630616449,0.05787596510111683,0.026528631852813706,0.03973449273316646,-0.006618222529229436,-0.05628689058379429,-0.01818630891159692,-0.18841724210851998,-0.09964560426968448,-0.11543720515942155
moca_total_score_value,-0.01875219996022741,-0.14411270702864737,-0.08807451644161757,-0.0290020344567976,-0.15057184587260994,0.027378556060916957,-0.03363467047541079,0.03425787263158271,0.01580481079676444,0.04324618563858331,0.10493396655778328,-0.11048609402166415,-0.017095877861721145,0.05292455653157405,0.06587339717351934,-0.0458105839632496,0.17242291643811264,-0.004692176317429147,-0.013725470305248304,0.1642454697805443,-0.14326349993600526,-0.17649118838349542,-0.019615628651592557,0.008556352411371558,-0.047797425731695056,-0.028916470426800196,0.1054221074354142,0.06145328008732103,-0.053360275344542206,-0.17182536790251812,-0.12371463706886787,-0.15180997496569676,0.11371309958499239,-0.07253911428510423,0.17772872842048937,-0.013557296627056967,-0.015423264254678323,0.020728289044914194,0.19841840076671324,0.028398907618821016,-0.017040505918463355,-0.07317404004900387,-0.12717651976836372,-0.559333102148089,-0.23838748115347183,-0.01061255092430737,-0.22647050624579942,-0.17790985804757922,-0.2565774213049864,1.0,-0.14120070603294224,-0.20257129396772525,-0.25307952266005534,-0.1536010913205404,-0.1224727957914231,-0.25316369422098295,0.6159768555065225,0.41772327077243415,0.3844609711054053,0.45155500402003623,0.23002089609226697,0.43936962662577883,0.49090398203023794,0.427531599634047,-0.07818222236732161,-0.10308836470081498,-0.04077503595708506,0.051224653068006956,-0.03281781537566228,0.01936114498957388,0.10116224363476754,0.0253408747556708,-0.11194131903423218,-0.07098736268456915,0.030353059710186196,-0.12595463318114855,0.001634266830707033,-0.08482564950220843,-0.12259739974271897,-0.025164828019459125,0.005413366517399902,-0.029572507190969603,-0.07705123989616205,-0.06998117819956522,-0.08143493229888221,-0.08853075950718292,-0.1788442574229123,-0.09368589063291587,0.05019161625411377,-0.0741307216507073,-0.10697645006217953,-0.011137206889551481,-0.09092952861756706,-0.04754250732562329,-0.026491181550770484,-0.004259368204348316,-0.034030194077337726,-0.08435125287291828,-0.22775197317031012,-0.07609400882635121,-0.009391869674915313,-0.06417169113738173,0.039653064473623365,0.01962162628178382,0.4111847420688249,0.3918767243563129,0.30813540301902004,0.4431787686471588
naming_time_value,-0.005240212547856764,-0.008934049494133043,-0.013351171526124597,0.0009596486102372252,0.01111469179989076,0.009846102954016608,-0.001028472196516725,-0.016112647781223476,0.01773762955246939,-0.014774518370787647,-0.005239670753737602,0.05012879745539576,-0.003284327270715848,0.023625076468582445,-0.027448120794997703,0.02277129721397042,-0.021113043398466,-0.02300957913913867,-0.014879189954725381,-0.04020383089953713,-0.04594908398758951,0.01676079667034521,0.10893955656921653,0.002578135112740198,-0.019131230179918822,-0.019620511375428754,0.02719846371706167,0.0386566944151122,-0.0041969323626073,-0.049592245792342296,0.02129990810956319,0.006667391736525113,0.08222797317673304,0.015570805199878355,0.0634185923646774,0.02535955002992424,-0.004214598976781109,0.01255201334229578,0.061913704155722324,-0.05968259914925387,-0.03469537562998008,0.031795499889454314,0.14651422329720382,0.12091957577153338,0.17936448188007173,0.05501555579248027,0.1467464994414471,0.07419724191108736,0.13867023080361757,-0.14120070603294224,1.0,0.17920734381894637,0.13476046989747828,0.14848387123158754,0.1324375561283026,0.17017699222334723,-0.04967694499327997,-0.14230392269830464,-0.11950006855407126,-0.05432669499116272,-0.05237385050363493,-0.21158952888702698,-0.14845060433948093,-0.030973204307848806,-0.024121375092213224,-0.00031596097508377127,-0.0399075180611217,-0.030691506186982014,-0.08121369203353296,0.07320202316424823,0.03495905675966446,0.017976534848584174,0.034587233707447096,-0.01110470469064892,-0.03412342734498502,0.06276520860499796,0.0016436596678753835,-0.05596785512258889,0.029259942807260006,-0.009741546132114559,-0.08661109454170203,0.04152679917513705,0.03381315561497953,-0.005344182740222598,-0.015775193858281588,-0.021778638375733236,-0.0018761196289565935,-0.0390093623301797,0.08186503809112068,0.1283072100403481,0.08439497215391761,-0.0328904832787081,0.09330035066691804,-0.028772582512892376,0.0159260696506814,0.03463956215614142,0.05243880469340002,0.05377508080517028,-0.03545034004433561,0.007717995005605311,-0.06255086974227034,0.025953053793663326,0.06516517134880706,-0.019499175667581654,-0.06854836934425602,-0.09180530741386797,-0.08215289313876596,-0.015475070383770688
repetition_time_value,-0.02188903617196699,0.054001597800039894,-0.00957272861255868,-0.026511946906548334,0.07111837341377641,0.023103671226651752,-0.032987935657884306,0.01643314299510077,0.0026364239687630474,-0.05262070310610891,-0.035760510005541465,0.026028112774108395,0.04610986877740381,-0.02943369969328352,0.004821661155079425,-0.028686256444704634,-0.031150815207682477,0.001625433775798286,0.004033023284329199,-0.023430420712182126,0.009896590070446265,0.04083526241799569,0.045618610288313696,0.0388410779038158,-0.027926175213149468,-0.025563812669783414,-0.04838148278845788,-0.010482589296068113,0.07044367278612264,-0.014352989941307693,0.007987004858648504,0.07879137756113495,-0.0224212146027686,-0.008557309401581229,0.03732899141034695,0.020329465039287682,-0.006393332248706239,0.015543937483528471,0.04375408392644388,0.049879420340628325,-0.02310805141581827,-0.02114255706812732,0.161791855421157,0.16040511492845727,0.39714030479060797,0.12591414009186291,0.4275897997432548,0.09410843302490961,0.23247293481764533,-0.20257129396772525,0.17920734381894637,1.0,0.1527530446258466,0.050046840103729874,0.42077984722158923,0.15804641392852542,-0.057866606567244544,-0.1592004986946288,-0.18404615015754652,-0.02386295611937499,-0.09345870385693889,-0.09990110120424722,-0.3179895673207379,-0.06140916872554743,-0.02567955653279171,0.030907615595973315,-0.009513148621577204,0.008677670192771493,-0.04159297813873524,-0.023829524318066987,0.006730236463665918,0.08745028332476594,-0.026112195395289882,-0.013353459329537963,0.0031959664422391695,0.07147106894883849,0.003926228178782796,0.024018200670712933,0.0973252435404213,-0.009265129107557193,-0.016039710501663806,0.051786987510858404,-0.014649467664982957,0.020280029305628222,0.11073732910023064,-0.010941280967790472,-0.0244430313209946,-0.020727247923249866,-0.06262334883810967,0.006790446302413558,-0.004381856340339296,-0.11701748474526773,0.040645466998676695,-0.010280137078377202,0.014315905573046822,-0.034758370562622286,-0.007660918178639201,-0.040327191794094684,0.01385716258554815,0.021013958409515116,-0.022129632709820615,-0.011295421174555736,0.001967438661948958,0.033058119038123154,-0.013120817444982426,-0.09946623782000162,-0.08099884533662945,-0.05746336216088229
subtraction_time_value,0.15109582938893418,0.005830141183705617,0.06373454332716859,0.14767159962001997,0.017019815613776447,0.0841796599614837,0.15843663564621988,0.07234179898737539,0.0010739781369013192,0.04335236686377254,-0.07720859354331049,0.04157424342198649,0.09589892814315515,-0.07265136973943684,-0.029393266264559226,-0.027291654975853855,-0.18361921316265384,-0.04466651804253316,-0.04479260262588856,-0.05144686472662572,0.14773388131450524,-0.00145849551402319,-0.03975650571001812,-0.13192581487385596,-0.02278080461329788,0.11886048786645942,-0.010594071510925212,-0.09118266173873395,0.004884477371308089,0.0195526415909672,0.19372123930401564,-0.005772635553906012,0.005739854373013424,0.02513103873491401,0.06295734476317492,-0.04881117951022536,0.1426709736546078,-0.010976716943196288,0.0447452294582311,-0.03117100361554716,0.0009180150827081633,0.1094822064349676,0.3579727883829304,0.19626986979754177,0.25857341394135014,0.044866471301341276,0.07714383631141214,0.10816020149509287,0.13162106994643258,-0.25307952266005534,0.13476046989747828,0.1527530446258466,1.0,0.20868435012090156,0.015065708822331979,0.17266497481313564,-0.12693680091690934,-0.16953704536438338,-0.10517841480040763,-0.18894154330815668,-0.022998604363364886,-0.05003117494616652,-0.17582769314610416,-0.15776927330242307,0.15434373895201625,0.017831951557791506,-0.08034013652546217,-0.15436085685489176,-0.004672123865553402,0.00037184286123625245,-0.06448508423564628,-0.1355264587742659,0.00041242136762359617,0.01922061913155524,-0.0908255179224202,0.014104568393058122,0.020667656768129025,0.07827416164940348,0.08243880451066622,-0.00995727453601746,-0.001697710406515729,0.06743789518912946,0.029565796404024444,-0.048305210944459956,0.02623351431329125,0.03074913202440451,0.09492251099956008,-0.05282484253872666,0.009628456624071014,0.05296842422397672,0.029662252516451854,0.05545693460996279,0.030297236657718676,-0.06542001244908033,0.04691489205808809,-0.029507087073096353,-0.011234387231662089,-0.023204594693976545,0.08335617370403031,0.036666857931528324,0.018768851597011273,0.03159093408514338,-0.00028015021564731316,-0.04751521915279382,-0.14285690849325222,-0.12257182239699685,-0.06350426632924083,-0.05345214758839837
cube_visuospatial_executive_time_value,0.08959541905485083,-0.01740855461430984,0.09540287864102416,0.1018802392675745,0.01984264320399702,0.04814924813955805,0.09973457663270908,0.037534940562116086,-0.029333702808236387,0.03129789453235061,-0.09779144708609887,0.05991304674898999,0.07867429354635397,-0.051134242948949575,-0.0520824397805328,-0.00031380960924402493,-0.2462360497374519,-0.07482049538533936,-0.033272624676024154,-0.1555963565786869,0.07504637000341835,0.04700819567384517,-0.00434970893600307,-0.11751533881301837,0.0512177919055035,0.092905991231906,-0.004932959399100284,0.04087812319384653,-0.06310793887169483,0.06885584089840491,0.2432619292796416,-0.01371648695111432,-0.0013397805246149622,0.023861152828311784,0.030585944333918036,0.014739200066645518,0.12673855669568504,-0.010381219129249804,0.01236057808266634,-0.036409916600093344,0.016850029102825615,0.146958898417431,0.35130038843574385,0.12220483226374391,0.1272202556198565,0.02955002044763325,0.12119716927037286,0.11605173193561233,0.10813206340018278,-0.1536010913205404,0.14848387123158754,0.050046840103729874,0.20868435012090156,1.0,0.06113908102779034,0.24032322827370708,-0.08637821751469607,-0.10876860748723599,-0.10439533170645642,-0.1319509830834038,-0.008811107584505028,-0.031004406301185363,-0.11085940263206605,-0.13205066731272685,0.03940309444410922,0.011509497007825066,-0.10870581594190906,-0.04736394593907449,-0.016076292549247567,0.0021102031426729804,-0.07632071620916822,-0.03301826141447087,0.002408817052141986,0.07361998196687537,-0.06600085732763979,0.09793636134488766,0.06317990646448286,0.0785632477280167,0.022784080908379474,-0.004098649340911747,-0.03465154879766257,-0.010476809960997369,0.07169972677291946,-0.0586369878164799,0.033845719810034286,0.03111749911461679,0.09616624199836973,-0.0005104678364359367,-0.011043097161690232,-0.0087934170357877,0.05797767501933817,0.0762213712510908,0.05129738582573221,0.017308900698975595,0.016215175821308363,0.05242164813764759,0.024338815374886746,0.04015062895828753,0.05947107850360814,0.017305959261684472,0.05123900597366021,0.005459827643598932,-0.042620969563416045,-0.017680850493706136,-0.23468125334787143,-0.039858822669713155,-0.01668321277887384,-0.12930240466498077
lettera_time_value,-0.07955141583761485,-0.0010350853605023307,-0.08022685781261095,-0.10124042257871357,-0.02199523228140816,0.005175688328020117,-0.0956607422285272,-0.0033077820869055917,0.04711486046778708,-0.06061125942748342,0.03217841995914091,-0.009118515564592467,-0.030283636989825665,0.008092996927838306,0.03187830406310571,-0.008836728884404411,0.014738216900419737,-0.04586552629172613,-0.004164287675713402,0.07733744172125966,-0.06729270033814634,0.05218985266487911,0.11261653914389777,0.07609319105408803,-0.0390859462026161,-0.07952012178719715,-0.01178197858192474,0.01596685553515512,0.02853661903798552,-0.025168561180830006,0.0015907073994043694,0.021071200941505504,0.06894028296871194,-0.02443442182945673,0.08253592192961264,0.04876708229737604,0.045966360556872546,-0.03386325149822855,0.12692714729873336,0.10740721054421357,0.010505954340536363,-0.07354691077025502,0.10504922989745234,0.16338002544908115,0.44741847015105063,0.10260701375012557,0.4501828359582046,0.06763131057195419,0.2533710356953496,-0.1224727957914231,0.1324375561283026,0.42077984722158923,0.015065708822331979,0.06113908102779034,1.0,0.16533575546507925,-0.039330404483675564,-0.05680186130050407,-0.09362114715129813,0.02380742869215622,-0.07247202739709813,-0.05613922805934357,-0.1972011733833007,0.004426699301185073,-0.026142605375555215,0.010428871064495446,-0.0086364988801217,-0.01829180245634031,-0.0668031530232299,0.061210470614392436,0.07912239538543672,0.1558009518203296,0.022441039454608954,-0.025471371475865194,0.01365899660824623,0.0021072711663539137,-0.03380248467040389,-0.047496993744747085,-0.002580679219766374,-0.06196014817768258,0.11228252308792902,0.018395858167795067,-0.0565250965208495,0.05115214274984052,-0.01535120708056118,-0.07937710232217143,-0.09429045995748121,-0.030459685208790152,-0.05705403107567835,-0.0007882081374514174,0.018339924915570096,-0.2041112748041666,0.007263648831463112,-0.04743868793688312,0.03407361295863246,-0.018030765238342433,-0.021897624465369785,-0.030385827592295352,-0.13037466021385935,-0.007855361766841887,-0.018560292916217684,-0.024637182401937536,0.035160380587822566,0.0031241075923976068,0.0578016342743238,-0.10898739211976793,-0.12079622413244433,-0.06079391815749879
trails_visuospatial_executive_time_value,-0.03063161198489293,0.013483549097119029,0.010674424341896473,-0.03607694511359754,0.010627418630604577,0.009551421486339475,-0.02417643509796784,-0.0058320074970871485,0.022955223225157976,0.003996615643835516,-0.03776489359627571,-0.02540824024970431,-0.03054428204659598,-0.01352426418111915,0.007030316011343718,0.012340600612632199,-0.0955531619838909,-0.021608295168200117,-0.004079793611165544,-0.014479714932688934,-0.008191646214397674,0.03865549963485765,0.03908706622621272,-0.005724094066340022,-0.02937678174089427,-0.01154695991583434,0.029982960826312327,-0.01187028035450135,-0.018005909157131624,0.033680032762348364,0.11444340621652459,0.007097904346456009,-0.028213287908389218,-0.04601240546418556,0.027232838403565954,0.03628029377830374,0.0934518412738899,0.03575804581175256,0.004091071958688854,-0.020847067267903703,-0.003466824617648457,0.012360664589487133,0.25622873601289986,0.196352264191417,0.15432965332910834,0.06660851102169212,0.18330641451280025,0.2681348703910506,0.209092752627376,-0.25316369422098295,0.17017699222334723,0.15804641392852542,0.17266497481313564,0.24032322827370708,0.16533575546507925,1.0,-0.09104670509009083,-0.21815682300671563,-0.0996698403511943,-0.13209621500936225,-0.051226396844485274,-0.1768949562142029,-0.13316001535830357,-0.09150427513588504,-0.03751585303825919,0.028505288568827204,-0.0323668896548105,-0.0050348372742488505,-0.053541579068196114,-0.044634203545523485,-0.07716629633524269,0.08433372728116911,0.044914912660385733,-0.01582836703130724,0.009389928308843196,0.07442051900430204,0.015444603127634965,0.04946747453171549,0.02858091058353878,-0.02963424871068111,-0.02194600232977607,0.009090109243756354,0.08462660038456421,-0.023942592383659148,0.11925087204922474,0.03043534159793902,0.011969971688438675,-0.035445862171946604,-0.04221980553652865,-0.029504910967421718,-0.015069211659939696,-0.03416944784079924,0.016265615149654973,-0.023169939251653,-0.009030408858647164,-0.007264347701321624,0.08261631090621577,0.015615430827113376,0.05284086946815812,0.03969601384048429,0.06242706824205513,0.05241479164922997,-0.08273852759659725,-0.024864859425599666,-0.06196976634155453,-0.12395837962376889,-0.1775945550483417,-0.1967841364885048
moca_combined_mis_score_value,0.020141632674551786,-0.09726390662377861,-0.06383227017574658,0.024655755498247525,-0.11893365774639113,0.042736663522612434,0.01098268017299525,0.0331232179296534,0.03562844382869767,0.022071970680596128,0.0503692810932311,-0.05904419446984513,-0.02051795203659772,0.03114271101780611,0.0493335409164468,-0.02951887881140355,0.0764532556259357,0.02728053548742328,0.03676987443840652,0.09142507238265407,-0.010753198762458855,-0.12755285210290682,0.029856927286234156,-0.028716650003806892,-0.057144328257475244,-0.051749193742368076,0.06700854548915075,0.06865176870961556,-0.06084847612911659,-0.15625092424893847,-0.05729665458997227,-0.10641404028769003,0.09701822572038278,-0.03879838755994103,0.1385719929887799,0.000764371554379014,0.0017036695142161572,-0.01630716709749029,0.155812005703904,0.015880906621797503,0.006350498598687909,-0.05014909775017359,-0.018641692738451485,-0.6953729756333266,-0.12163750617189636,-0.0012232913381945388,-0.110473452408777,-0.08527137401976324,-0.11250487197962383,0.6159768555065225,-0.04967694499327997,-0.057866606567244544,-0.12693680091690934,-0.08637821751469607,-0.039330404483675564,-0.09104670509009083,1.0,0.2112831167812844,0.3859897827204847,0.13778789338475733,0.10973881086034923,0.08521271309109321,0.11080489767702537,0.3668535839716046,-0.07593691819951698,-0.09230700527631343,-0.07731569121477673,0.06165702820934701,-0.017909778976011998,0.05422925487676182,0.1385887106674603,0.08114993763393243,-0.07020754193789805,-0.036165105363283184,0.003391523738127417,-0.09936065385270872,-0.01288020876200348,-0.03910368570888944,-0.11244034001922841,-0.01834567122322472,0.031494432526577174,-0.0017662019262018752,-0.05897098209556348,-0.11688726044537955,-0.057689811741958155,-0.07555304062364614,-0.1715545603313711,-0.0972546361823437,0.08647831536085433,-0.011804268414966087,-0.11004241139865954,-0.01636579219776683,-0.023362783018802794,-0.058413549053334006,-0.011407970635775767,0.010106104895709763,0.02062527378680736,-0.021521617058867317,-0.15582623445955737,-0.04109635486613359,-0.04546055983376724,-0.03837898077691605,0.06334774925295884,0.014862702847871079,0.12955406889066554,0.1373202345395719,0.16971237591726102,0.13678724999209338
memory_trial1_value,0.043618471662410285,-0.03525301793829384,-0.004864642625298187,0.005397552834943464,-0.03859494543052406,0.038408116392177886,0.0370626149438349,0.04214560085720746,0.0042574552235030965,0.027517301322945165,0.07677281474195777,-0.0333448104035893,0.052236319380564895,-0.014051326833229466,0.031584030558806396,-0.05437879291030113,0.06603552596801185,0.01688057106856861,0.014249836390254912,0.04093382881824495,-0.04492393444613226,-0.13190500129838909,-0.0767924975210519,-0.04459764520448525,-0.03375464532235665,0.02342963911091641,0.042227530950608605,-0.024671898238117322,-0.02852335186265546,-0.0683602284228818,-0.0586265795418207,-0.04175461827746066,0.030683335025533574,-0.046141481282566725,0.052439333218630174,-0.03153956394162837,-0.028565547538770136,-0.05693187519724711,0.05851607791827146,0.011198539707328228,0.027399335406826437,0.019506452989577996,-0.1750500650507421,-0.25155897306429303,-0.12029225889804107,-0.16194747635921458,-0.2801421936374562,-0.1696251721495828,-0.1522237502120035,0.41772327077243415,-0.14230392269830464,-0.1592004986946288,-0.16953704536438338,-0.10876860748723599,-0.05680186130050407,-0.21815682300671563,0.2112831167812844,1.0,0.4484755137874509,0.18913085034446298,0.17035132414556584,0.20595147559407134,0.35520121630887014,0.17054568631734615,0.03850811001999295,-0.1298629366608304,-0.11959571828136345,-0.07278262236783353,-0.045634435401989956,-0.04422393176434191,0.06983992267034632,0.00781450273874606,-0.047523958582673664,-0.04729373050654611,-0.012549449597029253,-0.11078341501890326,-0.07787941288600041,-0.04339275045942837,-0.06135900112564125,0.03546135945872971,0.04788226683995332,-0.025174400863228395,-0.05046816814083798,-0.09065793470119665,-0.07375214467827539,-0.053744025262625866,-0.11141362040533463,0.004389251454967865,0.0003419047750128111,-0.08506518787268208,0.017837771582910195,0.04900879583944652,-0.07809333433972189,-0.0022499861628688172,-0.009286747040746859,-0.07713121988771952,-0.16727176561552135,-0.04567281302704325,-0.10278516323172952,0.01750250771247625,-0.07547455200765882,0.00786263696621853,0.08600188120907679,-0.012539604590364413,0.11199402030551989,0.19525889701886065,0.17938423105842477,0.1940274227154791
memory_trial2_value,0.03186395440777628,-0.09918734446667733,0.009550743642564492,0.05779307891651632,-0.07267581338368652,-0.00690904716649571,0.0392157954801979,-0.013502235377074283,-0.03289013975505296,0.07080359062828971,0.004909926519737991,-0.0344514098611965,-0.020890532306372916,0.0376429883176345,-0.002804029210211531,0.012303922359437803,0.05112852493379221,0.021867776994617283,0.016185833992941913,0.005004787563038793,-0.020609344741596126,-0.08626915281355088,-0.025070137203964254,-0.03813247174349591,-0.022057906081233397,0.015379515806997781,0.022846449572380648,0.046058478251961014,-0.05152999383735025,-0.05715126771269163,-0.050624090818478594,-0.11597337636397663,0.0644267327429133,-0.04304585123907541,0.10497676709295128,-0.018585238075630745,-0.04214514028686318,-0.04081164877401255,0.0967844622490684,-0.041281329235892845,0.01438761233988684,0.02203291134997395,-0.07546873387898656,-0.36734252123368283,-0.1874443491427128,-0.1344263628821013,-0.3712961430328961,-0.04075317213321534,-0.18066469486904732,0.3844609711054053,-0.11950006855407126,-0.18404615015754652,-0.10517841480040763,-0.10439533170645642,-0.09362114715129813,-0.0996698403511943,0.3859897827204847,0.4484755137874509,1.0,0.11754725151499439,0.08962251342144219,0.09843189466960256,0.2952840158712703,0.09378464994841312,-0.020491660889863476,-0.07038675570217053,-0.06730875348841218,-0.004360065953172004,-0.026261031462750654,-0.06651493589983612,0.04047113060844799,0.0401534669807308,-0.005375676711971255,-0.04560160071965719,0.015340218750326024,-0.08152959422610627,0.005863021749403313,-0.035157023022092886,-0.0828902931647032,0.049982181638765104,0.06551020741599028,-0.008816580138466775,-0.025538830846842282,-0.12107077764645317,-0.06937526346469199,0.01866304624567865,-0.04657348398166673,-0.036708890050909514,0.0334671964937257,0.0032127469080792904,-0.09722758862112335,0.031059015782172784,0.005997366407961241,-0.02281218649039067,0.04122815054043438,0.02703204078993454,-0.031537321267731,-0.01823908840688461,-0.08969468301149751,-0.06552185374645798,-0.06320535503556703,-0.04055033797537354,0.052116941426516794,0.049885289781955236,0.06427464032183199,0.1230518768942846,0.16032258762854676,0.13370865241081378
moca_abstraction_value,-0.11152552692734062,-0.06138833986920396,-0.07130120057244471,-0.11831156225321145,-0.08363284860176994,-0.05536240212634838,-0.12026044069053406,-0.0409420528876109,0.01719433666237474,0.01025871238971407,0.08203270808019349,-0.06656531670981979,-0.082759329739019,0.04540333776447255,0.03535109303652296,0.016376274816909682,0.12768566233367706,0.03497156780393572,-0.0017054202173982227,0.09793767463399157,-0.15532408241670664,0.012285942924971824,0.04273050415780714,0.03503647135584876,-0.004780933341400588,-0.058679169796047155,0.029542415105084912,-0.03751971647104548,0.017062182994307732,-0.009235283278313416,-0.12146278724027156,-0.025638325152226343,0.016042061926232812,-0.03543430829753791,0.12591945113067315,0.0859188359070924,-0.05161800777321124,-0.03291765822729141,0.13084487560822436,0.06042354301325846,0.004437127960343928,-0.12366291618362309,-0.09256975536867589,-0.13725962005083564,-0.10328447370897786,-0.0027700922376673516,-0.08053246187720184,-0.2493166440315457,-0.10150315495458491,0.45155500402003623,-0.05432669499116272,-0.02386295611937499,-0.18894154330815668,-0.1319509830834038,0.02380742869215622,-0.13209621500936225,0.13778789338475733,0.18913085034446298,0.11754725151499439,1.0,0.11520634384501029,0.3079996990156087,0.2334045299608816,0.1692063563250788,-0.12479937444319872,-0.038425064744794776,0.002196077117240542,0.10602621970367358,-0.02925215174520358,-0.09346114686041067,-0.000614937374395454,0.03379680611002619,-0.017460538648488986,-0.022134266966609587,0.1022169751457009,0.007097875324242969,-0.0019820124711732983,-0.033778821787781875,-0.050078541691765156,-0.02444216109860749,0.049263857961339905,-0.019450640089244835,-0.09712785728180831,-0.013619443577657512,-0.06217669650565412,0.001262474259292606,-0.07049243274792569,0.022428515550719525,0.02636368673428841,0.03886702845598427,0.025324110819911948,0.025298078525716538,-0.05766833124335628,-0.0359792095448284,-0.00862602947495563,-0.015721899844895214,0.024809710728657,0.015002447421951321,-0.11763291050874186,-0.01867138832468838,-0.01798334399517172,-0.070787170963171,0.03694376297476649,0.038105451471709045,0.2067868268561675,0.05297785550705032,0.1061429019410472,0.23054309623504074
moca_orientation_value,0.006061091002666437,-0.035308316028908375,-0.14347830289765046,-0.03167624907291517,-0.10593751751197186,0.046288068543174174,-0.0008588013388656805,0.02773057583255941,0.030229649425447785,-0.017235098488939976,0.002694411129670179,-0.05396376564179162,0.017587276530829334,0.01113700091658458,0.04177417656070363,-0.044117689950685435,-0.030158896016905752,0.04090189445153673,-0.004449532847077915,0.02542281107063159,-0.06207444713651374,0.006247023376574882,0.008817525157202718,-0.0751792722136857,0.08433119343962112,-0.018374897738000287,-0.01947770918266033,-0.03577650918467574,-0.026227774932509305,-0.0059869156642435965,0.05090478534395075,0.01219046389752814,0.013103838444624753,0.05934149228244387,0.09760777334853711,-0.003853921621080447,0.05992311859297509,-0.08380490089232619,0.08596323464943872,0.005317093166088227,-0.004207591374903763,0.0043783467513984296,-0.0016512221367732387,-0.20493255952618777,-0.12162975414933627,-0.051219113171012395,-0.17113115204638196,-0.02455311177172621,-0.2714007231648103,0.23002089609226697,-0.05237385050363493,-0.09345870385693889,-0.022998604363364886,-0.008811107584505028,-0.07247202739709813,-0.051226396844485274,0.10973881086034923,0.17035132414556584,0.08962251342144219,0.11520634384501029,1.0,0.09373029746619348,0.05376793943802289,0.06657179484832529,0.013187320607121697,-0.0241730731483808,-0.0617010835999615,-0.009214948555813837,0.0026216551084513188,-0.046582600600064854,0.059609441205775736,-0.021065065304420708,-0.1006815852648427,-0.04416896055959645,-0.05059950932184921,0.009222477213587963,0.03648432370204713,-0.030093421195037977,-0.1567338905170361,0.006142403544901576,-0.10252233380830007,0.004177914813176374,-0.09339930961688853,-0.07642580250536445,-0.03507477123933958,-0.03071646111366434,-0.00011529609468425467,-0.026639893481632926,0.007856853267985265,-0.020755046183689785,0.017091187671400845,0.030646212608478777,-0.04527596671597871,-0.042686802821076925,-0.012394523194553711,0.01935148847625224,0.0167440201613418,0.05205274508411586,-0.10305355245837368,0.052119292526229544,-0.0006864112219180049,-0.10855469933174769,0.02363036203357307,0.06324706823268715,0.03156294170855932,0.08325363151774458,0.023671554465960098,0.040961553872492236
naming_value,0.02585626183854623,-0.05276761221549253,0.030140708762236956,0.017705730655481495,-0.0777687382038743,0.03858743605634852,0.01394537549563346,0.04362693781895139,-0.009084384682031002,0.033408450242010744,0.03292146337109147,-0.09866183077138013,0.03521321985276734,-0.01575287849167312,0.011941501012015677,-0.028810407211020895,0.08202176793980452,-0.002478981996945695,-0.060591812026983896,0.06510446589746584,-0.06298494129107317,-0.1265215307875888,-0.048754001856573255,-0.020489518957658673,-0.03177007887908152,-0.0065899327237359485,0.024590032859501856,-0.03520025187327643,-0.011091621449055813,-0.07762752220583265,-0.07083255457625309,-0.07536973212977383,0.010526956297335605,-0.07698167679302542,0.04162036601557099,0.022520541902165004,-0.025498417325995712,-0.045247791740264616,0.05663851104898498,0.05805470573638218,0.009812426802410033,-0.03752359604148065,0.0032865907541901854,-0.043227033149813396,-0.06843908322124982,-0.031297023242749966,-0.09611080664389669,-0.05248935384187551,-0.07991821649296135,0.43936962662577883,-0.21158952888702698,-0.09990110120424722,-0.05003117494616652,-0.031004406301185363,-0.05613922805934357,-0.1768949562142029,0.08521271309109321,0.20595147559407134,0.09843189466960256,0.3079996990156087,0.09373029746619348,1.0,0.22573514913522966,0.11063911335719738,0.00790010685911569,-0.032179371153959455,0.012402193671171945,0.014212863310322996,0.04026046453314373,-0.015214339419605243,-0.014843929011481323,0.018202639198367367,-0.09980920546497259,-0.006886510847819031,0.04469391173346175,-0.11260225927928558,0.0544114489355507,0.023541981771285282,-0.12098065153523531,-0.002882597571288786,0.030174142287464505,-0.0500136497707021,-0.10653788584545934,-0.05399327744443368,-0.03606939318616931,-0.0748858426543404,-0.1142562160293703,-0.057751839398823335,0.0393269721973115,-0.022602766171363642,-0.04426828758523659,0.03414161160649003,-0.021779580473144815,0.013997027550541831,-0.003388075085861427,-0.06004198637517166,0.02343677693849064,-0.030177306851616445,-0.08684525723358516,-0.04086311885386607,0.0808269814183215,-0.03078911825031101,-0.0037892837394598133,-0.06574985502146873,0.16386575348483037,0.13628801586827685,0.12856326872042015,0.23030314766802368
repetition_value,2.1855855652507496e-05,-0.0690383845866815,0.04179011200769708,0.004897745519379887,-0.06527356071683915,-0.020824878672572586,0.006702157565824942,0.002028718888355275,-0.02814916410442859,0.09693003432549216,0.004963897016173502,-0.042605390849776846,0.020768089359076907,0.026444293183912518,-0.021022092126230435,0.0038253447908953683,0.09898121808802672,0.012067075056349569,0.0108252281622781,-0.016958570304346617,-0.019406371273662255,-0.07497688609557351,-0.05227911933802909,0.02433684801246771,0.04809025753688082,0.05344947502465869,0.04560332888955814,0.03955881116382223,-0.05887625549412916,-0.056102500413819166,-0.09590112623393066,-0.07310351201662657,-0.003483523042376075,0.0026887823736680624,0.008442395251954489,-0.013386494590877882,-0.09506971243303643,0.011265158926787502,0.00043932625572106783,-0.021853025099089818,-0.03168738886581451,0.036033903998554426,-0.14369919196889822,-0.14380823691576214,-0.2417181648996709,-0.14254883770372964,-0.3161502188074286,-0.08190247762976709,-0.1457866957346112,0.49090398203023794,-0.14845060433948093,-0.3179895673207379,-0.17582769314610416,-0.11085940263206605,-0.1972011733833007,-0.13316001535830357,0.11080489767702537,0.35520121630887014,0.2952840158712703,0.2334045299608816,0.05376793943802289,0.22573514913522966,1.0,0.14867151695656924,-0.016373822865519416,-0.045815067046403056,-0.0490810078942968,-0.01497644176965988,-0.03892346156933431,0.006103982558022875,-0.0036423761336235086,-0.05323642565696394,0.0010056152869503295,-0.0058371140491085905,0.0397420528792244,-0.00869536783152286,0.02139370485023091,0.030881289289243677,-0.06207095519354961,0.024370475352945835,0.09039700715671022,-0.009375720794393638,-0.023800703012516827,-0.007858893893688169,-0.02597209782382079,0.025898830930724155,0.010952776429329871,-0.013841204200106266,-0.022936337734980643,-0.045188467828174386,-0.03786405236434652,0.10639163613682491,-0.07712943297885805,0.017446147416371655,0.06838222163451622,0.042689255475882724,-0.037094932685080566,-0.06045658716841761,-0.04839912204073588,-0.017360642585284802,0.003422903571495359,-0.008996206196199705,0.03505991428830773,-0.03536430686761353,0.07826326248263694,0.16189728357839636,0.18652859714606448,0.14043308640801896
subtraction_value,-0.06794703492661418,-0.01416339552263404,-0.04857068338942907,-0.06326583815861067,-0.033791381340907964,-0.07587481453234463,-0.06357606993772519,-0.04709818457895783,0.06206247446763088,0.01703297477753955,0.08264203811488052,-0.02488226324939546,-0.04662855053423669,0.03176012611965061,-0.022575782913814856,0.043067458499846466,0.15403939569227587,0.005992328254673924,-0.009029218817572791,0.12344656558253263,-0.13371366271553725,0.0057920525562391734,0.06751599964553713,0.042846451224270374,-0.03211155855973099,-0.047458136290990535,0.07368246977253011,0.012509272884254246,-0.035470663520177505,-0.046370270766470184,-0.11798187017028296,0.001106052883414547,0.025752393809485966,-0.0315507480541529,0.022667918443940335,0.008637475886008852,-0.033827052829852974,0.013059076784521933,0.020906998177199078,-0.022575540558453927,-0.03186859890293457,-0.06963836193242642,-0.06409518590080926,-0.03840491602599929,-0.10859948470980416,0.008107059818291783,-0.03010926909799487,-0.12124281809521613,-0.053082875017935564,0.427531599634047,-0.030973204307848806,-0.06140916872554743,-0.15776927330242307,-0.13205066731272685,0.004426699301185073,-0.09150427513588504,0.3668535839716046,0.17054568631734615,0.09378464994841312,0.1692063563250788,0.06657179484832529,0.11063911335719738,0.14867151695656924,1.0,-0.06546861512611096,0.029103049701340554,-0.043292694787456745,-0.00812594452396203,-0.10718015413726707,-0.007163066122219393,0.060795912362786926,0.026231754760082094,-0.052485181872995564,-0.02732370900921538,0.01742869282574286,-0.03713329003391444,-0.00269056725129021,-0.011311035188673766,-0.042117357882651675,-0.06488802130440859,-0.008092915003050654,-0.0757552080364782,-0.07365955365770702,0.030289884645593235,0.02865155063865946,-0.0915865467459848,-0.06686388037014533,-0.00603180889592583,0.02342161410822508,0.009782456212059237,0.039287550416715694,-0.04897211344853086,-0.0963846976664107,0.08042090074356517,-0.005433456966696593,-0.018615729624136313,-0.10710225766760834,-0.028463001959622758,-0.07206416498934118,0.015474183799207054,-0.002124416220054861,0.015568643637819278,0.007891039848033911,-0.018900215181392767,0.10423433018314526,0.048659219867891165,0.03911012020967026,0.1284094064974636
Rate,0.713458307277581,0.22133467134581755,0.10206539546418815,0.6112320817779568,0.18902210422710028,0.260841915072668,0.7275526945093174,0.29774812625278724,-0.1678184783035155,0.10493793144822813,-0.11748323378447985,0.0863469964291209,0.4298903281336886,-0.08683079252870092,-0.09303080067621519,-0.1651438927484994,-0.18098835828317958,0.0827683451370087,-0.001221464607539275,-0.07067825257872402,0.11640468451982518,-0.003177555941869491,-0.09305251927947474,-0.13619937910550828,0.17898584613379856,0.1627195754894718,0.0014697833836954618,-0.08544725700853116,-0.09860781753873606,0.07688743957202589,0.18175302963199427,0.27770887746616163,-0.13486930558711074,0.19248417477825616,-0.12534064941149634,-0.09641508947969356,0.12094714774944965,-0.07673540860779048,-0.10260388337971503,0.15980614920978833,0.08782050569791323,0.09171499671473651,0.022554417877534,0.03877334448500793,0.05332413075256043,-0.0646088770293362,-0.04139639304690137,-0.013583314836097723,0.01610726742755436,-0.07818222236732161,-0.024121375092213224,-0.02567955653279171,0.15434373895201625,0.03940309444410922,-0.026142605375555215,-0.03751585303825919,-0.07593691819951698,0.03850811001999295,-0.020491660889863476,-0.12479937444319872,0.013187320607121697,0.00790010685911569,-0.016373822865519416,-0.06546861512611096,1.0,-0.13527415795852246,-0.08737983861330091,-0.7367387370554802,0.4076821764879612,0.12700785181468047,0.03234174634434761,-0.010269517668094643,0.05789257791358135,-0.011599302486311856,0.00868795425269628,-0.001537913365111035,0.032546468494002584,0.042622724207350055,0.1596523044381151,-0.01971531486074597,-0.020318322694774526,0.011590200482663578,0.056575338342411595,-0.008079091317656883,0.014186482597178513,0.09565440035598563,0.11571626350223993,0.04950505097759432,-0.00692497018261275,-0.030551826266255504,-0.007357870078150655,0.16099901163403688,0.026844775356074258,-0.003529913283742597,0.026155430277397616,-0.013176512746992686,-0.05075037243842207,0.0022277550318758827,0.26771617046879853,-0.016812250918124425,-0.0009149362667595101,0.003193257729487603,0.009660270823723671,-0.012184023851873227,-0.16438934114002474,0.01256236835412225,-0.033173671301185224,-0.020563074152997716
PR,-0.13858603227255037,0.069255436790717,-0.04855679257886737,-0.08680113132742455,0.06671073003383651,-0.08321858357703796,-0.13152003314677346,-0.09625558272551886,-0.01603305286796613,-0.023927253967023703,-0.05761406863503436,0.02589919169455651,-0.09632721068402503,-0.03994773832307909,-0.015666149165857034,0.06924275734886455,0.04206024074004973,-0.009958042245686674,0.053139326551869925,0.028134435872890114,-0.008809697795503437,0.14976515143611474,0.07894935368018156,0.13718264899241325,-0.015381821065683,-0.08673977202036437,0.018665815272829775,-0.009734649839522543,0.02735183620937058,0.05228738074423451,-0.0344401640027379,0.022778523088049004,-0.08723975023754399,-0.046685337067419466,-0.10420405686226775,0.02087526973491024,-0.014425936086925085,0.0536936479536456,-0.12905123450752015,-0.03338533225878642,-0.027496150582171086,0.021154633766188893,-0.03569108841029143,0.14872665393282444,-0.0016932437760130293,0.06898284222264575,0.0528006777895755,0.10804012364155154,0.10186106732192618,-0.10308836470081498,-0.00031596097508377127,0.030907615595973315,0.017831951557791506,0.011509497007825066,0.010428871064495446,0.028505288568827204,-0.09230700527631343,-0.1298629366608304,-0.07038675570217053,-0.038425064744794776,-0.0241730731483808,-0.032179371153959455,-0.045815067046403056,0.029103049701340554,-0.13527415795852246,1.0,0.17827263314790256,0.12637914104302733,-0.030931687418350867,-0.0809607016600166,-0.08693471703729039,-0.10546353980323116,-0.05825895545805453,0.038919077883112746,0.04306075772805945,0.08082929682504869,0.01423931152730779,-0.0003193080667273549,0.04452070034835613,-0.002291870429875072,-0.01946004038046421,-0.00910044816836656,0.0030082221032072002,0.05978493073891464,0.03921405328057299,0.0877958249295809,0.12194551848516706,0.025648587837077977,0.015093287978551792,-0.010580300330774124,0.00963732714713931,0.009895078378077288,0.0096569369624223,0.0836113647966976,-0.03855379289061068,0.007862575457628947,0.021678705209336256,-0.01700442246961695,0.10767795556175071,0.0738636877748086,0.21225027620837517,-0.01810573028394794,-0.10910434208449998,-0.11443947685939099,-0.012458083087137488,-0.10832851677976091,-0.08097816956691063,-0.014301263691730523
QRSD,-0.128179533654187,0.09424124618769797,0.04416073502727313,-0.11440690136556485,0.1061197238075827,-0.0968029830135623,-0.12560776151240216,-0.07432744660899746,0.03073193143458249,-0.038694394926028906,-0.03815887303638132,0.010417171405278957,-0.06893315437519122,-0.04708236110145248,-0.027914459735748152,0.0638739049415798,0.012210680272289384,0.008957550410353128,0.012706858923593274,-0.028920548321980884,-0.027775052503433255,0.14320202924096748,-0.015857109072997016,0.11248367263480621,0.02799181325516581,0.02323355726051352,-0.08192938089225284,0.016115717817024658,-0.055611253992994984,0.1541005612265982,-0.02966853713980796,-0.015606947747780469,-0.09914931308651373,-0.030722715373964277,-0.0808280845241511,-0.04338851796843561,-0.04304920085685239,0.005240339776534933,-0.09534266119908685,0.027413579549050132,0.015146038492470705,-0.07773182124541159,-0.08821815441337824,0.07896612515348113,0.05813123668264388,0.2144279224512649,0.014129573513238559,-0.029340928277021568,0.009399593894894472,-0.04077503595708506,-0.0399075180611217,-0.009513148621577204,-0.08034013652546217,-0.10870581594190906,-0.0086364988801217,-0.0323668896548105,-0.07731569121477673,-0.11959571828136345,-0.06730875348841218,0.002196077117240542,-0.0617010835999615,0.012402193671171945,-0.0490810078942968,-0.043292694787456745,-0.08737983861330091,0.17827263314790256,1.0,0.33991330546650766,0.33876660910649864,-0.05642768521114338,-0.18021581031067085,0.008710659840202525,0.03368888177791524,-0.015094154835417314,0.15608726904004697,0.04936131502836553,-0.0008438060555058147,0.027040154469853087,0.07814677402587987,0.009608393036174237,-0.056344766449425675,0.004354308188640775,-0.025356663000219198,0.08941436575256975,0.07976934699205072,-0.0027405446053970603,0.1026313432938173,0.09937516952202063,0.08383424756078163,0.0018134598908824905,-0.027197704360859942,0.05093833802878539,-0.06974128212162836,0.15144447248985676,0.0069973993715120196,0.10818544946254953,-0.012987356210581825,0.08560999425094994,0.12628077362572981,-0.03000496541621405,0.37189900888545574,-0.09108222693479476,-0.21918590484523864,-0.12121728155319134,0.10888260502112147,-0.02835337161910516,-0.030930969752124737,-0.003722750388998797
QT,-0.5732145024121381,-0.11807727352131744,-0.05366074578428864,-0.49001398504477733,-0.0878513979925623,-0.2292682379759457,-0.5790785915574217,-0.2528132050904098,0.1312284524662174,-0.09365409305671085,0.06409062650676356,-0.056198129489299045,-0.3297587894868546,0.04848789510144792,0.03953277619976201,0.15317384669910214,0.0860338570833,-0.09196485502009193,0.03680564431224256,-0.03249383285506537,-0.0746555950245362,0.056422984551881224,0.09102810717090871,0.10253313150696819,-0.12706497057847396,-0.10701860839108995,-0.09376544593959912,0.10624956934909256,0.014746570626716736,-0.001383496954775487,-0.11937069705047468,-0.21474280385858388,0.12490973208797938,-0.17624062983165292,0.06929915059299163,-0.0027344384602808816,-0.12489435466442964,0.051434771800185373,0.07458570102184137,-0.08893233410423296,-0.06719876726843428,-0.08248194129361733,-0.04482624540258038,-0.057068143735774304,0.003752756665201929,0.10834817712444028,-0.008852925469618887,0.01612518334525008,0.017007407055869308,0.051224653068006956,-0.030691506186982014,0.008677670192771493,-0.15436085685489176,-0.04736394593907449,-0.01829180245634031,-0.0050348372742488505,0.06165702820934701,-0.07278262236783353,-0.004360065953172004,0.10602621970367358,-0.009214948555813837,0.014212863310322996,-0.01497644176965988,-0.00812594452396203,-0.7367387370554802,0.12637914104302733,0.33991330546650766,1.0,0.300582323382569,-0.0975622228039171,-0.12283305969738034,0.07101969093330898,-0.016043104308275553,0.06472868718955639,0.07290902601487564,0.05821470448906386,0.03640224440523018,0.007888661151892054,-0.09950569394210353,0.017916057183174464,-0.024582059373653643,0.040375656542747496,-0.06715831282548128,0.07311228338189586,0.03813190865340417,-0.09838430175260171,-0.020767462146198942,-0.023044677800694625,0.05941732156280804,0.03840041544810857,-0.05076193087891514,-0.11240295720733257,0.02215659724049639,0.06721650418528459,-0.0004257686304185146,0.03203026548076987,0.022174306507590915,0.05751535387764917,-0.16333140016434863,-0.016011487100409748,0.13667623998830708,-0.017000937456605,-0.09628689542582466,-0.040622582471377615,0.1730361341674186,-0.02690611260853901,0.06233956917323841,0.00218840778300073
QTc,0.23653366082317304,0.14578507589326037,0.05646659674487192,0.19918767557981898,0.14338867089405494,0.03558976039944827,0.25680576123730087,0.05685390108556201,-0.05506850334300896,0.024299993038377724,-0.05630167794634448,0.03356232314559374,0.10434433293558053,-0.06637351073823534,-0.07908442336329631,0.0075721442165919,-0.13402647586107624,-0.010658665789126014,0.0432829283988529,-0.13423588408535012,0.07132589149557043,0.05344268065276638,-0.0023322483922556354,-0.06981694779049469,0.08369111967528392,0.07895286942239024,-0.11615537282390571,0.04500547539277796,-0.1222163679941915,0.08939794932403751,0.08863950727687249,0.0856042218828487,-0.004668111314634099,0.03236503713129434,-0.06506822307887332,-0.14721940213335602,0.0015127603525956176,-0.019489781853916796,-0.0217903377237482,0.10527002891101724,0.021300095404151412,0.0025461415859352556,-0.043686307704964185,-0.027306167164566967,0.0867727322753893,0.03484709863300945,-0.07439237066174732,-0.005960293565286813,0.014492551334469436,-0.03281781537566228,-0.08121369203353296,-0.04159297813873524,-0.004672123865553402,-0.016076292549247567,-0.0668031530232299,-0.053541579068196114,-0.017909778976011998,-0.045634435401989956,-0.026261031462750654,-0.02925215174520358,0.0026216551084513188,0.04026046453314373,-0.03892346156933431,-0.10718015413726707,0.4076821764879612,-0.030931687418350867,0.33876660910649864,0.300582323382569,1.0,0.04272659849291205,-0.11435364624357283,0.08485782109939231,0.07056449190967742,0.07956334198631597,0.11774556469852387,0.08584468426013457,0.09759136287073589,0.08264241889410019,0.09334210732624464,0.004680348767272112,-0.06355974044511864,0.07787588875213086,-0.00637920795065183,0.07996960172674326,0.07348610197995316,0.023573747785155686,0.12024380268695728,0.013711823430535093,0.06801773858593242,0.014257227092599675,-0.07440702100093988,0.09501141022218257,0.08525934565463186,0.08404194886973393,0.040769530189408085,0.004344545054861252,-0.04248392329037696,0.09091128882872392,0.1501123068037713,-0.050041569251140554,0.1867239483521915,-0.015678307788886656,-0.10165344566276219,-0.09462496598587004,-0.003904837586782165,-0.014114020833144841,0.049967707885791114,-0.017145046859515903
P,0.06359345767341901,-0.06441204488874663,-0.06823463278141853,0.03803942835821269,-0.025359928128843374,0.02629682262495206,0.06687554266062895,0.020188724645500002,-0.00047436279694161983,-0.026737917189003754,-0.009902812920571423,0.013877598530131258,0.028704234803994564,0.0391750836514905,-0.007514857725892842,-0.012167446840445139,-0.02080231476238703,-0.033744230352897364,-0.005426445465823663,-0.03881392884090486,-0.0752514222301294,-0.009017597305062046,0.02523317654177042,0.003055167017277332,-0.03905816486010267,-0.03431450154259642,-0.04569766046843045,0.06382023419987375,0.044182673365292836,-0.04611860969698932,0.03754171150058747,-0.024483770952081256,0.022808960540832004,-0.03425246634823113,0.033208130987530456,-0.05871373956600702,0.011032551297507635,0.05671828997201477,0.02900004723725298,-0.024957962896357818,-0.03454004120303163,-0.016963452198522244,0.0076364422016131014,-0.04861521832306429,0.009649969658425692,0.013856060702429429,0.04732632779168057,-0.027082121282233126,-0.05180008965943667,0.01936114498957388,0.07320202316424823,-0.023829524318066987,0.00037184286123625245,0.0021102031426729804,0.061210470614392436,-0.044634203545523485,0.05422925487676182,-0.04422393176434191,-0.06651493589983612,-0.09346114686041067,-0.046582600600064854,-0.015214339419605243,0.006103982558022875,-0.007163066122219393,0.12700785181468047,-0.0809607016600166,-0.05642768521114338,-0.0975622228039171,0.04272659849291205,1.0,0.22396610702787895,0.30683696405493366,0.07006264603115506,-0.09155664077834096,-0.06618508516978372,0.01760049413476079,0.02117264438766113,0.015759720467093542,0.05514344153591427,-0.0053373452169076544,-0.020996702109869116,-0.014836314994431606,0.029991423978264462,-0.04053269243265351,-0.03519287827944768,-0.02524874733618155,-0.06061522966176576,-0.03294393375238834,0.04821160447393924,0.02310180998796856,0.01295578101377014,-0.13715784403336126,-0.012157050994683758,-0.02999558135312907,-0.008617643344632742,0.004546399659456377,-0.008650688376839443,-0.004749711121208139,-0.1112797105307851,0.009870982226645546,0.025289896096840823,-0.10718839810110574,0.04455364926875593,0.008510842281042872,-0.018777908136732368,0.10331515604877374,0.02277412560591836,-0.03494987558360734
QRS,0.04138054007932532,-0.12108366074704871,-0.05948632313877947,0.008582105404274697,-0.10900218241125999,0.08635566011132877,0.023524768618530385,0.060671334077302824,0.01817895603507747,-0.026880282221989037,0.05587209232725852,-0.039976257090965216,0.03418630524170749,0.06832506299710271,0.06656203743688147,-0.07625747105464893,0.009783065782826856,-0.0010187359718333878,0.013472914012642404,0.031143668613614752,-0.11037016763649744,-0.04419830005837005,0.039870690966701226,-0.06811444509611755,-0.050777599734790166,-0.09078565145079917,-0.060130232119133174,0.0768845186116051,0.01768490661649123,-0.10627380821554187,-0.020500869913571765,-0.0387914704239043,0.07812054089158624,-0.026276918748615142,0.10268478912746236,-0.09735236394218076,-0.00029393977096748745,-0.03608503981857772,0.11633621377005922,0.003372795634761499,-0.06204034298332067,-0.0649935978983936,-0.014711606215956892,-0.1606985746590221,0.028884429478867265,-0.10281394358204991,0.03895147536972181,-0.040863403218647114,-0.09075105983619232,0.10116224363476754,0.03495905675966446,0.006730236463665918,-0.06448508423564628,-0.07632071620916822,0.07912239538543672,-0.07716629633524269,0.1385887106674603,0.06983992267034632,0.04047113060844799,-0.000614937374395454,0.059609441205775736,-0.014843929011481323,-0.0036423761336235086,0.060795912362786926,0.03234174634434761,-0.08693471703729039,-0.18021581031067085,-0.12283305969738034,-0.11435364624357283,0.22396610702787895,1.0,0.142553057799503,-0.005203338842133868,-0.10545779151987121,-0.08667174557988891,-0.12312271843853011,-0.054944520020040626,-0.04948429067087304,-0.054593751158266667,0.0020796710674347843,-0.02341407162025824,-0.03294632174132923,-0.06931371169201861,-0.06609522250443979,-0.11138295769871724,-0.009110367862881306,-0.15392968924278674,-0.06765370484341922,-0.08728436020384271,0.016287477206918245,0.008983899251623519,-0.12550748633750475,-0.023980456356477456,-0.060899183431843605,-0.030720003789562852,0.05185689765492964,-0.00309938319201239,-0.060513087509258975,-0.14397242274502847,-0.03592954488988344,-0.24933161001268353,0.02178727241555006,0.11383967987733759,0.14981287254204526,0.06181648108589134,0.05784541519430407,0.023519807482532965,0.05885107230004609
T,-0.07785871664076101,-0.08646076206446443,-0.06402662804591207,-0.1039204038493744,-0.0460029319785426,-0.03198309967904943,-0.08222681508040112,-0.049509525756362666,0.045362643923085345,-0.0540867837113435,0.05647525063438134,-0.02002630938146501,-0.061177487036580734,0.025361309076120945,0.001665699106401573,0.032190658513401096,0.0973971614554873,-0.019259945208968357,0.020033873091464666,0.03202420829682823,-0.06753963861494382,0.03946054965964032,0.11394908050678569,0.027253793735866873,-0.07321717763189907,-0.10551787078191052,-0.022952798308915556,0.08116038728088645,0.0354147611486312,-0.043044531404711234,-0.09632141116046751,-0.09179737136191422,0.10518587709569802,-0.07061337292025786,0.04461305328225898,-0.02844912355267782,-0.06722621707038924,0.002169018873124064,0.07028427765311912,-0.018766579280316203,-0.01862526165138815,-0.08105731158514903,0.0043581517809277975,-0.009719405050357594,0.0290348579479197,0.035992853953734985,0.12021683633475658,0.05250304677913306,0.04756413308762219,0.0253408747556708,0.017976534848584174,0.08745028332476594,-0.1355264587742659,-0.03301826141447087,0.1558009518203296,0.08433372728116911,0.08114993763393243,0.00781450273874606,0.0401534669807308,0.03379680611002619,-0.021065065304420708,0.018202639198367367,-0.05323642565696394,0.026231754760082094,-0.010269517668094643,-0.10546353980323116,0.008710659840202525,0.07101969093330898,0.08485782109939231,0.30683696405493366,0.142553057799503,1.0,0.04374599108825421,-0.04892635755223859,-0.013416950382285565,0.02856561113806465,-0.02072989529269549,-0.029506928614734067,-0.0347626989271306,0.019470402372992756,0.07192184239249926,0.033676296227833795,-0.031373376367512265,-0.019137711643638627,0.09219595235830814,-0.04406090709949264,-0.07492628676260589,-0.016320163890152457,0.0942039609057602,0.056629858626910404,-0.021084207747080086,-0.17242867664294745,-0.0002568889635969757,0.02038762604230316,-0.050329128336740844,-0.031047499937115537,-0.06527009980501075,0.017193390374287656,-0.0942247296164845,0.01627473341728388,0.10013503498411859,-0.18152741216807014,0.022531558775606097,0.0054138150690063395,0.04718922994527551,0.01920240955385738,-0.016326357598847676,0.007934736178057834
Age-related macular degeneration,-0.01206101926408186,0.015469645269334448,0.06530836085980647,-0.00010525078503515839,0.07565170099412959,-0.03518698944941605,0.00023040154408950325,-0.03863969505443848,0.0247705964944711,0.048213893606113285,-0.013013890718094494,-0.004493854766469398,-0.018855445274388368,-0.0186627606981934,-0.03798186955799716,0.04212986115038288,0.019981185324706073,-0.06533025405868659,-0.06308954873092903,-0.0717910304505938,0.026631981674134327,0.06535160231776346,-0.010279081751671288,-0.0056122410989031665,0.022219863874739215,-0.004260900931479888,-0.08103512561633677,0.007547898369279641,0.0271346548836575,0.16233109068312218,-0.05647630750782123,0.06624434461579211,-0.041254089841435644,-0.013212628999951901,-0.05909517278915525,-0.0566891396911384,-0.0915899423437752,0.07569288279312524,-0.05841698570872221,0.016801938294749495,0.015088168665089245,0.0468157560617962,-0.09942972195219052,0.056347464010863296,-0.02642787665936514,0.002070760945104082,0.04091486411194028,-0.011089361492504182,0.05264306998793092,-0.11194131903423218,0.034587233707447096,-0.026112195395289882,0.00041242136762359617,0.002408817052141986,0.022441039454608954,0.044914912660385733,-0.07020754193789805,-0.047523958582673664,-0.005375676711971255,-0.017460538648488986,-0.1006815852648427,-0.09980920546497259,0.0010056152869503295,-0.052485181872995564,0.05789257791358135,-0.05825895545805453,0.03368888177791524,-0.016043104308275553,0.07056449190967742,0.07006264603115506,-0.005203338842133868,0.04374599108825421,1.0,0.043283564465422746,0.04658053237030873,0.1616082286955682,-0.028946435481545445,0.026381408814631063,0.15632905443151796,0.04626196819561591,0.029954300949221108,0.10098035718818428,0.13925604351659396,0.0821178701059868,0.007203315652707177,-0.046299677155892095,0.029890874722076462,0.07368769238918274,0.039450336757403136,-0.0035398000422738195,0.09596701807005505,-0.024617838353093086,0.14450442712885866,0.032850802321085566,0.03422331533346833,0.04655496632782029,0.08571071372898559,0.12929880559934248,0.03788194716365567,0.09483358554627601,0.08688740410780792,0.03397662842821565,-0.05821335101655258,-0.06564496930304009,-0.04025385395992715,-0.07341044590438009,-0.07191639385333866,-0.07259113611894034
Arthritis,-0.012828204063753087,0.045074407271744596,0.08485584795567633,-0.014847682414835974,0.09618349854977715,-0.04388361809887564,0.001042405789680691,-0.04813205777782075,0.04098411537924899,0.01629169504349459,-0.02607322632800182,0.06379293609371196,-0.009773906916022345,-0.031053294101144092,-0.07904256154016248,0.07060434927092338,-0.024618024907225103,-0.031550756622599686,0.014378760239590022,-0.11056048679318253,0.11774760191951288,0.0759322668701141,0.10595031586364209,-0.09527021267387557,0.06602531568520363,0.06674059787287458,0.0013587819965907777,0.029814462477252942,-0.03079977134338847,0.031960536049504676,-0.006246878270951379,0.03360371845551034,0.017208766831611537,0.033738498686956386,-0.09657492153481283,0.08310177299934852,-0.06924652309438618,0.004128524922634547,-0.07313648135642237,-0.008319225948997989,-0.03580390691961743,0.03906496343409142,0.006057510061972777,0.04375582501452473,0.057988990371319604,-0.03802507506638037,-0.009313232922437456,0.007694850901254292,0.10978681624329076,-0.07098736268456915,-0.01110470469064892,-0.013353459329537963,0.01922061913155524,0.07361998196687537,-0.025471371475865194,-0.01582836703130724,-0.036165105363283184,-0.04729373050654611,-0.04560160071965719,-0.022134266966609587,-0.04416896055959645,-0.006886510847819031,-0.0058371140491085905,-0.02732370900921538,-0.011599302486311856,0.038919077883112746,-0.015094154835417314,0.06472868718955639,0.07956334198631597,-0.09155664077834096,-0.10545779151987121,-0.04892635755223859,0.043283564465422746,1.0,0.09537859085864485,0.16214661459905624,0.1438359701976434,0.10077351805928143,0.007768621694193498,0.10124266603591497,0.013920604296869631,0.1147438727430601,0.05158000320704344,0.1317781087294405,0.014061785789868128,0.09514081085509775,0.1412366633443207,0.09739668568486001,0.07460671178499134,0.12613992769650256,-0.01692691834679609,0.1700600240599747,0.22025436218506345,0.024037259204609956,0.11897484314731749,-0.03638921560410278,0.02830975976782587,0.0786203729755251,0.14609376000001678,0.13576039771191376,0.005795265458126321,0.026263983196692008,-0.00497198217497648,-0.02274273534483883,-0.07620992590480642,-0.05225265368118078,0.03986085081667547,-0.041256362506136575
Cancer,-0.02291705245856718,0.061893027648558134,-0.0017008766500437636,-0.013534455776763987,0.05128529794913118,-0.06493552103038872,-0.01632299884256326,-0.03837190731777785,0.03446364936574151,0.030834332001759206,0.01016506469969871,0.028715615927588985,-0.015371662409564222,-0.019790869333675045,-0.06420935898417345,0.06129056711785731,0.11855724601494481,-0.015316778564561685,0.03428628634612967,0.0229816479526972,0.006068204359167368,0.1282925074200016,0.08921488904648826,0.09117151567815102,0.09449121142721104,-0.060417567450195254,-0.04141704892760022,-0.06303747944084359,0.019710841849035942,0.0723892085256524,-0.10724353750564587,0.012810132421722917,0.002193446368325577,0.03726075410674298,-0.13486998059467006,0.05503740653116116,-0.08215015198395763,0.051999772827674234,-0.10932073621280443,0.011015319077770083,-0.02921901057755268,-0.08217605981506099,-0.08824363727715151,0.032384854144108494,0.05276365450113958,0.000783789798583248,0.00594806859808116,-0.07579764496074166,-0.016858625721364633,0.030353059710186196,-0.03412342734498502,0.0031959664422391695,-0.0908255179224202,-0.06600085732763979,0.01365899660824623,0.009389928308843196,0.003391523738127417,-0.012549449597029253,0.015340218750326024,0.1022169751457009,-0.05059950932184921,0.04469391173346175,0.0397420528792244,0.01742869282574286,0.00868795425269628,0.04306075772805945,0.15608726904004697,0.07290902601487564,0.11774556469852387,-0.06618508516978372,-0.08667174557988891,-0.013416950382285565,0.04658053237030873,0.09537859085864485,1.0,0.21280372777148096,0.015609165311864008,0.057462423335277374,0.013074568424879031,0.002259636899780269,0.00920278707909434,-0.010618727359352815,-0.005438316795118967,0.23860712420166355,0.013046318443454065,0.017683716640372306,0.02609256457893654,0.10896202528575646,0.04101855211548898,0.04532019477041817,0.028404396823532307,-0.06654821518926018,0.07456355412331354,0.05336622984970049,0.06085865995924139,0.009702855443309318,0.08636320767667457,0.06108393634658254,0.004477404271490148,0.08946591541344831,0.06594894847373524,0.06235309626910653,-0.08911495984954525,-0.030074772261908814,0.08606521014091567,0.007411141228244483,-0.021469988401492175,0.010145878184204898
Cataracts (1+ eyes),-0.0784318872780012,0.13338268762608843,0.050102771095882535,-0.0658876229520238,0.15238434045160237,-0.134918781342549,-0.04827495383095641,-0.1255940482288641,0.0404582322277169,0.009016329513671784,-0.03667657249965078,0.09808294542270614,-0.10473925908599713,-0.06961117028157975,-0.0838304539939847,0.13027720856421826,0.05432739004628638,-0.05143960543216888,0.03754158168440578,-0.11334754343182299,0.0563843702780901,0.22488423066754218,0.10201586121064377,-0.010279523592756908,0.0706757366939868,-0.0325845792806138,-0.019447141433908712,-0.03669565806096642,-0.009900704594100168,0.16477194138545975,-0.08722842488254341,0.17213739915536855,0.004840567785546095,0.021438187935999393,-0.13122891118102786,0.08761711014234548,-0.14288209927959813,-0.025918081671726594,-0.08146660250242133,0.0869139308027415,0.06464749999947117,0.008436265979213169,0.01768913514292033,0.09100602988866689,0.020617836577974162,0.001877002564829197,0.1330891582967046,0.03076638732805726,0.0237269124760562,-0.12595463318114855,0.06276520860499796,0.07147106894883849,0.014104568393058122,0.09793636134488766,0.0021072711663539137,0.07442051900430204,-0.09936065385270872,-0.11078341501890326,-0.08152959422610627,0.007097875324242969,0.009222477213587963,-0.11260225927928558,-0.00869536783152286,-0.03713329003391444,-0.001537913365111035,0.08082929682504869,0.04936131502836553,0.05821470448906386,0.08584468426013457,0.01760049413476079,-0.12312271843853011,0.02856561113806465,0.1616082286955682,0.16214661459905624,0.21280372777148096,1.0,0.09957426846172024,0.07975175440166112,0.22577122165773317,0.09630988754442206,-0.07138853497376488,0.15124890672449262,0.132303545996546,0.17489583416945645,0.0988000573091685,0.16965236917092416,0.20815631398183282,0.1134222433247481,0.014174568196170705,0.1186561995174833,0.059055580105790435,-0.023663282477315212,0.22244089895532568,0.1359020363615728,0.05531259577841931,0.02844799404236507,-0.003250041792880678,0.09488103256514667,0.17658432578413413,0.1713706427306092,0.09545965271293398,0.049623763010914715,-0.04400362301022541,-0.1041559837318556,-0.07002579359433783,-0.057381439793375406,-0.10171823038880998,-0.07435497218074821
Chronic pullmonary problems,0.05437880183315053,-0.0315042363112083,0.10010596193060071,0.04139297320158078,-0.0014313591275925846,-0.03946333871483609,0.07721667836385179,-0.030959526023980544,-0.0014309606022992955,0.042692655991316796,-0.028507362550241562,-0.008561151784577123,-0.0008341518248619329,-0.040344639014198644,-0.06867895195257989,0.057624146561437106,-0.11006601998759255,-0.09726698226349706,-0.07118677914278174,-0.1683537061298757,-0.00831734049962988,-0.011182147662974514,-0.04420958442601316,-0.03904075751100699,-0.018724806257241735,0.10756883964791164,-0.10798635965443777,0.04812747799384983,-0.062435044058497056,0.05156403873375909,0.07931817131072959,-0.04456323730208938,0.03280542312357823,0.01370135494733599,-0.04381466322775603,-0.04917931435336752,-0.026432342255554568,-0.03552886962742509,-0.024539791290581196,0.013618229103815258,0.07482611974891931,0.04794457521507489,-0.013209824155526783,0.026607098883494773,-0.0076653689010697705,-0.019346681056176786,0.0013775274411105623,-0.023507416429697656,0.04345629740469764,0.001634266830707033,0.0016436596678753835,0.003926228178782796,0.020667656768129025,0.06317990646448286,-0.03380248467040389,0.015444603127634965,-0.01288020876200348,-0.07787941288600041,0.005863021749403313,-0.0019820124711732983,0.03648432370204713,0.0544114489355507,0.02139370485023091,-0.00269056725129021,0.032546468494002584,0.01423931152730779,-0.0008438060555058147,0.03640224440523018,0.09759136287073589,0.02117264438766113,-0.054944520020040626,-0.02072989529269549,-0.028946435481545445,0.1438359701976434,0.015609165311864008,0.09957426846172024,1.0,0.09008174941358028,0.021684953210918782,0.08197970670271165,-0.08165669238911691,0.02065111035190419,0.05355845332732369,0.05698624541386259,0.052457900094941785,0.01222067797777745,0.10219255074011592,0.12669670880732556,0.05714989535187045,0.07306951743074877,-0.030411978803542215,0.08383899021814709,0.15339466440479604,-0.013586968809555539,-0.020018005193943502,-0.03443394740445982,0.030955318011577596,0.09939686089323556,-0.030668726824997567,0.05961111744449002,0.09835580258865853,-0.09856611411232108,0.01971858568959615,-0.05703114110791371,-0.015474875468857558,-0.001177337348946712,0.005853225524703913,0.011750219922645046
Circulation problems,0.04474507637179935,0.00592537397662131,0.07093658966989458,0.0564074065153679,0.01837836806328103,-0.03397613884786001,0.060433923806837715,-0.013701282240902406,0.003781864898317084,0.03534535026986133,-0.02849110276080929,0.03915747717127468,-0.013836835564919622,-0.030668473981092938,-0.04215389284913122,0.043262856957405185,-0.05173313637804298,-0.05276022887282162,-0.04940394186391656,-0.11809432540902307,0.036179018461340126,0.15052059352741465,-0.0021457029148494425,-0.06661664168373987,0.14688570765135703,0.039998880003525326,-0.056173157743582225,-0.08374702276328402,0.06728516819296634,0.16544860797694516,0.03090736698183762,0.016237642471375806,-0.026065519373316658,0.07552014381908481,-0.06904901740774468,0.0072673334134312475,-0.04053920583753546,0.021411852996419324,-0.061966592467052835,0.008755465815314667,0.027571270181775284,-0.01186374567439915,0.10315134016048248,0.07232335777734067,-0.029741260255861497,-0.020106388623412613,-0.021987330518629115,-0.021949517001075548,0.03171047840825523,-0.08482564950220843,-0.05596785512258889,0.024018200670712933,0.07827416164940348,0.0785632477280167,-0.047496993744747085,0.04946747453171549,-0.03910368570888944,-0.04339275045942837,-0.035157023022092886,-0.033778821787781875,-0.030093421195037977,0.023541981771285282,0.030881289289243677,-0.011311035188673766,0.042622724207350055,-0.0003193080667273549,0.027040154469853087,0.007888661151892054,0.08264241889410019,0.015759720467093542,-0.04948429067087304,-0.029506928614734067,0.026381408814631063,0.10077351805928143,0.057462423335277374,0.07975175440166112,0.09008174941358028,1.0,0.11062260975033116,0.003520187691584528,-0.03899753936503595,0.018595248016807082,0.023225593845625947,-0.0239632641420489,0.0732040505802774,0.027647193547335965,0.0468910134258631,0.06956224309242957,0.07695005288589594,-0.0029225489615732985,-0.020608171239479108,0.12100315682863726,0.09439234175462241,0.08942951857146077,0.13841773323426104,0.07908949673199496,0.0743409348768668,0.09422408914096692,0.08359145443075963,0.05383960993024111,0.015546050580156357,0.05761693768807837,-0.03781959972704338,-0.023535719482264073,-0.1528099328780226,-0.07391812624521238,0.021995676110476335,-0.0609989109481266
Diabetic retinopathy (1+),0.11093645374770875,0.18440369687448588,0.03967193326148464,0.06278789859937924,0.28167192448210016,-0.03187611223812269,0.13199259021902765,-0.031538021761357185,-0.0055263835757388404,-0.00988735903226369,-0.038975967191821725,0.09829526310457495,0.010375647278237816,-0.037814794492930064,-0.07749521568966437,0.05825575040999352,-0.07194453480840984,-0.07328891567474959,-0.05226933902424252,-0.11048231210569771,0.11950032764621887,0.19759808881509658,0.0014866034890133435,-0.045526114013874075,-0.06656893068578673,0.13099373793904479,-0.06076897861188623,-0.10006997071595083,-0.03346162909028638,0.17314723087682196,0.05001236954780932,0.26360473949957597,-0.12608094717871368,-0.024711678577791992,-0.14985002288371854,0.08760469981639378,-0.019160999364075,-0.08202531276360679,-0.17248903093218407,-0.01458720103230369,0.04091114673746254,0.015070927475835279,-0.023385273238568743,0.10597893240407642,0.09203358037402955,0.014964254813917862,0.11635740261991298,0.009668528807188497,0.07380097219078847,-0.12259739974271897,0.029259942807260006,0.0973252435404213,0.08243880451066622,0.022784080908379474,-0.002580679219766374,0.02858091058353878,-0.11244034001922841,-0.06135900112564125,-0.0828902931647032,-0.050078541691765156,-0.1567338905170361,-0.12098065153523531,-0.06207095519354961,-0.042117357882651675,0.1596523044381151,0.04452070034835613,0.07814677402587987,-0.09950569394210353,0.09334210732624464,0.05514344153591427,-0.054593751158266667,-0.0347626989271306,0.15632905443151796,0.007768621694193498,0.013074568424879031,0.22577122165773317,0.021684953210918782,0.11062260975033116,1.0,0.005161754214450325,0.00028535366294083874,-0.02385699611610531,0.16726925722007693,-0.05552417441303287,0.16013026107792347,0.019802363149689202,0.14994448044189812,0.14757279452856906,-0.05035441551260396,-0.03977781820340137,0.11385496207971744,0.02886132207066923,0.054252007760074994,0.08195376627568941,-0.033979340542446786,-0.018193184564180082,-0.015741789036820858,0.031902438421540356,0.2577067116696612,0.01899006312970102,0.07180038736340766,0.08316494138960664,-0.08059505545487551,-0.0633212214811359,-0.08951246919778684,-0.02313765247444051,-0.10022914979582032,-0.022231383533990012
Digestive problems,-0.028513588269114345,-0.018815944991248928,0.03834636265745492,-0.039433748812096395,0.024399707700019316,-0.01716227036046628,-0.02182301894569982,-0.027413936114518946,0.03268950562925856,0.05144552107854411,0.0016402815151921768,0.019265893361542906,-0.041257260826986886,-0.01662371969920287,-0.018798612112400494,0.03933936427309233,-0.009138464390483427,0.023869318334258195,0.02866924776360265,-0.07630394539906159,0.12797997644886536,-0.007878888430667972,-0.07900176337791943,0.00518234905261391,-0.03243283875893574,0.0337736046700167,-0.019338881410242488,0.044360914125960264,-0.032586043228213346,0.06878773152493355,-0.016594471869001703,-0.0396918251173931,0.0271063936224407,-0.021359338753329116,0.024670675071391236,0.048242841284110584,-0.05871628377372789,-0.022024992419779243,0.03465821378825874,0.0027227933366566694,-0.01680171555764896,0.02797017739863263,-0.020649718840782066,0.0012799555305292064,0.01387563937999713,-0.009785106653850047,-0.041291324926840456,-0.03777189984383403,0.05803588517481967,-0.025164828019459125,-0.009741546132114559,-0.009265129107557193,-0.00995727453601746,-0.004098649340911747,-0.06196014817768258,-0.02963424871068111,-0.01834567122322472,0.03546135945872971,0.049982181638765104,-0.02444216109860749,0.006142403544901576,-0.002882597571288786,0.024370475352945835,-0.06488802130440859,-0.01971531486074597,-0.002291870429875072,0.009608393036174237,0.017916057183174464,0.004680348767272112,-0.0053373452169076544,0.0020796710674347843,0.019470402372992756,0.04626196819561591,0.10124266603591497,0.002259636899780269,0.09630988754442206,0.08197970670271165,0.003520187691584528,0.005161754214450325,1.0,0.06541959189974787,0.16881721732205976,0.010169829480893724,0.09293627277517781,-0.03870579465237198,0.019147703011567343,-0.042959197723080544,0.10693407445968163,0.11941217976479565,0.060352565720250384,-0.0420853912405669,0.040106689838904974,0.11202268116652139,0.03570383756641792,0.17239764212263334,-0.03535627383380505,0.008414616155497316,0.06121037897076005,-0.00022743302254665058,0.16810038689252405,-0.0423604703398849,0.019646324322171057,0.020051433847869934,0.011668802671537842,-0.03618753068230098,0.05427975833802377,0.03619797535472763,0.029442216402724146
Marijuana user,0.008764388353435418,-0.11012351832064458,0.04502870595114072,-0.028206679486814414,-0.09666512012538468,0.06817088837059182,-0.010779788732724565,0.04070668611075113,-0.007297687620873523,-0.0034566028362929607,-0.01841396728027056,0.000500580481166572,0.015232638231397607,0.06857632908256057,0.04376225238219859,-0.04714570412628826,0.10083384533948588,0.015339021022666485,-0.0069275780040187005,0.061934084830751954,0.022161312018452194,-0.010814411254171602,-0.043537812507061756,-0.017117933439803088,0.012983490909583695,-0.040173942478458104,0.025775205643189927,-0.02986981118590932,0.10023865312968912,-0.011721691437142533,-0.08964546495604009,-0.012088601613951713,0.014932988483677656,-0.013891811759799028,0.014312454826419099,0.08547089627430622,-0.044058144564628,0.028617822596112934,0.038017436688025555,0.04708256257705373,-0.02836100640005739,-0.001308885295677217,-0.06276148468937298,-0.0031396471527842394,0.029664596414846832,-0.028606427541829127,0.047565716907907375,-0.061524885257625415,0.06298382124023023,0.005413366517399902,-0.08661109454170203,-0.016039710501663806,-0.001697710406515729,-0.03465154879766257,0.11228252308792902,-0.02194600232977607,0.031494432526577174,0.04788226683995332,0.06551020741599028,0.049263857961339905,-0.10252233380830007,0.030174142287464505,0.09039700715671022,-0.008092915003050654,-0.020318322694774526,-0.01946004038046421,-0.056344766449425675,-0.024582059373653643,-0.06355974044511864,-0.020996702109869116,-0.02341407162025824,0.07192184239249926,0.029954300949221108,0.013920604296869631,0.00920278707909434,-0.07138853497376488,-0.08165669238911691,-0.03899753936503595,0.00028535366294083874,0.06541959189974787,1.0,0.01452038672556036,-0.019472861340101875,-0.027148204460480406,-0.01883649917876195,-0.02763709348895338,-0.04436484095339587,-0.02998177148916416,-0.0563025138108789,0.01291390207732865,0.05781855303949465,-0.03388388942478519,0.005967572726834784,0.046871065123314834,0.03436678360941309,-0.027095396056942375,-0.023444494123215535,-0.014930567345677829,-0.09706397109367793,-0.01838578923263502,-0.006120027898756428,-0.0420716966258633,0.11972732709612972,-0.09057369717182927,0.0485221646838229,-0.0191746143473984,0.038477174895066836,-0.08821705793884425
Dry eye (1+),0.0124489427490364,0.04190389159973467,-0.054810265148178015,0.06442883473510702,0.060643144630074614,-0.003195791599390193,0.027978566690884648,-0.012213873211745597,0.01853721862347953,0.042912250137865156,0.025339272921053743,-0.022535611327292787,-0.0025140438660867888,-0.032887428771674616,-0.026762682653836023,0.024510035645558727,-0.00012841591236180145,-0.010075619591956679,0.013919918048888796,0.017346094558703836,0.09653803286278516,-0.0328174497403096,0.05653391578913758,-0.05591031417532668,-0.04933461326665008,-0.037379089805071014,0.09786764990822411,0.03608941077185599,-0.06148862680447051,-0.04685143066320744,0.006046981894045401,0.020020851618167017,0.11653066554822031,-0.018506375662573495,0.08529822481257655,-0.025049402087864728,0.01537106223758717,-0.0050738558002450885,0.10340755184599501,-0.03704920250734805,-0.02800865402003018,-0.006680749579626056,0.02835150917179333,-0.012997424030288505,0.08005660497425651,-0.009258462444984251,0.062296166589416974,0.014937637960459335,-0.001665538508532114,-0.029572507190969603,0.04152679917513705,0.051786987510858404,0.06743789518912946,-0.010476809960997369,0.018395858167795067,0.009090109243756354,-0.0017662019262018752,-0.025174400863228395,-0.008816580138466775,-0.019450640089244835,0.004177914813176374,-0.0500136497707021,-0.009375720794393638,-0.0757552080364782,0.011590200482663578,-0.00910044816836656,0.004354308188640775,0.040375656542747496,0.07787588875213086,-0.014836314994431606,-0.03294632174132923,0.033676296227833795,0.10098035718818428,0.1147438727430601,-0.010618727359352815,0.15124890672449262,0.02065111035190419,0.018595248016807082,-0.02385699611610531,0.16881721732205976,0.01452038672556036,1.0,0.0826657567522429,0.06737465117968908,-0.00686592711231944,0.021360226359047885,-0.0008223705530208453,-0.0009778240830325296,0.08767106458135741,0.09596093919208291,-0.005423227410114303,0.042681270981925375,0.12314215650202165,0.01094726639169092,0.11446280338698483,-0.012966092733137119,-0.05408471317738665,0.02605460111342491,0.09048400195199215,0.11428944680189135,0.001536297447470766,0.016679096790181654,0.07992193999334991,-0.10356696225699653,-0.020412688622507717,0.034425389679335235,-0.041939597279307225,-0.0023827967451022338
Glaucoma (1+),0.031452820899690974,0.07977125562315804,0.035206725793888935,0.06340846789930453,0.1097434093270469,-0.03532967660702849,0.04569737075968207,-0.02592640775417822,0.024171498340441338,0.045712784179253084,0.025694925363526036,0.04708862501050242,-0.021196761322244295,-0.01881928237696219,-0.049444090941193425,0.05272259406317467,-0.045070768884655214,-0.053102121359597965,-0.04709959366190743,-0.03867469019043785,0.11613379637257144,0.022314348686580648,0.018902708485306546,-0.07522853492925168,0.0036062644679326693,0.028916417878038742,0.011695428397153953,0.05333601494981402,0.007020095878452449,0.011521999808008351,0.040257984094359364,0.08897635416900551,0.01166094568873601,0.05580322608091408,-0.014521934463255391,0.02737548304782169,0.013528784527742446,0.08239434630912057,-0.020701985514645006,-0.036041719013852766,-0.011382541950985516,-0.0064180925575003525,0.0011658168976800786,0.029235304294071476,-0.03225305144787416,0.041371316942299785,0.018517845490580366,0.01891729638663396,0.015371372339821865,-0.07705123989616205,0.03381315561497953,-0.014649467664982957,0.029565796404024444,0.07169972677291946,-0.0565250965208495,0.08462660038456421,-0.05897098209556348,-0.05046816814083798,-0.025538830846842282,-0.09712785728180831,-0.09339930961688853,-0.10653788584545934,-0.023800703012516827,-0.07365955365770702,0.056575338342411595,0.0030082221032072002,-0.025356663000219198,-0.06715831282548128,-0.00637920795065183,0.029991423978264462,-0.06931371169201861,-0.031373376367512265,0.13925604351659396,0.05158000320704344,-0.005438316795118967,0.132303545996546,0.05355845332732369,0.023225593845625947,0.16726925722007693,0.010169829480893724,-0.019472861340101875,0.0826657567522429,1.0,0.013891172079574361,0.03171535999589058,0.036796361261521124,0.03152743783817805,0.039284991127510854,-0.06897313317810462,0.039036241048820836,-0.023082310653424757,0.012604223911440365,0.13101260723377228,0.026266589536266347,0.09931253630530831,-0.026134934400284866,0.07405477920215067,0.0885483688315108,0.10931638224927256,0.01866719529359553,0.04369426677123001,0.027606808247517146,-0.03367065617255678,-0.03674001689430631,-0.021007624178985055,0.012741770154368563,0.006482294178934783,-0.05394353750878823
Hearing impairment,-0.09709626972761665,0.05205722876623093,0.05363891347708149,-0.09204967248255612,0.0764749300185649,-0.10549254661703228,-0.08673903066305248,-0.09305959893845436,0.022599945274315414,0.01088856361487156,0.0047681670122657815,0.001846000596605416,-0.07786011618095472,-0.0469810470653199,-0.04124131814315293,0.07965907503643793,0.14173534903106325,-0.021758104248237434,0.0240116544756597,-0.03986365695992731,0.014826908779820196,0.19369292046225475,0.09512395794193322,0.13781425198073258,0.08759158388927671,-0.07203290357619695,-0.0689849421647259,-0.01741278725830677,-0.004278467608980339,0.1559709705273634,-0.15486623892521126,0.020727772047936566,-0.005471945377547954,0.015804502150183326,-0.13146206321859946,0.14544683023718505,-0.16071181382482724,0.010275366622654122,-0.09745804557147915,0.041976576229382154,-0.021089116813366074,-0.061561477358402596,-0.08325212789861546,0.09109890069542216,0.01637134912681839,-0.004951109651049498,0.06513956003868791,-0.025841018735728406,0.010634763001071388,-0.06998117819956522,-0.005344182740222598,0.020280029305628222,-0.048305210944459956,-0.0586369878164799,0.05115214274984052,-0.023942592383659148,-0.11688726044537955,-0.09065793470119665,-0.12107077764645317,-0.013619443577657512,-0.07642580250536445,-0.05399327744443368,-0.007858893893688169,0.030289884645593235,-0.008079091317656883,0.05978493073891464,0.08941436575256975,0.07311228338189586,0.07996960172674326,-0.04053269243265351,-0.06609522250443979,-0.019137711643638627,0.0821178701059868,0.1317781087294405,0.23860712420166355,0.17489583416945645,0.05698624541386259,-0.0239632641420489,-0.05552417441303287,0.09293627277517781,-0.027148204460480406,0.06737465117968908,0.013891172079574361,1.0,0.053718664329472754,-0.03496405597568479,0.020276314538978997,0.10075547950081479,0.04227680466119791,0.24722020323475227,-0.030657625576931025,-0.04880994546656532,0.04870807397711278,0.11653805148680361,0.13182848761053428,0.08496019177666625,0.030367721023347692,0.1221079158129305,0.030997757102883237,0.14676984994935915,0.018256060083945674,0.023282563339696593,-0.015772413138098604,-0.02304882083586169,-0.0007601383570067968,-0.025500997249175022,-0.0397568612888231,-0.014581387918857248
Heart attack,-0.04958143863184111,0.05721450272848658,0.0959307791068849,-0.05405077715121095,0.10769155810539657,-0.08378503435450896,-0.030390368619911696,-0.080535867196071,0.014238008024867868,-0.03177268706740738,-0.05435802400381021,0.04587807197064423,-0.041701236245962205,-0.03945581418631533,-0.07333464722856381,0.08455855819559266,-0.044702135171567646,-0.01267808594488451,-0.01340497716142436,-0.08534410164255248,0.08043328841541007,0.1612484060041311,-0.026195666378844212,0.021096939236545667,0.12271985775393568,0.1268577954456273,-0.013253548841875835,-0.0669576145002757,0.011070087867982815,0.1689653760429476,0.008333324128410884,0.04166124244784032,-0.15386849736076993,0.009709127195083185,-0.1675309814299094,0.01572145269883871,-0.04175167302870675,0.02285430960311733,-0.19013755319181216,0.010244507304263021,0.012091919721376802,0.10504128521821472,0.024001075317256974,0.09124969518568843,-0.035857252624043115,-0.01241694359777261,0.07128005851555218,0.1163570023546158,0.04448422079650982,-0.08143493229888221,-0.015775193858281588,0.11073732910023064,0.02623351431329125,0.033845719810034286,-0.01535120708056118,0.11925087204922474,-0.057689811741958155,-0.07375214467827539,-0.06937526346469199,-0.06217669650565412,-0.03507477123933958,-0.03606939318616931,-0.02597209782382079,0.02865155063865946,0.014186482597178513,0.03921405328057299,0.07976934699205072,0.03813190865340417,0.07348610197995316,-0.03519287827944768,-0.11138295769871724,0.09219595235830814,0.007203315652707177,0.014061785789868128,0.013046318443454065,0.0988000573091685,0.052457900094941785,0.0732040505802774,0.16013026107792347,-0.03870579465237198,-0.01883649917876195,-0.00686592711231944,0.03171535999589058,0.053718664329472754,1.0,0.11964380366899094,0.17671834283267604,0.13831613442160784,0.0300400571603717,0.0366033622777601,-0.017161899432370648,0.07657235633468684,-0.008366513554052218,0.34229657835858085,-0.00879102665885404,0.07681402749051326,-0.01681329557824514,0.11596275363832059,0.18010241854141085,0.050643744677576534,0.11152428525036319,0.02579468557801923,-0.04206963611033723,-0.10574915174416794,-0.10680781665610058,-0.01894057451841684,-0.03550703020180873,-0.02666672265743455
High blood cholesterol,0.06234341011456351,0.12847483828258663,0.11080697504343813,0.07875366932496738,0.12945746727002203,-0.040276578351304194,0.08724082385544596,-0.0334686932717654,-0.020934925853536193,0.02318059634937796,-0.04050966120461337,0.025141067042065136,7.016310779246674e-05,-0.040180139300933115,-0.04636844498099883,0.039181094304138644,-0.005218456841244313,0.052593244971641674,0.024139297502806727,-0.0271190109158457,0.05915036581463841,0.08396452826110548,0.0024084113631613596,0.010279649601726327,0.09232249163188155,0.016319522981893236,0.04139624041112477,-0.037448365022324986,-0.030356283152333276,0.09656727538197629,-0.0009440192068863448,0.06599942206721315,-0.17685362831141946,0.050447660144575905,-0.0332214564479504,-0.04570050143415834,-0.01646201517324578,0.0014538139511255524,-0.04323491821519684,0.13979301481530487,0.04490295829165887,-0.026141438700086353,-0.025760575537041978,0.009244483237001468,-0.008289202183444295,-0.051982546590990185,-0.03575397384180813,0.02053380499600281,-0.014525437386250782,-0.08853075950718292,-0.021778638375733236,-0.010941280967790472,0.03074913202440451,0.03111749911461679,-0.07937710232217143,0.03043534159793902,-0.07555304062364614,-0.053744025262625866,0.01866304624567865,0.001262474259292606,-0.03071646111366434,-0.0748858426543404,0.025898830930724155,-0.0915865467459848,0.09565440035598563,0.0877958249295809,-0.0027405446053970603,-0.09838430175260171,0.023573747785155686,-0.02524874733618155,-0.009110367862881306,-0.04406090709949264,-0.046299677155892095,0.09514081085509775,0.017683716640372306,0.16965236917092416,0.01222067797777745,0.027647193547335965,0.019802363149689202,0.019147703011567343,-0.02763709348895338,0.021360226359047885,0.036796361261521124,-0.03496405597568479,0.11964380366899094,1.0,0.3077676310637755,0.05453280995941078,0.018059848681405328,0.006137093616025686,0.018831115245881744,0.13576623808044797,0.07444710623025028,0.14237611181790918,0.028575284216432288,-0.0075551968962516754,0.07097348979100082,0.07927634312152636,0.19912091076823946,0.01726082012415831,0.05372642767723597,-0.005801697099809887,-0.029904181631411692,-0.025451605401821446,-0.07794957528834082,0.006224472208677137,0.0452147015156795,-0.02331678168870853
High blood pressure,0.05821578810124251,0.21012777413531983,0.14640353938481332,0.08908106104382273,0.24705626374943926,-0.06340606308246627,0.09046461152240157,-0.0406648650946561,-0.022749187513295077,0.017688604481010207,-0.16951118666687753,0.10866904920870497,0.0427161494865299,-0.11377624692206938,-0.11976382143681834,0.07753508822419704,-0.06581571923329897,0.0789055301370623,0.02891725840393962,-0.05416251993653609,0.059300096786512074,0.21923195856807012,-0.029261328165742846,-0.0295938632340026,0.1301297215685426,0.1079694394378039,0.008718058895274246,-0.06577873989116823,-0.11183090935306476,0.24668871335283377,0.061894003784715684,0.10078129146201692,-0.16696930325720355,0.09678593523092408,-0.2606865453634756,-0.10054665950388832,0.023851197003635822,-0.04874867411014784,-0.26600123977052476,0.03788815681604289,0.09487140615520591,0.08091295593942543,0.03359910964665218,0.15709159603963163,0.04024234619534201,0.03231964952019961,-0.028499948270367753,0.04433569346657922,0.045854334892981984,-0.1788442574229123,-0.0018761196289565935,-0.0244430313209946,0.09492251099956008,0.09616624199836973,-0.09429045995748121,0.011969971688438675,-0.1715545603313711,-0.11141362040533463,-0.04657348398166673,-0.07049243274792569,-0.00011529609468425467,-0.1142562160293703,0.010952776429329871,-0.06686388037014533,0.11571626350223993,0.12194551848516706,0.1026313432938173,-0.020767462146198942,0.12024380268695728,-0.06061522966176576,-0.15392968924278674,-0.07492628676260589,0.029890874722076462,0.1412366633443207,0.02609256457893654,0.20815631398183282,0.10219255074011592,0.0468910134258631,0.14994448044189812,-0.042959197723080544,-0.04436484095339587,-0.0008223705530208453,0.03152743783817805,0.020276314538978997,0.17671834283267604,0.3077676310637755,1.0,0.16016484954999682,-0.053789821228429506,0.0851128956429531,0.06943591730129735,0.20370242187842882,0.058860282893051244,0.07895299550498852,-0.012530200589894548,0.0786187817563127,0.013199877280079453,0.14842327234643352,0.3251966224667657,0.06672466321660404,0.1349262068549793,-0.04851200044534399,-0.09597478666876799,-0.013217703520714667,-0.12236092960627004,-0.034431882731349804,-0.045277326535277496,-0.06866649202300262
Kidney problems,0.005781897889667303,0.14078549026561651,0.07976908504846518,0.021452489503146325,0.22657659708782665,-0.07553027661171821,0.025380937454676965,-0.0634954876858884,0.019982382066531898,0.00951861858452568,-0.07914932997125618,0.1033334903424885,0.0017341823764758543,-0.05233652157440599,-0.11190851427403221,0.09154273754165557,-0.09012502418115702,0.014798113183527917,-0.009932355869386707,-0.18056618141151481,0.06832059739915632,0.39072379702331117,-0.05632522408288654,-0.03693824285336966,0.09721570480198358,0.14877590276093758,-0.10750566643659729,-0.16401868271177442,0.0861851639972441,0.48847501790592096,0.03217457414868751,0.052769374908139155,-0.09998221014436268,0.07189792582961363,-0.16074318121332556,0.12077433536084409,-0.07539999717888236,0.011396976379801235,-0.16320314688112145,0.030004163579376856,0.20609058208498754,0.06599068687053894,-0.10431174170840611,0.08804734265301677,-0.035726747328892104,-0.05747062309810102,-0.00034889756857848397,-0.0483181703281486,0.015071624940467696,-0.09368589063291587,-0.0390093623301797,-0.020727247923249866,-0.05282484253872666,-0.0005104678364359367,-0.030459685208790152,-0.035445862171946604,-0.0972546361823437,0.004389251454967865,-0.036708890050909514,0.022428515550719525,-0.026639893481632926,-0.057751839398823335,-0.013841204200106266,-0.00603180889592583,0.04950505097759432,0.025648587837077977,0.09937516952202063,-0.023044677800694625,0.013711823430535093,-0.03294393375238834,-0.06765370484341922,-0.016320163890152457,0.07368769238918274,0.09739668568486001,0.10896202528575646,0.1134222433247481,0.12669670880732556,0.06956224309242957,0.14757279452856906,0.10693407445968163,-0.02998177148916416,-0.0009778240830325296,0.039284991127510854,0.10075547950081479,0.13831613442160784,0.05453280995941078,0.16016484954999682,1.0,0.0713913151066506,-0.006982836363134181,0.05511064479609314,0.04325069445736182,-0.022290422187912357,0.11416169990682455,-0.0037851446646234264,0.041951368829253446,0.04800010158563561,0.1276035556079474,0.23168024218178584,0.10158844820570744,0.04436791492576984,0.0714765696966472,-0.06794782841455184,-0.03548875281650978,-0.05919417491478204,-0.0009460142772398653,-0.08366551038746953,-0.04114830505852053
Low blood pressure,-0.030293800708956795,0.018028090647063677,-0.038047546325932255,0.006723971868162631,0.0017567084897509692,-0.04050286511695246,-0.02497102529464222,-0.032519278846698814,0.044812441070466565,0.0037458110400713134,0.03704206396051388,-0.043662528128977036,-0.02253961854884636,-0.02709999408981061,-0.025823963113587502,0.03487220029113454,0.06124374969599883,-0.022359046059025976,0.010130027573911574,0.022927449877873603,-0.0201857368946913,0.024231450703884036,-0.0018032185738768066,0.040141137461917026,0.006601768379002929,-0.04253090011321848,0.006381539025764491,-0.0060611229077158855,0.0015431772861766023,0.06636093388523512,-0.051832891172068345,-0.010898186001866032,0.0903975943583458,-0.02756178816653207,-0.009746113709365234,0.09241095376061453,-0.032895682906786315,0.023248785520851974,0.016019146165231105,-0.027167442491219464,-0.009537513960180629,-0.013757657633151565,0.04331148188353881,-0.06995513560243029,-0.00680529577827872,0.1407520105746639,-0.038082679111432996,-0.024557964330419842,0.010597075756297335,0.05019161625411377,0.08186503809112068,-0.06262334883810967,0.009628456624071014,-0.011043097161690232,-0.05705403107567835,-0.04221980553652865,0.08647831536085433,0.0003419047750128111,0.0334671964937257,0.02636368673428841,0.007856853267985265,0.0393269721973115,-0.022936337734980643,0.02342161410822508,-0.00692497018261275,0.015093287978551792,0.08383424756078163,0.05941732156280804,0.06801773858593242,0.04821160447393924,-0.08728436020384271,0.0942039609057602,0.039450336757403136,0.07460671178499134,0.04101855211548898,0.014174568196170705,0.05714989535187045,0.07695005288589594,-0.05035441551260396,0.11941217976479565,-0.0563025138108789,0.08767106458135741,-0.06897313317810462,0.04227680466119791,0.0300400571603717,0.018059848681405328,-0.053789821228429506,0.0713913151066506,1.0,0.03611778812236286,-0.018907977771774,0.02769221139884939,0.09834601823532635,0.06677895410038776,0.1145251115578542,-0.021408548135714457,-0.018523906419361438,0.09610763148142074,-0.01648312787621623,0.11717340517261797,0.0678983938065591,0.004589612294576399,-0.01868798177092041,-0.06295918529429946,-0.014619833025500831,0.022691790679236986,0.03966237275873408,0.09943722195494943
Mild cognitive impairmen,-0.0371463379768476,0.00564623438356228,0.001725451481685579,-0.01620854147497675,0.02055568049228463,-0.047629760688459026,-0.025608909747991286,-0.04495854863432248,0.0759331707354203,-0.006667270704418921,-0.01629131497483824,0.02018019415695569,-0.03195362727443994,-0.0320131928051699,-0.06341834017488955,0.07065775225431688,-0.023657237236424038,-0.022934765247417197,0.01774337308848788,-0.05080710881659064,0.018907061417983546,0.06060460832411082,0.07741096007645773,-0.04488918747465984,0.06812074010382316,0.005485717719937899,-0.024744941922324112,0.03226660817323968,-0.08351952732947295,0.0726798120747125,0.0033513286174654366,0.02428968069665041,0.05376158033290109,0.07639474100674383,0.02914621421904828,-0.009175090609029091,-0.026287376951299145,-0.048534168496930534,0.03516298432426916,-0.027769351583784862,0.003584038593159827,-0.005026956590808506,0.01765745912429146,0.05377227522885622,0.015280809917685947,0.0009299506763398108,0.031124820723699296,-0.022513405461931334,0.07865667260443333,-0.0741307216507073,0.1283072100403481,0.006790446302413558,0.05296842422397672,-0.0087934170357877,-0.0007882081374514174,-0.029504910967421718,-0.011804268414966087,-0.08506518787268208,0.0032127469080792904,0.03886702845598427,-0.020755046183689785,-0.022602766171363642,-0.045188467828174386,0.009782456212059237,-0.030551826266255504,-0.010580300330774124,0.0018134598908824905,0.03840041544810857,0.014257227092599675,0.02310180998796856,0.016287477206918245,0.056629858626910404,-0.0035398000422738195,0.12613992769650256,0.04532019477041817,0.1186561995174833,0.07306951743074877,-0.0029225489615732985,-0.03977781820340137,0.060352565720250384,0.01291390207732865,0.09596093919208291,0.039036241048820836,0.24722020323475227,0.0366033622777601,0.006137093616025686,0.0851128956429531,-0.006982836363134181,0.03611778812236286,1.0,0.11993614872227436,0.04964700022597926,0.1022735838439805,0.08336636740533264,0.15452987563490608,-0.015530570745369772,-0.013437942512625324,0.10688036425765823,-0.0029558699150423946,0.15282787449050803,-0.048714156966280266,0.010546056518503353,-0.005163793885570605,0.05437371326744028,-0.08384549057966006,-0.030237892615932547,0.03591066648737957,-0.12934870903424403
Multiple sclerosis,-0.02954541648314394,0.11463778858719502,-0.030487758061484804,-0.016895863793530867,0.11519249921961183,-0.02221075320781913,-0.023661073048064685,-0.028245414987320427,0.023297578926567298,-0.00028798372457166483,0.01690479432740141,-0.033715002288796626,-0.026968514621523648,-0.009626713783809032,0.012068600470332204,0.006071168421711737,0.028529165774568065,0.08019107749587094,0.1607729250710774,0.03023210106658671,-0.05290196494026653,0.0014002295709788777,-0.021049437471639742,-0.0175496938291666,0.003555650713741768,-0.02146592633382631,-0.012788936268412803,-0.07324564576039873,0.015135887598628764,0.011661043533167739,-0.025423708794092587,0.15964098653595984,-0.03745600537697969,0.06708497892532188,-0.05640447340959798,0.021975847336102017,-0.005197743487936495,0.000462760683953559,-0.05837793297085762,0.005060638489988693,-0.007610248758853358,0.005460790943192585,0.005964631994287962,0.10803246833852503,0.02406445467815626,-0.020388339094140086,0.027611129283433268,-0.025876535478668698,0.025020021864967355,-0.10697645006217953,0.08439497215391761,-0.004381856340339296,0.029662252516451854,0.05797767501933817,0.018339924915570096,-0.015069211659939696,-0.11004241139865954,0.017837771582910195,-0.09722758862112335,0.025324110819911948,0.017091187671400845,-0.04426828758523659,-0.03786405236434652,0.039287550416715694,-0.007357870078150655,0.00963732714713931,-0.027197704360859942,-0.05076193087891514,-0.07440702100093988,0.01295578101377014,0.008983899251623519,-0.021084207747080086,0.09596701807005505,-0.01692691834679609,0.028404396823532307,0.059055580105790435,-0.030411978803542215,-0.020608171239479108,0.11385496207971744,-0.0420853912405669,0.05781855303949465,-0.005423227410114303,-0.023082310653424757,-0.030657625576931025,-0.017161899432370648,0.018831115245881744,0.06943591730129735,0.05511064479609314,-0.018907977771774,0.11993614872227436,1.0,-0.006774819422794428,-0.02761811643712655,0.0421181715930297,-0.023335702429727795,-0.006273545474183616,-0.005428232150293216,-0.018013422534725793,0.04655622203166723,0.027046550728877614,-0.0014170035841304443,-0.028582578422006226,0.005284720790493763,0.019140382531982886,-0.05204459286795279,0.009389647285384672,-0.12822297489962195,-0.08573007577156175
Obesity,0.17524988605424952,0.1251221923401639,0.04713773431290395,0.17260135922387984,0.09113309803454867,-0.019581001022976472,0.20966867882873766,0.005682684393746314,-0.05200840184496276,0.058917060015601305,-0.09060319949555115,0.10178783567388351,0.07738510030271045,-0.0842937227658713,-0.16298533639757828,0.0911398986123352,-0.2110208059399761,0.11142335755368601,-0.005580887314317125,-0.19063279904569053,0.1664306023611405,-0.017298879686030607,-0.10574446406585312,-0.13326102333816955,0.22780369009239027,0.2718267573500691,-0.0011825490734645068,-0.105585962501331,-0.08294264421742777,0.044257147674854204,0.15868805502274572,0.09049775705655155,-0.22590277257480657,0.20409203760667627,-0.07743587886339187,-0.06129831139138951,0.031329958782972005,-0.08352052773136318,-0.10239698828052009,0.1286093580933074,0.063061903704947,0.1449498293724785,-0.005969017571976855,-0.018703465508371535,-0.08619386032833656,-0.06136682708699068,-0.14622953210084544,-0.06982089715036809,-0.03295471591332107,-0.011137206889551481,-0.0328904832787081,-0.11701748474526773,0.05545693460996279,0.0762213712510908,-0.2041112748041666,-0.03416944784079924,-0.01636579219776683,0.04900879583944652,0.031059015782172784,0.025298078525716538,0.030646212608478777,0.03414161160649003,0.10639163613682491,-0.04897211344853086,0.16099901163403688,0.009895078378077288,0.05093833802878539,-0.11240295720733257,0.09501141022218257,-0.13715784403336126,-0.12550748633750475,-0.17242867664294745,-0.024617838353093086,0.1700600240599747,-0.06654821518926018,-0.023663282477315212,0.08383899021814709,0.12100315682863726,0.02886132207066923,0.040106689838904974,-0.03388388942478519,0.042681270981925375,0.012604223911440365,-0.04880994546656532,0.07657235633468684,0.13576623808044797,0.20370242187842882,0.04325069445736182,0.02769221139884939,0.04964700022597926,-0.006774819422794428,1.0,-0.002981439330091329,-0.003142685824869605,0.04987447673563175,0.011002769214003684,-0.010599180760429365,0.020482030735941424,0.21035536856496473,0.06873118856665489,0.012258027916384945,-0.032103662531010324,0.04214956618137813,-0.03473290619430125,-0.17699620324375778,-0.027863046931591563,0.0506480576621595,0.006017149054593008
Osteoporosis,0.009631254117449958,-0.056969087877889596,-0.011552499682728739,0.016644014225238667,0.033427909976493246,-0.07330879297313259,0.0281208431529934,-0.07024827695622395,0.02869233382961965,0.04005199671002745,-0.005789271657478379,0.044418922387658294,-0.06143735290726101,-0.052455505721279945,-0.0539716727874624,0.08084146887152684,0.027837677604514853,-0.12890065023673217,-0.049436248766578594,-0.09956206618098566,0.03399268335286222,0.024432567744138114,0.08126060646956706,-0.09864696866626325,-0.062366888286100236,-0.008017764835433858,-0.023037675216739724,0.01722474685803966,0.008130461483289688,-0.013441834056760384,-0.07726134462252542,-0.03029044842608026,0.2216097372678285,-0.07501996025475276,0.001984914918253417,-0.04959400272435031,-0.12607540791314784,0.05168820117628077,0.08258732659240928,0.00048068708223956063,-0.01825414680053714,0.01202649280992856,0.052585600247460174,0.028490052917356117,0.013555784013786765,0.021493388401229743,0.03780233884981712,0.04579498705933173,0.04371314968181418,-0.09092952861756706,0.09330035066691804,0.040645466998676695,0.030297236657718676,0.05129738582573221,0.007263648831463112,0.016265615149654973,-0.023362783018802794,-0.07809333433972189,0.005997366407961241,-0.05766833124335628,-0.04527596671597871,-0.021779580473144815,-0.07712943297885805,-0.0963846976664107,0.026844775356074258,0.0096569369624223,-0.06974128212162836,0.02215659724049639,0.08525934565463186,-0.012157050994683758,-0.023980456356477456,-0.0002568889635969757,0.14450442712885866,0.22025436218506345,0.07456355412331354,0.22244089895532568,0.15339466440479604,0.09439234175462241,0.054252007760074994,0.11202268116652139,0.005967572726834784,0.12314215650202165,0.13101260723377228,0.04870807397711278,-0.008366513554052218,0.07444710623025028,0.058860282893051244,-0.022290422187912357,0.09834601823532635,0.1022735838439805,-0.02761811643712655,-0.002981439330091329,1.0,0.01754988408387224,0.14649006247984492,-0.031270598172832384,0.04747727618110392,0.07871838821453973,-0.015226979474689775,0.19166828132559727,-0.03736848270567133,0.0877571735813021,-0.026916823820411183,0.0020780803168322748,-0.06873378225480348,-0.045364221432056456,0.014711209574037423,0.00258595505276746
Other heart issues (pacemaker),-0.048947554776809024,0.06862671017717187,0.11480832880953809,-0.03571065577290809,0.0761841537498619,-0.09377443449156864,-0.03334340521633444,-0.08574355087329645,0.016455461364717,0.015239984242813625,-0.030142668986267097,0.04853813859862858,-0.028926088047727894,-0.03504964896294844,-0.07877426720692178,0.08147456158392855,0.048072623382551576,0.00792337970532172,0.0047609320236528365,-0.07921955395496764,-0.03219498285625505,0.12835544783875227,0.026117220465339375,0.09719231000456062,0.053940310885003534,-0.061067223013645,-0.014190781753410037,-0.020872950660437643,0.035962610843826584,0.1286511985215534,-0.08509291684390742,0.05051932925424684,-0.10805923673929617,-0.019956911147621093,-0.17081650094560108,0.06541177486343233,-0.121322663867137,0.024164141840447323,-0.1653453135134659,0.04622832297121528,-0.013390871342989552,0.061942017068510734,-0.05995731252007919,0.0559586354961262,-0.0685055589624716,-0.018930712518789472,-0.016128393330445915,0.03265859274443414,0.06323547656590693,-0.04754250732562329,-0.028772582512892376,-0.010280137078377202,-0.06542001244908033,0.017308900698975595,-0.04743868793688312,-0.023169939251653,-0.058413549053334006,-0.0022499861628688172,-0.02281218649039067,-0.0359792095448284,-0.042686802821076925,0.013997027550541831,0.017446147416371655,0.08042090074356517,-0.003529913283742597,0.0836113647966976,0.15144447248985676,0.06721650418528459,0.08404194886973393,-0.02999558135312907,-0.060899183431843605,0.02038762604230316,0.032850802321085566,0.024037259204609956,0.05336622984970049,0.1359020363615728,-0.013586968809555539,0.08942951857146077,0.08195376627568941,0.03570383756641792,0.046871065123314834,0.01094726639169092,0.026266589536266347,0.11653805148680361,0.34229657835858085,0.14237611181790918,0.07895299550498852,0.11416169990682455,0.06677895410038776,0.08336636740533264,0.0421181715930297,-0.003142685824869605,0.01754988408387224,1.0,0.01905094788109369,0.014463198620962866,0.03511521519400258,0.13027381523109566,0.10690986252847305,0.09853566197409856,0.10266189975620518,0.03392887620303602,-0.026862866284508524,-0.11873569615414788,-0.0475665084431414,-0.025573737096462892,0.04383635378831382,-0.08368210376876449
Other neurological conditions,-0.026867727329888447,-0.022546824678965367,-0.06442959599199394,-0.03108964556952608,-0.039260039766619015,-0.05097693874179297,-0.013065658234663206,-0.03556948002322356,0.05925023167698548,0.023881276764333815,0.0223647246056332,0.05593179730735117,-0.025803503695285657,0.0175101341862078,-0.0783062803508568,0.0767465361759158,0.04280472744931054,-0.04308625966476792,-0.06252581923180713,0.0263796579643102,0.05914155532999287,-0.007201009613257106,-0.015910175911744245,-0.006233769570029836,-0.001307323725047776,-0.026641952465794996,0.05152594254434284,0.016655269493156065,-0.010031218092971717,0.005092546664202487,-0.027914307912812335,-0.02083455500446799,0.019363016709689998,-0.03811098688928267,0.04211272054893892,0.0653521515152649,-0.009632300200815432,0.022237551247075025,0.07881251732771331,0.09725242009711481,-0.025041821430991842,0.0010512447236008453,0.13268639522798345,-0.018954972097895068,0.024007881482920393,0.05727944203487475,0.040931782384586925,0.014704633336553622,0.060138878717410055,-0.026491181550770484,0.0159260696506814,0.014315905573046822,0.04691489205808809,0.016215175821308363,0.03407361295863246,-0.009030408858647164,-0.011407970635775767,-0.009286747040746859,0.04122815054043438,-0.00862602947495563,-0.012394523194553711,-0.003388075085861427,0.06838222163451622,-0.005433456966696593,0.026155430277397616,-0.03855379289061068,0.0069973993715120196,-0.0004257686304185146,0.040769530189408085,-0.008617643344632742,-0.030720003789562852,-0.050329128336740844,0.03422331533346833,0.11897484314731749,0.06085865995924139,0.05531259577841931,-0.020018005193943502,0.13841773323426104,-0.033979340542446786,0.17239764212263334,0.03436678360941309,0.11446280338698483,0.09931253630530831,0.13182848761053428,-0.00879102665885404,0.028575284216432288,-0.012530200589894548,-0.0037851446646234264,0.1145251115578542,0.15452987563490608,-0.023335702429727795,0.04987447673563175,0.14649006247984492,0.01905094788109369,1.0,-0.026421837109059737,-0.022861692205056253,0.0693733155502453,-0.006408256671545347,0.032314817043834,0.004976510871917058,0.06882878641302503,0.0019283536461946415,-0.06409571436688104,-0.014693268047279872,-0.08995943859890429,-0.0005973795522892367,-0.0048119767957083785
Parkinson's disease,-0.04338834176115925,-0.0031249911740804373,0.1461922895064987,-0.0570729248033725,0.02523015575555453,-0.05203106628602289,-0.03527424247025491,-0.023855955987750255,0.0017595511864908651,-0.013573864998915454,-0.02163106691289178,0.028898613634369602,0.0005386286039968356,-0.015819517630035442,-0.05076730784809588,0.041278121072845356,-0.012102729971642736,-0.04988188092429097,-0.009523281097847244,-0.05454482476970971,-0.03652193934298984,0.044490082436841515,-0.020769648109302055,-0.010484678096511294,0.20576973725798364,0.009105410661899823,-0.011550450135655753,-0.06616493802697326,0.026886794922332445,0.052949304309238075,-0.021131075837721964,0.0443218568816696,-0.06524991868144688,0.17750875700039806,-0.09242560387794423,0.01643206973519009,-0.05021672888620046,-0.018154924966510846,-0.08927242788313153,0.035830943677349104,0.031616235589011915,0.04888757089361466,0.13241256109996485,-0.020079337050971664,-0.032895895347139964,0.010345302660573295,-0.05557576592506384,-0.012674162521741465,-0.009525660186502763,-0.004259368204348316,0.03463956215614142,-0.034758370562622286,-0.029507087073096353,0.05242164813764759,-0.018030765238342433,-0.007264347701321624,0.010106104895709763,-0.07713121988771952,0.02703204078993454,-0.015721899844895214,0.01935148847625224,-0.06004198637517166,0.042689255475882724,-0.018615729624136313,-0.013176512746992686,0.007862575457628947,0.10818544946254953,0.03203026548076987,0.004344545054861252,0.004546399659456377,0.05185689765492964,-0.031047499937115537,0.04655496632782029,-0.03638921560410278,0.009702855443309318,0.02844799404236507,-0.03443394740445982,0.07908949673199496,-0.018193184564180082,-0.03535627383380505,-0.027095396056942375,-0.012966092733137119,-0.026134934400284866,0.08496019177666625,0.07681402749051326,-0.0075551968962516754,0.0786187817563127,0.041951368829253446,-0.021408548135714457,-0.015530570745369772,-0.006273545474183616,0.011002769214003684,-0.031270598172832384,0.014463198620962866,-0.026421837109059737,1.0,-0.006146113068467109,-0.02039568842731184,0.026843499351534128,-0.004971670430123065,0.06650683379020841,-0.03236260976061738,-0.05358345351644285,0.0072979695501368715,0.022730762979852843,0.024068836476506834,0.01642446500928865,-0.1503042892516454
Retinal vascular occlusion,-0.01713229824468333,0.027197701232462762,0.041325456193554835,-0.0026237480565265044,0.014552182261763911,0.01720922635953074,-0.01883203110725887,-0.014441273783594933,0.0010535094971049273,0.03166958508169156,-0.04376323951087641,-0.028891449733965433,-0.027898138224610267,0.061988246003934606,0.020484414902146253,-0.0035872175760565594,0.01028847262991121,-0.02065293244945721,0.02187006109825354,0.015854016414560548,0.04072779031928983,0.1014484077710623,-0.008125650229014542,0.010764481097283967,0.018680889548868804,-0.004749368528167203,-0.003693561569686799,-0.021909405076604258,0.029997368082699007,0.18078891292781188,-0.003922600808502637,0.0033604515111438555,-0.04112928090310555,-0.004147510831231087,-0.025281419634050485,0.05093681341363432,0.005643956725872872,0.049748284716612315,-0.04697889621168509,-0.03264949437417635,0.030020922240987843,-0.02660601359170915,-0.011568670965182633,-0.036124175265136095,-0.010180680019223997,0.01578140928766449,-0.03489869758041766,-0.005668692314810392,-0.014439424064056211,-0.034030194077337726,0.05243880469340002,-0.007660918178639201,-0.011234387231662089,0.024338815374886746,-0.021897624465369785,0.08261631090621577,0.02062527378680736,-0.16727176561552135,-0.031537321267731,0.024809710728657,0.0167440201613418,0.02343677693849064,-0.037094932685080566,-0.10710225766760834,-0.05075037243842207,0.021678705209336256,-0.012987356210581825,0.022174306507590915,-0.04248392329037696,-0.008650688376839443,-0.00309938319201239,-0.06527009980501075,0.08571071372898559,0.02830975976782587,0.08636320767667457,-0.003250041792880678,0.030955318011577596,0.0743409348768668,-0.015741789036820858,0.008414616155497316,-0.023444494123215535,-0.05408471317738665,0.07405477920215067,0.030367721023347692,-0.01681329557824514,0.07097348979100082,0.013199877280079453,0.04800010158563561,-0.018523906419361438,-0.013437942512625324,-0.005428232150293216,-0.010599180760429365,0.04747727618110392,0.03511521519400258,-0.022861692205056253,-0.006146113068467109,1.0,0.18172201791906908,-0.006556097947997661,0.021735974764878714,0.038656511107191115,-0.028001990181291903,-0.04636348398184661,0.028523493593719064,0.002115810375464572,-0.036078018872939904,0.01421139121118571,-0.08905711697440255
Stroke,-0.03693481244981545,0.06417547260522566,0.014363190345542367,0.0006096957094643052,0.07421885313734873,-0.07324993714883254,-0.02028285859948883,-0.0648723902103336,0.02539599403030166,0.03843105710412249,-0.0009854108173161652,0.0066642986616087,-0.04976956574712354,-0.04270291458460421,-0.0578674275632555,0.07685067853170549,-0.03492395428927396,-0.008485890021850523,-0.015602282787569952,-0.0706167256378942,-0.011518251619222599,0.13312684964650803,0.006721344637137292,-0.028901678004143987,0.04389828820827297,0.07161150910200037,-0.05614113756595601,-0.02612984683226406,-0.026708945254021923,0.2102995632261383,0.027079770355016648,0.04164954306661996,-0.08086085954834621,0.025819012540370723,-0.1307394547826796,-0.01547439156296123,-0.016593469026603077,-0.024141282064026846,-0.14700188560537625,-0.021159541603670465,0.01094909880972143,0.007437459966664753,0.014979388313318786,0.0357657528389134,0.022892367942666497,0.040697015642499806,-0.02498993558749032,-0.025615827178549228,-0.014281042421837009,-0.08435125287291828,0.05377508080517028,-0.040327191794094684,-0.023204594693976545,0.04015062895828753,-0.030385827592295352,0.015615430827113376,-0.021521617058867317,-0.04567281302704325,-0.01823908840688461,0.015002447421951321,0.05205274508411586,-0.030177306851616445,-0.06045658716841761,-0.028463001959622758,0.0022277550318758827,-0.01700442246961695,0.08560999425094994,0.05751535387764917,0.09091128882872392,-0.004749711121208139,-0.060513087509258975,0.017193390374287656,0.12929880559934248,0.0786203729755251,0.06108393634658254,0.09488103256514667,0.09939686089323556,0.09422408914096692,0.031902438421540356,0.06121037897076005,-0.014930567345677829,0.02605460111342491,0.0885483688315108,0.1221079158129305,0.11596275363832059,0.07927634312152636,0.14842327234643352,0.1276035556079474,0.09610763148142074,0.10688036425765823,-0.018013422534725793,0.020482030735941424,0.07871838821453973,0.13027381523109566,0.0693733155502453,-0.02039568842731184,0.18172201791906908,1.0,0.07042415381608057,0.12012774677248964,0.10455594198562504,-0.023778161966920758,-0.06441925085648417,-0.03248456595993925,-0.13744471449032641,-0.029282228065679487,0.02148382953719613,-0.02877475649276638
Type 2 Diabetes,0.23327810258493034,0.5026259759630274,0.1543914814700107,0.22763830955673,0.5046888911255293,-0.0016288980876296637,0.26592844572327584,0.029344225043156518,-0.04521583150309212,0.05054134360752896,-0.12516586916492786,0.10592512535654051,0.1421379050154204,-0.07445953114147758,-0.13941423176546225,0.034931911663470885,-0.14744351558358404,0.04721872666117894,-0.016275045536636255,-0.13987516822706844,0.15753069144096618,0.21525829753678263,-0.031615779874532485,-0.054747027881897656,0.11448588148800916,0.1606945562088649,-0.014705029993011785,-0.17747092106672854,-0.12290008661833209,0.255951836632369,0.11102390456612385,0.41090709432534617,-0.31137892165383085,0.11796471253226386,-0.37667035545865774,0.0012583938993035808,0.018174240843356816,-0.16210888113461325,-0.3948624620003363,0.10371628964953072,0.11418262055587013,0.08523875213934708,0.019154322340831455,0.18813926170969844,-0.031820886290527116,-0.006748541413148889,-0.012949518477900764,0.07385698468344463,0.0617593630616449,-0.22775197317031012,-0.03545034004433561,0.01385716258554815,0.08335617370403031,0.05947107850360814,-0.13037466021385935,0.05284086946815812,-0.15582623445955737,-0.10278516323172952,-0.08969468301149751,-0.11763291050874186,-0.10305355245837368,-0.08684525723358516,-0.04839912204073588,-0.07206416498934118,0.26771617046879853,0.10767795556175071,0.12628077362572981,-0.16333140016434863,0.1501123068037713,-0.1112797105307851,-0.14397242274502847,-0.0942247296164845,0.03788194716365567,0.14609376000001678,0.004477404271490148,0.17658432578413413,-0.030668726824997567,0.08359145443075963,0.2577067116696612,-0.00022743302254665058,-0.09706397109367793,0.09048400195199215,0.10931638224927256,0.030997757102883237,0.18010241854141085,0.19912091076823946,0.3251966224667657,0.23168024218178584,-0.01648312787621623,-0.0029558699150423946,0.04655622203166723,0.21035536856496473,-0.015226979474689775,0.10690986252847305,-0.006408256671545347,0.026843499351534128,-0.006556097947997661,0.07042415381608057,1.0,0.016898244541496833,0.07981814939347101,0.0655998402124361,-0.10771971801342091,-0.02850578499088722,-0.15035814221664037,-0.05972243857742757,-0.10764229951290298,-0.08709017593448748
Urinary problems,-0.06559358075394611,-0.013955256921088077,0.004076119206953996,-0.033894089662675125,0.016273545196148854,-0.06952025981928571,-0.05562629224182266,-0.07410935370638386,0.03984493885588783,0.024436077681656645,-0.03986011034604455,0.034084818653657145,-0.062110879403802395,-0.051710951079878026,-0.04445477095535725,0.07347993835359323,0.007948911559069547,0.001787373746537146,0.016184729563480292,-0.09101690973923353,0.015397131718704205,0.11244309831437886,0.046413214214194226,-0.046003454159966234,0.045520881309300744,-0.06547336903391446,-0.08495254223640582,-0.05390008452473436,0.0697911453435101,0.11601382787697372,-0.05453943702942069,0.07440003270824026,-0.039764965880896466,0.016209803754067505,-0.0419466071282833,0.055283971471609905,-0.10094254791422158,0.015977924997499424,-0.05466718517989122,-0.02069184297782491,0.028243158429173607,0.014641860067929006,0.002134038346942762,0.06599634591860139,0.010071596049085292,-0.018044871373973287,0.05373499787892175,-0.05167326634273587,0.05787596510111683,-0.07609400882635121,0.007717995005605311,0.021013958409515116,0.036666857931528324,0.017305959261684472,-0.007855361766841887,0.03969601384048429,-0.04109635486613359,0.01750250771247625,-0.06552185374645798,-0.01867138832468838,0.052119292526229544,-0.04086311885386607,-0.017360642585284802,0.015474183799207054,-0.016812250918124425,0.0738636877748086,-0.03000496541621405,-0.016011487100409748,-0.050041569251140554,0.009870982226645546,-0.03592954488988344,0.01627473341728388,0.09483358554627601,0.13576039771191376,0.08946591541344831,0.1713706427306092,0.05961111744449002,0.05383960993024111,0.01899006312970102,0.16810038689252405,-0.01838578923263502,0.11428944680189135,0.01866719529359553,0.14676984994935915,0.050643744677576534,0.01726082012415831,0.06672466321660404,0.10158844820570744,0.11717340517261797,0.15282787449050803,0.027046550728877614,0.06873118856665489,0.19166828132559727,0.09853566197409856,0.032314817043834,-0.004971670430123065,0.021735974764878714,0.12012774677248964,0.016898244541496833,1.0,-0.011651093030362922,0.03167259306078142,0.02104722991965692,-0.0353416139232096,-0.05071520587179551,0.036505759870601784,-0.08012193304414128,-0.051531518533692686
ABNORMAL,-0.09070167751511986,0.044963494515801825,0.015668472961651022,-0.08517049063497689,0.04496125637465567,-0.05855930874447051,-0.08660976441687589,-0.05416740027508877,0.02928775786900089,-0.02813170317990515,-0.03710988983785893,0.0047183878323905915,-0.042666196287978,0.010618004728435125,-0.03947661281655045,0.05545638042799405,0.060471459964023026,-0.011090839189435184,0.029382039306583885,0.017722462603370508,0.007330269573743901,0.09071663385256008,0.012798930074033673,0.060271446370057956,0.005126328630967114,0.03204284038368975,0.009171450358674251,0.002468788030346885,-0.011237030763058825,0.09908583829344651,-0.04365582158028054,0.013007732287870841,-0.02776204417174534,-0.04088808161660054,-0.08185210614740318,0.02837434510987972,-0.02862090356038943,0.03710631346710101,-0.07350094939453845,0.01666176470333006,-0.0217327213160723,-0.035352648454394155,-0.018346369353218685,0.08450899318221755,0.04218665561526246,0.07865414430370482,-0.004527840962443182,-0.019325760384083627,0.026528631852813706,-0.009391869674915313,-0.06255086974227034,-0.022129632709820615,0.018768851597011273,0.05123900597366021,-0.018560292916217684,0.06242706824205513,-0.04546055983376724,-0.07547455200765882,-0.06320535503556703,-0.01798334399517172,-0.0006864112219180049,0.0808269814183215,0.003422903571495359,-0.002124416220054861,-0.0009149362667595101,0.21225027620837517,0.37189900888545574,0.13667623998830708,0.1867239483521915,0.025289896096840823,-0.24933161001268353,0.10013503498411859,0.08688740410780792,0.005795265458126321,0.06594894847373524,0.09545965271293398,0.09835580258865853,0.015546050580156357,0.07180038736340766,-0.0423604703398849,-0.006120027898756428,0.001536297447470766,0.04369426677123001,0.018256060083945674,0.11152428525036319,0.05372642767723597,0.1349262068549793,0.04436791492576984,0.0678983938065591,-0.048714156966280266,-0.0014170035841304443,0.012258027916384945,-0.03736848270567133,0.10266189975620518,0.004976510871917058,0.06650683379020841,0.038656511107191115,0.10455594198562504,0.07981814939347101,-0.011651093030362922,1.0,-0.2937572107418784,-0.4863799910865734,-0.39972394360004787,0.011962625476659562,0.0345479148586921,-0.02606601788975645,-0.037450339907121405
BORDERLINE,0.01956462931767556,0.056955579106806827,-0.017616451157798075,0.016848555848565278,0.04951075971297346,0.005770786726943277,0.02145685270464702,0.0167460623823472,0.032120551210068946,-0.03535048760673837,0.05026767784110722,0.009247999129800242,-0.006426591314525103,0.0018067771393191767,0.0012514609773129654,0.0025520399200436414,-0.06217070789492932,0.009635952942681478,0.02037345652831451,-0.03259113543524011,0.07801248257883579,-0.0071630945032383105,-0.02673393346556154,-0.05529336872509019,-0.01793008123298222,0.03409240901484251,0.019447874126025014,0.01603922931845216,0.008339097916621145,0.012188348190435584,0.04684340173668116,0.07193482984274244,-0.02596014227962237,-0.031082165273111702,-0.020670613298972282,-0.01442530949288632,0.022890796675809694,0.0012936967286372272,-0.04577053126705532,-0.06103365813186789,-0.03183649551432339,0.044850142339997054,0.016393302836697276,0.012887014751611076,-0.0634095107330817,-0.02580687499776834,0.03946526241487617,0.004583957562240077,0.03973449273316646,-0.06417169113738173,0.025953053793663326,-0.011295421174555736,0.03159093408514338,0.005459827643598932,-0.024637182401937536,0.05241479164922997,-0.03837898077691605,0.00786263696621853,-0.04055033797537354,-0.070787170963171,-0.10855469933174769,-0.03078911825031101,-0.008996206196199705,0.015568643637819278,0.003193257729487603,-0.01810573028394794,-0.09108222693479476,-0.017000937456605,-0.015678307788886656,-0.10718839810110574,0.02178727241555006,-0.18152741216807014,0.03397662842821565,0.026263983196692008,0.06235309626910653,0.049623763010914715,-0.09856611411232108,0.05761693768807837,0.08316494138960664,0.019646324322171057,-0.0420716966258633,0.016679096790181654,0.027606808247517146,0.023282563339696593,0.02579468557801923,-0.005801697099809887,-0.04851200044534399,0.0714765696966472,0.004589612294576399,0.010546056518503353,-0.028582578422006226,-0.032103662531010324,0.0877571735813021,0.03392887620303602,0.06882878641302503,-0.03236260976061738,-0.028001990181291903,-0.023778161966920758,0.0655998402124361,0.03167259306078142,-0.2937572107418784,1.0,-0.2441288213432371,-0.20063353139948809,-0.049272531470980055,-0.07573591824093567,-0.0900499462134348,0.023777039837788814
NORMAL,0.040653748333877235,-0.08008223117860477,-0.0012387058587396205,0.018911752485383678,-0.10409490754882672,-0.0006220178458819521,0.05104192283483128,0.0022803678352131236,-0.03320900315783548,0.023329203975299494,0.010209947934553253,-0.009575023978221082,-0.027828675307983792,-0.024670800490941534,0.008433616940183956,0.010222044715182899,-0.007263080085665404,-0.042682571903643586,-0.06789751147971763,0.04750728437149546,0.01636894409811344,-0.029318706445802326,0.0037163944395096336,-0.06329483452379422,0.013661601857582605,-0.046536386721118775,0.036823859369208345,0.00849832604589334,-0.013375373353881694,-0.05229385732689482,0.018712183706797184,-0.06099882922641386,0.02250397484060521,0.034330693165132056,0.1117979127363382,0.048238716061931905,0.04401112595890348,-0.00829374050759004,0.11615928697460279,0.03150598453795355,-0.032551277647448314,0.005793932269321665,-0.008251339002240236,-0.040192395685639974,0.05213509221753811,-0.04064959230425989,-0.043653391077197484,0.013717849292184696,-0.006618222529229436,0.039653064473623365,0.06516517134880706,0.001967438661948958,-0.00028015021564731316,-0.042620969563416045,0.035160380587822566,-0.08273852759659725,0.06334774925295884,0.08600188120907679,0.052116941426516794,0.03694376297476649,0.02363036203357307,-0.0037892837394598133,0.03505991428830773,0.007891039848033911,0.009660270823723671,-0.10910434208449998,-0.21918590484523864,-0.09628689542582466,-0.10165344566276219,0.04455364926875593,0.11383967987733759,0.022531558775606097,-0.05821335101655258,-0.00497198217497648,-0.08911495984954525,-0.04400362301022541,0.01971858568959615,-0.03781959972704338,-0.08059505545487551,0.020051433847869934,0.11972732709612972,0.07992193999334991,-0.03367065617255678,-0.015772413138098604,-0.04206963611033723,-0.029904181631411692,-0.09597478666876799,-0.06794782841455184,-0.01868798177092041,-0.005163793885570605,0.005284720790493763,0.04214956618137813,-0.026916823820411183,-0.026862866284508524,0.0019283536461946415,-0.05358345351644285,-0.04636348398184661,-0.06441925085648417,-0.10771971801342091,0.02104722991965692,-0.4863799910865734,-0.2441288213432371,1.0,-0.33219315695197377,0.022877365182786505,-0.002433460146174121,0.08500533480371741,0.009436191153566042
OTHERWISE NORMAL,0.04584643298426104,-0.010964318116885084,-0.002692854249195874,0.0655411666906513,0.02159659112700188,0.06483253688864736,0.028033386443670073,0.04751875990430628,-0.02399087527257381,0.03616346934085524,-0.008614612920189245,-0.002525528276016644,0.08610253234538617,0.01325708016953511,0.036091377123080304,-0.07855979522552196,-0.01239880511293015,0.05226687752469282,0.02374078348588384,-0.04667039641088655,-0.09028020905808129,-0.0684789020552834,0.0026487087708713447,0.04403775572809325,-0.006478689764364372,-0.014136436578220085,-0.0672599860929034,-0.025354274040793393,0.02116734865156692,-0.06875274559552881,-0.007505137346573115,-0.006655918755931737,0.028983027811540312,0.03554606627736368,-0.01023306896354747,-0.07481218158003278,-0.03356077587465008,-0.03553389709433247,-0.004398587327199063,-0.00458252745971496,0.08741655653403782,-0.0013923755193319953,0.0173071271759718,-0.06553269796187935,-0.0554124411982285,-0.026596647315886374,0.02130091747475929,0.00385282320086552,-0.05628689058379429,0.01962162628178382,-0.019499175667581654,0.033058119038123154,-0.04751521915279382,-0.017680850493706136,0.0031241075923976068,-0.024864859425599666,0.014862702847871079,-0.012539604590364413,0.049885289781955236,0.038105451471709045,0.06324706823268715,-0.06574985502146873,-0.03536430686761353,-0.018900215181392767,-0.012184023851873227,-0.11443947685939099,-0.12121728155319134,-0.040622582471377615,-0.09462496598587004,0.008510842281042872,0.14981287254204526,0.0054138150690063395,-0.06564496930304009,-0.02274273534483883,-0.030074772261908814,-0.1041559837318556,-0.05703114110791371,-0.023535719482264073,-0.0633212214811359,0.011668802671537842,-0.09057369717182927,-0.10356696225699653,-0.03674001689430631,-0.02304882083586169,-0.10574915174416794,-0.025451605401821446,-0.013217703520714667,-0.03548875281650978,-0.06295918529429946,0.05437371326744028,0.019140382531982886,-0.03473290619430125,0.0020780803168322748,-0.11873569615414788,-0.06409571436688104,0.0072979695501368715,0.028523493593719064,-0.03248456595993925,-0.02850578499088722,-0.0353416139232096,-0.39972394360004787,-0.20063353139948809,-0.33219315695197377,1.0,0.0008716734893873556,0.023813356354245776,0.010297287447109203,0.014237513489429131
cube_visuospatial_executive_value,-0.15578622758793248,-0.06387143177531454,-0.006218908291823205,-0.14978029282235056,-0.0989625397802819,-0.024729740186593484,-0.17451338111953893,-0.03600301327466213,0.038203696270438195,-0.01994883858255591,0.07960158867271899,-0.05230800934147685,-0.08955308801081671,0.06944262838670447,0.06841605448725711,-0.007540759178723178,0.22349238924897147,0.012762046786978534,0.011032755870967394,0.18206833589080054,-0.16570173664219273,-0.04708430231612723,0.09334240779736394,0.1447194869803031,-0.04033360423979711,-0.06873475247361173,0.03628404142524942,0.050378825972383925,-0.015144937545162012,-0.1267788228669781,-0.1824749422657973,-0.0691099820309578,0.09317327261938835,-0.038479886475810805,0.07480687342923481,0.045158698201970625,-0.05742120016443524,0.011550087143892301,0.1036018335485795,0.029801151902150845,0.008492973588721918,-0.18132043830392666,-0.019261625468170188,-0.10359966689082126,0.0011517075386303205,0.02973754783918885,0.03487378501121436,-0.05254023684689233,-0.01818630891159692,0.4111847420688249,-0.06854836934425602,-0.013120817444982426,-0.14285690849325222,-0.23468125334787143,0.0578016342743238,-0.06196976634155453,0.12955406889066554,0.11199402030551989,0.06427464032183199,0.2067868268561675,0.03156294170855932,0.16386575348483037,0.07826326248263694,0.10423433018314526,-0.16438934114002474,-0.012458083087137488,0.10888260502112147,0.1730361341674186,-0.003904837586782165,-0.018777908136732368,0.06181648108589134,0.04718922994527551,-0.04025385395992715,-0.07620992590480642,0.08606521014091567,-0.07002579359433783,-0.015474875468857558,-0.1528099328780226,-0.08951246919778684,-0.03618753068230098,0.0485221646838229,-0.020412688622507717,-0.021007624178985055,-0.0007601383570067968,-0.10680781665610058,-0.07794957528834082,-0.12236092960627004,-0.05919417491478204,-0.014619833025500831,-0.08384549057966006,-0.05204459286795279,-0.17699620324375778,-0.06873378225480348,-0.0475665084431414,-0.014693268047279872,0.022730762979852843,0.002115810375464572,-0.13744471449032641,-0.15035814221664037,-0.05071520587179551,0.011962625476659562,-0.049272531470980055,0.022877365182786505,0.0008716734893873556,1.0,0.10298626622174242,0.074901561814859,0.15840561078485446
fluency_language_value,0.001620451972726794,-0.03126392285928066,-0.04559758572833601,0.011358829344164066,0.0307374254145587,0.030446621775111374,-0.0012744991519788868,0.021611642111706967,-0.008950988219893432,0.032454739523049475,0.00973797889115553,-0.008425279752325016,0.01015438775135738,-0.03206494360433294,0.04743172632392921,-0.04232904843080569,0.08805635817351504,-0.012405518845651074,0.034687247171767625,0.08180936553021326,0.005729661555436788,-0.05730976359796238,-0.09736287290129574,-0.0012537918744693229,-0.025939707881465598,-0.04407796014445996,0.09587678288524222,0.026597649738401535,0.054183451563319524,-0.004748539580803724,-0.04399830591744438,-0.03396610708322574,0.06200829460965135,-0.01270175450759006,0.09286340251520364,-0.026638695168663747,0.007992767981103955,0.140916286391159,0.10866361453027407,0.028547357164728566,0.03453569023363858,-0.026533212587850682,-0.09524727951212933,-0.17620512933471374,-0.056201136483051486,0.030051471062677897,-0.10729382295575406,-0.06896342985843891,-0.18841724210851998,0.3918767243563129,-0.09180530741386797,-0.09946623782000162,-0.12257182239699685,-0.039858822669713155,-0.10898739211976793,-0.12395837962376889,0.1373202345395719,0.19525889701886065,0.1230518768942846,0.05297785550705032,0.08325363151774458,0.13628801586827685,0.16189728357839636,0.048659219867891165,0.01256236835412225,-0.10832851677976091,-0.02835337161910516,-0.02690611260853901,-0.014114020833144841,0.10331515604877374,0.05784541519430407,0.01920240955385738,-0.07341044590438009,-0.05225265368118078,0.007411141228244483,-0.057381439793375406,-0.001177337348946712,-0.07391812624521238,-0.02313765247444051,0.05427975833802377,-0.0191746143473984,0.034425389679335235,0.012741770154368563,-0.025500997249175022,-0.01894057451841684,0.006224472208677137,-0.034431882731349804,-0.0009460142772398653,0.022691790679236986,-0.030237892615932547,0.009389647285384672,-0.027863046931591563,-0.045364221432056456,-0.025573737096462892,-0.08995943859890429,0.024068836476506834,-0.036078018872939904,-0.029282228065679487,-0.05972243857742757,0.036505759870601784,0.0345479148586921,-0.07573591824093567,-0.002433460146174121,0.023813356354245776,0.10298626622174242,1.0,0.14949442453444398,0.11351271307804535
lettera_value,0.037334473789523065,-0.07622972912274453,-0.018528438718824657,0.03551446497565167,-0.07449651892726536,0.019013378278835095,0.03206081952811824,0.031584957385660584,-0.028031660988549614,0.005659640807882853,0.03478536025979945,-0.006674184634379072,-0.0011980680990728773,0.03360926383780212,0.027488302194013846,-0.023022914248339268,0.01515257381150888,0.010779760939745356,0.0193461494718875,0.025688927323367493,-0.10656599315002832,-0.03682812992037075,-0.024391386409209362,0.02537033081889512,0.03779681841611229,-0.010510454856073374,-0.02215719870473792,-0.03187944114645123,0.034581133831756615,-0.0018076479532632532,-0.0007930161216167644,-0.060320049498647194,0.0491281225679404,0.01475645760796157,0.10170327380304826,-0.027588950931610512,0.014093164608924683,0.011690367833557003,0.11325993216687015,0.032187511076232085,0.007980040793338805,0.026269880414133664,0.005105730948264003,-0.18556478336827456,-0.07090141758778856,0.0009701139320571279,-0.09491176153502075,-0.11479742267793624,-0.09964560426968448,0.30813540301902004,-0.08215289313876596,-0.08099884533662945,-0.06350426632924083,-0.01668321277887384,-0.12079622413244433,-0.1775945550483417,0.16971237591726102,0.17938423105842477,0.16032258762854676,0.1061429019410472,0.023671554465960098,0.12856326872042015,0.18652859714606448,0.03911012020967026,-0.033173671301185224,-0.08097816956691063,-0.030930969752124737,0.06233956917323841,0.049967707885791114,0.02277412560591836,0.023519807482532965,-0.016326357598847676,-0.07191639385333866,0.03986085081667547,-0.021469988401492175,-0.10171823038880998,0.005853225524703913,0.021995676110476335,-0.10022914979582032,0.03619797535472763,0.038477174895066836,-0.041939597279307225,0.006482294178934783,-0.0397568612888231,-0.03550703020180873,0.0452147015156795,-0.045277326535277496,-0.08366551038746953,0.03966237275873408,0.03591066648737957,-0.12822297489962195,0.0506480576621595,0.014711209574037423,0.04383635378831382,-0.0005973795522892367,0.01642446500928865,0.01421139121118571,0.02148382953719613,-0.10764229951290298,-0.08012193304414128,-0.02606601788975645,-0.0900499462134348,0.08500533480371741,0.010297287447109203,0.074901561814859,0.14949442453444398,1.0,0.08080214529018638
trails_visuospatial_executive_value,-0.008994924356451826,-0.05388557749146074,-0.061120934552860995,0.009009896136320947,-0.03484378475982661,-0.009922414050786189,-0.011992805225317007,0.0035592345142893035,0.02848274537454927,0.035397304120302515,0.06120046450921578,-0.05372357109897348,-0.0011608995143419882,0.008748393372700876,0.0008017417520231498,-0.00044329486736432094,0.08538689889835535,0.020256213001651483,-0.006493278859232785,0.058708163594678626,-0.06610806956616258,-0.12497022568171093,-0.05580723934875144,0.07560190900805074,-0.05545688703132419,-0.008291113267349458,0.04711294580741256,0.02398284303889699,0.034642330876182396,-0.09705954785024799,-0.0759109532978014,-0.10269386471295916,0.03281270433112571,-0.05824296708024776,0.06520810272123467,-0.019007860283390243,-0.03370015598213292,0.06016168130190287,0.082499223667972,0.04649247089663337,-0.03081304763266828,0.009082073468784762,-0.05275876625930241,-0.1583731625993542,-0.04576327248855436,-0.009771139114963839,-0.07024603365400132,-0.026391134334585172,-0.11543720515942155,0.4431787686471588,-0.015475070383770688,-0.05746336216088229,-0.05345214758839837,-0.12930240466498077,-0.06079391815749879,-0.1967841364885048,0.13678724999209338,0.1940274227154791,0.13370865241081378,0.23054309623504074,0.040961553872492236,0.23030314766802368,0.14043308640801896,0.1284094064974636,-0.020563074152997716,-0.014301263691730523,-0.003722750388998797,0.00218840778300073,-0.017145046859515903,-0.03494987558360734,0.05885107230004609,0.007934736178057834,-0.07259113611894034,-0.041256362506136575,0.010145878184204898,-0.07435497218074821,0.011750219922645046,-0.0609989109481266,-0.022231383533990012,0.029442216402724146,-0.08821705793884425,-0.0023827967451022338,-0.05394353750878823,-0.014581387918857248,-0.02666672265743455,-0.02331678168870853,-0.06866649202300262,-0.04114830505852053,0.09943722195494943,-0.12934870903424403,-0.08573007577156175,0.006017149054593008,0.00258595505276746,-0.08368210376876449,-0.0048119767957083785,-0.1503042892516454,-0.08905711697440255,-0.02877475649276638,-0.08709017593448748,-0.051531518533692686,-0.037450339907121405,0.023777039837788814,0.009436191153566042,0.014237513489429131,0.15840561078485446,0.11351271307804535,0.08080214529018638,1.0
