,heart_rate_mean,blood_glucose_mean,resp_rate_mean,stress_mean,blood_glucose_std,total_steps,resting_heart_rate,total_kcal,sleep_light_hrs,sleep_deep_hrs,sleep_rem_hrs,sleep_awake_hrs,act_generic_hrs,act_running_hrs,act_walking_hrs,act_sedentary_hrs,A/G Ratio_value,ALT (IU/L)_value (IU/L),AST (IU/L)_value (IU/L),Albumin (g/dL)_value (g/dL),Alkaline Phosphatase (IU/L)_value (IU/L),BUN (mg/dL)_value (mg/dL),BUN/Creatinine ratio_value,Bilirubin Total (mg/dL)_value (mg/dL),C-Peptide (ng/mL)_value (ng/mL),CRP - HS (mg/L)_value (mg/L),Calcium (mg/dL)_value (mg/dL),"Carbon Dioxide, Total (mEq/L)_value (mEq/L)",Chloride (mEq/L)_value (mEq/L),Creatinine (mg/dL)_value (md/dL),"Globulin, Total (g/dL)_value (g/dL)",Glucose (mg/dL)_value (mg/dL),HDL Cholesterol (mg/dL)_value (mg/dL),INSULIN (ng/mL)_value (ng/mL),LDL Cholesterol Calculation (mg/dL)_value (mg/dL),Potassium (mEq/L)_value (mEq/L),"Protein, Total (g/dL)_value (g/dL)",Sodium (mEq/L)_value (mEq/L),Total Cholesterol (mg/dL)_value (mg/dL),Triglycerides (mg/dL)_value (mg/dL),Urine Albumin (mg/dL)_value (mg/DL),Urine Creatinine (mg/dL)_value (mg/DL),clock_visuospatial_executive_time_value,delayed_recall_with_no_clue_time_value,digitspan_time_value,memory_trial1_time_value,memory_trial2_time_value,moca_abstraction_time_value,moca_orientation_time_value,moca_total_score_value,naming_time_value,repetition_time_value,subtraction_time_value,cube_visuospatial_executive_time_value,lettera_time_value,trails_visuospatial_executive_time_value,moca_combined_mis_score_value,memory_trial1_value,memory_trial2_value,moca_abstraction_value,moca_orientation_value,naming_value,repetition_value,subtraction_value,Rate,PR,QRSD,QT,QTc,P,QRS,T,Age-related macular degeneration,Arthritis,Cancer,Cataracts (1+ eyes),Chronic pullmonary problems,Circulation problems,Diabetic retinopathy (1+),Digestive problems,Marijuana user,Dry eye (1+),Glaucoma (1+),Hearing impairment,Heart attack,High blood cholesterol,High blood pressure,Kidney problems,Low blood pressure,Mild cognitive impairmen,Multiple sclerosis,Obesity,Osteoporosis,Other heart issues (pacemaker),Other neurological conditions,Parkinson's disease,Retinal vascular occlusion,Stroke,Type 2 Diabetes,Urinary problems,ABNORMAL,BORDERLINE,NORMAL,OTHERWISE NORMAL,cube_visuospatial_executive_value,fluency_language_value,lettera_value,trails_visuospatial_executive_value
heart_rate_mean,1.0,0.14147590323950127,0.16725832419359596,0.6933154799733199,0.14107435310103342,0.3609404481493108,0.7905620175103507,0.3414137208507183,-0.20473944864121366,0.16396308010643218,-0.127226420720957,0.03179058143643207,0.1154156039841563,0.08551635396077546,0.13670897207950305,-0.2782042983263571,-0.22763871225864196,0.07529794374319988,0.004292800016160277,-0.04300289475702294,0.117807947814084,-0.054092371002110284,-0.13417838971308205,-0.21561071845584912,0.0594535909624268,0.07984965836988586,0.031835063887090564,-0.09817171396688677,-0.02099277587447392,0.014979339348008196,0.22391004499075287,0.13912376067625212,-0.00046294056225564087,0.10901067455407128,-0.17601641938165244,-0.03720741127916769,0.17120424966684925,-0.014357556985905014,-0.12983215460975794,0.023544071800492953,0.08583711009216607,0.05377244857825791,0.05065975689353589,-0.04278032857871967,0.00968189308958958,0.05375380646262665,-0.07352353177859215,0.08246307603999219,0.04357608758922236,-0.07766455254112295,0.033607083511346406,-0.016783297783764296,0.06986639295611144,0.07732810030639431,-0.1435648504570205,0.075692219630323,0.07324333071439053,-0.010176844533745889,-0.06128139592699771,-0.09637716091911518,-0.013837869119377033,-0.051134572222582185,0.026910744218766172,-0.019628255515339196,0.6099627997213077,-0.11459230911045738,-0.155318144842719,-0.5535857612103338,0.2286629974290953,0.0584017898260331,-0.0434080413488016,-0.08449816303703857,0.009484213567362166,0.07320566324038584,-0.05282378083459846,-0.03399205529922387,0.01780447643613205,0.0583655408255611,-0.016487388814240417,0.035247452265182895,0.04342507941751354,0.12841028107533703,0.04326524659608221,-0.08914860015962635,-0.02417082965683859,0.08341340979283167,0.10096275401157069,0.041955034277753475,0.005890346189032768,0.0163517558612558,0.00861125995293399,0.1840560568276045,0.08866445503636847,0.0066674752864897616,0.062304899261296856,0.017867945617591103,0.00040861800923847644,0.03748266803304029,0.24520244584571937,0.03142181660301426,-0.13154636049941182,0.07011196497701777,0.053199674610879405,0.03455940362081571,-0.20653620732577868,0.005315080362360965,-0.0048990327696501875,-0.05041364654769027
blood_glucose_mean,0.14147590323950127,1.0,0.17096298449718514,0.11625313083249517,0.30462900413483796,0.001861074628850442,0.14028080825117878,0.0038365876464018134,0.00901364102629271,0.08432625185766167,-0.1076464192043851,0.09033132377755719,0.0696846138048893,0.09560709399824721,-0.06981798135094087,0.010874110153095267,-0.040879766226805586,0.04704614286139357,0.010887021026143856,0.002617422977940297,0.13737742162135405,0.23555485027632575,0.02923124861958203,-0.030252109756274265,0.005570134558206253,0.07312132538940175,-0.12423434879971158,-0.012848573391705432,-0.057344781959658614,0.24594389326088503,0.028590654004303405,0.23219747418498113,-0.10528906926339551,0.009739624803446105,-0.1912383421089259,-0.0018903892420687575,-0.021666330058046263,-0.1656735751994625,-0.20522985649611483,0.1092561777516607,0.06541552971308762,0.072655160654403,0.03993329179011145,0.1164480879295064,0.14092804053585026,0.021293677323854367,0.13992049822177827,0.0376933804377372,0.0401631736272907,-0.22380319820578978,0.07291156096420727,0.013201365086320822,0.10669123665476926,0.06206527643095776,0.10115246170536106,0.13748581603681523,-0.06927142092404204,-0.07776524350212567,-0.17187322167724636,-0.0845282794636039,-0.022093604549700607,-0.11770984588884348,-0.12843894450163332,-0.06310185265204261,0.11040923886349473,0.07282832870690907,0.14407864258891478,-0.031603867427365526,0.12211959741764351,0.091468585539578,-0.035604792497321014,0.03474342986884217,0.12698902263525097,0.13413269525081217,0.08457913155687326,0.1747305399328013,0.012925681922710187,0.0845582800629684,0.22050984501245915,0.014739790636291564,-0.07580712632277756,0.05555514585370252,0.07516213293969064,0.06987857029896972,0.1260637024482014,0.165904194426607,0.21374364572346014,0.18734415110240693,0.033659636083534075,0.04122155807913672,0.01402534525206662,0.059307016376512256,0.08977757988605134,0.0662230190107809,0.09048152741506335,0.05001592300374639,0.03815913605893536,0.10090514550855836,0.30160404734998464,0.06335417761771785,0.10975506286730419,0.17571809122049972,-0.20377850494606162,-0.043566942716516836,-0.10344060271101453,-0.09402167662983212,-0.16568794471914883,-0.04222959780335134
resp_rate_mean,0.16725832419359596,0.17096298449718514,1.0,0.14582769304557652,0.15281827709701726,0.047640548484916306,0.17220188479365206,0.05123051622396183,-0.030007337903132234,0.08622457954873548,-0.054813580110985326,0.07199888521473433,0.030858242145295627,0.04456559461114048,-0.02755260213801154,-0.010020907899898918,-0.015217596309248696,0.08845907322362556,0.05384610379225755,-0.06808786102996475,0.08554841534247959,0.14773892891379678,-0.01228019514291811,-0.02573549511464232,0.08449594739544244,0.05599161391921738,-0.04174590908461837,-0.07199117402762682,-0.003634048913449895,0.12692051366592091,0.017208089204556413,0.11393504122933915,-0.07865201696480013,0.0648611620895035,-0.17039159868373926,-0.020928923308314334,-0.0444406385891457,-0.07234296547107083,-0.1887354292208254,0.0721024803448217,0.053499821658383066,0.034478562700482135,-0.0010854891561117353,0.04399143764559786,0.03872085506453672,0.037045539878540854,0.0009039549263281671,0.043107439006344714,0.035806381787936076,-0.09491542856716217,0.03114399670600129,-0.025161658269742097,0.03465708044882101,0.03030432713952354,-0.021161791299470042,0.08681267656089804,8.51954634765641e-05,-0.017450223639304645,-0.06575158460507138,-0.056241953448998995,-0.03155924569589713,-0.04302064542628048,-0.0024657015609633338,0.01222101717178686,0.15014180643022856,0.07848144800108098,0.07343273645968429,-0.0681058737562024,0.1369349221766836,-0.005277027668310805,0.03757525230567658,-0.023111505322602182,0.0530441405561654,0.06410102268784666,0.011002017225364457,0.04318714594311746,0.00912737105138346,0.07141325624398687,0.10162270066227203,0.014185770809768192,-0.0586905207975087,-0.017443211258627904,0.023261217540803174,0.01365108755660603,0.04907582524967932,0.10289624531626557,0.17871036087223446,0.11526440653643996,0.033315204084684545,0.006382609026252566,-0.001576398702411128,0.07902615564342796,0.011329098161700248,0.04693973112667987,0.014484389454094781,-0.0009108206006651128,0.0060986484019564195,0.09470162286409174,0.20572724704948223,-0.0007428258050505021,0.10778286200857007,0.006169102841166814,-0.15635306348663458,0.04862885284220089,-0.06725460063648482,0.0057866816854581365,-0.044244913507842515,0.007031438649849579
stress_mean,0.6933154799733199,0.11625313083249517,0.14582769304557652,1.0,0.12887499079951173,0.33787350342409195,0.6813080303430235,0.28797263431064546,-0.22151674466914806,0.13175526101464263,-0.09633661970286334,0.04904398491867403,0.08770951021267855,0.08488294548738601,0.11084500897966175,-0.2195229941430033,-0.22232107876288637,0.06081333525247816,0.028634613319996196,-0.08727409463105726,0.10311401439499458,-0.05414674387846642,-0.12305115886752666,-0.1942391007468956,0.07549211316397908,0.08015401663843076,0.04618318539500628,-0.1053139105461181,0.01280378057770932,0.020529365944844127,0.19568339431750595,0.10782202666265081,0.017045868194261425,0.10661353222591294,-0.14820141774841117,-0.05192254574094236,0.13397336564843593,0.021987517093203603,-0.11292469582053667,0.017533894346774524,0.07103824686769718,0.05048466012385988,0.027356073818911954,-0.028265870368498078,0.02526093125131104,0.05508756878265183,-0.06282671148818501,0.09418732649116035,0.050906358698086,-0.1262931699250315,0.024800100667524815,-0.00402051364949727,0.03925490778119363,0.07391965733567436,-0.1421811274085297,0.08401792785834485,0.036258076128594594,-0.028323271357494705,-0.05987520498735149,-0.10771618123864606,-0.024408686010354425,-0.061322516811941306,-0.005598873016935882,-0.017839228908757363,0.5348967923886129,-0.07626409517716401,-0.1389756634057871,-0.4633402853044003,0.22227110663974073,0.025062313543818368,0.01644196288637138,-0.0919127093975328,-0.003566650299723547,0.07131046403787233,-0.06775835411285251,-0.05197554239976514,0.020224467740979534,0.057578025192055064,-0.02604014177187011,0.036502408213090136,0.0295751985172448,0.10044456272228962,0.043382519715567606,-0.08806830895494443,-0.046281754309886125,0.06223874564452604,0.09429848852888763,0.012687293244943793,-0.0034335974565137084,0.019303248560867438,0.013222331117318234,0.1888636129901102,0.0591570148000137,0.010199075400904646,0.05574094064396018,-0.011619327730346136,0.0030860015569194746,0.022173883839733906,0.2035728186984421,0.028887794879166043,-0.13438177509193514,0.030114278822416577,0.018964131088659446,0.11461089862293151,-0.2057150748709055,-0.022879702101356453,-0.0007087986470761698,-0.0593381225430715
blood_glucose_std,0.14107435310103342,0.30462900413483796,0.15281827709701726,0.12887499079951173,1.0,-0.010949048381671286,0.1413197201215703,-0.026720351277937274,-0.010345529217618896,0.02890107135044106,-0.09792696220588124,0.1062444488679207,0.04659118548439197,0.07477380438180017,-0.12522092877060334,0.06839044342632387,-0.09271403624779848,0.044385787669302526,0.015536420494254152,-0.06500200604672533,0.12606685494523556,0.1922242773644318,-0.021382295234205956,-0.044537111232285924,0.03868293532735039,0.03732249689365293,-0.13847493171899475,-0.07482796398231019,0.03512544846549384,0.21060824352645,0.049066819297741884,0.21365741751028536,-0.11407786121010048,0.03759732823260316,-0.1847619160992129,-0.03036180194168226,-0.024534141510129167,-0.051989718637365935,-0.2017627910677243,0.06297215762790222,0.07051968109191448,0.0691669549275157,0.005117857514091886,0.13948322414701195,0.10987321101898961,0.036040981917731835,0.10344247909291421,0.0313600524542735,0.06712248442232147,-0.24452018050695218,0.05158798668913317,0.03552927270005762,0.07285224432529172,0.042196329404687455,0.018351504533180678,0.11964133183933114,-0.08065991582704012,-0.054734253039579205,-0.13604287536509324,-0.0957377470198951,-0.037606880986190284,-0.15914732421069752,-0.09364684836384136,-0.09015916633667719,0.07564796258011695,0.06474049998833954,0.086202481078886,-0.02033390046458629,0.10683831377852505,0.05258710839069361,0.009577570023579894,-0.02735740807004848,0.11082379509387526,0.13702542213119492,0.04533878813761795,0.1408233794057188,0.023742642482653713,0.07209855510913636,0.1739259493536117,0.05889903832501738,-0.08876648118995518,0.07723473977513792,0.07705463337659256,0.08416847129985815,0.06306451951721533,0.1662781460272889,0.23678133414311792,0.15146278897076723,0.021257629603375808,0.04181496312270277,0.007409599735149889,0.07836057802022008,0.085116903927496,0.05330009132051444,0.07472002021350298,0.06254826200135105,0.009913451342740265,0.08946727074067716,0.28906947959526474,0.08048294740006103,0.023836020207878967,0.1324102078334709,-0.14456273681685727,0.027133746160632816,-0.12742676151099933,-0.07523201976864204,-0.12911992840318617,-0.07093587747827593
total_steps,0.3609404481493108,0.001861074628850442,0.047640548484916306,0.33787350342409195,-0.010949048381671286,1.0,0.29236250127669183,0.3806500907146689,-0.0641237696118925,0.05649655190314159,0.021922019702424442,-0.020372576603274246,0.13166886180931958,0.08696673997992783,0.3570003047082599,-0.46400108482441427,-0.0641678411223615,0.15710633432034957,0.09762456164402787,0.22708317621199098,-0.026726928213287007,-0.10843726960259095,-0.06684771497712402,-0.03499237874850042,-0.04328759397377495,0.05483973822202968,0.13667631954972817,-0.055656994541280015,0.0036076092169869786,-0.07448746105104752,0.08847058465620038,0.06556625064970599,0.10530328881422592,0.08790271588160539,0.08805810597532353,-0.04707287418793377,0.26559062522489557,-0.07442846259511297,0.15741977904368687,0.1177511411239074,0.1234502357609548,-0.01780769949527498,0.04634933233486472,-0.05228545165392726,0.02467112810609291,0.0944456064710594,0.0058625454241927576,0.03900534337572548,0.10645949325526635,-0.027142679810195698,0.09501947879888802,0.030781754786686873,0.036289957818817616,0.055106181430747574,0.04570484298184371,0.058765118567756916,0.0843844771190909,-0.0009452679301480091,-0.014665079578845056,-0.08011385301273019,-0.08735657800830374,-0.014181934075056002,-0.06160031980041706,0.021240661571602582,0.2770195462515166,-0.022115840964715434,-0.08152521099770295,-0.21511935562168277,0.09283988872315048,-0.005456135763471117,0.06285023078529664,-0.04738823609502787,-0.022201123086297434,-0.08789445937917033,-0.03649837372270909,-0.14427740008123213,-0.08311679636200192,0.008286473615395317,-0.07150590224120246,-0.02270363942511764,0.02163414312991055,0.011561715686755543,0.015328167323965712,-0.0974849351505753,-0.11369758122241776,-0.11394636065953052,-0.1414315188026218,-0.09407039869642697,-0.04539458384029879,-0.018090708593618637,0.013467504578819896,-0.06653172824663596,-0.0011943461176260697,-0.08137884117064517,-0.007959618280904671,-0.017351843589263595,0.0031681255296461303,-0.05067642701076899,-0.060189268862166204,-0.07804186123026544,-0.07612826419984074,0.11259484881799697,-0.1147622386313459,0.13108957527584883,-0.034427115501756464,-0.012142471704020833,0.011084203864851459,-0.01824860107804324
resting_heart_rate,0.7905620175103507,0.14028080825117878,0.17220188479365206,0.6813080303430235,0.1413197201215703,0.29236250127669183,1.0,0.28481680180954144,-0.22595943822830944,0.1697311614683427,-0.13745456579586288,0.038460751322073265,0.07746838819949593,0.07007718124913119,0.06317163099245446,-0.1964517684478433,-0.23710660957841834,0.05876057071182248,0.0029979796210751115,-0.14095384162022395,0.13467002067748776,-0.038059983781245366,-0.13055218955739464,-0.21432203146702627,0.07184128771281187,0.07799142945039175,0.010959965586439843,-0.10877129403802242,-0.02110453742175268,0.03381015327410176,0.23838600124674678,0.13533947949242175,-0.03272374162358061,0.1057662616764714,-0.1946735053398915,-0.04586880802529686,0.10803982112361576,0.0008996196894200519,-0.17682137319354604,0.0008511427862958241,0.045978826509719996,0.0657897439986345,0.04711007199416805,-0.03544777288116944,0.00021921354452611116,0.04754938354121562,-0.08357303676697249,0.081533601133349,0.023511799242492023,-0.08723958578393005,0.027786292779021924,-0.04041621679252736,0.07005618241402882,0.06865748973943145,-0.1844742896207584,0.06543112526868233,0.06111669393920515,-0.0060083274406591515,-0.06811516219084485,-0.0985918703601629,0.00024191034233555738,-0.03912369538407456,0.05114016673575456,-0.04745759545874388,0.6005042125952725,-0.09941768198487606,-0.15409052069020132,-0.5353920695418862,0.23841953297861962,0.05469765398411828,-0.05929602289955469,-0.06552205984696392,0.0018939616464841225,0.09593453326764934,-0.06656865346030848,-0.010032176887629796,0.04302176168596202,0.07125393650813344,-0.01139656001818298,0.04235237569711994,0.0401554418091868,0.13653921799594237,0.04581912431245747,-0.10191522232543697,0.012157023404401723,0.12878449318052848,0.16038033607599053,0.05136121679725879,0.021729443669501625,0.025907590303715627,0.004966492808937128,0.23191828888490199,0.08049435383291348,0.04358482879888172,0.05617696030129553,0.01515847313018498,-0.009631711444891677,0.04545180922493234,0.2674344141798268,0.039476245633819504,-0.09829436881367591,0.018555181870864874,0.07896590328969845,0.007428278060076266,-0.22979115882336995,-0.006874681865609052,0.009538071288731619,-0.05614356498186589
total_kcal,0.3414137208507183,0.0038365876464018134,0.05123051622396183,0.28797263431064546,-0.026720351277937274,0.3806500907146689,0.28481680180954144,1.0,-0.047373132373532266,0.054608821239717775,0.020243374070173868,-0.030654858803406224,0.09426389437058705,0.08279694450125738,0.30584506047463667,-0.38370968079596324,-0.07357471609396948,0.1269869189736094,0.060840819564475984,0.14847871495109696,-0.027202461973221074,-0.11733327487790417,-0.06124118852396098,-0.01797488793032005,0.000975731714862144,0.010517282066034172,0.11264559971329587,-0.025509447949774687,-0.04012560067299118,-0.06853647381137853,0.08874039778079688,0.044234093290952015,0.08198368542381136,0.08513021575461266,0.05540529053169951,-0.03884725424228298,0.21703161094138132,-0.08571835769062003,0.10277110108919635,0.0641424948425121,0.0677711421967095,0.009635040445753527,0.019896053720569067,-0.05355282681014779,-0.009371783986312377,0.06887047881302338,-0.02297422692492352,0.05705394579364249,0.04048817638673311,0.04278985302305239,0.06681839653064672,0.00029173766140754524,0.016775087714699228,0.023614339247138665,-0.008925316226371025,0.04152700635027325,0.09630186599093186,0.009807828776706745,0.013956965549887226,-0.030466997505436962,-0.01713620729563283,0.009514177529034386,-0.011224703652837184,0.0007678139523980585,0.2533724156335078,-0.07376600362950757,-0.08257675680954635,-0.22740407152535777,0.06391788081858532,0.00958852137164862,0.00381707946895074,-0.01504977522190427,-0.020929819546782392,-0.07057913560007685,-0.058002326226414457,-0.11520354926310054,-0.04545478710664188,0.011531637127029084,-0.06293864551701224,-0.03351676715357476,0.0645279562151403,0.005959015647993542,-0.0032204253838861315,-0.08316484582914152,-0.07362895516107865,-0.07719942298381204,-0.11062931496831038,-0.09792827101157628,-0.031270391271291956,-0.030133582979381585,0.03419365246013157,-0.011408375501040803,-0.024377781082010587,-0.0576704067626496,-0.00536214341128202,-0.02525404008975026,-0.0010652106941644419,-0.029650110727889766,-0.0429649425486384,-0.07486470556010849,-0.0549889769545269,0.07285230043948107,-0.029247246383493287,0.034715204712538465,-0.022157634779686585,0.020520355681811223,0.025922920257606966,-0.0013702750263287235
sleep_light_hrs,-0.20473944864121366,0.00901364102629271,-0.030007337903132234,-0.22151674466914806,-0.010345529217618896,-0.0641237696118925,-0.22595943822830944,-0.047373132373532266,1.0,0.01662656828068736,0.07302866279066741,0.0003979033708674034,-0.003146266562844884,-0.019380138047109564,0.0014021921558107914,0.024112932358104435,0.1268180532317591,-0.014070972517832278,-0.00032293507357614447,0.13869130435360674,-0.025237535711174413,0.054880787001084404,0.057847985692516084,0.06225829199590862,-0.010001224148510702,0.0034659959643449758,-0.042991313801368704,0.04041640963643485,-0.052022680120220426,-0.008718574865760609,-0.1000911580425908,0.007510114737936266,0.03607179924229973,-0.030613738097696477,0.08771979602312456,0.03898696284115034,-0.026370633042061265,-0.11415324100528149,0.085062839365226,0.04966357688188955,-0.015005308195335583,-0.008840417802377345,-0.003884066903061808,-0.02162905988129362,-0.019918913903702797,-0.000763431636656512,0.03003630021680384,-0.04765233961538024,0.025251769683713607,0.10837580007761839,0.035699259049270675,0.005533140286308281,-0.018051101961684916,-0.022277495323798087,0.09999854640945302,0.01117287041150119,0.04489484332107159,0.03496660593754944,0.011959000097031484,0.06845385052591109,0.0012880269894308852,0.024971801843081506,0.051762813135095724,0.0519422543692975,-0.16650359310696522,-0.01749601664898769,0.06294140359702478,0.1369765708738865,-0.1133496802495354,0.056254381575871655,-0.038152798140879095,0.07627495875830492,0.046534860095951674,0.006032777699692838,0.09883012381226457,0.08339014668788179,-0.009257964119431904,-0.014482067631306352,0.03457210764478792,0.04042474738299026,0.016242506985663784,0.02399523239987635,0.00820198427505174,0.0614948004859497,0.026147826684068527,0.00488475807749968,-0.06268742504173971,0.009976737784200086,0.02526025689699406,-0.012598269216615318,0.014482465710127212,-0.10147898402278473,0.05222634406754017,0.023031643820297633,0.057207612362327485,-0.006023521751219364,0.005320782082177765,0.006851529921617338,-0.066359285229701,0.004712173287834394,0.022311702713589066,0.097960374443407,-0.03739793958373164,-0.05443283625107304,0.08721492377969324,0.020628129827706173,-0.012355854368317534,0.0667352524750717
sleep_deep_hrs,0.16396308010643218,0.08432625185766167,0.08622457954873548,0.13175526101464263,0.02890107135044106,0.05649655190314159,0.1697311614683427,0.054608821239717775,0.01662656828068736,1.0,-0.01968080895268443,0.004184662894423269,0.013768532615159743,0.0578608681170998,-0.030991141874495625,-0.01215320573433816,0.008186712534641243,0.050653582941108714,0.004228369100358825,-0.06423407415037223,0.06576549993215187,0.09451019547644238,0.023219847551768542,-0.04779645706792449,0.09178711213392929,0.03549580087176193,-0.010759129928580828,-0.019497850715566516,-0.042876117113110984,0.03647316060586996,-0.0210124326363462,0.050234107601557984,0.026676492100366593,0.09923744483900607,-0.10776788156684115,0.007606918720495346,-0.08230723465374383,-0.053664257150167836,-0.07086079591247108,0.031042864956459755,0.028641911529550375,0.024564367068824706,0.013238326977347422,-0.003645823034794679,0.006922148033266587,0.022250075622540246,-0.03394147925150167,0.015074876118961448,0.01816869698846646,0.012393387486001717,0.0439853073093628,-0.026877589079550242,0.04634660515382403,0.01764749409509465,-0.026178032163261384,0.02405886064084883,0.05796481214325709,0.015915134652280248,-0.03342620257162216,-0.03411713019394336,-0.04205684461535662,-0.009829949099251625,0.06073391827982844,0.020736000211575106,0.19130771047206105,0.0011151019673946738,-0.02963556118830325,-0.15981555462452252,0.08977237871298313,0.04660205523724946,-0.03837998459971065,0.037009902779131826,0.008421672185334031,0.08471174399610362,0.027433446780550867,0.05654720452256674,0.04565316294941533,0.05983587311287363,0.00016457054092791114,0.054875022314010376,0.01280976887860965,0.0917105970883871,0.0040531648839942395,0.025867458811951228,0.029728101602193205,0.055098481602909026,0.0713572934386651,0.054287724002082836,0.03762303432069682,0.03544933607242852,-0.012884757982375244,0.08311785991194463,0.054091180273739305,0.06146380283083642,0.05033016801561843,0.0004322734159679692,-0.012404200389484133,0.0484537370059385,0.09134610599403806,0.054977265284306916,0.013762936760624457,-0.01608995754660447,-0.008458674743119865,0.002925029192880322,-0.030088733164783672,0.030228585273458484,-0.002746670684399962,-0.005587217293564475
sleep_rem_hrs,-0.127226420720957,-0.1076464192043851,-0.054813580110985326,-0.09633661970286334,-0.09792696220588124,0.021922019702424442,-0.13745456579586288,0.020243374070173868,0.07302866279066741,-0.01968080895268443,1.0,-0.03228731996737371,0.020953282443927655,-0.020462884306125008,0.1121242572796368,-0.09951392743287185,0.0487533707707515,-0.014063085092459725,0.04948202229747031,0.09639939808091061,-0.07160402719885671,-0.009317412709165904,0.034239750599223004,0.06819190274481422,0.023448368791050733,-0.003934716002243739,0.05155740604131774,0.002281525319508951,0.07155772042029435,-0.06186837486799174,-0.05947825259518562,-0.08196152731538685,0.12301354664427142,0.014018040443794835,0.1469521790269752,0.0004532384199492914,0.036877940908707746,0.0732929492114561,0.18519526539070058,0.00861216719711134,0.03092848058633103,-0.0186608585326252,0.012470167631005976,-0.015407019346523285,-0.03415017560409161,0.018392509510948295,0.0007904247308968039,0.01709416353359219,0.04125475106344546,0.08837665163798734,0.006189153212314171,0.0383141094855981,-0.02778262058059734,-0.030566470462572576,0.05150542997369068,-0.06671383895699066,0.01731423236309837,0.012191147374314652,0.05576212599607162,0.06781535895292086,-0.053956020766426804,0.023516822867637063,0.0467262299478327,0.05967082228547582,-0.09136743083458411,-0.008173478762835432,-0.05634740876870245,0.07841379711857932,-0.03306374341113966,0.016510962508711393,0.057427652157414334,-0.03561434709596856,-0.04337450873288111,-0.058370547694792094,0.0025571738590862195,-0.06881967064045087,-0.03124686976453972,-0.06331400959849644,-0.09329756888618804,-0.0001054356651053092,0.010315994986961202,0.014037938814882847,-0.012636191331133707,0.046418385007398644,-0.06518973775906022,-0.1300241504120997,-0.17070148467857188,-0.06821903933513751,-0.023821613931560997,0.007134742712577441,-0.007687278530686891,-0.09856109534061902,-0.010254335142181641,-0.05051725964133744,0.018010697016574154,-0.010972636188906044,-0.006763657258183185,-0.03325731131350836,-0.17788482766944752,-0.002632303121459215,-0.17797615974441947,-0.03178914743423442,0.15967558557196862,0.05588561739229061,0.09529290936342852,0.018478479633955974,0.026644077892600825,0.046304901474998855
sleep_awake_hrs,0.03179058143643207,0.09033132377755719,0.07199888521473433,0.04904398491867403,0.1062444488679207,-0.020372576603274246,0.038460751322073265,-0.030654858803406224,0.0003979033708674034,0.004184662894423269,-0.03228731996737371,1.0,0.0009075074036647742,0.05064431536392701,-0.08457594286139254,0.036376931987675824,-0.08892062503345974,-0.007332765114253904,0.004637280817416171,-0.07348268795209169,0.08828027525267491,0.050665320808085224,-0.04377338408202785,0.0024254617721034327,-0.0009867827977585026,0.02078233972558174,-0.07329165163236133,-0.010525770598387793,-0.03684896978350663,0.06106388957126546,0.09977893529149699,0.07413856946360117,-0.04867994676143686,0.028278370978894022,0.013237433323334335,-0.030383971087770457,0.020312878738291344,-0.05665320797945162,-0.012017116714870718,-0.0028711560346140375,0.008517305229316478,0.08736988910233129,0.015906765512539504,0.04602834963190393,0.040755223925648676,0.0193664555285516,0.017072983407388314,-0.002467869895258878,0.03467491430489126,-0.11509493177579996,0.00540816891749489,-0.0018859884112683854,0.02611453089006462,0.08752077629170668,-0.017979775919148098,0.03723836018010508,-0.026676744645551594,-0.020577198725655596,-0.0434958426222319,-0.06061550467015895,0.024543432528359808,-0.014851744510005007,0.005921151297888768,-0.07131821355726382,-0.018530539853178738,0.04484087496038236,0.06127279657069888,0.02121802677308768,0.029843190908559098,-0.017552773045858137,-0.025356620627349793,-0.02976910424108478,0.030162429806978322,0.05536668295002432,-0.019943738202959835,0.03157907052603777,-0.001881242386819326,0.017662302972031276,0.053488360664354376,0.008487250621629196,-0.032554193562570936,0.040045949904489606,0.00462749749521427,-0.01411396758967342,0.025696265166046534,0.09400559800733628,0.10798553261811826,0.07663582079204295,0.009089891181482847,-0.010400960478892404,-0.01614361663866273,0.07080708502913843,0.018941142935596636,-0.003567717110396118,0.023543441059392205,-0.008628104449217107,-0.0012041278457579484,0.028281425124683464,0.10087299600899143,0.018895963484367322,0.05351903879245589,0.020141989785646054,-0.056485211430587115,-0.005513306074146985,-0.09239379738861336,-0.02257392319104702,-0.026207501930343345,-0.04967821069281757
act_generic_hrs,0.1154156039841563,0.0696846138048893,0.030858242145295627,0.08770951021267855,0.04659118548439197,0.13166886180931958,0.07746838819949593,0.09426389437058705,-0.003146266562844884,0.013768532615159743,0.020953282443927655,0.0009075074036647742,1.0,0.1052009604042996,0.06505769826896264,-0.14143514699499754,-0.11064827708734938,0.057123977765042896,0.05883679332908441,0.022828688703422674,0.04437719841494271,0.03354407967121901,-0.029495513764698975,-0.04111280334272303,0.008963209722504242,0.09154965343011291,-0.012264414902831271,-0.015258867102281588,-0.03487369131007231,0.07526938199801095,0.09641595559637503,0.06740387385439765,0.032891508600223475,0.08789305378278768,-0.021099002119090403,0.011125092814671873,0.10323491847124079,-0.06317191195162192,0.011695797183740626,0.09887117982460407,0.11607384595688865,-0.003425047691278292,0.05806644093066212,0.07483670561725564,0.01151586377054645,0.09849969536441706,0.03281555143370645,0.08580737569352405,0.06723335478037905,-0.13786034423607754,0.08152280165712057,0.02659164698847353,0.04860502005500412,0.07817909723183086,0.05434599508885121,0.08736679357778461,-0.04994817450548997,-0.10625760823415809,-0.12837912616167604,-0.11655064625932737,-0.09756910817725616,-0.1623157007109098,-0.09624077380225407,-0.06295389339959018,0.07166555764676823,0.02308957950721516,-0.02839543094590001,-0.03741986083473773,0.03856061507628046,0.009638727390283413,0.006473292814884202,-0.0024021230909162636,0.04368648021243115,0.03941263098612224,0.006368111337058656,0.036302599512357744,-0.011467033401456788,0.046407840611554056,0.02789031048305668,0.020207198149926244,-0.006534221493879444,0.060776126870950714,0.03838809938255866,0.018332734647856896,-0.027556134850511785,-0.02596701743416276,0.03121092156999657,0.0032639715862739526,-0.003804733948996241,0.05889586522722879,-0.002489847870073315,-0.01828759987528458,0.05717859649785729,-0.015561345918036824,0.08179048245992392,-0.008985309929910645,0.09699020008029066,0.039874501850369004,0.04379583737821044,0.026234722190636422,-0.10386260147960427,0.09364098421080999,-0.031931129025728124,0.09369377393049214,-0.08028190477459819,-0.05862859206782311,-0.06959225895768885,-0.054720506676036854
act_running_hrs,0.08551635396077546,0.09560709399824721,0.04456559461114048,0.08488294548738601,0.07477380438180017,0.08696673997992783,0.07007718124913119,0.08279694450125738,-0.019380138047109564,0.0578608681170998,-0.020462884306125008,0.05064431536392701,0.1052009604042996,1.0,0.0221578204282334,-0.06564119020776277,-0.06523104388787838,0.09030439477282785,0.04675143877055935,0.00737208034305505,0.06202662486307195,0.09281167845493137,0.016805106534084156,-0.030930300720629526,0.015018651365870987,0.1325548789014592,-0.026206059217777054,-0.02203368420742152,-0.061742435444301955,0.08495283797909739,0.08782110952476727,0.09461718258361596,0.015791239745517004,0.08773403029661268,-0.054128222079445204,0.003996838615919904,0.07224003687103038,-0.1076466795051094,-0.027153403171030394,0.14379617959016638,0.1309458358679809,0.002210126719622142,0.05853056454995278,0.1293738035902548,0.04916936235145688,0.13135757348450716,0.079096063391999,0.12474900204850378,0.06977380474519797,-0.21374440135028158,0.10868356603017204,0.027047204650151747,0.07507774418030415,0.08289111094184282,0.06184335431807941,0.13340565262826218,-0.06238517998534009,-0.13843896468403286,-0.1398093287284993,-0.16526214543342677,-0.07143685398387487,-0.14394225398382554,-0.12866710074912324,-0.09982002682774364,0.07127931960768068,0.017941122513271665,0.011565405484054998,-0.02581368781929814,0.06320881478499367,0.023017697281413545,-0.039768391789503976,0.04698667268618516,0.042397052965279805,0.05031862683352778,0.01995642457035705,0.043723211028808565,-0.0019567786906291894,0.08521027366752691,0.04416320624648071,0.031934583591023996,-0.02286695516262963,0.06037965585280766,0.06610224626483484,0.020761653393833582,-0.00575708452304818,-0.03146530379886459,0.03730335594379757,0.023618462603119585,0.010154087494884046,0.0486653873204629,-0.0050384489590140635,0.013873445737578686,0.03218902095636667,0.03152253599325815,0.06274535246710819,0.02389895154169954,0.004284468542449972,0.08865772023725255,0.07439911146189102,0.03848353824046866,0.061346020516995954,0.02462095754798842,-0.13143050213198126,0.06369642402049198,-0.06544339137017491,-0.06806918084585295,-0.13604324752166197,-0.07062205914612114
act_walking_hrs,0.13670897207950305,-0.06981798135094087,-0.02755260213801154,0.11084500897966175,-0.12522092877060334,0.3570003047082599,0.06317163099245446,0.30584506047463667,0.0014021921558107914,-0.030991141874495625,0.1121242572796368,-0.08457594286139254,0.06505769826896264,0.0221578204282334,1.0,-0.5048494660532554,0.09564368802456724,0.13859043938850926,0.08523881282939805,0.3180470123170162,-0.17237709519261957,-0.10624282489517047,0.035180517459350344,0.08939915898568856,-0.041446009369774155,-0.009997212042507909,0.17213022929971475,0.06421540708463079,-0.02375842506850346,-0.12274894993751194,-0.06830636281144405,-0.02508782209082026,0.1768627221505022,0.011864062854901474,0.19219445138394498,-0.03377583151779437,0.20173278807633674,-0.05414309707985526,0.2661199570176072,0.09223653492505532,0.03127617719721065,-0.06331983713942985,0.05481084776625217,-0.062368071068642866,0.041386194753723966,0.08773449357082666,0.08994147942414453,0.02602345728268947,0.07892415360346482,0.08906027823722816,0.09099471614830668,0.07477751094884057,0.017841267493481583,0.013485447049343785,0.1438727022023482,0.03046618203376528,0.11838568175488032,0.017982263578406543,0.027433103931795086,0.010460591705446286,-0.05941969354584559,0.055777949581499425,-0.06613882132473868,0.07176911193169214,0.11520040269096538,-0.0406507919981274,-0.04476801496905015,-0.03161516440485792,0.04436563983793684,0.007670016610206561,0.05787813788177065,-0.010881214577650766,-0.050169659470488716,-0.19991185242416937,-0.010522752606842033,-0.17306356291355798,-0.1109476471092548,-0.03561552471316133,-0.095329478267763,-0.07729234545554677,0.06921799725811414,-0.06385931641748087,-0.029568857429299423,-0.06540054732274027,-0.10514516152160269,-0.19112582085469054,-0.30231200244209955,-0.13416058324556607,-0.04862569636784331,-0.024164999359099666,0.010547259477385787,-0.20422094158647208,-0.10020142917977637,-0.11924363884020377,-0.03661086920140953,-0.014885168242384072,-0.007765214110283792,-0.09110587793658617,-0.22249815849357227,-0.13361908173221773,-0.06895820280757085,0.09284600457843319,-0.04112483732043094,0.05981703475364642,0.10292723215765842,-0.02692422362688512,0.03291160091718473,0.026640220744725687
act_sedentary_hrs,-0.2782042983263571,0.010874110153095267,-0.010020907899898918,-0.2195229941430033,0.06839044342632387,-0.46400108482441427,-0.1964517684478433,-0.38370968079596324,0.024112932358104435,-0.01215320573433816,-0.09951392743287185,0.036376931987675824,-0.14143514699499754,-0.06564119020776277,-0.5048494660532554,1.0,0.052865814500828064,-0.14701734669839936,-0.10636681787709619,-0.3480798012297551,0.11503250763051077,0.10163562631562943,0.04195729674247754,-0.04339010158683542,0.05739974007345511,-0.05498719218006516,-0.13556332932090964,-0.023276554620084156,0.03623769583707727,0.10320237511769263,-0.08358676027387377,-0.02415061740177784,-0.1612203038624147,-0.060274183214123964,-0.18250192091979628,0.045221569722797006,-0.37454048016162866,0.09811227246049313,-0.2630477645560606,-0.10771675288758327,-0.08045478731600351,0.03085446665920293,-0.10269812894848059,0.03204990510581736,-0.043968385079538604,-0.12090710315345657,-0.09226115380537635,-0.06159927906596083,-0.12563132005907093,-0.008651117240522319,-0.08822594288399985,-0.08851471194660325,-0.037521091095361545,-0.04251169933714179,-0.1617082781995772,-0.06508234562086736,-0.07066174075946573,0.04719960614542197,0.021123929019597785,0.039225102997151234,0.08072801527032683,-0.00647325420723502,0.10591992970235499,-0.013158941086019185,-0.1907357902249251,0.058746264154388585,0.09375041519494286,0.1537926895562015,-0.02187831789996469,-0.05573840820015133,-0.04725684835535933,0.05052607286772283,0.036854370511851385,0.14656079249523382,0.020056593252676055,0.18810089409859812,0.13286471856313709,0.02138560969855671,0.07344979945139984,0.08912381110458677,-0.03778216538860355,0.027335605254038206,-0.0082885650796224,0.08750332872360998,0.1305045205365527,0.18930612662007076,0.26847018441511006,0.13373340799525213,0.0673354629695298,0.032692800491890675,-0.01737971364729142,0.1814192425988945,0.04169927570161203,0.0960582378466135,0.01927678342224685,-0.010047143119951873,-0.01542705794010549,0.09246931318929164,0.14664665386551326,0.13064568293848278,0.2045044470506713,-0.20212453575548206,-0.005324248418084733,-0.06804270449422012,-0.021283756869737453,0.08263325800355527,-0.023982815820145244,0.008372101984386716
A/G Ratio_value,-0.22763871225864196,-0.040879766226805586,-0.015217596309248696,-0.22232107876288637,-0.09271403624779848,-0.0641678411223615,-0.23710660957841834,-0.07357471609396948,0.1268180532317591,0.008186712534641243,0.0487533707707515,-0.08892062503345974,-0.11064827708734938,-0.06523104388787838,0.09564368802456724,0.052865814500828064,1.0,-0.041081969839440895,-0.015410347601331068,0.2919567417819821,-0.156008023070553,0.1513506643271979,0.37217727862938105,0.18358807931181034,-0.04377593789644523,-0.08383542912056917,0.08969989306622557,0.14429844083095422,0.029100893365833297,-0.055242095712938324,-0.7826594268046254,-0.05485605583517139,0.1804324458115642,-0.13469414472774666,0.04262996358374784,0.10299972761923387,-0.5741865982331136,0.01987233428727429,0.09165994136941753,-0.02881576659585526,-0.05909593048677218,-0.15329006953260324,-0.09937010590129745,-0.17075620019646467,0.14618938465389086,-0.0661128517399867,0.2282275795461254,-0.09983295750309784,-0.026001625696639913,0.2455930481376894,0.07213749024845434,0.08319491751037279,-0.02641182112515965,-0.1651681590024032,0.2305524802169509,-0.020345694116494405,0.20196082627602277,0.1541070895985312,0.08396735681328338,0.16499002724145864,-0.10190686045935572,0.16264553505230148,-0.019056064129343357,0.1973651783819525,-0.03170308591013257,0.1247766710291189,0.16588418703266197,0.19360687741552027,0.17200310046216064,0.07014693490106311,0.05096369904908996,0.1567908280570453,0.05037639392991806,-0.09152297863154854,0.2142434037967673,0.14666070390291217,0.048618890937478745,-0.009020233330968219,0.01526373748679832,-0.0027048760141275296,0.00895983244227516,-0.026391093144918394,-0.008334517420191225,0.18328819378871825,0.007275099251781505,-0.05799285934486078,-0.13400170224092395,-0.02857482407181671,0.05145725256916294,-0.04253184531531137,0.01141610551318814,-0.2747045204258156,0.02006007244954164,-0.026217917286973244,0.018277917786919187,0.016728673604446638,-0.0032908262540623473,0.013215649170151916,-0.14784391885182405,-0.030342728289329678,0.3506340177374503,-0.046121237872091436,-0.33646322076921786,-0.0024756139904958245,0.28815312348004385,0.1501390047576781,0.017474756473829546,0.1405839767387734
ALT (IU/L)_value (IU/L),0.07529794374319988,0.04704614286139357,0.08845907322362556,0.06081333525247816,0.044385787669302526,0.15710633432034957,0.05876057071182248,0.1269869189736094,-0.014070972517832278,0.050653582941108714,-0.014063085092459725,-0.007332765114253904,0.057123977765042896,0.09030439477282785,0.13859043938850926,-0.14701734669839936,-0.041081969839440895,1.0,0.1524677733279606,-0.024644046073813628,0.014895546567296412,0.07227767488611272,0.0118566400948442,0.013721134199754043,0.050034790502717405,0.07387667839354474,-0.007559846349832165,-0.06912299849954782,0.012470525507048713,0.04264760816909627,0.07011841679052443,0.0495082792777738,-0.03541498438130997,0.08399495662053717,-0.0768195872591788,0.004579485153289058,0.046630515209588934,-0.11114485082930375,-0.07400347639919591,0.11954326993715698,0.09552564986917646,0.02403730647317301,0.022009588858861624,0.04787323111529289,0.005614491172025627,0.06822439960915452,4.138807195313557e-05,0.06273421555797366,0.06851173088853528,-0.08435147766319007,0.07735781279631447,-0.015365527120303472,0.05998491001107129,0.0837060824836421,0.0024756689588105196,0.07572682342732366,0.010889839174300732,-0.05627206237625683,-0.04865970374720059,-0.09545984219160379,-0.051559359950252626,-0.06309008125906933,-0.0660857684128361,-0.04301655524628953,0.0662360866323829,0.04982498572856795,0.05184079399168874,0.006763047878615152,0.07745928616708495,-0.032538192411770424,0.03783720235810464,0.04963260655330858,-0.026965648331239055,-0.03930580852728547,-0.012032448570231474,-0.05918500467298815,-0.0036368793887186558,0.029176282042643782,0.01644379359158766,-0.004892104440915193,-0.002496312895050758,-0.03303003557428454,-0.003969641625786977,-0.04525544614728276,0.010269645898035454,0.017515398316610434,0.02915231613163113,0.012515103019324436,-0.0059831667457444955,0.008288415538344232,-0.013303077736620853,0.011907228827037814,-0.04424689865316557,0.010539054969616999,-0.03233713850620584,0.0032798983354346434,0.010881580311016738,0.036852520818620116,0.05707065426928162,-0.042260308644898235,0.12297065146139033,-0.03174595544043955,-0.14983052811337777,0.05910229368156714,-0.04784512668218965,-0.026082619394345734,-0.03248123362090775,-0.04338531806420678
AST (IU/L)_value (IU/L),0.004292800016160277,0.010887021026143856,0.05384610379225755,0.028634613319996196,0.015536420494254152,0.09762456164402787,0.0029979796210751115,0.060840819564475984,-0.00032293507357614447,0.004228369100358825,0.04948202229747031,0.004637280817416171,0.05883679332908441,0.04675143877055935,0.08523881282939805,-0.10636681787709619,-0.015410347601331068,0.1524677733279606,1.0,-0.0321173751381205,-0.010413749574861204,0.05002130314468388,0.04192894224487138,0.03224723664844031,0.08325395432290797,0.029042454542097397,0.012641283766479336,-0.0464474652774808,-0.001250330678974795,0.012687167345626593,0.03205129657307623,0.030273549698779986,0.020496388548046765,0.08819041886026052,-0.02691789949424472,-0.004232142045479288,0.024519855573203596,-0.02711581085226309,-0.01463770330338232,0.07840362280124857,0.09353263768560942,0.015673540345077883,0.04047273810026549,0.05319183173807121,0.057352326973375715,0.06256507058864709,-0.005864627268658947,0.07240706935926465,0.10293628017294001,-0.08998906374096362,0.08148695763721257,0.029030105820996983,0.034424438842844955,0.07304230785867744,0.01766776454422661,0.03207173025621837,-0.038304230596283795,-0.02955082709946422,-0.023841822574474373,-0.06027612642888273,-0.061201020108785344,-0.05600964726625222,-0.029394305870201896,-0.0052687948445698215,0.052709178739374835,0.0876356670415905,0.014398874966869181,0.05134648183962245,0.10577582856746613,-0.026430576822006002,0.07583202159229124,-0.006072847186137291,-0.03357831811955469,-0.0326640672957972,0.017676702192517785,-0.07642282540848601,0.004515028805871857,0.021764079339320588,-0.058589821434564635,0.003673690919315817,-0.031652521129974666,-0.024624981569263002,-0.0021658097565272296,0.0006460585734761921,-0.05170386731368678,-0.017322959667960217,0.020202524139082866,-0.026046686074629094,0.013907220397628742,0.0029719790415149347,-0.004349795764355834,0.02000370503874716,-0.04622556618299037,-0.02749771034424361,-0.010578727929963273,-0.0023481327535354183,0.004418463381104817,0.018900591622117775,-0.022972746777609233,-0.02982643096889143,0.041361008849845435,-0.08888208278694375,-0.06737054415358387,0.10408550580512696,-0.020173424436760463,-0.018587949989966185,0.03317609027253378,-0.015532348683251148
Albumin (g/dL)_value (g/dL),-0.04300289475702294,0.002617422977940297,-0.06808786102996475,-0.08727409463105726,-0.06500200604672533,0.22708317621199098,-0.14095384162022395,0.14847871495109696,0.13869130435360674,-0.06423407415037223,0.09639939808091061,-0.07348268795209169,0.022828688703422674,0.00737208034305505,0.3180470123170162,-0.3480798012297551,0.2919567417819821,-0.024644046073813628,-0.0321173751381205,1.0,-0.2013933679998017,-0.1082270494042159,0.020377414765839687,0.15521095895050785,-0.2141597935891887,-0.01900862453192253,0.2302175407123021,0.05671402185987352,-0.036054674865345526,-0.14219250949330461,-0.24734732160918427,-0.00011545347117207227,0.15222060688177624,-0.09493850601530027,0.2930121661673757,-0.017682239829336362,0.3483916108080337,-0.08751976683010869,0.35063491341051123,0.040010433500320235,-0.009042157070463963,-0.06267874388683693,0.010507946401700783,-0.11634479075528906,0.10984018282516948,-0.0029705833571546892,0.14503343268537036,-0.08619993949667075,0.0002267495258176789,0.12095120508600538,0.05176766350265715,0.03946449496940097,0.007344162883590519,-0.07303447931330093,0.30480919253686695,0.01636275252055172,0.1257340773658355,0.04660883341983751,0.01948926576688,0.08961925556843803,-0.031082896371892356,0.05056438685353195,-0.11019898700480399,0.12655117377231942,-0.08863086483171147,-0.017353793266349667,-0.00641438189322401,0.05024567442539371,-0.07872530633928007,0.1018707044426047,0.06672474097071167,-0.07431361539105703,0.031187188291411726,-0.1685609286404403,0.08155612570450073,-0.037622296336794134,-0.18117451658467937,-0.05927406599034267,0.02906650308836767,-0.10279331878105386,0.011060802641647686,-0.03323661123062318,0.007350055711474989,-0.0027349159021520433,-0.1408099841308662,-0.1379734428482319,-0.2938203079295148,-0.09287229002142941,-0.07180872029443292,-0.04250520468120039,-0.0015213460981269836,-0.3171970388747793,-0.006756071744373173,-0.14408838480640201,0.007586811777588977,-0.005372554161101754,0.00035859904329376573,-0.09680888599468689,-0.179908417972702,-0.16621319010562863,-0.1165328665643468,0.3453215280581928,-0.18300144637087196,0.07361779816689379,0.17401337113436385,-0.0623726547683539,-0.03717282894786135,0.06786571421628898
Alkaline Phosphatase (IU/L)_value (IU/L),0.117807947814084,0.13737742162135405,0.08554841534247959,0.10311401439499458,0.12606685494523556,-0.026726928213287007,0.13467002067748776,-0.027202461973221074,-0.025237535711174413,0.06576549993215187,-0.07160402719885671,0.08828027525267491,0.04437719841494271,0.06202662486307195,-0.17237709519261957,0.11503250763051077,-0.156008023070553,0.014895546567296412,-0.010413749574861204,-0.2013933679998017,1.0,0.09573010768344031,-0.08741781240054748,-0.08933183130007746,0.052898139046552384,0.07179087251563963,-0.11518375031910541,-0.04764788365452827,-0.04074316728631228,0.13101880924497944,0.15940585591829068,0.11705430918487529,-0.0854809608168709,0.0692885643091101,-0.11829303816943204,0.025142933773208413,-0.027946542488823268,-0.08047567081916274,-0.13248499970957348,0.04339394581672548,0.05819416255256415,0.0779341716306902,0.0014576783434149683,0.06277856825293464,-0.03225148937143627,0.04043217674304413,-0.012921931648209203,0.06628919532949475,0.03053803693660144,-0.13087647351959789,0.012289740785420793,-0.038459964274078315,0.050684758752476286,0.06555340747743317,-0.09603624650017831,0.0639673667055621,-0.05257439452394973,-0.029409317841028248,-0.08702256052066167,-0.07686026962741378,0.023292234668608,-0.10352739133289192,0.03364661272038679,-0.07743150428232469,0.03654058968587646,0.028330706916700817,0.01949473659164896,-0.03288662799913482,0.02012612955647036,0.024172581397387552,-0.09769586897367938,0.014657621614649532,0.06865079517221837,0.15833002408434974,0.0067143649169023505,0.1272368348793257,0.09401423406309871,0.0952458141385318,0.06952107477483559,0.1006724204782314,-0.01192943291549154,0.09300645270629483,0.05699293698536247,0.042832634585920425,0.05253976038974106,0.12438173341621891,0.20249777674093766,0.11973177319181286,0.06062080363200777,0.04749816225185058,-0.013115634938870729,0.15084966673538427,0.11604591964920218,0.07287368251948473,0.09513877264982046,0.01762572613929472,0.01692190394706108,0.106452950780418,0.18310612500154497,0.10980310019589878,0.04764827479079218,0.04457649641322465,-0.044008471093868795,-0.04301935740772209,-0.1397043511080796,-0.009794253228340268,-0.03524348982191229,-0.02366495912223422
BUN (mg/dL)_value (mg/dL),-0.054092371002110284,0.23555485027632575,0.14773892891379678,-0.05414674387846642,0.1922242773644318,-0.10843726960259095,-0.038059983781245366,-0.11733327487790417,0.054880787001084404,0.09451019547644238,-0.009317412709165904,0.050665320808085224,0.03354407967121901,0.09281167845493137,-0.10624282489517047,0.10163562631562943,0.1513506643271979,0.07227767488611272,0.05002130314468388,-0.1082270494042159,0.09573010768344031,1.0,0.23886154782126245,0.037114860501335015,0.11069959712143693,0.0855802864128248,-0.16109214854880066,0.02160111405413081,-0.057675478335214504,0.2916068583815915,-0.15576691577451157,0.1592095816381265,-0.04601544800883684,0.04710448403186121,-0.3064623983573976,0.088012069373478,-0.27903389153607167,-0.12281584363511011,-0.2854400566641312,0.11218507704176595,0.05406371909756288,-0.02543620464271048,0.04722845460571836,0.17618831734031903,0.14197115313029682,0.05254076315804955,0.22057067344206902,0.0903335080975604,0.09429312997646144,-0.1837155437795572,0.12234870219356765,0.043533952326489475,0.10183815679476908,0.02892467078787196,0.1162747473472864,0.14853540227498757,-0.12658795772960965,-0.1015602371451824,-0.14954695171809582,-0.07084661140464465,-0.07080800103432718,-0.10511086468408475,-0.11366338369435325,-0.0403588593455837,0.06698141908152422,0.10379239277504099,0.1650128398610316,0.08956806451133746,0.21422703870356774,0.07799101911761082,-0.034724365575999366,0.08922181153389959,0.1600002845783179,0.09806413163641145,0.18045973392533696,0.24624913248053418,0.08772517067047185,0.10603785924076982,0.1816934518273078,0.024174963399901543,-0.0743190410821515,0.007518765454458406,0.07378589728339677,0.23711265905706425,0.14707501532907702,0.08374637224157491,0.17524609914890094,0.192670181930054,0.06265358455870629,0.04101930417558163,-0.013856440245869338,-0.03756338512875061,0.0836625768582842,0.1382403639154005,0.0955288857598878,0.07504383572968765,0.009822878336461942,0.12032343665049743,0.21338308654615912,0.1036742810790664,0.1719497549291838,-0.05369619378928194,-0.09445160681564163,-0.052451127507760896,-0.008695607978792754,-0.05727179815684079,-0.11682039341941265,-0.059095718642682434
BUN/Creatinine ratio_value,-0.13417838971308205,0.02923124861958203,-0.01228019514291811,-0.12305115886752666,-0.021382295234205956,-0.06684771497712402,-0.13055218955739464,-0.06124118852396098,0.057847985692516084,0.023219847551768542,0.034239750599223004,-0.04377338408202785,-0.029495513764698975,0.016805106534084156,0.035180517459350344,0.04195729674247754,0.37217727862938105,0.0118566400948442,0.04192894224487138,0.020377414765839687,-0.08741781240054748,0.23886154782126245,1.0,0.0754278415173228,0.05517429987273589,0.0009044086848206546,0.0174368948757096,0.14352570233669656,-0.07785892961610921,0.0588508344557606,-0.35309676952721597,-0.010730015197066754,0.11859766792618563,-0.014233691878391328,-0.057359257862688535,0.09492202577684677,-0.359368217039132,-0.027442527317670357,-0.003808383713697295,0.0286895233680362,0.024166720525656084,-0.08193459308204813,0.025453816347027022,0.021091218016531403,0.13176526343933945,0.02951002077101299,0.19778341069275684,0.018423596235007784,0.033004320487987904,0.03453322854300388,0.09000652431384049,0.10605313861349482,0.024728893077926944,-0.022191440885189196,0.1707292844050968,0.021516322211976843,0.009632076308534373,0.00906924452565137,-0.004634712648414172,0.017945659764169397,-0.10064109657897764,0.012386869964654799,-0.0724557787430951,0.03552224417351413,0.04203168263441116,0.07538177047780481,0.07465511196479749,0.10235364780849401,0.14433057607854896,0.06090015398118377,0.0054111163645159405,0.16857876753650516,0.03845055659695247,-0.0050831468296904225,0.14059639530044693,0.12284582379553509,0.08109148255908769,0.025863353962420045,0.005971567658358587,0.021107367417399277,0.01623937831504078,0.031871671878627286,0.02430299545381897,0.16337902175146962,0.06730554226864825,-0.031055080766006563,-0.041585968075480546,-0.0016104526508106654,0.0703737410090513,0.009171476622350985,-0.018185348213089994,-0.1197069178725136,0.046495436205587735,0.025019746675101234,0.03929637966608016,0.007863117504706564,-0.015672044939479685,0.023650761124739978,-0.030820031605991217,0.02424622431976225,0.17764479489157856,-0.12597113883794397,-0.1004769929719492,0.0037134262815202573,0.11304193603398495,0.036672722239514906,0.009187989420559341,-0.014970123126762101
Bilirubin Total (mg/dL)_value (mg/dL),-0.21561071845584912,-0.030252109756274265,-0.02573549511464232,-0.1942391007468956,-0.044537111232285924,-0.03499237874850042,-0.21432203146702627,-0.01797488793032005,0.06225829199590862,-0.04779645706792449,0.06819190274481422,0.0024254617721034327,-0.04111280334272303,-0.030930300720629526,0.08939915898568856,-0.04339010158683542,0.18358807931181034,0.013721134199754043,0.03224723664844031,0.15521095895050785,-0.08933183130007746,0.037114860501335015,0.0754278415173228,1.0,-0.040084032927947016,-0.028400845667863276,0.004242789991924828,0.04455284127086183,0.02548264192363963,0.0036606945897786863,-0.1777745663845482,-0.03453794011078515,0.03604480798327109,-0.05569912147953442,0.037001105515345446,0.022064170693223323,-0.053370799789477036,-0.008369870102562177,0.0369538823681789,0.014494049338813084,-0.0365769599391929,-0.03281575960628107,-0.029045032701014904,0.013700435980662591,0.07093599037736978,0.004287804522712138,0.09386707013236571,-0.0699337014071048,0.03058359043080672,0.06092104603425799,0.013656261650018318,0.0504035896516239,0.017010278783436052,-0.05320526185468137,0.13025002335424438,-0.022697417403835952,0.010538557106887055,0.0058115664905354,0.005973327893350775,0.08797279650724203,-0.0010048556671102232,0.04964679776740318,-0.032791138774269646,0.054907094658624325,-0.16500592545259685,0.0649682173474863,0.11762788135437799,0.19538185577399997,0.0006228318886266989,0.014676276022806922,0.027441868185210487,0.030605063124413984,-0.012362885617365713,-0.12959141664653936,0.027595190668118268,-0.04067827010666057,-0.05365510333107359,-0.008702621462213239,0.04266643629817878,-0.08150179530659815,0.0006702073702649188,-0.10481830009705378,-0.028955406735435087,0.021122970041786628,-0.024394605850533244,-0.05845295331707947,-0.11314551878209661,-0.02455698470822074,-0.025091236422808298,-0.05915710936095146,-0.022950336989085014,-0.16784189427042434,-0.08377467768460463,-0.025926283301852423,-0.04292129278528125,-0.024332428439980822,-0.0029402039069017093,-0.029047002087393387,-0.112637445971673,-0.09240432238145492,0.0832084346826846,-0.011039149821861017,-0.07242049762504203,-0.01717745425099719,0.14229561701387328,-0.01658334816971222,-6.819464603523462e-05,0.030530919504652504
C-Peptide (ng/mL)_value (ng/mL),0.0594535909624268,0.005570134558206253,0.08449594739544244,0.07549211316397908,0.03868293532735039,-0.04328759397377495,0.07184128771281187,0.000975731714862144,-0.010001224148510702,0.09178711213392929,0.023448368791050733,-0.0009867827977585026,0.008963209722504242,0.015018651365870987,-0.041446009369774155,0.05739974007345511,-0.04377593789644523,0.050034790502717405,0.08325395432290797,-0.2141597935891887,0.052898139046552384,0.11069959712143693,0.05517429987273589,-0.040084032927947016,1.0,0.036039162285576146,-0.014122047086970027,-0.029605361711838647,-0.02739724168909757,0.10015967362630429,0.019818150513873218,0.00040705586645069784,-0.0537811356503564,0.1106237743700086,-0.18018849022724126,0.0025973222617507665,-0.12159177721284954,0.028660715849750013,-0.18262948938043783,0.036224163329089926,0.0363542259082048,0.009500619511029562,0.012070418008578125,0.04541065246021523,-0.016977399113001525,0.03043661607053111,-0.08377671376625324,0.059900032483447094,0.026964909353494493,-0.00150000090843319,0.02045049413979573,-0.03271364086661906,0.003556296943089778,0.0014080575106431956,-0.09485844609683491,0.013970319313334718,-0.04029823984882248,-0.02218206678952439,-0.009024491986379387,0.0019082087055901761,-0.0007409563443723844,-0.003083124297692521,0.1009261896124251,-0.005547448428234638,0.14601479855303862,0.024671261010775974,-0.011037592640126265,-0.046725088526970736,0.15010763711617664,-0.0020149705125932843,0.029491140197846512,0.012454190017029623,0.0023997492410929404,0.037030739828277884,0.0109692670901358,0.00031619410578457565,0.06995824925668413,0.0335720122589065,-0.02683553093054605,0.04568813613819266,-0.0258428689502306,-0.0002911162992590565,-0.010205286561506896,0.04664746168779989,0.06183168405970922,0.0378069362746332,0.10235588062873464,0.05316963460026132,0.010929135172269566,0.020820535133471773,-0.02217708589347536,0.10103908510978224,-0.03316517878574304,0.05784594627761493,-0.016797531512434977,0.004415384098111898,-0.018667032892965896,0.046210005729530004,0.08995900071196075,0.06552860385565742,-0.05124984342412505,-0.14879237154901426,0.13694578178297676,0.018094254724013954,-0.01546189254354653,0.03624830755438877,0.04808338760106485,0.014822214071823001
CRP - HS (mg/L)_value (mg/L),0.07984965836988586,0.07312132538940175,0.05599161391921738,0.08015401663843076,0.03732249689365293,0.05483973822202968,0.07799142945039175,0.010517282066034172,0.0034659959643449758,0.03549580087176193,-0.003934716002243739,0.02078233972558174,0.09154965343011291,0.1325548789014592,-0.009997212042507909,-0.05498719218006516,-0.08383542912056917,0.07387667839354474,0.029042454542097397,-0.01900862453192253,0.07179087251563963,0.0855802864128248,0.0009044086848206546,-0.028400845667863276,0.036039162285576146,1.0,-0.031104394526007176,-0.0405218490320419,-0.006481425092249124,0.09493990947803865,0.09584744047214425,0.07478289884481863,0.03974768528924848,0.05060824582140474,-0.01563433998781562,0.03363779940891946,0.053591150837024475,-0.054669176544009504,0.01719027966830297,0.0801298142452088,0.1067987559264281,0.014904866449102428,0.05759994331212287,0.08789033614333411,0.022205965967890984,0.07255306571963394,0.03429617215871717,0.09734206163627107,0.06690435116870232,-0.13621566450345168,0.07057538484186511,0.04687513323851681,0.06950110500988954,0.08323726815256616,0.034400449862725745,0.08802886060838047,-0.08564559377000973,-0.08906929945370351,-0.12321757797352519,-0.12091316271383352,-0.07792544751143966,-0.11357375889844135,-0.09856603868992861,-0.07502982747342124,0.0780201574458922,-0.024515435969692863,-0.027362358021989254,-0.0421471846507151,0.04123477307696782,0.04147386559589801,-0.04803229074525363,0.015023044964793342,0.06832170993098005,0.0613317160389388,0.023325003773960407,0.06429438173202047,0.014289389557022598,0.05989334115072201,0.03281203986254462,0.0439136084066442,-0.01348750499756841,0.07345767156653527,0.0797894175532548,0.05587312187890963,0.02691686909670102,-0.001131137634556509,0.027155209135721,0.06633433026223126,0.045062206003247375,0.06264976547749994,0.05638817657505542,0.013024546331466167,0.09097951849185647,0.018504853026898613,0.06416151625478599,0.020475681691963715,-0.0019877401566427756,0.049489444854915535,0.08106807796505723,0.08403495840402454,-0.04797380975822145,0.03988273926913163,0.003781004629548738,0.016082092064444338,-0.08389401978130141,-0.046588084893842155,-0.07861124512326093,-0.07350975734000988
Calcium (mg/dL)_value (mg/dL),0.031835063887090564,-0.12423434879971158,-0.04174590908461837,0.04618318539500628,-0.13847493171899475,0.13667631954972817,0.010959965586439843,0.11264559971329587,-0.042991313801368704,-0.010759129928580828,0.05155740604131774,-0.07329165163236133,-0.012264414902831271,-0.026206059217777054,0.17213022929971475,-0.13556332932090964,0.08969989306622557,-0.007559846349832165,0.012641283766479336,0.2302175407123021,-0.11518375031910541,-0.16109214854880066,0.0174368948757096,0.004242789991924828,-0.014122047086970027,-0.031104394526007176,1.0,0.07924246710152123,-0.06506405120304595,-0.18372884318133223,-0.0645342434309258,-0.11764315181858831,0.12497123261139122,-0.005196543643356589,0.17245154825349365,-0.058168727357896285,0.13535720239114657,0.0783964284381316,0.17796691630907738,-0.029925571530755417,-0.01210185194541904,-0.03635577338480159,-0.015982039833532385,-0.11706147542701346,0.007833215914568762,-0.019582698624819615,-0.06399102062393895,-0.06354473461167577,-0.021588513807058656,0.13526206546155453,0.003219493057514401,0.018726216796981766,-0.08244157306942505,-0.03906583875686268,-0.006227688540088204,-0.07318276835103732,0.0878011268443847,0.06926365986346499,0.10995729708193344,0.050350282231769745,-0.014326520329002614,0.08305729759328888,0.025442077932306698,0.07462559150254558,0.04909803205064962,-0.004154866153019547,-0.09202899055457188,-0.031940771907258615,0.030695524140604214,-0.034409714423646896,0.11582161198173692,-0.06263179548078784,-0.0869829351785918,-0.10502030835893611,-0.08510935585316792,-0.14388267676702918,-0.07135826335622841,-0.05490128049648676,-0.10214233910438934,-0.06563249347859244,0.024619879436012237,-0.050615619341920076,-0.0871851819230835,-0.08234806281556101,-0.085662649445837,-0.11481875795905216,-0.16709974546136286,-0.12059324781784066,-0.07059065014558631,-0.050138084519872034,0.0079187513687881,-0.036198276014011106,-0.07572349525670856,-0.10000580941691271,-0.04678189824289827,-0.02509402283464204,-0.022617052183807683,-0.07874170258198056,-0.1507148861735359,-0.09834420712653492,-0.09054718258384863,-0.025452727483365592,-0.009025408410029244,0.13427097005527333,0.06553872997321568,0.031242253596782354,0.08428598491906814,0.04786506651726523
"Carbon Dioxide, Total (mEq/L)_value (mEq/L)",-0.09817171396688677,-0.012848573391705432,-0.07199117402762682,-0.1053139105461181,-0.07482796398231019,-0.055656994541280015,-0.10877129403802242,-0.025509447949774687,0.04041640963643485,-0.019497850715566516,0.002281525319508951,-0.010525770598387793,-0.015258867102281588,-0.02203368420742152,0.06421540708463079,-0.023276554620084156,0.14429844083095422,-0.06912299849954782,-0.0464474652774808,0.05671402185987352,-0.04764788365452827,0.02160111405413081,0.14352570233669656,0.04455284127086183,-0.029605361711838647,-0.0405218490320419,0.07924246710152123,1.0,-0.2695661605157868,-0.04535756953152064,-0.11909106116359475,-0.02362620520354081,0.10848074534269765,-0.05379220618565487,0.08133713379783473,-0.0019992545066274065,-0.09628992082099432,-0.030394843862269205,0.11245366687294421,0.0070328141450734195,-0.03365164034431432,-0.04552555143871655,-0.0038205935885341144,-0.012583137549974808,0.05373610903190623,0.023934495442476153,0.14136698366413575,-0.0002124395713345612,0.0367888455630807,0.07021056920587898,0.031066193556770913,0.052696973715115385,-0.011964485189569893,0.005319900382330301,0.08209819423898124,0.006122062562397103,0.014746490334821631,0.03751075447997873,0.00900238824636539,0.04495865604887605,0.04079144872247082,0.06163995966027965,-0.015278358943595171,0.0297115678867838,-0.0706856784705466,0.009014789788286142,0.037826602374916946,0.1115919571777917,0.022156832902962567,0.03908386771926587,-0.04741484318962513,0.11034596052312871,0.01206261619497118,-0.059943142508376415,0.03452787897480878,0.03156209313262311,0.0003345592651878843,-0.01444270157392005,0.029873489396466515,-0.02917986202864496,0.03906210270678896,-0.0159548319478488,0.0010210505854306479,-0.016409321904391826,0.013784779229964333,-0.05068105804711653,-0.12120986903526353,-0.051144106199322144,0.02311749704656376,-0.031394370660197665,-0.0004003552502750017,-0.10464735504093409,0.001313882818581336,-0.014589027660531044,0.013485970873448112,0.013692935793875868,-0.012084380708845356,-0.000690813030056397,-0.13064660713182544,-0.03787524848856015,0.07517969774426111,0.008151598995015424,-0.005974544329059852,-0.0855390706776474,0.08555480884261346,0.020646214223888442,0.017761273845511173,0.00418756140549521
Chloride (mEq/L)_value (mEq/L),-0.02099277587447392,-0.057344781959658614,-0.003634048913449895,0.01280378057770932,0.03512544846549384,0.0036076092169869786,-0.02110453742175268,-0.04012560067299118,-0.052022680120220426,-0.042876117113110984,0.07155772042029435,-0.03684896978350663,-0.03487369131007231,-0.061742435444301955,-0.02375842506850346,0.03623769583707727,0.029100893365833297,0.012470525507048713,-0.001250330678974795,-0.036054674865345526,-0.04074316728631228,-0.057675478335214504,-0.07785892961610921,0.02548264192363963,-0.02739724168909757,-0.006481425092249124,-0.06506405120304595,-0.2695661605157868,1.0,-0.044291183985058546,-0.09126761475995325,-0.040338018381173735,0.0035935793562403306,-0.023893197901181714,0.045979850996355924,0.07811654923205488,-0.08154818244677167,0.2226565290724958,0.03159230428138877,-0.06649858788856326,0.01541206667297989,-0.03527627540746802,-0.04670124130318006,-0.022944631973687634,0.03417841147023766,-0.048515611353188985,-0.04440001011196217,-0.0035849281203378046,0.0033948354596858247,-0.008046173334859756,-0.03869395195645851,0.06076425260151864,-0.009122046975885579,-0.08007132962843641,0.010848190123751562,-0.0959531795485361,-0.028511692744481135,0.010260078274912621,-0.004469525506047329,0.0070127042948678366,-0.07833697922036494,0.007913544531054093,-0.016075196596163417,0.03180213131195692,-0.03534011437759784,0.012898055113418487,-0.047932190522011,0.035972931902802006,-0.017300919191478262,-0.023619920549823068,0.0846065249034646,-0.10472995344566517,-0.0013223909704876962,0.003062437685194688,0.00816321779059744,-0.009747042279495369,0.00019641803638853028,-0.013367810800456075,-0.02718039421592762,0.02539836458793597,-0.014751383351322199,0.000675051820407152,0.0024654208857006975,0.06347684052491272,-0.03382820691850935,-0.0203014640965241,-0.020007621977685477,-0.006104894765687374,-0.001807547638094548,-0.002485369386568871,-0.012795276096095374,-0.02216088746149577,0.013615113830367823,-0.04490403305084422,-0.02267706170906464,-0.008217017268749748,-0.020951025181343723,-0.061524422074890124,-0.03502436763335072,0.029806705011465373,-0.10379419088432072,-0.004512572850839871,0.0009101158662208386,0.1267334286259533,0.009846062916155597,0.02331170162602027,-0.0028473820523935312,0.01943878598392479
Creatinine (mg/dL)_value (md/dL),0.014979339348008196,0.24594389326088503,0.12692051366592091,0.020529365944844127,0.21060824352645,-0.07448746105104752,0.03381015327410176,-0.06853647381137853,-0.008718574865760609,0.03647316060586996,-0.06186837486799174,0.06106388957126546,0.07526938199801095,0.08495283797909739,-0.12274894993751194,0.10320237511769263,-0.055242095712938324,0.04264760816909627,0.012687167345626593,-0.14219250949330461,0.13101880924497944,0.2916068583815915,0.0588508344557606,0.0036606945897786863,0.10015967362630429,0.09493990947803865,-0.18372884318133223,-0.04535756953152064,-0.044291183985058546,1.0,0.052987748439196805,0.15775577995068307,-0.12494177804981857,0.04186984782372104,-0.24869573960884692,0.03163982760542535,-0.09192260781730482,-0.0812887175297646,-0.25425846342853636,0.07283449963166307,0.028924393382479305,0.05525619640669834,0.06688708648367479,0.19905714094933355,0.07207138882398167,0.0404481899068936,0.11221436772983576,0.0575605578075822,0.034971957131435194,-0.2426913472839187,0.05731778532570543,0.013807568048043,0.08151566753901737,0.0750909811723719,0.04670712122586691,0.12608970326324354,-0.1451904119230648,-0.11993421421181993,-0.15771351885788723,-0.11268339880130629,0.0007574645709005325,-0.11832111537294247,-0.10758686856510326,-0.09731008604895597,0.07022697231522611,0.04152008857115362,0.1304425294691979,0.03319789980550588,0.1392829560927982,0.06435988248630295,-0.0733433273610679,0.059434612478666916,0.14523551465574513,0.07836464263575815,0.06883779497690805,0.15603874311408472,0.027143859340058214,0.07556408697928067,0.20752991540658802,0.005882217683602618,-0.06449934432261882,0.014736623130932804,0.056221592467556473,0.10854602705290514,0.12962053774441146,0.11808034928271309,0.2092726593523805,0.1902005456787985,0.03451373313402313,0.08445227910570494,-0.012857329321682164,0.01704546009163071,0.05301373540948969,0.11349753968652805,0.07161975733029895,0.0469680310937724,0.021956160979704743,0.10614243154024666,0.25769630156556655,0.0680361601344044,0.1353640589225108,-0.01829482701825731,-0.05025087473787347,-0.0907943111703365,-0.0815539406212973,-0.07014609178742798,-0.11786760752715188,-0.07095911918387736
"Globulin, Total (g/dL)_value (g/dL)",0.22391004499075287,0.028590654004303405,0.017208089204556413,0.19568339431750595,0.049066819297741884,0.08847058465620038,0.23838600124674678,0.08874039778079688,-0.1000911580425908,-0.0210124326363462,-0.05947825259518562,0.09977893529149699,0.09641595559637503,0.08782110952476727,-0.06830636281144405,-0.08358676027387377,-0.7826594268046254,0.07011841679052443,0.03205129657307623,-0.24734732160918427,0.15940585591829068,-0.15576691577451157,-0.35309676952721597,-0.1777745663845482,0.019818150513873218,0.09584744047214425,-0.0645342434309258,-0.11909106116359475,-0.09126761475995325,0.052987748439196805,1.0,0.04825524302454238,-0.19708340841873456,0.1286013157907183,0.019844088890657897,-0.09090690898929796,0.6535563877382197,-0.07643887786957262,-0.05886815539324224,0.039335021188081666,0.04707729048558687,0.19025071264614313,0.13783543973708104,0.18089647708678663,-0.1533956627038301,0.08368723337112177,-0.2172466014580187,0.098117371228812,0.029639947331690446,-0.273062538577712,-0.04663452574860203,-0.09934685340564962,0.05598664722177465,0.20292074829892298,-0.240555162099819,0.05796531703188746,-0.20335055653700854,-0.15802873714116825,-0.09919567776939062,-0.18384518265136895,0.13452890955581678,-0.1790945212973064,-0.012639424393055149,-0.27840782909767997,0.006319144633571547,-0.11395469237020062,-0.13694533379196672,-0.15446918248479802,-0.18054781940781475,-0.07172613041805764,-0.09518998758363754,-0.13660267264156256,-0.05078222202117279,0.05556580704047121,-0.21863395319572748,-0.17415093398956444,-0.0495915425161326,0.007871510336159016,-0.01937285692331177,-0.01436726379294929,0.01907111380034638,0.013490664312219982,-0.0037786967672400534,-0.22074437913861358,0.022210776173899965,0.06585385477886416,0.1130418883817393,0.013560831713960097,-0.03752064153384331,0.027120558488984536,-0.004342073330490648,0.27636170369090246,-0.058600513185904465,0.047572461496988135,-0.04245494275068835,-0.021293889280872932,0.005890523565992056,0.004066007826940311,0.15294363725370763,-0.002346623145724063,-0.27509124719920397,0.02283153948429181,0.33466809102948364,-0.08449988335351336,-0.309158161074734,-0.16581602031556114,-0.025353446614272867,-0.17074294546876032
Glucose (mg/dL)_value (mg/dL),0.13912376067625212,0.23219747418498113,0.11393504122933915,0.10782202666265081,0.21365741751028536,0.06556625064970599,0.13533947949242175,0.044234093290952015,0.007510114737936266,0.050234107601557984,-0.08196152731538685,0.07413856946360117,0.06740387385439765,0.09461718258361596,-0.02508782209082026,-0.02415061740177784,-0.05485605583517139,0.0495082792777738,0.030273549698779986,-0.00011545347117207227,0.11705430918487529,0.1592095816381265,-0.010730015197066754,-0.03453794011078515,0.00040705586645069784,0.07478289884481863,-0.11764315181858831,-0.02362620520354081,-0.040338018381173735,0.15775577995068307,0.04825524302454238,1.0,-0.03223166884949141,0.0355272885096055,-0.11919704993617058,0.016139303896540218,0.009107640365042004,-0.13237020032946406,-0.09979143939463725,0.10096179366339254,0.06322487314506381,0.029621287870510427,0.03911434332973126,0.11607770116733636,0.10448117605621932,0.057953509362788404,0.14430736487241422,0.05875524087373474,0.07165792307582854,-0.2143182120656291,0.07684851724619697,0.011964317855167082,0.07866322016440466,0.09267179547311268,0.08506394435025788,0.1466317819208374,-0.07140770910108545,-0.05794586241994232,-0.14860738754022929,-0.10611523154320593,-0.0400062428520543,-0.1145648832961207,-0.10453498402166987,-0.08729666838649737,0.12110837840846254,0.043520017824471874,0.10021467441066506,-0.04196896043977351,0.1022515384406069,0.06565023139329289,-0.04802231096268196,0.02434972788783307,0.10595540851623009,0.08124587094625217,0.028641666905356543,0.1300706329891921,0.017564311169827082,0.06904424456264012,0.17369014300870966,0.01488075404374791,-0.044594456598466926,0.05396983603636093,0.07674050826794464,0.01600182512926633,0.05740443414233028,0.09428843910886091,0.14665097542631625,0.14288034021908008,0.0575300393284918,0.02840140752459811,-0.0013075137798277665,0.02167445780840704,0.06322545006018347,0.05201274569360743,0.09434771276182875,0.02774239411958625,-0.00290154472199698,0.0984732644811544,0.20734186630261578,0.0511934070127017,0.09763938031278085,0.1403937937892369,-0.17382164655124047,-0.025463002449866386,-0.11821500968244592,-0.07448276761897764,-0.11754676102915286,-0.045789454101456066
HDL Cholesterol (mg/dL)_value (mg/dL),-0.00046294056225564087,-0.10528906926339551,-0.07865201696480013,0.017045868194261425,-0.11407786121010048,0.10530328881422592,-0.03272374162358061,0.08198368542381136,0.03607179924229973,0.026676492100366593,0.12301354664427142,-0.04867994676143686,0.032891508600223475,0.015791239745517004,0.1768627221505022,-0.1612203038624147,0.1804324458115642,-0.03541498438130997,0.020496388548046765,0.15222060688177624,-0.0854809608168709,-0.04601544800883684,0.11859766792618563,0.03604480798327109,-0.0537811356503564,0.03974768528924848,0.12497123261139122,0.10848074534269765,0.0035935793562403306,-0.12494177804981857,-0.19708340841873456,-0.03223166884949141,1.0,0.025937972561213784,0.2797300879562952,0.04143765447543058,-0.07593301717331966,0.07420265729301571,0.39945741668652024,0.020910763076037057,0.06304349705627556,-0.10148907837245359,0.01598962198186303,-0.047457792067630386,0.06882399084241764,0.03877428215144358,0.08919427302464483,0.030386374624401417,0.0817570172629063,0.06353016776462617,0.08098956733306638,0.1230572169268957,0.012193843669366372,0.01194825158793997,0.09651483722464903,-0.031339947132490546,0.04141969332449387,0.010798669730489768,0.055041129292719086,0.011635661117072078,-0.17885958667720225,0.03469128333546168,-0.04353227081409753,0.07374578015085802,0.09940983504979985,-0.03224245604884927,-0.10289153521884307,-0.015599284285152183,0.041593667079380316,-0.0024053535666699434,0.08078551795586474,0.01710900062707171,-0.029450743907790577,-0.006397582252051793,0.04406922555603835,0.006186833494436737,0.036257457611569656,-0.035779845836611694,-0.09834750979603396,0.060378756154370196,0.07118131451101721,0.09560480669471524,0.014595336600896517,0.058336709969520555,-0.10399964090339921,-0.17722329890129937,-0.236826373151698,-0.109473434103774,0.013227771630471025,0.019741317111419136,0.008461286031983815,-0.14313254597398334,0.08303425069971018,-0.07670623692379692,0.06146684907587761,-0.009093666316741824,0.008097428188845212,-0.050333549482067676,-0.2450531646369594,0.021917518058595112,-0.07223472155667131,-0.04295897007774784,0.008603341078915732,0.11340760375480774,0.07373722621438895,0.04980500375128136,0.05183789949189001,0.007502867520173433
INSULIN (ng/mL)_value (ng/mL),0.10901067455407128,0.009739624803446105,0.0648611620895035,0.10661353222591294,0.03759732823260316,0.08790271588160539,0.1057662616764714,0.08513021575461266,-0.030613738097696477,0.09923744483900607,0.014018040443794835,0.028278370978894022,0.08789305378278768,0.08773403029661268,0.011864062854901474,-0.060274183214123964,-0.13469414472774666,0.08399495662053717,0.08819041886026052,-0.09493850601530027,0.0692885643091101,0.04710448403186121,-0.014233691878391328,-0.05569912147953442,0.1106237743700086,0.05060824582140474,-0.005196543643356589,-0.05379220618565487,-0.023893197901181714,0.04186984782372104,0.1286013157907183,0.0355272885096055,0.025937972561213784,1.0,-0.06426099097836091,-0.014414352670392936,0.06679142995553712,-0.006218035505602397,-0.028278852785851166,0.07760126838410981,0.09436315263324535,-0.005912418670973379,0.06162335997103414,0.06903822092004747,-0.040760305211593455,0.07102320740905332,-0.07078326837940209,0.10279493608959411,0.06124010870902427,-0.0890129154580761,0.0324269419970795,0.01439340443875797,0.05775423329369891,0.07130359749082059,-0.048702205441928464,0.005449268999110475,-0.05154076635784392,-0.05759650480293813,-0.027667138772521697,-0.09889961660875975,-0.07995199473854514,-0.09869940814937668,0.017482955573672222,-0.021079545575815577,0.14502002378116177,-0.009619525650966538,-0.08514348151654787,-0.0914782744851781,0.08175530940013265,-0.029575647274606993,0.035758345897470636,-0.049601289436803545,0.007279216713505664,0.07669637176565068,-0.022306780005444178,-0.008036528513245053,0.04662647094890971,0.025192410300085913,-0.05687153821363499,0.05482862196018055,0.006894307977834952,0.030316880310911655,0.015123566201192852,0.010459036316399377,-0.02550135660146918,-0.022480079786531694,0.04527976664265987,0.028997885878507716,0.0027840185607630142,0.05142577968298739,0.03127610407767522,0.11814570637357748,0.03866010505883454,0.005764356860531479,-0.002365377381968797,-0.005796392699103077,-0.006191166586975444,0.03432644256692049,0.05089224234260952,0.041391169676141266,-0.11943952320428576,-0.07570061443436481,0.06556937628575013,0.12058706167438106,-0.09444888356379627,-0.017007286299598606,0.014379867970878115,-0.05261001759748871
LDL Cholesterol Calculation (mg/dL)_value (mg/dL),-0.17601641938165244,-0.1912383421089259,-0.17039159868373926,-0.14820141774841117,-0.1847619160992129,0.08805810597532353,-0.1946735053398915,0.05540529053169951,0.08771979602312456,-0.10776788156684115,0.1469521790269752,0.013237433323334335,-0.021099002119090403,-0.054128222079445204,0.19219445138394498,-0.18250192091979628,0.04262996358374784,-0.0768195872591788,-0.02691789949424472,0.2930121661673757,-0.11829303816943204,-0.3064623983573976,-0.057359257862688535,0.037001105515345446,-0.18018849022724126,-0.01563433998781562,0.17245154825349365,0.08133713379783473,0.045979850996355924,-0.24869573960884692,0.019844088890657897,-0.11919704993617058,0.2797300879562952,-0.06426099097836091,1.0,0.014755683521502203,0.20449204139831548,0.0642267350367988,0.7991609518940245,-0.024652615666328336,-0.03476131822682693,0.023958627719420245,0.02247820851180578,-0.16490103819255583,-0.04657831582445388,-0.001238344448537839,-0.08416501576217007,-0.049565185640375174,0.017023231800629545,0.16616404299470924,0.00466745781294908,0.06977020779188203,-0.005313916230733626,0.03235945329580825,0.07335301917664201,-0.1024830557873344,0.1107126823930262,0.040349205417591925,0.12759347995097298,0.07856705481631654,-0.05835546412696951,0.08794580766930539,0.0141971322283821,0.019867445455307085,-0.16962513926676376,-0.04577026245703998,-0.1176137472963884,0.18235850630502365,-0.1231517501543781,-0.017788784456091736,-0.00034241659159172234,-0.020384146011270973,-0.089450997402272,-0.04665201100689802,-0.09210374420047548,-0.10085770052621931,-0.04336942445806958,-0.05539157371625504,-0.16059815903368607,0.040526970288631586,0.09035553802677712,0.08294912304729682,-0.02319338557022029,-0.11578255422464453,-0.11281743994910212,-0.15102640933012804,-0.3018229289677705,-0.19724037886180162,-0.007170429823785422,-0.018209996418382036,0.01392026341352427,-0.11280036321765541,0.031496332534128556,-0.12779268639015318,-0.0018176775365794763,-0.04002439924002765,-0.00960817834411903,-0.09398303379009736,-0.38404004309821504,-0.06171256157629882,-0.10371088939499284,0.06646043616033119,0.05625245687349684,-0.002580042029550061,0.08722461481882912,0.05502600196855055,0.07293291554466533,0.044237447292910764
Potassium (mEq/L)_value (mEq/L),-0.03720741127916769,-0.0018903892420687575,-0.020928923308314334,-0.05192254574094236,-0.03036180194168226,-0.04707287418793377,-0.04586880802529686,-0.03884725424228298,0.03898696284115034,0.007606918720495346,0.0004532384199492914,-0.030383971087770457,0.011125092814671873,0.003996838615919904,-0.03377583151779437,0.045221569722797006,0.10299972761923387,0.004579485153289058,-0.004232142045479288,-0.017682239829336362,0.025142933773208413,0.088012069373478,0.09492202577684677,0.022064170693223323,0.0025973222617507665,0.03363779940891946,-0.058168727357896285,-0.0019992545066274065,0.07811654923205488,0.03163982760542535,-0.09090690898929796,0.016139303896540218,0.04143765447543058,-0.014414352670392936,0.014755683521502203,1.0,-0.15678978003963626,0.004560881609923325,0.014854866007104513,0.030208903557217306,0.019385867285350467,-0.02805950685253834,0.013511062003157751,0.021748771668101886,0.0374510740051367,-0.015895988102607988,0.08468160123449632,0.05126918514661227,0.029842622483501953,0.010920706423035489,0.026245092082737627,0.04506526165270911,0.039687338868447684,-0.010604256441297822,0.03575986828074614,0.05255872439886641,0.013379885799406362,-0.01140341948681562,-0.01739000896159129,-0.009141428406304981,-0.04116991314688121,-0.010721561897477281,-0.043663171167942216,-0.030568941384731582,-0.025767103223630686,-0.003350982934053214,0.038849995296592915,0.03630183113567329,-0.025215746920921624,0.06469763881128106,-0.08739428513362123,0.053510864453755067,0.08016090105696089,0.03245080158197459,0.07876762969912189,0.11382556617986885,0.04738279321568241,0.04901894016873862,0.017748161137086334,0.05341622967914961,0.04819406757475541,0.06297373596107446,0.03127089878797301,0.08315513084751777,0.06062338842783011,-0.0009103188600060987,-0.0240319577829593,0.03776605415407761,0.06706723042573338,0.045423678328587354,-0.00024166025782878058,-0.06396374871422353,0.07682023108866973,0.054198406456927944,0.06410032867013243,-0.002534706587528183,0.02456927511138876,0.04147129159388489,-0.018689007641973714,0.032415605735330574,0.09753195154822326,-0.03829857521979862,-0.025985173562641805,-0.05444576257065964,0.049777377806733934,-0.009220972662755964,-0.003553074008639261,-0.004598250309961727
"Protein, Total (g/dL)_value (g/dL)",0.17120424966684925,-0.021666330058046263,-0.0444406385891457,0.13397336564843593,-0.024534141510129167,0.26559062522489557,0.10803982112361576,0.21703161094138132,-0.026370633042061265,-0.08230723465374383,0.036877940908707746,0.020312878738291344,0.10323491847124079,0.07224003687103038,0.20173278807633674,-0.37454048016162866,-0.5741865982331136,0.046630515209588934,0.024519855573203596,0.3483916108080337,-0.027946542488823268,-0.27903389153607167,-0.359368217039132,-0.053370799789477036,-0.12159177721284954,0.053591150837024475,0.13535720239114657,-0.09628992082099432,-0.08154818244677167,-0.09192260781730482,0.6535563877382197,0.009107640365042004,-0.07593301717331966,0.06679142995553712,0.20449204139831548,-0.15678978003963626,1.0,-0.08533908380132053,0.17857014459715895,0.043416641140758515,0.04167481347870398,0.11693064254441984,0.1276388056947734,0.08221853133564096,-0.08936269493128751,0.08361872304350274,-0.13098658324973275,0.02050212297306995,0.02496485323189629,-0.13956459742217103,-0.032768885259735384,-0.06443592492343066,0.014277717082811385,0.11068591026350567,-0.02682724936392213,0.022483730519669176,-0.1074357080787132,-0.11559795467528625,-0.037142039448249176,-0.10113174671694444,0.09840597826075517,-0.0969288192788035,-0.07658054851077188,-0.12369760403371437,-0.07618194959373269,-0.13168721645978862,-0.17957350313531859,-0.13668010497524138,-0.26691660753917945,-0.028530715668736304,0.02924877465389432,-0.2218670108533454,-0.06904392747499684,-0.11334101799400416,-0.1932084161932292,-0.2690730708594708,-0.20916690345401417,-0.06303675638028437,-0.029897895716007008,-0.11513082409214545,0.0018804803088684507,-0.05804584331369429,-0.018914412925166244,-0.23767238355162235,-0.11646475836921583,-0.0841687309206981,-0.13554706250524137,-0.09341335419754186,-0.11678613345790227,-0.017658813451591707,0.005843109929438955,0.02175611807921979,-0.08927214863827103,-0.0859161822643919,-0.0711935089697716,-0.03571377133955871,0.004106481874743003,-0.09878955504620276,-0.022940304756609162,-0.14081903459631978,-0.4435311018476522,0.28076619558500115,0.21048384924183203,0.060199709752205996,-0.15391834785366346,-0.19997195123084735,-0.027346875191681032,-0.0895570265305888
Sodium (mEq/L)_value (mEq/L),-0.014357556985905014,-0.1656735751994625,-0.07234296547107083,0.021987517093203603,-0.051989718637365935,-0.07442846259511297,0.0008996196894200519,-0.08571835769062003,-0.11415324100528149,-0.053664257150167836,0.0732929492114561,-0.05665320797945162,-0.06317191195162192,-0.1076466795051094,-0.05414309707985526,0.09811227246049313,0.01987233428727429,-0.11114485082930375,-0.02711581085226309,-0.08751976683010869,-0.08047567081916274,-0.12281584363511011,-0.027442527317670357,-0.008369870102562177,0.028660715849750013,-0.054669176544009504,0.0783964284381316,-0.030394843862269205,0.2226565290724958,-0.0812887175297646,-0.07643887786957262,-0.13237020032946406,0.07420265729301571,-0.006218035505602397,0.0642267350367988,0.004560881609923325,-0.08533908380132053,1.0,0.05845187374183907,-0.12525230353869496,-0.02505071143080865,-0.06490317154265926,-0.03408751771547916,-0.009921125887666535,0.00958296458272298,-0.07488044194330136,-0.06971695512892918,-0.010947943392176408,-0.029418451319959755,0.04858104102308004,-0.04938008878304665,0.07410840266802039,-0.06473421603815317,-0.06711523174657621,-0.07039430050604857,-0.1636997124679961,-0.021211695861711143,0.028553796836733127,0.08649612202932579,0.044763555444646747,-0.04980669036168427,0.03992560335407193,0.028556963715968747,0.07079985347775448,0.009813383337583415,-0.013157267031210548,-0.09204871718254821,-0.008243482502862465,0.05551531598503792,-0.06743674520861002,0.10248313773395529,-0.13226684133049624,-0.053626704615720014,-0.012166631356366048,-0.037902954094949995,-0.06469399253928361,0.021145428044369453,-0.05760173422316015,-0.06314642577476631,0.001996671873272207,-0.017454728619684372,0.005174241047372613,-0.053041473567676134,0.03738629000539237,-0.06290745438697351,-0.0687282190983618,-0.0556204809446469,-0.07395222084416528,-0.02548101938935259,-0.014991530397424688,-0.01165986371553041,0.017514071130530738,-0.005982651754493778,-0.05362696457945908,-0.028674739899021178,-0.013665921968222954,-0.028579504975201776,-0.06242706503885317,-0.10971069824764683,-0.0020570442132239806,-0.17202073658994665,-0.13965971173482017,0.18314629158753942,0.11689022633628587,0.012117443004479552,0.026308873022493927,0.04604402649435375,-0.013862219097880093
Total Cholesterol (mg/dL)_value (mg/dL),-0.12983215460975794,-0.20522985649611483,-0.1887354292208254,-0.11292469582053667,-0.2017627910677243,0.15741977904368687,-0.17682137319354604,0.10277110108919635,0.085062839365226,-0.07086079591247108,0.18519526539070058,-0.012017116714870718,0.011695797183740626,-0.027153403171030394,0.2661199570176072,-0.2630477645560606,0.09165994136941753,-0.07400347639919591,-0.01463770330338232,0.35063491341051123,-0.13248499970957348,-0.2854400566641312,-0.003808383713697295,0.0369538823681789,-0.18262948938043783,0.01719027966830297,0.17796691630907738,0.11245366687294421,0.03159230428138877,-0.25425846342853636,-0.05886815539324224,-0.09979143939463725,0.39945741668652024,-0.028278852785851166,0.7991609518940245,0.014854866007104513,0.17857014459715895,0.05845187374183907,1.0,0.005739596167456554,0.0007197753169711671,-0.0351760891441159,0.04116436673710072,-0.15293926288865997,-0.016137936872962874,0.027950900703784424,-0.022835708364397383,-0.016255277041744294,0.06970578777624124,0.15019674517805792,0.05029864065900046,0.10618528301177102,0.01446523215795467,0.03084222934643991,0.11859234037857097,-0.08488972084532584,0.10310286065349805,0.04063849338825627,0.10022465977795708,0.06047015895514195,-0.11874143444411976,0.06750726022252648,-0.0292426676429428,0.051649031384904176,-0.08753257197665262,-0.0838390157256948,-0.15383938006097816,0.1199465764149987,-0.08126867422726067,-0.008921313136058776,0.013212625654984598,-0.004971932898136737,-0.06652671062148471,-0.05031771372000843,-0.05969152651198264,-0.08897582984891478,-0.039498899190634845,-0.06149790646687901,-0.17373592355912015,0.06280372742371429,0.10161616296349153,0.12054988962689292,-0.0033162229654017054,-0.048865039417820416,-0.14935076541939885,-0.21209504826599898,-0.3651582731006135,-0.21316494654055781,0.006617528445418095,0.00522378303352238,0.019438928531988833,-0.18180455445572094,0.07479012242699293,-0.15182410121836507,0.02954104862512375,-0.030827112704232044,-0.015024831358206033,-0.09153724211830457,-0.4289414402401587,-0.04189174942429305,-0.13558715335298777,0.05912974720730456,0.04571463118586407,0.0582423575474803,0.09696209045432379,0.052661597783927316,0.07237003141623335,0.036413440804468684
Triglycerides (mg/dL)_value (mg/dL),0.023544071800492953,0.1092561777516607,0.0721024803448217,0.017533894346774524,0.06297215762790222,0.1177511411239074,0.0008511427862958241,0.0641424948425121,0.04966357688188955,0.031042864956459755,0.00861216719711134,-0.0028711560346140375,0.09887117982460407,0.14379617959016638,0.09223653492505532,-0.10771675288758327,-0.02881576659585526,0.11954326993715698,0.07840362280124857,0.040010433500320235,0.04339394581672548,0.11218507704176595,0.0286895233680362,0.014494049338813084,0.036224163329089926,0.0801298142452088,-0.029925571530755417,0.0070328141450734195,-0.06649858788856326,0.07283449963166307,0.039335021188081666,0.10096179366339254,0.020910763076037057,0.07760126838410981,-0.024652615666328336,0.030208903557217306,0.043416641140758515,-0.12525230353869496,0.005739596167456554,1.0,0.10951388383992476,0.03359174937936251,0.07013331553183025,0.08011471916259198,0.025698054860334652,0.09192479528651953,0.07641484361408113,0.05135188663637735,0.10374198942771448,-0.11528148744567024,0.10411897157716794,0.033467757779807344,0.10070398635346875,0.08455769541545495,0.07539486481025906,0.11175121088141346,-0.03964375661753408,-0.05817562798942792,-0.08675282927018402,-0.0800532487161566,-0.05405686009838955,-0.08589963869412635,-0.07102565541943244,-0.06652125410763535,0.05380473361293032,0.0275463516835863,0.05006259621637451,0.0031935910562721262,0.03441323739496854,0.035110545039823006,-0.02039053346319243,0.05616359741309285,0.0686714508029812,0.025206911022709277,0.03533060199870222,0.049047709197606586,-0.017860657454388664,0.04667833840002191,0.030428737938063184,0.03928013745955857,-0.010703502810861914,0.02159879355670288,0.08290491100436857,0.02406382165827495,0.0072507928504751615,-0.030598626725902685,0.002988394905892526,0.010970889950095594,0.01218778058376962,0.03327027026517112,0.04207929185075795,-0.0228230023157625,0.015242109157377958,0.01176242793457587,0.03430149833921191,0.01745467635021864,0.012626555085526002,0.03941797308785885,0.041114350554051965,0.014321463483426054,0.06906360473348666,0.06029150211789865,-0.1152447615632352,-0.00071770545644746,-0.02271993849069826,-0.04197162146340236,-0.08187756283559082,-0.01301868764371843
Urine Albumin (mg/dL)_value (mg/DL),0.08583711009216607,0.06541552971308762,0.053499821658383066,0.07103824686769718,0.07051968109191448,0.1234502357609548,0.045978826509719996,0.0677711421967095,-0.015005308195335583,0.028641911529550375,0.03092848058633103,0.008517305229316478,0.11607384595688865,0.1309458358679809,0.03127617719721065,-0.08045478731600351,-0.05909593048677218,0.09552564986917646,0.09353263768560942,-0.009042157070463963,0.05819416255256415,0.05406371909756288,0.024166720525656084,-0.0365769599391929,0.0363542259082048,0.1067987559264281,-0.01210185194541904,-0.03365164034431432,0.01541206667297989,0.028924393382479305,0.04707729048558687,0.06322487314506381,0.06304349705627556,0.09436315263324535,-0.03476131822682693,0.019385867285350467,0.04167481347870398,-0.02505071143080865,0.0007197753169711671,0.10951388383992476,1.0,-0.008510485297237087,0.02584491937705115,0.10068566314038607,0.026608673661190647,0.08884094121791601,0.033231447420110756,0.10429962793494457,0.10521188396225802,-0.17606989125406797,0.08115087338313194,0.03943500817292982,0.06354450693102788,0.09171786965342478,0.036204239654327855,0.07480655767060433,-0.08704772276967612,-0.08289300318262365,-0.07744633036106655,-0.1282534259431352,-0.13649968796341863,-0.17491799616046946,-0.11758693998904764,-0.0605035196544167,0.08387369475945555,0.01665497750266683,-0.016603008838190093,-0.011764907057114998,0.05835423467926007,0.007331097116926435,0.011476946659771243,-0.008158256584613803,0.035503490534880874,0.04889664976081657,-0.009571922253561769,0.020552347775839135,-0.005319163012445535,0.041100880408790855,-0.006699512322350404,0.07537448016032557,-0.02460505241243287,0.03931446383194043,0.06182286205334382,0.046602883338097985,-0.029551321135858736,-0.025853616733796436,0.004030984133671128,0.03152461487442289,0.021486156579645498,0.04941197197272433,0.06606420289690675,-0.0013350167524230165,0.06816645978727358,-0.008154831579097776,0.051790127313596765,0.029283483354262663,0.002961188027533104,0.012368504893246127,0.03343448937028144,0.05092575636259391,-0.029093527562685167,-0.01828373730374625,-0.0864786306888866,0.15215430512507508,-0.08742842328974404,-0.027416385723678122,-0.06613407893683577,-0.0861576490016659
Urine Creatinine (mg/dL)_value (mg/DL),0.05377244857825791,0.072655160654403,0.034478562700482135,0.05048466012385988,0.0691669549275157,-0.01780769949527498,0.0657897439986345,0.009635040445753527,-0.008840417802377345,0.024564367068824706,-0.0186608585326252,0.08736988910233129,-0.003425047691278292,0.002210126719622142,-0.06331983713942985,0.03085446665920293,-0.15329006953260324,0.02403730647317301,0.015673540345077883,-0.06267874388683693,0.0779341716306902,-0.02543620464271048,-0.08193459308204813,-0.03281575960628107,0.009500619511029562,0.014904866449102428,-0.03635577338480159,-0.04552555143871655,-0.03527627540746802,0.05525619640669834,0.19025071264614313,0.029621287870510427,-0.10148907837245359,-0.005912418670973379,0.023958627719420245,-0.02805950685253834,0.11693064254441984,-0.06490317154265926,-0.0351760891441159,0.03359174937936251,-0.008510485297237087,1.0,-0.010666719573615618,-0.018347088938625994,-0.06190454898886884,0.004324942157861374,-0.09652725393683313,-0.016056935285631038,-0.022712896924026105,0.01499029346429463,-0.020572567723053842,-0.08071708897474861,0.02590745105028334,0.026751046443116898,-0.07996764744487223,0.017401438996483203,0.014151481685442209,0.012011380828299131,-0.0059081630431878215,-0.0054741911840505055,0.06800774262167368,-0.04386791032024444,0.057735689341498926,-0.050072885992375825,-0.012986535562784219,0.034725769823646384,0.03531655476094636,-0.013529347497855669,-0.006991718028650947,-0.012133768272227667,-0.04175327915028082,-0.024116209728887013,0.0054379975633537065,0.02995897613221504,-0.036160685230067595,-0.029702136339953323,-0.003959498760788105,0.005890081751402173,0.049189935477303964,0.023773600781904818,0.019898327256913914,0.0024143037768503393,0.013940850220275261,-0.08430706241608754,0.04473435955144607,0.11264854943710108,0.09199921792460666,0.017649768909544856,0.011621243181927988,-0.010586542552780227,-0.0009547752824026153,0.09983047923537647,-0.012363956348326812,0.009882699219351072,0.0033661804318890227,-0.017144686457503208,0.007110416833305825,0.02859985591332162,0.0817974703634904,-0.0008816263879953918,0.035714110747196846,0.03990316621370416,0.004061087738214775,-0.07797133922482472,-0.0750087415203369,-0.00210666106488231,-0.017644930493124416,-0.018873498233581826
clock_visuospatial_executive_time_value,0.05065975689353589,0.03993329179011145,-0.0010854891561117353,0.027356073818911954,0.005117857514091886,0.04634933233486472,0.04711007199416805,0.019896053720569067,-0.003884066903061808,0.013238326977347422,0.012470167631005976,0.015906765512539504,0.05806644093066212,0.05853056454995278,0.05481084776625217,-0.10269812894848059,-0.09937010590129745,0.022009588858861624,0.04047273810026549,0.010507946401700783,0.0014576783434149683,0.04722845460571836,0.025453816347027022,-0.029045032701014904,0.012070418008578125,0.05759994331212287,-0.015982039833532385,-0.0038205935885341144,-0.04670124130318006,0.06688708648367479,0.13783543973708104,0.03911434332973126,0.01598962198186303,0.06162335997103414,0.02247820851180578,0.013511062003157751,0.1276388056947734,-0.03408751771547916,0.04116436673710072,0.07013331553183025,0.02584491937705115,-0.010666719573615618,1.0,0.10738014407534413,0.02143433738931919,0.043235304446264396,0.03238444075016221,0.0635334441883364,0.0851919282198573,-0.12689431948059127,0.052031648410529624,0.040850627484938035,0.08187658112315183,0.07661069382773891,0.02669778179300704,0.05416067476249228,-0.08797679020932703,-0.07563034542420165,-0.06859822260764051,-0.09403195996247639,-0.01188994563982677,-0.05681137232269633,-0.0974469109549462,-0.09205287381284094,0.10101174336877852,0.0047301968196162975,-5.3186412420160044e-05,-0.047237339055485675,0.035359793753327366,0.029046837865441887,-0.030285839948492776,0.013001660872827144,0.021225761177604215,-0.00947132041434907,-0.024215406198172983,-0.011138034363894257,0.01413039051875424,0.026777553211582792,-0.0029086394685127054,-0.022044158400582752,0.028322761187285047,0.03558555000659526,0.021596652734257777,-0.025638920761964605,0.012044634099036501,-0.015847051957168685,-0.03288493616872717,-0.01752493380216161,0.0014291798873330474,0.0343412347024618,0.006582088088079277,0.010243083024924306,-0.013585014225281435,0.015249277524784768,-0.004152239403580374,0.0004433459879872521,0.0361991466554121,0.02853715831657034,0.02079833301566582,0.002694623892077257,-0.045099814522200486,-0.027144654530116847,0.11026403883279805,-0.06157594635656155,-0.06114012733185694,-0.08098928816003237,-0.0028147495072820476,-0.06519548896453571
delayed_recall_with_no_clue_time_value,-0.04278032857871967,0.1164480879295064,0.04399143764559786,-0.028265870368498078,0.13948322414701195,-0.05228545165392726,-0.03544777288116944,-0.05355282681014779,-0.02162905988129362,-0.003645823034794679,-0.015407019346523285,0.04602834963190393,0.07483670561725564,0.1293738035902548,-0.062368071068642866,0.03204990510581736,-0.17075620019646467,0.04787323111529289,0.05319183173807121,-0.11634479075528906,0.06277856825293464,0.17618831734031903,0.021091218016531403,0.013700435980662591,0.04541065246021523,0.08789033614333411,-0.11706147542701346,-0.012583137549974808,-0.022944631973687634,0.19905714094933355,0.18089647708678663,0.11607770116733636,-0.047457792067630386,0.06903822092004747,-0.16490103819255583,0.021748771668101886,0.08221853133564096,-0.009921125887666535,-0.15293926288865997,0.08011471916259198,0.10068566314038607,-0.018347088938625994,0.10738014407534413,1.0,0.11752175653552285,0.08555745706533387,0.1558884591846962,0.1073289164364426,0.11032216059868064,-0.4160557076694667,0.04970670764159573,0.10948060763164211,0.12772130962177683,0.13535979579901894,0.09029868142270947,0.10862626533636913,-0.312527764309418,-0.21084369917549448,-0.18964572537424393,-0.18148934071909445,-0.06921611917484831,-0.2093997520827703,-0.2352875952408865,-0.19615143941278765,0.006749836580443511,0.06931325782618732,0.04099405607460031,0.046947093824550375,0.0592432806080823,-0.010860259902862964,0.006658477997547153,-0.019679090890696433,0.06631046182543007,0.03928587087629104,-0.01566206946905119,0.057011983304657274,5.4138231983957274e-05,0.04098234287795279,0.08009572229042146,-0.03645691428760886,-0.0793433744627848,-0.03027655940136576,0.051936383965264704,0.056090146630516625,0.06768477239109064,0.046813719620111785,0.08433186314776912,0.08086518745173792,-0.01945475268783128,0.06649653351070449,-0.013781448894480944,0.005867283163777125,0.02485655279739729,0.05220314112001542,0.024269152690389532,0.011896001876288689,0.011826993640988366,0.04413357363924922,0.13201018385187577,0.028299157678093597,-0.021111217797721706,-0.05044035380642162,0.04548050914793185,0.012433676935230283,-0.12434076056300064,-0.16775484251579487,-0.12510845636274656,-0.16885031283983923
digitspan_time_value,0.00968189308958958,0.14092804053585026,0.03872085506453672,0.02526093125131104,0.10987321101898961,0.02467112810609291,0.00021921354452611116,-0.009371783986312377,-0.019918913903702797,0.006922148033266587,-0.03415017560409161,0.040755223925648676,0.01151586377054645,0.04916936235145688,0.041386194753723966,-0.043968385079538604,0.14618938465389086,0.005614491172025627,0.057352326973375715,0.10984018282516948,-0.03225148937143627,0.14197115313029682,0.13176526343933945,0.07093599037736978,-0.016977399113001525,0.022205965967890984,0.007833215914568762,0.05373610903190623,0.03417841147023766,0.07207138882398167,-0.1533956627038301,0.10448117605621932,0.06882399084241764,-0.040760305211593455,-0.04657831582445388,0.0374510740051367,-0.08936269493128751,0.00958296458272298,-0.016137936872962874,0.025698054860334652,0.026608673661190647,-0.06190454898886884,0.02143433738931919,0.11752175653552285,1.0,0.023962136245544167,0.22945778373097803,0.03328690161073119,0.07524349130970606,-0.1952734381892905,0.09756817339597305,0.13514573608271369,0.07778742982812566,-0.005888852419426103,0.18449930616410987,0.07118400763182436,-0.08990121941438449,-0.06574707731817568,-0.06949786672128311,-0.06678986704374955,-0.0884314203819667,-0.04973554741898993,-0.17805052185395162,-0.035293203017916726,0.04390237321598021,0.08600308047616177,0.07680449386898068,0.05395706924806118,0.13874582327678456,0.04907962695268955,0.06273257874302747,0.021978871469825138,0.05182070028092146,-0.02958837427056668,0.03431265053307207,0.06276464352301718,-0.002644059980096507,0.036870925107887406,0.07567144463267965,-0.03723447613655851,-0.0791579817491886,0.0016584247542668492,0.05178532347403117,0.08200489792884351,0.01843102118814819,0.014924816149672709,0.012342644324106323,0.021553457947247036,-0.007599876027720289,-0.0254045210203709,0.01417089264049099,-0.1184698242407146,0.028173640436772212,-0.0163555202080145,0.04756152285167961,0.04868083496551417,0.0062834253237185,0.02389973707408491,0.03440940187195553,-0.00259524586039552,0.1097619397938384,0.04177859487461401,-0.15477309826106464,0.010753893282772558,-0.013097004946783036,-0.08501494883188601,-0.06444001441986623,-0.050843356280874365
memory_trial1_time_value,0.05375380646262665,0.021293677323854367,0.037045539878540854,0.05508756878265183,0.036040981917731835,0.0944456064710594,0.04754938354121562,0.06887047881302338,-0.000763431636656512,0.022250075622540246,0.018392509510948295,0.0193664555285516,0.09849969536441706,0.13135757348450716,0.08773449357082666,-0.12090710315345657,-0.0661128517399867,0.06822439960915452,0.06256507058864709,-0.0029705833571546892,0.04043217674304413,0.05254076315804955,0.02951002077101299,0.004287804522712138,0.03043661607053111,0.07255306571963394,-0.019582698624819615,0.023934495442476153,-0.048515611353188985,0.0404481899068936,0.08368723337112177,0.057953509362788404,0.03877428215144358,0.07102320740905332,-0.001238344448537839,-0.015895988102607988,0.08361872304350274,-0.07488044194330136,0.027950900703784424,0.09192479528651953,0.08884094121791601,0.004324942157861374,0.043235304446264396,0.08555745706533387,0.023962136245544167,1.0,0.0719870865433601,0.08006828040860556,0.07733622112997,-0.12593331314463757,0.08024378875943963,0.0743935219357106,0.03924499303479075,0.0812867040280166,0.05262872574260997,0.06734471356376012,-0.063190780901115,-0.10670793203348579,-0.06410790506262054,-0.09618631635558231,-0.0799302087573064,-0.07148169633224899,-0.0843591123296144,-0.061081002939374504,0.06458225209575769,0.011546895843820501,0.010387339180451862,-0.010847216160293926,0.04026388805891902,0.004161066189164149,-0.010947640596448307,0.021323394215218047,0.03125599710835904,0.012412220847920978,-0.0023342504339363065,-0.007366744794420757,-0.001821867186216957,0.022782824275859783,0.011396886392290136,0.02597829568280124,-0.007119801275751779,0.01261196737388985,0.03333454420558043,0.02414480415895075,-0.029376985728923496,-0.0430620112538757,-0.01595704711355291,-0.007903971407201737,-0.002497787919465552,0.02929824528845433,-0.00375714964288597,-0.03693625788388757,0.012358630843999694,0.0004767701571784477,0.019866735346100253,-0.004725971746082081,-0.011768085816785255,0.0376316826378953,-0.0014818474325970638,0.01441917436969995,-0.012845648320706657,0.006949250161191939,-0.02024049005878956,0.0414220654594542,-0.03394028516571232,-0.04773435755223423,-0.05525415938379874,-0.03975555487497839
memory_trial2_time_value,-0.07352353177859215,0.13992049822177827,0.0009039549263281671,-0.06282671148818501,0.10344247909291421,0.0058625454241927576,-0.08357303676697249,-0.02297422692492352,0.03003630021680384,-0.03394147925150167,0.0007904247308968039,0.017072983407388314,0.03281555143370645,0.079096063391999,0.08994147942414453,-0.09226115380537635,0.2282275795461254,4.138807195313557e-05,-0.005864627268658947,0.14503343268537036,-0.012921931648209203,0.22057067344206902,0.19778341069275684,0.09386707013236571,-0.08377671376625324,0.03429617215871717,-0.06399102062393895,0.14136698366413575,-0.04440001011196217,0.11221436772983576,-0.2172466014580187,0.14430736487241422,0.08919427302464483,-0.07078326837940209,-0.08416501576217007,0.08468160123449632,-0.13098658324973275,-0.06971695512892918,-0.022835708364397383,0.07641484361408113,0.033231447420110756,-0.09652725393683313,0.03238444075016221,0.1558884591846962,0.22945778373097803,0.0719870865433601,1.0,0.043313695160932524,0.10312498065879655,-0.20619455781722276,0.08944282605792436,0.1959908669875037,0.09982090668746296,-0.0072727305156049275,0.3010153228164051,0.1291593864506161,-0.11933271146595771,-0.07083049023333846,-0.12663177075414386,-0.06872023312729061,-0.06882382790413552,-0.08192395863161137,-0.2757402550684679,-0.060034512619000016,-0.03415568571451707,0.06295789472512503,0.15922415554445346,0.1280980577037668,0.05202816991831277,0.1126961208123391,-0.03568768879691669,0.10107085986907621,0.09576163209845052,-0.02920229903684211,0.08993961306638659,0.14701956349314982,-0.0123247325919101,0.04085137342005352,0.1365819001401581,-0.0492258967018696,-0.010671308574664772,0.01532533373581245,0.07937336410651229,0.1307673417251567,0.035550056138912836,-0.034489531238728784,-0.05669603567343721,0.056396754707624355,0.028574173123586125,-0.0001561960787613866,-0.026225127671723795,-0.21578774220048538,0.044998504078127596,-0.021557489800923323,0.07033008154524024,0.04778581569379704,0.007982848838416273,0.06544547398287577,0.01572066596658099,-0.017721873850110967,0.1623295158885006,0.08731171502165813,-0.16350004330630474,-0.07812340610755336,0.015980181744486788,-0.10432843375215707,-0.1213714302431444,-0.09801501937536242
moca_abstraction_time_value,0.08246307603999219,0.0376933804377372,0.043107439006344714,0.09418732649116035,0.0313600524542735,0.03900534337572548,0.081533601133349,0.05705394579364249,-0.04765233961538024,0.015074876118961448,0.01709416353359219,-0.002467869895258878,0.08580737569352405,0.12474900204850378,0.02602345728268947,-0.06159927906596083,-0.09983295750309784,0.06273421555797366,0.07240706935926465,-0.08619993949667075,0.06628919532949475,0.0903335080975604,0.018423596235007784,-0.0699337014071048,0.059900032483447094,0.09734206163627107,-0.06354473461167577,-0.0002124395713345612,-0.0035849281203378046,0.0575605578075822,0.098117371228812,0.05875524087373474,0.030386374624401417,0.10279493608959411,-0.049565185640375174,0.05126918514661227,0.02050212297306995,-0.010947943392176408,-0.016255277041744294,0.05135188663637735,0.10429962793494457,-0.016056935285631038,0.0635334441883364,0.1073289164364426,0.03328690161073119,0.08006828040860556,0.043313695160932524,1.0,0.0660277732688525,-0.16790598881775007,0.05329916157588679,0.030629237538257165,0.04553608494856454,0.0850454963668925,0.02018675521051772,0.07550200111833988,-0.08322037986368361,-0.09744123473368695,-0.09559747633045661,-0.11281047470297145,-0.07557497390261177,-0.08466730323775462,-0.09785550649092058,-0.06002430834104139,0.1077014340619467,0.022475572853972284,-0.009489795760193357,-0.033489614205715085,0.051651894263862484,0.015460006095127102,-0.010027466088765357,0.0001675664683589639,0.07663343676286283,0.06279643653983918,0.005824309948047179,0.029430683263809203,0.029393962501916768,0.051302631981573435,0.0015834394207748044,0.047722231225282505,-0.010782766871083333,0.04439983876526629,0.0680116251938175,0.04670963136405219,0.003334500945077939,-0.0027202237337461445,0.04065261374606893,0.015951851270118958,0.006377561839871961,0.04572180249235693,-0.010483533159926943,0.02510536489609763,0.06182852806561883,0.010489954171509728,0.05579469751693889,0.05561018201612993,0.011864351893067367,0.04630374163705245,0.04333501096336501,0.057843355578182834,-0.0027895918225297237,-0.042349195868105496,0.022420247264441234,0.018509710114413942,-0.060581217841652164,-0.052684152311639865,-0.0326342596139588,-0.08368353319967253
moca_orientation_time_value,0.04357608758922236,0.0401631736272907,0.035806381787936076,0.050906358698086,0.06712248442232147,0.10645949325526635,0.023511799242492023,0.04048817638673311,0.025251769683713607,0.01816869698846646,0.04125475106344546,0.03467491430489126,0.06723335478037905,0.06977380474519797,0.07892415360346482,-0.12563132005907093,-0.026001625696639913,0.06851173088853528,0.10293628017294001,0.0002267495258176789,0.03053803693660144,0.09429312997646144,0.033004320487987904,0.03058359043080672,0.026964909353494493,0.06690435116870232,-0.021588513807058656,0.0367888455630807,0.0033948354596858247,0.034971957131435194,0.029639947331690446,0.07165792307582854,0.0817570172629063,0.06124010870902427,0.017023231800629545,0.029842622483501953,0.02496485323189629,-0.029418451319959755,0.06970578777624124,0.10374198942771448,0.10521188396225802,-0.022712896924026105,0.0851919282198573,0.11032216059868064,0.07524349130970606,0.07733622112997,0.10312498065879655,0.0660277732688525,1.0,-0.1502639349594912,0.07079977753617801,0.11399247801571093,0.058130629588020837,0.07024227230358332,0.11946284473073851,0.06900996738931062,-0.11605790662521753,-0.08162715791026841,-0.09554594596142488,-0.090540280150536,-0.09241977377779353,-0.0880746058584086,-0.1362141829137418,-0.042466335292811734,0.033866910426482,0.02136252635170466,0.0006108468315654488,0.026195002471166354,0.05027123544858389,0.04425613138628405,0.017496796739603672,0.017304858100798213,0.03885567769223468,0.011411979619957244,0.04278242457702204,0.03475097692791157,0.020382291115814882,0.035617424737075215,-0.0036880925210617047,0.02347540368253374,0.004204172782916303,0.025845768652288482,0.0686392642522356,0.0558664451244373,-0.014690851041151884,-0.0659536445219682,-0.04425399169493226,-0.0006159273551689264,0.003123006138188648,0.010796252186213502,0.009947380640795605,-0.07430270153828016,0.07384962659858872,-0.021465632918830448,0.062395690223214215,0.018358571207494196,0.0035198879640538023,0.020985666735968925,-0.005121693571809989,0.0216418526914057,-0.026910144496506444,0.017793647100117358,-0.027344475680400066,0.05461728936695187,-0.011224344107035775,-0.07230022181521495,-0.018041482890300806,-0.05023221139441871
moca_total_score_value,-0.07766455254112295,-0.22380319820578978,-0.09491542856716217,-0.1262931699250315,-0.24452018050695218,-0.027142679810195698,-0.08723958578393005,0.04278985302305239,0.10837580007761839,0.012393387486001717,0.08837665163798734,-0.11509493177579996,-0.13786034423607754,-0.21374440135028158,0.08906027823722816,-0.008651117240522319,0.2455930481376894,-0.08435147766319007,-0.08998906374096362,0.12095120508600538,-0.13087647351959789,-0.1837155437795572,0.03453322854300388,0.06092104603425799,-0.00150000090843319,-0.13621566450345168,0.13526206546155453,0.07021056920587898,-0.008046173334859756,-0.2426913472839187,-0.273062538577712,-0.2143182120656291,0.06353016776462617,-0.0890129154580761,0.16616404299470924,0.010920706423035489,-0.13956459742217103,0.04858104102308004,0.15019674517805792,-0.11528148744567024,-0.17606989125406797,0.01499029346429463,-0.12689431948059127,-0.4160557076694667,-0.1952734381892905,-0.12593331314463757,-0.20619455781722276,-0.16790598881775007,-0.1502639349594912,1.0,-0.08556602888339693,-0.16613131216457475,-0.16033660088302926,-0.20581178961796223,-0.09698717545846705,-0.20546137469199433,0.38698985006395636,0.32209998117673366,0.2797935708340408,0.352581857522698,0.10716150435544823,0.33325113929568423,0.42502886558658126,0.28512828475252366,-0.07559009971383132,-0.09710216963778898,-0.053933291097012497,-0.03132464874817062,-0.11439755515089342,0.04015448412252307,-0.005734837596207089,0.022729200240211318,-0.07981856018795855,-0.09188954756361334,0.07501796004453139,-0.05489871268849718,-0.0056271533867386725,-0.10426099054995383,-0.12357924974532342,0.017268762591238888,0.11860477902616354,-0.019531505590954883,-0.09347443426163614,-0.040177250086660184,-0.04498774106222943,-0.09546256003818103,-0.19501102106638826,-0.10167521361257546,0.0076678888983797225,-0.07487556597693884,0.018483275939117225,-0.06050743439419638,-0.031142100870461494,-0.03107113099399415,-0.04473268074043531,-0.06273298293399018,-0.028134090657445536,-0.09654790349072724,-0.2468955150571927,-0.039514178207182206,-0.06760502737003421,0.04549422438710947,0.12524666978282875,-0.09541422617678952,0.2775921557068934,0.23993760404404582,0.1780424168438276,0.30116854996971343
naming_time_value,0.033607083511346406,0.07291156096420727,0.03114399670600129,0.024800100667524815,0.05158798668913317,0.09501947879888802,0.027786292779021924,0.06681839653064672,0.035699259049270675,0.0439853073093628,0.006189153212314171,0.00540816891749489,0.08152280165712057,0.10868356603017204,0.09099471614830668,-0.08822594288399985,0.07213749024845434,0.07735781279631447,0.08148695763721257,0.05176766350265715,0.012289740785420793,0.12234870219356765,0.09000652431384049,0.013656261650018318,0.02045049413979573,0.07057538484186511,0.003219493057514401,0.031066193556770913,-0.03869395195645851,0.05731778532570543,-0.04663452574860203,0.07684851724619697,0.08098956733306638,0.0324269419970795,0.00466745781294908,0.026245092082737627,-0.032768885259735384,-0.04938008878304665,0.05029864065900046,0.10411897157716794,0.08115087338313194,-0.020572567723053842,0.052031648410529624,0.04970670764159573,0.09756817339597305,0.08024378875943963,0.08944282605792436,0.05329916157588679,0.07079977753617801,-0.08556602888339693,1.0,0.0789112429194507,0.052827523201340855,0.04963472571253158,0.10422514867138565,0.07491320892556455,-0.021884828442827266,-0.053318187106393994,-0.10964748391339128,-0.050096165270311195,-0.0937267971009171,-0.04365948085667822,-0.09123053821938555,-0.028215081199598657,0.06829252243450698,0.039150381067653124,0.039374346982587176,0.018972047101961147,0.11966239692585502,0.05043566194535504,-0.035057076277008554,0.05620678256910707,0.059565579922001136,0.03468858815140262,0.0764057412396916,0.0492512171119394,0.019332824574564672,0.025789876548938717,0.02084718856517761,0.05173563535649086,0.015538262521796428,0.03992345320803496,0.05149562204739836,0.06531218958945133,0.00652530995029223,-0.014973489982499786,-0.030457263672991904,0.022866840762924754,-0.009336103926117726,0.03163222099321164,0.042177299584994006,-0.06768474004112274,0.08010656242001987,0.016740041785637608,0.06947670629135684,0.0061921353455127075,0.012119140555805468,0.053783481016777775,-0.012448095894990175,0.05434085378215188,0.05220766088081773,0.008321875575013732,-0.06873680011050251,0.01712596746629673,-0.013601807687825906,-0.019614200686999334,-0.04715919176495734,-0.012237491303208498
repetition_time_value,-0.016783297783764296,0.013201365086320822,-0.025161658269742097,-0.00402051364949727,0.03552927270005762,0.030781754786686873,-0.04041621679252736,0.00029173766140754524,0.005533140286308281,-0.026877589079550242,0.0383141094855981,-0.0018859884112683854,0.02659164698847353,0.027047204650151747,0.07477751094884057,-0.08851471194660325,0.08319491751037279,-0.015365527120303472,0.029030105820996983,0.03946449496940097,-0.038459964274078315,0.043533952326489475,0.10605313861349482,0.0504035896516239,-0.03271364086661906,0.04687513323851681,0.018726216796981766,0.052696973715115385,0.06076425260151864,0.013807568048043,-0.09934685340564962,0.011964317855167082,0.1230572169268957,0.01439340443875797,0.06977020779188203,0.04506526165270911,-0.06443592492343066,0.07410840266802039,0.10618528301177102,0.033467757779807344,0.03943500817292982,-0.08071708897474861,0.040850627484938035,0.10948060763164211,0.13514573608271369,0.0743935219357106,0.1959908669875037,0.030629237538257165,0.11399247801571093,-0.16613131216457475,0.0789112429194507,1.0,0.05359200016871356,0.011397964947711284,0.18686665220518148,0.03152632136944994,-0.10329692337429477,-0.10188844811285631,-0.046681292142848246,-0.06317676440519877,-0.08966538279371412,-0.0632552774555395,-0.18654433853825148,-0.05760660655833316,-0.0005717861265692305,0.05239072119953605,-0.0025281784459162916,0.08301422551807479,0.042882407172845395,0.06161350067476249,0.020139201237931437,0.019868948846815056,0.00322746771214214,-0.011817573471782286,0.02640295945032463,0.01565889003759557,-0.0017745676709306495,-0.0028063691142798533,-0.01519693822646121,-0.019306247673595716,-0.028670818988596306,0.03224857508569254,0.04059812656502515,0.07141602158187127,-0.006017680935907193,-0.08257001406171,-0.07335936290891792,-0.026172294675617346,0.010300947442118522,0.020753343495544703,0.03440424648874251,-0.08353938477363339,0.03329287472719697,-0.03875005501501854,0.044807227802821266,0.012693556276700067,-0.014856858783566445,-0.005498786237038664,-0.06483486969305588,0.0102766081802332,-0.017462335342852315,-0.00432269292330463,-0.004605227177427208,0.02921423017489246,0.01576686718858198,-0.06815701777339986,-0.030816023992576914,-0.0525493834059819
subtraction_time_value,0.06986639295611144,0.10669123665476926,0.03465708044882101,0.03925490778119363,0.07285224432529172,0.036289957818817616,0.07005618241402882,0.016775087714699228,-0.018051101961684916,0.04634660515382403,-0.02778262058059734,0.02611453089006462,0.04860502005500412,0.07507774418030415,0.017841267493481583,-0.037521091095361545,-0.02641182112515965,0.05998491001107129,0.034424438842844955,0.007344162883590519,0.050684758752476286,0.10183815679476908,0.024728893077926944,0.017010278783436052,0.003556296943089778,0.06950110500988954,-0.08244157306942505,-0.011964485189569893,-0.009122046975885579,0.08151566753901737,0.05598664722177465,0.07866322016440466,0.012193843669366372,0.05775423329369891,-0.005313916230733626,0.039687338868447684,0.014277717082811385,-0.06473421603815317,0.01446523215795467,0.10070398635346875,0.06354450693102788,0.02590745105028334,0.08187658112315183,0.12772130962177683,0.07778742982812566,0.03924499303479075,0.09982090668746296,0.04553608494856454,0.058130629588020837,-0.16033660088302926,0.052827523201340855,0.05359200016871356,1.0,0.062213732774187354,0.06213572408135493,0.13019772016447043,-0.06926335217973396,-0.06326462720579687,-0.08124741320963885,-0.08676334835078116,-0.025196609987843396,-0.09077194695278405,-0.13022960961514538,-0.11831081009044263,0.10685407864694485,0.03294284886602768,0.015220038786602748,-0.04553318104544636,0.08076052908672661,0.03410398825094394,-0.07392638303816285,0.05139134486157631,0.05708196592638652,0.03816048743806892,0.014655502112428897,0.09016314709962038,0.03873698632056328,0.05968579561539974,0.04972188968006354,0.031070267732636568,-0.009530594250652717,0.05332959405964395,0.04412120453288261,0.036041845105699084,0.03418150598015755,0.020907829348388685,0.03764812097437489,0.05102196896747543,0.03442776331466735,0.03513623886084623,-0.004692496772971389,-0.030671786670295194,0.04428369219166799,0.01104158731102567,0.04781437716425011,0.02113715928990005,-0.0017830061316124032,0.04737061610781739,0.05083287311033955,0.002742954205072631,0.10831030624325746,0.0005258062447399181,-0.04643553103727992,-0.08172802254694338,-0.06755216291894021,-0.07155797101212699,-0.06817486761064785,-0.07566373267287038
cube_visuospatial_executive_time_value,0.07732810030639431,0.06206527643095776,0.03030432713952354,0.07391965733567436,0.042196329404687455,0.055106181430747574,0.06865748973943145,0.023614339247138665,-0.022277495323798087,0.01764749409509465,-0.030566470462572576,0.08752077629170668,0.07817909723183086,0.08289111094184282,0.013485447049343785,-0.04251169933714179,-0.1651681590024032,0.0837060824836421,0.07304230785867744,-0.07303447931330093,0.06555340747743317,0.02892467078787196,-0.022191440885189196,-0.05320526185468137,0.0014080575106431956,0.08323726815256616,-0.03906583875686268,0.005319900382330301,-0.08007132962843641,0.0750909811723719,0.20292074829892298,0.09267179547311268,0.01194825158793997,0.07130359749082059,0.03235945329580825,-0.010604256441297822,0.11068591026350567,-0.06711523174657621,0.03084222934643991,0.08455769541545495,0.09171786965342478,0.026751046443116898,0.07661069382773891,0.13535979579901894,-0.005888852419426103,0.0812867040280166,-0.0072727305156049275,0.0850454963668925,0.07024227230358332,-0.20581178961796223,0.04963472571253158,0.011397964947711284,0.062213732774187354,1.0,0.02075311882512519,0.07528820795395247,-0.09917942106588927,-0.08888874606937759,-0.09027711484130559,-0.14657946991356838,-0.0451957862287726,-0.11848825827384034,-0.08842244163390842,-0.1109495920849433,0.06649249059732765,0.018370608925194404,-0.010139035102714493,-0.018206810209770136,0.06187942097492724,-0.009796944151380979,-0.008524274411585894,0.02860828105904377,0.03293358162904543,0.053253831304277716,-0.04093812028378021,-0.004120708133539801,-0.0021220649785563426,0.051551257919875894,-0.016742081263283567,0.03352531601030314,-0.017555967691514383,0.028442055671515417,0.033638054090173154,-0.0019149185351563338,0.0034519613435395648,0.03986354823364833,0.050691482894394554,0.017044144892777384,0.015732308572176692,0.03980050462073316,0.011051855388354423,0.07049119377445363,0.0007302601142654982,0.01250679989172814,0.028420034384503128,0.010578710456061421,0.015345537342507662,0.04839330249340171,0.08090499964882206,0.03376392463013044,-0.009244017261374917,-0.0057569737387380086,-0.009657493976907409,0.024457212956460528,-0.125379332389289,-0.09373590058820828,-0.026057965159149245,-0.10851244443926171
lettera_time_value,-0.1435648504570205,0.10115246170536106,-0.021161791299470042,-0.1421811274085297,0.018351504533180678,0.04570484298184371,-0.1844742896207584,-0.008925316226371025,0.09999854640945302,-0.026178032163261384,0.05150542997369068,-0.017979775919148098,0.05434599508885121,0.06184335431807941,0.1438727022023482,-0.1617082781995772,0.2305524802169509,0.0024756689588105196,0.01766776454422661,0.30480919253686695,-0.09603624650017831,0.1162747473472864,0.1707292844050968,0.13025002335424438,-0.09485844609683491,0.034400449862725745,-0.006227688540088204,0.08209819423898124,0.010848190123751562,0.04670712122586691,-0.240555162099819,0.08506394435025788,0.09651483722464903,-0.048702205441928464,0.07335301917664201,0.03575986828074614,-0.02682724936392213,-0.07039430050604857,0.11859234037857097,0.07539486481025906,0.036204239654327855,-0.07996764744487223,0.02669778179300704,0.09029868142270947,0.18449930616410987,0.05262872574260997,0.3010153228164051,0.02018675521051772,0.11946284473073851,-0.09698717545846705,0.10422514867138565,0.18686665220518148,0.06213572408135493,0.02075311882512519,1.0,0.06247331835386165,-0.05421340781573685,-0.06479086747929662,-0.12018219374046929,-0.027376388526793596,-0.10159232538280669,-0.038463528399540134,-0.22087870368825785,-0.0009100116644008803,-0.12128047379734867,0.03952652348905042,0.1074011874348366,0.1653313994293944,-0.0019776313435485005,0.12435473949748226,-0.015410019886614721,0.06084777356591414,0.0830668642284953,-0.04828979189418081,0.11549549230100863,0.11830561605046319,-0.058907157209549234,0.016836591141184312,0.10664695369400735,-0.03382817910118727,-0.03881701290716066,0.012267835105896527,0.061604929646314234,0.11131140556927527,-0.0012781620813941126,-0.0729720971078415,-0.12404131215086305,0.0007415729144986948,-0.013269811049151328,0.027652388232528358,0.021465995747042246,-0.2624133620511402,0.042815924201813495,-0.030546059729044464,0.07091600733223584,0.03435672054944744,0.006720603504110313,0.009880671240101833,-0.06176124270207297,-0.03638777858779858,0.030809473545078635,0.18213020883951136,-0.15852974288901583,-0.0039535714262169605,0.09679963642261825,-0.08334237394347066,-0.08695353966767297,-0.007457523124603697
trails_visuospatial_executive_time_value,0.075692219630323,0.13748581603681523,0.08681267656089804,0.08401792785834485,0.11964133183933114,0.058765118567756916,0.06543112526868233,0.04152700635027325,0.01117287041150119,0.02405886064084883,-0.06671383895699066,0.03723836018010508,0.08736679357778461,0.13340565262826218,0.03046618203376528,-0.06508234562086736,-0.020345694116494405,0.07572682342732366,0.03207173025621837,0.01636275252055172,0.0639673667055621,0.14853540227498757,0.021516322211976843,-0.022697417403835952,0.013970319313334718,0.08802886060838047,-0.07318276835103732,0.006122062562397103,-0.0959531795485361,0.12608970326324354,0.05796531703188746,0.1466317819208374,-0.031339947132490546,0.005449268999110475,-0.1024830557873344,0.05255872439886641,0.022483730519669176,-0.1636997124679961,-0.08488972084532584,0.11175121088141346,0.07480655767060433,0.017401438996483203,0.05416067476249228,0.10862626533636913,0.07118400763182436,0.06734471356376012,0.1291593864506161,0.07550200111833988,0.06900996738931062,-0.20546137469199433,0.07491320892556455,0.03152632136944994,0.13019772016447043,0.07528820795395247,0.06247331835386165,1.0,-0.06987900680872489,-0.07967082438428275,-0.12651930665033254,-0.1312727545677352,-0.023425400547472452,-0.09708465434439373,-0.14345913759380446,-0.08936491026729466,0.06643705880484409,0.03928380284738128,0.09762688589206579,0.002891087933708906,0.07295719738137596,0.047376016578422435,-0.0507930000314432,0.04845238474548905,0.05239732004672277,0.04317018702563428,0.025323438647152585,0.08226848410345042,0.006896547473669913,0.087537431339857,0.09524952038238411,-0.005972984915605532,-0.02128939662379459,0.01977740800021927,0.05260755508613612,0.025495434075389,0.02506148087689007,0.05566779098791766,0.09235919162234314,0.04891302174224598,0.030044374090339786,0.032459140886762265,-0.010964597094902558,-0.022743892383107304,0.04024568265108954,0.07418246580530166,0.07668296010789807,0.028629833724837243,0.013137248258575682,0.08223782743599914,0.12070141758008975,-0.005305667761164175,0.16006364648952243,0.06380027975456815,-0.16392951022609403,-0.05369898414121843,-0.06582057622708198,-0.08029758134085652,-0.09453161296761797,-0.06316749810486647
moca_combined_mis_score_value,0.07324333071439053,-0.06927142092404204,8.51954634765641e-05,0.036258076128594594,-0.08065991582704012,0.0843844771190909,0.06111669393920515,0.09630186599093186,0.04489484332107159,0.05796481214325709,0.01731423236309837,-0.026676744645551594,-0.04994817450548997,-0.06238517998534009,0.11838568175488032,-0.07066174075946573,0.20196082627602277,0.010889839174300732,-0.038304230596283795,0.1257340773658355,-0.05257439452394973,-0.12658795772960965,0.009632076308534373,0.010538557106887055,-0.04029823984882248,-0.08564559377000973,0.0878011268443847,0.014746490334821631,-0.028511692744481135,-0.1451904119230648,-0.20335055653700854,-0.07140770910108545,0.04141969332449387,-0.05154076635784392,0.1107126823930262,0.013379885799406362,-0.1074357080787132,-0.021211695861711143,0.10310286065349805,-0.03964375661753408,-0.08704772276967612,0.014151481685442209,-0.08797679020932703,-0.312527764309418,-0.08990121941438449,-0.063190780901115,-0.11933271146595771,-0.08322037986368361,-0.11605790662521753,0.38698985006395636,-0.021884828442827266,-0.10329692337429477,-0.06926335217973396,-0.09917942106588927,-0.05421340781573685,-0.06987900680872489,1.0,0.21304755063011283,0.17683189592693851,0.16334109207739564,0.015565729567689193,0.19864542592007742,0.2459006155174991,0.1872997782093026,0.03140977254382904,-0.05231259645398188,-0.0046149782385464045,-0.05715804457041923,-0.03546032589158999,0.030688095097218347,-0.0156173118608477,0.030669267792051768,-0.042644482857697306,-0.012924525777523841,0.04829687762352703,-0.020833381565711403,-0.005927585453507464,-0.010800658667252055,-0.04979526294818071,0.028562537234754996,0.0807569873107431,0.014634210727788982,-0.04514221556660113,-0.06121556768824182,-0.033494137126399426,-0.011497278452925778,-0.0936662484986468,-0.05688201863424598,0.02258764368314884,-0.054903745857504,0.020548312926093857,-0.023307548995820163,-0.007265676817513383,-0.00759480883681497,-0.02149462914384279,-0.023211377146644608,0.0024003697630014067,-0.008144106415657425,-0.08930717002791137,-0.04700497123568338,0.07163632596814046,0.05177128348702387,-0.09860070768378759,-0.009172442149487805,0.11721793407276784,0.1747709122612078,0.11763342842493661,0.19360125485587526
memory_trial1_value,-0.010176844533745889,-0.07776524350212567,-0.017450223639304645,-0.028323271357494705,-0.054734253039579205,-0.0009452679301480091,-0.0060083274406591515,0.009807828776706745,0.03496660593754944,0.015915134652280248,0.012191147374314652,-0.020577198725655596,-0.10625760823415809,-0.13843896468403286,0.017982263578406543,0.04719960614542197,0.1541070895985312,-0.05627206237625683,-0.02955082709946422,0.04660883341983751,-0.029409317841028248,-0.1015602371451824,0.00906924452565137,0.0058115664905354,-0.02218206678952439,-0.08906929945370351,0.06926365986346499,0.03751075447997873,0.010260078274912621,-0.11993421421181993,-0.15802873714116825,-0.05794586241994232,0.010798669730489768,-0.05759650480293813,0.040349205417591925,-0.01140341948681562,-0.11559795467528625,0.028553796836733127,0.04063849338825627,-0.05817562798942792,-0.08289300318262365,0.012011380828299131,-0.07563034542420165,-0.21084369917549448,-0.06574707731817568,-0.10670793203348579,-0.07083049023333846,-0.09744123473368695,-0.08162715791026841,0.32209998117673366,-0.053318187106393994,-0.10188844811285631,-0.06326462720579687,-0.08888874606937759,-0.06479086747929662,-0.07967082438428275,0.21304755063011283,1.0,0.14175377255396596,0.14638771076375495,0.05990819339058998,0.1405708252813598,0.20602057356023606,0.1486631289750438,-0.01467111103663451,-0.023692542583503232,0.009531930485745525,-0.006143657089463316,-0.01728140843196373,-0.002255072500190067,0.023035649852396565,0.019146630953184172,-0.026876207865002666,-0.043715590974658866,0.03200147657847949,-0.023766933550871328,-0.007503170677123194,-0.042719664033295204,-0.02380543293654178,0.008300864292344256,0.0497943528690631,-0.008745532537173062,-0.034511647545070176,-0.04992578486435942,-0.027719838723471783,0.0066879947702568705,-0.047379582781722884,-0.043775393903081876,0.0074737269959743195,-0.05064497511419752,0.005675264609483628,0.00010679179699132821,-0.013641557274837273,-0.030519241880204093,-0.043115922289123386,0.015083644772435605,-0.00809420596263099,-0.011474807406820949,-0.06843038277058355,-0.02719268337704637,0.04740030141135866,0.033116807455824286,-0.03821255293561594,-0.03144049809120875,0.10556918104010032,0.14427924585273288,0.11115034139680588,0.14529516947848325
memory_trial2_value,-0.06128139592699771,-0.17187322167724636,-0.06575158460507138,-0.05987520498735149,-0.13604287536509324,-0.014665079578845056,-0.06811516219084485,0.013956965549887226,0.011959000097031484,-0.03342620257162216,0.05576212599607162,-0.0434958426222319,-0.12837912616167604,-0.1398093287284993,0.027433103931795086,0.021123929019597785,0.08396735681328338,-0.04865970374720059,-0.023841822574474373,0.01948926576688,-0.08702256052066167,-0.14954695171809582,-0.004634712648414172,0.005973327893350775,-0.009024491986379387,-0.12321757797352519,0.10995729708193344,0.00900238824636539,-0.004469525506047329,-0.15771351885788723,-0.09919567776939062,-0.14860738754022929,0.055041129292719086,-0.027667138772521697,0.12759347995097298,-0.01739000896159129,-0.037142039448249176,0.08649612202932579,0.10022465977795708,-0.08675282927018402,-0.07744633036106655,-0.0059081630431878215,-0.06859822260764051,-0.18964572537424393,-0.06949786672128311,-0.06410790506262054,-0.12663177075414386,-0.09559747633045661,-0.09554594596142488,0.2797935708340408,-0.10964748391339128,-0.046681292142848246,-0.08124741320963885,-0.09027711484130559,-0.12018219374046929,-0.12651930665033254,0.17683189592693851,0.14175377255396596,1.0,0.132829719956629,0.014310017116072403,0.15714298606350202,0.19017987693330138,0.1625207596744085,-0.023789535709307308,-0.02586585264959238,-0.10639581065841945,-0.01849044395461313,-0.04301453759292582,-0.06841894063653368,0.06273084710238437,-0.027027476182019772,-0.0925989483628307,-0.07123036551624379,-0.05124525931628943,-0.10852858653604715,-0.0034310483287097685,-0.06159208961013799,-0.15614472497655804,-0.009965328619853149,0.026834641880819785,-0.027027095833032345,-0.10244894878066751,-0.08597860534143971,-0.03499612129629198,-0.03809383015134218,-0.09058515169289347,-0.08322855024150816,-0.0008302823438166413,-0.04057622855230034,0.011787256230178157,0.013771191889729752,-0.08619992575521845,-0.0733717899969165,-0.04289213188291925,-0.08454037839713972,-0.03989848432173538,-0.06082559742783152,-0.14226380063435345,-0.03090447196285591,-0.048444092903278925,-0.10216692560074529,0.0751887019563141,0.05009623500704721,0.08165382498639177,0.11185409966143102,0.14057553476520868,0.10436771150038536
moca_abstraction_value,-0.09637716091911518,-0.0845282794636039,-0.056241953448998995,-0.10771618123864606,-0.0957377470198951,-0.08011385301273019,-0.0985918703601629,-0.030466997505436962,0.06845385052591109,-0.03411713019394336,0.06781535895292086,-0.06061550467015895,-0.11655064625932737,-0.16526214543342677,0.010460591705446286,0.039225102997151234,0.16499002724145864,-0.09545984219160379,-0.06027612642888273,0.08961925556843803,-0.07686026962741378,-0.07084661140464465,0.017945659764169397,0.08797279650724203,0.0019082087055901761,-0.12091316271383352,0.050350282231769745,0.04495865604887605,0.0070127042948678366,-0.11268339880130629,-0.18384518265136895,-0.10611523154320593,0.011635661117072078,-0.09889961660875975,0.07856705481631654,-0.009141428406304981,-0.10113174671694444,0.044763555444646747,0.06047015895514195,-0.0800532487161566,-0.1282534259431352,-0.0054741911840505055,-0.09403195996247639,-0.18148934071909445,-0.06678986704374955,-0.09618631635558231,-0.06872023312729061,-0.11281047470297145,-0.090540280150536,0.352581857522698,-0.050096165270311195,-0.06317676440519877,-0.08676334835078116,-0.14657946991356838,-0.027376388526793596,-0.1312727545677352,0.16334109207739564,0.14638771076375495,0.132829719956629,1.0,0.08668340791395703,0.21206515327379183,0.17423290375577122,0.1618091178674672,-0.08159370617598366,-0.0405427673389621,0.013311332328376274,0.029014798880756726,-0.0549737595738044,0.02228595479508903,-0.01256067255633026,0.010274564840665986,-0.04476158827000893,-0.08500318565196999,0.05250272275977493,-0.03704877914997306,-0.0220815281209558,-0.05953184885938306,-0.03463972933768985,-0.03168868215282182,0.04373443079981982,-0.055945987861538274,-0.06547017579690036,0.0009720852875694735,-0.03238202222550482,-0.019474135969141416,-0.10200116306869987,-0.029047092710024168,-0.009367818301830947,-0.08263525271788023,0.006046288673654946,-0.0638895148361991,-0.05755735257816666,0.010124203532243898,-0.034321135889956285,-0.027026823081947714,-0.028043048087421505,-0.06249281747419158,-0.11756178146879662,-0.01616571735770867,-0.02910262595363638,0.02165733606028117,0.09397015564413196,-0.09477790420656336,0.1761949493766896,0.12393417471453898,0.1034747981326716,0.17136079728980314
moca_orientation_value,-0.013837869119377033,-0.022093604549700607,-0.03155924569589713,-0.024408686010354425,-0.037606880986190284,-0.08735657800830374,0.00024191034233555738,-0.01713620729563283,0.0012880269894308852,-0.04205684461535662,-0.053956020766426804,0.024543432528359808,-0.09756910817725616,-0.07143685398387487,-0.05941969354584559,0.08072801527032683,-0.10190686045935572,-0.051559359950252626,-0.061201020108785344,-0.031082896371892356,0.023292234668608,-0.07080800103432718,-0.10064109657897764,-0.0010048556671102232,-0.0007409563443723844,-0.07792544751143966,-0.014326520329002614,0.04079144872247082,-0.07833697922036494,0.0007574645709005325,0.13452890955581678,-0.0400062428520543,-0.17885958667720225,-0.07995199473854514,-0.05835546412696951,-0.04116991314688121,0.09840597826075517,-0.04980669036168427,-0.11874143444411976,-0.05405686009838955,-0.13649968796341863,0.06800774262167368,-0.01188994563982677,-0.06921611917484831,-0.0884314203819667,-0.0799302087573064,-0.06882382790413552,-0.07557497390261177,-0.09241977377779353,0.10716150435544823,-0.0937267971009171,-0.08966538279371412,-0.025196609987843396,-0.0451957862287726,-0.10159232538280669,-0.023425400547472452,0.015565729567689193,0.05990819339058998,0.014310017116072403,0.08668340791395703,1.0,0.07195301645298287,0.10974557107480315,-0.02570159822619143,-0.07434645899528525,-0.058383171147268424,0.024974913093853565,-0.02148860130565734,-0.08484925061185802,0.05048386262688589,-0.10004420208142575,0.01957508136962269,-0.009962917726178341,-0.06286845693861279,-0.05483275684664015,-0.04840801529564775,-0.03760364057466322,-0.012903404093267241,0.02956299173733156,-0.06440670714406437,0.04390201587275076,-0.05180759434079343,-0.008724978799604308,-0.1424191351686591,0.06714488881602035,0.06455274945904362,0.015932553821333833,0.0015412101735924348,0.0012160205758635137,-0.05834979000459046,-0.03442601827210951,0.04097977611125619,-0.07697900970590021,0.056651337175596346,-0.060261954221922306,0.0016753797478615245,-0.002100475698553892,-0.00760601915609777,0.02552302223303944,-0.07304940356311282,0.03225895627642672,0.06803561428442233,0.16822454718279528,-0.29062167947117334,0.014426070027219491,-0.008759408452555973,0.029851953906177574,0.018600144125219088
naming_value,-0.051134572222582185,-0.11770984588884348,-0.04302064542628048,-0.061322516811941306,-0.15914732421069752,-0.014181934075056002,-0.03912369538407456,0.009514177529034386,0.024971801843081506,-0.009829949099251625,0.023516822867637063,-0.014851744510005007,-0.1623157007109098,-0.14394225398382554,0.055777949581499425,-0.00647325420723502,0.16264553505230148,-0.06309008125906933,-0.05600964726625222,0.05056438685353195,-0.10352739133289192,-0.10511086468408475,0.012386869964654799,0.04964679776740318,-0.003083124297692521,-0.11357375889844135,0.08305729759328888,0.06163995966027965,0.007913544531054093,-0.11832111537294247,-0.1790945212973064,-0.1145648832961207,0.03469128333546168,-0.09869940814937668,0.08794580766930539,-0.010721561897477281,-0.0969288192788035,0.03992560335407193,0.06750726022252648,-0.08589963869412635,-0.17491799616046946,-0.04386791032024444,-0.05681137232269633,-0.2093997520827703,-0.04973554741898993,-0.07148169633224899,-0.08192395863161137,-0.08466730323775462,-0.0880746058584086,0.33325113929568423,-0.04365948085667822,-0.0632552774555395,-0.09077194695278405,-0.11848825827384034,-0.038463528399540134,-0.09708465434439373,0.19864542592007742,0.1405708252813598,0.15714298606350202,0.21206515327379183,0.07195301645298287,1.0,0.17550498013500945,0.16067885632471943,-0.02946161378046227,-0.02938563391474842,0.009630583010136407,-0.0021923067826140432,-0.02192033107590136,0.01310414651554143,-0.016041903787292578,-0.0036387580183645184,-0.07912240081256737,-0.12278600622812083,0.009038008264974052,-0.06750796823518102,-0.017580573485142848,-0.07671634720075994,-0.08856449176788246,-0.026461360351659562,0.04469866656064527,-0.05731555948342897,-0.07244431154163346,-0.06504314114796568,-0.0024680224825224667,-0.06026825519918812,-0.08862132559967432,-0.054202859499822155,-0.029128035761913522,-0.10135085991879873,-0.0018489899276107485,-0.053631078273477385,-0.08771848550181736,-0.0013738673172803708,-0.061358678615136414,-0.041431515866709755,-0.058212692941056125,-0.04490095617304722,-0.14659330191583214,-0.06479557022905336,0.04771030807946269,-0.0368061820403714,0.038695807444429076,-0.07251303644802491,0.15860036091195095,0.10902047565069141,0.13167310367160162,0.14093615576860674
repetition_value,0.026910744218766172,-0.12843894450163332,-0.0024657015609633338,-0.005598873016935882,-0.09364684836384136,-0.06160031980041706,0.05114016673575456,-0.011224703652837184,0.051762813135095724,0.06073391827982844,0.0467262299478327,0.005921151297888768,-0.09624077380225407,-0.12866710074912324,-0.06613882132473868,0.10591992970235499,-0.019056064129343357,-0.0660857684128361,-0.029394305870201896,-0.11019898700480399,0.03364661272038679,-0.11366338369435325,-0.0724557787430951,-0.032791138774269646,0.1009261896124251,-0.09856603868992861,0.025442077932306698,-0.015278358943595171,-0.016075196596163417,-0.10758686856510326,-0.012639424393055149,-0.10453498402166987,-0.04353227081409753,0.017482955573672222,0.0141971322283821,-0.043663171167942216,-0.07658054851077188,0.028556963715968747,-0.0292426676429428,-0.07102565541943244,-0.11758693998904764,0.057735689341498926,-0.0974469109549462,-0.2352875952408865,-0.17805052185395162,-0.0843591123296144,-0.2757402550684679,-0.09785550649092058,-0.1362141829137418,0.42502886558658126,-0.09123053821938555,-0.18654433853825148,-0.13022960961514538,-0.08842244163390842,-0.22087870368825785,-0.14345913759380446,0.2459006155174991,0.20602057356023606,0.19017987693330138,0.17423290375577122,0.10974557107480315,0.17550498013500945,1.0,0.19208616757009653,-0.02014285404906914,-0.06492162781043588,-0.06788763272563422,-0.06781239501723878,-0.05953368416640673,-0.013081847504853741,0.004702625238980834,-0.03249442805593369,-0.04980077766972505,0.03059859004065335,0.01550345198002584,-0.05903165946613456,0.04938513804193061,-0.022411627211534033,-0.08373237970332145,0.05617977453486712,0.08338284570849785,-0.01277988158645238,-0.07960071875158127,-0.06568050706542707,-4.961566533731367e-05,0.02820527735978122,0.021910035656907304,-0.01896355097056811,0.021284122847515456,-0.029385099516879277,-0.005127432678375696,0.13512630984019913,-0.020517506904108723,0.02471275950373013,-0.033594717059948334,-0.02360214714253851,-0.035613623131043444,-0.030611687073298685,-0.03859669025904645,0.01629886876245749,-0.08508671642691523,-0.01772729241521183,0.1498633525520561,-0.05537352305514918,0.09358078538163574,0.21125679531866004,0.14149598307116074,0.20210575145099036
subtraction_value,-0.019628255515339196,-0.06310185265204261,0.01222101717178686,-0.017839228908757363,-0.09015916633667719,0.021240661571602582,-0.04745759545874388,0.0007678139523980585,0.0519422543692975,0.020736000211575106,0.05967082228547582,-0.07131821355726382,-0.06295389339959018,-0.09982002682774364,0.07176911193169214,-0.013158941086019185,0.1973651783819525,-0.04301655524628953,-0.0052687948445698215,0.12655117377231942,-0.07743150428232469,-0.0403588593455837,0.03552224417351413,0.054907094658624325,-0.005547448428234638,-0.07502982747342124,0.07462559150254558,0.0297115678867838,0.03180213131195692,-0.09731008604895597,-0.27840782909767997,-0.08729666838649737,0.07374578015085802,-0.021079545575815577,0.019867445455307085,-0.030568941384731582,-0.12369760403371437,0.07079985347775448,0.051649031384904176,-0.06652125410763535,-0.0605035196544167,-0.050072885992375825,-0.09205287381284094,-0.19615143941278765,-0.035293203017916726,-0.061081002939374504,-0.060034512619000016,-0.06002430834104139,-0.042466335292811734,0.28512828475252366,-0.028215081199598657,-0.05760660655833316,-0.11831081009044263,-0.1109495920849433,-0.0009100116644008803,-0.08936491026729466,0.1872997782093026,0.1486631289750438,0.1625207596744085,0.1618091178674672,-0.02570159822619143,0.16067885632471943,0.19208616757009653,1.0,0.002963337344451399,-0.029530397763389695,-0.019663172801445698,-0.011654534996997158,0.006193680701036684,0.008277494270584586,0.09328477264517337,-0.013051746847488053,-0.025814198706682195,-0.042699286772582744,0.07503985507086265,-0.016713705311027446,-0.025938492194763924,-0.056168633012305416,-0.03397327367625,-0.0071065217724351855,0.012999278599725175,-0.05185075261380792,-0.03433204076741579,0.04397523331926577,-0.05880093915329091,-0.04479926943260718,-0.06797850863799225,-0.03265955165659805,-0.021346002534568077,-0.053154076013090995,0.010352065486199153,-0.07022781569134351,-0.01805213815979067,-0.04237005950343526,0.0020329379117247325,-0.014909138622318028,-0.006462583828386205,-0.07488101146871484,-0.09576803973713371,-0.02494916434041033,-0.0667489928365293,0.03340548006312647,-0.04689923726777355,0.10475313621344608,0.15815220425698254,0.12332844823712245,0.07474910010238446,0.16605709661675538
Rate,0.6099627997213077,0.11040923886349473,0.15014180643022856,0.5348967923886129,0.07564796258011695,0.2770195462515166,0.6005042125952725,0.2533724156335078,-0.16650359310696522,0.19130771047206105,-0.09136743083458411,-0.018530539853178738,0.07166555764676823,0.07127931960768068,0.11520040269096538,-0.1907357902249251,-0.03170308591013257,0.0662360866323829,0.052709178739374835,-0.08863086483171147,0.03654058968587646,0.06698141908152422,0.04203168263441116,-0.16500592545259685,0.14601479855303862,0.0780201574458922,0.04909803205064962,-0.0706856784705466,-0.03534011437759784,0.07022697231522611,0.006319144633571547,0.12110837840846254,0.09940983504979985,0.14502002378116177,-0.16962513926676376,-0.025767103223630686,-0.07618194959373269,0.009813383337583415,-0.08753257197665262,0.05380473361293032,0.08387369475945555,-0.012986535562784219,0.10101174336877852,0.006749836580443511,0.04390237321598021,0.06458225209575769,-0.03415568571451707,0.1077014340619467,0.033866910426482,-0.07559009971383132,0.06829252243450698,-0.0005717861265692305,0.10685407864694485,0.06649249059732765,-0.12128047379734867,0.06643705880484409,0.03140977254382904,-0.01467111103663451,-0.023789535709307308,-0.08159370617598366,-0.07434645899528525,-0.02946161378046227,-0.02014285404906914,0.002963337344451399,1.0,-0.034048764260344574,-0.13838448986239657,-0.583236899026562,0.43654568892436896,0.010899507762954098,0.015232945460086328,0.009800337875112367,-0.017824431352008525,0.060591606053127245,-0.0008625960297171897,0.0006471728841132117,0.10011184040809486,0.05915354800221378,-0.0677732077721818,0.041814625164400744,0.006090201150551797,0.12387014306170273,0.021935511699673498,0.004694555134373234,-0.030429049244952378,0.059461614714759775,0.10027736310424608,0.014792944620425408,0.0412418419270794,0.05007381040859135,-0.009516570644275555,0.1338492239607863,0.061991437262839705,0.025868594314601923,0.05040186155484443,0.0031993664136710604,0.01006752923965163,0.0452300140159074,0.1877682832767563,0.06434416747445248,-0.02236156760788984,-0.0935567168146917,0.04970909617777796,0.0394768497016402,-0.1293688909878584,0.010538045134932105,0.04241638409827632,-0.07792754107858808
PR,-0.11459230911045738,0.07282832870690907,0.07848144800108098,-0.07626409517716401,0.06474049998833954,-0.022115840964715434,-0.09941768198487606,-0.07376600362950757,-0.01749601664898769,0.0011151019673946738,-0.008173478762835432,0.04484087496038236,0.02308957950721516,0.017941122513271665,-0.0406507919981274,0.058746264154388585,0.1247766710291189,0.04982498572856795,0.0876356670415905,-0.017353793266349667,0.028330706916700817,0.10379239277504099,0.07538177047780481,0.0649682173474863,0.024671261010775974,-0.024515435969692863,-0.004154866153019547,0.009014789788286142,0.012898055113418487,0.04152008857115362,-0.11395469237020062,0.043520017824471874,-0.03224245604884927,-0.009619525650966538,-0.04577026245703998,-0.003350982934053214,-0.13168721645978862,-0.013157267031210548,-0.0838390157256948,0.0275463516835863,0.01665497750266683,0.034725769823646384,0.0047301968196162975,0.06931325782618732,0.08600308047616177,0.011546895843820501,0.06295789472512503,0.022475572853972284,0.02136252635170466,-0.09710216963778898,0.039150381067653124,0.05239072119953605,0.03294284886602768,0.018370608925194404,0.03952652348905042,0.03928380284738128,-0.05231259645398188,-0.023692542583503232,-0.02586585264959238,-0.0405427673389621,-0.058383171147268424,-0.02938563391474842,-0.06492162781043588,-0.029530397763389695,-0.034048764260344574,1.0,0.09666120942925228,0.15449287356290942,0.1334597389468578,-0.027257414800268998,0.07687360865452218,0.03946196442487942,0.006357380525538127,0.007420476330458689,0.01302482897828988,-0.01730092276742394,0.006907351605479659,0.013099066620514183,0.029309410243978297,-0.06028127377753195,-0.07203244222115969,-0.037191300825756064,-0.0004034712701474646,0.024725542107757112,0.015366607617865954,0.05185956084159018,0.09382305001728061,0.005651477174291343,-0.025447873277244425,-0.020151798108076165,-0.02237454533664659,0.0004889324945103442,-0.03591124789119535,-0.011191115234575048,-0.030734270473978,-0.015378903736908188,0.005915984336669853,0.038057714395957,0.04655942582002455,-0.035323653349062,0.1824132965821256,-0.02252031807128217,-0.19670268498518195,0.02709294259954283,-0.006930146919502992,-0.007107916074024185,-0.01003325426371127,-0.024358264885168113
QRSD,-0.155318144842719,0.14407864258891478,0.07343273645968429,-0.1389756634057871,0.086202481078886,-0.08152521099770295,-0.15409052069020132,-0.08257675680954635,0.06294140359702478,-0.02963556118830325,-0.05634740876870245,0.06127279657069888,-0.02839543094590001,0.011565405484054998,-0.04476801496905015,0.09375041519494286,0.16588418703266197,0.05184079399168874,0.014398874966869181,-0.00641438189322401,0.01949473659164896,0.1650128398610316,0.07465511196479749,0.11762788135437799,-0.011037592640126265,-0.027362358021989254,-0.09202899055457188,0.037826602374916946,-0.047932190522011,0.1304425294691979,-0.13694533379196672,0.10021467441066506,-0.10289153521884307,-0.08514348151654787,-0.1176137472963884,0.038849995296592915,-0.17957350313531859,-0.09204871718254821,-0.15383938006097816,0.05006259621637451,-0.016603008838190093,0.03531655476094636,-5.3186412420160044e-05,0.04099405607460031,0.07680449386898068,0.010387339180451862,0.15922415554445346,-0.009489795760193357,0.0006108468315654488,-0.053933291097012497,0.039374346982587176,-0.0025281784459162916,0.015220038786602748,-0.010139035102714493,0.1074011874348366,0.09762688589206579,-0.0046149782385464045,0.009531930485745525,-0.10639581065841945,0.013311332328376274,0.024974913093853565,0.009630583010136407,-0.06788763272563422,-0.019663172801445698,-0.13838448986239657,0.09666120942925228,1.0,0.20843085430682506,0.06554340301098496,0.04062957947264292,-0.05933485328283304,0.10931526395949376,0.07656569013865072,-0.036993968789723115,0.07585612964138158,0.08168118206081297,-0.022636170454832776,0.07041304190903427,0.17341873276070463,-0.01750684812277602,-0.019661569549865483,-0.07619893923141859,0.023798645679284833,0.012668448514217893,0.08520435193517117,0.09309896836020598,0.10119519405263826,0.06544915529014352,0.005118298489084647,-0.044777893123020246,-0.006360484423252158,-0.0794244788384852,-0.042739745016417766,0.04357066665922592,-0.0007465242473009294,0.0296629910442525,-0.00030587060706584895,0.06673533299290696,0.08631528540634921,-0.051188663668796736,0.3308325354232052,0.008528904629159588,-0.23513504490619147,-0.12676878672643083,0.07575943729237856,-0.009924866055985472,-0.08468426400145865,0.03652753859332054
QT,-0.5535857612103338,-0.031603867427365526,-0.0681058737562024,-0.4633402853044003,-0.02033390046458629,-0.21511935562168277,-0.5353920695418862,-0.22740407152535777,0.1369765708738865,-0.15981555462452252,0.07841379711857932,0.02121802677308768,-0.03741986083473773,-0.02581368781929814,-0.03161516440485792,0.1537926895562015,0.19360687741552027,0.006763047878615152,0.05134648183962245,0.05024567442539371,-0.03288662799913482,0.08956806451133746,0.10235364780849401,0.19538185577399997,-0.046725088526970736,-0.0421471846507151,-0.031940771907258615,0.1115919571777917,0.035972931902802006,0.03319789980550588,-0.15446918248479802,-0.04196896043977351,-0.015599284285152183,-0.0914782744851781,0.18235850630502365,0.03630183113567329,-0.13668010497524138,-0.008243482502862465,0.1199465764149987,0.0031935910562721262,-0.011764907057114998,-0.013529347497855669,-0.047237339055485675,0.046947093824550375,0.05395706924806118,-0.010847216160293926,0.1280980577037668,-0.033489614205715085,0.026195002471166354,-0.03132464874817062,0.018972047101961147,0.08301422551807479,-0.04553318104544636,-0.018206810209770136,0.1653313994293944,0.002891087933708906,-0.05715804457041923,-0.006143657089463316,-0.01849044395461313,0.029014798880756726,-0.02148860130565734,-0.0021923067826140432,-0.06781239501723878,-0.011654534996997158,-0.583236899026562,0.15449287356290942,0.20843085430682506,1.0,-0.013925665937904952,-0.042575085394409615,0.042410739794048656,0.06252613159310552,0.007843025961779508,-0.08101944022714733,0.04150566798983747,0.008244306560227111,-0.02481608753162327,-0.00815328430136693,0.06716394978735445,-0.008134198080255828,-0.05568344774750643,-0.1137899474402519,0.003909337918878679,0.0473550181834316,0.05698812096009195,-0.04428054316033054,-0.03484686594337488,-0.0030255413825405132,-0.0061240045030001656,-0.04328338189679697,0.004166748267370013,-0.14003339022535563,-0.06811032476074276,-0.017132337731636606,-0.03964597522997473,0.012659262196859956,0.0007393300150016496,-0.009181578099513135,-0.13483341015714254,-0.042409848222669064,0.1746226309628859,-0.05626195146658648,-0.17411200485700154,0.035868288569521754,0.11851835190696842,-0.007197589352275544,-0.05957312805637538,0.042811095942445865
QTc,0.2286629974290953,0.12211959741764351,0.1369349221766836,0.22227110663974073,0.10683831377852505,0.09283988872315048,0.23841953297861962,0.06391788081858532,-0.1133496802495354,0.08977237871298313,-0.03306374341113966,0.029843190908559098,0.03856061507628046,0.06320881478499367,0.04436563983793684,-0.02187831789996469,0.17200310046216064,0.07745928616708495,0.10577582856746613,-0.07872530633928007,0.02012612955647036,0.21422703870356774,0.14433057607854896,0.0006228318886266989,0.15010763711617664,0.04123477307696782,0.030695524140604214,0.022156832902962567,-0.017300919191478262,0.1392829560927982,-0.18054781940781475,0.1022515384406069,0.041593667079380316,0.08175530940013265,-0.1231517501543781,-0.025215746920921624,-0.26691660753917945,0.05551531598503792,-0.08126867422726067,0.03441323739496854,0.05835423467926007,-0.006991718028650947,0.035359793753327366,0.0592432806080823,0.13874582327678456,0.04026388805891902,0.05202816991831277,0.051651894263862484,0.05027123544858389,-0.11439755515089342,0.11966239692585502,0.042882407172845395,0.08076052908672661,0.06187942097492724,-0.0019776313435485005,0.07295719738137596,-0.03546032589158999,-0.01728140843196373,-0.04301453759292582,-0.0549737595738044,-0.08484925061185802,-0.02192033107590136,-0.05953368416640673,0.006193680701036684,0.43654568892436896,0.1334597389468578,0.06554340301098496,-0.013925665937904952,1.0,-0.004481136543205066,0.10431696531935061,0.045643117124756286,0.024255975621725066,0.02219015924178954,0.03997137564661045,0.024268699039328108,0.08788348087848921,0.06625227686064095,0.02054630097099972,-0.0006485699891173641,-0.07454804147444824,-0.008849715981544883,0.0013848863540440533,0.08277330035423291,0.05845975027328703,0.060435556199197826,0.15391755686604297,0.06308332296382005,0.005579915956649604,-0.007418978347198585,-0.013839603555605644,0.07187236112758338,-0.00844852202327708,0.02161812404363942,0.022184513507826024,0.03229012507845999,-0.0006209262440643246,0.07475668652905461,0.15974886606726876,0.014256429337630676,0.1495041928301911,-0.17783402587798458,-0.11517510092676927,0.09653788959379563,-0.05460861272068354,0.01656033423279024,-0.017368721456228187,-0.04213006741452224
P,0.0584017898260331,0.091468585539578,-0.005277027668310805,0.025062313543818368,0.05258710839069361,-0.005456135763471117,0.05469765398411828,0.00958852137164862,0.056254381575871655,0.04660205523724946,0.016510962508711393,-0.017552773045858137,0.009638727390283413,0.023017697281413545,0.007670016610206561,-0.05573840820015133,0.07014693490106311,-0.032538192411770424,-0.026430576822006002,0.1018707044426047,0.024172581397387552,0.07799101911761082,0.06090015398118377,0.014676276022806922,-0.0020149705125932843,0.04147386559589801,-0.034409714423646896,0.03908386771926587,-0.023619920549823068,0.06435988248630295,-0.07172613041805764,0.06565023139329289,-0.0024053535666699434,-0.029575647274606993,-0.017788784456091736,0.06469763881128106,-0.028530715668736304,-0.06743674520861002,-0.008921313136058776,0.035110545039823006,0.007331097116926435,-0.012133768272227667,0.029046837865441887,-0.010860259902862964,0.04907962695268955,0.004161066189164149,0.1126961208123391,0.015460006095127102,0.04425613138628405,0.04015448412252307,0.05043566194535504,0.06161350067476249,0.03410398825094394,-0.009796944151380979,0.12435473949748226,0.047376016578422435,0.030688095097218347,-0.002255072500190067,-0.06841894063653368,0.02228595479508903,0.05048386262688589,0.01310414651554143,-0.013081847504853741,0.008277494270584586,0.010899507762954098,-0.027257414800268998,0.04062957947264292,-0.042575085394409615,-0.004481136543205066,1.0,-0.08532714568776796,0.05447405414994607,0.07018941032785557,0.03200263984685136,0.07451152222395811,0.1275666322945273,-0.01971426114506507,0.044080535715575894,0.04257443880785432,0.0218305820304896,0.015839698523462,0.08266506343101285,0.05602253274360106,0.08609233020724183,0.01252043231558744,0.01015844265538274,-0.03568630841413832,0.028381310605267614,0.049603707826921355,0.0272864724997966,0.010607168317150773,-0.10627130276460231,0.11525323563623943,0.05127414313956683,0.08830284637954643,0.024112100554213176,0.01317000844595027,0.04308394004705297,0.03144868105505503,0.029258142693825855,-0.0698800888865883,0.16417051369028385,0.06462706404341613,-0.10585016256148634,0.045982006349103086,0.010027695637607484,-0.024505269858014354,0.01763897032820559
QRS,-0.0434080413488016,-0.035604792497321014,0.03757525230567658,0.01644196288637138,0.009577570023579894,0.06285023078529664,-0.05929602289955469,0.00381707946895074,-0.038152798140879095,-0.03837998459971065,0.057427652157414334,-0.025356620627349793,0.006473292814884202,-0.039768391789503976,0.05787813788177065,-0.04725684835535933,0.05096369904908996,0.03783720235810464,0.07583202159229124,0.06672474097071167,-0.09769586897367938,-0.034724365575999366,0.0054111163645159405,0.027441868185210487,0.029491140197846512,-0.04803229074525363,0.11582161198173692,-0.04741484318962513,0.0846065249034646,-0.0733433273610679,-0.09518998758363754,-0.04802231096268196,0.08078551795586474,0.035758345897470636,-0.00034241659159172234,-0.08739428513362123,0.02924877465389432,0.10248313773395529,0.013212625654984598,-0.02039053346319243,0.011476946659771243,-0.04175327915028082,-0.030285839948492776,0.006658477997547153,0.06273257874302747,-0.010947640596448307,-0.03568768879691669,-0.010027466088765357,0.017496796739603672,-0.005734837596207089,-0.035057076277008554,0.020139201237931437,-0.07392638303816285,-0.008524274411585894,-0.015410019886614721,-0.0507930000314432,-0.0156173118608477,0.023035649852396565,0.06273084710238437,-0.01256067255633026,-0.10004420208142575,-0.016041903787292578,0.004702625238980834,0.09328477264517337,0.015232945460086328,0.07687360865452218,-0.05933485328283304,0.042410739794048656,0.10431696531935061,-0.08532714568776796,1.0,-0.09571704616315783,-0.06671493331943615,-0.03814326919364326,-0.04153803843335862,-0.14270320396299335,-0.021985529315883413,-0.03266769121742717,-0.07133630064836605,-0.048721155620234026,-0.08943276130376183,-0.07300152576922007,-0.05721419507336234,0.01019151378349327,-0.10975159034466057,-0.03866585249118089,0.008611414187022106,-0.05697593129422973,-0.06038966184465812,-0.035633652510560256,-0.030233356142693513,0.023181563174548864,-0.06255148891630431,-0.08248742956114916,-0.07425605188344939,-0.02778844320951639,-0.02524978130004222,-0.05677260213187081,-0.0455688414818091,-0.05717989300535961,-0.09977739004399273,-0.0636094652063558,-0.07269970601262665,0.2662745292823418,0.014698062894555464,0.022394392233787697,0.04728925981917664,0.02451319311089402
T,-0.08449816303703857,0.03474342986884217,-0.023111505322602182,-0.0919127093975328,-0.02735740807004848,-0.04738823609502787,-0.06552205984696392,-0.01504977522190427,0.07627495875830492,0.037009902779131826,-0.03561434709596856,-0.02976910424108478,-0.0024021230909162636,0.04698667268618516,-0.010881214577650766,0.05052607286772283,0.1567908280570453,0.04963260655330858,-0.006072847186137291,-0.07431361539105703,0.014657621614649532,0.08922181153389959,0.16857876753650516,0.030605063124413984,0.012454190017029623,0.015023044964793342,-0.06263179548078784,0.11034596052312871,-0.10472995344566517,0.059434612478666916,-0.13660267264156256,0.02434972788783307,0.01710900062707171,-0.049601289436803545,-0.020384146011270973,0.053510864453755067,-0.2218670108533454,-0.13226684133049624,-0.004971932898136737,0.05616359741309285,-0.008158256584613803,-0.024116209728887013,0.013001660872827144,-0.019679090890696433,0.021978871469825138,0.021323394215218047,0.10107085986907621,0.0001675664683589639,0.017304858100798213,0.022729200240211318,0.05620678256910707,0.019868948846815056,0.05139134486157631,0.02860828105904377,0.06084777356591414,0.04845238474548905,0.030669267792051768,0.019146630953184172,-0.027027476182019772,0.010274564840665986,0.01957508136962269,-0.0036387580183645184,-0.03249442805593369,-0.013051746847488053,0.009800337875112367,0.03946196442487942,0.10931526395949376,0.06252613159310552,0.045643117124756286,0.05447405414994607,-0.09571704616315783,1.0,0.027586367073286017,0.0076968786053104995,0.04802847143467649,0.09107577346206129,0.06301725569560104,0.06787442722044071,0.03931390516401633,0.009852167527045251,0.06152080479740841,0.04460753097416991,0.03161484042355697,0.04510785122503373,0.06643443119082851,0.04834351578728563,0.009334795989541882,-0.003042290029601074,0.07144346545913498,0.002154974418273437,-0.004817944601301996,-0.05365367848248331,0.028548581947215934,0.04930333614048433,0.06099821714114595,0.010896374424659988,0.01849223156171864,0.055018757044329895,-0.016415518332405832,0.028359709818618337,0.2496735398607755,-0.05147268860528726,-0.09295969000266531,-0.15009707977790843,0.024476742978078392,0.01209337830357961,-0.012983734193136589,0.022161069424134483
Age-related macular degeneration,0.009484213567362166,0.12698902263525097,0.0530441405561654,-0.003566650299723547,0.11082379509387526,-0.022201123086297434,0.0018939616464841225,-0.020929819546782392,0.046534860095951674,0.008421672185334031,-0.04337450873288111,0.030162429806978322,0.04368648021243115,0.042397052965279805,-0.050169659470488716,0.036854370511851385,0.05037639392991806,-0.026965648331239055,-0.03357831811955469,0.031187188291411726,0.06865079517221837,0.1600002845783179,0.03845055659695247,-0.012362885617365713,0.0023997492410929404,0.06832170993098005,-0.0869829351785918,0.01206261619497118,-0.0013223909704876962,0.14523551465574513,-0.05078222202117279,0.10595540851623009,-0.029450743907790577,0.007279216713505664,-0.089450997402272,0.08016090105696089,-0.06904392747499684,-0.053626704615720014,-0.06652671062148471,0.0686714508029812,0.035503490534880874,0.0054379975633537065,0.021225761177604215,0.06631046182543007,0.05182070028092146,0.03125599710835904,0.09576163209845052,0.07663343676286283,0.03885567769223468,-0.07981856018795855,0.059565579922001136,0.00322746771214214,0.05708196592638652,0.03293358162904543,0.0830668642284953,0.05239732004672277,-0.042644482857697306,-0.026876207865002666,-0.0925989483628307,-0.04476158827000893,-0.009962917726178341,-0.07912240081256737,-0.04980077766972505,-0.025814198706682195,-0.017824431352008525,0.006357380525538127,0.07656569013865072,0.007843025961779508,0.024255975621725066,0.07018941032785557,-0.06671493331943615,0.027586367073286017,1.0,0.06036103226813817,0.0874168376112245,0.1520083578498026,-0.0004982825306377077,0.06409383070386504,0.10845715398503208,0.02442880035193613,0.00496615814395397,0.05689261941990454,0.0886861731880335,0.11457082775996602,0.03806826001575706,0.04360926796664116,0.06111409182602991,0.13656156719239892,0.051223300239095514,0.050539316087732856,0.026424143877449506,-0.047036558978220955,0.11134998863983224,0.02863583725351692,0.105579105499202,0.027018538373823554,0.028990437279114004,0.0631328006759494,0.11171959685228953,0.06402705370201865,0.05978309032611659,0.11445206821302398,-0.09201436417834026,-0.05532583267138522,-0.0029798478474932165,-0.03455051630581823,-0.14918979723080814,-0.0051414570532237495
Arthritis,0.07320566324038584,0.13413269525081217,0.06410102268784666,0.07131046403787233,0.13702542213119492,-0.08789445937917033,0.09593453326764934,-0.07057913560007685,0.006032777699692838,0.08471174399610362,-0.058370547694792094,0.05536668295002432,0.03941263098612224,0.05031862683352778,-0.19991185242416937,0.14656079249523382,-0.09152297863154854,-0.03930580852728547,-0.0326640672957972,-0.1685609286404403,0.15833002408434974,0.09806413163641145,-0.0050831468296904225,-0.12959141664653936,0.037030739828277884,0.0613317160389388,-0.10502030835893611,-0.059943142508376415,0.003062437685194688,0.07836464263575815,0.05556580704047121,0.08124587094625217,-0.006397582252051793,0.07669637176565068,-0.04665201100689802,0.03245080158197459,-0.11334101799400416,-0.012166631356366048,-0.05031771372000843,0.025206911022709277,0.04889664976081657,0.02995897613221504,-0.00947132041434907,0.03928587087629104,-0.02958837427056668,0.012412220847920978,-0.02920229903684211,0.06279643653983918,0.011411979619957244,-0.09188954756361334,0.03468858815140262,-0.011817573471782286,0.03816048743806892,0.053253831304277716,-0.04828979189418081,0.04317018702563428,-0.012924525777523841,-0.043715590974658866,-0.07123036551624379,-0.08500318565196999,-0.06286845693861279,-0.12278600622812083,0.03059859004065335,-0.042699286772582744,0.060591606053127245,0.007420476330458689,-0.036993968789723115,-0.08101944022714733,0.02219015924178954,0.03200263984685136,-0.03814326919364326,0.0076968786053104995,0.06036103226813817,1.0,0.03491750326391258,0.20512522645739986,0.12621047752245534,0.05984682576588296,0.038714036954115995,0.13410165179780018,-0.015863133744393004,0.16703311274064167,0.06524844305251379,0.09124395799452156,0.04470127707135511,0.11205197397482801,0.1951888236256934,0.10590385213974181,0.07280562462397788,0.11293946073248526,-0.0257706115691664,0.1453064974288141,0.16714701688638858,0.08484422405827176,0.11380223662206568,0.02443279245593715,0.01725753656475467,0.08047689993249521,0.16735279415218896,0.18120596116545976,-0.03343234110480598,0.04116197546357547,-0.013918349822944041,0.01721510612284672,-0.13102708534375504,0.02238032540609142,-0.02911054076383194,-0.03807278197198086
Cancer,-0.05282378083459846,0.08457913155687326,0.011002017225364457,-0.06775835411285251,0.04533878813761795,-0.03649837372270909,-0.06656865346030848,-0.058002326226414457,0.09883012381226457,0.027433446780550867,0.0025571738590862195,-0.019943738202959835,0.006368111337058656,0.01995642457035705,-0.010522752606842033,0.020056593252676055,0.2142434037967673,-0.012032448570231474,0.017676702192517785,0.08155612570450073,0.0067143649169023505,0.18045973392533696,0.14059639530044693,0.027595190668118268,0.0109692670901358,0.023325003773960407,-0.08510935585316792,0.03452787897480878,0.00816321779059744,0.06883779497690805,-0.21863395319572748,0.028641666905356543,0.04406922555603835,-0.022306780005444178,-0.09210374420047548,0.07876762969912189,-0.1932084161932292,-0.037902954094949995,-0.05969152651198264,0.03533060199870222,-0.009571922253561769,-0.036160685230067595,-0.024215406198172983,-0.01566206946905119,0.03431265053307207,-0.0023342504339363065,0.08993961306638659,0.005824309948047179,0.04278242457702204,0.07501796004453139,0.0764057412396916,0.02640295945032463,0.014655502112428897,-0.04093812028378021,0.11549549230100863,0.025323438647152585,0.04829687762352703,0.03200147657847949,-0.05124525931628943,0.05250272275977493,-0.05483275684664015,0.009038008264974052,0.01550345198002584,0.07503985507086265,-0.0008625960297171897,0.01302482897828988,0.07585612964138158,0.04150566798983747,0.03997137564661045,0.07451152222395811,-0.04153803843335862,0.04802847143467649,0.0874168376112245,0.03491750326391258,1.0,0.18161712154648638,0.011617600941001446,0.010218400890198105,0.06827388564271702,0.04542338602915432,0.0004496740797337677,0.047044034651212686,0.0328373494989083,0.18880455814300257,0.03642227899191312,-0.0006901392045127327,0.01780493643175111,0.10078695294156001,0.024354554735473297,0.01990216373548312,0.004919667812630158,-0.10286900622586795,0.10845997287205839,0.029253806596427068,0.08478750891251578,0.015467603905471184,0.0330141107886153,0.025146560963585387,0.021916018173215427,0.048439870257096465,0.030640662613112973,0.09574482358753118,-0.10312717500254177,0.006488083016157069,0.07986313105193578,0.007786622542020216,-0.03590904452658424,0.040940280874393505
Cataracts (1+ eyes),-0.03399205529922387,0.1747305399328013,0.04318714594311746,-0.05197554239976514,0.1408233794057188,-0.14427740008123213,-0.010032176887629796,-0.11520354926310054,0.08339014668788179,0.05654720452256674,-0.06881967064045087,0.03157907052603777,0.036302599512357744,0.043723211028808565,-0.17306356291355798,0.18810089409859812,0.14666070390291217,-0.05918500467298815,-0.07642282540848601,-0.037622296336794134,0.1272368348793257,0.24624913248053418,0.12284582379553509,-0.04067827010666057,0.00031619410578457565,0.06429438173202047,-0.14388267676702918,0.03156209313262311,-0.009747042279495369,0.15603874311408472,-0.17415093398956444,0.1300706329891921,0.006186833494436737,-0.008036528513245053,-0.10085770052621931,0.11382556617986885,-0.2690730708594708,-0.06469399253928361,-0.08897582984891478,0.049047709197606586,0.020552347775839135,-0.029702136339953323,-0.011138034363894257,0.057011983304657274,0.06276464352301718,-0.007366744794420757,0.14701956349314982,0.029430683263809203,0.03475097692791157,-0.05489871268849718,0.0492512171119394,0.01565889003759557,0.09016314709962038,-0.004120708133539801,0.11830561605046319,0.08226848410345042,-0.020833381565711403,-0.023766933550871328,-0.10852858653604715,-0.03704877914997306,-0.04840801529564775,-0.06750796823518102,-0.05903165946613456,-0.016713705311027446,0.0006471728841132117,-0.01730092276742394,0.08168118206081297,0.008244306560227111,0.024268699039328108,0.1275666322945273,-0.14270320396299335,0.09107577346206129,0.1520083578498026,0.20512522645739986,0.18161712154648638,1.0,0.11296607556575182,0.09023481789635669,0.14060398323558349,0.13526341228617264,-0.020172913643981546,0.15669119987369087,0.12453719098523512,0.20142850055008113,0.10331021662171555,0.1107418951423204,0.14687507828912463,0.15863062813713955,0.12180347275480759,0.11931761024119053,0.01194080236704235,-0.0014999211251464834,0.2543607414425639,0.09116553558687143,0.17258560930922534,0.041173517723038885,0.04298169840055722,0.13126805906658218,0.15716749129359558,0.15517684998421186,0.11133419444165542,0.13361448942442614,-0.09961297021476138,-0.1159915049957964,-0.034683203934257036,-0.009079019029858821,-0.07706013783265955,-0.015163795221596617
Chronic pullmonary problems,0.01780447643613205,0.012925681922710187,0.00912737105138346,0.020224467740979534,0.023742642482653713,-0.08311679636200192,0.04302176168596202,-0.04545478710664188,-0.009257964119431904,0.04565316294941533,-0.03124686976453972,-0.001881242386819326,-0.011467033401456788,-0.0019567786906291894,-0.1109476471092548,0.13286471856313709,0.048618890937478745,-0.0036368793887186558,0.004515028805871857,-0.18117451658467937,0.09401423406309871,0.08772517067047185,0.08109148255908769,-0.05365510333107359,0.06995824925668413,0.014289389557022598,-0.07135826335622841,0.0003345592651878843,0.00019641803638853028,0.027143859340058214,-0.0495915425161326,0.017564311169827082,0.036257457611569656,0.04662647094890971,-0.04336942445806958,0.04738279321568241,-0.20916690345401417,0.021145428044369453,-0.039498899190634845,-0.017860657454388664,-0.005319163012445535,-0.003959498760788105,0.01413039051875424,5.4138231983957274e-05,-0.002644059980096507,-0.001821867186216957,-0.0123247325919101,0.029393962501916768,0.020382291115814882,-0.0056271533867386725,0.019332824574564672,-0.0017745676709306495,0.03873698632056328,-0.0021220649785563426,-0.058907157209549234,0.006896547473669913,-0.005927585453507464,-0.007503170677123194,-0.0034310483287097685,-0.0220815281209558,-0.03760364057466322,-0.017580573485142848,0.04938513804193061,-0.025938492194763924,0.10011184040809486,0.006907351605479659,-0.022636170454832776,-0.02481608753162327,0.08788348087848921,-0.01971426114506507,-0.021985529315883413,0.06301725569560104,-0.0004982825306377077,0.12621047752245534,0.011617600941001446,0.11296607556575182,1.0,0.0323515216274526,-0.0037535456101535684,0.07910762219958244,0.02915356359642861,0.09021388943165676,0.01475387054675837,0.061786023187743386,0.048458809641751296,0.06159838916232471,0.08193832821530826,0.032930231319585904,0.06551585100121876,0.06705794941638965,-0.011226163517595217,0.0896177431863748,0.09470876492699383,0.03883739198423879,0.03870387135611888,0.00888577721021738,0.03118206730168008,0.06920241798842493,0.04823401870220864,0.09806731656850987,0.11437183312226365,-0.11477659930645945,-0.0018654154961828817,-0.05414720661966397,-0.02892245450002733,0.04255776288879863,0.030027517886838436,-0.018055064796132867
Circulation problems,0.0583655408255611,0.0845582800629684,0.07141325624398687,0.057578025192055064,0.07209855510913636,0.008286473615395317,0.07125393650813344,0.011531637127029084,-0.014482067631306352,0.05983587311287363,-0.06331400959849644,0.017662302972031276,0.046407840611554056,0.08521027366752691,-0.03561552471316133,0.02138560969855671,-0.009020233330968219,0.029176282042643782,0.021764079339320588,-0.05927406599034267,0.0952458141385318,0.10603785924076982,0.025863353962420045,-0.008702621462213239,0.0335720122589065,0.05989334115072201,-0.05490128049648676,-0.01444270157392005,-0.013367810800456075,0.07556408697928067,0.007871510336159016,0.06904424456264012,-0.035779845836611694,0.025192410300085913,-0.05539157371625504,0.04901894016873862,-0.06303675638028437,-0.05760173422316015,-0.06149790646687901,0.04667833840002191,0.041100880408790855,0.005890081751402173,0.026777553211582792,0.04098234287795279,0.036870925107887406,0.022782824275859783,0.04085137342005352,0.051302631981573435,0.035617424737075215,-0.10426099054995383,0.025789876548938717,-0.0028063691142798533,0.05968579561539974,0.051551257919875894,0.016836591141184312,0.087537431339857,-0.010800658667252055,-0.042719664033295204,-0.06159208961013799,-0.05953184885938306,-0.012903404093267241,-0.07671634720075994,-0.022411627211534033,-0.056168633012305416,0.05915354800221378,0.013099066620514183,0.07041304190903427,-0.00815328430136693,0.06625227686064095,0.044080535715575894,-0.03266769121742717,0.06787442722044071,0.06409383070386504,0.05984682576588296,0.010218400890198105,0.09023481789635669,0.0323515216274526,1.0,0.06415493742218402,0.06687129317155432,-0.0001345246157077563,0.02808863778366953,0.011431656263733644,0.009411095558286914,0.04305520858245767,0.06697847623102923,0.07267072524009378,0.06477256286170326,0.04267884839493691,0.04428742705088663,-0.0073121227408194794,0.04379938962107618,0.03689040181124023,0.07861779469396378,0.0368504623648393,0.007768911535160454,-0.01213428755784442,0.06376843151324994,0.08361153957697381,0.050585660914967065,0.08784658423674432,0.0034239426212048217,-0.07552177236034957,-0.026126456213577842,-0.0653186283738146,-0.01564120689237898,-0.0479577378375555,-0.016061763831547515
Diabetic retinopathy (1+),-0.016487388814240417,0.22050984501245915,0.10162270066227203,-0.02604014177187011,0.1739259493536117,-0.07150590224120246,-0.01139656001818298,-0.06293864551701224,0.03457210764478792,0.00016457054092791114,-0.09329756888618804,0.053488360664354376,0.02789031048305668,0.04416320624648071,-0.095329478267763,0.07344979945139984,0.01526373748679832,0.01644379359158766,-0.058589821434564635,0.02906650308836767,0.06952107477483559,0.1816934518273078,0.005971567658358587,0.04266643629817878,-0.02683553093054605,0.03281203986254462,-0.10214233910438934,0.029873489396466515,-0.02718039421592762,0.20752991540658802,-0.01937285692331177,0.17369014300870966,-0.09834750979603396,-0.05687153821363499,-0.16059815903368607,0.017748161137086334,-0.029897895716007008,-0.06314642577476631,-0.17373592355912015,0.030428737938063184,-0.006699512322350404,0.049189935477303964,-0.0029086394685127054,0.08009572229042146,0.07567144463267965,0.011396886392290136,0.1365819001401581,0.0015834394207748044,-0.0036880925210617047,-0.12357924974532342,0.02084718856517761,-0.01519693822646121,0.04972188968006354,-0.016742081263283567,0.10664695369400735,0.09524952038238411,-0.04979526294818071,-0.02380543293654178,-0.15614472497655804,-0.03463972933768985,0.02956299173733156,-0.08856449176788246,-0.08373237970332145,-0.03397327367625,-0.0677732077721818,0.029309410243978297,0.17341873276070463,0.06716394978735445,0.02054630097099972,0.04257443880785432,-0.07133630064836605,0.03931390516401633,0.10845715398503208,0.038714036954115995,0.06827388564271702,0.14060398323558349,-0.0037535456101535684,0.06415493742218402,1.0,-0.012636489969340685,-0.05396420251662689,-0.013254830409277794,0.040265039781900124,0.07546968590234306,0.09791906172917,0.10293667684066742,0.14471725148334047,0.14694334902222012,-0.013875731402051056,0.01166674381421385,-0.006113551734809802,-0.031850076757270085,0.03419579507676145,0.03403191240457996,0.04950644259357036,0.05882982536693762,0.010534060256186577,0.10308510882718255,0.17026786199938396,0.012240577792583838,0.1001153958292074,0.1450463629161406,-0.14097337168383087,-0.07662082463022672,-0.01995238412837314,-0.086761939629835,-0.18002670178183972,-0.013406110312651326
Digestive problems,0.035247452265182895,0.014739790636291564,0.014185770809768192,0.036502408213090136,0.05889903832501738,-0.02270363942511764,0.04235237569711994,-0.03351676715357476,0.04042474738299026,0.054875022314010376,-0.0001054356651053092,0.008487250621629196,0.020207198149926244,0.031934583591023996,-0.07729234545554677,0.08912381110458677,-0.0027048760141275296,-0.004892104440915193,0.003673690919315817,-0.10279331878105386,0.1006724204782314,0.024174963399901543,0.021107367417399277,-0.08150179530659815,0.04568813613819266,0.0439136084066442,-0.06563249347859244,-0.02917986202864496,0.02539836458793597,0.005882217683602618,-0.01436726379294929,0.01488075404374791,0.060378756154370196,0.05482862196018055,0.040526970288631586,0.05341622967914961,-0.11513082409214545,0.001996671873272207,0.06280372742371429,0.03928013745955857,0.07537448016032557,0.023773600781904818,-0.022044158400582752,-0.03645691428760886,-0.03723447613655851,0.02597829568280124,-0.0492258967018696,0.047722231225282505,0.02347540368253374,0.017268762591238888,0.05173563535649086,-0.019306247673595716,0.031070267732636568,0.03352531601030314,-0.03382817910118727,-0.005972984915605532,0.028562537234754996,0.008300864292344256,-0.009965328619853149,-0.03168868215282182,-0.06440670714406437,-0.026461360351659562,0.05617977453486712,-0.0071065217724351855,0.041814625164400744,-0.06028127377753195,-0.01750684812277602,-0.008134198080255828,-0.0006485699891173641,0.0218305820304896,-0.048721155620234026,0.009852167527045251,0.02442880035193613,0.13410165179780018,0.04542338602915432,0.13526341228617264,0.07910762219958244,0.06687129317155432,-0.012636489969340685,1.0,0.05007249427718686,0.1545747049781333,0.060007782906028845,0.07977086633148021,0.014676783974826363,0.006867852895511201,0.039086140731960685,0.04176914175280432,0.08461695637829726,0.05182345642023365,0.01896713433434731,0.06039151201759385,0.13817263168981467,0.05062105255772196,0.0927884365457125,0.015459412285196344,-0.004497673517100358,0.04972689229809282,0.004581164505021894,0.11082771950849188,0.0013753973358118811,-0.02774662707083821,0.013952352606356392,0.014655856428210533,-0.04798785452008565,0.05757770477697983,-0.007293952440347554,-0.0041952872488507185
Marijuana user,0.04342507941751354,-0.07580712632277756,-0.0586905207975087,0.0295751985172448,-0.08876648118995518,0.02163414312991055,0.0401554418091868,0.0645279562151403,0.016242506985663784,0.01280976887860965,0.010315994986961202,-0.032554193562570936,-0.006534221493879444,-0.02286695516262963,0.06921799725811414,-0.03778216538860355,0.00895983244227516,-0.002496312895050758,-0.031652521129974666,0.011060802641647686,-0.01192943291549154,-0.0743190410821515,0.01623937831504078,0.0006702073702649188,-0.0258428689502306,-0.01348750499756841,0.024619879436012237,0.03906210270678896,-0.014751383351322199,-0.06449934432261882,0.01907111380034638,-0.044594456598466926,0.07118131451101721,0.006894307977834952,0.09035553802677712,0.04819406757475541,0.0018804803088684507,-0.017454728619684372,0.10161616296349153,-0.010703502810861914,-0.02460505241243287,0.019898327256913914,0.028322761187285047,-0.0793433744627848,-0.0791579817491886,-0.007119801275751779,-0.010671308574664772,-0.010782766871083333,0.004204172782916303,0.11860477902616354,0.015538262521796428,-0.028670818988596306,-0.009530594250652717,-0.017555967691514383,-0.03881701290716066,-0.02128939662379459,0.0807569873107431,0.0497943528690631,0.026834641880819785,0.04373443079981982,0.04390201587275076,0.04469866656064527,0.08338284570849785,0.012999278599725175,0.006090201150551797,-0.07203244222115969,-0.019661569549865483,-0.05568344774750643,-0.07454804147444824,0.015839698523462,-0.08943276130376183,0.06152080479740841,0.00496615814395397,-0.015863133744393004,0.0004496740797337677,-0.020172913643981546,0.02915356359642861,-0.0001345246157077563,-0.05396420251662689,0.05007249427718686,1.0,0.035857980622509784,-0.0013710997446999423,-0.05458532463872402,-0.011998411881350536,-0.05564204867419688,-0.09020182469032526,-0.051360446309194924,0.03156594388764505,-0.011281319944270398,-0.009220833543089994,0.011507124399712139,0.01386819141675294,0.0007238909632324786,0.013680547225936528,-0.011406336219450615,0.028169123528157522,-0.011499742015061622,-0.09758497686289525,-0.0009163380921610864,0.010178459313410498,-0.0250362044244511,0.10078676583312061,-0.1087472679589479,0.047342173899980855,0.07548552686201207,0.03280974090323205,0.05158581246937874
Dry eye (1+),0.12841028107533703,0.05555514585370252,-0.017443211258627904,0.10044456272228962,0.07723473977513792,0.011561715686755543,0.13653921799594237,0.005959015647993542,0.02399523239987635,0.0917105970883871,0.014037938814882847,0.040045949904489606,0.060776126870950714,0.06037965585280766,-0.06385931641748087,0.027335605254038206,-0.026391093144918394,-0.03303003557428454,-0.024624981569263002,-0.03323661123062318,0.09300645270629483,0.007518765454458406,0.031871671878627286,-0.10481830009705378,-0.0002911162992590565,0.07345767156653527,-0.050615619341920076,-0.0159548319478488,0.000675051820407152,0.014736623130932804,0.013490664312219982,0.05396983603636093,0.09560480669471524,0.030316880310911655,0.08294912304729682,0.06297373596107446,-0.05804584331369429,0.005174241047372613,0.12054988962689292,0.02159879355670288,0.03931446383194043,0.0024143037768503393,0.03558555000659526,-0.03027655940136576,0.0016584247542668492,0.01261196737388985,0.01532533373581245,0.04439983876526629,0.025845768652288482,-0.019531505590954883,0.03992345320803496,0.03224857508569254,0.05332959405964395,0.028442055671515417,0.012267835105896527,0.01977740800021927,0.014634210727788982,-0.008745532537173062,-0.027027095833032345,-0.055945987861538274,-0.05180759434079343,-0.05731555948342897,-0.01277988158645238,-0.05185075261380792,0.12387014306170273,-0.037191300825756064,-0.07619893923141859,-0.1137899474402519,-0.008849715981544883,0.08266506343101285,-0.07300152576922007,0.04460753097416991,0.05689261941990454,0.16703311274064167,0.047044034651212686,0.15669119987369087,0.09021388943165676,0.02808863778366953,-0.013254830409277794,0.1545747049781333,0.035857980622509784,1.0,0.06344862867828358,0.08185931853849825,-0.018221581259653678,0.029589670334339208,0.015831423810831878,0.043001986313242646,0.09470730761551618,0.05845258381107607,0.009055384336470728,0.054935228542991814,0.18411924995551782,0.019580597717111816,0.10513631907673257,-0.00410679346227431,0.010545205833369957,0.05306555112988915,0.027593007096208558,0.13872402200270742,-0.05753729701939044,0.08440091708161533,0.04398695078661152,-0.048225110424502234,-0.05323486370475435,0.034032954010829994,-0.010886420338564429,-0.013965096687707393
Glaucoma (1+),0.04326524659608221,0.07516213293969064,0.023261217540803174,0.043382519715567606,0.07705463337659256,0.015328167323965712,0.04581912431245747,-0.0032204253838861315,0.00820198427505174,0.0040531648839942395,-0.012636191331133707,0.00462749749521427,0.03838809938255866,0.06610224626483484,-0.029568857429299423,-0.0082885650796224,-0.008334517420191225,-0.003969641625786977,-0.0021658097565272296,0.007350055711474989,0.05699293698536247,0.07378589728339677,0.02430299545381897,-0.028955406735435087,-0.010205286561506896,0.0797894175532548,-0.0871851819230835,0.0010210505854306479,0.0024654208857006975,0.056221592467556473,-0.0037786967672400534,0.07674050826794464,0.014595336600896517,0.015123566201192852,-0.02319338557022029,0.03127089878797301,-0.018914412925166244,-0.053041473567676134,-0.0033162229654017054,0.08290491100436857,0.06182286205334382,0.013940850220275261,0.021596652734257777,0.051936383965264704,0.05178532347403117,0.03333454420558043,0.07937336410651229,0.0680116251938175,0.0686392642522356,-0.09347443426163614,0.05149562204739836,0.04059812656502515,0.04412120453288261,0.033638054090173154,0.061604929646314234,0.05260755508613612,-0.04514221556660113,-0.034511647545070176,-0.10244894878066751,-0.06547017579690036,-0.008724978799604308,-0.07244431154163346,-0.07960071875158127,-0.03433204076741579,0.021935511699673498,-0.0004034712701474646,0.023798645679284833,0.003909337918878679,0.0013848863540440533,0.05602253274360106,-0.05721419507336234,0.03161484042355697,0.0886861731880335,0.06524844305251379,0.0328373494989083,0.12453719098523512,0.01475387054675837,0.011431656263733644,0.040265039781900124,0.060007782906028845,-0.0013710997446999423,0.06344862867828358,1.0,0.04872082441834325,0.012323361111995319,0.04098534407894681,0.04683381019090385,0.04896750161563612,0.034888258011985133,0.031088165683835774,0.016439226656876266,0.0014504036817892191,0.132517598052152,0.010359378762925172,0.0698724823136426,0.054739257718734294,0.031074929695430503,0.07769508867604727,0.0634484437849044,0.04969244244357921,0.026110318722979423,0.08645416041228257,-0.060930718655903215,-0.0367626598989409,-0.047973051997749566,-0.03439969770747411,-0.05038163798333979,-0.03492885205834917
Hearing impairment,-0.08914860015962635,0.06987857029896972,0.01365108755660603,-0.08806830895494443,0.08416847129985815,-0.0974849351505753,-0.10191522232543697,-0.08316484582914152,0.0614948004859497,0.025867458811951228,0.046418385007398644,-0.01411396758967342,0.018332734647856896,0.020761653393833582,-0.06540054732274027,0.08750332872360998,0.18328819378871825,-0.04525544614728276,0.0006460585734761921,-0.0027349159021520433,0.042832634585920425,0.23711265905706425,0.16337902175146962,0.021122970041786628,0.04664746168779989,0.05587312187890963,-0.08234806281556101,-0.016409321904391826,0.06347684052491272,0.10854602705290514,-0.22074437913861358,0.01600182512926633,0.058336709969520555,0.010459036316399377,-0.11578255422464453,0.08315513084751777,-0.23767238355162235,0.03738629000539237,-0.048865039417820416,0.02406382165827495,0.046602883338097985,-0.08430706241608754,-0.025638920761964605,0.056090146630516625,0.08200489792884351,0.02414480415895075,0.1307673417251567,0.04670963136405219,0.0558664451244373,-0.040177250086660184,0.06531218958945133,0.07141602158187127,0.036041845105699084,-0.0019149185351563338,0.11131140556927527,0.025495434075389,-0.06121556768824182,-0.04992578486435942,-0.08597860534143971,0.0009720852875694735,-0.1424191351686591,-0.06504314114796568,-0.06568050706542707,0.04397523331926577,0.004694555134373234,0.024725542107757112,0.012668448514217893,0.0473550181834316,0.08277330035423291,0.08609233020724183,0.01019151378349327,0.04510785122503373,0.11457082775996602,0.09124395799452156,0.18880455814300257,0.20142850055008113,0.061786023187743386,0.009411095558286914,0.07546968590234306,0.07977086633148021,-0.05458532463872402,0.08185931853849825,0.04872082441834325,1.0,0.024048557351200518,-0.017423404442541583,0.03301061289808499,0.08244831009720094,0.07246183427987465,0.08933547743075226,0.026357273535198764,-0.07838877123214798,0.14612162455048433,0.01735994743296406,0.1203575862927472,0.09496214716203194,0.02623794726428121,0.05374769145947097,0.030044754344280847,0.14655250823576,-0.018578641108290325,-0.0012797223692662867,-0.013646768996391556,0.043225182101138564,0.05926073632072493,0.001990587590241997,-0.05933251215368135,0.0007650083754038445
Heart attack,-0.02417082965683859,0.1260637024482014,0.04907582524967932,-0.046281754309886125,0.06306451951721533,-0.11369758122241776,0.012157023404401723,-0.07362895516107865,0.026147826684068527,0.029728101602193205,-0.06518973775906022,0.025696265166046534,-0.027556134850511785,-0.00575708452304818,-0.10514516152160269,0.1305045205365527,0.007275099251781505,0.010269645898035454,-0.05170386731368678,-0.1408099841308662,0.05253976038974106,0.14707501532907702,0.06730554226864825,-0.024394605850533244,0.06183168405970922,0.02691686909670102,-0.085662649445837,0.013784779229964333,-0.03382820691850935,0.12962053774441146,0.022210776173899965,0.05740443414233028,-0.10399964090339921,-0.02550135660146918,-0.11281743994910212,0.06062338842783011,-0.11646475836921583,-0.06290745438697351,-0.14935076541939885,0.0072507928504751615,-0.029551321135858736,0.04473435955144607,0.012044634099036501,0.06768477239109064,0.01843102118814819,-0.029376985728923496,0.035550056138912836,0.003334500945077939,-0.014690851041151884,-0.04498774106222943,0.00652530995029223,-0.006017680935907193,0.03418150598015755,0.0034519613435395648,-0.0012781620813941126,0.02506148087689007,-0.033494137126399426,-0.027719838723471783,-0.03499612129629198,-0.03238202222550482,0.06714488881602035,-0.0024680224825224667,-4.961566533731367e-05,-0.05880093915329091,-0.030429049244952378,0.015366607617865954,0.08520435193517117,0.05698812096009195,0.05845975027328703,0.01252043231558744,-0.10975159034466057,0.06643443119082851,0.03806826001575706,0.04470127707135511,0.03642227899191312,0.10331021662171555,0.048458809641751296,0.04305520858245767,0.09791906172917,0.014676783974826363,-0.011998411881350536,-0.018221581259653678,0.012323361111995319,0.024048557351200518,1.0,0.11399521749180792,0.0984076241626895,0.10756429326444218,0.03927140386911936,-0.013406902193083898,-0.005820790124133792,0.06399112831272841,0.023639287095335845,0.1231804445644725,0.011186326545393076,0.0016351951573627091,0.01196942220525831,0.092612887065005,0.13661927653016093,0.05365953947225351,0.11403602505027338,-0.06422445488765284,0.006276319005428121,-0.09785617740456576,-0.020706654876009815,-0.0382191420282394,-0.059817441484011385,-0.006930942969493583
High blood cholesterol,0.08341340979283167,0.165904194426607,0.10289624531626557,0.06223874564452604,0.1662781460272889,-0.11394636065953052,0.12878449318052848,-0.07719942298381204,0.00488475807749968,0.055098481602909026,-0.1300241504120997,0.09400559800733628,-0.02596701743416276,-0.03146530379886459,-0.19112582085469054,0.18930612662007076,-0.05799285934486078,0.017515398316610434,-0.017322959667960217,-0.1379734428482319,0.12438173341621891,0.08374637224157491,-0.031055080766006563,-0.05845295331707947,0.0378069362746332,-0.001131137634556509,-0.11481875795905216,-0.05068105804711653,-0.0203014640965241,0.11808034928271309,0.06585385477886416,0.09428843910886091,-0.17722329890129937,-0.022480079786531694,-0.15102640933012804,-0.0009103188600060987,-0.0841687309206981,-0.0687282190983618,-0.21209504826599898,-0.030598626725902685,-0.025853616733796436,0.11264854943710108,-0.015847051957168685,0.046813719620111785,0.014924816149672709,-0.0430620112538757,-0.034489531238728784,-0.0027202237337461445,-0.0659536445219682,-0.09546256003818103,-0.014973489982499786,-0.08257001406171,0.020907829348388685,0.03986354823364833,-0.0729720971078415,0.05566779098791766,-0.011497278452925778,0.0066879947702568705,-0.03809383015134218,-0.019474135969141416,0.06455274945904362,-0.06026825519918812,0.02820527735978122,-0.04479926943260718,0.059461614714759775,0.05185956084159018,0.09309896836020598,-0.04428054316033054,0.060435556199197826,0.01015844265538274,-0.03866585249118089,0.04834351578728563,0.04360926796664116,0.11205197397482801,-0.0006901392045127327,0.1107418951423204,0.06159838916232471,0.06697847623102923,0.10293667684066742,0.006867852895511201,-0.05564204867419688,0.029589670334339208,0.04098534407894681,-0.017423404442541583,0.11399521749180792,1.0,0.26410974872553095,0.13776998058222265,0.03648841999540619,0.019708685556179995,-0.028648659680025907,0.14764384524730767,0.04515224219381817,0.09525249337499786,0.039166990298063795,0.03543961019783723,0.01222482498500523,0.09980474179729877,0.24195192775615781,0.02521052319725683,0.14849235470644154,0.020725843138630424,-0.11332926391527787,-0.06968544119562513,-0.10070417239250833,-0.01009802262841626,-0.05402613816653177,-0.021241574378945506
High blood pressure,0.10096275401157069,0.21374364572346014,0.17871036087223446,0.09429848852888763,0.23678133414311792,-0.1414315188026218,0.16038033607599053,-0.11062931496831038,-0.06268742504173971,0.0713572934386651,-0.17070148467857188,0.10798553261811826,0.03121092156999657,0.03730335594379757,-0.30231200244209955,0.26847018441511006,-0.13400170224092395,0.02915231613163113,0.020202524139082866,-0.2938203079295148,0.20249777674093766,0.17524609914890094,-0.041585968075480546,-0.11314551878209661,0.10235588062873464,0.027155209135721,-0.16709974546136286,-0.12120986903526353,-0.020007621977685477,0.2092726593523805,0.1130418883817393,0.14665097542631625,-0.236826373151698,0.04527976664265987,-0.3018229289677705,-0.0240319577829593,-0.13554706250524137,-0.0556204809446469,-0.3651582731006135,0.002988394905892526,0.004030984133671128,0.09199921792460666,-0.03288493616872717,0.08433186314776912,0.012342644324106323,-0.01595704711355291,-0.05669603567343721,0.04065261374606893,-0.04425399169493226,-0.19501102106638826,-0.030457263672991904,-0.07335936290891792,0.03764812097437489,0.050691482894394554,-0.12404131215086305,0.09235919162234314,-0.0936662484986468,-0.047379582781722884,-0.09058515169289347,-0.10200116306869987,0.015932553821333833,-0.08862132559967432,0.021910035656907304,-0.06797850863799225,0.10027736310424608,0.09382305001728061,0.10119519405263826,-0.03484686594337488,0.15391755686604297,-0.03568630841413832,0.008611414187022106,0.009334795989541882,0.06111409182602991,0.1951888236256934,0.01780493643175111,0.14687507828912463,0.08193832821530826,0.07267072524009378,0.14471725148334047,0.039086140731960685,-0.09020182469032526,0.015831423810831878,0.04683381019090385,0.03301061289808499,0.0984076241626895,0.26410974872553095,1.0,0.18488485375901442,0.05412904511353105,0.0434210064743872,-0.017074950374214387,0.27638538864853335,0.049780472891762705,0.12941518128557997,0.040331104394131796,0.035811227293602234,0.025294430244214943,0.11613136146366985,0.3756887544355367,0.08957685871906124,0.14680007931560887,-0.023546718944055987,-0.14986934887903772,0.007283888120725943,-0.194022929977161,-0.013787250422458224,-0.07666923492437212,-0.054272880488425365
Kidney problems,0.041955034277753475,0.18734415110240693,0.11526440653643996,0.012687293244943793,0.15146278897076723,-0.09407039869642697,0.05136121679725879,-0.09792827101157628,0.009976737784200086,0.054287724002082836,-0.06821903933513751,0.07663582079204295,0.0032639715862739526,0.023618462603119585,-0.13416058324556607,0.13373340799525213,-0.02857482407181671,0.012515103019324436,-0.026046686074629094,-0.09287229002142941,0.11973177319181286,0.192670181930054,-0.0016104526508106654,-0.02455698470822074,0.05316963460026132,0.06633433026223126,-0.12059324781784066,-0.051144106199322144,-0.006104894765687374,0.1902005456787985,0.013560831713960097,0.14288034021908008,-0.109473434103774,0.028997885878507716,-0.19724037886180162,0.03776605415407761,-0.09341335419754186,-0.07395222084416528,-0.21316494654055781,0.010970889950095594,0.03152461487442289,0.017649768909544856,-0.01752493380216161,0.08086518745173792,0.021553457947247036,-0.007903971407201737,0.056396754707624355,0.015951851270118958,-0.0006159273551689264,-0.10167521361257546,0.022866840762924754,-0.026172294675617346,0.05102196896747543,0.017044144892777384,0.0007415729144986948,0.04891302174224598,-0.05688201863424598,-0.043775393903081876,-0.08322855024150816,-0.029047092710024168,0.0015412101735924348,-0.054202859499822155,-0.01896355097056811,-0.03265955165659805,0.014792944620425408,0.005651477174291343,0.06544915529014352,-0.0030255413825405132,0.06308332296382005,0.028381310605267614,-0.05697593129422973,-0.003042290029601074,0.13656156719239892,0.10590385213974181,0.10078695294156001,0.15863062813713955,0.032930231319585904,0.06477256286170326,0.14694334902222012,0.04176914175280432,-0.051360446309194924,0.043001986313242646,0.04896750161563612,0.08244831009720094,0.10756429326444218,0.13776998058222265,0.18488485375901442,1.0,0.05100427375896398,0.06740597519952884,0.011655912937738776,0.06630262585376968,0.08581733227029761,0.06185848596438935,0.05996571616119641,0.041466011799572836,0.02265798565304812,0.07719719136919462,0.22035793083342212,0.10528959404069917,0.06348997857206651,0.04708008639157869,-0.07859646238922356,-0.03185763811167125,-0.06631714538033974,-0.03160085015747191,-0.08349613470513013,-0.015161087668741701
Low blood pressure,0.005890346189032768,0.033659636083534075,0.033315204084684545,-0.0034335974565137084,0.021257629603375808,-0.04539458384029879,0.021729443669501625,-0.031270391271291956,0.02526025689699406,0.03762303432069682,-0.023821613931560997,0.009089891181482847,-0.003804733948996241,0.010154087494884046,-0.04862569636784331,0.0673354629695298,0.05145725256916294,-0.0059831667457444955,0.013907220397628742,-0.07180872029443292,0.06062080363200777,0.06265358455870629,0.0703737410090513,-0.025091236422808298,0.010929135172269566,0.045062206003247375,-0.07059065014558631,0.02311749704656376,-0.001807547638094548,0.03451373313402313,-0.03752064153384331,0.0575300393284918,0.013227771630471025,0.0027840185607630142,-0.007170429823785422,0.06706723042573338,-0.11678613345790227,-0.02548101938935259,0.006617528445418095,0.01218778058376962,0.021486156579645498,0.011621243181927988,0.0014291798873330474,-0.01945475268783128,-0.007599876027720289,-0.002497787919465552,0.028574173123586125,0.006377561839871961,0.003123006138188648,0.0076678888983797225,-0.009336103926117726,0.010300947442118522,0.03442776331466735,0.015732308572176692,-0.013269811049151328,0.030044374090339786,0.02258764368314884,0.0074737269959743195,-0.0008302823438166413,-0.009367818301830947,0.0012160205758635137,-0.029128035761913522,0.021284122847515456,-0.021346002534568077,0.0412418419270794,-0.025447873277244425,0.005118298489084647,-0.0061240045030001656,0.005579915956649604,0.049603707826921355,-0.06038966184465812,0.07144346545913498,0.051223300239095514,0.07280562462397788,0.024354554735473297,0.12180347275480759,0.06551585100121876,0.04267884839493691,-0.013875731402051056,0.08461695637829726,0.03156594388764505,0.09470730761551618,0.034888258011985133,0.07246183427987465,0.03927140386911936,0.03648841999540619,0.05412904511353105,0.05100427375896398,1.0,0.027712399729130203,-0.006826281935350722,0.017875128610443807,0.10394931300840124,0.020197326086983637,0.07200792641371372,0.023725588596435025,-0.011328046709618114,0.062254770772495686,0.04122759866142887,0.074307281942397,0.09180178430764674,-0.025809231369961317,-0.004785246603209946,-0.07466050012863235,-0.012529571473134509,0.0260609914871409,0.006653059608776913,0.0025936999546116034
Mild cognitive impairmen,0.0163517558612558,0.04122155807913672,0.006382609026252566,0.019303248560867438,0.04181496312270277,-0.018090708593618637,0.025907590303715627,-0.030133582979381585,-0.012598269216615318,0.03544933607242852,0.007134742712577441,-0.010400960478892404,0.05889586522722879,0.0486653873204629,-0.024164999359099666,0.032692800491890675,-0.04253184531531137,0.008288415538344232,0.0029719790415149347,-0.04250520468120039,0.04749816225185058,0.04101930417558163,0.009171476622350985,-0.05915710936095146,0.020820535133471773,0.06264976547749994,-0.050138084519872034,-0.031394370660197665,-0.002485369386568871,0.08445227910570494,0.027120558488984536,0.02840140752459811,0.019741317111419136,0.05142577968298739,-0.018209996418382036,0.045423678328587354,-0.017658813451591707,-0.014991530397424688,0.00522378303352238,0.03327027026517112,0.04941197197272433,-0.010586542552780227,0.0343412347024618,0.06649653351070449,-0.0254045210203709,0.02929824528845433,-0.0001561960787613866,0.04572180249235693,0.010796252186213502,-0.07487556597693884,0.03163222099321164,0.020753343495544703,0.03513623886084623,0.03980050462073316,0.027652388232528358,0.032459140886762265,-0.054903745857504,-0.05064497511419752,-0.04057622855230034,-0.08263525271788023,-0.05834979000459046,-0.10135085991879873,-0.029385099516879277,-0.053154076013090995,0.05007381040859135,-0.020151798108076165,-0.044777893123020246,-0.04328338189679697,-0.007418978347198585,0.0272864724997966,-0.035633652510560256,0.002154974418273437,0.050539316087732856,0.11293946073248526,0.01990216373548312,0.11931761024119053,0.06705794941638965,0.04428742705088663,0.01166674381421385,0.05182345642023365,-0.011281319944270398,0.05845258381107607,0.031088165683835774,0.08933547743075226,-0.013406902193083898,0.019708685556179995,0.0434210064743872,0.06740597519952884,0.027712399729130203,1.0,-0.005061016336856405,0.03558498942179398,0.13817048342100766,0.031752663448046614,0.11199121611084369,0.04041400674750762,-0.008398631935366182,0.028203834761718907,0.03457560492769277,0.14680484072968608,-0.08526616352805247,0.01935286123565498,0.06679611690528592,0.008561990100228909,-0.0517577434712101,-0.00889910349210894,-0.042911878510380586,-0.04196423973629311
Multiple sclerosis,0.00861125995293399,0.01402534525206662,-0.001576398702411128,0.013222331117318234,0.007409599735149889,0.013467504578819896,0.004966492808937128,0.03419365246013157,0.014482465710127212,-0.012884757982375244,-0.007687278530686891,-0.01614361663866273,-0.002489847870073315,-0.0050384489590140635,0.010547259477385787,-0.01737971364729142,0.01141610551318814,-0.013303077736620853,-0.004349795764355834,-0.0015213460981269836,-0.013115634938870729,-0.013856440245869338,-0.018185348213089994,-0.022950336989085014,-0.02217708589347536,0.05638817657505542,0.0079187513687881,-0.0004003552502750017,-0.012795276096095374,-0.012857329321682164,-0.004342073330490648,-0.0013075137798277665,0.008461286031983815,0.03127610407767522,0.01392026341352427,-0.00024166025782878058,0.005843109929438955,-0.01165986371553041,0.019438928531988833,0.04207929185075795,0.06606420289690675,-0.0009547752824026153,0.006582088088079277,-0.013781448894480944,0.01417089264049099,-0.00375714964288597,-0.026225127671723795,-0.010483533159926943,0.009947380640795605,0.018483275939117225,0.042177299584994006,0.03440424648874251,-0.004692496772971389,0.011051855388354423,0.021465995747042246,-0.010964597094902558,0.020548312926093857,0.005675264609483628,0.011787256230178157,0.006046288673654946,-0.03442601827210951,-0.0018489899276107485,-0.005127432678375696,0.010352065486199153,-0.009516570644275555,-0.02237454533664659,-0.006360484423252158,0.004166748267370013,-0.013839603555605644,0.010607168317150773,-0.030233356142693513,-0.004817944601301996,0.026424143877449506,-0.0257706115691664,0.004919667812630158,0.01194080236704235,-0.011226163517595217,-0.0073121227408194794,-0.006113551734809802,0.01896713433434731,-0.009220833543089994,0.009055384336470728,0.016439226656876266,0.026357273535198764,-0.005820790124133792,-0.028648659680025907,-0.017074950374214387,0.011655912937738776,-0.006826281935350722,-0.005061016336856405,1.0,0.019046151357942322,0.012437082027851949,-0.010038857699603634,0.01893412115061665,-0.001881060115493208,-0.0013286432069592412,-0.006127885345410415,-0.006759013693253068,-0.013641813984417528,-0.02179626851683344,0.056624790711922696,-0.01901031724156125,0.0035214813047572784,-0.024015913215719997,-0.004551089786818363,0.005623711630839257,-0.020356699885981253
Obesity,0.1840560568276045,0.059307016376512256,0.07902615564342796,0.1888636129901102,0.07836057802022008,-0.06653172824663596,0.23191828888490199,-0.011408375501040803,-0.10147898402278473,0.08311785991194463,-0.09856109534061902,0.07080708502913843,-0.01828759987528458,0.013873445737578686,-0.20422094158647208,0.1814192425988945,-0.2747045204258156,0.011907228827037814,0.02000370503874716,-0.3171970388747793,0.15084966673538427,-0.03756338512875061,-0.1197069178725136,-0.16784189427042434,0.10103908510978224,0.013024546331466167,-0.036198276014011106,-0.10464735504093409,-0.02216088746149577,0.01704546009163071,0.27636170369090246,0.02167445780840704,-0.14313254597398334,0.11814570637357748,-0.11280036321765541,-0.06396374871422353,0.02175611807921979,0.017514071130530738,-0.18180455445572094,-0.0228230023157625,-0.0013350167524230165,0.09983047923537647,0.010243083024924306,0.005867283163777125,-0.1184698242407146,-0.03693625788388757,-0.21578774220048538,0.02510536489609763,-0.07430270153828016,-0.06050743439419638,-0.06768474004112274,-0.08353938477363339,-0.030671786670295194,0.07049119377445363,-0.2624133620511402,-0.022743892383107304,-0.023307548995820163,0.00010679179699132821,0.013771191889729752,-0.0638895148361991,0.04097977611125619,-0.053631078273477385,0.13512630984019913,-0.07022781569134351,0.1338492239607863,0.0004889324945103442,-0.0794244788384852,-0.14003339022535563,0.07187236112758338,-0.10627130276460231,0.023181563174548864,-0.05365367848248331,-0.047036558978220955,0.1453064974288141,-0.10286900622586795,-0.0014999211251464834,0.0896177431863748,0.04379938962107618,-0.031850076757270085,0.06039151201759385,0.011507124399712139,0.054935228542991814,0.0014504036817892191,-0.07838877123214798,0.06399112831272841,0.14764384524730767,0.27638538864853335,0.06630262585376968,0.017875128610443807,0.03558498942179398,0.019046151357942322,1.0,0.015139222353352903,0.0840755879023092,-0.0038567971958787892,-0.0073272795307034125,0.012133756795806751,0.0654070219043157,0.20816498635626376,0.0827439757367158,-0.007813822449655545,-0.110057724586992,0.061326846686076686,0.023896718133282986,-0.18617892430569488,0.020579440151687514,0.05179009262405285,-0.05422829415482106
Osteoporosis,0.08866445503636847,0.08977757988605134,0.011329098161700248,0.0591570148000137,0.085116903927496,-0.0011943461176260697,0.08049435383291348,-0.024377781082010587,0.05222634406754017,0.054091180273739305,-0.010254335142181641,0.018941142935596636,0.05717859649785729,0.03218902095636667,-0.10020142917977637,0.04169927570161203,0.02006007244954164,-0.04424689865316557,-0.04622556618299037,-0.006756071744373173,0.11604591964920218,0.0836625768582842,0.046495436205587735,-0.08377467768460463,-0.03316517878574304,0.09097951849185647,-0.07572349525670856,0.001313882818581336,0.013615113830367823,0.05301373540948969,-0.058600513185904465,0.06322545006018347,0.08303425069971018,0.03866010505883454,0.031496332534128556,0.07682023108866973,-0.08927214863827103,-0.005982651754493778,0.07479012242699293,0.015242109157377958,0.06816645978727358,-0.012363956348326812,-0.013585014225281435,0.02485655279739729,0.028173640436772212,0.012358630843999694,0.044998504078127596,0.06182852806561883,0.07384962659858872,-0.031142100870461494,0.08010656242001987,0.03329287472719697,0.04428369219166799,0.0007302601142654982,0.042815924201813495,0.04024568265108954,-0.007265676817513383,-0.013641557274837273,-0.08619992575521845,-0.05755735257816666,-0.07697900970590021,-0.08771848550181736,-0.020517506904108723,-0.01805213815979067,0.061991437262839705,-0.03591124789119535,-0.042739745016417766,-0.06811032476074276,-0.00844852202327708,0.11525323563623943,-0.06255148891630431,0.028548581947215934,0.11134998863983224,0.16714701688638858,0.10845997287205839,0.2543607414425639,0.09470876492699383,0.03689040181124023,0.03419579507676145,0.13817263168981467,0.01386819141675294,0.18411924995551782,0.132517598052152,0.14612162455048433,0.023639287095335845,0.04515224219381817,0.049780472891762705,0.08581733227029761,0.10394931300840124,0.13817048342100766,0.012437082027851949,0.015139222353352903,1.0,0.04155404601236542,0.2069113825640927,0.024421846505271235,0.010471352951083868,0.08597858769108602,0.04001591380058959,0.15548727672384563,-0.04440723581583655,0.10869946978583754,0.006122564709755536,-0.036051108062409666,-0.058503785901450896,0.02405418059042056,-0.055798195612581286,-0.007724573611913444
Other heart issues (pacemaker),0.0066674752864897616,0.0662230190107809,0.04693973112667987,0.010199075400904646,0.05330009132051444,-0.08137884117064517,0.04358482879888172,-0.0576704067626496,0.023031643820297633,0.06146380283083642,-0.05051725964133744,-0.003567717110396118,-0.015561345918036824,0.03152253599325815,-0.11924363884020377,0.0960582378466135,-0.026217917286973244,0.010539054969616999,-0.02749771034424361,-0.14408838480640201,0.07287368251948473,0.1382403639154005,0.025019746675101234,-0.025926283301852423,0.05784594627761493,0.018504853026898613,-0.10000580941691271,-0.014589027660531044,-0.04490403305084422,0.11349753968652805,0.047572461496988135,0.05201274569360743,-0.07670623692379692,0.005764356860531479,-0.12779268639015318,0.054198406456927944,-0.0859161822643919,-0.05362696457945908,-0.15182410121836507,0.01176242793457587,-0.008154831579097776,0.009882699219351072,0.015249277524784768,0.05220314112001542,-0.0163555202080145,0.0004767701571784477,-0.021557489800923323,0.010489954171509728,-0.021465632918830448,-0.03107113099399415,0.016740041785637608,-0.03875005501501854,0.01104158731102567,0.01250679989172814,-0.030546059729044464,0.07418246580530166,-0.00759480883681497,-0.030519241880204093,-0.0733717899969165,0.010124203532243898,0.056651337175596346,-0.0013738673172803708,0.02471275950373013,-0.04237005950343526,0.025868594314601923,-0.011191115234575048,0.04357066665922592,-0.017132337731636606,0.02161812404363942,0.05127414313956683,-0.08248742956114916,0.04930333614048433,0.02863583725351692,0.08484422405827176,0.029253806596427068,0.09116553558687143,0.03883739198423879,0.07861779469396378,0.03403191240457996,0.05062105255772196,0.0007238909632324786,0.019580597717111816,0.010359378762925172,0.01735994743296406,0.1231804445644725,0.09525249337499786,0.12941518128557997,0.06185848596438935,0.020197326086983637,0.031752663448046614,-0.010038857699603634,0.0840755879023092,0.04155404601236542,1.0,0.03243376014883524,0.0051820341131967075,-0.003112939237379853,0.09804621444076886,0.1251941359572936,0.05122426210797859,0.08379562872827914,-0.049378544887085714,0.028999787078611172,-0.09344009373575328,-0.03398351317875078,0.025861785357323325,-0.012474729892955833,0.009807662236313767
Other neurological conditions,0.062304899261296856,0.09048152741506335,0.014484389454094781,0.05574094064396018,0.07472002021350298,-0.007959618280904671,0.05617696030129553,-0.00536214341128202,0.057207612362327485,0.05033016801561843,0.018010697016574154,0.023543441059392205,0.08179048245992392,0.06274535246710819,-0.03661086920140953,0.01927678342224685,0.018277917786919187,-0.03233713850620584,-0.010578727929963273,0.007586811777588977,0.09513877264982046,0.0955288857598878,0.03929637966608016,-0.04292129278528125,-0.016797531512434977,0.06416151625478599,-0.04678189824289827,0.013485970873448112,-0.02267706170906464,0.07161975733029895,-0.04245494275068835,0.09434771276182875,0.06146684907587761,-0.002365377381968797,-0.0018176775365794763,0.06410032867013243,-0.0711935089697716,-0.028674739899021178,0.02954104862512375,0.03430149833921191,0.051790127313596765,0.0033661804318890227,-0.004152239403580374,0.024269152690389532,0.04756152285167961,0.019866735346100253,0.07033008154524024,0.05579469751693889,0.062395690223214215,-0.04473268074043531,0.06947670629135684,0.044807227802821266,0.04781437716425011,0.028420034384503128,0.07091600733223584,0.07668296010789807,-0.02149462914384279,-0.043115922289123386,-0.04289213188291925,-0.034321135889956285,-0.060261954221922306,-0.061358678615136414,-0.033594717059948334,0.0020329379117247325,0.05040186155484443,-0.030734270473978,-0.0007465242473009294,-0.03964597522997473,0.022184513507826024,0.08830284637954643,-0.07425605188344939,0.06099821714114595,0.105579105499202,0.11380223662206568,0.08478750891251578,0.17258560930922534,0.03870387135611888,0.0368504623648393,0.04950644259357036,0.0927884365457125,0.013680547225936528,0.10513631907673257,0.0698724823136426,0.1203575862927472,0.011186326545393076,0.039166990298063795,0.040331104394131796,0.05996571616119641,0.07200792641371372,0.11199121611084369,0.01893412115061665,-0.0038567971958787892,0.2069113825640927,0.03243376014883524,1.0,0.00418223962584908,0.0029540280095211773,0.0933375322270582,0.06842003981789312,0.11268803349037351,0.014924751309806587,0.10933298674588172,-0.03736068448548595,-0.05804225570531155,-0.03878870038156015,0.008434417119767218,-0.0672222607499241,-0.004927214025808159
Parkinson's disease,0.017867945617591103,0.05001592300374639,-0.0009108206006651128,-0.011619327730346136,0.06254826200135105,-0.017351843589263595,0.01515847313018498,-0.02525404008975026,-0.006023521751219364,0.0004322734159679692,-0.010972636188906044,-0.008628104449217107,-0.008985309929910645,0.02389895154169954,-0.014885168242384072,-0.010047143119951873,0.016728673604446638,0.0032798983354346434,-0.0023481327535354183,-0.005372554161101754,0.01762572613929472,0.07504383572968765,0.007863117504706564,-0.024332428439980822,0.004415384098111898,0.020475681691963715,-0.02509402283464204,0.013692935793875868,-0.008217017268749748,0.0469680310937724,-0.021293889280872932,0.02774239411958625,-0.009093666316741824,-0.005796392699103077,-0.04002439924002765,-0.002534706587528183,-0.03571377133955871,-0.013665921968222954,-0.030827112704232044,0.01745467635021864,0.029283483354262663,-0.017144686457503208,0.0004433459879872521,0.011896001876288689,0.04868083496551417,-0.004725971746082081,0.04778581569379704,0.05561018201612993,0.018358571207494196,-0.06273298293399018,0.0061921353455127075,0.012693556276700067,0.02113715928990005,0.010578710456061421,0.03435672054944744,0.028629833724837243,-0.023211377146644608,0.015083644772435605,-0.08454037839713972,-0.027026823081947714,0.0016753797478615245,-0.041431515866709755,-0.02360214714253851,-0.014909138622318028,0.0031993664136710604,-0.015378903736908188,0.0296629910442525,0.012659262196859956,0.03229012507845999,0.024112100554213176,-0.02778844320951639,0.010896374424659988,0.027018538373823554,0.02443279245593715,0.015467603905471184,0.041173517723038885,0.00888577721021738,0.007768911535160454,0.05882982536693762,0.015459412285196344,-0.011406336219450615,-0.00410679346227431,0.054739257718734294,0.09496214716203194,0.0016351951573627091,0.03543961019783723,0.035811227293602234,0.041466011799572836,0.023725588596435025,0.04041400674750762,-0.001881060115493208,-0.0073272795307034125,0.024421846505271235,0.0051820341131967075,0.00418223962584908,1.0,-0.0031215729226706725,0.058640233847599366,0.043748251152879516,0.014296586570180932,0.0425484183277909,-0.0048300946266809875,-0.044663677382921076,0.004497727773377788,0.016618023317851654,-0.010692530976535618,-0.0342010260680933,-0.018046773625110455
Retinal vascular occlusion,0.00040861800923847644,0.03815913605893536,0.0060986484019564195,0.0030860015569194746,0.009913451342740265,0.0031681255296461303,-0.009631711444891677,-0.0010652106941644419,0.005320782082177765,-0.012404200389484133,-0.006763657258183185,-0.0012041278457579484,0.09699020008029066,0.004284468542449972,-0.007765214110283792,-0.01542705794010549,-0.0032908262540623473,0.010881580311016738,0.004418463381104817,0.00035859904329376573,0.01692190394706108,0.009822878336461942,-0.015672044939479685,-0.0029402039069017093,-0.018667032892965896,-0.0019877401566427756,-0.022617052183807683,-0.012084380708845356,-0.020951025181343723,0.021956160979704743,0.005890523565992056,-0.00290154472199698,0.008097428188845212,-0.006191166586975444,-0.00960817834411903,0.02456927511138876,0.004106481874743003,-0.028579504975201776,-0.015024831358206033,0.012626555085526002,0.002961188027533104,0.007110416833305825,0.0361991466554121,0.011826993640988366,0.0062834253237185,-0.011768085816785255,0.007982848838416273,0.011864351893067367,0.0035198879640538023,-0.028134090657445536,0.012119140555805468,-0.014856858783566445,-0.0017830061316124032,0.015345537342507662,0.006720603504110313,0.013137248258575682,0.0024003697630014067,-0.00809420596263099,-0.03989848432173538,-0.028043048087421505,-0.002100475698553892,-0.058212692941056125,-0.035613623131043444,-0.006462583828386205,0.01006752923965163,0.005915984336669853,-0.00030587060706584895,0.0007393300150016496,-0.0006209262440643246,0.01317000844595027,-0.02524978130004222,0.01849223156171864,0.028990437279114004,0.01725753656475467,0.0330141107886153,0.04298169840055722,0.03118206730168008,-0.01213428755784442,0.010534060256186577,-0.004497673517100358,0.028169123528157522,0.010545205833369957,0.031074929695430503,0.02623794726428121,0.01196942220525831,0.01222482498500523,0.025294430244214943,0.02265798565304812,-0.011328046709618114,-0.008398631935366182,-0.0013286432069592412,0.012133756795806751,0.010471352951083868,-0.003112939237379853,0.0029540280095211773,-0.0031215729226706725,1.0,0.010466223062097796,0.02646719676375225,-0.0008140430766814133,0.016808397030252355,0.036883162477279345,-0.03154715315256034,-0.012824808608229852,-0.028638257252002076,-0.00322884605683886,-0.0353202728850776,-0.007488289754748746
Stroke,0.03748266803304029,0.10090514550855836,0.09470162286409174,0.022173883839733906,0.08946727074067716,-0.05067642701076899,0.04545180922493234,-0.029650110727889766,0.006851529921617338,0.0484537370059385,-0.03325731131350836,0.028281425124683464,0.039874501850369004,0.08865772023725255,-0.09110587793658617,0.09246931318929164,0.013215649170151916,0.036852520818620116,0.018900591622117775,-0.09680888599468689,0.106452950780418,0.12032343665049743,0.023650761124739978,-0.029047002087393387,0.046210005729530004,0.049489444854915535,-0.07874170258198056,-0.000690813030056397,-0.061524422074890124,0.10614243154024666,0.004066007826940311,0.0984732644811544,-0.050333549482067676,0.03432644256692049,-0.09398303379009736,0.04147129159388489,-0.09878955504620276,-0.06242706503885317,-0.09153724211830457,0.03941797308785885,0.012368504893246127,0.02859985591332162,0.02853715831657034,0.04413357363924922,0.02389973707408491,0.0376316826378953,0.06544547398287577,0.04630374163705245,0.020985666735968925,-0.09654790349072724,0.053783481016777775,-0.005498786237038664,0.04737061610781739,0.04839330249340171,0.009880671240101833,0.08223782743599914,-0.008144106415657425,-0.011474807406820949,-0.06082559742783152,-0.06249281747419158,-0.00760601915609777,-0.04490095617304722,-0.030611687073298685,-0.07488101146871484,0.0452300140159074,0.038057714395957,0.06673533299290696,-0.009181578099513135,0.07475668652905461,0.04308394004705297,-0.05677260213187081,0.055018757044329895,0.0631328006759494,0.08047689993249521,0.025146560963585387,0.13126805906658218,0.06920241798842493,0.06376843151324994,0.10308510882718255,0.04972689229809282,-0.011499742015061622,0.05306555112988915,0.07769508867604727,0.05374769145947097,0.092612887065005,0.09980474179729877,0.11613136146366985,0.07719719136919462,0.062254770772495686,0.028203834761718907,-0.006127885345410415,0.0654070219043157,0.08597858769108602,0.09804621444076886,0.0933375322270582,0.058640233847599366,0.010466223062097796,1.0,0.11896674706847557,0.05376338746407542,0.13515469556669887,-0.019883214087030643,-0.07866480446183212,-0.05761224241620493,-0.05578522329588101,-0.0015385847621103477,-0.04292100360381333,-0.02002821646078183
Type 2 Diabetes,0.24520244584571937,0.30160404734998464,0.20572724704948223,0.2035728186984421,0.28906947959526474,-0.060189268862166204,0.2674344141798268,-0.0429649425486384,-0.066359285229701,0.09134610599403806,-0.17788482766944752,0.10087299600899143,0.04379583737821044,0.07439911146189102,-0.22249815849357227,0.14664665386551326,-0.14784391885182405,0.05707065426928162,-0.022972746777609233,-0.179908417972702,0.18310612500154497,0.21338308654615912,-0.030820031605991217,-0.112637445971673,0.08995900071196075,0.08106807796505723,-0.1507148861735359,-0.13064660713182544,-0.03502436763335072,0.25769630156556655,0.15294363725370763,0.20734186630261578,-0.2450531646369594,0.05089224234260952,-0.38404004309821504,-0.018689007641973714,-0.022940304756609162,-0.10971069824764683,-0.4289414402401587,0.041114350554051965,0.03343448937028144,0.0817974703634904,0.02079833301566582,0.13201018385187577,0.03440940187195553,-0.0014818474325970638,0.01572066596658099,0.04333501096336501,-0.005121693571809989,-0.2468955150571927,-0.012448095894990175,-0.06483486969305588,0.05083287311033955,0.08090499964882206,-0.06176124270207297,0.12070141758008975,-0.08930717002791137,-0.06843038277058355,-0.14226380063435345,-0.11756178146879662,0.02552302223303944,-0.14659330191583214,-0.03859669025904645,-0.09576803973713371,0.1877682832767563,0.04655942582002455,0.08631528540634921,-0.13483341015714254,0.15974886606726876,0.03144868105505503,-0.0455688414818091,-0.016415518332405832,0.11171959685228953,0.16735279415218896,0.021916018173215427,0.15716749129359558,0.04823401870220864,0.08361153957697381,0.17026786199938396,0.004581164505021894,-0.09758497686289525,0.027593007096208558,0.0634484437849044,0.030044754344280847,0.13661927653016093,0.24195192775615781,0.3756887544355367,0.22035793083342212,0.04122759866142887,0.03457560492769277,-0.006759013693253068,0.20816498635626376,0.04001591380058959,0.1251941359572936,0.06842003981789312,0.043748251152879516,0.02646719676375225,0.11896674706847557,1.0,0.086873677021697,0.07421869550749079,0.06529244121842061,-0.12256828361832504,-0.009722584940933494,-0.18702504312205567,-0.06429757611600394,-0.09918777503252899,-0.0689862184095483
Urinary problems,0.03142181660301426,0.06335417761771785,-0.0007428258050505021,0.028887794879166043,0.08048294740006103,-0.07804186123026544,0.039476245633819504,-0.07486470556010849,0.004712173287834394,0.054977265284306916,-0.002632303121459215,0.018895963484367322,0.026234722190636422,0.03848353824046866,-0.13361908173221773,0.13064568293848278,-0.030342728289329678,-0.042260308644898235,-0.02982643096889143,-0.16621319010562863,0.10980310019589878,0.1036742810790664,0.02424622431976225,-0.09240432238145492,0.06552860385565742,0.08403495840402454,-0.09834420712653492,-0.03787524848856015,0.029806705011465373,0.0680361601344044,-0.002346623145724063,0.0511934070127017,0.021917518058595112,0.041391169676141266,-0.06171256157629882,0.032415605735330574,-0.14081903459631978,-0.0020570442132239806,-0.04189174942429305,0.014321463483426054,0.05092575636259391,-0.0008816263879953918,0.002694623892077257,0.028299157678093597,-0.00259524586039552,0.01441917436969995,-0.017721873850110967,0.057843355578182834,0.0216418526914057,-0.039514178207182206,0.05434085378215188,0.0102766081802332,0.002742954205072631,0.03376392463013044,-0.03638777858779858,-0.005305667761164175,-0.04700497123568338,-0.02719268337704637,-0.03090447196285591,-0.01616571735770867,-0.07304940356311282,-0.06479557022905336,0.01629886876245749,-0.02494916434041033,0.06434416747445248,-0.035323653349062,-0.051188663668796736,-0.042409848222669064,0.014256429337630676,0.029258142693825855,-0.05717989300535961,0.028359709818618337,0.06402705370201865,0.18120596116545976,0.048439870257096465,0.15517684998421186,0.09806731656850987,0.050585660914967065,0.012240577792583838,0.11082771950849188,-0.0009163380921610864,0.13872402200270742,0.04969244244357921,0.14655250823576,0.05365953947225351,0.02521052319725683,0.08957685871906124,0.10528959404069917,0.074307281942397,0.14680484072968608,-0.013641813984417528,0.0827439757367158,0.15548727672384563,0.05122426210797859,0.11268803349037351,0.014296586570180932,-0.0008140430766814133,0.05376338746407542,0.086873677021697,1.0,-0.04248462341867354,-0.0281552924461409,0.06927975794657071,-0.012506606774630162,-0.059677404106370624,0.022397005280662075,-0.027183941117981482,-0.011155396197032312
ABNORMAL,-0.13154636049941182,0.10975506286730419,0.10778286200857007,-0.13438177509193514,0.023836020207878967,-0.07612826419984074,-0.09829436881367591,-0.0549889769545269,0.022311702713589066,0.013762936760624457,-0.17797615974441947,0.05351903879245589,-0.10386260147960427,0.061346020516995954,-0.06895820280757085,0.2045044470506713,0.3506340177374503,0.12297065146139033,0.041361008849845435,-0.1165328665643468,0.04764827479079218,0.1719497549291838,0.17764479489157856,0.0832084346826846,-0.05124984342412505,-0.04797380975822145,-0.09054718258384863,0.07517969774426111,-0.10379419088432072,0.1353640589225108,-0.27509124719920397,0.09763938031278085,-0.07223472155667131,-0.11943952320428576,-0.10371088939499284,0.09753195154822326,-0.4435311018476522,-0.17202073658994665,-0.13558715335298777,0.06906360473348666,-0.029093527562685167,0.035714110747196846,-0.045099814522200486,-0.021111217797721706,0.1097619397938384,-0.012845648320706657,0.1623295158885006,-0.0027895918225297237,-0.026910144496506444,-0.06760502737003421,0.05220766088081773,-0.017462335342852315,0.10831030624325746,-0.009244017261374917,0.030809473545078635,0.16006364648952243,0.07163632596814046,0.04740030141135866,-0.048444092903278925,-0.02910262595363638,0.03225895627642672,0.04771030807946269,-0.08508671642691523,-0.0667489928365293,-0.02236156760788984,0.1824132965821256,0.3308325354232052,0.1746226309628859,0.1495041928301911,-0.0698800888865883,-0.09977739004399273,0.2496735398607755,0.05978309032611659,-0.03343234110480598,0.030640662613112973,0.11133419444165542,0.11437183312226365,0.08784658423674432,0.1001153958292074,0.0013753973358118811,0.010178459313410498,-0.05753729701939044,0.026110318722979423,-0.018578641108290325,0.11403602505027338,0.14849235470644154,0.14680007931560887,0.06348997857206651,0.09180178430764674,-0.08526616352805247,-0.02179626851683344,-0.007813822449655545,-0.04440723581583655,0.08379562872827914,0.014924751309806587,0.0425484183277909,0.016808397030252355,0.13515469556669887,0.07421869550749079,-0.04248462341867354,1.0,-0.26850121982098407,-0.5175281200048817,-0.36161504629957275,0.02489052713744404,0.08058266406401644,-0.04813015320831133,0.00234024495402629
BORDERLINE,0.07011196497701777,0.17571809122049972,0.006169102841166814,0.030114278822416577,0.1324102078334709,0.11259484881799697,0.018555181870864874,0.07285230043948107,0.097960374443407,-0.01608995754660447,-0.03178914743423442,0.020141989785646054,0.09364098421080999,0.02462095754798842,0.09284600457843319,-0.20212453575548206,-0.046121237872091436,-0.03174595544043955,-0.08888208278694375,0.3453215280581928,0.04457649641322465,-0.05369619378928194,-0.12597113883794397,-0.011039149821861017,-0.14879237154901426,0.03988273926913163,-0.025452727483365592,0.008151598995015424,-0.004512572850839871,-0.01829482701825731,0.02283153948429181,0.1403937937892369,-0.04295897007774784,-0.07570061443436481,0.06646043616033119,-0.03829857521979862,0.28076619558500115,-0.13965971173482017,0.05912974720730456,0.06029150211789865,-0.01828373730374625,0.03990316621370416,-0.027144654530116847,-0.05044035380642162,0.04177859487461401,0.006949250161191939,0.08731171502165813,-0.042349195868105496,0.017793647100117358,0.04549422438710947,0.008321875575013732,-0.00432269292330463,0.0005258062447399181,-0.0057569737387380086,0.18213020883951136,0.06380027975456815,0.05177128348702387,0.033116807455824286,-0.10216692560074529,0.02165733606028117,0.06803561428442233,-0.0368061820403714,-0.01772729241521183,0.03340548006312647,-0.0935567168146917,-0.02252031807128217,0.008528904629159588,-0.05626195146658648,-0.17783402587798458,0.16417051369028385,-0.0636094652063558,-0.05147268860528726,0.11445206821302398,0.04116197546357547,0.09574482358753118,0.13361448942442614,-0.11477659930645945,0.0034239426212048217,0.1450463629161406,-0.02774662707083821,-0.0250362044244511,0.08440091708161533,0.08645416041228257,-0.0012797223692662867,-0.06422445488765284,0.020725843138630424,-0.023546718944055987,0.04708008639157869,-0.025809231369961317,0.01935286123565498,0.056624790711922696,-0.110057724586992,0.10869946978583754,-0.049378544887085714,0.10933298674588172,-0.0048300946266809875,0.036883162477279345,-0.019883214087030643,0.06529244121842061,-0.0281552924461409,-0.26850121982098407,1.0,-0.22468026667789243,-0.16059176128861918,0.01896016529891365,-0.06916726618602649,-0.10973545537948594,0.059786547653002176
NORMAL,0.053199674610879405,-0.20377850494606162,-0.15635306348663458,0.018964131088659446,-0.14456273681685727,-0.1147622386313459,0.07896590328969845,-0.029247246383493287,-0.03739793958373164,-0.008458674743119865,0.15967558557196862,-0.056485211430587115,-0.031931129025728124,-0.13143050213198126,-0.04112483732043094,-0.005324248418084733,-0.33646322076921786,-0.14983052811337777,-0.06737054415358387,-0.18300144637087196,-0.044008471093868795,-0.09445160681564163,-0.1004769929719492,-0.07242049762504203,0.13694578178297676,0.003781004629548738,-0.009025408410029244,-0.005974544329059852,0.0009101158662208386,-0.05025087473787347,0.33466809102948364,-0.17382164655124047,0.008603341078915732,0.06556937628575013,0.05625245687349684,-0.025985173562641805,0.21048384924183203,0.18314629158753942,0.04571463118586407,-0.1152447615632352,-0.0864786306888866,0.004061087738214775,0.11026403883279805,0.04548050914793185,-0.15477309826106464,-0.02024049005878956,-0.16350004330630474,0.022420247264441234,-0.027344475680400066,0.12524666978282875,-0.06873680011050251,-0.004605227177427208,-0.04643553103727992,-0.009657493976907409,-0.15852974288901583,-0.16392951022609403,-0.09860070768378759,-0.03821255293561594,0.0751887019563141,0.09397015564413196,0.16822454718279528,0.038695807444429076,0.1498633525520561,-0.04689923726777355,0.04970909617777796,-0.19670268498518195,-0.23513504490619147,-0.17411200485700154,-0.11517510092676927,0.06462706404341613,-0.07269970601262665,-0.09295969000266531,-0.09201436417834026,-0.013918349822944041,-0.10312717500254177,-0.09961297021476138,-0.0018654154961828817,-0.07552177236034957,-0.14097337168383087,0.013952352606356392,0.10078676583312061,0.04398695078661152,-0.060930718655903215,-0.013646768996391556,0.006276319005428121,-0.11332926391527787,-0.14986934887903772,-0.07859646238922356,-0.004785246603209946,0.06679611690528592,-0.01901031724156125,0.061326846686076686,0.006122564709755536,0.028999787078611172,-0.03736068448548595,-0.044663677382921076,-0.03154715315256034,-0.07866480446183212,-0.12256828361832504,0.06927975794657071,-0.5175281200048817,-0.22468026667789243,1.0,-0.31129967421092863,-0.001506609100217542,-0.034104625277408415,0.1177105023956378,-0.010176626236483492
OTHERWISE NORMAL,0.03455940362081571,-0.043566942716516836,0.04862885284220089,0.11461089862293151,0.027133746160632816,0.13108957527584883,0.007428278060076266,0.034715204712538465,-0.05443283625107304,0.002925029192880322,0.05588561739229061,-0.005513306074146985,0.09369377393049214,0.06369642402049198,0.05981703475364642,-0.06804270449422012,-0.0024756139904958245,0.05910229368156714,0.10408550580512696,0.07361779816689379,-0.04301935740772209,-0.052451127507760896,0.0037134262815202573,-0.01717745425099719,0.018094254724013954,0.016082092064444338,0.13427097005527333,-0.0855390706776474,0.1267334286259533,-0.0907943111703365,-0.08449988335351336,-0.025463002449866386,0.11340760375480774,0.12058706167438106,-0.002580042029550061,-0.05444576257065964,0.060199709752205996,0.11689022633628587,0.0582423575474803,-0.00071770545644746,0.15215430512507508,-0.07797133922482472,-0.06157594635656155,0.012433676935230283,0.010753893282772558,0.0414220654594542,-0.07812340610755336,0.018509710114413942,0.05461728936695187,-0.09541422617678952,0.01712596746629673,0.02921423017489246,-0.08172802254694338,0.024457212956460528,-0.0039535714262169605,-0.05369898414121843,-0.009172442149487805,-0.03144049809120875,0.05009623500704721,-0.09477790420656336,-0.29062167947117334,-0.07251303644802491,-0.05537352305514918,0.10475313621344608,0.0394768497016402,0.02709294259954283,-0.12676878672643083,0.035868288569521754,0.09653788959379563,-0.10585016256148634,0.2662745292823418,-0.15009707977790843,-0.05532583267138522,0.01721510612284672,0.006488083016157069,-0.1159915049957964,-0.05414720661966397,-0.026126456213577842,-0.07662082463022672,0.014655856428210533,-0.1087472679589479,-0.048225110424502234,-0.0367626598989409,0.043225182101138564,-0.09785617740456576,-0.06968544119562513,0.007283888120725943,-0.03185763811167125,-0.07466050012863235,0.008561990100228909,0.0035214813047572784,0.023896718133282986,-0.036051108062409666,-0.09344009373575328,-0.05804225570531155,0.004497727773377788,-0.012824808608229852,-0.05761224241620493,-0.009722584940933494,-0.012506606774630162,-0.36161504629957275,-0.16059176128861918,-0.31129967421092863,1.0,-0.03304413519066394,0.0010333297749591161,0.005327606063574227,-0.04284423527925766
cube_visuospatial_executive_value,-0.20653620732577868,-0.10344060271101453,-0.06725460063648482,-0.2057150748709055,-0.12742676151099933,-0.034427115501756464,-0.22979115882336995,-0.022157634779686585,0.08721492377969324,-0.030088733164783672,0.09529290936342852,-0.09239379738861336,-0.08028190477459819,-0.06544339137017491,0.10292723215765842,-0.021283756869737453,0.28815312348004385,-0.04784512668218965,-0.020173424436760463,0.17401337113436385,-0.1397043511080796,-0.008695607978792754,0.11304193603398495,0.14229561701387328,-0.01546189254354653,-0.08389401978130141,0.06553872997321568,0.08555480884261346,0.009846062916155597,-0.0815539406212973,-0.309158161074734,-0.11821500968244592,0.07373722621438895,-0.09444888356379627,0.08722461481882912,0.049777377806733934,-0.15391834785366346,0.012117443004479552,0.09696209045432379,-0.02271993849069826,-0.08742842328974404,-0.0750087415203369,-0.06114012733185694,-0.12434076056300064,-0.013097004946783036,-0.03394028516571232,0.015980181744486788,-0.060581217841652164,-0.011224344107035775,0.2775921557068934,-0.013601807687825906,0.01576686718858198,-0.06755216291894021,-0.125379332389289,0.09679963642261825,-0.06582057622708198,0.11721793407276784,0.10556918104010032,0.08165382498639177,0.1761949493766896,0.014426070027219491,0.15860036091195095,0.09358078538163574,0.15815220425698254,-0.1293688909878584,-0.006930146919502992,0.07575943729237856,0.11851835190696842,-0.05460861272068354,0.045982006349103086,0.014698062894555464,0.024476742978078392,-0.0029798478474932165,-0.13102708534375504,0.07986313105193578,-0.034683203934257036,-0.02892245450002733,-0.0653186283738146,-0.01995238412837314,-0.04798785452008565,0.047342173899980855,-0.05323486370475435,-0.047973051997749566,0.05926073632072493,-0.020706654876009815,-0.10070417239250833,-0.194022929977161,-0.06631714538033974,-0.012529571473134509,-0.0517577434712101,-0.024015913215719997,-0.18617892430569488,-0.058503785901450896,-0.03398351317875078,-0.03878870038156015,0.016618023317851654,-0.028638257252002076,-0.05578522329588101,-0.18702504312205567,-0.059677404106370624,0.02489052713744404,0.01896016529891365,-0.001506609100217542,-0.03304413519066394,1.0,0.08084920572209685,0.029071124046962393,0.14598928785268198
fluency_language_value,0.005315080362360965,-0.09402167662983212,0.0057866816854581365,-0.022879702101356453,-0.07523201976864204,-0.012142471704020833,-0.006874681865609052,0.020520355681811223,0.020628129827706173,0.030228585273458484,0.018478479633955974,-0.02257392319104702,-0.05862859206782311,-0.06806918084585295,-0.02692422362688512,0.08263325800355527,0.1501390047576781,-0.026082619394345734,-0.018587949989966185,-0.0623726547683539,-0.009794253228340268,-0.05727179815684079,0.036672722239514906,-0.01658334816971222,0.03624830755438877,-0.046588084893842155,0.031242253596782354,0.020646214223888442,0.02331170162602027,-0.07014609178742798,-0.16581602031556114,-0.07448276761897764,0.04980500375128136,-0.017007286299598606,0.05502600196855055,-0.009220972662755964,-0.19997195123084735,0.026308873022493927,0.052661597783927316,-0.04197162146340236,-0.027416385723678122,-0.00210666106488231,-0.08098928816003237,-0.16775484251579487,-0.08501494883188601,-0.04773435755223423,-0.10432843375215707,-0.052684152311639865,-0.07230022181521495,0.23993760404404582,-0.019614200686999334,-0.06815701777339986,-0.07155797101212699,-0.09373590058820828,-0.08334237394347066,-0.08029758134085652,0.1747709122612078,0.14427924585273288,0.11185409966143102,0.12393417471453898,-0.008759408452555973,0.10902047565069141,0.21125679531866004,0.12332844823712245,0.010538045134932105,-0.007107916074024185,-0.009924866055985472,-0.007197589352275544,0.01656033423279024,0.010027695637607484,0.022394392233787697,0.01209337830357961,-0.03455051630581823,0.02238032540609142,0.007786622542020216,-0.009079019029858821,0.04255776288879863,-0.01564120689237898,-0.086761939629835,0.05757770477697983,0.07548552686201207,0.034032954010829994,-0.03439969770747411,0.001990587590241997,-0.0382191420282394,-0.01009802262841626,-0.013787250422458224,-0.03160085015747191,0.0260609914871409,-0.00889910349210894,-0.004551089786818363,0.020579440151687514,0.02405418059042056,0.025861785357323325,0.008434417119767218,-0.010692530976535618,-0.00322884605683886,-0.0015385847621103477,-0.06429757611600394,0.022397005280662075,0.08058266406401644,-0.06916726618602649,-0.034104625277408415,0.0010333297749591161,0.08084920572209685,1.0,0.07858447854381928,0.1153664469769326
lettera_value,-0.0048990327696501875,-0.16568794471914883,-0.044244913507842515,-0.0007087986470761698,-0.12911992840318617,0.011084203864851459,0.009538071288731619,0.025922920257606966,-0.012355854368317534,-0.002746670684399962,0.026644077892600825,-0.026207501930343345,-0.06959225895768885,-0.13604324752166197,0.03291160091718473,-0.023982815820145244,0.017474756473829546,-0.03248123362090775,0.03317609027253378,-0.03717282894786135,-0.03524348982191229,-0.11682039341941265,0.009187989420559341,-6.819464603523462e-05,0.04808338760106485,-0.07861124512326093,0.08428598491906814,0.017761273845511173,-0.0028473820523935312,-0.11786760752715188,-0.025353446614272867,-0.11754676102915286,0.05183789949189001,0.014379867970878115,0.07293291554466533,-0.003553074008639261,-0.027346875191681032,0.04604402649435375,0.07237003141623335,-0.08187756283559082,-0.06613407893683577,-0.017644930493124416,-0.0028147495072820476,-0.12510845636274656,-0.06444001441986623,-0.05525415938379874,-0.1213714302431444,-0.0326342596139588,-0.018041482890300806,0.1780424168438276,-0.04715919176495734,-0.030816023992576914,-0.06817486761064785,-0.026057965159149245,-0.08695353966767297,-0.09453161296761797,0.11763342842493661,0.11115034139680588,0.14057553476520868,0.1034747981326716,0.029851953906177574,0.13167310367160162,0.14149598307116074,0.07474910010238446,0.04241638409827632,-0.01003325426371127,-0.08468426400145865,-0.05957312805637538,-0.017368721456228187,-0.024505269858014354,0.04728925981917664,-0.012983734193136589,-0.14918979723080814,-0.02911054076383194,-0.03590904452658424,-0.07706013783265955,0.030027517886838436,-0.0479577378375555,-0.18002670178183972,-0.007293952440347554,0.03280974090323205,-0.010886420338564429,-0.05038163798333979,-0.05933251215368135,-0.059817441484011385,-0.05402613816653177,-0.07666923492437212,-0.08349613470513013,0.006653059608776913,-0.042911878510380586,0.005623711630839257,0.05179009262405285,-0.055798195612581286,-0.012474729892955833,-0.0672222607499241,-0.0342010260680933,-0.0353202728850776,-0.04292100360381333,-0.09918777503252899,-0.027183941117981482,-0.04813015320831133,-0.10973545537948594,0.1177105023956378,0.005327606063574227,0.029071124046962393,0.07858447854381928,1.0,0.04247306579623571
trails_visuospatial_executive_value,-0.05041364654769027,-0.04222959780335134,0.007031438649849579,-0.0593381225430715,-0.07093587747827593,-0.01824860107804324,-0.05614356498186589,-0.0013702750263287235,0.0667352524750717,-0.005587217293564475,0.046304901474998855,-0.04967821069281757,-0.054720506676036854,-0.07062205914612114,0.026640220744725687,0.008372101984386716,0.1405839767387734,-0.04338531806420678,-0.015532348683251148,0.06786571421628898,-0.02366495912223422,-0.059095718642682434,-0.014970123126762101,0.030530919504652504,0.014822214071823001,-0.07350975734000988,0.04786506651726523,0.00418756140549521,0.01943878598392479,-0.07095911918387736,-0.17074294546876032,-0.045789454101456066,0.007502867520173433,-0.05261001759748871,0.044237447292910764,-0.004598250309961727,-0.0895570265305888,-0.013862219097880093,0.036413440804468684,-0.01301868764371843,-0.0861576490016659,-0.018873498233581826,-0.06519548896453571,-0.16885031283983923,-0.050843356280874365,-0.03975555487497839,-0.09801501937536242,-0.08368353319967253,-0.05023221139441871,0.30116854996971343,-0.012237491303208498,-0.0525493834059819,-0.07566373267287038,-0.10851244443926171,-0.007457523124603697,-0.06316749810486647,0.19360125485587526,0.14529516947848325,0.10436771150038536,0.17136079728980314,0.018600144125219088,0.14093615576860674,0.20210575145099036,0.16605709661675538,-0.07792754107858808,-0.024358264885168113,0.03652753859332054,0.042811095942445865,-0.04213006741452224,0.01763897032820559,0.02451319311089402,0.022161069424134483,-0.0051414570532237495,-0.03807278197198086,0.040940280874393505,-0.015163795221596617,-0.018055064796132867,-0.016061763831547515,-0.013406110312651326,-0.0041952872488507185,0.05158581246937874,-0.013965096687707393,-0.03492885205834917,0.0007650083754038445,-0.006930942969493583,-0.021241574378945506,-0.054272880488425365,-0.015161087668741701,0.0025936999546116034,-0.04196423973629311,-0.020356699885981253,-0.05422829415482106,-0.007724573611913444,0.009807662236313767,-0.004927214025808159,-0.018046773625110455,-0.007488289754748746,-0.02002821646078183,-0.0689862184095483,-0.011155396197032312,0.00234024495402629,0.059786547653002176,-0.010176626236483492,-0.04284423527925766,0.14598928785268198,0.1153664469769326,0.04247306579623571,1.0
