,heart_rate_mean,blood_glucose_mean,resp_rate_mean,stress_mean,blood_glucose_std,total_steps,resting_heart_rate,total_kcal,sleep_light_hrs,sleep_deep_hrs,sleep_rem_hrs,sleep_awake_hrs,act_generic_hrs,act_running_hrs,act_walking_hrs,act_sedentary_hrs,A/G Ratio_value,ALT (IU/L)_value (IU/L),AST (IU/L)_value (IU/L),Albumin (g/dL)_value (g/dL),Alkaline Phosphatase (IU/L)_value (IU/L),BUN (mg/dL)_value (mg/dL),BUN/Creatinine ratio_value,Bilirubin Total (mg/dL)_value (mg/dL),C-Peptide (ng/mL)_value (ng/mL),CRP - HS (mg/L)_value (mg/L),Calcium (mg/dL)_value (mg/dL),"Carbon Dioxide, Total (mEq/L)_value (mEq/L)",Chloride (mEq/L)_value (mEq/L),Creatinine (mg/dL)_value (md/dL),"Globulin, Total (g/dL)_value (g/dL)",Glucose (mg/dL)_value (mg/dL),HDL Cholesterol (mg/dL)_value (mg/dL),INSULIN (ng/mL)_value (ng/mL),LDL Cholesterol Calculation (mg/dL)_value (mg/dL),Potassium (mEq/L)_value (mEq/L),"Protein, Total (g/dL)_value (g/dL)",Sodium (mEq/L)_value (mEq/L),Total Cholesterol (mg/dL)_value (mg/dL),Triglycerides (mg/dL)_value (mg/dL),Urine Albumin (mg/dL)_value (mg/DL),Urine Creatinine (mg/dL)_value (mg/DL),clock_visuospatial_executive_time_value,delayed_recall_with_no_clue_time_value,digitspan_time_value,memory_trial1_time_value,memory_trial2_time_value,moca_abstraction_time_value,moca_orientation_time_value,moca_total_score_value,naming_time_value,repetition_time_value,subtraction_time_value,cube_visuospatial_executive_time_value,lettera_time_value,trails_visuospatial_executive_time_value,moca_combined_mis_score_value,memory_trial1_value,memory_trial2_value,moca_abstraction_value,moca_orientation_value,naming_value,repetition_value,subtraction_value,Rate,PR,QRSD,QT,QTc,P,QRS,T,Age-related macular degeneration,Arthritis,Cancer,Cataracts (1+ eyes),Chronic pullmonary problems,Circulation problems,Diabetic retinopathy (1+),Digestive problems,Marijuana user,Dry eye (1+),Glaucoma (1+),Hearing impairment,Heart attack,High blood cholesterol,High blood pressure,Kidney problems,Low blood pressure,Mild cognitive impairmen,Multiple sclerosis,Obesity,Osteoporosis,Other heart issues (pacemaker),Other neurological conditions,Parkinson's disease,Retinal vascular occlusion,Stroke,Type 2 Diabetes,Urinary problems,ABNORMAL,BORDERLINE,NORMAL,OTHERWISE NORMAL,cube_visuospatial_executive_value,fluency_language_value,lettera_value,trails_visuospatial_executive_value
heart_rate_mean,1.0,0.19515725657634642,0.0073460085701950156,0.14694224699745637,0.04404243411024133,0.07894507813669192,-0.012683616274425984,0.17355152068291912,-0.10938233340848824,0.0978132148401513,0.05044988218666029,0.07150488516814064,0.12879550070207277,-0.004615280961629139,0.13391182048536435,-0.17626042986907184,-0.10570584315494859,0.0036360210433368277,0.0018788771821179372,-0.007317078799280398,0.11193801820991468,0.013107078294894894,0.042523977449737224,0.007247672794154874,0.013259588446499777,0.024768085058372826,-0.04458243303367384,-0.05495063130204757,0.03420745373843613,-0.031222911282544584,0.23750942222555724,0.20430993588730623,0.01753492550615848,0.06760168008396775,-0.1732054687584795,-0.011894947075830527,0.09816180218416914,-0.11762853436844946,-0.016824845053097254,0.07256177274836739,0.11772749907642936,0.08805010180725026,0.09864029934380875,0.12476253760921863,0.047391009633823485,-0.03714031621901312,0.006490922379066176,0.08387910603666152,0.10328061676282889,-0.17704005373144982,0.08904976854744072,0.07396751913685794,0.09568748020268897,0.10741467527299899,-0.022267128243344703,0.06116071026408016,-0.08889387953938345,-0.061864504697252076,-0.1440549942926768,-0.14565593668946905,-0.09864475011365567,-0.10626473670252501,-0.01229357609541407,-0.09914242852332882,0.09734575073534645,0.12206543020655243,0.03476530695558593,-0.057407494104851194,0.13672871829745947,0.060161252280289866,0.010741541302968987,-0.005138572109707699,0.12924642073550088,0.06600968202096998,0.05739412846596196,-0.05902019586797957,0.1975176452726795,0.17229938799795344,0.10699425089674296,-0.09196252187294572,0.0437927528359179,0.15322620654399685,0.13476064597304374,-0.01354398226481797,0.028085282252262575,-0.030655696614807236,-0.03639452573214249,-0.021970152944070637,0.030134796230654914,-0.027006423403053145,0.12121583363720524,0.11862727234774449,0.12903810154606749,0.07063603525972971,0.0862888354575973,0.04575103380184113,0.04800225267128217,0.11122455771485552,0.15090806932182907,0.05014023503016112,-0.05576001027036263,0.013735639647565186,0.0880864098354586,-0.045277053747098076,0.01056658975043982,0.02434020223089087,-0.07587983136234636,-0.0786944967877807
blood_glucose_mean,0.19515725657634642,1.0,0.06352739978481488,0.000614407983711933,0.07076586853194704,0.08691992500533,0.0351839783154293,0.054269242679749245,-0.0977826932203185,0.06966468459281466,-0.10629848058403113,0.055824007878256206,0.01298572920049068,-0.08406875147317995,-0.056957459988790655,0.09347049172795135,-0.13279058419731654,-0.01692816222929892,0.07733535625721132,-0.060496613514084155,0.06781624113064115,0.038362993734693686,-0.012840639115228604,-0.02940939711841455,0.06759724883681625,0.005930081190431683,-0.04200589420022841,-0.019476196196073523,-0.007915343660686684,0.02376853231392459,0.1468359719194489,0.18065648285926064,-0.12014708849598882,0.05860773937891024,-0.21047188044696466,-0.013187185819758331,0.05029932318422824,-0.06130109736650727,-0.17016383766403054,0.08229999683368479,0.10196564903019611,-0.004586475503526173,0.0027852438103648652,0.09227618935617277,0.074649814264714,0.04390316057497942,-0.014397003470340286,0.07145707705725414,0.03031974999404278,-0.13158405479113883,0.020135355853414617,0.04910536530831309,0.13425017810203277,0.09720190464117454,-0.058262738568874844,0.07640144552301432,-0.12158375988589544,-0.0669130603263285,-0.150144642916449,-0.12596908452742814,-0.13582077742168636,-0.07734277628408982,-0.10972889594668703,-0.0992512353503835,0.16365819128587789,0.15158871572450838,0.10438504815152362,-0.04046212848446074,0.01639680657611652,0.03983705177080485,-0.02019522904071364,0.08002716409406094,0.03206017187628851,-0.05749115877389747,0.09134503613018413,0.08692933462085006,0.0438762627480698,0.0850786872069055,0.05367903141788668,0.029228116734742505,0.04244307259594645,0.24234637047318622,0.10101022011012457,-0.11412570408610334,0.0626994269629547,0.07255178993168446,0.14875297028941212,0.19739573170420405,0.017150866715910856,-0.08195816295657361,0.055468251278349215,-0.1213247584003787,0.05217990287372287,0.12491563586830047,0.059459429987266846,-0.02435869913371913,0.0108708324329919,0.10018610255101429,0.326926543847395,0.033658713259911426,0.20628562970739245,-0.10304224493456661,-0.09626623374060525,-0.02065925114834514,0.07331988816472274,0.005126246053621696,-0.021777264904404924,-0.1321313017038483
resp_rate_mean,0.0073460085701950156,0.06352739978481488,1.0,-0.009956266510166224,-0.042799272681506226,0.06916511252261508,0.13471810998353895,-0.01306501429446776,0.010734806569337504,0.14391753639140695,-0.12567639086157684,-0.029860751867430754,-0.07098936955778641,-0.02158645277889973,0.02695484889631786,0.00505542299632623,0.032004052291606654,-0.013618053455107812,0.006036019079737694,-0.0003543478636306978,0.031649362031068315,0.08641720254323175,-0.06113548282507337,0.0061250524074432785,0.06367089954589175,0.023027168267469835,-0.007379802619866626,0.04487010251018277,-0.012736562631415753,0.02029015616366514,-0.045445511768854994,-0.0016720653751941816,-0.061062615430990654,-0.010619474266384708,0.025160097027049994,0.04971396948481123,-0.01588220910105792,0.04524054109479841,0.02005819137376347,0.06129014551010444,0.038595430755102265,-0.021468835252392324,0.01114732454183255,0.04344142606632745,0.004396793114721805,0.027774199305624067,-0.008270418004659335,0.05181767919121321,0.0027850505982929246,-0.04365148039856566,0.02116104505533465,-0.04438405767887218,0.030907442755365146,0.01638184105628115,-0.018958431044909324,0.04036271345843835,-0.004021413847249304,-0.07828210407626639,-0.05082385575972611,0.029103655501322854,0.008102189792507276,0.013307371088350414,-0.06111261071122463,-0.0005446126785277817,-0.01923616675946114,0.008201344551058894,-0.009722023905939957,0.004415573769682993,0.04680029131455344,-0.03700494869708079,-0.032053026202071615,0.043158057233652736,0.016606371994790172,-0.03973100000704515,-0.0038653500111554247,-0.0159012024992261,-0.04509482490680849,0.028649395619543036,0.03540786044080022,0.1547509743125436,0.06408954162198603,0.2439602862579468,-0.002291640107814606,-0.045859995673291694,0.030127662998716935,-0.1016995873460757,0.04134373989098416,0.17981457565857795,0.010814818036554532,-0.009564531673529712,0.028380430584434492,-0.03886442352014668,0.027797526907178176,-0.002306371973470487,-0.036080998439736,-0.13890824861047674,0.0319386486073429,0.12543076651724117,0.03406938872784443,0.08560180401807675,0.25271904631902314,-0.03778034319066374,-0.2500837950989658,0.010785664326466549,-0.031167983592507102,-0.013208642309557466,0.011367257668933027,0.0013452104427452748
stress_mean,0.14694224699745637,0.000614407983711933,-0.009956266510166224,1.0,0.057075018853449636,0.08200013094768911,0.007096772333402051,-0.16805507282584367,0.09143297624102006,0.09840197141137767,-0.03446142861814917,0.020180188081053825,0.05623499768453908,0.0797803814670413,-0.02356592868844227,0.026514571065029677,-0.03128726008313592,0.06164888310659336,0.0028025739510469626,-0.1595433748802957,0.14380507125228412,-0.03581579880030457,-0.001365580869685617,-0.01054854984093932,0.016430074545525423,0.02548181985794104,-0.06810930654454747,0.0175928440062778,-0.015516633122187217,-0.02401867004900219,0.043476512578217864,0.008501503130223343,-0.08977153768455148,0.09113276754205497,-0.03379786581023297,0.016916213144999716,0.017022561771233496,0.0272510925599537,0.07178729998311004,0.008206707861022348,0.02209984557645983,0.1187387462011615,-0.023594105676902875,-0.041028917255456696,0.0013237575654005305,-0.0300229492865597,-0.041471628110252456,-0.1037898716943032,-0.018660490510091547,0.041205393074170864,0.04408748448978948,0.023595007779182723,-0.05802835996584133,-0.021302664372157467,-0.04638185919263398,-0.06644232712139155,0.012239465638048064,0.07496722829353084,0.04301270187832292,0.05668317668198535,0.0705480999521415,0.046235629403164134,0.12527534150708025,0.0834498228510793,-0.09255347043743385,-0.06777749576196122,-0.12178268588530608,-0.12258123679978133,0.12169868048759058,-0.019157875329260516,0.04073554595684956,0.011962952021378493,0.051378054431468055,0.2778990492303171,0.05595823639474203,0.1240709192840544,0.2537058290302722,0.07623947903899526,-0.019244560370633546,0.0719469911071028,-0.0007441676814578257,-0.04542576946746045,0.03282424495659696,0.061660048329036085,0.01513310924924692,0.13778428550530178,0.033576063078130394,-0.023346291309953287,0.022704999564181937,0.06436795519582135,0.03096349766223403,0.2688099414515622,0.053116200887992626,0.11360463533315672,0.08362733274931802,0.05643326242246204,0.02410811887590014,-0.0008014975845353231,-0.08775582012780332,-0.060258651855591185,-0.034603657562240625,-0.05873347180556539,0.12778369356885871,-0.04749821261502982,0.016202286519795564,0.17869666692760328,0.016708559171609804,0.1396748276826963
blood_glucose_std,0.04404243411024133,0.07076586853194704,-0.042799272681506226,0.057075018853449636,1.0,-0.05361740993242006,-0.03962552502912201,-0.007119501370711474,-0.017238678628513023,-0.015306896229406671,-0.039760842851580665,0.04022962657975952,-0.01307047798103719,0.027459517493636412,-0.068192439451287,0.10283417026433901,-0.07308075261718949,0.02209077110400701,0.06563241466647209,-0.15207471642483053,0.0463686612509314,0.024579874707122567,-0.04381811216293235,-0.08393547546482809,0.02429186471509428,-0.02105121439787975,-0.022457346990023785,0.006227886194153206,-0.015081140781644412,0.05808246221665164,0.061647637521649215,0.030769238380537075,-0.05316028940929475,0.04559067888161603,-0.08629506855640111,0.01609194107916038,0.017257919950437278,0.02857623612709457,-0.046176157889088756,0.007645222359629697,-0.012918574545598093,0.04486452707624158,-0.030808498438326535,-0.027404624268026506,0.003603941999360104,0.03683926181672021,0.027178356253765096,-0.021799176661670847,0.008090628309849315,0.003229105558745709,0.002757432100398556,0.030406493927910325,-0.0019553101866019136,0.03712010511109872,0.024904489492237804,-9.753861825799508e-06,0.008736405466441962,0.03148223951106134,0.01323696313642054,0.014662878697519074,0.02268265278351619,0.009747556271052397,0.0056599687664566755,0.020364136034686845,0.012227155183954265,-0.04577602834695136,-0.026388816190275277,-0.05234171157458612,0.04299798924320285,0.027081871300237453,0.013882998468074267,0.037628653518755814,0.01024938132149061,0.08591193171877562,0.0008372642065408169,0.061815720190512326,0.08585530952825618,0.0044854100552042505,0.015964933813902144,0.009573848626128251,0.04305803030658817,-0.02476963319786643,-0.031164743978177256,-0.0030840406554294595,0.025454526580045513,0.09737525939854823,0.06598642540414956,0.020060638344169022,0.08422198099311448,0.058559374642450944,0.01301299894909899,0.08789658860530504,0.03427117943811926,0.21278204855027633,0.012246612377649372,0.0745629053419225,-0.016075526499710974,0.029851363226419902,-0.014485980078729331,-0.02303651375926777,0.038009814482520464,-0.020969069274280515,0.007562198120666777,-0.04479823513898625,0.03482045350943801,-0.030274240010402905,0.03250586750510193,-0.09426069377847804
total_steps,0.07894507813669192,0.08691992500533,0.06916511252261508,0.08200013094768911,-0.05361740993242006,1.0,0.05489708827443003,-0.048688132229143755,-0.06337643178118231,0.053326027259764014,-0.03354886225415523,0.06851928460427455,0.10814813259352633,0.010530623512982088,-0.008170350706347305,-0.018214369225336934,0.009969830776583085,0.07080157451764026,0.023651409492368793,0.02988251174127053,0.05773622267082381,0.005537958351652618,0.03531636070170462,0.1560721724781057,0.05529940875827445,0.032448450423389896,0.002957666494341755,-0.02513899080872561,-0.044195196361272594,-0.01197395619533056,0.014284705637016224,0.08905961003046974,-0.05954335084466203,0.05722732176640554,0.0009111395148274519,-0.002539511982445189,0.056138100660738946,-0.014159139013090136,0.04783622126137827,0.09289206539195867,0.029317548204701657,-0.013067030219602364,0.0014049111106083875,0.04707764508746052,-0.009794248464588933,0.008209882450751145,0.013223444146065822,0.020654327653426837,-0.01567944280275243,-0.01980470527770336,0.019160732901696634,0.008847185647063941,0.03199496374310173,0.05868277625880294,-0.028303546078356338,0.01247885354605444,0.018903134924356007,-0.02462334400069075,-0.03237023329054956,-0.06090790301596962,0.029659264039741434,-0.0309761581788287,0.029912375067912608,-0.021900979962508463,-0.013872185446839031,0.03244033795284145,-0.019745340061273667,-0.03210868076883946,0.07105417258583721,0.01972586007146387,-0.00810437024898251,0.04017209386458598,0.03225169585044348,0.037441783514718316,0.03588937547929822,0.06275102130304812,0.0627118375835442,0.016785297903379084,0.03163730890183338,0.15558180010244838,0.03828769872766322,0.07768388300001347,0.06520746552574946,0.09043309951856054,0.034118057952670734,0.04724129714266134,0.05170795171963091,0.06843014227139176,0.009989273271611452,0.014185200253531463,0.0007662989621255715,-0.013315883807975033,0.019805996893900987,-0.03583133807065507,-0.008362811380486238,-0.04997057818073937,0.017927157537314848,-0.02280321631481045,0.02724927869919177,-0.00127077008154567,0.058654250907847184,-0.017345794167853392,-0.0041292146294751465,-0.029953875845909823,0.0019967218234641254,0.011091930440818092,-0.03451341200547385,0.016200460536113976
resting_heart_rate,-0.012683616274425984,0.0351839783154293,0.13471810998353895,0.007096772333402051,-0.03962552502912201,0.05489708827443003,1.0,-0.009734519394092632,0.029767768672928862,-0.011337505903686271,-0.109302973503345,-0.025225254976046274,0.0032964613258667152,0.012194287730912664,0.013993181833918594,-0.026550410983594036,0.011350156316156011,-0.05748439747249648,-0.06361750941184695,0.06200749463438331,0.02515944863928418,-0.07042812556732429,0.029261681457949742,-0.04374026114794765,0.009688527386874035,0.03243550059739707,-0.04196596252243808,0.0007481260917579439,-0.020192794179765963,-0.013271224373353825,-0.04053332896223103,-0.06534822272467622,0.037680169332286115,-0.003312917621195929,-0.027717819857468885,-0.0013574103155000528,-0.004392550622498792,-0.017595019607904376,0.034354223726072386,0.009949121390163691,-0.04249933844043982,-0.00844415737463842,-0.033522851589932394,-0.03010761690194752,-0.011694279511899787,-0.007161843260101528,0.06754307796684536,0.06785759206420235,-0.016917246450435058,-0.01747026457033929,-0.02239064522863773,-0.11683945602386975,0.0036261568118924714,-0.0017910671368048566,0.04534102169665658,-0.015448641950077162,-0.002137536995499945,-0.0013936624313425625,0.014381223189587749,-0.04936269587558204,-0.016506717078645552,0.012583247581656213,0.02133408105898192,-0.0035464174908959698,-0.08868539666588934,0.030708515122943397,0.03032642616420339,0.021697269775553082,0.021343103254679703,-0.017493115553843364,-0.08334989653154613,0.008957284416424915,0.009758394503998121,-0.028131204367126215,-0.012827184399910905,-0.053199309441167804,-0.03909478246826553,-0.007599717459915907,-0.01055659470517479,0.05492909934443424,-0.012904214500164926,0.12874093054496089,0.014263978163025885,-0.05527437121395813,0.0010606473867131945,-0.10293018381995853,0.0038211945765161065,0.1452193956001935,0.005261252282614543,0.013542942042783272,0.0069579465966504,0.0029630022864817786,-0.008345374263226627,-0.002426352348011499,-0.03450615912520368,-0.14036707674723362,-0.0014896968912001683,-0.03707540090370664,-0.004491216988672498,-0.07327396183928651,0.15489058088753824,0.027685017363982177,-0.23564755305448024,0.06067779030636934,-0.10171990598349838,-0.006701223119771775,-0.012694410072878744,-0.008941929697784314
total_kcal,0.17355152068291912,0.054269242679749245,-0.01306501429446776,-0.16805507282584367,-0.007119501370711474,-0.048688132229143755,-0.009734519394092632,1.0,-0.13755772475273673,0.001455963490321765,0.05215055638284056,0.03244611704648054,0.025522433571554773,-0.021663764081590722,0.1322223650810576,-0.24073815957911077,-0.012382433507145634,0.007411525533993914,0.006729714230971818,0.03097251818803767,-0.010020205642544817,0.0211276544701746,0.027869325077432512,-0.03857145512313408,0.004634172826976613,0.030441212441753737,0.0313535444067562,-0.007818654789664408,0.021625642509189465,-0.04131810272143818,0.05726867323011676,0.03902306526474962,0.04934418322037365,-0.0353815564523214,-0.06553169815571024,0.017587778746954854,0.0549453292090427,-0.039551785092332925,-0.007987343988112188,0.034908232823978445,0.04254639310421693,-0.01772976962196646,0.07287557227643617,0.03815687918779353,0.0400852324969178,0.051851873818439476,0.02709703311048789,0.10090787670497073,0.09374382746155739,-0.08275630429236369,0.08494845605464334,0.031941908026887435,0.045894029361324466,0.06650748988057449,0.0597541832310617,0.0878171137633166,-0.05358406057193982,-0.0814677696622075,-0.09858367464940535,-0.09279399246098315,-0.09308496045919126,-0.07119775492401184,-0.09321916004999298,-0.11225247276615458,0.058614212955639,0.05959729321101554,0.08148384943678699,0.0052971493583183725,-0.0065484852994161825,0.022965908385939413,-0.0387340930782132,0.008849116442799778,0.055607363000801144,-0.14215807211520506,-0.09913996076451026,-0.23630689482761758,-0.024944995898205667,-0.03584890295458044,0.02321311013880521,-0.1535377143383569,0.021304966653918886,0.027922871450221813,0.03130177496731102,-0.05295461072867553,0.018250210028881046,-0.0898418889393898,-0.051892292674505666,-0.01512693366402315,0.07270172206417952,0.011855735335741769,0.06848436396854228,-0.01546348108548817,-0.021097759487211643,-0.030811116202523827,-0.08434189045643833,-0.027838350561991083,0.007980580023172873,0.043393441318191346,0.07616011213742994,0.05699620912763953,-0.05761303039001757,0.05801247001067766,-0.02784875175082395,0.030462278255611226,-0.03366976706386238,-0.05675543125220424,-0.06203318542138089,-0.13439582335444017
sleep_light_hrs,-0.10938233340848824,-0.0977826932203185,0.010734806569337504,0.09143297624102006,-0.017238678628513023,-0.06337643178118231,0.029767768672928862,-0.13755772475273673,1.0,0.009623104627266454,0.0049903357779779835,-0.07208241395127796,-0.10438245451855731,0.011988613874483326,-0.01669030265952336,0.06668091525344173,0.028793453817721783,-0.08324559348361364,-0.03619494370042194,0.03820749744816755,0.017773658474738045,-0.016718415903429273,-0.07337040536658616,0.006177923522493234,-0.005065274887094375,0.021186091783923923,0.003584390746187745,0.04024207031079191,-0.019323667627578565,0.04664439245162863,-0.062088259353823096,-0.13840777697414758,-0.006967815709223394,-0.022288317764394248,0.08116800341961221,-0.023020109711356068,-0.013166526507618919,0.05627851776002728,0.06796210058167673,-0.013311023251081789,-0.028284115401043856,-0.03861357398498169,-0.046629303258609055,-0.04402685277113889,-0.015192870582303229,-0.032913948565392016,-0.02425791718794083,-0.031367767191706766,-0.020381172058738618,0.07127652193481393,-0.025486355534972086,-0.03276911042037386,-0.05255698112818024,-0.07438570737261396,-0.01262907664219858,-0.04016783967770469,0.04429732174703499,0.05893228821240219,0.039730074224922425,0.046568109666773626,0.08563262480571578,0.04859783393064265,0.0463949305731863,0.08257527843517862,-0.04902668626034243,-0.06113553254016522,-0.08817389383892954,0.014121021633322376,-0.005303214946718728,-0.02184024725226464,0.019143945400462693,0.03629881661965453,0.011352234221518447,0.07798620845602144,0.09926175996761805,0.14874144579960838,0.04113618983442414,0.011539651985130303,-0.004144395117533582,0.08659833798574695,0.0019747802841609693,0.06098284396598958,-0.015525568404564039,0.05841202611102285,0.00571412250477553,-0.05848331519838991,-0.008192254512954697,0.024525975565288904,-0.03248141849444209,0.026954621632091374,-0.006009270910451329,-0.014358611152876134,0.01936378248358341,0.0038784766989129063,0.07465024743746726,0.011421103965179693,0.002661267123644276,-0.07778757000235936,-0.13878010045540032,0.024339534229114244,-0.03642628476366465,0.021410819921539075,-0.06104167579666796,0.06093293179906281,-0.010041495570044431,0.0625054078064781,-0.023567075199358245,0.09398751724271083
sleep_deep_hrs,0.0978132148401513,0.06966468459281466,0.14391753639140695,0.09840197141137767,-0.015306896229406671,0.053326027259764014,-0.011337505903686271,0.001455963490321765,0.009623104627266454,1.0,-0.03508225827435535,-0.008859765140710747,-0.03397347868288493,0.022129616206337358,0.04382994733892644,0.03817694513128793,-0.007603310122667041,0.05239277945524415,-0.01719684812713383,-0.0846648337530189,0.08316440573171649,0.056195889836777375,-0.022563454226410175,-0.045117611329433975,0.07334688393988997,0.019472976373097757,-0.04687069624289795,-0.009466198260561077,-0.022427184793270716,0.005925291690135402,-0.0028582338676139004,0.05773160945364368,-0.0391961098735056,0.007129674834541203,-0.023590795472632438,0.03744103035308542,0.06907598555788282,-0.0027337508026671654,0.006444113936281746,0.030810872341267212,0.04422593721600481,0.04881222378417734,0.03399186533660892,0.07948478224973317,0.05202069868701606,0.05098194210495457,-0.06464310482109194,0.023955036621241193,0.06971413520816544,-0.08376043644963138,0.026302212494122006,0.06393423095739942,0.02626493089585207,0.037832145497664386,-0.04286371099249054,0.016185596269435252,-0.039533577098478795,-0.07427661294598974,-0.0915779872631335,0.004309319264524615,-0.006284979694388744,-0.00368015798113096,-0.04708252450193655,0.005065552617174654,-0.002819155620288832,-0.0538602426309226,-0.011279216388172947,0.0037981471055617646,0.027824502102780486,-0.028680676514227562,-0.04864530200158518,0.003929175243756647,0.013339777490686143,0.019108082352498057,0.03157041416864591,0.07369860581093203,0.08193480607221428,0.055412675797757556,0.06703097331471125,0.17260767386557074,0.09554461127179764,0.16524709369471408,-0.020910350988068274,0.13971714765535362,-0.021195490143373668,0.014842532058309875,0.046441106175098466,-0.014508744905883041,0.0022701635734698805,-0.013036369318831089,0.038637106035347146,0.019778541210767567,0.059467602974187544,0.10860203318677482,0.0377882801103205,-0.05433741201599042,0.06975849503186891,0.14525774442254272,0.0260184304416941,0.15775091262382762,-0.016576697366832722,0.04265293297324782,0.11413470132109245,-0.13183410404908052,-0.00987311654308247,0.02792120425463474,-0.03907224588656742,0.00042351913967388934
sleep_rem_hrs,0.05044988218666029,-0.10629848058403113,-0.12567639086157684,-0.03446142861814917,-0.039760842851580665,-0.03354886225415523,-0.109302973503345,0.05215055638284056,0.0049903357779779835,-0.03508225827435535,1.0,-0.021426554709398957,0.03190850883388122,0.005919908588798965,0.1463340370164091,-0.0781323249411036,-0.019620213922526074,-0.00925074189707359,-0.042956221275395,0.018474658672812116,-0.001406946298974897,-0.030472591946739503,-0.01851516980399394,0.0018346169310944768,-0.037050003808863134,0.06575239814354664,0.01138299766719223,-0.03462282724737576,-0.019817823551784207,-0.03597479179485083,0.04543742211852059,-0.0010328233117358723,-0.018283675664362026,-0.015043031887229824,-0.0062268604541158516,-0.0026711382106401308,-0.01161360591999206,-0.05611139263912141,0.03077128850667053,0.011186401771697104,0.03613277156902661,9.79621838436243e-05,0.008382230019115786,0.017843380549006388,-0.02269418038226224,-0.012854785857487566,0.002815570432308495,0.0527642682121878,0.05598068644694446,-0.012749132682506789,0.015569696195275156,0.026473711316222847,0.004109587568038537,-0.006253700058207537,0.021398943077895527,0.013776811644227996,-0.0009889978840606237,0.0062300017795921475,-0.028502093308492824,-0.013099229592676342,0.011738053616555798,-0.02137374296763856,0.021623121329610605,-0.015149776824873631,0.016903186419732635,0.003410292568681959,0.02525216050274607,0.043438623446913495,-0.03581030276407122,0.014836899983475739,0.003547868683003452,-0.05660187470204324,-0.012003571573526951,-0.03367348324878635,-0.03349476593532749,-0.0906172464195818,-0.03208535573586818,-0.04475086499469062,-0.0025635456423785115,-0.09386640117210285,-0.002809675762055669,-0.10699194480304466,0.04883543575126548,0.11594040562259213,0.02588800708545688,-0.043101619664731194,-0.056549613767377244,-0.09331014078015626,-0.014892217978688612,-0.036570033839992404,-0.008918446916682218,0.030722071550620463,-0.046093765448004434,-0.054508502428198824,-0.050922615466124706,0.05859562857652693,0.02553059425168356,-0.09254728877061291,-0.0353481537678729,-0.036938163108190473,-0.2657891089942804,0.11502514745171845,0.0878906522541593,0.05351809755786348,-0.04707700603845191,-0.0023327492820475713,-0.010663610769695237,0.006087103235895425
sleep_awake_hrs,0.07150488516814064,0.055824007878256206,-0.029860751867430754,0.020180188081053825,0.04022962657975952,0.06851928460427455,-0.025225254976046274,0.03244611704648054,-0.07208241395127796,-0.008859765140710747,-0.021426554709398957,1.0,0.0824050628332216,0.03134500914674753,-0.025270012024668727,-0.12670633238692083,-0.04845933343659125,0.058088202697521206,0.004238200565465799,-0.0225861115642606,0.02563840508973899,0.012073482342512763,0.02661110344638582,0.08852697727928953,-0.0036140759733391935,-0.010345286508578942,0.028233294563153346,-0.05465795637354032,-0.010760623005768626,0.018104529637978557,0.03087484717604472,0.07989593928591468,-0.03501159782944861,0.09264251938651746,-0.06246466636559112,0.013617170959484117,0.03356747554684528,-0.00607200448033104,-0.05230890004456052,0.030332911574523662,0.06346131807027901,0.037247447740521425,0.003497327673804989,0.04957083171650571,0.02676211785811888,-0.00017301563628543468,-0.0028134232290078186,-0.023028949661911942,0.044342875588544085,-0.09092367691256872,0.03278158308598534,0.05603593737140825,0.04708236456816367,0.10487249581887456,-0.021726720674559167,0.04589357310895018,-0.09338521436820534,-0.049905092808010844,-0.06264205815161758,-0.056771827387232736,-0.07356037856447412,-0.028097968781322313,-0.02418187783229377,-0.056269875786837065,0.06399867768992161,0.044440815924926484,0.036323353910389294,-0.03318473502696006,0.010525247068910563,0.043352125147418034,-0.014927370283085346,-0.01938823815837494,0.062089049674141035,-0.002318442662981632,0.020215545211331575,0.011288762116450681,0.054550377037063384,-0.00586923467772701,-0.023417338761761174,-0.017875006272683527,-0.01692472462249509,-0.04622404875855762,0.060159020165141686,-0.028469773001480264,0.021586294567331528,0.09128116088099808,0.0073455486510766175,-0.0013738673456947994,0.021596035836014653,0.053440215487573293,0.01819855254163114,0.04733749274801189,-0.008783395675584301,0.007436035421712588,-0.002515471684717768,0.03637548524852192,0.0008037433669824472,0.022678208165726365,0.08462609731887602,-0.029513051227487184,0.018896680306937377,-0.04703201118676638,0.04910988980111812,-0.04378580197846633,0.011392506649618243,-0.014246643860585743,-0.0773529348194224,-0.007900967476357603
act_generic_hrs,0.12879550070207277,0.01298572920049068,-0.07098936955778641,0.05623499768453908,-0.01307047798103719,0.10814813259352633,0.0032964613258667152,0.025522433571554773,-0.10438245451855731,-0.03397347868288493,0.03190850883388122,0.0824050628332216,1.0,0.11076968921205776,0.046723314146348054,-0.08801051987804578,0.019951940086494202,0.09472299509588719,-0.015109599062163552,-0.018777858734101115,0.04684734782540263,-0.026487515006985797,0.024022558417474284,0.019527919580691357,0.00015688904398021816,0.003465201963046448,0.024133567766574587,-0.052638217427844934,0.019133280084141665,-0.02795223340872013,0.050027034465960345,0.0464421891926472,0.05511759927233223,0.02009626730723976,-0.036331542758196306,-0.015831256035974916,0.06935913008589258,-0.07226407515856834,0.0018121490014185479,-0.0070480387627414815,0.08181031614042036,0.016634099779062567,0.041420880088215456,0.0757692389268913,0.0174013827024393,-0.014571372507255178,0.08793209661202588,0.02837880946838097,0.033476550469134725,-0.055656648652700536,0.049888977825955375,0.024649621919796038,-0.00225313353744157,0.0557127043482658,0.0054817954189245975,0.05435220466438858,0.010123643691498065,-0.07720309437279196,-0.054889477764939,-0.09234491251508392,-0.04183130131532702,-0.05910300098045054,0.044912994798004,-0.07691439033931283,0.024324718679790348,0.04307156963065968,0.018401304590153614,0.000196957396104084,0.06909081589172301,0.05148699704416388,-0.0370617134087107,-0.018393930230021952,0.015211174399557664,0.012652204864028195,-0.03938696124750338,-0.09547520312015928,0.03341148089087762,0.009528401184702074,0.0028705649781449283,-0.032424700615793445,0.007131229020837498,-0.08807687876768189,-0.0321933565667013,0.0270795882102391,-0.01213804321548088,0.0652289515854059,-0.027287984589435276,-0.03244305951820975,-0.010203545174349144,0.012049102312708365,0.031102197118513336,0.10698847467480237,-0.04973020696456942,-0.07038246094886716,-0.05126056016489829,0.09897252514177451,-0.002219252174199373,-0.016502948585365048,-0.01307441314793668,-0.03883606350345508,-0.01894678557178268,-0.02401353694136718,0.11204681986165009,-0.0888952247241625,0.01968613739461493,0.02284877895391615,-0.007897224598793893,0.03745358687443249
act_running_hrs,-0.004615280961629139,-0.08406875147317995,-0.02158645277889973,0.0797803814670413,0.027459517493636412,0.010530623512982088,0.012194287730912664,-0.021663764081590722,0.011988613874483326,0.022129616206337358,0.005919908588798965,0.03134500914674753,0.11076968921205776,1.0,0.05295074432886958,-0.04008051776837848,0.013401649025413444,0.07259075974194612,-0.04520917663896395,0.01582240217011942,0.06419822329491882,-0.03709205851469929,0.0017801156731561075,0.03968203540423586,0.04866171911776577,0.016811495582932903,0.005747572294644027,-0.02632628398422111,-0.03368599199104616,-0.0004735421530217605,0.015030670629017131,-0.03927385629795713,-0.0022724660672967223,-0.006947887627372198,0.06272346739194955,-0.006761941092704442,0.05061213700124366,0.003118237016338654,0.0654101069702954,0.023591865109991374,-0.004065386202412599,-0.008906345700583653,0.014250297048010424,0.013104121111125511,-0.018880189585617633,0.011500795419466574,0.01171179679045602,-0.03759624371174695,0.02197527973081919,-0.029733136512871135,0.029578368402358474,0.002834584642660196,-0.0055562500391051145,0.054539132873831477,-0.008654880960547971,0.011423379824071727,0.013531124073972006,-0.06243579876971101,0.028012135136966272,-0.020591152735508343,0.004675460118502234,-0.016505088955688876,0.015664333758990578,0.016039540289161,0.008368239864229644,-0.04590950967123865,-0.03388168326765248,0.03073509560253438,0.025326102660713334,-0.04211888510450567,-0.03222585758817802,-0.051816210426684405,0.012942805403834402,0.03827865933676753,0.018495490418041865,-0.00956972834009623,0.05497110825011764,-0.028498348842997845,-0.012047183864284128,0.03343703229805958,0.04763060736131868,-0.11040243915727041,-0.04195871415058895,0.13344094687753336,0.003977682161529447,0.05451030141919893,-0.00018111924200834412,-0.08958399926211262,-0.00032094220393275513,0.00467731671723907,-0.014300437797659271,0.0914961958510199,-0.038408380896952296,-0.03897398265192304,-0.012416505865173674,-0.003205840905891067,0.021421968557975495,-0.046550489374247175,-0.0975314823382739,-0.00428954725501418,-0.1513134810045377,0.05204429181700801,0.18169846045702553,-0.08058047306959269,-0.03715231700280155,0.0530041425232888,-0.013352377608157455,0.10908686596489793
act_walking_hrs,0.13391182048536435,-0.056957459988790655,0.02695484889631786,-0.02356592868844227,-0.068192439451287,-0.008170350706347305,0.013993181833918594,0.1322223650810576,-0.01669030265952336,0.04382994733892644,0.1463340370164091,-0.025270012024668727,0.046723314146348054,0.05295074432886958,1.0,-0.15970141442087005,0.025414294202730645,0.0162532718325653,-0.03982394290362058,0.03882381189885934,0.009939708402727693,0.015582380499290149,-0.08503581880361352,-0.03691646486206326,0.021202999292875224,0.08181683195811146,0.012844558418645454,0.10304321126147165,-0.022142710624881476,-0.04543699846673954,0.04364463391464808,-0.010516604462971054,-0.002405129564420489,-0.06173313660532368,-0.04652036138396715,0.03242553176809495,0.005741574352986833,-0.032071967500258675,-0.00950890086756183,0.031170315585922884,0.03230027297364144,-0.014947237144044981,0.02071789038339677,-0.0038709398093050595,-0.011711018836987202,0.008651730620580729,0.001988087340818742,0.06612985132809399,0.004560855544053465,-0.06954708781947642,0.04482690752459023,-0.029395885974129166,-0.014200973871235166,-0.01233541609403133,0.01389805956269922,-0.0021107027308286,-0.012096606206576726,-0.049234279574368746,-0.07251163827239863,-0.044832350592479656,-0.07223569832052296,-0.027562132414526715,0.01940821520347,-0.005128617249974551,-0.001254175083616533,0.02134512880168893,0.0665228890497768,-0.001342890778029362,-0.05766592028891315,-0.01622635987141255,0.03323344867227298,-0.0349069929169097,-0.004026224956633165,-0.17493497365032504,-0.08621757935945779,-0.2193968504218841,-0.017739425549026917,-0.06505767420847156,-0.01654668026076245,-0.11562553886574092,-0.00874873077971062,0.026931604033498487,0.030226935332499042,-0.012226904353011008,0.032601845882643865,-0.1209445550740124,-0.04542774097356288,0.014130222271786758,-0.012472740449469801,-0.029864300237097862,-9.701781439541998e-05,0.07953480836249475,-0.07771588425900357,-0.10278079934868763,-0.09083277031728614,-0.06770368432830383,0.015375292349248504,0.038094182728493464,0.006091476133423765,0.025718714162755292,-0.13213684933490336,0.127514395111708,-0.029515352162865358,0.08584479037904745,-0.08324184516380896,0.0755057689370774,-0.029662284049597087,0.1370973184709436
act_sedentary_hrs,-0.17626042986907184,0.09347049172795135,0.00505542299632623,0.026514571065029677,0.10283417026433901,-0.018214369225336934,-0.026550410983594036,-0.24073815957911077,0.06668091525344173,0.03817694513128793,-0.0781323249411036,-0.12670633238692083,-0.08801051987804578,-0.04008051776837848,-0.15970141442087005,1.0,-0.028964587978005274,-0.03544402085509118,0.0507786024396039,-0.07213470709603347,0.003368707908287293,-0.041398896277321066,-0.06640456762460256,-0.05626684891549108,0.02171177676573079,-0.004149915193197327,-0.06476385712251805,-0.0030258581469948804,-0.007605612622522754,0.1313462976829611,-0.03343725553763575,0.009305834413449692,-0.0646569216370023,0.00998081851895588,-0.03783655153590179,0.003786529246698385,-0.047939640190412566,0.05107812889915965,-0.07531836446301671,-0.03779623491327041,0.004703950537986297,-0.03475979638411046,-0.06939729071794244,-0.023077880629440117,0.02455079011103906,0.028183402481604405,-0.032560993032413735,-0.03451829665039879,-0.0669154804673602,0.0370660815746268,-0.04370181500766865,0.0006106849691813327,-0.006099145992470162,-0.012564500320710683,-0.0003145247231466763,-0.04806366059558676,0.03224905104163215,0.0559525346931172,0.040200693513774366,0.10222623667922419,0.0978271545498447,0.07408828325272501,-0.05597469098401089,0.08092091662609548,0.010119856215077784,-0.03580558140626262,-0.028339501561937125,0.02781985712798991,-0.020593789412631312,-0.02312694433736816,0.019102937857299707,0.03311145333365315,-0.04431306806400216,0.046492938126425534,0.1229496515561585,0.28557660630472786,-0.016306338175309482,0.05117417324155218,0.024268681068339966,0.1300139669152431,0.03814327245897924,0.052143437916584136,-0.055128615955454735,0.07448076969495,0.010894598740234794,0.04841368350415262,0.06991981411270655,0.031078582966545948,-0.02671829830860297,-0.04246100086845142,-0.023439906087037003,-0.1434068805619423,0.06097426781609348,0.177831332553008,0.07907351699771974,0.014814002853564493,-0.011578338617518336,-0.012292533605815776,0.014869905504410367,0.02063163853877571,0.06181635665021962,-0.0809142140113454,-0.02069089161545434,0.008251956000649284,0.03592441340913192,-0.013886799465987134,0.08567474890158801,-0.06590940892902974
A/G Ratio_value,-0.10570584315494859,-0.13279058419731654,0.032004052291606654,-0.03128726008313592,-0.07308075261718949,0.009969830776583085,0.011350156316156011,-0.012382433507145634,0.028793453817721783,-0.007603310122667041,-0.019620213922526074,-0.04845933343659125,0.019951940086494202,0.013401649025413444,0.025414294202730645,-0.028964587978005274,1.0,0.013940286168583714,-0.0081684502332588,0.06376294581844372,-0.045667990584174666,-0.011286861223556122,-0.03143990115463223,0.07308569838801242,-0.04892152563957534,-0.0009661514987247846,0.10314568226829386,0.02812202964585363,-0.003863440349309326,-0.03387655875932267,-0.2609524088322499,-0.11883375374782217,0.017079260129726298,-0.07972499726257118,0.1814843512114006,0.005111534368840981,-0.0784667049109915,0.05070868618720596,0.08295321072328574,-0.051922177385620924,-0.11459352691438102,-0.10427096769736727,-0.06897771021186,-0.060296235287646084,-0.07211519514100422,-0.006706266535032481,-0.008014454718384408,-0.03411756182625428,-0.10882696922334664,0.10348499383457849,-0.09370562447549763,-0.07605020584564838,-0.04696225934904885,-0.0869205920031535,-0.010469706555149023,-0.03778343212412894,0.07475913327270343,0.04034114884199291,0.12410486019211898,0.09050931670543587,0.08703286903010807,0.03744520231516559,0.07345553815943767,0.023341491191152305,-0.08522489761941096,-0.04169091633055429,-0.029757960397475077,0.05312706121127592,0.02105523110826293,-0.04227120295683554,0.0180401156038061,0.005029324673468546,-0.029995507078286375,-0.055393321737645045,-0.018736255696195334,-0.027862571916317743,-0.061871828968712184,-0.00951062368290464,-0.045285837936725554,0.034288421381411145,-0.013806962070994562,-0.03224851352160696,-0.0722760628657673,0.005323282806251534,-0.03605075685089446,-0.023366032297183176,-0.009776298479103475,-0.01367145503097163,-0.08890118265831957,-0.05265886427698034,-0.05030580063617464,-0.09221625851323755,-0.0438131207848929,-0.06395066964840845,-0.019514774438478204,-0.03759589999078455,-0.006084345587678193,-0.026454567881544974,-0.12184172534840752,0.044644269762810364,-0.008083013582772448,0.0328457641611031,0.013282300933356823,-0.00012529231236653384,-0.008543092070827433,0.05713837474293419,0.04266208732733037,0.12226998077322901
ALT (IU/L)_value (IU/L),0.0036360210433368277,-0.01692816222929892,-0.013618053455107812,0.06164888310659336,0.02209077110400701,0.07080157451764026,-0.05748439747249648,0.007411525533993914,-0.08324559348361364,0.05239277945524415,-0.00925074189707359,0.058088202697521206,0.09472299509588719,0.07259075974194612,0.0162532718325653,-0.03544402085509118,0.013940286168583714,1.0,0.03738807986953174,-0.08322066491022141,0.0578450764224133,0.07843269341774328,-0.018028561711861776,0.011276371576388918,0.05350920195865268,-0.01269219536607465,0.029081776995177156,-0.006037873970818919,-0.015347347805535892,-0.04220094161460497,-0.024395339424245852,0.023024212445677702,-0.06524734266617364,0.007993172309578054,-0.03154339537994819,0.05597555701888871,0.013194772502686747,-0.008116810812878905,-0.013034611780065921,0.013976065915388884,-0.00020620061537561285,-0.02173654901626007,-0.008641212471086452,0.02242900512079653,0.017708145263619596,0.019388598555232398,0.018680332013582667,0.012947708544893773,0.009987864225648714,0.006586461913184237,0.039445143553479,0.009149631250933845,0.0046143510395960045,0.031794632579051116,0.018720683886607636,-0.00995853158519755,-0.016181863013827687,-0.02743899662316411,-0.01605492717823419,-0.010273671308348343,-0.028488201341636092,0.04110512184247517,0.009249621118863089,-0.08065884808872142,-0.04100409372872716,-0.027886750236666764,0.014127885724335982,-0.03950006638470362,0.030321998041636752,-0.013002146802896623,0.0022478100729003947,0.01403804447740657,0.00912207337864768,0.06460183188896322,0.0076033011974193584,0.014401872896422911,0.04838153694106159,0.020794329373383404,0.009691243402988933,0.06986586991154171,0.027150119509190312,-0.07443340730151425,-0.038048837805310785,0.07351285984597755,-0.010177100415599421,0.09887489150357652,0.04997870390661198,-0.0012208034158224246,0.0003855719178134977,0.013994734987603674,-0.0014830544251396946,0.05350635612662243,-0.011642132248930522,-0.007721505290791346,0.0022671755020506144,0.007797850866487781,0.06892526207250452,0.009444308205713412,0.035237059202649315,0.03234125964777205,0.015166609216177011,0.004476751787943731,0.09146320434745638,-0.10533654631653276,0.02891207765992315,0.034745502002291914,0.001841505076171746,0.015109872879016271
AST (IU/L)_value (IU/L),0.0018788771821179372,0.07733535625721132,0.006036019079737694,0.0028025739510469626,0.06563241466647209,0.023651409492368793,-0.06361750941184695,0.006729714230971818,-0.03619494370042194,-0.01719684812713383,-0.042956221275395,0.004238200565465799,-0.015109599062163552,-0.04520917663896395,-0.03982394290362058,0.0507786024396039,-0.0081684502332588,0.03738807986953174,1.0,-0.09322258914510408,0.013028189305476157,0.08754290629018295,-0.0440512026926535,0.0034899974383833516,0.024234602827253624,-0.05610643935479557,0.02993053907953592,0.008437474573804584,-0.03136293916432725,0.022441672934689523,0.0069519249778526365,-0.001391366791619124,-0.08171223544160221,-0.004455863702267568,-0.044736681166626005,-0.0014638353822338571,-0.04888536334747512,0.04896060625874875,-0.04609804732827414,0.048938860820544924,-0.010295689196946166,-0.004597158558553113,-0.011596317337967137,-0.019699168258862167,0.03237871435060914,-0.01799332203007917,-0.03880583994043456,-0.05586537393180114,-0.04406821041731566,0.0015724370445609817,-0.0031916895938954915,0.017473217875596924,-0.019013765257777655,0.02660151041186327,-0.0057868226224209035,-0.017816948354617636,0.009890129861407169,-0.008598353203958,0.00315080248298186,0.07608604185045052,-0.03722779491859418,0.04072608037963353,-0.03321093562350449,-0.0032840779948281914,-0.017139789601540625,-0.024206643672982225,-0.0064578752460225305,-0.006331788672962188,0.012715738344212486,0.09370968820986252,0.08560549859372642,0.03677442235398082,0.0007370081611641814,0.02632899965087122,0.02500874123310757,0.07396458794121329,-0.006141102420991521,-3.184462691334591e-05,-0.014636515397062328,0.04416060404486116,-0.019297218523743446,0.035451996240212516,0.04193760573562199,-0.04137461294530837,0.04124223490239233,0.03453930516930068,0.06748968241953864,0.02721717696020253,0.031019990676588977,-0.020296223229649572,-0.008927754532240206,-0.06185715347066857,0.04913268360538613,0.08785597602747712,0.03290760728505629,-0.021296088847796307,-0.00598229423045793,0.013990797079030304,0.032681443088563286,-0.024212806975968653,0.1169957623527745,-0.04180667457469395,-0.03004254372276434,-0.013430255685682253,0.019449985056913068,-0.06238644463361634,0.011067495376474392,-0.08935735979573597
Albumin (g/dL)_value (g/dL),-0.007317078799280398,-0.060496613514084155,-0.0003543478636306978,-0.1595433748802957,-0.15207471642483053,0.02988251174127053,0.06200749463438331,0.03097251818803767,0.03820749744816755,-0.0846648337530189,0.018474658672812116,-0.0225861115642606,-0.018777858734101115,0.01582240217011942,0.03882381189885934,-0.07213470709603347,0.06376294581844372,-0.08322066491022141,-0.09322258914510408,1.0,-0.05725823259490085,-0.028416821002824503,0.015074727843881615,0.16093350650506616,-0.04905747503056268,0.03449066140734367,0.10074333900092466,-0.013591877648605555,-0.016219892812983173,-0.01921199237495842,0.013316174082957261,-0.01794484231867746,0.07900451742000787,-0.1088362150746234,0.11108052860324427,-0.06792409813881242,-0.01667585763781937,-0.055394323963160366,0.04803594838599276,-0.017442518090936186,-0.05351807455797343,-0.12324242739631784,-0.005059388894571467,0.02936513573627054,-0.03469727030968209,-0.002455532911971942,-0.035666594367156905,0.02326098389484838,-0.01299521363845127,-0.023357976129742636,-0.030940024312890353,-0.00904378258643476,0.04962585830624034,-0.03749280941518661,-0.05801402221920357,0.040768839758918284,-0.02521593254142029,-0.03598579392620608,0.0072430491159077345,-0.04315504746380048,0.036254272004765276,-0.07209262722664081,-0.021268747042368388,-0.0508100736264683,0.06142604555402656,0.05641881287173455,-0.006356178443331949,0.05344030866936909,-0.03767134456887142,0.027506731700531462,0.006664665655726289,-0.04093576875405674,-0.02184144314432719,-0.0791027907300113,-0.013342947871210993,-0.0541073906814498,-0.08274314668103691,-0.010539119500908068,0.0065516370852069525,-0.047314519938500756,-0.05359257922544468,-0.013903778301709645,0.0387817524104133,0.015787543630425106,0.0024344187334786084,-0.05881314254970344,-0.04091382511882311,-0.04027225123492469,-0.0584241074434366,-0.06569652050159092,-0.03520719616717806,-0.13602916032485918,-0.013937576690425509,-0.1806724783723204,-0.027093123037936803,-0.032492864059902406,-0.008805499689667776,-0.06865713052563861,0.0038895360296386486,-0.010261344590171959,-0.06900923688388111,0.02092199214725551,-0.020060640092871087,0.0618377091358589,-0.03113397177316389,0.03803883228779006,0.0036377116628262675,0.0823533386326532
Alkaline Phosphatase (IU/L)_value (IU/L),0.11193801820991468,0.06781624113064115,0.031649362031068315,0.14380507125228412,0.0463686612509314,0.05773622267082381,0.02515944863928418,-0.010020205642544817,0.017773658474738045,0.08316440573171649,-0.001406946298974897,0.02563840508973899,0.04684734782540263,0.06419822329491882,0.009939708402727693,0.003368707908287293,-0.045667990584174666,0.0578450764224133,0.013028189305476157,-0.05725823259490085,1.0,0.027909030242186324,-0.045629292035277554,-0.007977557377547087,0.0589310177260947,0.014129334386143654,-0.0537953852121712,-0.014789961963894836,-0.05211443773438897,0.028980652627842888,0.07112287457198709,0.06268890392763213,-0.08249006594788164,-0.0021231107510123392,-0.02020264670985469,0.020307562925940402,0.044778856369915764,0.007040737707402148,0.0309791829924991,0.04752294301742655,0.07500987464473427,0.05535531876176475,-0.0033694388404278885,0.04066960778651919,0.04595352825655392,0.052686807572780735,0.04452263108373893,0.04079092113253023,0.05690896582750925,-0.08691803573134296,0.01371024562389921,0.04395591076259311,0.034837671942551746,0.03419084528771481,-0.05009505535934664,0.04573305902612502,-0.07395164043294764,-0.07149091942994326,-0.05939730783049702,-0.0735242066358679,-0.04987845666359963,-0.059077785143480895,0.006188264372607583,-0.029223990152328704,0.07175086809987513,-0.004124227865407861,0.018270047999735972,-0.024674112190400044,0.09937229398894062,-0.009424839496248637,-0.0013437634618645913,0.04518482914132811,0.029889336433257353,0.046673443463733436,0.017528618027198562,0.011707857239596503,0.10494203472318213,0.05796559484705368,0.0027128226223111077,0.09094261085207464,0.020604715059142364,0.08916834049270013,0.0010335833086339776,0.04654560670657581,0.011951468560097846,-0.016198044800727847,0.03624679328037469,0.023994207880702688,0.00119901677326578,0.05661780602637697,0.03993343427614955,0.05826534925516454,0.026000802147436844,0.09918088538361917,0.008159302918750104,-0.021079494129980652,0.03355722406279659,0.015893859578921015,0.013101939504957905,0.04401015180727669,0.013147831151351956,0.01468221515674157,0.019672899207918707,-0.04856387831604155,-0.021651499870712767,0.016825208278352613,-0.02299084460559307,0.03837046546086287
BUN (mg/dL)_value (mg/dL),0.013107078294894894,0.038362993734693686,0.08641720254323175,-0.03581579880030457,0.024579874707122567,0.005537958351652618,-0.07042812556732429,0.0211276544701746,-0.016718415903429273,0.056195889836777375,-0.030472591946739503,0.012073482342512763,-0.026487515006985797,-0.03709205851469929,0.015582380499290149,-0.041398896277321066,-0.011286861223556122,0.07843269341774328,0.08754290629018295,-0.028416821002824503,0.027909030242186324,1.0,-0.0014155507027443835,-0.007018056288045494,-0.013118687728169714,-0.08139649469444661,0.015776992415618047,0.0635044561687255,0.06519598141327715,0.0024671026019262472,-0.007912242064167732,0.017237803032342985,0.0779147162610816,-0.01104369564843371,-0.004588867374323936,0.047775709688091014,-0.11315888810574784,0.0223314504543044,-0.013061792466379726,-0.053970957567267365,0.01801438358192801,-0.019240711805729446,-0.027871787488063262,0.02705608774130698,0.0271162256014474,0.024998164573520172,0.05037249321882444,-0.015296740826102155,-0.012366904241740109,-0.007241702612950636,-0.019034251067152157,-0.059056158172805455,-0.01574255568474349,0.015331383868071261,0.04843854411107624,0.007271366863020673,-0.009551285138343676,-0.011778583716575376,-0.00419770499961554,0.026807819781263138,-0.040464533117315,0.01514561834390719,-0.013498917158923363,-0.04051179575637446,0.019027953164414683,-0.0035563386432773,0.002621701392576973,-0.0191476921445501,-0.003717965670461906,0.005120943676620999,-0.02207623096587333,0.03534973886081283,-0.002992870860709035,0.014547879151611412,-0.016387334802324564,-0.012939808654393804,0.008659149453775581,-0.007117989369938025,0.012355306155238185,0.0526494145537083,0.0015116662200606202,0.08694646968036944,-0.041203562055531696,-0.12120625504142479,-0.06868609157250659,-0.06022754133753066,-0.03526212434013079,-0.009856510586682719,0.03101649435410513,0.032051974503889406,0.015161183895176643,0.040116024243542374,0.00163476412566485,-0.010381860131797645,-0.005853867980094541,-0.04068678465410427,0.0205962961017156,0.10911511627937462,0.06910191364170244,0.1381639790131781,0.13386780243232188,0.1311960507457942,-0.07858024981166671,-0.13580207835760233,-0.009879655309098153,-0.007373664067952307,-0.032566154449709686,-0.024549391798126673
BUN/Creatinine ratio_value,0.042523977449737224,-0.012840639115228604,-0.06113548282507337,-0.001365580869685617,-0.04381811216293235,0.03531636070170462,0.029261681457949742,0.027869325077432512,-0.07337040536658616,-0.022563454226410175,-0.01851516980399394,0.02661110344638582,0.024022558417474284,0.0017801156731561075,-0.08503581880361352,-0.06640456762460256,-0.03143990115463223,-0.018028561711861776,-0.0440512026926535,0.015074727843881615,-0.045629292035277554,-0.0014155507027443835,1.0,0.023648136205349234,-0.06257157923237945,-0.027899378696902337,-0.05057023584782408,-0.03377195388245654,0.08109106108889699,-0.16108034209244135,0.03536562883708894,0.014415651148100601,0.12146722861976578,0.07818506976858902,0.015551787731729268,-0.01941281858134244,-0.009887077152221929,-0.06441141421348127,0.1281564514987211,-0.04498695795156616,-0.03901294756070226,0.016639096962594323,0.009521188293646163,-0.011385142436911825,-0.008738481400848961,-0.01841630619735638,0.027965720308628667,-0.0561481371256471,-0.005931690546585752,0.02566770676808433,0.002777141734043535,0.008780899412676743,-0.02930624227852925,0.07837607898926331,0.03997833902113119,-0.03948951525504521,-0.011962704653221103,0.020907003593163883,0.054990744783409436,0.022837906555095034,0.006854401121256565,0.006282099513638758,0.00041480720439068087,-0.05154554374231892,-0.060406600586977784,0.006599007052143687,-0.026236637762841263,0.015104917027562219,0.05253246560066435,-0.01572914079026593,-0.030678873480518596,-0.007823992764195035,0.014067039200110074,0.19912393734342113,-0.012072291918899244,0.0394117045373487,0.07686715447225062,0.0510437370097579,0.017171868032669027,0.0063381569574246155,-0.00994347440370952,-0.034011720208892454,-0.0015579791690550945,0.022695599433971824,-0.04782268444831367,0.020589939607996856,-0.0442470992339781,-0.042764701624545154,0.008072634075259683,0.05260332186222299,0.014866037254599238,0.08084244972861498,0.08153663875256896,0.06413221108657285,0.05921060938554501,0.057422708880264545,0.024896847617727424,-0.015500785491170132,-0.057878382792738464,-0.02759911574965857,-0.0004058589955037305,-0.009231851128987879,0.06825688346765045,-0.061119802593035066,0.0558288621975421,-0.0990345530679593,-0.017446130570441747,-0.06803981239350583
Bilirubin Total (mg/dL)_value (mg/dL),0.007247672794154874,-0.02940939711841455,0.0061250524074432785,-0.01054854984093932,-0.08393547546482809,0.1560721724781057,-0.04374026114794765,-0.03857145512313408,0.006177923522493234,-0.045117611329433975,0.0018346169310944768,0.08852697727928953,0.019527919580691357,0.03968203540423586,-0.03691646486206326,-0.05626684891549108,0.07308569838801242,0.011276371576388918,0.0034899974383833516,0.16093350650506616,-0.007977557377547087,-0.007018056288045494,0.023648136205349234,1.0,-0.017167864564629567,-0.018861761346421747,0.1235651186781009,-0.00950239300505352,-0.01945156409855901,0.0054635398631144964,-0.06302896792946816,0.01132693681242613,-0.03536467257744519,0.035147345156392264,0.1383285677001233,-0.013619608839248098,-0.029151645294989623,-0.013970168209147113,0.026206885024602146,0.025334637884039612,0.011024014517458297,-0.05490784668728814,0.029644176371852533,-0.026511809870631422,-0.03585880566388485,-0.04491892906318923,-0.01919026239926969,-0.03125570427114507,-0.042178853488262544,0.032180397502620625,-0.005331276820549635,0.002956195303404868,0.008286479835663137,0.01842420461564808,-0.045959493164828245,0.0025510638163706166,0.02722232687688752,-0.03988335230163024,0.037559325279194554,-0.008363817088333381,0.011937979213405638,0.012817983164986922,0.04850271222165386,-0.05011206899017708,0.0041566527188414935,0.00981990503411623,-0.035632743211977944,-0.0027016144696543716,0.011180806073691983,0.03563541583503813,0.026025934194813315,0.025390468879419644,0.052004608914374945,0.016813755514280052,0.0283326449551641,0.06666088813341428,-0.03220630015704586,0.044753571451834916,0.001976718042121456,0.016581443909124364,-0.0671605676571309,-0.03506990280120129,0.06836594840906485,0.006891922487424316,0.021260405892164855,0.047044226796930926,0.00900117432006041,-0.029089380808580756,-0.06821157989591407,-0.006914566169900947,-0.010627633838597716,-0.0987639063919128,0.009297558830472383,-0.09609860870041376,0.041707138136786545,0.08312835965254214,-0.029018247437472732,-0.02936720702934951,0.015730809680982224,-0.006685216598123652,0.008992042304207986,-0.051085260442505456,0.05565509432603343,-0.02817302579533668,0.02524261300341442,0.04154687598025311,-0.04087685581649658,0.09494027849525516
C-Peptide (ng/mL)_value (ng/mL),0.013259588446499777,0.06759724883681625,0.06367089954589175,0.016430074545525423,0.02429186471509428,0.05529940875827445,0.009688527386874035,0.004634172826976613,-0.005065274887094375,0.07334688393988997,-0.037050003808863134,-0.0036140759733391935,0.00015688904398021816,0.04866171911776577,0.021202999292875224,0.02171177676573079,-0.04892152563957534,0.05350920195865268,0.024234602827253624,-0.04905747503056268,0.0589310177260947,-0.013118687728169714,-0.06257157923237945,-0.017167864564629567,1.0,0.043253037917984516,0.006991480688724508,-0.04900375885460746,-0.055051031528421154,0.03888387094093316,0.027009077068623436,0.09586705938913696,-0.18033920980709353,-0.01167110075944513,-0.009343188879619409,0.04006439582227086,0.09657790491602739,0.018064263056661232,-0.0686904826406658,0.14061651488262705,0.028130429710556765,-0.027486044848689797,0.00667845304980733,0.009664797267953697,0.01409922255735011,0.028770284979479383,-0.017464266583497413,-0.003919010318802847,0.05626341865177412,-0.012486563314592039,0.0024213952616667853,0.04622296063633022,0.053653587603203025,0.04505506672662804,-0.0494705664601289,0.008556293003174217,0.005016738390927572,-0.013474031682195098,-0.015141777678179268,-0.041612811919955514,0.014849127336548768,-0.024684820998069946,-0.01039269429644026,-0.0229166648276967,0.038911535962222674,0.014950073990459603,-0.003627875818678639,-0.07619631141798133,0.021853506171936286,-0.030276281112408928,-0.005151971516594548,0.027361544609279954,0.04129231599260219,-0.008715193807291882,-0.00230495607114077,0.0029895538188055683,0.014961838409956327,0.018014822046533197,0.026243174419738315,0.07862642319186422,0.018010041409446464,0.055131494158396216,-0.026690838869165595,0.022132823496290636,0.04672871391437089,0.05241512978770024,0.08530136875505098,0.11458427618171581,0.0003535495978486213,0.01961608161718442,-0.0018948519987375943,0.008985870631874004,-0.02383579609228769,0.023203140656244157,-0.0440011168223926,-0.016360432810068125,0.027647310117859734,0.037495361175248515,0.06766536006755201,0.016287044704933838,0.09110457112469457,-0.05028064307180888,-0.03854179991640617,-0.026239755676632344,0.01826698528235975,0.02013554889108184,-0.01669729442026925,0.0021098455192183683
CRP - HS (mg/L)_value (mg/L),0.024768085058372826,0.005930081190431683,0.023027168267469835,0.02548181985794104,-0.02105121439787975,0.032448450423389896,0.03243550059739707,0.030441212441753737,0.021186091783923923,0.019472976373097757,0.06575239814354664,-0.010345286508578942,0.003465201963046448,0.016811495582932903,0.08181683195811146,-0.004149915193197327,-0.0009661514987247846,-0.01269219536607465,-0.05610643935479557,0.03449066140734367,0.014129334386143654,-0.08139649469444661,-0.027899378696902337,-0.018861761346421747,0.043253037917984516,1.0,-0.0059022240893536375,0.001797030547306224,-0.022623041301919673,0.03235337712128223,0.06879695655176075,0.020679931269946474,-0.04826510282909219,0.010550675341583013,-0.04444039783614259,0.008648722508371525,0.05808516646316549,-0.005142523090264141,0.03851251004687286,0.07417564205248982,0.07327372020046156,-0.013994556406800057,-0.008768874995832582,0.027074916265221502,-0.028269022289003482,0.047327545510252846,-0.03502881910387577,0.033897994352807034,0.052931801481313136,-0.08833520345332917,0.010789684140620445,0.010449862077674451,0.05114870363424105,0.032312188451596766,-0.05426689357154454,0.029429879471655773,-0.05851674454172522,-0.07852753264999908,-0.09370676116486416,-0.016958352944308818,0.005308524768436611,-0.04451439749140073,-0.06374172379469581,-0.0037688740722515513,0.026250245649988502,0.020740255967114065,0.04554467780454185,0.002515933441968453,0.0035572548805664368,-0.010924437798355197,0.020919936693816643,-0.005293723333816873,-0.021541958424851414,-0.005628196981033953,-0.011270360675866713,-0.05790876723822584,0.023178114330020476,-0.02051521696421056,0.001246759144886752,-0.029874682871585838,-0.0017497482253346758,0.013743102327936407,0.0462926240986259,0.03992931411638475,0.09193598499481792,-0.015147504507736546,0.05044130487381268,0.0537599630543282,-0.010417744443612823,-0.038033372753973935,0.024104012291813266,0.05163467265594565,-0.034783788027931306,-0.0037288468792023148,-0.04076847148278199,-0.05040548333980337,-0.0029266595130416516,-0.04319298433592586,0.01731405951934049,-0.019365090984760896,-0.06038929869905899,0.03623852170193831,-0.0449868821877867,0.09389946420810875,-0.02494094893843515,0.013271447212583153,0.009908424950679524,0.019013516411598784
Calcium (mg/dL)_value (mg/dL),-0.04458243303367384,-0.04200589420022841,-0.007379802619866626,-0.06810930654454747,-0.022457346990023785,0.002957666494341755,-0.04196596252243808,0.0313535444067562,0.003584390746187745,-0.04687069624289795,0.01138299766719223,0.028233294563153346,0.024133567766574587,0.005747572294644027,0.012844558418645454,-0.06476385712251805,0.10314568226829386,0.029081776995177156,0.02993053907953592,0.10074333900092466,-0.0537953852121712,0.015776992415618047,-0.05057023584782408,0.1235651186781009,0.006991480688724508,-0.0059022240893536375,1.0,-0.007694415938487229,-0.05236349350562192,0.08419272974946555,-0.056855615247504654,-0.015900493398563885,-0.024438770886176287,-0.045240449135106664,0.11742994281615482,-0.012137763034487376,0.013891526201726338,0.030524751785213754,-0.04935204107590076,-0.006061911359358171,0.04764418214672146,-0.0643007722478,0.01038694970227596,-0.01644587559006083,-0.033041621098692825,-0.020075779938759093,-0.031039869406610437,0.015539637167419629,0.01611567050085884,-0.000223558047795777,-0.01010603514396649,0.0009782568195295723,0.015398901381294086,-0.002857333928501004,-0.054511107271679425,0.004449946748626612,-0.0034974574477143815,-0.07035272007781646,0.0071621516794504,0.009045885868096935,-0.002622875575994949,0.006016743655962056,0.0059702032648001726,-0.08957028301985165,0.05117423255090049,0.020517293766851918,0.013003567480211814,0.031485052933415476,-0.07254124198196847,0.029841816168496318,0.03414933245487924,-0.008675973253431833,0.022064662580558263,-0.03815245672005863,-0.013164044263957985,-0.024122343158720853,-0.07924133851643186,-0.006665784662757706,-0.030496883961250654,-0.016439750390114683,-0.04157592731466929,-0.04883023852469175,-0.004307499428816681,-0.008968071213622069,-0.01868766581306575,-0.04921794874072032,-0.02580061836121364,-0.012521106706302259,-0.028738611040762935,0.021144047795457924,-0.042826357908015464,-0.09909573258643747,-0.040709273357004465,-0.09319634270446087,-0.02615894010658475,0.010819059612558257,-0.012065828377001332,0.005494845879000774,0.022460901575994754,0.02720274929081686,-0.01683182130748837,0.030070426555730518,-0.012406300276226629,0.010163037354819694,-0.0285173622032189,0.017357228228861158,-0.04815205712239693,0.04047680992189178
"Carbon Dioxide, Total (mEq/L)_value (mEq/L)",-0.05495063130204757,-0.019476196196073523,0.04487010251018277,0.0175928440062778,0.006227886194153206,-0.02513899080872561,0.0007481260917579439,-0.007818654789664408,0.04024207031079191,-0.009466198260561077,-0.03462282724737576,-0.05465795637354032,-0.052638217427844934,-0.02632628398422111,0.10304321126147165,-0.0030258581469948804,0.02812202964585363,-0.006037873970818919,0.008437474573804584,-0.013591877648605555,-0.014789961963894836,0.0635044561687255,-0.03377195388245654,-0.00950239300505352,-0.04900375885460746,0.001797030547306224,-0.007694415938487229,1.0,0.026658135682479153,0.0059597060786100485,-0.04531330603145373,-0.11850587645698199,0.005303633500413096,-0.06102865748593183,0.032119115417115936,0.029237388660539144,-0.0931683512546637,0.06462544461098375,0.022200133561963556,-0.08580102091952295,-0.01291862136140859,0.004099704759065655,-0.004454088491787874,-0.00761217547937267,-0.015977966336905323,-0.030625236855279077,-0.023958827708563255,0.0015135120710537248,-0.0905610432766619,0.03507328492189629,0.015900650263224594,-0.05892592800472304,-0.08827112617420389,-0.039931494992029255,0.0255440605264293,-0.022828209401791758,0.031791673433003535,0.025101422174825555,-0.00040628833060550476,0.038363957582287486,0.022558868863716573,0.07772750723056135,-0.017134597980157505,0.0455508205494427,-0.03165069519657276,-0.03776446948394647,0.009437011776977474,0.02199399837920322,-0.03238852279791119,-0.010965759280625348,0.020436415514185614,-0.02615783863666307,-0.029748739490193844,-0.03528653000038304,-0.025143071150931538,-0.04343242700093572,-0.008164326679602275,-0.050839556934634995,-0.008203864594280073,-0.03517456959591901,0.006552346525982559,0.017127979180187703,-0.03113157270140627,-0.058398532144957174,0.01335769146092946,-0.0531587034146341,-0.009883430427726882,0.005658194004008993,0.014489257465575861,-0.0026290381514901024,0.013946496028468354,0.006728287440432966,-0.029144116985781402,-0.01221401466422071,-0.0233840543156662,-0.060381216961283964,0.021991969325566657,0.019730718823210886,-0.03130634352602089,0.02880637013855427,0.008940224685480164,0.05606264413333322,-0.05469276638162447,-0.0020556149957472176,-0.058709546925194415,0.02072929324534647,0.031755248940231594,0.056906388312297884
Chloride (mEq/L)_value (mEq/L),0.03420745373843613,-0.007915343660686684,-0.012736562631415753,-0.015516633122187217,-0.015081140781644412,-0.044195196361272594,-0.020192794179765963,0.021625642509189465,-0.019323667627578565,-0.022427184793270716,-0.019817823551784207,-0.010760623005768626,0.019133280084141665,-0.03368599199104616,-0.022142710624881476,-0.007605612622522754,-0.003863440349309326,-0.015347347805535892,-0.03136293916432725,-0.016219892812983173,-0.05211443773438897,0.06519598141327715,0.08109106108889699,-0.01945156409855901,-0.055051031528421154,-0.022623041301919673,-0.05236349350562192,0.026658135682479153,1.0,-0.02561485392805952,0.01990026785257016,-0.0434907892330884,0.16624501358774227,-0.015413174449778357,-0.0012751258108399913,-0.0029725483212521475,0.018415246365068732,0.004534661065773394,0.023458402997271924,-0.08707949145904105,0.006919474275680022,0.005530745396766744,0.011283085648921335,0.06458566122745135,-0.02612890569897889,-0.002350476848419356,-0.015074131597898183,0.010946480852481944,-0.005932540692265165,0.01648552192943304,-0.023490518468086797,0.0018703652209116775,0.008657922450022056,-0.031457115914379,0.032673625186892964,0.03432549858380509,-0.01454619247189493,-0.015531445870740372,-0.019882338509265383,0.05280866183539349,-0.018024163183612437,-0.0516245584951111,-0.005047788967512584,0.01082655259047169,-0.016975492496342948,0.008312334042540335,-0.013497442508367222,-0.009945497476664202,0.005836435749124402,-0.022517721787944117,-0.028536162154068723,-0.0029547599095017824,-0.011038126525032927,0.009115952556623676,0.010751501710567902,-0.04446880389617374,0.014863941895009504,-0.002306860206481457,0.013978941865613555,-0.0012066285581909296,0.025405099364560806,0.018688123613185757,0.0041229811693003545,-0.048108690612480576,-0.05133532029941674,-0.06145534201345851,-0.07919124737528842,-0.0132978907721679,0.011695244022704408,-0.015374469165826962,-0.004898636838075308,0.03251203675798867,0.024582397119444085,-0.029711113697858185,0.020929044874567666,-0.007378222121327003,0.014232017728234443,-0.030100025545841163,-0.006943251398864334,0.039660311633062315,-0.01761893951076393,0.05382193031051616,-0.0338171334741342,-0.021659349892322495,-0.011085696704312262,-0.023979799362367382,0.029365272474949675,-0.020162149061020897
Creatinine (mg/dL)_value (md/dL),-0.031222911282544584,0.02376853231392459,0.02029015616366514,-0.02401867004900219,0.05808246221665164,-0.01197395619533056,-0.013271224373353825,-0.04131810272143818,0.04664439245162863,0.005925291690135402,-0.03597479179485083,0.018104529637978557,-0.02795223340872013,-0.0004735421530217605,-0.04543699846673954,0.1313462976829611,-0.03387655875932267,-0.04220094161460497,0.022441672934689523,-0.01921199237495842,0.028980652627842888,0.0024671026019262472,-0.16108034209244135,0.0054635398631144964,0.03888387094093316,0.03235337712128223,0.08419272974946555,0.0059597060786100485,-0.02561485392805952,1.0,-0.008695921893168444,0.03585269919500059,-0.01795496479086128,-0.03188036371710337,0.002403907437901128,0.04293626111970825,0.03058242498147584,0.040595786694980755,-0.0716502980781917,-0.030284152893066362,0.10216873011297906,0.04661119362899769,0.02633851289584867,0.06019555973030699,0.046386691610453015,0.03689918986204689,0.018547900427249048,0.02595885164792632,-0.0006513307504665874,-0.030360247472993145,-0.002863742897036443,0.03670220411793883,0.01714052730443186,0.0445026784133227,-0.01205811053255602,0.041545385176431256,-0.018309512267521477,-0.05746250890431768,-0.0528228576017454,-0.0008313681099619874,-0.050878858809406735,-0.002313344484308925,-0.05710450036292909,0.017877427580285616,0.12479299421976864,-0.012324851323126756,0.02884996901081844,0.05060630791572773,-0.00590246785296039,0.03231849267723922,0.010346689006053086,0.008457899458861303,0.0561340926657719,-0.015731121612120775,0.07359693613727164,0.08814422201122095,-0.032480703117837045,0.040934729563037765,0.0064876480693159865,0.006917751646615114,0.012313564996179055,0.06118493269764901,-0.005154468557950664,-0.02485850694952637,0.00438536514307419,-0.05840976984771717,-0.0018100118844515158,0.015554594631336105,0.022224759703443855,0.045622291279650444,0.03418951739688315,-0.11446545115954945,0.03967280326778517,0.0007532544779756137,-0.008017898071556005,-0.013150214927208635,-0.010420669685673298,0.004540906291962529,0.035093696992371116,0.04563366706719865,0.011546335449483027,0.022231675257979193,-0.051483990958893604,0.036825934207375906,-0.051216170529475184,-0.03574357830259415,-0.06228565968751228,-0.07212216253352433
"Globulin, Total (g/dL)_value (g/dL)",0.23750942222555724,0.1468359719194489,-0.045445511768854994,0.043476512578217864,0.061647637521649215,0.014284705637016224,-0.04053332896223103,0.05726867323011676,-0.062088259353823096,-0.0028582338676139004,0.04543742211852059,0.03087484717604472,0.050027034465960345,0.015030670629017131,0.04364463391464808,-0.03343725553763575,-0.2609524088322499,-0.024395339424245852,0.0069519249778526365,0.013316174082957261,0.07112287457198709,-0.007912242064167732,0.03536562883708894,-0.06302896792946816,0.027009077068623436,0.06879695655176075,-0.056855615247504654,-0.04531330603145373,0.01990026785257016,-0.008695921893168444,1.0,0.1288454438985521,-0.06982780107726524,0.08118356186949022,-0.18548713962935148,-0.061644731098707044,0.14209972819842143,-0.14609995258320485,-0.09555288172904852,0.08187141197752822,0.1126322415712096,0.08668304450473956,0.0979096720188387,0.11034622444963528,0.047978157589751665,-0.039204746622078,-0.04883641101770521,0.07494052387234708,0.1618033020948695,-0.20826812721468266,0.09835285639535812,0.1321842266008942,0.09183828111074199,0.09669189524720538,-0.03791177930532045,0.05960627225595437,-0.11869618917302635,-0.11891595598094981,-0.1802448733048742,-0.11230406199850825,-0.093064299333936,-0.1269362031767419,-0.10849233822296106,-0.06613053709659139,0.17468262232288892,0.08701395006853278,0.05104449855655942,-0.018278625326243424,0.05120179771045967,0.037990500133921815,0.02479014164457898,-0.040781037440690206,0.03434290802097798,0.0400396135125644,0.031234871980234332,-0.0027184069624474456,0.0954479881028064,0.04805941501022641,0.046994632048991944,-0.038683516402231964,0.025405245144229673,0.02643135734279427,0.09671823902968736,0.028096376890990468,0.06295070200641903,0.06584551507226012,0.035439083387961715,-0.046694236044289995,0.01489647679869655,0.009128327766300194,0.027976509395061865,0.09269345600461748,0.0496482278511895,0.05705735329599065,0.013286539304928572,0.0803359666019209,0.04758540780983868,0.044629458067572805,0.15000066077174254,-0.028312353533512614,-0.07069649748448688,-0.03836594514988913,0.12042553090301866,0.008247651039246453,0.04731804661215103,-0.013864656905451194,-0.008456020819916022,-0.0621820509460401
Glucose (mg/dL)_value (mg/dL),0.20430993588730623,0.18065648285926064,-0.0016720653751941816,0.008501503130223343,0.030769238380537075,0.08905961003046974,-0.06534822272467622,0.03902306526474962,-0.13840777697414758,0.05773160945364368,-0.0010328233117358723,0.07989593928591468,0.0464421891926472,-0.03927385629795713,-0.010516604462971054,0.009305834413449692,-0.11883375374782217,0.023024212445677702,-0.001391366791619124,-0.01794484231867746,0.06268890392763213,0.017237803032342985,0.014415651148100601,0.01132693681242613,0.09586705938913696,0.020679931269946474,-0.015900493398563885,-0.11850587645698199,-0.0434907892330884,0.03585269919500059,0.1288454438985521,1.0,-0.09996151747305684,0.010962361880254722,-0.13811555723187868,-0.007857887713526303,0.11067326039026536,-0.06028267490461601,-0.1577226406164473,0.14405616606437593,0.09586251246945789,0.026237335989371825,0.04935966921884143,0.12032729463743483,0.08052441387209777,0.020479563924646723,-0.031134979538380767,0.08575981834040262,0.12580790319501436,-0.12429024692675648,0.014298369197175156,0.13157340257423095,0.15842342977337326,0.10604058845747669,-0.0664906282929465,0.0599888176807667,-0.11221952146914982,-0.047355967321254085,-0.0988107885822836,-0.09909101550413957,-0.08640905728933343,-0.09312960497663314,-0.07560599600276949,-0.10292649209805962,0.1507365583457352,0.16162887183006924,0.07827376402660258,-0.08039429331080222,-0.006327186307840256,0.048287214055395815,0.025695453483756403,0.00041310693685890615,0.06698033082610186,-0.0033663618409519136,0.04088356688676797,0.030000064220855608,0.051873208975307915,0.10413229749734469,0.03626683900535575,-0.011307065630379092,-0.0044873839027949735,0.048201396637461966,0.06417880317176415,0.02666442832618721,0.060903052796588204,0.06856847462456993,0.07400334089784211,-0.019629841753904944,0.008447285242117925,-0.02833597818002591,0.04587757872616876,0.008487845002418025,0.04664521184220814,0.05451538688283882,0.04185457723383181,0.039832117772614035,0.008541849823987244,0.05663106637205182,0.2781322235839071,0.03570611962417553,0.00519116513075685,-0.05902641365950635,0.044153493024445586,0.01701356978466693,0.05893428684409532,-0.03675746247274317,-0.03222123677802965,-0.06964827082275837
HDL Cholesterol (mg/dL)_value (mg/dL),0.01753492550615848,-0.12014708849598882,-0.061062615430990654,-0.08977153768455148,-0.05316028940929475,-0.05954335084466203,0.037680169332286115,0.04934418322037365,-0.006967815709223394,-0.0391961098735056,-0.018283675664362026,-0.03501159782944861,0.05511759927233223,-0.0022724660672967223,-0.002405129564420489,-0.0646569216370023,0.017079260129726298,-0.06524734266617364,-0.08171223544160221,0.07900451742000787,-0.08249006594788164,0.0779147162610816,0.12146722861976578,-0.03536467257744519,-0.18033920980709353,-0.04826510282909219,-0.024438770886176287,0.005303633500413096,0.16624501358774227,-0.01795496479086128,-0.06982780107726524,-0.09996151747305684,1.0,-0.06951821248671072,0.080373911646999,-0.04556552797939174,-0.12896539465370446,-0.019732981675323294,0.09310868976148579,-0.2425810274180156,-0.00021640332267028073,-0.004852929260378805,0.006666446137661908,0.07920076067674109,-0.051906771751610375,-0.06688858016461637,0.0959453510334034,0.07022792993987653,-0.0026148980390833035,0.04617471971044115,0.018861274411101556,-0.042257861239174875,-0.04137693490345235,-0.03515767893923401,0.07660599537234838,0.04465943419112973,0.028777208447405892,-0.00762815849441465,0.026377627544126463,0.007415162073398386,-0.02310834376619646,-0.042396837696479756,0.08663849049819412,-0.010028191669121844,-0.009107976748542168,0.023573661291002034,-0.0018659277364235394,0.11098792929165957,-0.03228739342953331,0.07336627569019562,-0.05017085430458587,-0.011210386223091113,0.013819877860859931,-0.0047253214590626215,-0.016719515878401224,-0.08222582856665586,-0.04074371741182765,0.020284137864230757,0.065121628129537,-0.035051471802836735,0.02072635482201023,0.025160534892927643,-0.058791375320298794,-0.04332070337139599,-0.1503950018955185,-0.25406477263281135,-0.3133434620695304,-0.15141372873828718,0.005367197751511375,0.010086222347852919,0.01648484251629147,-0.02400925637003498,-0.010943719019487147,-0.11229114238968306,0.020167271637631566,-0.04568371533496432,-0.015786457665637642,-0.0282490819435942,-0.09907077717789281,0.08265160486834106,-0.11516988929242906,0.16179303112609064,-0.024973129651302762,-0.04185594339128491,-0.112676907999912,-0.028701969479427537,-0.034042523879883074,-0.02671992288461042
INSULIN (ng/mL)_value (ng/mL),0.06760168008396775,0.05860773937891024,-0.010619474266384708,0.09113276754205497,0.04559067888161603,0.05722732176640554,-0.003312917621195929,-0.0353815564523214,-0.022288317764394248,0.007129674834541203,-0.015043031887229824,0.09264251938651746,0.02009626730723976,-0.006947887627372198,-0.06173313660532368,0.00998081851895588,-0.07972499726257118,0.007993172309578054,-0.004455863702267568,-0.1088362150746234,-0.0021231107510123392,-0.01104369564843371,0.07818506976858902,0.035147345156392264,-0.01167110075944513,0.010550675341583013,-0.045240449135106664,-0.06102865748593183,-0.015413174449778357,-0.03188036371710337,0.08118356186949022,0.010962361880254722,-0.06951821248671072,1.0,-0.04846298159065902,0.003960346907256131,0.06775165799695125,-0.009213090791582657,0.058114599503823965,0.05213459056310322,0.03346037000991756,0.1109510507588607,0.06288028900793312,0.011487070703497472,0.02283737837584435,0.01540007282183908,-0.0018467375349020608,-0.02913805706990125,0.07397050992718093,-0.06823049140922671,0.0526858839143335,0.06110915708176039,-0.00042892121027252446,0.07912065020246396,-0.032828386434971636,0.0018152174678095956,-0.03803078789096901,-0.02036395680152565,-0.046853212458890466,-0.011520288801014637,-0.0058225164578851775,-0.016271015523166364,-0.02838345703420771,0.032399711853852084,0.006455674247325459,-0.00813875181096244,-0.03861493827251453,-0.03462824779489026,0.01805613586085926,-0.010699445266708092,-0.033332033043815046,-0.0019904936289753825,0.022452849818817996,0.11649117538557562,0.004489183352166993,0.04859202763999367,0.06981732045635937,0.03662352656136549,-0.01771316862381426,0.004087770460488954,0.0002695488893027336,-0.0008190969533511549,0.06267347202367016,-0.015629186318944235,-0.008480622978305593,0.08063804234623871,0.047608245242639444,0.020379637183839533,0.06513602895276711,0.08462721328796732,0.04136153799318789,0.10754839187535853,0.035102816725566165,0.10361794507160818,0.040514529995320354,0.06526941490087643,0.011972005435597136,0.009693445146798365,0.010400834433620085,-0.04521267262261643,0.024222448268423867,-0.04419362514497003,0.033103314494662,-0.03272711953595883,0.055511246244064325,-0.05573802370450875,0.0006803434126138818,-0.05803327430362421
LDL Cholesterol Calculation (mg/dL)_value (mg/dL),-0.1732054687584795,-0.21047188044696466,0.025160097027049994,-0.03379786581023297,-0.08629506855640111,0.0009111395148274519,-0.027717819857468885,-0.06553169815571024,0.08116800341961221,-0.023590795472632438,-0.0062268604541158516,-0.06246466636559112,-0.036331542758196306,0.06272346739194955,-0.04652036138396715,-0.03783655153590179,0.1814843512114006,-0.03154339537994819,-0.044736681166626005,0.11108052860324427,-0.02020264670985469,-0.004588867374323936,0.015551787731729268,0.1383285677001233,-0.009343188879619409,-0.04444039783614259,0.11742994281615482,0.032119115417115936,-0.0012751258108399913,0.002403907437901128,-0.18548713962935148,-0.13811555723187868,0.080373911646999,-0.04846298159065902,1.0,-0.010953701581575041,-0.05946623402583164,0.09634420560866597,0.14669476920191923,-0.03914880068689649,-0.0919567462494513,-0.014810146778716733,0.01684715965720368,-0.04823264459093139,-0.08235267345847393,-0.0732916549725201,0.027331954055036523,-0.054047984921096574,-0.0754278601913117,0.14338916706837937,-0.06203033923357201,-0.06628540478332391,-0.10291077749458882,-0.116354952669351,-0.002566041911517494,-0.047832715756878204,0.14067845898642628,0.0345026249067385,0.1614591986474967,0.07805561153494302,0.14012017988644135,0.057793737260946075,0.11391173082414643,0.09770347408963179,-0.11394648648176603,-0.08857150335049291,-0.11860425932615713,0.07853081472738102,-0.040622067880724616,-0.06251193564539698,-0.01498774096315193,0.030383758587341703,0.012890005719444169,-0.011588960318502246,0.035070712669099065,0.03848804641984753,-0.07090765270025189,0.0014655382031998274,-0.00012141067626615911,0.08938488945185262,-0.014856461464203113,0.040997226448174065,-0.06293687234177654,0.04801416400731927,-0.0715666356945413,-0.06644638879238852,-0.0720194505974831,-0.028134139245057786,-0.04877804685309667,0.004129766313192696,-0.07680404360314347,-0.11827851975868756,-0.002204687403907115,-0.1252123804782985,0.03207335129346791,-0.0033255083337739937,0.023511801968407315,-0.05351659616788157,-0.2173107361091746,0.05532926968296728,-0.005285508445542428,0.0288362398650754,0.015626462875740238,-0.046804098924875075,-0.0017177878158072364,0.05024915009330849,-0.017979743454214308,0.13103671374444162
Potassium (mEq/L)_value (mEq/L),-0.011894947075830527,-0.013187185819758331,0.04971396948481123,0.016916213144999716,0.01609194107916038,-0.002539511982445189,-0.0013574103155000528,0.017587778746954854,-0.023020109711356068,0.03744103035308542,-0.0026711382106401308,0.013617170959484117,-0.015831256035974916,-0.006761941092704442,0.03242553176809495,0.003786529246698385,0.005111534368840981,0.05597555701888871,-0.0014638353822338571,-0.06792409813881242,0.020307562925940402,0.047775709688091014,-0.01941281858134244,-0.013619608839248098,0.04006439582227086,0.008648722508371525,-0.012137763034487376,0.029237388660539144,-0.0029725483212521475,0.04293626111970825,-0.061644731098707044,-0.007857887713526303,-0.04556552797939174,0.003960346907256131,-0.010953701581575041,1.0,-0.01906403782998266,0.03791169518890302,0.0717760892756638,-0.022374481210364675,0.006500720508336101,0.019343377900891946,0.012227306827693189,-0.006128818456309246,0.0019701100789787426,0.04900043183463283,0.02937096859631384,0.028125979991290448,-0.006627986966935688,-0.001560877900544755,0.029921736333811247,-0.02195511785343339,0.019761485305997712,-0.008108558209855012,0.07270826608480452,0.017636049816945408,-0.018921409118331744,0.00932361501819143,-0.0314453842624474,-0.003909108211920661,0.0016793082862072246,0.01459798722024888,-0.034925391380010974,0.002810507616042162,-0.03207118668924897,-0.022551316141167843,0.021920524987117652,0.01625636869152398,0.03127337868896965,-0.0299599628225619,-0.014378994100833944,0.009974423130259326,0.008078146524387727,-0.02006939288606844,-0.01619311656660334,-0.03967154075548369,-0.005288080421455895,-0.039809269409088244,-0.01869218070645739,-0.012346128734531073,-0.01041286880358358,0.02475286753616039,0.0009690627227595239,-0.018588999036288148,-0.013167067632628414,0.00521006608490294,0.022946417834623166,0.07508544752604775,0.03481865068494365,0.024961355665106287,0.018584961556031405,0.034575065019958835,-0.036521379702014224,0.007071987824203209,-0.044205296113700346,-0.005693240480828131,0.0002644721496766292,0.029067512535190285,-0.04907181144862599,-0.009307504031546388,0.07979067704065888,0.015670803622223662,-0.05429764134087802,-0.04756543448447586,-0.037408234237046596,0.011904419343625352,-0.026818698106166317,-0.022521375653688076
"Protein, Total (g/dL)_value (g/dL)",0.09816180218416914,0.05029932318422824,-0.01588220910105792,0.017022561771233496,0.017257919950437278,0.056138100660738946,-0.004392550622498792,0.0549453292090427,-0.013166526507618919,0.06907598555788282,-0.01161360591999206,0.03356747554684528,0.06935913008589258,0.05061213700124366,0.005741574352986833,-0.047939640190412566,-0.0784667049109915,0.013194772502686747,-0.04888536334747512,-0.01667585763781937,0.044778856369915764,-0.11315888810574784,-0.009887077152221929,-0.029151645294989623,0.09657790491602739,0.05808516646316549,0.013891526201726338,-0.0931683512546637,0.018415246365068732,0.03058242498147584,0.14209972819842143,0.11067326039026536,-0.12896539465370446,0.06775165799695125,-0.05946623402583164,-0.01906403782998266,1.0,-0.03272991066931727,0.029275643705752936,0.1876955738440384,0.08340760152856372,0.07451154272308712,0.15369413661447215,0.12083512260902157,0.044436820330134415,0.015733595094553285,-0.03243421897621735,0.10735414931297556,0.2136557216093804,-0.17530899583005577,0.08986904701785825,0.16614607422405325,0.13691903945986572,0.07773528840613611,-0.05974616914084013,0.1421384299353196,-0.07316184059925,-0.1599245712232626,-0.18050305794555485,-0.14724326388534378,-0.024365907070571034,-0.130881296040383,-0.07293078110638507,-0.033680859175124464,0.07197832650535846,0.015522409808797849,0.050246200908589014,0.025909246954413667,0.1026826715888874,-0.041625763366605055,-0.0962256737890799,-0.057999105296549995,0.058681144435427476,-0.015616075950743808,0.010181748709728995,-0.043022610796990074,0.06266067907769779,0.01584976025633055,0.04761342668886396,0.004184256327299851,0.07625678440713654,0.02844540601299072,0.012077843644076335,0.07795927359324921,0.0144564567782771,0.057876744703622834,0.05779822323315967,0.013250164048937023,0.03490610850409702,0.01755026663932488,0.06444249735791215,0.06819692224976591,-0.003954602304101559,0.0034446854714195656,-0.0018832318691264015,0.050273046765712835,0.035224461758644965,0.016330956296613644,0.009714877316446017,0.02879518796283244,-0.05086913980645412,-0.012437501283660578,0.07648445941988331,-0.03582858592417825,0.047927479556306406,-0.009832604770974104,-0.02210242679532005,-0.03475666098290261
Sodium (mEq/L)_value (mEq/L),-0.11762853436844946,-0.06130109736650727,0.04524054109479841,0.0272510925599537,0.02857623612709457,-0.014159139013090136,-0.017595019607904376,-0.039551785092332925,0.05627851776002728,-0.0027337508026671654,-0.05611139263912141,-0.00607200448033104,-0.07226407515856834,0.003118237016338654,-0.032071967500258675,0.05107812889915965,0.05070868618720596,-0.008116810812878905,0.04896060625874875,-0.055394323963160366,0.007040737707402148,0.0223314504543044,-0.06441141421348127,-0.013970168209147113,0.018064263056661232,-0.005142523090264141,0.030524751785213754,0.06462544461098375,0.004534661065773394,0.040595786694980755,-0.14609995258320485,-0.06028267490461601,-0.019732981675323294,-0.009213090791582657,0.09634420560866597,0.03791169518890302,-0.03272991066931727,1.0,0.03552656544622005,0.03178997902481108,-0.056486014716347524,-0.045604894248860786,-0.038633444577761224,-0.06964582923298157,-0.05159981405514926,0.009557637175171716,0.0119880903708231,-0.06050100866023941,-0.0771387208191584,0.1104685312906019,-0.03767966819120906,-0.02578756914791546,-0.08282046295302578,-0.06839610464011411,-0.01304470484183875,-0.03375640129892577,0.07242545062266956,0.03073615602353661,0.07842713507928246,0.07916985151699527,0.05304237407173597,0.05185385307937655,0.04910883117112335,0.06844294707561265,-0.07447231153397886,-0.11105069488284947,-0.03929304434060988,-0.02185054610904198,-0.004707641529153779,-0.0059513617074946155,-0.006136019632062382,0.05348268174691243,-0.015069322796631477,-0.003196133969981708,0.00528720423265085,0.03582135658473748,0.0007622724185157472,-0.025438352757866066,-0.045734913736378606,0.06334907502414165,-0.027151596757704642,0.038695768290866836,-0.010351230674942579,-0.041761741996802895,-0.016806320845993126,-0.027162843768395315,-0.009039399440343453,0.05392590473116916,0.029193025977762715,0.028838629866318355,-0.03341364480403264,0.003045990337073816,-0.00645989373202182,0.047407632257218696,0.007521234159562407,-0.061540834624285244,-0.015678550738621892,0.004788276664113968,-0.0888817354568212,-0.02286731800418556,0.06765607323395864,0.015512063764614451,-0.07088606816387938,-0.013243714197242636,-0.024118974947051574,0.005321438067505935,0.009957875659677323,-0.009779298931597962
Total Cholesterol (mg/dL)_value (mg/dL),-0.016824845053097254,-0.17016383766403054,0.02005819137376347,0.07178729998311004,-0.046176157889088756,0.04783622126137827,0.034354223726072386,-0.007987343988112188,0.06796210058167673,0.006444113936281746,0.03077128850667053,-0.05230890004456052,0.0018121490014185479,0.0654101069702954,-0.00950890086756183,-0.07531836446301671,0.08295321072328574,-0.013034611780065921,-0.04609804732827414,0.04803594838599276,0.0309791829924991,-0.013061792466379726,0.1281564514987211,0.026206885024602146,-0.0686904826406658,0.03851251004687286,-0.04935204107590076,0.022200133561963556,0.023458402997271924,-0.0716502980781917,-0.09555288172904852,-0.1577226406164473,0.09310868976148579,0.058114599503823965,0.14669476920191923,0.0717760892756638,0.029275643705752936,0.03552656544622005,1.0,0.029854815807910502,-0.05546913384475637,0.000316468268838537,-0.0408721682924327,-0.06474089863667179,-0.056438179147746674,0.03286697127434678,0.0870942799411378,0.004234920682756528,0.010215889077114558,0.10757120145604107,0.052308947394546286,-0.05387432262162572,-0.08693612266758255,0.019217795304173287,0.10268890653836082,0.006000334717817315,0.11908886717628549,0.0009468638952555603,0.12146906971401014,0.04774039485896126,0.10342088609127764,0.0037358735038015346,0.0748966992355417,0.11899503304549916,-0.18255754935200455,-0.1856461793063388,-0.09006076630742162,0.08756071758099543,0.06873726449218998,-0.035589278513153084,-0.09144000214398727,0.010501196181272952,0.027120804004592176,0.11375703147403103,-0.031285951812804635,-0.06327019450005017,0.05474693935819244,-0.0019784783041587733,-0.0142863494056729,0.037132516296610296,-0.0019976037284471326,-0.00022887839949887695,-0.0028241950831223122,0.07066459062638861,-0.03878330203801825,-0.022322826497881892,-0.037873863367647025,-0.0029135152888930555,0.025915340068506713,0.09537840921973073,0.0228568542345367,0.09854850329871814,0.015287149575773228,0.04010485567922201,-0.024041079352600865,-0.02926594905736614,-0.002797370976825793,-0.04026182353251952,-0.39107200142172827,-0.007039675408926595,-0.03953673777516919,0.07677025915129905,0.01137440526113279,-0.07440619047714972,-0.046213605940460034,-0.017038724857673767,-0.0010316931961858566,-0.006696977775492348
Triglycerides (mg/dL)_value (mg/dL),0.07256177274836739,0.08229999683368479,0.06129014551010444,0.008206707861022348,0.007645222359629697,0.09289206539195867,0.009949121390163691,0.034908232823978445,-0.013311023251081789,0.030810872341267212,0.011186401771697104,0.030332911574523662,-0.0070480387627414815,0.023591865109991374,0.031170315585922884,-0.03779623491327041,-0.051922177385620924,0.013976065915388884,0.048938860820544924,-0.017442518090936186,0.04752294301742655,-0.053970957567267365,-0.04498695795156616,0.025334637884039612,0.14061651488262705,0.07417564205248982,-0.006061911359358171,-0.08580102091952295,-0.08707949145904105,-0.030284152893066362,0.08187141197752822,0.14405616606437593,-0.2425810274180156,0.05213459056310322,-0.03914880068689649,-0.022374481210364675,0.1876955738440384,0.03178997902481108,0.029854815807910502,1.0,0.004357517579825585,0.010517171287577416,0.054555306791707885,-0.014242924567236711,0.03159314279408313,0.02120413564428483,-0.0541271486684579,0.02626551014321568,0.10640639153542661,-0.017698568282823884,0.05508583440297536,0.05207292450636713,0.09160623641296187,0.02719372462177889,-0.04930137429510772,0.03650906929887254,0.012209345660076565,-0.014081382845033921,-0.06272002683880305,-0.10082358407171778,-0.025276995718147108,-0.08293011070668431,-0.02408226321075544,0.0048151614022837325,0.01695238996815102,0.02264201356890196,0.00012667023557112942,-0.08080918342365294,0.03535296918185491,-0.012040373512605522,-0.06660252830514807,0.004831255993545403,0.020035984342300566,0.016774777869715228,0.004066960580601551,-0.005929246989023735,0.047159202488752515,0.007790579709090402,-0.00491047054067189,0.008579617119061321,-0.008931232371547897,0.05919611675661407,0.09275368788372162,0.0059905161490182365,0.10995429057524797,0.08915669989927794,0.1364563351619491,0.11999580546346883,0.035616210640856155,0.04039417796246792,0.014020681884929694,0.04890169904872097,0.028567879511431693,0.041764673785626226,-0.01456470655959035,0.0062861656275626804,0.04511533487730987,-0.010793114983612045,0.03974736322344312,-0.03635016874685572,0.08461963025719645,-0.06499217811437047,-0.0245487864231147,0.007909438957560883,0.057976338059042856,-0.008309062547879331,0.011212467478605279,-0.026821733708080237
Urine Albumin (mg/dL)_value (mg/DL),0.11772749907642936,0.10196564903019611,0.038595430755102265,0.02209984557645983,-0.012918574545598093,0.029317548204701657,-0.04249933844043982,0.04254639310421693,-0.028284115401043856,0.04422593721600481,0.03613277156902661,0.06346131807027901,0.08181031614042036,-0.004065386202412599,0.03230027297364144,0.004703950537986297,-0.11459352691438102,-0.00020620061537561285,-0.010295689196946166,-0.05351807455797343,0.07500987464473427,0.01801438358192801,-0.03901294756070226,0.011024014517458297,0.028130429710556765,0.07327372020046156,0.04764418214672146,-0.01291862136140859,0.006919474275680022,0.10216873011297906,0.1126322415712096,0.09586251246945789,-0.00021640332267028073,0.03346037000991756,-0.0919567462494513,0.006500720508336101,0.08340760152856372,-0.056486014716347524,-0.05546913384475637,0.004357517579825585,1.0,0.10528763479803371,0.10589862863222946,0.16647885157574893,0.062203648722985734,0.03518577370092671,-0.029449315695050732,0.12976954721417183,0.10385921223954347,-0.19650725807411137,0.09546829663115755,0.10126798688984476,0.10991905920762254,0.07193487693630078,0.004294734032542374,0.11093491485421417,-0.12055580045748891,-0.17744725484650495,-0.18979047247772665,-0.09705366325588241,-0.08567814442088445,-0.1267204029618841,-0.10780222008782134,-0.08658425308415896,0.19532503781573637,0.11848951756474133,0.08314579667233664,0.0894316992087213,-0.009792218914403574,0.04636521031090335,-0.005181872368492818,-0.011229410097841943,0.08914688201176163,-0.020859439571215138,0.03214600566132407,-0.0033852836098445895,0.0321794989814413,0.03771605426316049,0.016588753804126895,-0.03512701827218084,0.035332164163637374,0.07261340059277689,0.025012940399353777,0.009206809492840775,0.03868125634816078,-0.01743044228282055,0.012849813761359486,-0.01161191536722816,0.016580497969122455,0.04384100321842836,0.07159766561250942,-0.007595865165033954,-0.00721948700250142,-0.004641231200856094,-0.011398129508716917,0.030516023028135365,0.02985110473104661,0.05811331573563984,0.11029171729465177,0.03610074218975027,-0.040941011949661286,0.0034567887214679125,0.03670126391985214,0.011947196112699262,-0.0028699164247211572,-0.015909100871480845,-0.06532665226561907,-0.06011072448043027
Urine Creatinine (mg/dL)_value (mg/DL),0.08805010180725026,-0.004586475503526173,-0.021468835252392324,0.1187387462011615,0.04486452707624158,-0.013067030219602364,-0.00844415737463842,-0.01772976962196646,-0.03861357398498169,0.04881222378417734,9.79621838436243e-05,0.037247447740521425,0.016634099779062567,-0.008906345700583653,-0.014947237144044981,-0.03475979638411046,-0.10427096769736727,-0.02173654901626007,-0.004597158558553113,-0.12324242739631784,0.05535531876176475,-0.019240711805729446,0.016639096962594323,-0.05490784668728814,-0.027486044848689797,-0.013994556406800057,-0.0643007722478,0.004099704759065655,0.005530745396766744,0.04661119362899769,0.08668304450473956,0.026237335989371825,-0.004852929260378805,0.1109510507588607,-0.014810146778716733,0.019343377900891946,0.07451154272308712,-0.045604894248860786,0.000316468268838537,0.010517171287577416,0.10528763479803371,1.0,0.19867863747910183,0.02888668979973593,0.01772710157217422,-0.0687141979819777,-0.027077338735535774,0.03757247980485259,0.10615333245170369,-0.08358939050172655,0.09200221559885412,0.06450424533060248,-0.044810728023817824,0.039706534696191315,0.06004664921860083,0.007922493081722874,-0.03181567015076754,-0.038730235112605635,-0.06471487266968212,-0.014151716812946562,0.027275547011518932,-0.025034024503471287,-0.03566379186098667,0.05515564259544629,-0.0038185868269405123,-0.041071954740040516,-0.04615407474383814,0.043506588875963696,0.07116926697439664,-0.05798007698080489,-0.009238947383017518,-0.06302486232519086,0.07551959973851659,0.08163686192870226,0.009149153576677387,-0.012864409260964159,0.13086556388766113,0.008575938386202037,0.005455719869589513,-0.022217506369274546,0.014135637386252717,-0.015728614587540674,0.0190646557327095,0.058439791430125565,0.009189080655953922,0.0561452520503933,0.018673534681565147,-0.014645000321751495,0.051051376402557004,0.12522645507969268,0.07545701852063622,0.14356783697044306,0.049562008044160305,0.09252465513586564,-0.015438342946979385,0.05691709837059605,0.028422449420764342,-0.008631916563401093,-0.057709678659810124,-0.009374160489417319,-0.05803526450637346,-0.01764832296226846,0.07031684208937033,-0.014179446446358494,0.028467375469463766,-0.05002168032972379,-0.049603888086951445,-0.06502456648502714
clock_visuospatial_executive_time_value,0.09864029934380875,0.0027852438103648652,0.01114732454183255,-0.023594105676902875,-0.030808498438326535,0.0014049111106083875,-0.033522851589932394,0.07287557227643617,-0.046629303258609055,0.03399186533660892,0.008382230019115786,0.003497327673804989,0.041420880088215456,0.014250297048010424,0.02071789038339677,-0.06939729071794244,-0.06897771021186,-0.008641212471086452,-0.011596317337967137,-0.005059388894571467,-0.0033694388404278885,-0.027871787488063262,0.009521188293646163,0.029644176371852533,0.00667845304980733,-0.008768874995832582,0.01038694970227596,-0.004454088491787874,0.011283085648921335,0.02633851289584867,0.0979096720188387,0.04935966921884143,0.006666446137661908,0.06288028900793312,0.01684715965720368,0.012227306827693189,0.15369413661447215,-0.038633444577761224,-0.0408721682924327,0.054555306791707885,0.10589862863222946,0.19867863747910183,1.0,0.21764653353477262,0.05996962018576023,-0.023651204266118393,-0.14572144613147692,0.1700553537959166,0.18383258545127149,-0.1975484573393979,0.2821233272882588,0.18812607203095408,0.09896677442544972,0.049493202165394344,-0.02374554308287608,0.10447780726392926,-0.09866321338218466,-0.25456001472019335,-0.22630071444572877,-0.19042185574419065,-0.10230900910683416,-0.12816002626261422,-0.1121146180555523,-0.06662100116672434,0.13373587873251996,0.10302338910620677,0.06468299680788499,0.0873832267889737,-0.04578814653707203,-0.02830163584033345,-0.05446348267869714,-0.03711156948285496,0.08368043535399963,-0.041071530115743674,-0.026453730069707172,-0.055993198364691896,0.03613748253799107,0.009966255384735404,0.03812328720903505,-0.056012171707940324,0.004250825247526752,0.05171664460723618,0.0632498581374132,-0.020539882041050995,-0.0028506063915154805,-0.062255466810964014,-0.010326700658398637,-0.013342739702375317,0.043812134376345936,0.06785088768101295,0.07664462652245363,0.026145444264226537,0.030087812512328525,-0.02354207260437004,0.010409600990052134,0.022718055286741364,0.003493166648936671,0.019288295113032157,0.06106609973845065,0.038868299585700906,-0.0494051862675236,0.02531976748165906,0.011206359633390487,0.017256979667551985,0.014098572514400004,-0.06556039307363189,-0.04529871110769012,-0.07451192538558223
delayed_recall_with_no_clue_time_value,0.12476253760921863,0.09227618935617277,0.04344142606632745,-0.041028917255456696,-0.027404624268026506,0.04707764508746052,-0.03010761690194752,0.03815687918779353,-0.04402685277113889,0.07948478224973317,0.017843380549006388,0.04957083171650571,0.0757692389268913,0.013104121111125511,-0.0038709398093050595,-0.023077880629440117,-0.060296235287646084,0.02242900512079653,-0.019699168258862167,0.02936513573627054,0.04066960778651919,0.02705608774130698,-0.011385142436911825,-0.026511809870631422,0.009664797267953697,0.027074916265221502,-0.01644587559006083,-0.00761217547937267,0.06458566122745135,0.06019555973030699,0.11034622444963528,0.12032729463743483,0.07920076067674109,0.011487070703497472,-0.04823264459093139,-0.006128818456309246,0.12083512260902157,-0.06964582923298157,-0.06474089863667179,-0.014242924567236711,0.16647885157574893,0.02888668979973593,0.21764653353477262,1.0,0.08939754305859256,0.06029977468983291,-0.030853083549125086,0.2508325735504704,0.1751130986754112,-0.2582624192208132,0.15326574546744032,0.2478650387173419,0.16347240920482692,0.14498397424216714,-0.026610993427879426,0.17025222588881184,-0.13031374780520427,-0.275510356714299,-0.3241926755664019,-0.2015109948779843,-0.13587469938593416,-0.18806410341837612,-0.14499014782051275,-0.08111030603990996,0.19649799325900166,0.11389744237876401,0.06721693879295455,0.06438683363422215,-0.004145477370738113,0.08943340108079788,-0.0722981219731236,-0.05011657398194326,0.05191194471740819,-0.053179861817178355,0.02729766300735051,0.0022954496368209716,0.0009669868710090932,0.06472380400642008,0.08831487858193077,0.0485349452586803,0.06100853278157791,0.10871226488930086,0.007060892425018119,0.022164373113042174,-0.019035850076180725,-0.06985983210023082,0.0040392765935111175,-0.009922252327228103,0.029567897418120537,0.029131530502118537,0.01760609419405659,-0.028981115206554373,0.030427970859655967,-0.05923479499671744,0.018098793813116694,-0.040396188823165625,0.041259638614810065,0.12001219572801303,0.1268456955129478,0.10698485744158667,-0.03736453669984385,0.034985772212998395,0.026490242486384943,-0.014729486962284863,-0.007924813232743484,-0.030229692321385095,-0.03138852871426806,-0.051816382987681854
digitspan_time_value,0.047391009633823485,0.074649814264714,0.004396793114721805,0.0013237575654005305,0.003603941999360104,-0.009794248464588933,-0.011694279511899787,0.0400852324969178,-0.015192870582303229,0.05202069868701606,-0.02269418038226224,0.02676211785811888,0.0174013827024393,-0.018880189585617633,-0.011711018836987202,0.02455079011103906,-0.07211519514100422,0.017708145263619596,0.03237871435060914,-0.03469727030968209,0.04595352825655392,0.0271162256014474,-0.008738481400848961,-0.03585880566388485,0.01409922255735011,-0.028269022289003482,-0.033041621098692825,-0.015977966336905323,-0.02612890569897889,0.046386691610453015,0.047978157589751665,0.08052441387209777,-0.051906771751610375,0.02283737837584435,-0.08235267345847393,0.0019701100789787426,0.044436820330134415,-0.05159981405514926,-0.056438179147746674,0.03159314279408313,0.062203648722985734,0.01772710157217422,0.05996962018576023,0.08939754305859256,1.0,0.052769546935613566,0.02010240005279134,0.09364045498334209,0.061247021686845246,-0.12889912047141872,0.061973589924633934,0.12626752220862292,0.09651051958208154,0.07523260397975284,0.0043708682517149215,0.06228753637679324,-0.094457700451693,-0.0842292263057128,-0.11966994075517837,-0.04780896969887753,-0.04630906495690098,-0.015714447145464258,-0.10832542903873815,-0.0890754760858164,0.08049669391722464,0.030764957481451333,0.04814923592288268,-0.010576172284018987,-9.916315661012309e-05,0.05606261455289969,-0.012377930075534914,0.006765011974601623,0.05331872930478787,0.013907914214109635,0.0015689926058653934,0.05280061505934159,0.028481186874484723,0.02351342037441225,0.033731305868283955,-0.0039720673568646135,0.017654967560395148,0.03774261543384185,0.022186348265687744,0.006552608745334066,0.01856196237667786,0.008345697014827819,0.03526811414798559,0.011097188497006995,0.041680978128219484,0.020816326001946855,0.024581435717671987,0.007741183972412491,0.02113765857969321,0.06317553822288688,0.027982150618264805,0.06412719546968139,0.001788729097545119,0.07080406897836974,0.078370815545669,0.03030221769300294,0.006811467329735069,-0.025047851901636775,0.004658094194480584,0.02094563793787068,0.01601807708807692,-0.051225671008251594,-0.03548233315421234,-0.0823475465392931
memory_trial1_time_value,-0.03714031621901312,0.04390316057497942,0.027774199305624067,-0.0300229492865597,0.03683926181672021,0.008209882450751145,-0.007161843260101528,0.051851873818439476,-0.032913948565392016,0.05098194210495457,-0.012854785857487566,-0.00017301563628543468,-0.014571372507255178,0.011500795419466574,0.008651730620580729,0.028183402481604405,-0.006706266535032481,0.019388598555232398,-0.01799332203007917,-0.002455532911971942,0.052686807572780735,0.024998164573520172,-0.01841630619735638,-0.04491892906318923,0.028770284979479383,0.047327545510252846,-0.020075779938759093,-0.030625236855279077,-0.002350476848419356,0.03689918986204689,-0.039204746622078,0.020479563924646723,-0.06688858016461637,0.01540007282183908,-0.0732916549725201,0.04900043183463283,0.015733595094553285,0.009557637175171716,0.03286697127434678,0.02120413564428483,0.03518577370092671,-0.0687141979819777,-0.023651204266118393,0.06029977468983291,0.052769546935613566,1.0,0.02572895184953658,0.005887109815903361,0.09083944494230486,-0.1398388411845406,0.025338554053741028,0.02522701385505199,0.06819274390911545,0.09334321280300407,0.00461005594800777,0.035769792543281165,-0.05860253219878819,-0.14956682843413496,-0.10330896627992729,-0.01123173892086221,-0.085417731108059,-0.04459317292405185,-0.23223373652833365,-0.05887631808171728,0.06086289398094938,-0.017605763238652566,0.05382159749839067,-0.012469956733384954,0.028996715666653336,0.036802453083859,-0.010616185199855192,0.05881451693428659,0.005779715547567419,0.0124538683814814,-0.04486966740729796,-0.04985176761627027,-0.008235265361750259,-0.016554504354414416,-0.0012443659339670715,-0.010128808202903973,-0.0034579550132948986,0.014253468009072148,-0.023637861695985453,-0.03886025909706782,-0.011150854322965474,0.006901181829164339,0.02128001563894058,0.035374438276504404,0.0347405571399298,0.005774414942846064,0.006918740872637447,0.025487143269972798,0.006453908504332939,0.06122751313602852,-0.03629677140221813,-0.03518973690091777,-0.005856684200568878,0.0543975265672415,0.03242381793691149,0.006943915616548941,0.02892230846093902,-0.013536314603503881,-0.03481551443430913,3.254690605190048e-05,-0.026275764013177178,-0.05088624242439721,0.0058227450293926964,-0.0901344189473286
memory_trial2_time_value,0.006490922379066176,-0.014397003470340286,-0.008270418004659335,-0.041471628110252456,0.027178356253765096,0.013223444146065822,0.06754307796684536,0.02709703311048789,-0.02425791718794083,-0.06464310482109194,0.002815570432308495,-0.0028134232290078186,0.08793209661202588,0.01171179679045602,0.001988087340818742,-0.032560993032413735,-0.008014454718384408,0.018680332013582667,-0.03880583994043456,-0.035666594367156905,0.04452263108373893,0.05037249321882444,0.027965720308628667,-0.01919026239926969,-0.017464266583497413,-0.03502881910387577,-0.031039869406610437,-0.023958827708563255,-0.015074131597898183,0.018547900427249048,-0.04883641101770521,-0.031134979538380767,0.0959453510334034,-0.0018467375349020608,0.027331954055036523,0.02937096859631384,-0.03243421897621735,0.0119880903708231,0.0870942799411378,-0.0541271486684579,-0.029449315695050732,-0.027077338735535774,-0.14572144613147692,-0.030853083549125086,0.02010240005279134,0.02572895184953658,1.0,0.04619266854512034,-0.04510833309723968,0.08918417617296973,-0.08991080230532807,-0.13015318220439798,-0.001495255662610449,0.055666154011386006,0.20784226831694497,-0.03269491256033799,0.056464979924254914,0.09468411430038604,0.06254202924820551,-0.04948813226061122,0.031032964129646987,0.029965667636400992,0.07451869532114365,-0.01454716003325038,-0.12086300772918275,-0.03191195193728647,-0.008621806019219374,-0.01830351398549678,0.10002295388541504,0.005488000040574957,-0.0253080499669117,0.06450177886457176,0.023624821535645584,0.05166602607180937,-0.0389543150049254,-0.0656765783674437,0.018647659335392804,0.010563196793410388,0.013590826913548352,0.01976040383169872,0.03056307189400254,-0.026840867948372153,-0.01640294870849785,-0.0502405284563561,-0.024897974478413035,-0.04981306801980532,-0.05448465090950921,0.009892071544974785,0.0688253231408519,0.04248330059527841,0.0130554261230411,0.08287976293514042,-0.014382624716481615,0.009831319562813037,-0.03493212229116059,-0.025059013910379898,-0.04276093741651294,-0.03946337052995392,-0.0454960311067535,-0.021975088531485176,0.04757781709443106,0.03800427073776477,-0.06595609055157266,-0.040192373189242216,-0.03484280213056895,-0.035864795646830025,-0.025827744682177824,-0.05969223622154309
moca_abstraction_time_value,0.08387910603666152,0.07145707705725414,0.05181767919121321,-0.1037898716943032,-0.021799176661670847,0.020654327653426837,0.06785759206420235,0.10090787670497073,-0.031367767191706766,0.023955036621241193,0.0527642682121878,-0.023028949661911942,0.02837880946838097,-0.03759624371174695,0.06612985132809399,-0.03451829665039879,-0.03411756182625428,0.012947708544893773,-0.05586537393180114,0.02326098389484838,0.04079092113253023,-0.015296740826102155,-0.0561481371256471,-0.03125570427114507,-0.003919010318802847,0.033897994352807034,0.015539637167419629,0.0015135120710537248,0.010946480852481944,0.02595885164792632,0.07494052387234708,0.08575981834040262,0.07022792993987653,-0.02913805706990125,-0.054047984921096574,0.028125979991290448,0.10735414931297556,-0.06050100866023941,0.004234920682756528,0.02626551014321568,0.12976954721417183,0.03757247980485259,0.1700553537959166,0.2508325735504704,0.09364045498334209,0.005887109815903361,0.04619266854512034,1.0,0.2113298404618677,-0.2316980010552106,0.17249039570684654,0.051379100362629694,0.151143247930562,0.06922831114255978,0.18542323072541628,0.19645769527561574,-0.08705327307687044,-0.22384527779097219,-0.2426841435201788,-0.2140974585893406,-0.13664241688892048,-0.16064825894305515,-0.09210789582898614,-0.06114225544835147,0.11194116962735082,0.12618610543237138,0.10662266283497165,0.11206267006596643,-0.005814075453544451,0.04164645369166516,-0.1264356269433419,0.013565268512336453,0.038373547481928484,-0.13841847879772187,-0.01631417258159587,-0.0978550973365228,-0.03429323191902307,0.00854607680140195,0.04066659704509029,-0.0005550227806689876,0.0578560251872418,0.13543661593794742,0.024475031914375382,0.01709120728793467,0.012661586479485478,-0.12256420793929838,-0.020714556807772844,0.04245294191130901,0.03504283141529445,-0.0018095925179182491,0.030336676572598587,-0.07006600754196007,-0.02033067380866468,-0.0888892437959253,-0.058654726692680355,-0.03936228948380351,0.04172481536774297,0.03165006099325806,0.07871038902031915,0.07030152904152351,-0.0322897769233267,0.04377668762348411,-0.07017998124755206,0.056141312871025965,-0.07130148142201996,-0.05162959015068939,-0.050905170631675635,-0.08342794661980311
moca_orientation_time_value,0.10328061676282889,0.03031974999404278,0.0027850505982929246,-0.018660490510091547,0.008090628309849315,-0.01567944280275243,-0.016917246450435058,0.09374382746155739,-0.020381172058738618,0.06971413520816544,0.05598068644694446,0.044342875588544085,0.033476550469134725,0.02197527973081919,0.004560855544053465,-0.0669154804673602,-0.10882696922334664,0.009987864225648714,-0.04406821041731566,-0.01299521363845127,0.05690896582750925,-0.012366904241740109,-0.005931690546585752,-0.042178853488262544,0.05626341865177412,0.052931801481313136,0.01611567050085884,-0.0905610432766619,-0.005932540692265165,-0.0006513307504665874,0.1618033020948695,0.12580790319501436,-0.0026148980390833035,0.07397050992718093,-0.0754278601913117,-0.006627986966935688,0.2136557216093804,-0.0771387208191584,0.010215889077114558,0.10640639153542661,0.10385921223954347,0.10615333245170369,0.18383258545127149,0.1751130986754112,0.061247021686845246,0.09083944494230486,-0.04510833309723968,0.2113298404618677,1.0,-0.23130478185078654,0.15006973135405793,0.22825062885588768,0.15765821832711616,0.06657461861018131,-0.0038122576361852793,0.18088874983133313,-0.11148203340201181,-0.2124602808959923,-0.2589849592147847,-0.19823886907766822,-0.14431793575030658,-0.18557589247425035,-0.17215145256777642,-0.03822769356596568,0.15001198195611232,0.0819160194687475,0.032196076973980574,0.01930363391017967,0.017353472801238865,-0.004629867872877385,-0.057776304555679184,-0.08381311608766873,0.05672061378212248,-0.042346320924032246,-0.04805023014651429,-0.11024072563993138,0.047279029204666104,-0.014369273283525752,7.934046338498149e-05,-0.03662608976160144,0.022425742512295052,0.004173272973875397,0.04163422727628091,0.025480988021683554,0.011034558568669257,-0.021793624383548676,-0.011051842222779834,-0.021272281067047785,0.036469300601956876,0.07398692797135722,0.05691219756663542,0.09251854279663192,-0.01675980363438938,-0.029731622405441815,-0.0423437321614351,-0.016699699245602648,0.03419594968185718,0.03472506131553225,0.07328221035600443,0.0037281732414004135,-0.0793214197164683,0.0008748632348474676,0.05082911703352601,0.023111916536717785,0.02216590437105016,-0.03685558716421698,-0.029926803316016118,-0.057587570922278085
moca_total_score_value,-0.17704005373144982,-0.13158405479113883,-0.04365148039856566,0.041205393074170864,0.003229105558745709,-0.01980470527770336,-0.01747026457033929,-0.08275630429236369,0.07127652193481393,-0.08376043644963138,-0.012749132682506789,-0.09092367691256872,-0.055656648652700536,-0.029733136512871135,-0.06954708781947642,0.0370660815746268,0.10348499383457849,0.006586461913184237,0.0015724370445609817,-0.023357976129742636,-0.08691803573134296,-0.007241702612950636,0.02566770676808433,0.032180397502620625,-0.012486563314592039,-0.08833520345332917,-0.000223558047795777,0.03507328492189629,0.01648552192943304,-0.030360247472993145,-0.20826812721468266,-0.12429024692675648,0.04617471971044115,-0.06823049140922671,0.14338916706837937,-0.001560877900544755,-0.17530899583005577,0.1104685312906019,0.10757120145604107,-0.017698568282823884,-0.19650725807411137,-0.08358939050172655,-0.1975484573393979,-0.2582624192208132,-0.12889912047141872,-0.1398388411845406,0.08918417617296973,-0.2316980010552106,-0.23130478185078654,1.0,-0.14701673470295593,-0.2008176826476038,-0.24471259960614242,-0.1679371134229493,0.07396472076551855,-0.22543491316027728,0.3495811353414073,0.4289680859007723,0.3652737959133688,0.1746761409298871,0.20020797410179644,0.20033153376041463,0.34627409098221806,0.17118060139869612,-0.2968424900454844,-0.09853166425507458,-0.18218964956167089,-0.1396966070813166,-0.01608599293259384,-0.019988866064541776,0.01993242641341552,0.05734611821138191,-0.08165066793360878,0.10497721792484938,-0.03867105176965273,0.04030415643258427,-0.01209911343469336,-0.04522814121018783,-0.046225515532680714,0.018476095058291262,-0.027118094419349658,-0.1238814938240336,-0.0499686005281813,-0.0014874058554907757,-0.02217998531513661,0.05922825993734497,-0.013284018416837164,0.008600375581600291,-0.033103099176796304,0.02985153382301885,-0.04630271511022175,0.01073853851388002,-0.026976242676290407,0.016882467864310986,0.0006636827998502194,0.013252595230060527,-0.04506053572708091,-0.0931260706675649,-0.19371851394618958,-0.06718554525045521,0.08267318006974596,-0.01818972119168719,-0.038568474331496655,-0.015380731233203385,0.007827767878636096,0.043580828148664465,0.0803904625184139,0.08087904973073251
naming_time_value,0.08904976854744072,0.020135355853414617,0.02116104505533465,0.04408748448978948,0.002757432100398556,0.019160732901696634,-0.02239064522863773,0.08494845605464334,-0.025486355534972086,0.026302212494122006,0.015569696195275156,0.03278158308598534,0.049888977825955375,0.029578368402358474,0.04482690752459023,-0.04370181500766865,-0.09370562447549763,0.039445143553479,-0.0031916895938954915,-0.030940024312890353,0.01371024562389921,-0.019034251067152157,0.002777141734043535,-0.005331276820549635,0.0024213952616667853,0.010789684140620445,-0.01010603514396649,0.015900650263224594,-0.023490518468086797,-0.002863742897036443,0.09835285639535812,0.014298369197175156,0.018861274411101556,0.0526858839143335,-0.06203033923357201,0.029921736333811247,0.08986904701785825,-0.03767966819120906,0.052308947394546286,0.05508583440297536,0.09546829663115755,0.09200221559885412,0.2821233272882588,0.15326574546744032,0.061973589924633934,0.025338554053741028,-0.08991080230532807,0.17249039570684654,0.15006973135405793,-0.14701673470295593,1.0,0.12276404275657958,0.08968322338705761,0.09274389368445933,0.11006692185225739,0.10303785371316637,-0.08113885279457533,-0.19025422320413643,-0.1873448943186424,-0.15372422208345063,-0.07819081545387592,-0.04818076097409222,-0.10920240758222598,-0.047325150605190366,0.07361844115084103,0.0916302097293037,0.0371212314522743,0.060029566840022315,0.014538826571877349,-0.035062915563033814,-0.09232671685134601,-0.010322377294724768,0.08689832506417296,0.028729356181470246,0.023293765350276965,-0.003538714836872172,0.05902372577575968,0.02325890732079197,0.05965998138652771,-0.0006564755313463562,0.03128402417694247,0.08260262430664617,0.022265678318741638,0.01790739750141294,0.01487840094130993,-0.02812184435793141,-0.015892675881728942,0.019525456599387783,0.034212922261101945,0.07607446000481055,0.09767702844078717,0.06576082583672334,0.03417633421496543,0.03484137908193196,0.0034788314409365407,-0.000616173203920208,0.05256626456921696,0.0523639972875779,0.022488557263097946,0.026704819382879108,-0.043691428552454496,0.024833703708505746,-0.001999169099260611,-0.014738046916531819,-0.036440739052271374,-0.04546970752014927,-0.03872324666433065,-0.06820986311460486
repetition_time_value,0.07396751913685794,0.04910536530831309,-0.04438405767887218,0.023595007779182723,0.030406493927910325,0.008847185647063941,-0.11683945602386975,0.031941908026887435,-0.03276911042037386,0.06393423095739942,0.026473711316222847,0.05603593737140825,0.024649621919796038,0.002834584642660196,-0.029395885974129166,0.0006106849691813327,-0.07605020584564838,0.009149631250933845,0.017473217875596924,-0.00904378258643476,0.04395591076259311,-0.059056158172805455,0.008780899412676743,0.002956195303404868,0.04622296063633022,0.010449862077674451,0.0009782568195295723,-0.05892592800472304,0.0018703652209116775,0.03670220411793883,0.1321842266008942,0.13157340257423095,-0.042257861239174875,0.06110915708176039,-0.06628540478332391,-0.02195511785343339,0.16614607422405325,-0.02578756914791546,-0.05387432262162572,0.05207292450636713,0.10126798688984476,0.06450424533060248,0.18812607203095408,0.2478650387173419,0.12626752220862292,0.02522701385505199,-0.13015318220439798,0.051379100362629694,0.22825062885588768,-0.2008176826476038,0.12276404275657958,1.0,0.13677557820125177,0.09928503389574862,-0.12266008807840635,0.16578104072463676,-0.10532046496118719,-0.160332127155711,-0.20103381399976752,-0.10517811377884101,-0.049613149135409734,-0.1335087507223806,-0.16162576465908568,-0.07135206302983658,0.165362344224253,0.022163094264398837,-0.008742650108930045,0.014966773234457446,0.01941729988249311,0.03899581395504274,0.015665667976002662,-0.07072660113900701,0.04471854108964693,0.033911431201687686,0.03367138367285846,0.01369455555785664,0.05319985033424072,0.057689601714053566,0.027678986227702145,0.0012622110599163029,-0.013484921027645593,-0.029474695601210795,0.0690286627162996,0.0735875138381637,0.013674115893072032,0.037941511136839384,0.05242111226351868,-0.04373066713741199,0.022453364580859014,0.016987355086554055,0.03842878716650737,0.03039503625328164,0.028274058978836062,0.0008271496415266124,0.009122240596199134,0.03666747557672365,0.014890382349149078,0.015764892983680695,0.06079471626643706,-0.0037836177303364354,-0.11917237909795812,-0.06914198669274892,0.08218653048675972,0.07752008747661183,0.04207158565236238,-0.025951905210642747,-0.00888544278482999,-0.04401256814838916
subtraction_time_value,0.09568748020268897,0.13425017810203277,0.030907442755365146,-0.05802835996584133,-0.0019553101866019136,0.03199496374310173,0.0036261568118924714,0.045894029361324466,-0.05255698112818024,0.02626493089585207,0.004109587568038537,0.04708236456816367,-0.00225313353744157,-0.0055562500391051145,-0.014200973871235166,-0.006099145992470162,-0.04696225934904885,0.0046143510395960045,-0.019013765257777655,0.04962585830624034,0.034837671942551746,-0.01574255568474349,-0.02930624227852925,0.008286479835663137,0.053653587603203025,0.05114870363424105,0.015398901381294086,-0.08827112617420389,0.008657922450022056,0.01714052730443186,0.09183828111074199,0.15842342977337326,-0.04137693490345235,-0.00042892121027252446,-0.10291077749458882,0.019761485305997712,0.13691903945986572,-0.08282046295302578,-0.08693612266758255,0.09160623641296187,0.10991905920762254,-0.044810728023817824,0.09896677442544972,0.16347240920482692,0.09651051958208154,0.06819274390911545,-0.001495255662610449,0.151143247930562,0.15765821832711616,-0.24471259960614242,0.08968322338705761,0.13677557820125177,1.0,0.10911417901211141,-0.04502616674231324,0.15550470142388784,-0.15356244419502363,-0.18316122048125666,-0.2125260729289487,-0.19226338765950715,-0.09232162127114191,-0.13795190299706242,-0.1715594778082157,-0.1300416512278553,0.18010287342402545,0.13954084361234564,0.10618750952335176,-0.008923613604827437,-0.016501366059356443,0.014784912585767564,-0.06431843708449879,-0.017074338268141257,0.03221689105755321,-0.02888523217863226,0.04301736317813951,0.0029605419726455398,0.010512732521250064,0.05441461558502687,0.05156596790900521,0.030353787503772912,0.05184226179097509,0.09578642906350604,0.047523422943775734,0.04199410860914704,0.04930473569493054,-0.038626944506819264,0.041867982184871096,0.04520379320884506,-0.011917289679639195,-0.001159321356185563,0.023266014022855514,-0.011683921371334779,0.01043855028244293,-0.023757450001875603,0.00879407579389044,-0.004629332540885285,0.01030047616978442,0.0645775195943655,0.20882836157240317,0.03961586396520086,-0.015328634480982598,0.013003218801361282,-0.027349894153821084,0.0457999652262432,0.019790119736364704,-0.023812057147681122,-0.061700371033025,-0.09321612968432694
cube_visuospatial_executive_time_value,0.10741467527299899,0.09720190464117454,0.01638184105628115,-0.021302664372157467,0.03712010511109872,0.05868277625880294,-0.0017910671368048566,0.06650748988057449,-0.07438570737261396,0.037832145497664386,-0.006253700058207537,0.10487249581887456,0.0557127043482658,0.054539132873831477,-0.01233541609403133,-0.012564500320710683,-0.0869205920031535,0.031794632579051116,0.02660151041186327,-0.03749280941518661,0.03419084528771481,0.015331383868071261,0.07837607898926331,0.01842420461564808,0.04505506672662804,0.032312188451596766,-0.002857333928501004,-0.039931494992029255,-0.031457115914379,0.0445026784133227,0.09669189524720538,0.10604058845747669,-0.03515767893923401,0.07912065020246396,-0.116354952669351,-0.008108558209855012,0.07773528840613611,-0.06839610464011411,0.019217795304173287,0.02719372462177889,0.07193487693630078,0.039706534696191315,0.049493202165394344,0.14498397424216714,0.07523260397975284,0.09334321280300407,0.055666154011386006,0.06922831114255978,0.06657461861018131,-0.1679371134229493,0.09274389368445933,0.09928503389574862,0.10911417901211141,1.0,0.04377088708862979,0.05824814663057556,-0.11294758075204804,-0.15149175907054369,-0.11370802971655175,-0.06667263723904539,-0.06956223388208134,-0.07944807827334244,-0.20138134214823558,-0.06997951321418917,0.07879053865447162,-0.0041822975105487445,0.04781250403586015,0.0023011949360666906,0.08072485027712323,0.00346321768918168,-0.044420711772123825,-0.028610099147920946,0.12526494612707126,0.0898186400886365,0.033177505138838916,0.053426247097711016,0.06317758515170746,0.09635678661255044,0.07686806152919948,0.05086558768026014,0.010808296981603151,0.02144350773346438,0.02526996485420992,0.022978076185183608,0.014166861715353337,0.04917241484458273,0.04737359188263869,0.024991458974536702,0.09856355864092041,0.08068104718320306,0.04510323500762133,0.033857482812794104,0.06557752096669053,0.04747898663642563,0.031000271207217964,0.006354553572560483,0.028134383561225204,0.06212244031568859,0.08097453709212449,0.01737400937390943,0.004532133509381395,-0.01731506274725513,0.04902529573278097,-0.04174486240308839,-0.0004005375229213442,-0.08822732969268486,-0.10215603033607043,-0.14254190095019412
lettera_time_value,-0.022267128243344703,-0.058262738568874844,-0.018958431044909324,-0.04638185919263398,0.024904489492237804,-0.028303546078356338,0.04534102169665658,0.0597541832310617,-0.01262907664219858,-0.04286371099249054,0.021398943077895527,-0.021726720674559167,0.0054817954189245975,-0.008654880960547971,0.01389805956269922,-0.0003145247231466763,-0.010469706555149023,0.018720683886607636,-0.0057868226224209035,-0.05801402221920357,-0.05009505535934664,0.04843854411107624,0.03997833902113119,-0.045959493164828245,-0.0494705664601289,-0.05426689357154454,-0.054511107271679425,0.0255440605264293,0.032673625186892964,-0.01205811053255602,-0.03791177930532045,-0.0664906282929465,0.07660599537234838,-0.032828386434971636,-0.002566041911517494,0.07270826608480452,-0.05974616914084013,-0.01304470484183875,0.10268890653836082,-0.04930137429510772,0.004294734032542374,0.06004664921860083,-0.02374554308287608,-0.026610993427879426,0.0043708682517149215,0.00461005594800777,0.20784226831694497,0.18542323072541628,-0.0038122576361852793,0.07396472076551855,0.11006692185225739,-0.12266008807840635,-0.04502616674231324,0.04377088708862979,1.0,0.004663663927993202,0.08321918983326147,0.005250484006479054,0.03656608901955551,-0.042856320389980926,0.012263270805596665,0.01708380086947984,0.04869447481174889,0.032074595277123336,-0.10348431389058037,-0.015549469444449918,-0.020062689986655155,0.03213883518080262,0.07466752067347752,-0.0068009560164630795,-0.08165352018582105,0.05511196633613712,0.01979094656305769,0.02089820987798139,-0.0609085775136783,-0.03654895347382876,-0.009742225228404348,-0.02890728238045566,-0.008726548905914037,-0.013814409254614671,-0.0058556879885701876,-0.03955073429790513,-0.05154394248323323,-0.036332710656281915,-0.0073741802930486575,-0.06825042297633217,-0.06070369797146332,-0.0034359664142870117,0.08328709109091198,0.1030068183052098,0.055077790612836956,0.04876087322232333,-0.016326956711945066,0.016114931524673325,-0.052230377349387465,-0.028224417144584072,-0.001133519647878401,-0.017050437828162842,-0.11571804054499046,-0.007595536899692752,0.006445851657205136,0.05636604196080496,-0.05238264961596472,0.008914309307871193,-0.055971629008673696,-0.08781210314662866,-0.004502548159839459,-0.08338358224889102
trails_visuospatial_executive_time_value,0.06116071026408016,0.07640144552301432,0.04036271345843835,-0.06644232712139155,-9.753861825799508e-06,0.01247885354605444,-0.015448641950077162,0.0878171137633166,-0.04016783967770469,0.016185596269435252,0.013776811644227996,0.04589357310895018,0.05435220466438858,0.011423379824071727,-0.0021107027308286,-0.04806366059558676,-0.03778343212412894,-0.00995853158519755,-0.017816948354617636,0.040768839758918284,0.04573305902612502,0.007271366863020673,-0.03948951525504521,0.0025510638163706166,0.008556293003174217,0.029429879471655773,0.004449946748626612,-0.022828209401791758,0.03432549858380509,0.041545385176431256,0.05960627225595437,0.0599888176807667,0.04465943419112973,0.0018152174678095956,-0.047832715756878204,0.017636049816945408,0.1421384299353196,-0.03375640129892577,0.006000334717817315,0.03650906929887254,0.11093491485421417,0.007922493081722874,0.10447780726392926,0.17025222588881184,0.06228753637679324,0.035769792543281165,-0.03269491256033799,0.19645769527561574,0.18088874983133313,-0.22543491316027728,0.10303785371316637,0.16578104072463676,0.15550470142388784,0.05824814663057556,0.004663663927993202,1.0,-0.1296937469271944,-0.24038929432719652,-0.27046340569735494,-0.11065739647361676,-0.1292404350761606,-0.1312440874534035,-0.15844079261871905,-0.06235065101114185,0.16376438638033997,0.08765307048818632,0.1555737895275006,0.07566466236128767,-0.006050537226386118,0.03412149026159603,-0.06731996947386523,-0.015561452377863695,0.04995806318943672,-0.11121564562433713,0.025797977512819387,-0.06315396543259093,-0.018595447912401343,-0.03864015102193736,0.011937899583272868,0.023384181514048877,0.0332956079556874,0.07558441037786302,0.04547877534323789,0.021771373826908528,0.01611133575687394,-0.04619139162902089,-0.002590624995358785,0.049349120904611354,0.011272066463605636,-0.016279249819911298,0.043123224245411367,-0.030829798575582802,-0.02186887014186691,-0.07052841204640437,-0.004544504795161635,0.000930347691153826,0.038289325816947155,0.07671379458396733,0.07906645280185941,0.040449310590917276,-0.0358343377535908,0.026410623325281955,-0.03368391241970246,0.03441645397546792,-0.019595871511668462,-0.03514104482556966,-0.025261219426867758,-0.059716767475952566
moca_combined_mis_score_value,-0.08889387953938345,-0.12158375988589544,-0.004021413847249304,0.012239465638048064,0.008736405466441962,0.018903134924356007,-0.002137536995499945,-0.05358406057193982,0.04429732174703499,-0.039533577098478795,-0.0009889978840606237,-0.09338521436820534,0.010123643691498065,0.013531124073972006,-0.012096606206576726,0.03224905104163215,0.07475913327270343,-0.016181863013827687,0.009890129861407169,-0.02521593254142029,-0.07395164043294764,-0.009551285138343676,-0.011962704653221103,0.02722232687688752,0.005016738390927572,-0.05851674454172522,-0.0034974574477143815,0.031791673433003535,-0.01454619247189493,-0.018309512267521477,-0.11869618917302635,-0.11221952146914982,0.028777208447405892,-0.03803078789096901,0.14067845898642628,-0.018921409118331744,-0.07316184059925,0.07242545062266956,0.11908886717628549,0.012209345660076565,-0.12055580045748891,-0.03181567015076754,-0.09866321338218466,-0.13031374780520427,-0.094457700451693,-0.05860253219878819,0.056464979924254914,-0.08705327307687044,-0.11148203340201181,0.3495811353414073,-0.08113885279457533,-0.10532046496118719,-0.15356244419502363,-0.11294758075204804,0.08321918983326147,-0.1296937469271944,1.0,0.2518491491864461,0.2433143650940222,0.0948401642882614,0.14241876250902544,0.10261933158102853,0.2609805235074157,0.14083080237950774,-0.1961928926073087,-0.1051010939022528,-0.14445664264005417,-0.08146536400982893,-0.020124990437725337,-0.008567792662120639,0.009936488755614084,0.0485464416968483,-0.03956348746596595,0.060171338609946556,-0.01539884667567826,0.0012372105229550472,-0.02581295781182284,-0.03542675416539274,-0.02110618150446596,0.039583118556341515,-0.010679579456644063,-0.06421638912352665,-0.050152017004328434,0.007659640105687124,-0.02764343703178064,0.009591672799224392,-0.01859272161584139,0.010757534575520372,-0.009172734761051179,0.037375766641743836,-0.03299472809667526,0.03241994972309236,-0.012364703901381585,-0.0022964795315450646,-0.029837027007014225,-0.015751532983326853,-0.019486343868626486,-0.05566584219894363,-0.19846701781402182,-0.06324920571894344,0.052263497623636836,-0.011323664593075218,-0.038691090552265495,-0.02159172411417124,-0.003811719910197591,0.009284374149017829,0.06999009396686166,0.054420112246438085
memory_trial1_value,-0.061864504697252076,-0.0669130603263285,-0.07828210407626639,0.07496722829353084,0.03148223951106134,-0.02462334400069075,-0.0013936624313425625,-0.0814677696622075,0.05893228821240219,-0.07427661294598974,0.0062300017795921475,-0.049905092808010844,-0.07720309437279196,-0.06243579876971101,-0.049234279574368746,0.0559525346931172,0.04034114884199291,-0.02743899662316411,-0.008598353203958,-0.03598579392620608,-0.07149091942994326,-0.011778583716575376,0.020907003593163883,-0.03988335230163024,-0.013474031682195098,-0.07852753264999908,-0.07035272007781646,0.025101422174825555,-0.015531445870740372,-0.05746250890431768,-0.11891595598094981,-0.047355967321254085,-0.00762815849441465,-0.02036395680152565,0.0345026249067385,0.00932361501819143,-0.1599245712232626,0.03073615602353661,0.0009468638952555603,-0.014081382845033921,-0.17744725484650495,-0.038730235112605635,-0.25456001472019335,-0.275510356714299,-0.0842292263057128,-0.14956682843413496,0.09468411430038604,-0.22384527779097219,-0.2124602808959923,0.4289680859007723,-0.19025422320413643,-0.160332127155711,-0.18316122048125666,-0.15149175907054369,0.005250484006479054,-0.24038929432719652,0.2518491491864461,1.0,0.34378028024080176,0.16499805532035472,0.1963497799273588,0.21939479525700126,0.30952649619412087,0.11972987033165937,-0.22530249093400065,-0.07600164167374678,-0.15692891107488768,-0.17354588909892216,-0.022407845897046044,-0.05195724994092617,0.045956142619705403,0.025676628050213507,-0.08082190790251534,0.08217703070949554,-0.017539526450938273,0.03683266169330454,0.028737280327407147,-0.030227064287057324,-0.02831065505227315,-0.031267228622153434,-0.034943657091318046,-0.11237789317639128,0.0024144845978511485,-0.006821989998931825,-0.008525367316072232,0.07943443362927109,-0.00046273371132295676,0.005721173011217204,-0.03148675426636606,-0.0027332790875500244,-0.06564199676492084,0.044664266925117276,-0.005435334737205173,0.051133259252301784,0.006764030548962511,0.024550965349820934,-0.0468868868295305,-0.11447248072193338,-0.08232177185009579,-0.09052735466249123,0.049542954731334556,-0.016422108374082773,-0.030009195401362734,-0.004201110094192917,0.022924983667841365,0.04239083266854156,0.09958434321551611,0.06145679759740344
memory_trial2_value,-0.1440549942926768,-0.150144642916449,-0.05082385575972611,0.04301270187832292,0.01323696313642054,-0.03237023329054956,0.014381223189587749,-0.09858367464940535,0.039730074224922425,-0.0915779872631335,-0.028502093308492824,-0.06264205815161758,-0.054889477764939,0.028012135136966272,-0.07251163827239863,0.040200693513774366,0.12410486019211898,-0.01605492717823419,0.00315080248298186,0.0072430491159077345,-0.05939730783049702,-0.00419770499961554,0.054990744783409436,0.037559325279194554,-0.015141777678179268,-0.09370676116486416,0.0071621516794504,-0.00040628833060550476,-0.019882338509265383,-0.0528228576017454,-0.1802448733048742,-0.0988107885822836,0.026377627544126463,-0.046853212458890466,0.1614591986474967,-0.0314453842624474,-0.18050305794555485,0.07842713507928246,0.12146906971401014,-0.06272002683880305,-0.18979047247772665,-0.06471487266968212,-0.22630071444572877,-0.3241926755664019,-0.11966994075517837,-0.10330896627992729,0.06254202924820551,-0.2426841435201788,-0.2589849592147847,0.3652737959133688,-0.1873448943186424,-0.20103381399976752,-0.2125260729289487,-0.11370802971655175,0.03656608901955551,-0.27046340569735494,0.2433143650940222,0.34378028024080176,1.0,0.2542572464404349,0.25863004668009176,0.18536854744790585,0.26445493150401267,0.10612193077295205,-0.2926293953257593,-0.2334174803321864,-0.18721673557445087,-0.09649675703294402,0.03504662453393133,-0.05901184725140727,0.07470459883238004,0.020237384813164533,-0.07831976383799637,0.12475145695009018,-0.010115539828060167,0.08939922107438557,-0.00412623001848485,0.014183382037762326,-0.014326309665732256,0.07047497634164557,-0.046434111432361265,-0.10460557230020331,-0.09330396092960805,0.04113166992662621,-0.04977186711731999,0.07527836804416904,-0.012197904829783349,-0.028304336204414204,-0.037050269501615926,0.004770431557743941,-0.06463748145174164,-0.012832229174811177,0.016752842598710224,0.079994526921153,0.009274274355050125,-0.009125588709360383,-0.037908819611135805,-0.12264032063384854,-0.22828660635455067,-0.06051695448141311,0.04949857797027108,-0.03707463262395548,0.0038453856262161993,-0.04605241295960926,0.012960012552160822,0.030096720543541896,0.05748087697935161,0.06373343208188376
moca_abstraction_value,-0.14565593668946905,-0.12596908452742814,0.029103655501322854,0.05668317668198535,0.014662878697519074,-0.06090790301596962,-0.04936269587558204,-0.09279399246098315,0.046568109666773626,0.004309319264524615,-0.013099229592676342,-0.056771827387232736,-0.09234491251508392,-0.020591152735508343,-0.044832350592479656,0.10222623667922419,0.09050931670543587,-0.010273671308348343,0.07608604185045052,-0.04315504746380048,-0.0735242066358679,0.026807819781263138,0.022837906555095034,-0.008363817088333381,-0.041612811919955514,-0.016958352944308818,0.009045885868096935,0.038363957582287486,0.05280866183539349,-0.0008313681099619874,-0.11230406199850825,-0.09909101550413957,0.007415162073398386,-0.011520288801014637,0.07805561153494302,-0.003909108211920661,-0.14724326388534378,0.07916985151699527,0.04774039485896126,-0.10082358407171778,-0.09705366325588241,-0.014151716812946562,-0.19042185574419065,-0.2015109948779843,-0.04780896969887753,-0.01123173892086221,-0.04948813226061122,-0.2140974585893406,-0.19823886907766822,0.1746761409298871,-0.15372422208345063,-0.10517811377884101,-0.19226338765950715,-0.06667263723904539,-0.042856320389980926,-0.11065739647361676,0.0948401642882614,0.16499805532035472,0.2542572464404349,1.0,0.15105679012205522,0.20326089586449325,0.0660659200191942,0.07240339303945806,-0.17817730739544163,-0.20242361273792028,-0.13697179515220906,-0.012010992539772895,-0.01191315729044097,-0.09885531071973448,0.055076972605496335,0.0004335841361524071,-0.04831954549580816,0.0596643565072179,0.043769020493160296,0.08313502273495652,0.004628018957564714,-0.0056997284466843825,-0.026964947645483954,0.07029599187094539,-0.011052987983861262,-0.04987751175139734,-0.07553243494041575,0.03700276501695862,-0.036066345363794744,0.052146542977012864,-0.014840270650037563,-0.0019075002237146541,-0.05898631695613355,-0.05536807547918952,-0.041336773971364725,-0.0230008727477068,-0.0064308862863135955,0.05509176538049717,0.03974921490588738,0.011623606262693596,-0.004059739221038972,-0.04708748626480568,-0.14329480307363926,-0.026711718092877652,0.01485775794024968,-0.02191131387457867,0.016122550980584203,-0.020795716775350963,0.01886489320177912,0.03751591386062634,0.05046657092216524,0.035790469429839294
moca_orientation_value,-0.09864475011365567,-0.13582077742168636,0.008102189792507276,0.0705480999521415,0.02268265278351619,0.029659264039741434,-0.016506717078645552,-0.09308496045919126,0.08563262480571578,-0.006284979694388744,0.011738053616555798,-0.07356037856447412,-0.04183130131532702,0.004675460118502234,-0.07223569832052296,0.0978271545498447,0.08703286903010807,-0.028488201341636092,-0.03722779491859418,0.036254272004765276,-0.04987845666359963,-0.040464533117315,0.006854401121256565,0.011937979213405638,0.014849127336548768,0.005308524768436611,-0.002622875575994949,0.022558868863716573,-0.018024163183612437,-0.050878858809406735,-0.093064299333936,-0.08640905728933343,-0.02310834376619646,-0.0058225164578851775,0.14012017988644135,0.0016793082862072246,-0.024365907070571034,0.05304237407173597,0.10342088609127764,-0.025276995718147108,-0.08567814442088445,0.027275547011518932,-0.10230900910683416,-0.13587469938593416,-0.04630906495690098,-0.085417731108059,0.031032964129646987,-0.13664241688892048,-0.14431793575030658,0.20020797410179644,-0.07819081545387592,-0.049613149135409734,-0.09232162127114191,-0.06956223388208134,0.012263270805596665,-0.1292404350761606,0.14241876250902544,0.1963497799273588,0.25863004668009176,0.15105679012205522,1.0,0.15013354339169724,0.13256512419956226,0.10642612529990601,-0.16972216147981314,-0.19761552066452878,-0.19332924973195137,-0.017212899219045726,0.13393761798863393,-0.1627254572379461,0.039942431805961666,0.02612807316917027,-0.038227260775971265,0.12349368658633887,0.03762559264864228,0.11447569656673091,0.030864884073365104,0.023659063544465293,0.011123204205289661,0.10477514010953776,0.010858683699549766,-0.0203972892892054,-0.04632409297272508,0.10497999255040277,0.015223594472255719,0.04839604069046954,0.004989880776168181,-0.012616833267051927,-0.03114959555420808,-0.003307824279452999,-0.033370013313010614,0.025878390940472132,0.01945357597022407,0.07470340352224797,0.02964277727436207,0.01275799218451301,0.0117160504684032,-0.11152644755225456,-0.2079793934695274,-0.014786349619186838,0.0019468128745438894,0.007102768041401607,0.002072982153389653,-0.0158436027729859,-0.0067291026232690065,0.031400929641897904,0.035398147615588946,0.038451239890601854
naming_value,-0.10626473670252501,-0.07734277628408982,0.013307371088350414,0.046235629403164134,0.009747556271052397,-0.0309761581788287,0.012583247581656213,-0.07119775492401184,0.04859783393064265,-0.00368015798113096,-0.02137374296763856,-0.028097968781322313,-0.05910300098045054,-0.016505088955688876,-0.027562132414526715,0.07408828325272501,0.03744520231516559,0.04110512184247517,0.04072608037963353,-0.07209262722664081,-0.059077785143480895,0.01514561834390719,0.006282099513638758,0.012817983164986922,-0.024684820998069946,-0.04451439749140073,0.006016743655962056,0.07772750723056135,-0.0516245584951111,-0.002313344484308925,-0.1269362031767419,-0.09312960497663314,-0.042396837696479756,-0.016271015523166364,0.057793737260946075,0.01459798722024888,-0.130881296040383,0.05185385307937655,0.0037358735038015346,-0.08293011070668431,-0.1267204029618841,-0.025034024503471287,-0.12816002626261422,-0.18806410341837612,-0.015714447145464258,-0.04459317292405185,0.029965667636400992,-0.16064825894305515,-0.18557589247425035,0.20033153376041463,-0.04818076097409222,-0.1335087507223806,-0.13795190299706242,-0.07944807827334244,0.01708380086947984,-0.1312440874534035,0.10261933158102853,0.21939479525700126,0.18536854744790585,0.20326089586449325,0.15013354339169724,1.0,0.1159180693654389,0.07279178850651391,-0.15354269923806368,-0.06428446097688209,-0.10421765925776878,-0.06831167229290837,0.02693002613522686,-0.04152127691831727,0.0700696001068816,0.016028104381280623,-0.014091113047395416,0.09452025329872354,0.021160550276802175,0.09460487599461892,0.017903978447626926,0.004013745964202307,-0.03573151888605641,0.03932036374999552,-0.026257863141038784,-0.022051806117805203,-0.05480271540434705,0.001972192962609757,-0.0119742801953068,0.0398103871514098,-0.0036805243151094504,0.0020682042158437857,-0.022243329573821302,0.0075267492762706055,-0.0080779710989662,0.013064178371303557,0.019999398312842066,0.044006252217953894,0.019023185232400215,-0.005147915636495208,-0.009524150129105124,-0.028123122484443472,-0.07821799406600476,-0.018967628387595508,0.04223844364888949,0.006110235052323487,-0.010007185442450734,-0.03800572913707309,-0.01646825837202269,0.03207457781137011,0.049375828970707324,0.03332870400693924
repetition_value,-0.01229357609541407,-0.10972889594668703,-0.06111261071122463,0.12527534150708025,0.0056599687664566755,0.029912375067912608,0.02133408105898192,-0.09321916004999298,0.0463949305731863,-0.04708252450193655,0.021623121329610605,-0.02418187783229377,0.044912994798004,0.015664333758990578,0.01940821520347,-0.05597469098401089,0.07345553815943767,0.009249621118863089,-0.03321093562350449,-0.021268747042368388,0.006188264372607583,-0.013498917158923363,0.00041480720439068087,0.04850271222165386,-0.01039269429644026,-0.06374172379469581,0.0059702032648001726,-0.017134597980157505,-0.005047788967512584,-0.05710450036292909,-0.10849233822296106,-0.07560599600276949,0.08663849049819412,-0.02838345703420771,0.11391173082414643,-0.034925391380010974,-0.07293078110638507,0.04910883117112335,0.0748966992355417,-0.02408226321075544,-0.10780222008782134,-0.03566379186098667,-0.1121146180555523,-0.14499014782051275,-0.10832542903873815,-0.23223373652833365,0.07451869532114365,-0.09210789582898614,-0.17215145256777642,0.34627409098221806,-0.10920240758222598,-0.16162576465908568,-0.1715594778082157,-0.20138134214823558,0.04869447481174889,-0.15844079261871905,0.2609805235074157,0.30952649619412087,0.26445493150401267,0.0660659200191942,0.13256512419956226,0.1159180693654389,1.0,0.15392596380641857,-0.20905329542949658,-0.05059765517608901,-0.15180948224520677,-0.10490127704834998,-0.01015623379987032,0.004139138088700222,-0.014162645824000276,0.0322589440619563,-0.04315792463162225,0.049534418418641445,-0.05093740276340915,-0.03544425036540974,0.03186575232201958,-0.02016762520804468,-0.05023772991124518,-0.006607504667703063,-0.022870856946611676,-0.09009394243353847,-0.03288029271767909,-0.0010463927363614613,-0.03855487322471151,0.04394975227170497,-0.05165628051063295,-0.03805444390719449,-0.04041220908629532,0.019811508579811083,-0.052606524617977116,0.07556030542572643,-0.01964258488040756,-0.05511355607330597,-0.017381660102815586,0.005370806420428546,-0.006738055168727504,-0.06647106540303804,-0.14926404563968848,-0.0586203133115033,0.019319260301276026,0.0018781964381804552,0.04227007201209451,-0.08199566713968232,0.0040494491641401295,0.0927286262113473,0.035137691241685726,0.16908273269047153
subtraction_value,-0.09914242852332882,-0.0992512353503835,-0.0005446126785277817,0.0834498228510793,0.020364136034686845,-0.021900979962508463,-0.0035464174908959698,-0.11225247276615458,0.08257527843517862,0.005065552617174654,-0.015149776824873631,-0.056269875786837065,-0.07691439033931283,0.016039540289161,-0.005128617249974551,0.08092091662609548,0.023341491191152305,-0.08065884808872142,-0.0032840779948281914,-0.0508100736264683,-0.029223990152328704,-0.04051179575637446,-0.05154554374231892,-0.05011206899017708,-0.0229166648276967,-0.0037688740722515513,-0.08957028301985165,0.0455508205494427,0.01082655259047169,0.017877427580285616,-0.06613053709659139,-0.10292649209805962,-0.010028191669121844,0.032399711853852084,0.09770347408963179,0.002810507616042162,-0.033680859175124464,0.06844294707561265,0.11899503304549916,0.0048151614022837325,-0.08658425308415896,0.05515564259544629,-0.06662100116672434,-0.08111030603990996,-0.0890754760858164,-0.05887631808171728,-0.01454716003325038,-0.06114225544835147,-0.03822769356596568,0.17118060139869612,-0.047325150605190366,-0.07135206302983658,-0.1300416512278553,-0.06997951321418917,0.032074595277123336,-0.06235065101114185,0.14083080237950774,0.11972987033165937,0.10612193077295205,0.07240339303945806,0.10642612529990601,0.07279178850651391,0.15392596380641857,1.0,-0.13537642756435583,-0.10761719207202977,-0.14725192818094385,-0.007188064509689474,-0.00880024401880838,-0.05699215139002364,-0.0021568630682591485,0.021078803129240757,-0.060341176590960666,0.03171584518321931,0.03306413768941799,0.010692411783756258,0.002491576768342137,-0.043931085696480944,-0.02863065158557036,0.02354931464258965,0.028203730620472944,0.019532303490590607,-0.008180576786715505,0.030917444870539948,0.03796725695718947,0.042784166104894085,-0.005463875235229216,-0.004397814025589132,-0.030956778758525802,-0.037217900686553125,-0.031807095634717994,0.043948044267895885,0.019975497639705124,0.04204698231907016,-0.004917851135766372,-0.000470168840893798,0.0017331278307367753,-0.014784446849865003,-0.2488258264370423,0.0018155032880212728,-0.012672691462413696,-0.016248442408983085,0.019841861364233285,0.01666820958646455,-0.011294330756995558,0.06623510899019065,0.05089325215378052,0.09753929852908387
Rate,0.09734575073534645,0.16365819128587789,-0.01923616675946114,-0.09255347043743385,0.012227155183954265,-0.013872185446839031,-0.08868539666588934,0.058614212955639,-0.04902668626034243,-0.002819155620288832,0.016903186419732635,0.06399867768992161,0.024324718679790348,0.008368239864229644,-0.001254175083616533,0.010119856215077784,-0.08522489761941096,-0.04100409372872716,-0.017139789601540625,0.06142604555402656,0.07175086809987513,0.019027953164414683,-0.060406600586977784,0.0041566527188414935,0.038911535962222674,0.026250245649988502,0.05117423255090049,-0.03165069519657276,-0.016975492496342948,0.12479299421976864,0.17468262232288892,0.1507365583457352,-0.009107976748542168,0.006455674247325459,-0.11394648648176603,-0.03207118668924897,0.07197832650535846,-0.07447231153397886,-0.18255754935200455,0.01695238996815102,0.19532503781573637,-0.0038185868269405123,0.13373587873251996,0.19649799325900166,0.08049669391722464,0.06086289398094938,-0.12086300772918275,0.11194116962735082,0.15001198195611232,-0.2968424900454844,0.07361844115084103,0.165362344224253,0.18010287342402545,0.07879053865447162,-0.10348431389058037,0.16376438638033997,-0.1961928926073087,-0.22530249093400065,-0.2926293953257593,-0.17817730739544163,-0.16972216147981314,-0.15354269923806368,-0.20905329542949658,-0.13537642756435583,1.0,0.19384154756791783,0.12951318201439602,0.02118809619442715,-0.10574645538783954,0.041671412139002405,0.034695488128720635,-0.07068797735833497,0.07748371097213677,-0.05223809372518427,0.047022465537053054,0.019594727254891194,-0.025292203567961552,0.07546566840118121,0.06909075500694738,-0.03438774366586384,0.04394939255660012,0.07526382235909733,0.06581051494702016,-0.01865606286425678,0.06391638867188941,-0.05813324103179141,0.0008035248353468078,-0.029715048673637518,0.011925158657317764,-0.00866268294888551,0.061840516799302254,-0.10488169485570838,0.03988630531802726,-0.02319844900384392,0.019238369515871535,0.0069096720520174775,0.01499091570531992,0.090462952707074,0.28510598680479804,0.09180090692784233,-0.060803962781634566,-0.007527988387478994,0.02577220167252967,0.05725881393134099,0.009167368843966418,-0.05335686657657038,-0.05856375234715498,-0.09287736053499497
PR,0.12206543020655243,0.15158871572450838,0.008201344551058894,-0.06777749576196122,-0.04577602834695136,0.03244033795284145,0.030708515122943397,0.05959729321101554,-0.06113553254016522,-0.0538602426309226,0.003410292568681959,0.044440815924926484,0.04307156963065968,-0.04590950967123865,0.02134512880168893,-0.03580558140626262,-0.04169091633055429,-0.027886750236666764,-0.024206643672982225,0.05641881287173455,-0.004124227865407861,-0.0035563386432773,0.006599007052143687,0.00981990503411623,0.014950073990459603,0.020740255967114065,0.020517293766851918,-0.03776446948394647,0.008312334042540335,-0.012324851323126756,0.08701395006853278,0.16162887183006924,0.023573661291002034,-0.00813875181096244,-0.08857150335049291,-0.022551316141167843,0.015522409808797849,-0.11105069488284947,-0.1856461793063388,0.02264201356890196,0.11848951756474133,-0.041071954740040516,0.10302338910620677,0.11389744237876401,0.030764957481451333,-0.017605763238652566,-0.03191195193728647,0.12618610543237138,0.0819160194687475,-0.09853166425507458,0.0916302097293037,0.022163094264398837,0.13954084361234564,-0.0041822975105487445,-0.015549469444449918,0.08765307048818632,-0.1051010939022528,-0.07600164167374678,-0.2334174803321864,-0.20242361273792028,-0.19761552066452878,-0.06428446097688209,-0.05059765517608901,-0.10761719207202977,0.19384154756791783,1.0,0.15762074380312185,-0.008824307345732352,-0.11020115002597154,0.07292413420464638,-0.0068224727206919146,-0.013201916044222795,0.014963398249857717,-0.11035607089567973,-0.004743239337061455,-0.05346013248471795,-0.0416439076593812,0.014311365765610996,0.03156191091821645,-0.05422001296265853,0.001118293402831627,0.0781785232189886,0.058011275528824784,-0.10450170367645904,0.0406464630704922,-0.09590801689479428,-0.005116658508206518,0.011579067443754122,0.013715922459214078,-0.030565136376592496,0.02975507363090569,-0.09205291937108484,-0.010594941979636391,-0.05517089896306029,-0.0008377501318351504,0.011908642304843793,0.017770507336200062,0.0878890745748489,0.29622795787020967,-0.0021794265703326283,0.01733385821981995,0.005348421809359654,-0.06319605590598742,0.0763214815044242,-0.012189510087442557,-0.022833410070639368,-0.01942468592115243,-0.012379695619758557
QRSD,0.03476530695558593,0.10438504815152362,-0.009722023905939957,-0.12178268588530608,-0.026388816190275277,-0.019745340061273667,0.03032642616420339,0.08148384943678699,-0.08817389383892954,-0.011279216388172947,0.02525216050274607,0.036323353910389294,0.018401304590153614,-0.03388168326765248,0.0665228890497768,-0.028339501561937125,-0.029757960397475077,0.014127885724335982,-0.0064578752460225305,-0.006356178443331949,0.018270047999735972,0.002621701392576973,-0.026236637762841263,-0.035632743211977944,-0.003627875818678639,0.04554467780454185,0.013003567480211814,0.009437011776977474,-0.013497442508367222,0.02884996901081844,0.05104449855655942,0.07827376402660258,-0.0018659277364235394,-0.03861493827251453,-0.11860425932615713,0.021920524987117652,0.050246200908589014,-0.03929304434060988,-0.09006076630742162,0.00012667023557112942,0.08314579667233664,-0.04615407474383814,0.06468299680788499,0.06721693879295455,0.04814923592288268,0.05382159749839067,-0.008621806019219374,0.10662266283497165,0.032196076973980574,-0.18218964956167089,0.0371212314522743,-0.008742650108930045,0.10618750952335176,0.04781250403586015,-0.020062689986655155,0.1555737895275006,-0.14445664264005417,-0.15692891107488768,-0.18721673557445087,-0.13697179515220906,-0.19332924973195137,-0.10421765925776878,-0.15180948224520677,-0.14725192818094385,0.12951318201439602,0.15762074380312185,1.0,0.09737121543046276,-0.07308695017897787,0.06640100986635318,0.00820772531324192,-0.018614798005753514,0.019164822118165115,-0.13049664885824486,-0.0003238072408604479,-0.07493888251831965,-0.04523693768551482,-0.024855177157491734,0.012307345896017795,-0.0347552418763121,0.011534757590175826,0.039548082727003095,0.019396283031589287,-0.05140510930315243,-0.010740014690470001,-0.09206864859497904,0.0014509135335029867,0.011136440039410249,-0.027028417810715574,-0.03479074111905451,-0.0017646530719635377,-0.06724531369404832,-0.02191600973151124,-0.03904278529081593,-0.013353417520348514,-0.019985025876555016,0.004905842798099978,0.07622122082000263,0.18245580640824624,0.013934325263283195,0.01522799768423351,0.013152019185662538,-0.03650724619913165,0.009486800883826479,-0.029294584184882292,-0.008480702075104731,-0.006676909327932881,-0.055028518407439594
QT,-0.057407494104851194,-0.04046212848446074,0.004415573769682993,-0.12258123679978133,-0.05234171157458612,-0.03210868076883946,0.021697269775553082,0.0052971493583183725,0.014121021633322376,0.0037981471055617646,0.043438623446913495,-0.03318473502696006,0.000196957396104084,0.03073509560253438,-0.001342890778029362,0.02781985712798991,0.05312706121127592,-0.03950006638470362,-0.006331788672962188,0.05344030866936909,-0.024674112190400044,-0.0191476921445501,0.015104917027562219,-0.0027016144696543716,-0.07619631141798133,0.002515933441968453,0.031485052933415476,0.02199399837920322,-0.009945497476664202,0.05060630791572773,-0.018278625326243424,-0.08039429331080222,0.11098792929165957,-0.03462824779489026,0.07853081472738102,0.01625636869152398,0.025909246954413667,-0.02185054610904198,0.08756071758099543,-0.08080918342365294,0.0894316992087213,0.043506588875963696,0.0873832267889737,0.06438683363422215,-0.010576172284018987,-0.012469956733384954,-0.01830351398549678,0.11206267006596643,0.01930363391017967,-0.1396966070813166,0.060029566840022315,0.014966773234457446,-0.008923613604827437,0.0023011949360666906,0.03213883518080262,0.07566466236128767,-0.08146536400982893,-0.17354588909892216,-0.09649675703294402,-0.012010992539772895,-0.017212899219045726,-0.06831167229290837,-0.10490127704834998,-0.007188064509689474,0.02118809619442715,-0.008824307345732352,0.09737121543046276,1.0,-7.287862959531813e-05,0.007968096122687101,-0.014645303113426413,-0.04505364953269992,-0.003592654908542152,-0.06637284931109338,0.04668489936245804,-0.026213370891748595,-0.10322131774853664,0.00804051524545002,0.001484397377506711,-0.000937711218733418,0.029305432830749156,0.0649720198545985,-0.0319032061124318,0.028187199384392972,-0.08946276182207,-0.10659793853428945,-0.09255086938138865,-0.0766403678330068,-0.026763744201612465,-0.06507222708088387,-0.010510351306012472,-0.11551360837434875,-0.012841478558991079,-0.05281174597427135,0.008420403726223052,-0.019935723161139743,-0.008415517989486466,0.010110368847679392,-0.09781145978525375,0.09343318194009108,-0.07721900690315511,0.05218807423754179,0.014557301015074525,-0.01156272251572426,-0.055970008119001956,0.013142803676285833,-0.029432669061034603,-0.05884632876732977
QTc,0.13672871829745947,0.01639680657611652,0.04680029131455344,0.12169868048759058,0.04299798924320285,0.07105417258583721,0.021343103254679703,-0.0065484852994161825,-0.005303214946718728,0.027824502102780486,-0.03581030276407122,0.010525247068910563,0.06909081589172301,0.025326102660713334,-0.05766592028891315,-0.020593789412631312,0.02105523110826293,0.030321998041636752,0.012715738344212486,-0.03767134456887142,0.09937229398894062,-0.003717965670461906,0.05253246560066435,0.011180806073691983,0.021853506171936286,0.0035572548805664368,-0.07254124198196847,-0.03238852279791119,0.005836435749124402,-0.00590246785296039,0.05120179771045967,-0.006327186307840256,-0.03228739342953331,0.01805613586085926,-0.040622067880724616,0.03127337868896965,0.1026826715888874,-0.004707641529153779,0.06873726449218998,0.03535296918185491,-0.009792218914403574,0.07116926697439664,-0.04578814653707203,-0.004145477370738113,-9.916315661012309e-05,0.028996715666653336,0.10002295388541504,-0.005814075453544451,0.017353472801238865,-0.01608599293259384,0.014538826571877349,0.01941729988249311,-0.016501366059356443,0.08072485027712323,0.07466752067347752,-0.006050537226386118,-0.020124990437725337,-0.022407845897046044,0.03504662453393133,-0.01191315729044097,0.13393761798863393,0.02693002613522686,-0.01015623379987032,-0.00880024401880838,-0.10574645538783954,-0.11020115002597154,-0.07308695017897787,-7.287862959531813e-05,1.0,0.008941659961789158,0.002581261377556089,-0.0014183220818399008,-0.006222833286101065,0.13716927440396398,0.02321154718311049,0.03203585463475339,0.10038906613150268,0.07342743258982898,0.06670718341318041,0.04169410459507351,0.04833987190298376,0.06718323446986092,-0.008336029788258911,0.05974003075152496,-0.00922258458750327,0.04873675902789161,0.010496731320805454,0.010462219351618106,0.006482303606554988,-0.02083662308284794,0.05131226201763196,0.07275497810887221,0.027331529811953498,0.09575411725399392,0.03262019583928075,0.0246208047920664,-3.772154850457571e-05,-0.04426665737603281,-0.16095677392598498,0.02158551304450051,0.047635815362617316,-0.027147609598082247,0.0625081833875747,-0.11596248157898943,0.001409683015790899,0.04310006704396696,0.009763282436921204,-0.061747643980525985
P,0.060161252280289866,0.03983705177080485,-0.03700494869708079,-0.019157875329260516,0.027081871300237453,0.01972586007146387,-0.017493115553843364,0.022965908385939413,-0.02184024725226464,-0.028680676514227562,0.014836899983475739,0.043352125147418034,0.05148699704416388,-0.04211888510450567,-0.01622635987141255,-0.02312694433736816,-0.04227120295683554,-0.013002146802896623,0.09370968820986252,0.027506731700531462,-0.009424839496248637,0.005120943676620999,-0.01572914079026593,0.03563541583503813,-0.030276281112408928,-0.010924437798355197,0.029841816168496318,-0.010965759280625348,-0.022517721787944117,0.03231849267723922,0.037990500133921815,0.048287214055395815,0.07336627569019562,-0.010699445266708092,-0.06251193564539698,-0.0299599628225619,-0.041625763366605055,-0.0059513617074946155,-0.035589278513153084,-0.012040373512605522,0.04636521031090335,-0.05798007698080489,-0.02830163584033345,0.08943340108079788,0.05606261455289969,0.036802453083859,0.005488000040574957,0.04164645369166516,-0.004629867872877385,-0.019988866064541776,-0.035062915563033814,0.03899581395504274,0.014784912585767564,0.00346321768918168,-0.0068009560164630795,0.03412149026159603,-0.008567792662120639,-0.05195724994092617,-0.05901184725140727,-0.09885531071973448,-0.1627254572379461,-0.04152127691831727,0.004139138088700222,-0.05699215139002364,0.041671412139002405,0.07292413420464638,0.06640100986635318,0.007968096122687101,0.008941659961789158,1.0,0.20084719972645226,0.009836913454187891,0.0022363244454285435,0.028777001965455778,-0.0045136499656730795,0.01840566139605453,-0.036548505201617586,0.053038134106154884,0.001121155207621795,-0.06494795707625185,-0.03891803948325081,0.012333314551917563,0.02887920521811583,-0.08407536667924567,-0.018047428469898135,-0.006106446614607638,-0.01451097888641276,-0.021990531757872817,-0.026111329307734375,-0.03242796281365143,-0.008209453988905215,-0.05808265353806945,-0.0017048637499371619,-0.00804930538610949,0.04924915734450627,0.03180200244275749,-0.03894128264139782,0.054573737382875145,0.02842834358085956,-0.03906211030677108,0.018606583220292197,-0.038201431982468344,0.00016482784548372994,0.005812845239295174,-0.005340575877286137,-0.0002990512595349603,-0.022199703500596125,-0.02042129371656835
QRS,0.010741541302968987,-0.02019522904071364,-0.032053026202071615,0.04073554595684956,0.013882998468074267,-0.00810437024898251,-0.08334989653154613,-0.0387340930782132,0.019143945400462693,-0.04864530200158518,0.003547868683003452,-0.014927370283085346,-0.0370617134087107,-0.03222585758817802,0.03323344867227298,0.019102937857299707,0.0180401156038061,0.0022478100729003947,0.08560549859372642,0.006664665655726289,-0.0013437634618645913,-0.02207623096587333,-0.030678873480518596,0.026025934194813315,-0.005151971516594548,0.020919936693816643,0.03414933245487924,0.020436415514185614,-0.028536162154068723,0.010346689006053086,0.02479014164457898,0.025695453483756403,-0.05017085430458587,-0.033332033043815046,-0.01498774096315193,-0.014378994100833944,-0.0962256737890799,-0.006136019632062382,-0.09144000214398727,-0.06660252830514807,-0.005181872368492818,-0.009238947383017518,-0.05446348267869714,-0.0722981219731236,-0.012377930075534914,-0.010616185199855192,-0.0253080499669117,-0.1264356269433419,-0.057776304555679184,0.01993242641341552,-0.09232671685134601,0.015665667976002662,-0.06431843708449879,-0.044420711772123825,-0.08165352018582105,-0.06731996947386523,0.009936488755614084,0.045956142619705403,0.07470459883238004,0.055076972605496335,0.039942431805961666,0.0700696001068816,-0.014162645824000276,-0.0021568630682591485,0.034695488128720635,-0.0068224727206919146,0.00820772531324192,-0.014645303113426413,0.002581261377556089,0.20084719972645226,1.0,0.0035000945740681004,-0.004547107431108278,0.03524064049919612,0.0066931849606113,0.011415718730946996,-0.02077658212096552,-0.01215311149029304,-0.0008035904130277973,-0.03256120876134172,-0.07546948567911047,-0.05934268338769056,0.003987690295073664,-0.013043155816687742,0.018365195532499035,0.05411634960633,0.009417733356404308,-0.04699009911560403,-0.0247868344471557,-0.041600662836274345,-0.02165872563780958,-0.012044582908212963,0.002767226912880693,0.007379144132208972,0.011751636226544614,0.026037258518670708,-0.026119607382432544,0.002377002186182601,0.021301789814017633,-0.029864808816316077,-0.030703902232546584,-0.06963919938399721,0.08531516653952458,0.023050113397147805,0.027743404091724745,0.03433303651536294,0.029033053785493604,0.04524069684857405
T,-0.005138572109707699,0.08002716409406094,0.043158057233652736,0.011962952021378493,0.037628653518755814,0.04017209386458598,0.008957284416424915,0.008849116442799778,0.03629881661965453,0.003929175243756647,-0.05660187470204324,-0.01938823815837494,-0.018393930230021952,-0.051816210426684405,-0.0349069929169097,0.03311145333365315,0.005029324673468546,0.01403804447740657,0.03677442235398082,-0.04093576875405674,0.04518482914132811,0.03534973886081283,-0.007823992764195035,0.025390468879419644,0.027361544609279954,-0.005293723333816873,-0.008675973253431833,-0.02615783863666307,-0.0029547599095017824,0.008457899458861303,-0.040781037440690206,0.00041310693685890615,-0.011210386223091113,-0.0019904936289753825,0.030383758587341703,0.009974423130259326,-0.057999105296549995,0.05348268174691243,0.010501196181272952,0.004831255993545403,-0.011229410097841943,-0.06302486232519086,-0.03711156948285496,-0.05011657398194326,0.006765011974601623,0.05881451693428659,0.06450177886457176,0.013565268512336453,-0.08381311608766873,0.05734611821138191,-0.010322377294724768,-0.07072660113900701,-0.017074338268141257,-0.028610099147920946,0.05511196633613712,-0.015561452377863695,0.0485464416968483,0.025676628050213507,0.020237384813164533,0.0004335841361524071,0.02612807316917027,0.016028104381280623,0.0322589440619563,0.021078803129240757,-0.07068797735833497,-0.013201916044222795,-0.018614798005753514,-0.04505364953269992,-0.0014183220818399008,0.009836913454187891,0.0035000945740681004,1.0,0.016875616360739747,0.01051077831247372,0.020422141076220663,0.06827900380027592,0.01117870007330064,0.009366846245162071,0.022254484007720995,0.05410422001667422,0.010549160108648566,0.0895298955385017,0.02058797534441048,-0.061995360988883585,0.01078363465803898,-0.04715575912796483,0.01998206804719518,0.05781434299670635,-0.011568407066708553,0.010941459848037122,-0.0015307563692719068,-0.03334701934859297,-0.008339088140718697,0.027529448156793118,0.020366393939118425,-0.032921062023861025,-0.0023830591442991237,0.02030440058251212,0.013218572019873333,0.010978622016927468,0.10174310105330596,-0.01400138891411428,-0.08583869562986864,-0.011125751999097263,-0.010278795720736394,0.000593082308890333,0.013731140392693868,-0.017188611740112058
Age-related macular degeneration,0.12924642073550088,0.03206017187628851,0.016606371994790172,0.051378054431468055,0.01024938132149061,0.03225169585044348,0.009758394503998121,0.055607363000801144,0.011352234221518447,0.013339777490686143,-0.012003571573526951,0.062089049674141035,0.015211174399557664,0.012942805403834402,-0.004026224956633165,-0.04431306806400216,-0.029995507078286375,0.00912207337864768,0.0007370081611641814,-0.02184144314432719,0.029889336433257353,-0.002992870860709035,0.014067039200110074,0.052004608914374945,0.04129231599260219,-0.021541958424851414,0.022064662580558263,-0.029748739490193844,-0.011038126525032927,0.0561340926657719,0.03434290802097798,0.06698033082610186,0.013819877860859931,0.022452849818817996,0.012890005719444169,0.008078146524387727,0.058681144435427476,-0.015069322796631477,0.027120804004592176,0.020035984342300566,0.08914688201176163,0.07551959973851659,0.08368043535399963,0.05191194471740819,0.05331872930478787,0.005779715547567419,0.023624821535645584,0.038373547481928484,0.05672061378212248,-0.08165066793360878,0.08689832506417296,0.04471854108964693,0.03221689105755321,0.12526494612707126,0.01979094656305769,0.04995806318943672,-0.03956348746596595,-0.08082190790251534,-0.07831976383799637,-0.04831954549580816,-0.038227260775971265,-0.014091113047395416,-0.04315792463162225,-0.060341176590960666,0.07748371097213677,0.014963398249857717,0.019164822118165115,-0.003592654908542152,-0.006222833286101065,0.0022363244454285435,-0.004547107431108278,0.016875616360739747,1.0,0.045232210361994526,0.034131341588274466,0.061887966685104115,0.10906285108642734,0.08788372050607911,0.04516674669313808,0.024499929286803238,0.0062314560333349665,0.023775793808980192,0.018041681488782945,5.532671424995601e-05,0.0001756161633843073,0.0328552929453006,-0.008198126686834476,0.016788796367011954,0.08204222982205528,0.14671813440774328,0.15025842583748644,0.0626949768102032,0.07400262392519134,0.020374101977672896,0.033700699479237546,0.020301003722176407,0.032934345503248676,0.03644912487354986,0.03880466940778748,0.02575929668413184,0.016147777096093188,-0.01968448215215712,0.011163028564606808,-0.012211082412942012,0.008245799520288848,-0.058233736509719004,-0.1312877656066998,-0.09935631599710587
Arthritis,0.06600968202096998,-0.05749115877389747,-0.03973100000704515,0.2778990492303171,0.08591193171877562,0.037441783514718316,-0.028131204367126215,-0.14215807211520506,0.07798620845602144,0.019108082352498057,-0.03367348324878635,-0.002318442662981632,0.012652204864028195,0.03827865933676753,-0.17493497365032504,0.046492938126425534,-0.055393321737645045,0.06460183188896322,0.02632899965087122,-0.0791027907300113,0.046673443463733436,0.014547879151611412,0.19912393734342113,0.016813755514280052,-0.008715193807291882,-0.005628196981033953,-0.03815245672005863,-0.03528653000038304,0.009115952556623676,-0.015731121612120775,0.0400396135125644,-0.0033663618409519136,-0.0047253214590626215,0.11649117538557562,-0.011588960318502246,-0.02006939288606844,-0.015616075950743808,-0.003196133969981708,0.11375703147403103,0.016774777869715228,-0.020859439571215138,0.08163686192870226,-0.041071530115743674,-0.053179861817178355,0.013907914214109635,0.0124538683814814,0.05166602607180937,-0.13841847879772187,-0.042346320924032246,0.10497721792484938,0.028729356181470246,0.033911431201687686,-0.02888523217863226,0.0898186400886365,0.02089820987798139,-0.11121564562433713,0.060171338609946556,0.08217703070949554,0.12475145695009018,0.0596643565072179,0.12349368658633887,0.09452025329872354,0.049534418418641445,0.03171584518321931,-0.05223809372518427,-0.11035607089567973,-0.13049664885824486,-0.06637284931109338,0.13716927440396398,0.028777001965455778,0.03524064049919612,0.01051077831247372,0.045232210361994526,1.0,0.06346810525034703,0.24020796092987928,0.2613334692992007,0.17358145376199152,0.046345417353845265,0.14624260853474969,0.0033332206452614983,-0.048904510557146695,-0.023968508964607057,0.08179545470818254,0.007735351747299602,0.11815186085176548,0.028903989128441773,-0.0006267023957664899,0.01603845171277799,0.1807262681067377,0.04412941401601944,0.30257435638275115,0.17338893588955412,0.18576580619417107,0.12980513111744418,0.06928002664331631,0.011244569291766461,-0.052336875657592395,-0.11219027110626874,-0.057459549490561874,0.019513876751534077,-0.052418381776499524,0.08539496970864019,-0.07210633170940974,0.04188289739004686,0.00017682923052227386,-0.008966028123821758,-0.07689936458074169
Cancer,0.05739412846596196,0.09134503613018413,-0.0038653500111554247,0.05595823639474203,0.0008372642065408169,0.03588937547929822,-0.012827184399910905,-0.09913996076451026,0.09926175996761805,0.03157041416864591,-0.03349476593532749,0.020215545211331575,-0.03938696124750338,0.018495490418041865,-0.08621757935945779,0.1229496515561585,-0.018736255696195334,0.0076033011974193584,0.02500874123310757,-0.013342947871210993,0.017528618027198562,-0.016387334802324564,-0.012072291918899244,0.0283326449551641,-0.00230495607114077,-0.011270360675866713,-0.013164044263957985,-0.025143071150931538,0.010751501710567902,0.07359693613727164,0.031234871980234332,0.04088356688676797,-0.016719515878401224,0.004489183352166993,0.035070712669099065,-0.01619311656660334,0.010181748709728995,0.00528720423265085,-0.031285951812804635,0.004066960580601551,0.03214600566132407,0.009149153576677387,-0.026453730069707172,0.02729766300735051,0.0015689926058653934,-0.04486966740729796,-0.0389543150049254,-0.01631417258159587,-0.04805023014651429,-0.03867105176965273,0.023293765350276965,0.03367138367285846,0.04301736317813951,0.033177505138838916,-0.0609085775136783,0.025797977512819387,-0.01539884667567826,-0.017539526450938273,-0.010115539828060167,0.043769020493160296,0.03762559264864228,0.021160550276802175,-0.05093740276340915,0.03306413768941799,0.047022465537053054,-0.004743239337061455,-0.0003238072408604479,0.04668489936245804,0.02321154718311049,-0.0045136499656730795,0.0066931849606113,0.020422141076220663,0.034131341588274466,0.06346810525034703,1.0,0.31131300913581494,0.04817028741020791,0.1619755518371103,0.06668941642577204,0.15337332213654922,0.05062303841709208,0.1262405615309591,0.04075979897488381,0.07774541768491997,0.03860867624313042,0.05105905938148844,0.021256130883213663,0.017083834717192815,-0.036048107999965086,-0.06109594152049245,-0.027598668160884514,-0.10250846187413576,0.15054830747217837,0.05534390704816827,0.1567037388745632,0.05368365980514233,0.04350338018604737,-0.006460655468521092,0.05528368622725836,0.05328141710356936,0.001812412744314562,-0.04970634213740594,0.034197351210136694,-0.01285233786557202,0.02695728903754453,0.008656484120470253,-0.03470455224263934,-0.013298118430425221
Cataracts (1+ eyes),-0.05902019586797957,0.08692933462085006,-0.0159012024992261,0.1240709192840544,0.061815720190512326,0.06275102130304812,-0.053199309441167804,-0.23630689482761758,0.14874144579960838,0.07369860581093203,-0.0906172464195818,0.011288762116450681,-0.09547520312015928,-0.00956972834009623,-0.2193968504218841,0.28557660630472786,-0.027862571916317743,0.014401872896422911,0.07396458794121329,-0.0541073906814498,0.011707857239596503,-0.012939808654393804,0.0394117045373487,0.06666088813341428,0.0029895538188055683,-0.05790876723822584,-0.024122343158720853,-0.04343242700093572,-0.04446880389617374,0.08814422201122095,-0.0027184069624474456,0.030000064220855608,-0.08222582856665586,0.04859202763999367,0.03848804641984753,-0.03967154075548369,-0.043022610796990074,0.03582135658473748,-0.06327019450005017,-0.005929246989023735,-0.0033852836098445895,-0.012864409260964159,-0.055993198364691896,0.0022954496368209716,0.05280061505934159,-0.04985176761627027,-0.0656765783674437,-0.0978550973365228,-0.11024072563993138,0.04030415643258427,-0.003538714836872172,0.01369455555785664,0.0029605419726455398,0.053426247097711016,-0.03654895347382876,-0.06315396543259093,0.0012372105229550472,0.03683266169330454,0.08939922107438557,0.08313502273495652,0.11447569656673091,0.09460487599461892,-0.03544425036540974,0.010692411783756258,0.019594727254891194,-0.05346013248471795,-0.07493888251831965,-0.026213370891748595,0.03203585463475339,0.01840566139605453,0.011415718730946996,0.06827900380027592,0.061887966685104115,0.24020796092987928,0.31131300913581494,1.0,0.08306668212010186,0.23272533139661106,0.08031129137286765,0.27659674725594907,0.06257672938193176,0.09718716707609505,-0.01359282695938916,0.14483399775670444,0.04119150682441009,0.13415816014247994,0.10108695353084407,-0.01278370525023401,-0.030383500335024047,0.014095017003033169,-0.01852005944846849,-0.19305913045360626,0.23668544066950672,0.24967181465495367,0.259476673361005,0.12178032566420328,0.028208275263977095,-0.03256131849776168,0.027972219454358172,0.028495660678443346,0.07186733660206829,-0.09055804168137753,0.05473953770417745,-0.03162333809292779,0.05095292751889193,-0.00020708786138075774,-0.02114647424124877,-0.06544397288628367
Chronic pullmonary problems,0.1975176452726795,0.0438762627480698,-0.04509482490680849,0.2537058290302722,0.08585530952825618,0.0627118375835442,-0.03909478246826553,-0.024944995898205667,0.04113618983442414,0.08193480607221428,-0.03208535573586818,0.054550377037063384,0.03341148089087762,0.05497110825011764,-0.017739425549026917,-0.016306338175309482,-0.061871828968712184,0.04838153694106159,-0.006141102420991521,-0.08274314668103691,0.10494203472318213,0.008659149453775581,0.07686715447225062,-0.03220630015704586,0.014961838409956327,0.023178114330020476,-0.07924133851643186,-0.008164326679602275,0.014863941895009504,-0.032480703117837045,0.0954479881028064,0.051873208975307915,-0.04074371741182765,0.06981732045635937,-0.07090765270025189,-0.005288080421455895,0.06266067907769779,0.0007622724185157472,0.05474693935819244,0.047159202488752515,0.0321794989814413,0.13086556388766113,0.03613748253799107,0.0009669868710090932,0.028481186874484723,-0.008235265361750259,0.018647659335392804,-0.03429323191902307,0.047279029204666104,-0.01209911343469336,0.05902372577575968,0.05319985033424072,0.010512732521250064,0.06317758515170746,-0.009742225228404348,-0.018595447912401343,-0.02581295781182284,0.028737280327407147,-0.00412623001848485,0.004628018957564714,0.030864884073365104,0.017903978447626926,0.03186575232201958,0.002491576768342137,-0.025292203567961552,-0.0416439076593812,-0.04523693768551482,-0.10322131774853664,0.10038906613150268,-0.036548505201617586,-0.02077658212096552,0.01117870007330064,0.10906285108642734,0.2613334692992007,0.04817028741020791,0.08306668212010186,1.0,0.07498611233240562,0.032442956009091944,0.08629362037448426,0.037643281037262936,0.012374392554349295,0.054625957449304124,0.06228227374513798,0.022411520697494462,0.09212705155617108,0.03463292692593251,0.008134615946858029,0.03314557855164313,0.057897861102785435,0.04269713964125478,0.26190247418700086,0.0872103347470518,0.10494980188803901,0.11081318426171784,0.0755029306363067,0.04136313539902105,-0.011307821280629932,0.00634945486715201,-0.026109047344985266,-0.018633900215131578,-0.04423510653584654,0.11245564933858078,-0.041755165712421924,0.025605928052899723,0.025284564952477228,-0.010765963930150602,0.004471886008954664
Circulation problems,0.17229938799795344,0.0850786872069055,0.028649395619543036,0.07623947903899526,0.0044854100552042505,0.016785297903379084,-0.007599717459915907,-0.03584890295458044,0.011539651985130303,0.055412675797757556,-0.04475086499469062,-0.00586923467772701,0.009528401184702074,-0.028498348842997845,-0.06505767420847156,0.05117417324155218,-0.00951062368290464,0.020794329373383404,-3.184462691334591e-05,-0.010539119500908068,0.05796559484705368,-0.007117989369938025,0.0510437370097579,0.044753571451834916,0.018014822046533197,-0.02051521696421056,-0.006665784662757706,-0.050839556934634995,-0.002306860206481457,0.040934729563037765,0.04805941501022641,0.10413229749734469,0.020284137864230757,0.03662352656136549,0.0014655382031998274,-0.039809269409088244,0.01584976025633055,-0.025438352757866066,-0.0019784783041587733,0.007790579709090402,0.03771605426316049,0.008575938386202037,0.009966255384735404,0.06472380400642008,0.02351342037441225,-0.016554504354414416,0.010563196793410388,0.00854607680140195,-0.014369273283525752,-0.04522814121018783,0.02325890732079197,0.057689601714053566,0.05441461558502687,0.09635678661255044,-0.02890728238045566,-0.03864015102193736,-0.03542675416539274,-0.030227064287057324,0.014183382037762326,-0.0056997284466843825,0.023659063544465293,0.004013745964202307,-0.02016762520804468,-0.043931085696480944,0.07546566840118121,0.014311365765610996,-0.024855177157491734,0.00804051524545002,0.07342743258982898,0.053038134106154884,-0.01215311149029304,0.009366846245162071,0.08788372050607911,0.17358145376199152,0.1619755518371103,0.23272533139661106,0.07498611233240562,1.0,0.14331502965243492,0.12180301125784777,0.06290338020676035,0.15351671862925054,0.04455456409841284,0.09000869595581824,0.003782925888777477,0.028108950894046986,0.007202865594875994,-0.03337130240711559,0.010741820135527923,0.001988675450012189,0.04840999330596228,-0.07706855283113467,0.2030974080210954,0.13946088700562073,0.22348831837651154,0.08292303565633415,0.03206508397470243,0.051082267587728894,0.047547197361421975,0.08835208182557222,0.01251004673474759,-0.0327806454165521,0.05503067656043167,-0.03631712205815506,0.006406221073515452,-0.005308851328972732,-0.060358398465637675,-0.09884854758991891
Diabetic retinopathy (1+),0.10699425089674296,0.05367903141788668,0.03540786044080022,-0.019244560370633546,0.015964933813902144,0.03163730890183338,-0.01055659470517479,0.02321311013880521,-0.004144395117533582,0.06703097331471125,-0.0025635456423785115,-0.023417338761761174,0.0028705649781449283,-0.012047183864284128,-0.01654668026076245,0.024268681068339966,-0.045285837936725554,0.009691243402988933,-0.014636515397062328,0.0065516370852069525,0.0027128226223111077,0.012355306155238185,0.017171868032669027,0.001976718042121456,0.026243174419738315,0.001246759144886752,-0.030496883961250654,-0.008203864594280073,0.013978941865613555,0.0064876480693159865,0.046994632048991944,0.03626683900535575,0.065121628129537,-0.01771316862381426,-0.00012141067626615911,-0.01869218070645739,0.04761342668886396,-0.045734913736378606,-0.0142863494056729,-0.00491047054067189,0.016588753804126895,0.005455719869589513,0.03812328720903505,0.08831487858193077,0.033731305868283955,-0.0012443659339670715,0.013590826913548352,0.04066659704509029,7.934046338498149e-05,-0.046225515532680714,0.05965998138652771,0.027678986227702145,0.05156596790900521,0.07686806152919948,-0.008726548905914037,0.011937899583272868,-0.02110618150446596,-0.02831065505227315,-0.014326309665732256,-0.026964947645483954,0.011123204205289661,-0.03573151888605641,-0.05023772991124518,-0.02863065158557036,0.06909075500694738,0.03156191091821645,0.012307345896017795,0.001484397377506711,0.06670718341318041,0.001121155207621795,-0.0008035904130277973,0.022254484007720995,0.04516674669313808,0.046345417353845265,0.06668941642577204,0.08031129137286765,0.032442956009091944,0.14331502965243492,1.0,0.0770023152703218,0.10804740836780799,0.14222895547640726,0.012355752682527005,0.07783356588271372,-0.010340594306174313,-0.03412679699674555,-0.033494732764738105,0.020883970300004853,-0.006131856464229844,-0.04636839922283981,0.05600997982386165,-0.030128759966988012,0.10689999856858791,0.06561409027817848,0.09519305556079422,-0.016523884421278917,0.04974729807949785,0.024692828094005803,0.03754574091110663,0.11426933550556762,0.007520895208552295,0.03243676779565291,-0.010105527757457237,-0.02623697853603485,-0.006856898918990954,-0.00044834410607784897,-0.008128435492527382,-0.10568884270991351
Digestive problems,-0.09196252187294572,0.029228116734742505,0.1547509743125436,0.0719469911071028,0.009573848626128251,0.15558180010244838,0.05492909934443424,-0.1535377143383569,0.08659833798574695,0.17260767386557074,-0.09386640117210285,-0.017875006272683527,-0.032424700615793445,0.03343703229805958,-0.11562553886574092,0.1300139669152431,0.034288421381411145,0.06986586991154171,0.04416060404486116,-0.047314519938500756,0.09094261085207464,0.0526494145537083,0.0063381569574246155,0.016581443909124364,0.07862642319186422,-0.029874682871585838,-0.016439750390114683,-0.03517456959591901,-0.0012066285581909296,0.006917751646615114,-0.038683516402231964,-0.011307065630379092,-0.035051471802836735,0.004087770460488954,0.08938488945185262,-0.012346128734531073,0.004184256327299851,0.06334907502414165,0.037132516296610296,0.008579617119061321,-0.03512701827218084,-0.022217506369274546,-0.056012171707940324,0.0485349452586803,-0.0039720673568646135,-0.010128808202903973,0.01976040383169872,-0.0005550227806689876,-0.03662608976160144,0.018476095058291262,-0.0006564755313463562,0.0012622110599163029,0.030353787503772912,0.05086558768026014,-0.013814409254614671,0.023384181514048877,0.039583118556341515,-0.031267228622153434,0.07047497634164557,0.07029599187094539,0.10477514010953776,0.03932036374999552,-0.006607504667703063,0.02354931464258965,-0.03438774366586384,-0.05422001296265853,-0.0347552418763121,-0.000937711218733418,0.04169410459507351,-0.06494795707625185,-0.03256120876134172,0.05410422001667422,0.024499929286803238,0.14624260853474969,0.15337332213654922,0.27659674725594907,0.08629362037448426,0.12180301125784777,0.0770023152703218,1.0,0.09057058128480384,0.22206935139670572,-0.08150722692776512,0.18676534518212964,0.02318942326206708,0.00973740996565285,0.061415817091056674,0.08918288433753514,-0.006077555155942696,0.01076136230130607,-0.04285750079742305,-0.036422740405858536,0.10486628055929761,0.06856244045794824,0.07964866225021845,-0.09652866879847649,0.027636308546778402,0.04066750060133857,-0.03373036207673261,0.11041982048246256,0.1470284629931181,-0.02904195051457455,-0.06095292403702897,-0.08301139768760138,-0.02951210421745636,0.0018691875694490409,-0.011327491249078604,0.0383567421348643
Marijuana user,0.0437927528359179,0.04244307259594645,0.06408954162198603,-0.0007441676814578257,0.04305803030658817,0.03828769872766322,-0.012904214500164926,0.021304966653918886,0.0019747802841609693,0.09554461127179764,-0.002809675762055669,-0.01692472462249509,0.007131229020837498,0.04763060736131868,-0.00874873077971062,0.03814327245897924,-0.013806962070994562,0.027150119509190312,-0.019297218523743446,-0.05359257922544468,0.020604715059142364,0.0015116662200606202,-0.00994347440370952,-0.0671605676571309,0.018010041409446464,-0.0017497482253346758,-0.04157592731466929,0.006552346525982559,0.025405099364560806,0.012313564996179055,0.025405245144229673,-0.0044873839027949735,0.02072635482201023,0.0002695488893027336,-0.014856461464203113,-0.01041286880358358,0.07625678440713654,-0.027151596757704642,-0.0019976037284471326,-0.008931232371547897,0.035332164163637374,0.014135637386252717,0.004250825247526752,0.06100853278157791,0.017654967560395148,-0.0034579550132948986,0.03056307189400254,0.0578560251872418,0.022425742512295052,-0.027118094419349658,0.03128402417694247,-0.013484921027645593,0.05184226179097509,0.010808296981603151,-0.0058556879885701876,0.0332956079556874,-0.010679579456644063,-0.034943657091318046,-0.046434111432361265,-0.011052987983861262,0.010858683699549766,-0.026257863141038784,-0.022870856946611676,0.028203730620472944,0.04394939255660012,0.001118293402831627,0.011534757590175826,0.029305432830749156,0.04833987190298376,-0.03891803948325081,-0.07546948567911047,0.010549160108648566,0.0062314560333349665,0.0033332206452614983,0.05062303841709208,0.06257672938193176,0.037643281037262936,0.06290338020676035,0.10804740836780799,0.09057058128480384,1.0,0.11678871281825046,-0.028852239148366883,0.1390719637720361,-0.0192260311810072,-0.05068093704731232,-0.03969106957006782,-0.017100091689706533,0.017123467669633196,-0.06117202648806265,0.03620351436638176,-0.025066227988963623,0.03059629129639228,0.051410440813116874,0.03205644443494237,0.009616984567732278,0.07174060651780251,0.06134368026053259,0.013372029960992403,0.1605161920953244,-0.02675681218502718,0.07395761477845836,0.02931535527180348,-0.04082620304730891,-0.01870190184206025,0.020027131616191816,0.0013494469816564385,-0.044330298408620177
Dry eye (1+),0.15322620654399685,0.24234637047318622,0.2439602862579468,-0.04542576946746045,-0.02476963319786643,0.07768388300001347,0.12874093054496089,0.027922871450221813,0.06098284396598958,0.16524709369471408,-0.10699194480304466,-0.04622404875855762,-0.08807687876768189,-0.11040243915727041,0.026931604033498487,0.052143437916584136,-0.03224851352160696,-0.07443340730151425,0.035451996240212516,-0.013903778301709645,0.08916834049270013,0.08694646968036944,-0.034011720208892454,-0.03506990280120129,0.055131494158396216,0.013743102327936407,-0.04883023852469175,0.017127979180187703,0.018688123613185757,0.06118493269764901,0.02643135734279427,0.048201396637461966,0.025160534892927643,-0.0008190969533511549,0.040997226448174065,0.02475286753616039,0.02844540601299072,0.038695768290866836,-0.00022887839949887695,0.05919611675661407,0.07261340059277689,-0.015728614587540674,0.05171664460723618,0.10871226488930086,0.03774261543384185,0.014253468009072148,-0.026840867948372153,0.13543661593794742,0.004173272973875397,-0.1238814938240336,0.08260262430664617,-0.029474695601210795,0.09578642906350604,0.02144350773346438,-0.03955073429790513,0.07558441037786302,-0.06421638912352665,-0.11237789317639128,-0.10460557230020331,-0.04987751175139734,-0.0203972892892054,-0.022051806117805203,-0.09009394243353847,0.019532303490590607,0.07526382235909733,0.0781785232189886,0.039548082727003095,0.0649720198545985,0.06718323446986092,0.012333314551917563,-0.05934268338769056,0.0895298955385017,0.023775793808980192,-0.048904510557146695,0.1262405615309591,0.09718716707609505,0.012374392554349295,0.15351671862925054,0.14222895547640726,0.22206935139670572,0.11678871281825046,1.0,0.061780040068794874,-0.06109385081021603,0.015365679114794223,-0.26179092543930227,-0.01261301499460395,0.22027534886647657,-0.008437241089900847,-0.1044590632142399,0.012150311567251233,-0.1744499433575976,0.13958040927762325,0.07583356378635826,0.07660529643264738,-0.13236634199097658,0.07777187416815359,0.11816908390884864,0.11247194103168169,0.20242868725876173,0.28198306752359314,0.06660283540194788,-0.34790794363240096,-0.02567983436117569,-0.08834300267144939,0.029636263303165527,-0.028827033427322027,-0.09889044032840133
Glaucoma (1+),0.13476064597304374,0.10101022011012457,-0.002291640107814606,0.03282424495659696,-0.031164743978177256,0.06520746552574946,0.014263978163025885,0.03130177496731102,-0.015525568404564039,-0.020910350988068274,0.04883543575126548,0.060159020165141686,-0.0321933565667013,-0.04195871415058895,0.030226935332499042,-0.055128615955454735,-0.0722760628657673,-0.038048837805310785,0.04193760573562199,0.0387817524104133,0.0010335833086339776,-0.041203562055531696,-0.0015579791690550945,0.06836594840906485,-0.026690838869165595,0.0462926240986259,-0.004307499428816681,-0.03113157270140627,0.0041229811693003545,-0.005154468557950664,0.09671823902968736,0.06417880317176415,-0.058791375320298794,0.06267347202367016,-0.06293687234177654,0.0009690627227595239,0.012077843644076335,-0.010351230674942579,-0.0028241950831223122,0.09275368788372162,0.025012940399353777,0.0190646557327095,0.0632498581374132,0.007060892425018119,0.022186348265687744,-0.023637861695985453,-0.01640294870849785,0.024475031914375382,0.04163422727628091,-0.0499686005281813,0.022265678318741638,0.0690286627162996,0.047523422943775734,0.02526996485420992,-0.05154394248323323,0.04547877534323789,-0.050152017004328434,0.0024144845978511485,-0.09330396092960805,-0.07553243494041575,-0.04632409297272508,-0.05480271540434705,-0.03288029271767909,-0.008180576786715505,0.06581051494702016,0.058011275528824784,0.019396283031589287,-0.0319032061124318,-0.008336029788258911,0.02887920521811583,0.003987690295073664,0.02058797534441048,0.018041681488782945,-0.023968508964607057,0.04075979897488381,-0.01359282695938916,0.054625957449304124,0.04455456409841284,0.012355752682527005,-0.08150722692776512,-0.028852239148366883,0.061780040068794874,1.0,-0.07411078639859726,0.08798401603614907,0.015847749871205553,0.03640145599787589,0.04849799155668538,-7.190815564632327e-05,-0.045048083757901036,0.05677831077735514,0.018104346794806003,0.04550897643864172,0.012969690210655565,0.10591155810431639,-0.009373467617511783,0.013961886560388069,-0.03653569347696026,0.1201314521185085,-0.055468698604029205,-0.006760979202433544,-0.04609129381148403,-0.05847796667210361,0.11903530512074491,0.02782661317922168,0.05038226716761001,-0.011671306912506651,-0.009204516547268895
Hearing impairment,-0.01354398226481797,-0.11412570408610334,-0.045859995673291694,0.061660048329036085,-0.0030840406554294595,0.09043309951856054,-0.05527437121395813,-0.05295461072867553,0.05841202611102285,0.13971714765535362,0.11594040562259213,-0.028469773001480264,0.0270795882102391,0.13344094687753336,-0.012226904353011008,0.07448076969495,0.005323282806251534,0.07351285984597755,-0.04137461294530837,0.015787543630425106,0.04654560670657581,-0.12120625504142479,0.022695599433971824,0.006891922487424316,0.022132823496290636,0.03992931411638475,-0.008968071213622069,-0.058398532144957174,-0.048108690612480576,-0.02485850694952637,0.028096376890990468,0.02666442832618721,-0.04332070337139599,-0.015629186318944235,0.04801416400731927,-0.018588999036288148,0.07795927359324921,-0.041761741996802895,0.07066459062638861,0.0059905161490182365,0.009206809492840775,0.058439791430125565,-0.020539882041050995,0.022164373113042174,0.006552608745334066,-0.03886025909706782,-0.0502405284563561,0.01709120728793467,0.025480988021683554,-0.0014874058554907757,0.01790739750141294,0.0735875138381637,0.04199410860914704,0.022978076185183608,-0.036332710656281915,0.021771373826908528,0.007659640105687124,-0.006821989998931825,0.04113166992662621,0.03700276501695862,0.10497999255040277,0.001972192962609757,-0.0010463927363614613,0.030917444870539948,-0.01865606286425678,-0.10450170367645904,-0.05140510930315243,0.028187199384392972,0.05974003075152496,-0.08407536667924567,-0.013043155816687742,-0.061995360988883585,5.532671424995601e-05,0.08179545470818254,0.07774541768491997,0.14483399775670444,0.06228227374513798,0.09000869595581824,0.07783356588271372,0.18676534518212964,0.1390719637720361,-0.06109385081021603,-0.07411078639859726,1.0,-0.0037953249566660967,0.06195380584383427,0.02089470584348149,-0.12714081088404958,-0.05587493545238918,-0.018058712553708965,-0.0340086335822723,-0.01763721351653932,0.06479520933733694,0.09275120502791888,0.002844994719789665,0.06549381847975994,0.07756113648423278,-0.09772784981623471,-0.10773477368070755,0.0820658435791316,-0.3062849469647197,0.0419935852081878,0.27466041235144034,0.04047115786340591,0.0009897354755578633,0.019861884924161056,-0.005151908368620787,0.021668474316223905
Heart attack,0.028085282252262575,0.0626994269629547,0.030127662998716935,0.01513310924924692,0.025454526580045513,0.034118057952670734,0.0010606473867131945,0.018250210028881046,0.00571412250477553,-0.021195490143373668,0.02588800708545688,0.021586294567331528,-0.01213804321548088,0.003977682161529447,0.032601845882643865,0.010894598740234794,-0.03605075685089446,-0.010177100415599421,0.04124223490239233,0.0024344187334786084,0.011951468560097846,-0.06868609157250659,-0.04782268444831367,0.021260405892164855,0.04672871391437089,0.09193598499481792,-0.01868766581306575,0.01335769146092946,-0.05133532029941674,0.00438536514307419,0.06295070200641903,0.060903052796588204,-0.1503950018955185,-0.008480622978305593,-0.0715666356945413,-0.013167067632628414,0.0144564567782771,-0.016806320845993126,-0.03878330203801825,0.10995429057524797,0.03868125634816078,0.009189080655953922,-0.0028506063915154805,-0.019035850076180725,0.01856196237667786,-0.011150854322965474,-0.024897974478413035,0.012661586479485478,0.011034558568669257,-0.02217998531513661,0.01487840094130993,0.013674115893072032,0.04930473569493054,0.014166861715353337,-0.0073741802930486575,0.01611133575687394,-0.02764343703178064,-0.008525367316072232,-0.04977186711731999,-0.036066345363794744,0.015223594472255719,-0.0119742801953068,-0.03855487322471151,0.03796725695718947,0.06391638867188941,0.0406464630704922,-0.010740014690470001,-0.08946276182207,-0.00922258458750327,-0.018047428469898135,0.018365195532499035,0.01078363465803898,0.0001756161633843073,0.007735351747299602,0.03860867624313042,0.04119150682441009,0.022411520697494462,0.003782925888777477,-0.010340594306174313,0.02318942326206708,-0.0192260311810072,0.015365679114794223,0.08798401603614907,-0.0037953249566660967,1.0,0.07786610517359586,0.12566496732259289,0.09016144759508402,0.02307428606399419,-0.018911070957100044,0.014061491650723141,0.017345359306663942,0.0432537571853991,0.027420296235499006,0.00030528124332255776,-0.017098197674746206,0.025828174120063597,-0.054455975201422556,0.09209234316590639,-0.0816209957982412,0.023590727301912338,-0.04618968994806472,-0.08349944856498498,0.16709105908724547,0.04826030737561106,0.0017549088065910933,-0.006611856252496404,-0.0207625705363012
High blood cholesterol,-0.030655696614807236,0.07255178993168446,-0.1016995873460757,0.13778428550530178,0.09737525939854823,0.04724129714266134,-0.10293018381995853,-0.0898418889393898,-0.05848331519838991,0.014842532058309875,-0.043101619664731194,0.09128116088099808,0.0652289515854059,0.05451030141919893,-0.1209445550740124,0.04841368350415262,-0.023366032297183176,0.09887489150357652,0.03453930516930068,-0.05881314254970344,-0.016198044800727847,-0.06022754133753066,0.020589939607996856,0.047044226796930926,0.05241512978770024,-0.015147504507736546,-0.04921794874072032,-0.0531587034146341,-0.06145534201345851,-0.05840976984771717,0.06584551507226012,0.06856847462456993,-0.25406477263281135,0.08063804234623871,-0.06644638879238852,0.00521006608490294,0.057876744703622834,-0.027162843768395315,-0.022322826497881892,0.08915669989927794,-0.01743044228282055,0.0561452520503933,-0.062255466810964014,-0.06985983210023082,0.008345697014827819,0.006901181829164339,-0.04981306801980532,-0.12256420793929838,-0.021793624383548676,0.05922825993734497,-0.02812184435793141,0.037941511136839384,-0.038626944506819264,0.04917241484458273,-0.06825042297633217,-0.04619139162902089,0.009591672799224392,0.07943443362927109,0.07527836804416904,0.052146542977012864,0.04839604069046954,0.0398103871514098,0.04394975227170497,0.042784166104894085,-0.05813324103179141,-0.09590801689479428,-0.09206864859497904,-0.10659793853428945,0.04873675902789161,-0.006106446614607638,0.05411634960633,-0.04715575912796483,0.0328552929453006,0.11815186085176548,0.05105905938148844,0.13415816014247994,0.09212705155617108,0.028108950894046986,-0.03412679699674555,0.00973740996565285,-0.05068093704731232,-0.26179092543930227,0.015847749871205553,0.06195380584383427,0.07786610517359586,1.0,0.3359057492210817,0.06452418313842172,0.0013431099801932142,0.014314277914281368,-0.04066660640697254,0.08325786083391921,0.03409915248389915,0.09439660268018271,0.07839484977664123,0.1526984268276043,-0.027072592279104548,-0.05711390724808484,0.0005108923014591093,-0.1537522664369602,0.10139099944836229,-0.32868919193373747,0.2997580538827593,-0.1517849459877841,0.21774232196115764,0.027100540590164708,0.014093839586596853,0.04890896534564427
High blood pressure,-0.03639452573214249,0.14875297028941212,0.04134373989098416,0.033576063078130394,0.06598642540414956,0.05170795171963091,0.0038211945765161065,-0.051892292674505666,-0.008192254512954697,0.046441106175098466,-0.056549613767377244,0.0073455486510766175,-0.027287984589435276,-0.00018111924200834412,-0.04542774097356288,0.06991981411270655,-0.009776298479103475,0.04997870390661198,0.06748968241953864,-0.04091382511882311,0.03624679328037469,-0.03526212434013079,-0.0442470992339781,0.00900117432006041,0.08530136875505098,0.05044130487381268,-0.02580061836121364,-0.009883430427726882,-0.07919124737528842,-0.0018100118844515158,0.035439083387961715,0.07400334089784211,-0.3133434620695304,0.047608245242639444,-0.0720194505974831,0.022946417834623166,0.05779822323315967,-0.009039399440343453,-0.037873863367647025,0.1364563351619491,0.012849813761359486,0.018673534681565147,-0.010326700658398637,0.0040392765935111175,0.03526811414798559,0.02128001563894058,-0.05448465090950921,-0.020714556807772844,-0.011051842222779834,-0.013284018416837164,-0.015892675881728942,0.05242111226351868,0.041867982184871096,0.04737359188263869,-0.06070369797146332,-0.002590624995358785,-0.01859272161584139,-0.00046273371132295676,-0.012197904829783349,-0.014840270650037563,0.004989880776168181,-0.0036805243151094504,-0.05165628051063295,-0.005463875235229216,0.0008035248353468078,-0.005116658508206518,0.0014509135335029867,-0.09255086938138865,0.010496731320805454,-0.01451097888641276,0.009417733356404308,0.01998206804719518,-0.008198126686834476,0.028903989128441773,0.021256130883213663,0.10108695353084407,0.03463292692593251,0.007202865594875994,-0.033494732764738105,0.061415817091056674,-0.03969106957006782,-0.01261301499460395,0.03640145599787589,0.02089470584348149,0.12566496732259289,0.3359057492210817,1.0,0.22320091917778126,0.004907007264616118,0.017063664624485247,-0.043048597498882075,0.014846489439027106,0.01711473266107817,0.09160879615886076,0.004926997584342886,0.04811199625226027,0.0022398581069166777,0.01345959553783237,0.09233101083098999,-0.1274516046911117,0.23966882083220997,-0.2521303163757407,-0.02340794155901609,-0.012497787125039584,0.1406594660840406,-0.009892799913526864,0.027308124146013087,-0.025000182120469245
Kidney problems,-0.021970152944070637,0.19739573170420405,0.17981457565857795,-0.023346291309953287,0.020060638344169022,0.06843014227139176,0.1452193956001935,-0.01512693366402315,0.024525975565288904,-0.014508744905883041,-0.09331014078015626,-0.0013738673456947994,-0.03244305951820975,-0.08958399926211262,0.014130222271786758,0.031078582966545948,-0.01367145503097163,-0.0012208034158224246,0.02721717696020253,-0.04027225123492469,0.023994207880702688,-0.009856510586682719,-0.042764701624545154,-0.029089380808580756,0.11458427618171581,0.0537599630543282,-0.012521106706302259,0.005658194004008993,-0.0132978907721679,0.015554594631336105,-0.046694236044289995,-0.019629841753904944,-0.15141372873828718,0.020379637183839533,-0.028134139245057786,0.07508544752604775,0.013250164048937023,0.05392590473116916,-0.0029135152888930555,0.11999580546346883,-0.01161191536722816,-0.014645000321751495,-0.013342739702375317,-0.009922252327228103,0.011097188497006995,0.035374438276504404,0.009892071544974785,0.04245294191130901,-0.021272281067047785,0.008600375581600291,0.019525456599387783,-0.04373066713741199,0.04520379320884506,0.024991458974536702,-0.0034359664142870117,0.049349120904611354,0.010757534575520372,0.005721173011217204,-0.028304336204414204,-0.0019075002237146541,-0.012616833267051927,0.0020682042158437857,-0.03805444390719449,-0.004397814025589132,-0.029715048673637518,0.011579067443754122,0.011136440039410249,-0.0766403678330068,0.010462219351618106,-0.021990531757872817,-0.04699009911560403,0.05781434299670635,0.016788796367011954,-0.0006267023957664899,0.017083834717192815,-0.01278370525023401,0.008134615946858029,-0.03337130240711559,0.020883970300004853,0.08918288433753514,-0.017100091689706533,0.22027534886647657,0.04849799155668538,-0.12714081088404958,0.09016144759508402,0.06452418313842172,0.22320091917778126,1.0,0.03096018840803706,0.0526287939937485,0.005721085643594218,0.010091890996652452,0.018524236196406002,0.025869606932471374,-0.02979795761886603,-0.07323403292441304,-0.00043463886893577695,0.02271623789595981,0.06496751181136086,-0.07673016140940846,0.378150239228549,-0.1558989520959454,-0.3357879264272226,0.04961192346344534,0.059251453683269846,-0.059058407995179064,-0.004206401638273559,-0.05454956916285948
Low blood pressure,0.030134796230654914,0.017150866715910856,0.010814818036554532,0.022704999564181937,0.08422198099311448,0.009989273271611452,0.005261252282614543,0.07270172206417952,-0.03248141849444209,0.0022701635734698805,-0.014892217978688612,0.021596035836014653,-0.010203545174349144,-0.00032094220393275513,-0.012472740449469801,-0.02671829830860297,-0.08890118265831957,0.0003855719178134977,0.031019990676588977,-0.0584241074434366,0.00119901677326578,0.03101649435410513,0.008072634075259683,-0.06821157989591407,0.0003535495978486213,-0.010417744443612823,-0.028738611040762935,0.014489257465575861,0.011695244022704408,0.022224759703443855,0.01489647679869655,0.008447285242117925,0.005367197751511375,0.06513602895276711,-0.04877804685309667,0.03481865068494365,0.03490610850409702,0.029193025977762715,0.025915340068506713,0.035616210640856155,0.016580497969122455,0.051051376402557004,0.043812134376345936,0.029567897418120537,0.041680978128219484,0.0347405571399298,0.0688253231408519,0.03504283141529445,0.036469300601956876,-0.033103099176796304,0.034212922261101945,0.022453364580859014,-0.011917289679639195,0.09856355864092041,0.08328709109091198,0.011272066463605636,-0.009172734761051179,-0.03148675426636606,-0.037050269501615926,-0.05898631695613355,-0.03114959555420808,-0.022243329573821302,-0.04041220908629532,-0.030956778758525802,0.011925158657317764,0.013715922459214078,-0.027028417810715574,-0.026763744201612465,0.006482303606554988,-0.026111329307734375,-0.0247868344471557,-0.011568407066708553,0.08204222982205528,0.01603845171277799,-0.036048107999965086,-0.030383500335024047,0.03314557855164313,0.010741820135527923,-0.006131856464229844,-0.006077555155942696,0.017123467669633196,-0.008437241089900847,-7.190815564632327e-05,-0.05587493545238918,0.02307428606399419,0.0013431099801932142,0.004907007264616118,0.03096018840803706,1.0,0.19199317376190816,0.12192131578861243,0.06682392612056842,0.011760068672344562,0.06843833999968803,-0.03227178860173836,-0.0053288663865438774,-7.175522062100526e-05,0.05744539660817547,-0.00920319148640392,-0.010284050080061011,0.0231226291840091,0.019355385781019276,-0.04636014683084775,0.016681489053575808,0.017365023740604908,-0.10321624388295096,-0.045962457811122105,-0.15927128770370497
Mild cognitive impairmen,-0.027006423403053145,-0.08195816295657361,-0.009564531673529712,0.06436795519582135,0.058559374642450944,0.014185200253531463,0.013542942042783272,0.011855735335741769,0.026954621632091374,-0.013036369318831089,-0.036570033839992404,0.053440215487573293,0.012049102312708365,0.00467731671723907,-0.029864300237097862,-0.04246100086845142,-0.05265886427698034,0.013994734987603674,-0.020296223229649572,-0.06569652050159092,0.05661780602637697,0.032051974503889406,0.05260332186222299,-0.006914566169900947,0.01961608161718442,-0.038033372753973935,0.021144047795457924,-0.0026290381514901024,-0.015374469165826962,0.045622291279650444,0.009128327766300194,-0.02833597818002591,0.010086222347852919,0.08462721328796732,0.004129766313192696,0.024961355665106287,0.01755026663932488,0.028838629866318355,0.09537840921973073,0.04039417796246792,0.04384100321842836,0.12522645507969268,0.06785088768101295,0.029131530502118537,0.020816326001946855,0.005774414942846064,0.04248330059527841,-0.0018095925179182491,0.07398692797135722,0.02985153382301885,0.07607446000481055,0.016987355086554055,-0.001159321356185563,0.08068104718320306,0.1030068183052098,-0.016279249819911298,0.037375766641743836,-0.0027332790875500244,0.004770431557743941,-0.05536807547918952,-0.003307824279452999,0.0075267492762706055,0.019811508579811083,-0.037217900686553125,-0.00866268294888551,-0.030565136376592496,-0.03479074111905451,-0.06507222708088387,-0.02083662308284794,-0.03242796281365143,-0.041600662836274345,0.010941459848037122,0.14671813440774328,0.1807262681067377,-0.06109594152049245,0.014095017003033169,0.057897861102785435,0.001988675450012189,-0.04636839922283981,0.01076136230130607,-0.06117202648806265,-0.1044590632142399,-0.045048083757901036,-0.018058712553708965,-0.018911070957100044,0.014314277914281368,0.017063664624485247,0.0526287939937485,0.19199317376190816,1.0,0.11260787558301474,0.1634468611554105,0.035925582171105835,0.08226287865952599,-0.023362842417328798,-0.020410208772780037,-0.012773545967230545,0.002952500283798115,-0.0614122841133586,-0.030656923805834388,0.03216018236589674,0.010915673577398685,-0.026863822760678422,-0.024715542165604194,-0.01234577824586638,-0.11044530269477242,-0.15739198045369357,-0.0763336463061456
Multiple sclerosis,0.12121583363720524,0.055468251278349215,0.028380430584434492,0.03096349766223403,0.01301299894909899,0.0007662989621255715,0.0069579465966504,0.06848436396854228,-0.006009270910451329,0.038637106035347146,-0.008918446916682218,0.01819855254163114,0.031102197118513336,-0.014300437797659271,-9.701781439541998e-05,-0.023439906087037003,-0.05030580063617464,-0.0014830544251396946,-0.008927754532240206,-0.03520719616717806,0.03993343427614955,0.015161183895176643,0.014866037254599238,-0.010627633838597716,-0.0018948519987375943,0.024104012291813266,-0.042826357908015464,0.013946496028468354,-0.004898636838075308,0.03418951739688315,0.027976509395061865,0.04587757872616876,0.01648484251629147,0.04136153799318789,-0.07680404360314347,0.018584961556031405,0.06444249735791215,-0.03341364480403264,0.0228568542345367,0.014020681884929694,0.07159766561250942,0.07545701852063622,0.07664462652245363,0.01760609419405659,0.024581435717671987,0.006918740872637447,0.0130554261230411,0.030336676572598587,0.05691219756663542,-0.04630271511022175,0.09767702844078717,0.03842878716650737,0.023266014022855514,0.04510323500762133,0.055077790612836956,0.043123224245411367,-0.03299472809667526,-0.06564199676492084,-0.06463748145174164,-0.041336773971364725,-0.033370013313010614,-0.0080779710989662,-0.052606524617977116,-0.031807095634717994,0.061840516799302254,0.02975507363090569,-0.0017646530719635377,-0.010510351306012472,0.05131226201763196,-0.008209453988905215,-0.02165872563780958,-0.0015307563692719068,0.15025842583748644,0.04412941401601944,-0.027598668160884514,-0.01852005944846849,0.04269713964125478,0.04840999330596228,0.05600997982386165,-0.04285750079742305,0.03620351436638176,0.012150311567251233,0.05677831077735514,-0.0340086335822723,0.014061491650723141,-0.04066660640697254,-0.043048597498882075,0.005721085643594218,0.12192131578861243,0.11260787558301474,1.0,0.08038971423034147,0.03593169584648207,0.05392165796127338,-0.02078743066652517,0.016015967040429933,0.038104200525030475,0.025820065293326006,0.015994509860433312,0.03134525158495198,0.02448918824173077,0.02241356197910779,-0.026914774581987388,-0.0028539919011682222,-0.02705610351916648,-0.030908161518393422,-0.07433930361655275,-0.17138915485596148
Obesity,0.11862727234774449,-0.1213247584003787,-0.03886442352014668,0.2688099414515622,0.08789658860530504,-0.013315883807975033,0.0029630022864817786,-0.01546348108548817,-0.014358611152876134,0.019778541210767567,0.030722071550620463,0.04733749274801189,0.10698847467480237,0.0914961958510199,0.07953480836249475,-0.1434068805619423,-0.09221625851323755,0.05350635612662243,-0.06185715347066857,-0.13602916032485918,0.05826534925516454,0.040116024243542374,0.08084244972861498,-0.0987639063919128,0.008985870631874004,0.05163467265594565,-0.09909573258643747,0.006728287440432966,0.03251203675798867,-0.11446545115954945,0.09269345600461748,0.008487845002418025,-0.02400925637003498,0.10754839187535853,-0.11827851975868756,0.034575065019958835,0.06819692224976591,0.003045990337073816,0.09854850329871814,0.04890169904872097,-0.007595865165033954,0.14356783697044306,0.026145444264226537,-0.028981115206554373,0.007741183972412491,0.025487143269972798,0.08287976293514042,-0.07006600754196007,0.09251854279663192,0.01073853851388002,0.06576082583672334,0.03039503625328164,-0.011683921371334779,0.033857482812794104,0.04876087322232333,-0.030829798575582802,0.03241994972309236,0.044664266925117276,-0.012832229174811177,-0.0230008727477068,0.025878390940472132,0.013064178371303557,0.07556030542572643,0.043948044267895885,-0.10488169485570838,-0.09205291937108484,-0.06724531369404832,-0.11551360837434875,0.07275497810887221,-0.05808265353806945,-0.012044582908212963,-0.03334701934859297,0.0626949768102032,0.30257435638275115,-0.10250846187413576,-0.19305913045360626,0.26190247418700086,-0.07706855283113467,-0.030128759966988012,-0.036422740405858536,-0.025066227988963623,-0.1744499433575976,0.018104346794806003,-0.01763721351653932,0.017345359306663942,0.08325786083391921,0.014846489439027106,0.010091890996652452,0.06682392612056842,0.1634468611554105,0.08038971423034147,1.0,-0.021916621442703538,0.048990869574202886,-0.059225467923736834,0.016042919276111824,0.013406829496575474,-0.01782034719311558,-0.06952053596659771,-0.11602054455636043,-0.07463102358381635,0.011374561332688543,0.0757985056569321,-0.019004697271471756,0.03002415424086144,0.0012700123391723994,-0.009035896343443473,0.09838744018601261
Osteoporosis,0.12903810154606749,0.05217990287372287,0.027797526907178176,0.053116200887992626,0.03427117943811926,0.019805996893900987,-0.008345374263226627,-0.021097759487211643,0.01936378248358341,0.059467602974187544,-0.046093765448004434,-0.008783395675584301,-0.04973020696456942,-0.038408380896952296,-0.07771588425900357,0.06097426781609348,-0.0438131207848929,-0.011642132248930522,0.04913268360538613,-0.013937576690425509,0.026000802147436844,0.00163476412566485,0.08153663875256896,0.009297558830472383,-0.02383579609228769,-0.034783788027931306,-0.040709273357004465,-0.029144116985781402,0.024582397119444085,0.03967280326778517,0.0496482278511895,0.04664521184220814,-0.010943719019487147,0.035102816725566165,-0.002204687403907115,-0.036521379702014224,-0.003954602304101559,-0.00645989373202182,0.015287149575773228,0.028567879511431693,-0.00721948700250142,0.049562008044160305,0.030087812512328525,0.030427970859655967,0.02113765857969321,0.006453908504332939,-0.014382624716481615,-0.02033067380866468,-0.01675980363438938,-0.026976242676290407,0.03417633421496543,0.028274058978836062,0.01043855028244293,0.06557752096669053,-0.016326956711945066,-0.02186887014186691,-0.012364703901381585,-0.005435334737205173,0.016752842598710224,-0.0064308862863135955,0.01945357597022407,0.019999398312842066,-0.01964258488040756,0.019975497639705124,0.03988630531802726,-0.010594941979636391,-0.02191600973151124,-0.012841478558991079,0.027331529811953498,-0.0017048637499371619,0.002767226912880693,-0.008339088140718697,0.07400262392519134,0.17338893588955412,0.15054830747217837,0.23668544066950672,0.0872103347470518,0.2030974080210954,0.10689999856858791,0.10486628055929761,0.03059629129639228,0.13958040927762325,0.04550897643864172,0.06479520933733694,0.0432537571853991,0.03409915248389915,0.01711473266107817,0.018524236196406002,0.011760068672344562,0.035925582171105835,0.03593169584648207,-0.021916621442703538,1.0,0.1703551450589167,0.1768920381191311,0.04038594472771632,0.05893704254197581,0.03722706071229842,0.04017950933225676,0.040142038082185943,0.051440195821125856,-0.02309515268862251,-0.00585135501468169,-0.010305041561131767,0.00937884340383168,-0.03473612542970888,-0.06253039961192543,-0.13974797610859788
Other heart issues (pacemaker),0.07063603525972971,0.12491563586830047,-0.002306371973470487,0.11360463533315672,0.21278204855027633,-0.03583133807065507,-0.002426352348011499,-0.030811116202523827,0.0038784766989129063,0.10860203318677482,-0.054508502428198824,0.007436035421712588,-0.07038246094886716,-0.03897398265192304,-0.10278079934868763,0.177831332553008,-0.06395066964840845,-0.007721505290791346,0.08785597602747712,-0.1806724783723204,0.09918088538361917,-0.010381860131797645,0.06413221108657285,-0.09609860870041376,0.023203140656244157,-0.0037288468792023148,-0.09319634270446087,-0.01221401466422071,-0.029711113697858185,0.0007532544779756137,0.05705735329599065,0.05451538688283882,-0.11229114238968306,0.10361794507160818,-0.1252123804782985,0.007071987824203209,0.0034446854714195656,0.047407632257218696,0.04010485567922201,0.041764673785626226,-0.004641231200856094,0.09252465513586564,-0.02354207260437004,-0.05923479499671744,0.06317553822288688,0.06122751313602852,0.009831319562813037,-0.0888892437959253,-0.029731622405441815,0.016882467864310986,0.03484137908193196,0.0008271496415266124,-0.023757450001875603,0.04747898663642563,0.016114931524673325,-0.07052841204640437,-0.0022964795315450646,0.051133259252301784,0.079994526921153,0.05509176538049717,0.07470340352224797,0.044006252217953894,-0.05511355607330597,0.04204698231907016,-0.02319844900384392,-0.05517089896306029,-0.03904278529081593,-0.05281174597427135,0.09575411725399392,-0.00804930538610949,0.007379144132208972,0.027529448156793118,0.020374101977672896,0.18576580619417107,0.05534390704816827,0.24967181465495367,0.10494980188803901,0.13946088700562073,0.06561409027817848,0.06856244045794824,0.051410440813116874,0.07583356378635826,0.012969690210655565,0.09275120502791888,0.027420296235499006,0.09439660268018271,0.09160879615886076,0.025869606932471374,0.06843833999968803,0.08226287865952599,0.05392165796127338,0.048990869574202886,0.1703551450589167,1.0,0.0911411027835024,0.07050629395324903,0.028009112835226623,0.003929159448446532,-0.018323787360566727,0.0035016757771878307,0.05270886261498116,-0.05534396948957472,0.02300084247246228,-0.03311556425267667,0.05335171011322902,-0.0974754942514615,-0.0018667313630389105,-0.2541442246660641
Other neurological conditions,0.0862888354575973,0.059459429987266846,-0.036080998439736,0.08362733274931802,0.012246612377649372,-0.008362811380486238,-0.03450615912520368,-0.08434189045643833,0.07465024743746726,0.0377882801103205,-0.050922615466124706,-0.002515471684717768,-0.05126056016489829,-0.012416505865173674,-0.09083277031728614,0.07907351699771974,-0.019514774438478204,0.0022671755020506144,0.03290760728505629,-0.027093123037936803,0.008159302918750104,-0.005853867980094541,0.05921060938554501,0.041707138136786545,-0.0440011168223926,-0.04076847148278199,-0.02615894010658475,-0.0233840543156662,0.020929044874567666,-0.008017898071556005,0.013286539304928572,0.04185457723383181,0.020167271637631566,0.040514529995320354,0.03207335129346791,-0.044205296113700346,-0.0018832318691264015,0.007521234159562407,-0.024041079352600865,-0.01456470655959035,-0.011398129508716917,-0.015438342946979385,0.010409600990052134,0.018098793813116694,0.027982150618264805,-0.03629677140221813,-0.03493212229116059,-0.058654726692680355,-0.0423437321614351,0.0006636827998502194,0.0034788314409365407,0.009122240596199134,0.00879407579389044,0.031000271207217964,-0.052230377349387465,-0.004544504795161635,-0.029837027007014225,0.006764030548962511,0.009274274355050125,0.03974921490588738,0.02964277727436207,0.019023185232400215,-0.017381660102815586,-0.004917851135766372,0.019238369515871535,-0.0008377501318351504,-0.013353417520348514,0.008420403726223052,0.03262019583928075,0.04924915734450627,0.011751636226544614,0.020366393939118425,0.033700699479237546,0.12980513111744418,0.1567037388745632,0.259476673361005,0.11081318426171784,0.22348831837651154,0.09519305556079422,0.07964866225021845,0.03205644443494237,0.07660529643264738,0.10591155810431639,0.002844994719789665,0.00030528124332255776,0.07839484977664123,0.004926997584342886,-0.02979795761886603,-0.03227178860173836,-0.023362842417328798,-0.02078743066652517,-0.059225467923736834,0.1768920381191311,0.0911411027835024,1.0,0.10414584182588658,0.012207310564969499,0.02433105385244519,0.04823697109399028,0.04194350031813221,0.016706168941419405,-0.05134170944202067,0.08675981994754299,-0.029992374518011695,0.04514179493230063,0.05154048813554067,-0.016591113431792755,0.0018378100333897856
Parkinson's disease,0.04575103380184113,-0.02435869913371913,-0.13890824861047674,0.05643326242246204,0.0745629053419225,-0.04997057818073937,-0.14036707674723362,-0.027838350561991083,0.011421103965179693,-0.05433741201599042,0.05859562857652693,0.03637548524852192,0.09897252514177451,-0.003205840905891067,-0.06770368432830383,0.014814002853564493,-0.03759589999078455,0.007797850866487781,-0.021296088847796307,-0.032492864059902406,-0.021079494129980652,-0.04068678465410427,0.057422708880264545,0.08312835965254214,-0.016360432810068125,-0.05040548333980337,0.010819059612558257,-0.060381216961283964,-0.007378222121327003,-0.013150214927208635,0.0803359666019209,0.039832117772614035,-0.04568371533496432,0.06526941490087643,-0.0033255083337739937,-0.005693240480828131,0.050273046765712835,-0.061540834624285244,-0.02926594905736614,0.0062861656275626804,0.030516023028135365,0.05691709837059605,0.022718055286741364,-0.040396188823165625,0.06412719546968139,-0.03518973690091777,-0.025059013910379898,-0.03936228948380351,-0.016699699245602648,0.013252595230060527,-0.000616173203920208,0.03666747557672365,-0.004629332540885285,0.006354553572560483,-0.028224417144584072,0.000930347691153826,-0.015751532983326853,0.024550965349820934,-0.009125588709360383,0.011623606262693596,0.01275799218451301,-0.005147915636495208,0.005370806420428546,-0.000470168840893798,0.0069096720520174775,0.011908642304843793,-0.019985025876555016,-0.019935723161139743,0.0246208047920664,0.03180200244275749,0.026037258518670708,-0.032921062023861025,0.020301003722176407,0.06928002664331631,0.05368365980514233,0.12178032566420328,0.0755029306363067,0.08292303565633415,-0.016523884421278917,-0.09652866879847649,0.009616984567732278,-0.13236634199097658,-0.009373467617511783,0.06549381847975994,-0.017098197674746206,0.1526984268276043,0.04811199625226027,-0.07323403292441304,-0.0053288663865438774,-0.020410208772780037,0.016015967040429933,0.016042919276111824,0.04038594472771632,0.07050629395324903,0.10414584182588658,1.0,-0.02216487311421701,-0.03974427791138754,-0.009941536176671971,-0.034707846654246755,-0.09279514547994651,-0.08409315106981047,0.2120107099994991,-0.07339227774782718,0.09589956526351992,0.027967320520364915,-0.005043406494591288,0.016472499891311172
Retinal vascular occlusion,0.04800225267128217,0.0108708324329919,0.0319386486073429,0.02410811887590014,-0.016075526499710974,0.017927157537314848,-0.0014896968912001683,0.007980580023172873,0.002661267123644276,0.06975849503186891,0.02553059425168356,0.0008037433669824472,-0.002219252174199373,0.021421968557975495,0.015375292349248504,-0.011578338617518336,-0.006084345587678193,0.06892526207250452,-0.00598229423045793,-0.008805499689667776,0.03355722406279659,0.0205962961017156,0.024896847617727424,-0.029018247437472732,0.027647310117859734,-0.0029266595130416516,-0.012065828377001332,0.021991969325566657,0.014232017728234443,-0.010420669685673298,0.04758540780983868,0.008541849823987244,-0.015786457665637642,0.011972005435597136,0.023511801968407315,0.0002644721496766292,0.035224461758644965,-0.015678550738621892,-0.002797370976825793,0.04511533487730987,0.02985110473104661,0.028422449420764342,0.003493166648936671,0.041259638614810065,0.001788729097545119,-0.005856684200568878,-0.04276093741651294,0.04172481536774297,0.03419594968185718,-0.04506053572708091,0.05256626456921696,0.014890382349149078,0.01030047616978442,0.028134383561225204,-0.001133519647878401,0.038289325816947155,-0.019486343868626486,-0.0468868868295305,-0.037908819611135805,-0.004059739221038972,0.0117160504684032,-0.009524150129105124,-0.006738055168727504,0.0017331278307367753,0.01499091570531992,0.017770507336200062,0.004905842798099978,-0.008415517989486466,-3.772154850457571e-05,-0.03894128264139782,-0.026119607382432544,-0.0023830591442991237,0.032934345503248676,0.011244569291766461,0.04350338018604737,0.028208275263977095,0.04136313539902105,0.03206508397470243,0.04974729807949785,0.027636308546778402,0.07174060651780251,0.07777187416815359,0.013961886560388069,0.07756113648423278,0.025828174120063597,-0.027072592279104548,0.0022398581069166777,-0.00043463886893577695,-7.175522062100526e-05,-0.012773545967230545,0.038104200525030475,0.013406829496575474,0.05893704254197581,0.028009112835226623,0.012207310564969499,-0.02216487311421701,1.0,0.03153733995979005,-0.005370630794463627,0.06128210362091189,-0.020137989590274068,0.044118448157683426,0.009114746996756375,-0.024405676306164654,-0.02437582118248157,0.0014045618072040904,-0.007255046202025375,-0.023311104408213996
Stroke,0.11122455771485552,0.10018610255101429,0.12543076651724117,-0.0008014975845353231,0.029851363226419902,-0.02280321631481045,-0.03707540090370664,0.043393441318191346,-0.07778757000235936,0.14525774442254272,-0.09254728877061291,0.022678208165726365,-0.016502948585365048,-0.046550489374247175,0.038094182728493464,-0.012292533605815776,-0.026454567881544974,0.009444308205713412,0.013990797079030304,-0.06865713052563861,0.015893859578921015,0.10911511627937462,-0.015500785491170132,-0.02936720702934951,0.037495361175248515,-0.04319298433592586,0.005494845879000774,0.019730718823210886,-0.030100025545841163,0.004540906291962529,0.044629458067572805,0.05663106637205182,-0.0282490819435942,0.009693445146798365,-0.05351659616788157,0.029067512535190285,0.016330956296613644,0.004788276664113968,-0.04026182353251952,-0.010793114983612045,0.05811331573563984,-0.008631916563401093,0.019288295113032157,0.12001219572801303,0.07080406897836974,0.0543975265672415,-0.03946337052995392,0.03165006099325806,0.03472506131553225,-0.0931260706675649,0.0523639972875779,0.015764892983680695,0.0645775195943655,0.06212244031568859,-0.017050437828162842,0.07671379458396733,-0.05566584219894363,-0.11447248072193338,-0.12264032063384854,-0.04708748626480568,-0.11152644755225456,-0.028123122484443472,-0.06647106540303804,-0.014784446849865003,0.090462952707074,0.0878890745748489,0.07622122082000263,0.010110368847679392,-0.04426665737603281,0.054573737382875145,0.002377002186182601,0.02030440058251212,0.03644912487354986,-0.052336875657592395,-0.006460655468521092,-0.03256131849776168,-0.011307821280629932,0.051082267587728894,0.024692828094005803,0.04066750060133857,0.06134368026053259,0.11816908390884864,-0.03653569347696026,-0.09772784981623471,-0.054455975201422556,-0.05711390724808484,0.01345959553783237,0.02271623789595981,0.05744539660817547,0.002952500283798115,0.025820065293326006,-0.01782034719311558,0.03722706071229842,0.003929159448446532,0.02433105385244519,-0.03974427791138754,0.03153733995979005,1.0,0.09158698926672576,0.131873908113633,0.09252147212771576,0.015080749919818138,-0.016804028401545833,-0.09013309143098865,6.504766287235429e-05,-0.03129255314544855,-0.037678600253177874,-0.042666628595642846
Type 2 Diabetes,0.15090806932182907,0.326926543847395,0.03406938872784443,-0.08775582012780332,-0.014485980078729331,0.02724927869919177,-0.004491216988672498,0.07616011213742994,-0.13878010045540032,0.0260184304416941,-0.0353481537678729,0.08462609731887602,-0.01307441314793668,-0.0975314823382739,0.006091476133423765,0.014869905504410367,-0.12184172534840752,0.035237059202649315,0.032681443088563286,0.0038895360296386486,0.013101939504957905,0.06910191364170244,-0.057878382792738464,0.015730809680982224,0.06766536006755201,0.01731405951934049,0.022460901575994754,-0.03130634352602089,-0.006943251398864334,0.035093696992371116,0.15000066077174254,0.2781322235839071,-0.09907077717789281,0.010400834433620085,-0.2173107361091746,-0.04907181144862599,0.009714877316446017,-0.0888817354568212,-0.39107200142172827,0.03974736322344312,0.11029171729465177,-0.057709678659810124,0.06106609973845065,0.1268456955129478,0.078370815545669,0.03242381793691149,-0.0454960311067535,0.07871038902031915,0.07328221035600443,-0.19371851394618958,0.022488557263097946,0.06079471626643706,0.20882836157240317,0.08097453709212449,-0.11571804054499046,0.07906645280185941,-0.19846701781402182,-0.08232177185009579,-0.22828660635455067,-0.14329480307363926,-0.2079793934695274,-0.07821799406600476,-0.14926404563968848,-0.2488258264370423,0.28510598680479804,0.29622795787020967,0.18245580640824624,-0.09781145978525375,-0.16095677392598498,0.02842834358085956,0.021301789814017633,0.013218572019873333,0.03880466940778748,-0.11219027110626874,0.05528368622725836,0.027972219454358172,0.00634945486715201,0.047547197361421975,0.03754574091110663,-0.03373036207673261,0.013372029960992403,0.11247194103168169,0.1201314521185085,-0.10773477368070755,0.09209234316590639,0.0005108923014591093,0.09233101083098999,0.06496751181136086,-0.00920319148640392,-0.0614122841133586,0.015994509860433312,-0.06952053596659771,0.04017950933225676,-0.018323787360566727,0.04823697109399028,-0.009941536176671971,-0.005370630794463627,0.09158698926672576,1.0,0.004263459775849218,0.07587418387692378,-0.047786621724236124,-0.07617899504534563,0.09791368677201656,0.05417648715775419,-0.03158743754820644,-0.04330899338493341,-0.08670450961393955
Urinary problems,0.05014023503016112,0.033658713259911426,0.08560180401807675,-0.060258651855591185,-0.02303651375926777,-0.00127077008154567,-0.07327396183928651,0.05699620912763953,0.024339534229114244,0.15775091262382762,-0.036938163108190473,-0.029513051227487184,-0.03883606350345508,-0.00428954725501418,0.025718714162755292,0.02063163853877571,0.044644269762810364,0.03234125964777205,-0.024212806975968653,-0.010261344590171959,0.04401015180727669,0.1381639790131781,-0.02759911574965857,-0.006685216598123652,0.016287044704933838,-0.019365090984760896,0.02720274929081686,0.02880637013855427,0.039660311633062315,0.04563366706719865,-0.028312353533512614,0.03570611962417553,0.08265160486834106,-0.04521267262261643,0.05532926968296728,-0.009307504031546388,0.02879518796283244,-0.02286731800418556,-0.007039675408926595,-0.03635016874685572,0.03610074218975027,-0.009374160489417319,0.038868299585700906,0.10698485744158667,0.03030221769300294,0.006943915616548941,-0.021975088531485176,0.07030152904152351,0.0037281732414004135,-0.06718554525045521,0.026704819382879108,-0.0037836177303364354,0.03961586396520086,0.01737400937390943,-0.007595536899692752,0.040449310590917276,-0.06324920571894344,-0.09052735466249123,-0.06051695448141311,-0.026711718092877652,-0.014786349619186838,-0.018967628387595508,-0.0586203133115033,0.0018155032880212728,0.09180090692784233,-0.0021794265703326283,0.013934325263283195,0.09343318194009108,0.02158551304450051,-0.03906211030677108,-0.029864808816316077,0.010978622016927468,0.02575929668413184,-0.057459549490561874,0.05328141710356936,0.028495660678443346,-0.026109047344985266,0.08835208182557222,0.11426933550556762,0.11041982048246256,0.1605161920953244,0.20242868725876173,-0.055468698604029205,0.0820658435791316,-0.0816209957982412,-0.1537522664369602,-0.1274516046911117,-0.07673016140940846,-0.010284050080061011,-0.030656923805834388,0.03134525158495198,-0.11602054455636043,0.040142038082185943,0.0035016757771878307,0.04194350031813221,-0.034707846654246755,0.06128210362091189,0.131873908113633,0.004263459775849218,1.0,-0.023252834083496675,0.11565550518624632,0.03806501303740977,-0.09585651682516513,-0.04378222432931606,0.02556354203404071,-0.03736809623111447,-0.026181126129781487
ABNORMAL,-0.05576001027036263,0.20628562970739245,0.25271904631902314,-0.034603657562240625,0.038009814482520464,0.058654250907847184,0.15489058088753824,-0.05761303039001757,-0.03642628476366465,-0.016576697366832722,-0.2657891089942804,0.018896680306937377,-0.01894678557178268,-0.1513134810045377,-0.13213684933490336,0.06181635665021962,-0.008083013582772448,0.015166609216177011,0.1169957623527745,-0.06900923688388111,0.013147831151351956,0.13386780243232188,-0.0004058589955037305,0.008992042304207986,0.09110457112469457,-0.06038929869905899,-0.01683182130748837,0.008940224685480164,-0.01761893951076393,0.011546335449483027,-0.07069649748448688,0.00519116513075685,-0.11516988929242906,0.024222448268423867,-0.005285508445542428,0.07979067704065888,-0.05086913980645412,0.06765607323395864,-0.03953673777516919,0.08461963025719645,-0.040941011949661286,-0.05803526450637346,-0.0494051862675236,-0.03736453669984385,0.006811467329735069,0.02892230846093902,0.04757781709443106,-0.0322897769233267,-0.0793214197164683,0.08267318006974596,-0.043691428552454496,-0.11917237909795812,-0.015328634480982598,0.004532133509381395,0.006445851657205136,-0.0358343377535908,0.052263497623636836,0.049542954731334556,0.04949857797027108,0.01485775794024968,0.0019468128745438894,0.04223844364888949,0.019319260301276026,-0.012672691462413696,-0.060803962781634566,0.01733385821981995,0.01522799768423351,-0.07721900690315511,0.047635815362617316,0.018606583220292197,-0.030703902232546584,0.10174310105330596,0.016147777096093188,0.019513876751534077,0.001812412744314562,0.07186733660206829,-0.018633900215131578,0.01251004673474759,0.007520895208552295,0.1470284629931181,-0.02675681218502718,0.28198306752359314,-0.006760979202433544,-0.3062849469647197,0.023590727301912338,0.10139099944836229,0.23966882083220997,0.378150239228549,0.0231226291840091,0.03216018236589674,0.02448918824173077,-0.07463102358381635,0.051440195821125856,0.05270886261498116,0.016706168941419405,-0.09279514547994651,-0.020137989590274068,0.09252147212771576,0.07587418387692378,-0.023252834083496675,1.0,-0.2326407330071862,-0.44066937859060185,-0.24915956259854571,-0.015654619071842103,-0.06288980142897231,0.01269885309782318,-0.10089567472584965
BORDERLINE,0.013735639647565186,-0.10304224493456661,-0.03778034319066374,-0.05873347180556539,-0.020969069274280515,-0.017345794167853392,0.027685017363982177,0.05801247001067766,0.021410819921539075,0.04265293297324782,0.11502514745171845,-0.04703201118676638,-0.02401353694136718,0.05204429181700801,0.127514395111708,-0.0809142140113454,0.0328457641611031,0.004476751787943731,-0.04180667457469395,0.02092199214725551,0.01468221515674157,0.1311960507457942,-0.009231851128987879,-0.051085260442505456,-0.05028064307180888,0.03623852170193831,0.030070426555730518,0.05606264413333322,0.05382193031051616,0.022231675257979193,-0.03836594514988913,-0.05902641365950635,0.16179303112609064,-0.04419362514497003,0.0288362398650754,0.015670803622223662,-0.012437501283660578,0.015512063764614451,0.07677025915129905,-0.06499217811437047,0.0034567887214679125,-0.01764832296226846,0.02531976748165906,0.034985772212998395,-0.025047851901636775,-0.013536314603503881,0.03800427073776477,0.04377668762348411,0.0008748632348474676,-0.01818972119168719,0.024833703708505746,-0.06914198669274892,0.013003218801361282,-0.01731506274725513,0.05636604196080496,0.026410623325281955,-0.011323664593075218,-0.016422108374082773,-0.03707463262395548,-0.02191131387457867,0.007102768041401607,0.006110235052323487,0.0018781964381804552,-0.016248442408983085,-0.007527988387478994,0.005348421809359654,0.013152019185662538,0.05218807423754179,-0.027147609598082247,-0.038201431982468344,-0.06963919938399721,-0.01400138891411428,-0.01968448215215712,-0.052418381776499524,-0.04970634213740594,-0.09055804168137753,-0.04423510653584654,-0.0327806454165521,0.03243676779565291,-0.02904195051457455,0.07395761477845836,0.06660283540194788,-0.04609129381148403,0.0419935852081878,-0.04618968994806472,-0.32868919193373747,-0.2521303163757407,-0.1558989520959454,0.019355385781019276,0.010915673577398685,0.02241356197910779,0.011374561332688543,-0.02309515268862251,-0.05534396948957472,-0.05134170944202067,-0.08409315106981047,0.044118448157683426,0.015080749919818138,-0.047786621724236124,0.11565550518624632,-0.2326407330071862,1.0,-0.1399263825692422,-0.04435185287980379,-0.1608620590232124,-0.0014540928442828523,-0.03256440659927285,-0.009091251357718495
NORMAL,0.0880864098354586,-0.09626623374060525,-0.2500837950989658,0.12778369356885871,0.007562198120666777,-0.0041292146294751465,-0.23564755305448024,-0.02784875175082395,-0.06104167579666796,0.11413470132109245,0.0878906522541593,0.04910988980111812,0.11204681986165009,0.18169846045702553,-0.029515352162865358,-0.02069089161545434,0.013282300933356823,0.09146320434745638,-0.03004254372276434,-0.020060640092871087,0.019672899207918707,-0.07858024981166671,0.06825688346765045,0.05565509432603343,-0.03854179991640617,-0.0449868821877867,-0.012406300276226629,-0.05469276638162447,-0.0338171334741342,-0.051483990958893604,0.12042553090301866,0.044153493024445586,-0.024973129651302762,0.033103314494662,0.015626462875740238,-0.05429764134087802,0.07648445941988331,-0.07088606816387938,0.01137440526113279,-0.0245487864231147,0.03670126391985214,0.07031684208937033,0.011206359633390487,0.026490242486384943,0.004658094194480584,-0.03481551443430913,-0.06595609055157266,-0.07017998124755206,0.05082911703352601,-0.038568474331496655,-0.001999169099260611,0.08218653048675972,-0.027349894153821084,0.04902529573278097,-0.05238264961596472,-0.03368391241970246,-0.038691090552265495,-0.030009195401362734,0.0038453856262161993,0.016122550980584203,0.002072982153389653,-0.010007185442450734,0.04227007201209451,0.019841861364233285,0.02577220167252967,-0.06319605590598742,-0.03650724619913165,0.014557301015074525,0.0625081833875747,0.00016482784548372994,0.08531516653952458,-0.08583869562986864,0.011163028564606808,0.08539496970864019,0.034197351210136694,0.05473953770417745,0.11245564933858078,0.05503067656043167,-0.010105527757457237,-0.06095292403702897,0.02931535527180348,-0.34790794363240096,-0.05847796667210361,0.27466041235144034,-0.08349944856498498,0.2997580538827593,-0.02340794155901609,-0.3357879264272226,-0.04636014683084775,-0.026863822760678422,-0.026914774581987388,0.0757985056569321,-0.00585135501468169,0.02300084247246228,0.08675981994754299,0.2120107099994991,0.009114746996756375,-0.016804028401545833,-0.07617899504534563,0.03806501303740977,-0.44066937859060185,-0.1399263825692422,1.0,-0.23723488058970182,0.12482312070662475,0.07477951495538394,0.011501834822803087,0.11843514136038807
OTHERWISE NORMAL,-0.045277053747098076,-0.02065925114834514,0.010785664326466549,-0.04749821261502982,-0.04479823513898625,-0.029953875845909823,0.06067779030636934,0.030462278255611226,0.06093293179906281,-0.13183410404908052,0.05351809755786348,-0.04378580197846633,-0.0888952247241625,-0.08058047306959269,0.08584479037904745,0.008251956000649284,-0.00012529231236653384,-0.10533654631653276,-0.013430255685682253,0.0618377091358589,-0.04856387831604155,-0.13580207835760233,-0.061119802593035066,-0.02817302579533668,-0.026239755676632344,0.09389946420810875,0.010163037354819694,-0.0020556149957472176,-0.021659349892322495,0.036825934207375906,0.008247651039246453,0.01701356978466693,-0.04185594339128491,-0.03272711953595883,-0.046804098924875075,-0.04756543448447586,-0.03582858592417825,-0.013243714197242636,-0.07440619047714972,0.007909438957560883,0.011947196112699262,-0.014179446446358494,0.017256979667551985,-0.014729486962284863,0.02094563793787068,3.254690605190048e-05,-0.040192373189242216,0.056141312871025965,0.023111916536717785,-0.015380731233203385,-0.014738046916531819,0.07752008747661183,0.0457999652262432,-0.04174486240308839,0.008914309307871193,0.03441645397546792,-0.02159172411417124,-0.004201110094192917,-0.04605241295960926,-0.020795716775350963,-0.0158436027729859,-0.03800572913707309,-0.08199566713968232,0.01666820958646455,0.05725881393134099,0.0763214815044242,0.009486800883826479,-0.01156272251572426,-0.11596248157898943,0.005812845239295174,0.023050113397147805,-0.011125751999097263,-0.012211082412942012,-0.07210633170940974,-0.01285233786557202,-0.03162333809292779,-0.041755165712421924,-0.03631712205815506,-0.02623697853603485,-0.08301139768760138,-0.04082620304730891,-0.02567983436117569,0.11903530512074491,0.04047115786340591,0.16709105908724547,-0.1517849459877841,-0.012497787125039584,0.04961192346344534,0.016681489053575808,-0.024715542165604194,-0.0028539919011682222,-0.019004697271471756,-0.010305041561131767,-0.03311556425267667,-0.029992374518011695,-0.07339227774782718,-0.024405676306164654,-0.09013309143098865,0.09791368677201656,-0.09585651682516513,-0.24915956259854571,-0.04435185287980379,-0.23723488058970182,1.0,0.060920765957255575,-0.03424093489098391,0.0033436691158842033,-0.000484367898039165
cube_visuospatial_executive_value,0.01056658975043982,0.07331988816472274,-0.031167983592507102,0.016202286519795564,0.03482045350943801,0.0019967218234641254,-0.10171990598349838,-0.03366976706386238,-0.010041495570044431,-0.00987311654308247,-0.04707700603845191,0.011392506649618243,0.01968613739461493,-0.03715231700280155,-0.08324184516380896,0.03592441340913192,-0.008543092070827433,0.02891207765992315,0.019449985056913068,-0.03113397177316389,-0.021651499870712767,-0.009879655309098153,0.0558288621975421,0.02524261300341442,0.01826698528235975,-0.02494094893843515,-0.0285173622032189,-0.058709546925194415,-0.011085696704312262,-0.051216170529475184,0.04731804661215103,0.05893428684409532,-0.112676907999912,0.055511246244064325,-0.0017177878158072364,-0.037408234237046596,0.047927479556306406,-0.024118974947051574,-0.046213605940460034,0.057976338059042856,-0.0028699164247211572,0.028467375469463766,0.014098572514400004,-0.007924813232743484,0.01601807708807692,-0.026275764013177178,-0.03484280213056895,-0.07130148142201996,0.02216590437105016,0.007827767878636096,-0.036440739052271374,0.04207158565236238,0.019790119736364704,-0.0004005375229213442,-0.055971629008673696,-0.019595871511668462,-0.003811719910197591,0.022924983667841365,0.012960012552160822,0.01886489320177912,-0.0067291026232690065,-0.01646825837202269,0.0040494491641401295,-0.011294330756995558,0.009167368843966418,-0.012189510087442557,-0.029294584184882292,-0.055970008119001956,0.001409683015790899,-0.005340575877286137,0.027743404091724745,-0.010278795720736394,0.008245799520288848,0.04188289739004686,0.02695728903754453,0.05095292751889193,0.025605928052899723,0.006406221073515452,-0.006856898918990954,-0.02951210421745636,-0.01870190184206025,-0.08834300267144939,0.02782661317922168,0.0009897354755578633,0.04826030737561106,0.21774232196115764,0.1406594660840406,0.059251453683269846,0.017365023740604908,-0.01234577824586638,-0.02705610351916648,0.03002415424086144,0.00937884340383168,0.05335171011322902,0.04514179493230063,0.09589956526351992,-0.02437582118248157,6.504766287235429e-05,0.05417648715775419,-0.04378222432931606,-0.015654619071842103,-0.1608620590232124,0.12482312070662475,0.060920765957255575,1.0,0.024766237838929915,0.012369801865210656,0.024140679938288993
fluency_language_value,0.02434020223089087,0.005126246053621696,-0.013208642309557466,0.17869666692760328,-0.030274240010402905,0.011091930440818092,-0.006701223119771775,-0.05675543125220424,0.0625054078064781,0.02792120425463474,-0.0023327492820475713,-0.014246643860585743,0.02284877895391615,0.0530041425232888,0.0755057689370774,-0.013886799465987134,0.05713837474293419,0.034745502002291914,-0.06238644463361634,0.03803883228779006,0.016825208278352613,-0.007373664067952307,-0.0990345530679593,0.04154687598025311,0.02013554889108184,0.013271447212583153,0.017357228228861158,0.02072929324534647,-0.023979799362367382,-0.03574357830259415,-0.013864656905451194,-0.03675746247274317,-0.028701969479427537,-0.05573802370450875,0.05024915009330849,0.011904419343625352,-0.009832604770974104,0.005321438067505935,-0.017038724857673767,-0.008309062547879331,-0.015909100871480845,-0.05002168032972379,-0.06556039307363189,-0.030229692321385095,-0.051225671008251594,-0.05088624242439721,-0.035864795646830025,-0.05162959015068939,-0.03685558716421698,0.043580828148664465,-0.04546970752014927,-0.025951905210642747,-0.023812057147681122,-0.08822732969268486,-0.08781210314662866,-0.03514104482556966,0.009284374149017829,0.04239083266854156,0.030096720543541896,0.03751591386062634,0.031400929641897904,0.03207457781137011,0.0927286262113473,0.06623510899019065,-0.05335686657657038,-0.022833410070639368,-0.008480702075104731,0.013142803676285833,0.04310006704396696,-0.0002990512595349603,0.03433303651536294,0.000593082308890333,-0.058233736509719004,0.00017682923052227386,0.008656484120470253,-0.00020708786138075774,0.025284564952477228,-0.005308851328972732,-0.00044834410607784897,0.0018691875694490409,0.020027131616191816,0.029636263303165527,0.05038226716761001,0.019861884924161056,0.0017549088065910933,0.027100540590164708,-0.009892799913526864,-0.059058407995179064,-0.10321624388295096,-0.11044530269477242,-0.030908161518393422,0.0012700123391723994,-0.03473612542970888,-0.0974754942514615,0.05154048813554067,0.027967320520364915,0.0014045618072040904,-0.03129255314544855,-0.03158743754820644,0.02556354203404071,-0.06288980142897231,-0.0014540928442828523,0.07477951495538394,-0.03424093489098391,0.024766237838929915,1.0,0.0434468551099925,0.21487713034963873
lettera_value,-0.07587983136234636,-0.021777264904404924,0.011367257668933027,0.016708559171609804,0.03250586750510193,-0.03451341200547385,-0.012694410072878744,-0.06203318542138089,-0.023567075199358245,-0.03907224588656742,-0.010663610769695237,-0.0773529348194224,-0.007897224598793893,-0.013352377608157455,-0.029662284049597087,0.08567474890158801,0.04266208732733037,0.001841505076171746,0.011067495376474392,0.0036377116628262675,-0.02299084460559307,-0.032566154449709686,-0.017446130570441747,-0.04087685581649658,-0.01669729442026925,0.009908424950679524,-0.04815205712239693,0.031755248940231594,0.029365272474949675,-0.06228565968751228,-0.008456020819916022,-0.03222123677802965,-0.034042523879883074,0.0006803434126138818,-0.017979743454214308,-0.026818698106166317,-0.02210242679532005,0.009957875659677323,-0.0010316931961858566,0.011212467478605279,-0.06532665226561907,-0.049603888086951445,-0.04529871110769012,-0.03138852871426806,-0.03548233315421234,0.0058227450293926964,-0.025827744682177824,-0.050905170631675635,-0.029926803316016118,0.0803904625184139,-0.03872324666433065,-0.00888544278482999,-0.061700371033025,-0.10215603033607043,-0.004502548159839459,-0.025261219426867758,0.06999009396686166,0.09958434321551611,0.05748087697935161,0.05046657092216524,0.035398147615588946,0.049375828970707324,0.035137691241685726,0.05089325215378052,-0.05856375234715498,-0.01942468592115243,-0.006676909327932881,-0.029432669061034603,0.009763282436921204,-0.022199703500596125,0.029033053785493604,0.013731140392693868,-0.1312877656066998,-0.008966028123821758,-0.03470455224263934,-0.02114647424124877,-0.010765963930150602,-0.060358398465637675,-0.008128435492527382,-0.011327491249078604,0.0013494469816564385,-0.028827033427322027,-0.011671306912506651,-0.005151908368620787,-0.006611856252496404,0.014093839586596853,0.027308124146013087,-0.004206401638273559,-0.045962457811122105,-0.15739198045369357,-0.07433930361655275,-0.009035896343443473,-0.06253039961192543,-0.0018667313630389105,-0.016591113431792755,-0.005043406494591288,-0.007255046202025375,-0.037678600253177874,-0.04330899338493341,-0.03736809623111447,0.01269885309782318,-0.03256440659927285,0.011501834822803087,0.0033436691158842033,0.012369801865210656,0.0434468551099925,1.0,0.06723232987783834
trails_visuospatial_executive_value,-0.0786944967877807,-0.1321313017038483,0.0013452104427452748,0.1396748276826963,-0.09426069377847804,0.016200460536113976,-0.008941929697784314,-0.13439582335444017,0.09398751724271083,0.00042351913967388934,0.006087103235895425,-0.007900967476357603,0.03745358687443249,0.10908686596489793,0.1370973184709436,-0.06590940892902974,0.12226998077322901,0.015109872879016271,-0.08935735979573597,0.0823533386326532,0.03837046546086287,-0.024549391798126673,-0.06803981239350583,0.09494027849525516,0.0021098455192183683,0.019013516411598784,0.04047680992189178,0.056906388312297884,-0.020162149061020897,-0.07212216253352433,-0.0621820509460401,-0.06964827082275837,-0.02671992288461042,-0.05803327430362421,0.13103671374444162,-0.022521375653688076,-0.03475666098290261,-0.009779298931597962,-0.006696977775492348,-0.026821733708080237,-0.06011072448043027,-0.06502456648502714,-0.07451192538558223,-0.051816382987681854,-0.0823475465392931,-0.0901344189473286,-0.05969223622154309,-0.08342794661980311,-0.057587570922278085,0.08087904973073251,-0.06820986311460486,-0.04401256814838916,-0.09321612968432694,-0.14254190095019412,-0.08338358224889102,-0.059716767475952566,0.054420112246438085,0.06145679759740344,0.06373343208188376,0.035790469429839294,0.038451239890601854,0.03332870400693924,0.16908273269047153,0.09753929852908387,-0.09287736053499497,-0.012379695619758557,-0.055028518407439594,-0.05884632876732977,-0.061747643980525985,-0.02042129371656835,0.04524069684857405,-0.017188611740112058,-0.09935631599710587,-0.07689936458074169,-0.013298118430425221,-0.06544397288628367,0.004471886008954664,-0.09884854758991891,-0.10568884270991351,0.0383567421348643,-0.044330298408620177,-0.09889044032840133,-0.009204516547268895,0.021668474316223905,-0.0207625705363012,0.04890896534564427,-0.025000182120469245,-0.05454956916285948,-0.15927128770370497,-0.0763336463061456,-0.17138915485596148,0.09838744018601261,-0.13974797610859788,-0.2541442246660641,0.0018378100333897856,0.016472499891311172,-0.023311104408213996,-0.042666628595642846,-0.08670450961393955,-0.026181126129781487,-0.10089567472584965,-0.009091251357718495,0.11843514136038807,-0.000484367898039165,0.024140679938288993,0.21487713034963873,0.06723232987783834,1.0
