,heart_rate_mean,blood_glucose_mean,resp_rate_mean,stress_mean,blood_glucose_std,total_steps,resting_heart_rate,total_kcal,sleep_light_hrs,sleep_deep_hrs,sleep_rem_hrs,sleep_awake_hrs,act_generic_hrs,act_running_hrs,act_walking_hrs,act_sedentary_hrs,A/G Ratio_value,ALT (IU/L)_value (IU/L),AST (IU/L)_value (IU/L),Albumin (g/dL)_value (g/dL),Alkaline Phosphatase (IU/L)_value (IU/L),BUN (mg/dL)_value (mg/dL),BUN/Creatinine ratio_value,Bilirubin Total (mg/dL)_value (mg/dL),C-Peptide (ng/mL)_value (ng/mL),CRP - HS (mg/L)_value (mg/L),Calcium (mg/dL)_value (mg/dL),"Carbon Dioxide, Total (mEq/L)_value (mEq/L)",Chloride (mEq/L)_value (mEq/L),Creatinine (mg/dL)_value (md/dL),"Globulin, Total (g/dL)_value (g/dL)",Glucose (mg/dL)_value (mg/dL),HDL Cholesterol (mg/dL)_value (mg/dL),INSULIN (ng/mL)_value (ng/mL),LDL Cholesterol Calculation (mg/dL)_value (mg/dL),Potassium (mEq/L)_value (mEq/L),"Protein, Total (g/dL)_value (g/dL)",Sodium (mEq/L)_value (mEq/L),Total Cholesterol (mg/dL)_value (mg/dL),Triglycerides (mg/dL)_value (mg/dL),Urine Albumin (mg/dL)_value (mg/DL),Urine Creatinine (mg/dL)_value (mg/DL),clock_visuospatial_executive_time_value,delayed_recall_with_no_clue_time_value,digitspan_time_value,memory_trial1_time_value,memory_trial2_time_value,moca_abstraction_time_value,moca_orientation_time_value,moca_total_score_value,naming_time_value,repetition_time_value,subtraction_time_value,cube_visuospatial_executive_time_value,lettera_time_value,trails_visuospatial_executive_time_value,moca_combined_mis_score_value,memory_trial1_value,memory_trial2_value,moca_abstraction_value,moca_orientation_value,naming_value,repetition_value,subtraction_value,Rate,PR,QRSD,QT,QTc,P,QRS,T,Age-related macular degeneration,Arthritis,Cancer,Cataracts (1+ eyes),Chronic pullmonary problems,Circulation problems,Diabetic retinopathy (1+),Digestive problems,Marijuana user,Dry eye (1+),Glaucoma (1+),Hearing impairment,Heart attack,High blood cholesterol,High blood pressure,Kidney problems,Low blood pressure,Mild cognitive impairmen,Multiple sclerosis,Obesity,Osteoporosis,Other heart issues (pacemaker),Other neurological conditions,Parkinson's disease,Retinal vascular occlusion,Stroke,Type 2 Diabetes,Urinary problems,ABNORMAL,BORDERLINE,NORMAL,OTHERWISE NORMAL,cube_visuospatial_executive_value,fluency_language_value,lettera_value,trails_visuospatial_executive_value
heart_rate_mean,1.0,0.4012682666495475,0.09020851058248591,0.7420106737892066,0.22407949838081184,0.4257090723956588,0.6583009860127589,0.3831133307474239,-0.09236113427064484,0.2381537287355083,-0.2309243162883679,0.02906720358249652,0.21635070963113157,0.08086421374904529,-0.040567922757239916,-0.012603922391202983,-0.1695538519639665,0.16636256466159546,0.2538967912624576,0.12083104732863637,0.21308327839536725,-0.09000047365347147,-0.12063604643739735,-0.04225894525513352,0.053640427943325096,0.19706310687219308,-0.21095620342403307,0.08897870888240364,-0.21430202451151587,0.09835475414761755,0.0822603359268145,0.17912604701120777,-0.13998363645916895,0.1613577224219385,-0.08066208989115438,-0.13844681743855908,-0.03951734826593992,-0.12756318713395687,-0.36377117758023425,0.19789267574937353,0.05091050524547841,0.10860916650471221,0.015105212052353148,0.0032623093546739618,-0.024515043111337006,-0.014113067156857357,0.0660901582028101,-0.0173794091937998,-0.1324522372630191,0.053320588326628435,0.00498888930100688,-0.08798809382127146,-0.13478017279293783,-0.07903885036704797,-0.028316305409558075,0.09286869107669653,-0.08651219293043476,0.03325482181201575,0.0038602989239320336,-0.03543975666812159,-0.029607931783962014,-0.01616129030385888,-0.02968761480686469,-0.0793784891682018,0.5887138161687794,-0.17674573602241103,-0.06486130511645309,-0.2369547203278661,0.35279161179320373,-0.06660904492615961,0.058690401871521254,-0.16817379149001932,0.025977392450961093,0.156042857034029,0.17776341949754496,0.07476184308331855,0.04226609780709939,0.03754251604099967,0.05498552699986476,0.08726098651586042,-0.11985666310753168,0.03996390391970348,0.05443627756166135,0.10665317404708191,-0.07127393334688283,0.089612600516061,0.0900933130557952,0.0849915463464122,0.013831403795857202,0.016104167076196343,0.02428141992699062,0.16735911513819668,0.1440521657483577,-0.12935512948504027,0.027816403723840807,0.003917982089812016,0.011845186493698588,0.009099372829673895,0.22777498596538304,0.10278071967388001,-0.06418859832890399,0.1482470571068906,-0.11953425583813139,0.13243607429707452,-0.02918534294459516,0.017653482241303968,0.026449521301014262,0.06443843855087343
blood_glucose_mean,0.4012682666495475,1.0,0.2864882945651738,0.41046578986021215,0.4087971316210009,0.12068562557741877,0.33333809395446107,0.1767642167671635,-0.0356771771886485,0.19472398081882855,-0.09139982522841085,0.04350135523971079,0.13301016581586086,0.1441308101275596,-0.017436329639490693,-0.019354299487670295,-0.04689207522427036,0.3453954247301771,0.2877151964221488,0.1451737980324427,0.15315992481048973,0.2792017850234499,-0.11143732999752744,0.07393145229942205,0.29050722498843223,0.1489672393870266,0.04901248977249624,-0.07572570304314558,-0.18278070222134438,0.40668207107296156,-0.10376769274251695,0.3964787972114889,-0.3167794203138038,0.2605983519302249,-0.20366780269205503,0.026081135344172564,-0.013633803776467716,-0.039131879507171424,-0.298743656321913,0.30595794235753915,0.061995083617409213,0.1610194934373783,0.11111951057928514,0.17820640025794604,0.05808818179766953,0.11577003811733294,0.08807218458420524,0.11348954734129724,0.047486778131843314,-0.11348737872625915,0.05202059503260407,0.041095018285698205,-0.10777857460822497,0.05524840193760983,0.026412575219288904,0.2043622805755325,-0.23594451823856866,-0.15169686838870564,-0.18785066240686185,-0.07757282421583878,-0.06309441408885365,-0.07975710520764151,-0.01856553783933733,-0.05694671635169212,0.37012950822729607,0.01573490437600041,0.08019514842243931,-0.03622776563875412,0.20692040557590624,-0.02439523249415143,0.020845614821125385,0.035186738832117724,0.03445993679564091,0.07406229700478276,0.11464547961965368,0.200949962452528,0.005016029515142417,0.042140251514884645,0.15440243246936802,0.005085688743147204,-0.07655590016334504,0.007936232209060617,0.06716060526191749,0.1046899313437544,0.11917925961332823,0.19654959835577823,0.24829148925931735,0.22000186312068784,-0.015266109916001113,0.049568914682347025,0.0512357964110394,0.14115376124066722,0.012868840118442856,0.07457766203735594,-0.02522793887390193,0.07106606606067668,0.031031828966295357,0.014467333119882457,0.36032923734926897,0.08321953255985723,0.022255825962947586,0.08923259008499039,-0.10426887602266185,0.03627262696910691,-0.05741573596965316,-0.049227756181999635,-0.0975094089666902,-0.04749940365377277
resp_rate_mean,0.09020851058248591,0.2864882945651738,1.0,0.18228315203036205,0.2022351679175967,0.10075211604998763,0.1959526252671081,0.1862378587166929,0.0008703987475297049,0.12119599958110076,0.023104395879692166,0.052683016490468665,0.1280262039953403,0.038752826134209314,0.08118909329418741,-0.1826569099387917,-0.12705981091648938,0.14926861821967874,0.18575925314024472,0.09925760244477376,0.0002747342718168446,0.0988823211629046,-0.14795238853450024,-0.00025698851675400204,0.14731996570712116,0.05550116434093269,0.045258659082839436,0.007038137257926151,-0.14014175947849164,0.16976110823052576,0.13679881649811437,0.2023330970867112,-0.14867713110159209,0.15264692102621846,-0.07632931152627742,0.0023771079502173695,0.16000708144071957,-0.05169305279922073,-0.0849533940909159,0.08756855540794795,0.08199539359808511,0.10188840311805177,0.018721839543083336,0.08364501556907701,0.037674534338506406,0.0876989001014823,-0.14011820104973127,0.036075971281222446,-0.022605632387014196,-0.024006742551959264,-0.0196060617555306,-0.11255402129817686,-0.011805207792157423,0.010975810588278758,-0.12615745494963354,0.00929503358311123,-0.046019713272382176,0.02562930892202591,0.025160820902399208,-0.04612648552458643,-0.02124035205275573,0.047360618245404294,0.10877802354128425,-1.9654571085604062e-06,0.12864479252135305,-0.016406487231373234,0.04832043770513142,0.008571316364659794,0.07502941026492824,-0.009751710601233345,0.01355669517590656,0.005560075238887477,-0.06400421757274549,-0.001389483113321637,-0.02510308855806635,-0.03093861814421277,0.018847148534401798,0.024823545013629086,0.0006440791387495577,0.021973630152748256,0.0034403327015857365,0.013097561136438665,-0.015004380440954264,-0.02631257392666807,0.0515949340347674,0.12139979578717396,0.1436050565382295,0.07023665672101906,-0.02141502428097335,-0.0364828444158021,-0.010320036027370362,0.14394888586879795,-0.07514897707853818,0.03306433205444956,-0.084915628578658,0.007817253131881108,0.007658833510772662,-0.017237071320372447,0.16986952816764453,-0.0002256181583266282,-0.031246110740415053,-0.05213793639818207,0.10550339749471986,-0.04708822650608767,-0.028903458801893538,0.03259733986750984,0.017068588871880442,0.00749726601783413
stress_mean,0.7420106737892066,0.41046578986021215,0.18228315203036205,1.0,0.28976626121667237,0.42885549433722814,0.752873515731991,0.47579708452108627,-0.15634132903286566,0.23784461256274342,-0.2337648798258332,0.0743715040883141,0.29864603011218227,0.05774953765111591,-0.02730709649942937,-0.11698443781954326,-0.22228173298937992,0.2706158863146231,0.2789104602230942,0.003615832377587555,0.14650738602620725,-0.0008288892954649672,-0.08196279264911698,-0.09406647646736031,0.07993679819015224,0.210830934882281,-0.14614052127534025,0.08827575323754551,-0.1510376538367877,0.10124027100553772,0.14119089532801085,0.23208396377650037,-0.17901901995347672,0.20164351212613774,-0.07017868467837857,-0.17426540531312262,0.013734691421070977,-0.02326059730487917,-0.3843318669242133,0.17889246617345778,0.12278364406641665,0.14451000397052077,0.011327527954975849,0.08659223858771754,-0.02405547888213457,0.05054871361393037,0.06042510664239939,0.023885509242186423,-0.10641230866766314,-0.10313782586547995,-0.059870287232941674,-0.0593598142165967,-0.07700933492310667,-0.03746611069917297,-0.01678064891876545,0.1110134955668503,-0.16379959145187245,0.011776286153743303,-0.037633638043552464,-0.10703940793662331,-0.05214751255381901,-0.053603340481460586,-0.06815814185894334,-0.11905623451338086,0.6289657570704761,-0.16874882066051872,-0.0779927672316586,-0.3075272445479309,0.35265750054508116,0.004293635159390908,0.15187799028312288,-0.14509342437886733,-0.0010066344160821466,0.08396061886537035,0.043127236317602104,0.06194219173406875,0.009680493451733588,-0.00576442748865973,0.12819908254060378,0.025759876844187773,-0.10285957249254045,0.06986840472374156,0.07638286738834658,0.007520912474078417,-0.02008045250950776,0.1485964278981318,0.17016282246046446,0.09059596759203167,-0.03105671151760827,-0.005104245483276906,0.019171922074666232,0.1840865716231998,0.08089763068009194,-0.06719407703900805,-0.04206324414673684,0.008152329593813411,0.01685038538609643,-0.026114700151356182,0.3415192331737823,0.04744820357206515,-0.13752057740153045,0.09291652670633767,0.0004530731930275325,0.10813078146023034,-0.10444903292644632,-0.009804595426323053,0.013359762863533466,0.017756425560704447
blood_glucose_std,0.22407949838081184,0.4087971316210009,0.2022351679175967,0.28976626121667237,1.0,0.08716966641878314,0.26441473612502375,0.14629803404553493,-0.04862064842317577,0.17849792509952317,-0.10317239067622805,0.0685502449044724,0.08722745275771214,0.10172157185718773,0.023820841392211335,-0.034258339831316556,-0.0811693732945114,0.22590872723529945,0.1805318871744051,0.05880072956617848,0.15735652242445822,0.23607540315250866,-0.006405410146916576,0.004375938288327411,0.23960661326374036,0.1486741221911731,0.04623418622631058,-0.12478016268319281,-0.011974001946083139,0.3397554437807906,-0.009052950413571298,0.27548969129879713,-0.25341753737412376,0.18409909538800795,-0.18695108002876518,0.07787482603085892,-0.005481352618116206,0.07473744531551196,-0.2841155067321958,0.24815153501794446,0.05212776616531698,0.1100244053969286,0.04135667556631663,0.1914873681834438,0.036797347769574,0.1003705020800156,0.06978995417483584,0.11065685950445998,0.08008266767109347,-0.17522524417573182,0.004132799593499829,0.07778669242428402,-0.06540723970011285,0.08327272664860182,0.04872209918633105,0.20210211220968943,-0.2320145247282734,-0.09788765253948838,-0.19241127994423146,-0.08140751274042511,-0.03306455057725424,-0.07067583423407872,-0.024242428460348932,-0.06576294841911218,0.3045638428087336,0.015810697794532026,0.05818184843372611,-0.05968141262295992,0.177537031261316,-0.011923066104540098,-0.005953794078694436,0.01634497622452447,0.03448890081189342,0.05802422214705577,0.02154243841724636,0.15657684686479972,0.00720754920774967,0.07170291833475545,0.19838066732981224,0.002660439270554819,-0.04294830347225232,0.02204102170723302,0.04720336281239542,0.03110837123895641,0.12736619420183212,0.20143035877255144,0.22058908129530122,0.16485877336639876,-0.010353331682140858,0.0255368367683513,0.02321006725095122,0.12096936411599621,0.018391172835325188,0.06875547597293631,-0.054008555200986616,0.05380298298732103,0.05616583863206476,0.05102934433618808,0.3190979830635126,0.05298482814008595,0.06698820439910652,0.050841050763862604,-0.08477024631420135,-0.01080532548605203,-0.09531744567132845,-0.02776734998657201,-0.10760851016071932,-0.048521311446577724
total_steps,0.4257090723956588,0.12068562557741877,0.10075211604998763,0.42885549433722814,0.08716966641878314,1.0,0.448860091422954,0.5912745968047747,-0.015806728798565657,0.05180022042219762,-0.10325786400304195,-0.04251439022091694,0.29643910703313636,0.10201085393786667,0.4856420749610802,-0.5608708543572047,-0.2052579097595111,-0.05267174789099027,0.3360938010712671,-0.049527982372817886,-0.07958167888156309,-0.1762078490829639,-0.008743869726395011,-0.0571903336201303,-0.04811236915486918,0.1297555750155716,-0.16589334370818687,0.029826000207242326,-0.09242297196645136,-0.16415274636990412,0.46175665910770225,0.15855701560638144,0.12288561812161523,0.09973654344304828,0.05939186754443787,-0.053651524131483316,0.24223896456305768,0.0708577391290348,-0.12667619524215754,-0.10789468817152449,0.1984691605039733,-0.03268732717910077,-0.07537121678370394,0.06017666960970066,0.027320306939681235,0.10406801666114944,-0.009522080433347492,0.09909208362086214,-0.04712575729184491,-0.017130724776525393,-0.014861736760995238,0.10066974721286062,0.10968615442322378,0.04300712762102075,0.005789808560806272,0.024397036375751857,0.043511123798872516,-0.013832856160041044,0.0904581504840702,-0.036016467495654125,-0.10627035719490638,-0.023525073642198614,-0.10747425444443329,-0.052124142272704524,0.18650196854810228,0.011897490085645583,-0.07943314974299563,-0.019418720729074888,0.2171687357714011,-0.1562693666659248,0.043367652929431344,-0.1882012486612045,-0.055309904706070556,-0.0028664167001444005,-0.04848617286502701,-0.13596215917849983,0.015796532231069485,0.009223538012414025,-0.06138105287970217,-0.03562087333275637,-0.058450187461176785,-0.022628838560137254,-0.0513702072768651,-0.10937690653450394,-0.11419994694088045,0.0037324692095778867,-0.01946501691134407,-0.07960195360842579,-0.06737347410507259,-0.08512486247938623,0.0012810253411368157,0.059770254070457496,0.02552851812736954,-0.18541325703124287,-0.08419917182225335,-0.014070143305980826,-0.005253544244012782,-0.046953384286534776,0.05572842677890852,-0.14326584950643492,-0.0898252215374852,-0.12070479669986099,-0.04614259841880897,0.18613647996811097,0.03827166816347816,-0.007467497325238482,0.07901978629059714,0.006638682924517591
resting_heart_rate,0.6583009860127589,0.33333809395446107,0.1959526252671081,0.752873515731991,0.26441473612502375,0.448860091422954,1.0,0.5329858481859036,-0.1356017869791727,0.22299604006541096,-0.1292703627762709,0.09837552358346614,0.30759074501585626,0.016144627163047192,0.02223772670845737,-0.25560732769481875,-0.26325205238794475,0.28756651824721813,0.30384438561635674,-0.009701961102870804,0.10320528628431312,-0.18006193657969574,-0.07887911005230608,-0.09208919794630695,0.11352152895264579,0.16235377535344842,-0.09910827685404616,0.09169268076697212,-0.14411023724662775,-0.09597330461796662,0.28901670316300193,0.21214612692944404,-0.1634677769712947,0.2440314397472714,0.05326989543960564,-0.18965018092174826,0.21216942350913826,-0.07386998962634776,-0.35897201078677815,0.054549003671442636,0.14937770135737605,0.17677095600330814,-0.016688048007537166,0.009201115826460934,-0.03974474376855885,0.03809642792797079,-0.16878805863917337,0.06368496322942217,-0.0967934573451195,-0.08205892071339342,-0.11019778126585694,-0.19553855255584612,-0.00498934089041582,-0.03763395086962235,-0.018999557504228454,0.0561315671875302,-0.11483575119541566,0.09236568426509131,0.05122073929002105,-0.09986252528649542,-0.05256284717944113,-0.07020062720403417,-0.02695012328295816,-0.10086167806402772,0.7080727454020082,-0.2604017432869753,-0.20313843679742724,-0.5075479359725621,0.20240759387577104,-0.050238357945161224,0.1651203378179568,-0.1679322810771715,-0.0838090537883001,-0.005664521130507517,-0.06358663895342719,-0.10885225070826715,-0.07862240767632542,-0.052524634640182664,0.06006750423255892,-0.06020856016188736,-0.08042538246236296,-0.05892846029876344,-0.00611046298063447,-0.15604505540510585,-0.06503545985953227,0.11441679396278179,0.105280119309358,-0.01669325761314492,-0.1476698942276148,-0.10315611172403386,0.012293217021353001,0.19210838379501674,-0.04089754243560899,-0.1775192795359683,-0.121852559767464,-0.00789477419668537,-0.00634902615031332,-0.12555275387306025,0.2838170142319244,-0.10678300223849721,-0.17416636236696612,-0.037441705661553464,0.0016394313198955397,0.20560001389606664,-0.08655928891224043,0.02599120531254758,0.03946587372260439,0.04192808418364277
total_kcal,0.3831133307474239,0.1767642167671635,0.1862378587166929,0.47579708452108627,0.14629803404553493,0.5912745968047747,0.5329858481859036,1.0,-0.05175361776894429,0.07896136059283546,-0.13049836797943012,-0.030496375261417328,0.30914296601695834,0.07448500148371434,0.44407918661443263,-0.5966839749569527,-0.15057002963655744,0.0026549769424338196,0.2851420683753805,-0.03379333677303781,-0.07593788733997787,-0.15895515337471242,-0.06479389088858453,-0.06417366465571994,0.03863661681579749,0.1745139294894201,-0.04873196527639474,0.035865134743796837,-0.07506232041545421,-0.0680459120698685,0.412488641268871,0.1946359448915088,-0.002934321598367709,0.14356950307087823,-0.014949565572874092,-0.10415316876246407,0.21861564560751917,0.07710443434392424,-0.2446245353911497,-0.07812371876349847,0.18682856124139013,0.0008825894906230223,-0.12867996736427098,0.04701546430756535,0.05897298751916167,0.09837354167060315,-0.06899317329505154,0.06767224190870695,-0.029523484566343565,-0.047388669648038,-0.10917460481260761,0.062397373149705594,0.05847101124395086,0.002216456138877576,-0.05571384584444549,0.018638885041079682,-0.028601039328097336,0.019834788068189252,0.053027573222853244,-0.05682405824919428,-0.08065021684803154,0.002969003845414749,-0.0360620828782408,-0.06099616556973878,0.3137444478854631,-0.02006950217114333,-0.03617241574738155,-0.05703190343430253,0.2930717073833681,-0.1677619303889408,0.056408775555211954,-0.17103061906678194,-0.07579067887097729,-0.004586812076517535,-0.09050540849097244,-0.096944002686886,0.00033818766713909125,-0.006160025075582643,-0.019832540728201415,-0.057153348292241994,-0.04204584450217332,-0.0130994254221036,-0.061246712369473995,-0.12233815412730456,-0.037492531873441814,0.09254123367430583,0.07867292290888474,-0.04121318424868852,-0.07762561436591586,-0.08831089242574029,-0.004403726271448822,0.11624024480398458,-0.05394217666997675,-0.10382605289379745,-0.10269672699784739,-0.003654893090160892,0.015239966860409522,-0.029751145911340943,0.16886160045883777,-0.14109385208041594,-0.02144714339385589,-0.1114107421242328,-0.04330941113925454,0.12218274190025598,0.018550593264299475,0.04236773747109993,0.07193860009548185,-0.003022319764080169
sleep_light_hrs,-0.09236113427064484,-0.0356771771886485,0.0008703987475297049,-0.15634132903286566,-0.04862064842317577,-0.015806728798565657,-0.1356017869791727,-0.05175361776894429,1.0,-0.014361133563237961,0.1684702197720248,-0.08047814783351444,-0.039206476171678925,0.018376660733978235,0.11685868926723308,-0.05126603275693301,0.2116098185057913,0.03141759265142451,0.07684345519798408,0.1603008827815413,-0.015512248961568432,-0.09358711325304998,0.0008464903850642554,0.14718721000549456,-0.07211681827301321,-0.07944860321087965,0.09905121039146123,0.035423153551926434,-0.038161793745357796,-0.06901640987984901,-0.04264603333701831,-0.008604204724084444,0.13458356927185663,-0.026252699231031133,0.0727107902148691,0.013061505455424734,0.030337341768455824,-0.019009592454372816,0.14748272596695094,-0.02524918103020099,-0.0014703396546318632,-0.05797212495243054,0.09115217947666474,-0.0038458484701747427,0.044358116503945354,0.017420284592309543,0.03713055702319362,0.029590924700772542,0.06016437786637504,0.1467652075164147,0.004567120400984136,0.05785757245656394,0.05374797104999063,0.034995203121047064,0.009990681446570924,0.0004520409214351083,0.058425880140165996,-0.03339205861941266,0.03662835982810183,0.03033105066487289,-0.011987635801354623,0.03827667985114216,0.02497111753486754,0.024682897594929743,-0.19424331519295474,0.0391609226804672,0.001656801588248963,0.11092477220273975,-0.0680177798759351,-0.02344208035180414,-0.02198078333757599,0.04201652753634107,0.0011237844310356595,-0.03927808345329927,0.01623502637523346,-0.012446708515659075,-0.007566940572694505,-0.008530123205586994,-0.07276141011040135,0.017668560225330705,0.013832207557544204,0.05971307444809158,0.011851366528038943,0.018516287002718946,-0.029070800773304182,-0.013349366763262977,-0.05563061969600241,-0.07597775849875366,0.026082076124660184,-0.009801341607103343,-0.02394533000073109,-0.08892823405252133,0.009945830593473547,-0.02213401278194934,0.04146805340372854,-0.021608765064298315,-0.016971967726502734,-0.011968408781267044,-0.10234249937750979,-0.00550914875630741,-0.012875993679212747,-0.028358675738371326,-0.019116527418147372,0.04362811339352947,0.1035595167572706,0.06980818996372547,0.03492996458050199,0.04455055048383032
sleep_deep_hrs,0.2381537287355083,0.19472398081882855,0.12119599958110076,0.23784461256274342,0.17849792509952317,0.05180022042219762,0.22299604006541096,0.07896136059283546,-0.014361133563237961,1.0,-0.041097968233637434,0.057909331499429895,0.08072295033535032,0.001954191074903843,-0.05865900800726498,0.060541752218305364,-0.037173529895815766,0.16429773419591598,0.1188824082913266,0.11513736371366311,0.14031470865929618,0.1085038763544173,0.007710592761639157,-0.010440250510181279,0.1048022362270788,0.04132752905192306,-0.03761853157548159,-0.008831884992225151,-0.1212340227953184,0.15849701811444833,-0.11039701722003255,0.09147356682195523,-0.2016752112073722,0.13066512687256554,-0.12657239177187943,0.0084648910751006,-0.07088062650743533,-0.07255295681080587,-0.19359768011106923,0.11913888946692618,0.04962270658263496,0.08898366994706158,0.011787518179508457,0.021068458851356456,0.03110857498192545,0.018564126325768784,-0.022339415416489775,-0.002037244691074715,-0.07237945647071063,-0.011238083005528709,-0.026767463902131472,-0.06171399850664443,-0.06545698547012326,-0.01255700157070084,0.035269247948117845,0.028493697105191278,-0.028187262297251887,0.016088149082823296,-0.007379013669872527,-0.010514467062139137,-0.0003700627331665036,-0.01667821392695341,0.08358129089696142,-0.017349172876181432,0.1966207229956438,-0.08392757721234737,0.03169083247155536,-0.10827464171210693,0.08611566010449867,0.03941442292496538,0.011164980709861426,-0.00516598048154326,0.004815364702112857,0.07557253269567694,0.028592899013566243,0.06502625610515922,-0.012738342644253272,0.03599957992799721,0.060142637306677744,0.059317778398977075,-0.02863551260494764,0.040401802210037266,0.04738298848184937,0.07763817948841162,0.04390027183207708,0.14019964841689272,0.0842854185599443,0.08086497098234544,0.042277570787414655,0.03459518702816411,0.0060255313609062985,0.125875375826787,0.01669275882109155,0.05566365833746926,0.008235775737353224,0.023834941943410095,0.023044133114789374,0.033854180845511644,0.1583237527771572,0.11540511286924575,-0.08341446535236746,0.08643870457981657,0.07287189301148163,-0.011393189924442618,-0.0679428926224922,0.0395993228712027,0.004584048447366827,-0.009457447724214144
sleep_rem_hrs,-0.2309243162883679,-0.09139982522841085,0.023104395879692166,-0.2337648798258332,-0.10317239067622805,-0.10325786400304195,-0.1292703627762709,-0.13049836797943012,0.1684702197720248,-0.041097968233637434,1.0,-0.013516498680558982,-0.008443416490724855,-0.015169350710632407,-0.021097254154531283,-0.034271068588154055,0.11083298816358461,0.06344013850103966,0.07847330217860785,0.04034777865625718,-0.011614622808145496,-0.004651092151677127,-0.008333837500341598,0.11769243499657334,0.01045507414726143,-0.12856532619398825,0.01623423132150839,0.0711794764481648,0.06632966598033226,-0.08902303453240153,-0.07192554909672656,-0.0174311281474318,0.13554111190789164,-0.024205522851479647,0.07681538435848714,0.03351135187478982,0.03969014807194739,-0.046788194279454604,0.28058578046461824,-0.09969155252886511,0.03232371512826202,-0.022459510132209138,0.08551563260178624,-0.09783708164795793,0.03295595510520393,-0.009927537966472742,-0.08898694273007922,-0.009738031266341563,0.044661113235129,0.09256130511558373,0.11683617329146585,-0.06293898727324644,0.1412294961401883,0.0018932736586666523,-0.07941798664398453,-0.048599166189129704,0.1125403626168997,0.034240719561778106,0.10021552526505784,0.08379896235668739,-0.00536717646213283,0.024420731694630205,0.061199206074104034,0.048468768369189445,-0.2013910648369905,0.05682818733989025,-0.10122398184092335,-0.08762218769565373,-0.268727301987946,0.07161919126255016,0.053306367498752505,0.08738162029506513,-0.01862116270645456,-0.10225618772345722,-0.04049231040307983,-0.07123545238300051,-0.08558630379466763,-0.008747218448829744,-0.10010115938003829,0.026492080846744006,0.062246248328197,-0.021502724674162605,-0.045706602685647676,-0.05086126082330998,-0.053515235321308904,-0.07879534590536358,-0.13817462787485116,-0.07960750237210963,0.005765797100413396,-0.027040088080507656,-0.03827341733282878,-0.09659404090731138,-0.021250763050072848,-0.049371102721911836,0.027861703622701038,-0.023109595415299066,-0.03241496858433415,-0.0860118647214603,-0.16370736763455707,-0.0311390374134425,-0.18147070832154383,-0.0652639484473473,0.2019558736386249,0.024214698850809895,0.04545295402007007,0.006082524290867864,0.03910760796337726,0.022227548870291068
sleep_awake_hrs,0.02906720358249652,0.04350135523971079,0.052683016490468665,0.0743715040883141,0.0685502449044724,-0.04251439022091694,0.09837552358346614,-0.030496375261417328,-0.08047814783351444,0.057909331499429895,-0.013516498680558982,1.0,0.033643469281027745,0.048957228009692946,-0.1641062573142314,0.14418538319718666,-0.23132356427776374,0.09700474711499901,0.037055555068736035,-0.13909751518708532,0.13935468693401057,0.14688006500570913,0.03514620680652572,-0.08355291210127533,0.11653463488945712,0.07694054034925059,-0.01909827050499683,0.04222498867996655,-0.03676351726096755,0.09374414624390452,0.09076047996238146,0.06603181980524303,-0.029739900829375783,0.10640630448317379,0.079308809189198,0.06675388696490375,0.058275921874879594,0.10069386289520832,0.011101882015948122,0.12338323106727744,0.030616270751218654,0.13352035733652165,0.05102903459156072,0.13471663033390432,0.047489026611718464,0.04909756686145892,0.05210962731989151,0.01067374159941792,-0.018175507159801683,-0.1675072759799475,0.14210646846721872,-0.08166124400330947,0.04990281521191979,0.07413402174293612,0.10232911851517751,0.039543611182762964,-0.11171483064907105,-0.02930430425257565,-0.05180224538081233,-0.09972618190979882,-0.02429787089357863,-0.08925667471769094,-0.04533471220614057,-0.0597680658706411,0.17884984200135673,-0.09935412156855906,-0.0555236928361291,-0.12119399837199135,0.03574019473359879,0.11505666270822382,0.06554705581595248,-0.019129002648326347,0.02820325708688325,0.07664919003355902,-0.022777771245571184,0.03963404486610402,0.058347873089380435,0.03652832148870929,0.06826479272140154,0.04557113037981913,0.014452020753045558,0.012787028710859849,0.04054453478810897,-0.007793601929574565,0.05610294721245511,0.005861682379956174,0.062180842016631835,0.037157274553256736,0.01628823948825299,0.010260708735572322,0.0101954280766042,0.08399846090486221,0.02847390453803061,-0.00782158881533732,0.035118503716596916,0.029382667693259118,-0.006601628822146412,0.0055502947571733465,0.05934575959802417,0.09184913870093296,-0.06102652919441684,0.015463341354964216,0.07907836013320073,-0.03388167480412268,-0.13924339058471977,-0.035560681374367145,-0.016427101810750418,-0.025653481928714993
act_generic_hrs,0.21635070963113157,0.13301016581586086,0.1280262039953403,0.29864603011218227,0.08722745275771214,0.29643910703313636,0.30759074501585626,0.30914296601695834,-0.039206476171678925,0.08072295033535032,-0.008443416490724855,0.033643469281027745,1.0,0.08850508545544651,0.07390723765317869,-0.21070821723593178,-0.2058992010561086,0.07403775523041807,0.22969727478259794,-0.06003834381709193,0.08039468017865878,0.03659239113282927,-0.11662666332612424,-0.0549502589290312,0.08201675772159386,0.07781738549751702,-0.16668999018086228,0.04774984346083766,-0.06264125746675413,0.003833562245266693,0.20323715398403544,0.1542571858544013,-0.04190060234588482,0.11876147861030974,0.056760560675609285,-0.033638320368669726,0.15803870021878277,0.06287990421752035,-0.026737465132702018,-0.0155845444820905,0.1650144646220018,0.08597013158073624,0.015324245376915737,0.04223733606272841,0.01548936516364426,0.06249531558061702,0.0025258110573975626,0.016684479968854853,-0.022170246315402282,-0.18251419174488162,0.056163576089520086,0.008729960506396992,0.1142192451293076,0.02915685469147112,-0.01964638227132209,0.021305232278500265,-0.07463680020128174,-0.003779324801888183,0.018802859449750412,-0.06900150070663431,-0.10590127144086517,-0.11301390705595361,-0.09103131430706562,-0.1302232397758132,0.23045465552822805,0.00038636686343087787,-0.0717363152754187,-0.16736256506509053,0.11055169199166125,-0.0021648209110595147,0.06319289712553437,-0.06265478619446194,-0.024614674273168845,-0.020729091281799245,-0.06781344645980175,-0.06907768551559833,-0.034887174082329775,0.03341117626125054,-0.014704069820587204,0.021043185485894043,-0.030644620946414063,0.0006009555932647983,-0.008387615093474481,-0.0409202194910885,-0.06282697609172917,0.028703125458333686,-0.0037782543237573334,-0.0034094344213206336,-0.051178804246553106,-0.03145712418863109,0.016204658049588313,0.07138009467925331,-0.021599419109304536,-0.08173747252365761,-0.028732660439001863,-0.004616913141261542,0.00028960346581392697,-0.033536618768020575,0.08319368734216295,-0.05384128378307523,-0.25878958441288336,-0.04458613376453435,0.14611905943933454,0.13794456058294857,-0.09226052322038016,-0.037259393427773194,0.026884767973400822,-0.057136265092533986
act_running_hrs,0.08086421374904529,0.1441308101275596,0.038752826134209314,0.05774953765111591,0.10172157185718773,0.10201085393786667,0.016144627163047192,0.07448500148371434,0.018376660733978235,0.001954191074903843,-0.015169350710632407,0.048957228009692946,0.08850508545544651,1.0,0.07960596617515232,-0.040269780533080286,-0.026344566146790843,0.09204970550075242,0.15468852751055753,-0.06687178905584625,0.06727937417682446,0.16181340345082038,0.035800677974897624,0.08498283158031125,0.12927572477956337,0.08257091059411989,-0.02939995471669675,-0.007913223711078301,-0.03487153266462342,0.1651313611989275,0.01697595044958018,0.17483237147899008,0.057301542588968746,0.1101335982827483,0.019169070236092503,0.026228922497376503,-0.04245189816790801,0.03544791162939331,0.04694592747864138,0.13663431585281227,0.09599325788223544,0.04775901040306272,0.06156256221213987,0.13797274990396619,0.08739036604966911,0.140852207793575,0.11872105702890501,0.12745960067921336,0.1268537891412116,-0.16939551354377685,0.1586474033655413,0.10572017672357159,0.06992546134148397,0.12106157874253093,0.05830734750115532,0.1553921281001415,-0.10374924974343273,-0.11356193131688365,-0.08271892064925818,-0.030042274140297004,-0.14903593815492228,-0.1481770401447056,-0.07497713679808361,-0.07518991764525249,0.036140955967672056,0.06046844201232949,0.04595145389023232,0.0974362368270006,0.10566937065557219,-0.007463234229375481,-0.023640030193719363,0.0002887391523785924,0.03405502448225915,0.02256542317654132,0.05165037277204779,0.06199029877437096,0.05278558005425748,0.03203644763249001,0.026019807110255457,0.017822801550036224,-0.010683685311837726,0.021115428527876217,0.032542681144861405,0.06753420237588242,0.01240482590770488,0.037465239690773,0.016583475711664634,0.058108807650376466,0.02010800465642963,0.04272107760233149,0.032907283501323804,-0.020772730210070003,0.07950021463310888,0.0175898906212353,0.02102372538629871,0.02143423065570259,0.03296640930011029,0.0658400537263739,0.023431386193400013,0.03375881733691155,0.03052760842317812,0.020091686433607373,-0.09867908698007608,0.0528549653991176,-0.056497934078858045,-0.046529494405494566,-0.01892427108473745,-0.08182586984338056
act_walking_hrs,-0.040567922757239916,-0.017436329639490693,0.08118909329418741,-0.02730709649942937,0.023820841392211335,0.4856420749610802,0.02223772670845737,0.44407918661443263,0.11685868926723308,-0.05865900800726498,-0.021097254154531283,-0.1641062573142314,0.07390723765317869,0.07960596617515232,1.0,-0.7561303815791941,0.1861231805562212,-0.1554295999362704,0.28548884255282186,0.03783942547111441,-0.2554842207155017,-0.17199274619134752,0.17008136625301506,0.086602597724978,-0.043302395075040225,0.016290433162176477,0.10965149107716339,-0.07005805033912772,-0.039577523374299144,-0.154716385537454,0.2813807456336974,0.0876461507567899,0.2546657976604523,0.0036585042408970887,-0.1371025818809271,0.10557121471712973,0.09375852357334909,0.15524604291466176,-0.08120094599661516,-0.1761760957210168,0.12873951799784314,-0.187469654333424,-0.14313933731945083,0.07180963845463194,0.2072998253371223,0.08556042734104365,-0.055253769642409314,0.1597705175145648,0.11240263113335541,0.12937575177306704,-0.11527348714800618,0.1847391270401514,0.10469505233615997,0.05379931302042222,-0.003924749269981112,-0.037329076793164925,0.11262036640029104,-0.035843049851878035,0.10094612861361432,0.06546271328749859,-0.07957739447211885,0.044539844189770354,0.03339529720406352,0.03864896072410397,-0.18988692519304348,0.14008117371701662,0.06573272509009556,0.39356093349612986,0.18558560448785877,-0.2630995536031756,-0.08286335856711695,-0.16230935658896875,-0.07658977393300519,-0.02603914569532593,-0.019072280590716466,-0.07124032663674049,0.029756466590428958,-0.006749512387688956,-0.11095262052164129,-0.09309837600907409,0.01590467030486682,0.03594524691008381,-0.09388278331989765,-0.05158839810867085,-0.05391771376427156,0.04694551313809291,0.002357737833447112,-0.12083209749040213,-0.017984459545332957,-0.06363598827891433,-0.0033590864888028375,-0.07648900672294894,-0.058120298325458786,-0.05031656354551551,-0.09375667989199467,-0.010344262086302377,0.004913756570625509,-0.017251043965232343,-0.040201098104865225,-0.19283850320887666,0.11882615161895442,-0.18441187256648148,-0.11708865356212446,0.0766858858394454,0.2134495386676656,0.07993289418743213,0.0867509308309592,0.011636489087053335
act_sedentary_hrs,-0.012603922391202983,-0.019354299487670295,-0.1826569099387917,-0.11698443781954326,-0.034258339831316556,-0.5608708543572047,-0.25560732769481875,-0.5966839749569527,-0.05126603275693301,0.060541752218305364,-0.034271068588154055,0.14418538319718666,-0.21070821723593178,-0.040269780533080286,-0.7561303815791941,1.0,0.03460609985139798,0.14403679410056616,-0.3505855956845658,-0.028095848315974538,0.2489132558568775,0.21726126735289727,0.06344219664309371,-0.034033310142933815,0.020982807122152176,-0.05705489154591441,0.0161970429641278,0.011556446639575573,0.09411547390746086,0.17294278111931793,-0.4869515910061685,-0.1518351778573732,-0.12056419889119561,-0.06824131688007343,0.018432379884491517,0.009618963826828334,-0.34090726320701764,-0.049256214834493245,0.046749450354715685,0.2745106367354054,-0.20194061545531491,0.1090778237296199,0.16670776508838525,0.014724427184723315,-0.016402403486996852,-0.0967341432652904,0.17617485705293823,-0.1082302219145259,-0.012531628020014644,-0.03967778236946214,0.11571229969928752,-0.0637341188864295,-0.1618752712455937,-0.03321914631387662,0.1708712250857904,0.07924125858279497,-0.12307484707320779,-0.041942497679934285,-0.1370649929444043,-0.005962534630016814,0.08692974627468047,-0.03045621718419103,-0.029020012115125858,-0.026840643749669678,0.06792592540809261,-0.1732063480247435,0.021006241650822606,-0.18934549746143214,-0.12515585922647526,0.2044400140237817,0.0048871049039644066,0.1207079710081512,0.12867933036467014,0.10500390138758452,0.1615369925438331,0.21496196613802726,0.004871817988815418,0.01908411594923646,0.12391407433019598,0.10174102633383585,0.000952997508748591,0.061011039672511,0.14251585431790362,0.15940374888307726,0.06402137560816348,-0.031077723398087658,0.0066038893893324915,0.12349170241116224,0.10020263058429751,0.10970326566492224,0.01834723553953312,-0.009236603541268127,0.13791068075913412,0.110519500586786,0.15734329234494043,0.022417700708911,0.0021918825971247767,0.06383026214816018,-0.00196242055607363,0.26547598765051683,0.06827292209426723,0.19374995199419626,0.01606892324882057,-0.1878206976370292,-0.125322347518448,-0.05016853933655658,-0.11251703867721494,-0.000371719314190332
A/G Ratio_value,-0.1695538519639665,-0.04689207522427036,-0.12705981091648938,-0.22228173298937992,-0.0811693732945114,-0.2052579097595111,-0.26325205238794475,-0.15057002963655744,0.2116098185057913,-0.037173529895815766,0.11083298816358461,-0.23132356427776374,-0.2058992010561086,-0.026344566146790843,0.1861231805562212,0.03460609985139798,1.0,0.1570396071075051,0.01804308270907224,0.3393881925551251,-0.12656600604067744,-0.17884995565563985,0.2374219833699531,0.4484085771866604,-0.12313339818834175,-0.18451527727980468,0.3214815841245295,-0.06609454634978836,0.1174414565347994,-0.053419851585525126,-0.5027678102889865,-0.06946701549721096,0.17232626928663683,-0.05032666126790215,-0.051559565483998954,0.08634292309212552,-0.41549222356207416,-0.19676799908961143,0.06401999337261163,0.10371873261224386,-0.08233321293866352,-0.2619714521351519,0.008680153220814937,-0.1802323231928737,0.040037290255140766,-0.0012703965811692677,-0.051106371805546454,0.06352862920905722,0.18338127113232655,0.3790156801117346,-0.16758053448795882,0.07492646171674043,-0.22892156009114345,-0.1544724471087979,-0.05758407245985643,-0.003855982767777494,0.07409526187537929,0.02400730913010811,0.03426102835062083,0.16528499921023582,0.045046344458702564,0.098213154764998,0.16531690518703346,0.08203782173462261,-0.2700139429650988,0.018906178381103825,0.1589117306359714,0.291579758091305,-0.17927028024872887,-0.1519705369136241,-0.02687144075851317,0.02376698283398092,-0.012474320539877853,-0.17111526190320447,0.20122970419904393,0.04603561733079641,-0.13206083155717474,-0.11066831574117536,-0.07633511667868703,-0.042941271321442716,0.004776060321393887,0.033593435248557915,-0.04717152139790893,0.12618046560292326,-0.022268889970202668,0.006278545622931125,-0.08380128854580098,-0.07375607336133123,0.026296819460242576,0.02531308450689518,-0.030288798425980725,-0.27329428968617947,-0.032001090552974315,0.09709447530870276,0.007836312748389074,-0.009075461806045664,-0.007134043291235538,-0.06865517992310498,-0.11173176717353844,-0.038997166614523036,0.2257071406513517,-0.007552965024540497,-0.30435038021550403,0.07294248506102055,0.30779808105182993,0.17432021007012527,0.007367281153185522,0.10418930260353872
ALT (IU/L)_value (IU/L),0.16636256466159546,0.3453954247301771,0.14926861821967874,0.2706158863146231,0.22590872723529945,-0.05267174789099027,0.28756651824721813,0.0026549769424338196,0.03141759265142451,0.16429773419591598,0.06344013850103966,0.09700474711499901,0.07403775523041807,0.09204970550075242,-0.1554295999362704,0.14403679410056616,0.1570396071075051,1.0,0.25862974769607794,0.10531630304977291,0.13905703523327745,0.13562444106071084,-0.008607866074795325,0.2111072711755253,0.17403731162799302,0.0017630352107100293,0.06994663038234457,0.08820367634613943,-0.0988607480115803,0.11749743569847901,-0.26144308220886286,0.22023613828137611,-0.14434920713683755,0.2206966539784474,-0.007289835090943569,-0.03475785520092006,-0.14155946937045932,-0.0582923319117662,-0.058954112402388785,0.24788680064373492,0.08321352107447375,0.11838949068972214,0.16856221861643159,0.11524418825328067,0.1303688579975362,0.08514012243176529,0.028912794275944974,0.1258744243899808,0.13135612630717083,-0.11355640172327798,0.05304508456546055,-0.036942044685764536,-0.01730292380890282,-0.012158263072376517,0.10286467398826205,0.1706549430987111,-0.23578973676182066,-0.0711101087521245,-0.09142552639424997,-0.058292425370096775,-0.09359527511340288,-0.12950394344575972,-0.007548669123870757,-0.1089722358033978,0.31405699798840075,-0.09965675575504729,-0.014076954522844652,-0.20650658404581135,-0.028657282650521136,0.061017115119826965,0.18110188297177773,0.049220911195374716,-0.004407742479031953,-0.021000199134036328,0.08360451387758228,0.06379760040135594,-0.09907540613058424,-0.061082690437482295,0.05690355888600891,-0.007401685654340936,-0.023289925664218888,-0.007018448117390213,0.017055635830355853,0.07189506478362229,-0.008234303685052539,0.10385165644773252,0.08579012767959715,0.046837731797959435,-0.04938570813922124,0.030495646742526996,0.03315979800732378,-0.008710132850994498,0.008776975634213157,0.057409958490183134,-0.009996848093641219,0.0013961434314502786,-0.001379256166933159,-0.0739987906018189,0.19106679866260456,0.07549463871640058,-0.11813944207289648,0.05862709225072014,0.020132437886486314,0.08015952774338667,-0.014457413521569651,-0.010666426340881817,-0.06668923386160856,0.009860907038390487
AST (IU/L)_value (IU/L),0.2538967912624576,0.2877151964221488,0.18575925314024472,0.2789104602230942,0.1805318871744051,0.3360938010712671,0.30384438561635674,0.2851420683753805,0.07684345519798408,0.1188824082913266,0.07847330217860785,0.037055555068736035,0.22969727478259794,0.15468852751055753,0.28548884255282186,-0.3505855956845658,0.01804308270907224,0.25862974769607794,1.0,0.0665655723819546,-0.003026624420793013,0.06427911134480191,-0.04046925664357233,0.19215726048329013,0.23036634783049567,0.052498638421616166,-0.10401965014647577,0.0416154700227239,-0.20704359048757504,0.06448766824133587,0.08222460924608094,0.2386053828234343,0.03257898849470233,0.27253983287487227,-0.05182239362561476,0.03546424374961616,0.10512979984076647,-0.031219340228089313,-0.03460973807270509,-0.01410345062787234,0.19066869868782954,0.04033277960623472,0.07470901480945454,0.06561893547153058,0.03481047013451096,0.13294456654573342,-0.1217158718374738,0.15943991918102318,0.05088077575314958,-0.09260198286026818,0.12068264111067808,-0.05181026882266613,0.12687110923296022,0.03693423147881269,-0.12682702113763974,0.11817891452815299,-0.05458486208550596,-0.029414495214481896,0.04178713456122552,-0.02841647912679903,-0.151477631184863,-0.11342682325905176,0.034625992791324715,-0.05436603319353308,0.08130479436640882,0.06598900817592172,-0.02428971635226369,0.0408771468435301,0.01583964570153155,-0.0425912866683228,0.10233653115795445,-0.0848012466805794,-0.052576245259456846,-0.02345546337150364,0.0011007596032695675,-0.05138487338617793,-0.026552838088426883,-0.007612135166879047,-0.06557106814697623,0.06018878997969379,-0.036414811063613044,-0.038668429126321416,-0.05712847288583635,0.06297651116019938,-0.05059675308286857,0.07028431862097152,0.009642503214827944,-0.019617136990472458,-0.058307381584177205,0.011325771543073807,0.006155274494362752,0.01998721757186195,0.04487761606869797,-0.035229521757492846,-0.03093417780882796,0.010266655446011363,0.009234929283211055,-0.016031460684678707,0.08536808944533278,-0.014902300436560033,-0.22135576291891845,-0.02171574273484087,-0.032246555483181324,0.2808005627182821,0.02048948968727641,0.006881014643335634,0.028040158443029588,-0.006852934083654538
Albumin (g/dL)_value (g/dL),0.12083104732863637,0.1451737980324427,0.09925760244477376,0.003615832377587555,0.05880072956617848,-0.049527982372817886,-0.009701961102870804,-0.03379333677303781,0.1603008827815413,0.11513736371366311,0.04034777865625718,-0.13909751518708532,-0.06003834381709193,-0.06687178905584625,0.03783942547111441,-0.028095848315974538,0.3393881925551251,0.10531630304977291,0.0665655723819546,1.0,0.10959228679504117,-0.27557384889039,-0.16774084179903823,0.14184352500908742,-0.1720321879020339,-0.10090340488909279,0.21979434164350645,-0.02941291118039136,-0.0886262070186946,0.01909246192833644,-0.044889474648527605,0.004618859435596226,-0.21305884360776248,0.08250623465278119,0.02311537341062128,-0.02283802441841557,0.29178395165185206,-0.033410761453736594,0.0181364205243119,-0.08412294416429018,-0.08427525056485743,-0.032757727925586885,0.04472786658690663,-0.12405546596393772,-0.10783975707016695,-0.0898784301826137,-0.1063542595032393,-0.0888420648867365,-0.2773790718614276,0.36967786245270506,-0.23767804918119445,-0.13479814455859257,-0.16187787158996297,-0.1036801948442762,-0.21219336829390908,-0.1446146231281969,0.13633865151841965,0.08566655828356255,0.15536963584955418,0.1073989882499932,0.10500728722457481,0.12884018048461016,0.20491957266109834,0.10313033675037789,-0.11898273804328303,-0.08381910084332361,-0.0690818128627123,0.04790887165954856,-0.08150149309977674,0.0047285485620457484,0.04097735467918733,0.1103588869986661,-0.057262601031395646,0.006118540015943682,-0.002089924519713044,0.04804530850708266,-0.006104053163575758,0.008035570233418356,-0.06403538512510472,0.11102144591054128,-0.10390954433547422,0.11817404096630163,-0.027644209523199837,-0.031950789616260654,-0.010220339523307432,0.1934179345131436,0.1515191311370174,-0.03592355869600011,0.06161874807362382,-0.002159054293459537,-0.03694495805648166,0.02344264107913201,0.029044793408181935,-0.006347878943997825,0.03623562758688114,-0.02811161765009723,-0.0280511814149276,-0.013535240350482636,0.084291094043789,0.06097545882380226,-0.10617203089596923,0.049792021286967754,-0.0256586956296044,0.13066304520493116,0.13996580788734797,0.21094270715424462,0.07560064070253934,0.14749439315521604
Alkaline Phosphatase (IU/L)_value (IU/L),0.21308327839536725,0.15315992481048973,0.0002747342718168446,0.14650738602620725,0.15735652242445822,-0.07958167888156309,0.10320528628431312,-0.07593788733997787,-0.015512248961568432,0.14031470865929618,-0.011614622808145496,0.13935468693401057,0.08039468017865878,0.06727937417682446,-0.2554842207155017,0.2489132558568775,-0.12656600604067744,0.13905703523327745,-0.003026624420793013,0.10959228679504117,1.0,0.20490146068968662,-0.03071987374258957,-0.035096988596358666,0.10500295807638955,0.11737950207799702,-0.034776150482553767,-0.01364368013031209,-0.013764573311916679,0.24180515333198593,-0.03524628129156173,0.0960229393249836,-0.13406184121875583,0.07876948356992522,0.011637018244737464,-0.009021555429671917,0.017032690841808227,0.017396955637900544,-0.06314287567042629,0.26425648024434556,0.013075723808337974,0.16817396565313303,0.11480685613281524,0.08486950770367913,-0.012841753977473312,0.0030495988192681973,0.13614429426923277,-0.020574167671209058,0.005321356736898897,-0.10595974095717997,0.13975476202273907,-0.02108065559848869,0.017820063734684432,0.08136845044693214,0.06789745243288971,0.11331316584150403,-0.12204046490562849,-0.07353888108291713,-0.11312321795237963,-0.050433508652635566,-0.0011079325016151557,-0.018387946718768686,-0.029495983566798216,-0.06322634035241913,0.2631964452354732,-0.08108870489061948,-0.061378101933619034,-0.1815202539492194,0.13051094422819778,0.11039805621515326,-0.007824446098996045,0.12588376395306675,0.060710823441661996,0.06574052731852127,0.0467877684958617,0.12681131940138002,0.01903449261051574,0.07436940695244144,0.1326681007159927,0.10925409225041266,-0.04848655759591061,0.0915023867716559,0.09771308410280126,0.051771267251700226,0.06506689063829678,0.054309929620086315,0.08103334166921783,0.11988853501919385,0.04655732651544669,0.04186478779203343,-0.003627723359496673,0.07659951234125957,0.05022017006375903,0.031949726937053724,0.09246993827939096,0.013492007452941237,0.025549467027121117,0.05795585696718394,0.13092236831732473,0.1579660072318139,-0.03146030785631716,0.11593808938779257,0.0812107161304494,-0.08713854510773582,-0.1631154056882413,0.0011219597886869596,-0.04334487723057332,-0.01875042430959148
BUN (mg/dL)_value (mg/dL),-0.09000047365347147,0.2792017850234499,0.0988823211629046,-0.0008288892954649672,0.23607540315250866,-0.1762078490829639,-0.18006193657969574,-0.15895515337471242,-0.09358711325304998,0.1085038763544173,-0.004651092151677127,0.14688006500570913,0.03659239113282927,0.16181340345082038,-0.17199274619134752,0.21726126735289727,-0.17884995565563985,0.13562444106071084,0.06427911134480191,-0.27557384889039,0.20490146068968662,1.0,0.09658935925301235,-0.044090933717836844,0.3383196401632287,0.10691210610919055,-0.11069880383438485,-0.06695460351186847,-0.05383492409526445,0.5762149286334347,-0.2904476641973545,0.22695346261905167,-0.21778119903788187,0.13557438026901628,-0.32706093489879806,0.17286735617484308,-0.3074288968372833,0.008900966022172713,-0.0777272788648446,0.3435815797130176,0.03937741328792427,0.1474161583034936,0.09120549054238374,0.2553868712100983,0.13850336195671092,0.10071975172827112,0.2087546930407969,0.03964635672345056,0.126542521481139,-0.3688096799553577,0.29007917156410873,0.1283314059357407,0.013304428561527698,0.1153822237002763,0.08194002830453548,0.227205163245603,-0.21265959148182892,-0.19075708351086174,-0.26522898833258834,-0.07288041868121532,-0.08409591743362373,-0.097292429747412,-0.05839298884254673,-0.06984571519335712,0.06927596328496732,0.24415508883004117,0.19500819674909103,0.09698512735879691,0.1370428987257752,0.1540509681528328,-0.05405920746085793,0.1659413882549666,0.15237958387267764,0.09022844736494058,0.09197279513133426,0.2589058337981231,0.053217937164630295,0.11852100390357792,0.1827938868402919,0.05046690858154034,0.06107916936865057,0.000796130015502915,0.09069893033616735,0.22966661506730704,0.23976560327926674,0.09624863200394082,0.13796876290729523,0.27171848637742246,0.07430784590904065,0.14320880582780895,0.04567510650557585,0.06690285154115097,0.033396724411608326,0.25668398233797657,0.06118510623455805,0.08266609985463819,0.08299769194368732,0.14209964880983098,0.1733005168145025,0.18820760744534595,-0.010512486462934626,0.12558321619045953,0.16751007270860763,-0.21614445622086992,-0.1673492167146795,-0.15480892731803295,-0.14088589482127972,-0.17828406333465233
BUN/Creatinine ratio_value,-0.12063604643739735,-0.11143732999752744,-0.14795238853450024,-0.08196279264911698,-0.006405410146916576,-0.008743869726395011,-0.07887911005230608,-0.06479389088858453,0.0008464903850642554,0.007710592761639157,-0.008333837500341598,0.03514620680652572,-0.11662666332612424,0.035800677974897624,0.17008136625301506,0.06344219664309371,0.2374219833699531,-0.008607866074795325,-0.04046925664357233,-0.16774084179903823,-0.03071987374258957,0.09658935925301235,1.0,-0.0007376172255339155,-0.03941058107505461,-0.05210053706614651,0.09243607025030515,-0.1157858167843771,0.14215817454087293,-0.1422165238640589,-0.20915365262311555,-0.11971737493416916,0.2988871407046757,-0.051121798168676284,-0.17402062064752413,0.1480131880154386,-0.35338386835520064,-0.003151949227469477,-0.09173406385276343,0.06320612521383864,0.007766312533900073,-0.17392520899927374,-0.06027242955117675,0.009770667702496337,0.07701330495307407,-0.048962025804263884,-0.005790290976996287,0.03832732368334249,0.060403858372221744,0.1341842060876769,0.005373851436350989,0.02774279122157765,-0.02895895260425134,0.018153003489070743,0.1303135872796267,0.040995871144701365,0.12671416928450172,0.036046738947832314,0.03212757005642764,0.06543989604659237,0.020515280986981917,0.03792216558914195,0.05784736045432868,0.06298052654665146,-0.028148484613623955,-0.02527050322250871,-0.04563662116661617,0.03183698043612077,-0.02511576329460994,-0.026856207748523653,0.06116080424577606,-0.0055584852284645695,0.07606133218495478,-0.0031196564658346514,0.10791021405937315,0.08102404801947515,-0.005922477464254945,-0.022386910820374837,0.03242255125122903,-0.09688203700758163,0.06795384678529251,0.036194948001453904,0.01796227137611613,0.01866850859864679,0.018250955862915773,-0.024007798803399615,-0.07659881718289695,-0.047810601097851436,0.018295132227018136,-0.01051520165959793,-0.01824618175368563,-0.09756523604962761,0.037656902444677974,0.04557729168215838,0.006771030673436589,-0.0071327813763489845,-0.0046010361825903545,-0.036174730569612866,-0.08911772808597991,-0.020410357861161854,0.21210626412623418,-0.04320865148382106,-0.060376057681377354,-0.15255363863099378,0.08079113572572676,0.03247290861663212,-0.026890435388022074,0.012006255732604831
Bilirubin Total (mg/dL)_value (mg/dL),-0.04225894525513352,0.07393145229942205,-0.00025698851675400204,-0.09406647646736031,0.004375938288327411,-0.0571903336201303,-0.09208919794630695,-0.06417366465571994,0.14718721000549456,-0.010440250510181279,0.11769243499657334,-0.08355291210127533,-0.0549502589290312,0.08498283158031125,0.086602597724978,-0.034033310142933815,0.4484085771866604,0.2111072711755253,0.19215726048329013,0.14184352500908742,-0.035096988596358666,-0.044090933717836844,-0.0007376172255339155,1.0,0.05443723087649538,-0.05181897397472841,0.14374262219787126,0.017133719984564297,-0.043266641253591955,0.08053144966614746,-0.21699686985672886,0.05478269020176544,0.03893418907065512,0.0877512928099326,0.09135249827943748,0.06008469342997477,-0.14128947366648548,-0.1934729530842757,0.09435868977804156,0.11133300891855546,0.018723877263490618,-0.05481438478811933,0.08369817634710328,-0.060120989926990775,-0.002460058871168868,0.11938216086259361,-0.01806511131069664,0.14227700298973786,0.2135555433411702,0.09862008690483576,0.05020419063692905,0.08292070449341818,-0.03570479319807473,-0.024092243837139017,0.02242852333760788,0.11863916725065059,0.0022648482517935963,-0.059807652668055405,0.0017663351357761837,0.017881966486908443,-0.04769689340907342,0.010319374895547937,0.03903776477175828,0.00725194615792645,-0.1890762690834629,0.054993343455453085,0.18029192030267122,0.2391157958874125,-0.13583062450594194,-0.040040995035445025,0.027966890241774546,0.04180548703103047,-0.031196232594523577,-0.11966658040455232,0.13434813342013616,-0.01788594265558796,-0.07909005686211025,-0.06859089338937825,-0.06316484611050795,0.014506633843391499,-0.021853235414760072,-0.020701773139485978,-0.029460674245549257,0.09756825754972617,-0.0005084115192207672,-0.028506201474061486,-0.04638838875323936,-0.01475674991966849,0.007643189927585532,0.02009333905379139,-0.007752286568193675,-0.14784176597866572,-0.0037223879535212448,0.08927771332035998,0.005194089244661185,-0.010857619651778158,0.0015567176397970428,-0.026927128212999675,-0.05322939202338003,0.00752521392525886,0.10612475342220826,-0.0010809287468242523,-0.23367114882379983,0.12055561616394544,0.12293429277976527,0.08258129020182842,-0.02090317741021412,0.029381241462746746
C-Peptide (ng/mL)_value (ng/mL),0.053640427943325096,0.29050722498843223,0.14731996570712116,0.07993679819015224,0.23960661326374036,-0.04811236915486918,0.11352152895264579,0.03863661681579749,-0.07211681827301321,0.1048022362270788,0.01045507414726143,0.11653463488945712,0.08201675772159386,0.12927572477956337,-0.043302395075040225,0.020982807122152176,-0.12313339818834175,0.17403731162799302,0.23036634783049567,-0.1720321879020339,0.10500295807638955,0.3383196401632287,-0.03941058107505461,0.05443723087649538,1.0,0.13858284575551705,-0.04877820681412444,-0.08742958317112587,-0.03175919950320782,0.41056130346004793,-0.088098035503032,0.2554608771799599,-0.22474932181605312,0.24605666890794925,-0.16592838477142646,0.04709975185820277,-0.06072129187653466,0.07334953966519117,-0.19639370114273286,0.2421410376058584,0.07729249430272049,0.22014758716892768,0.010254765949838906,0.09992784242647065,0.07144388141934507,0.13222944660557806,-0.04300023851327479,0.13213001471153446,0.18989153954278867,-0.35991377603626373,0.13722640661980404,-0.026247646810351345,0.003535109706496854,0.10975213013983989,0.017594405150251916,0.22916005408413204,-0.2416652274200075,-0.10985015582531417,-0.1468755304156114,-0.14380866808300977,-0.08446928589218128,-0.14393250862969617,-0.0033276625566137953,-0.10101248769624292,0.19126151232380464,0.07456919745061627,0.13106189092586656,-0.0034835425125467286,0.07577616296018541,0.03875724173256976,-0.04038027756681966,-0.021154244781666023,0.05018349821035618,0.043815694542584896,0.04293949915179431,0.10884435723003207,-0.02611748844514958,0.044154424781489524,0.10730169830526498,0.0076710261399780145,-0.04521692370341584,-0.08289794433869341,0.03581526149747602,0.10322337597646608,0.1324959162307776,0.15190060357656296,0.16185993409541138,0.17757662325504547,-0.022243725060541196,0.06947004140287032,0.04334362852306899,0.11497674414776379,-0.04107436030640374,0.14252973824710602,-0.043868035994177136,0.06982119242640382,0.04951996200900295,0.08059071557548193,0.20797342279905995,0.0923333405343032,0.06569615904078835,0.03734157931333054,-0.09025679555366477,-0.0025606971355593556,-0.16720662017126825,-0.06842880664815654,-0.07335671683935345,-0.1485613486141903
CRP - HS (mg/L)_value (mg/L),0.19706310687219308,0.1489672393870266,0.05550116434093269,0.210830934882281,0.1486741221911731,0.1297555750155716,0.16235377535344842,0.1745139294894201,-0.07944860321087965,0.04132752905192306,-0.12856532619398825,0.07694054034925059,0.07781738549751702,0.08257091059411989,0.016290433162176477,-0.05705489154591441,-0.18451527727980468,0.0017630352107100293,0.052498638421616166,-0.10090340488909279,0.11737950207799702,0.10691210610919055,-0.05210053706614651,-0.05181897397472841,0.13858284575551705,1.0,-0.05257365057434135,-0.017599901558556848,-0.05358822793074118,0.18931103494530552,0.19287786430056655,0.16774735825227624,-0.03352378943186686,0.1247966110832875,0.021677208288764124,-0.01725520386242245,0.05121040564739397,0.057628352106778365,-0.11246637431808552,0.16840087257902206,0.03718849799819094,0.10359433786488041,-0.01156265025841883,0.15456457344898905,-0.042645064454973326,0.08890774767454644,0.0870370626225212,0.09512517229451169,0.04022363438487488,-0.24279724921981102,0.06317750984243523,0.038106399818948235,0.01964536590614822,0.12412370543445922,-0.00015797666833672447,0.12904480994712011,-0.20443518170421202,-0.11569631539567785,-0.13732284392649613,-0.12402084804591053,-0.050468666709833625,-0.06110164015263557,-0.08444113007535438,-0.12168063560933065,0.20459990304804335,-0.024726435618297595,0.04713086599591832,0.02163374476206838,0.22389313829213087,-0.046399060375963516,-0.06676001565543244,-0.04488107880295115,0.034875505386106356,0.08093331940422122,-0.026619214495794914,0.08546458233373763,0.041954055387881245,0.09650207704910369,0.12165115627741926,0.04545680510312686,-0.052197871518333244,0.035219439947112165,0.06623674943498134,-0.03273966674978472,0.059450059048997354,0.09843789280762673,0.10652757807094919,0.08136089384756473,0.015981850865686587,0.011384388161744606,0.03433233024238988,0.11623515776983527,0.07124171598399426,0.014196596239281052,-0.007683398440620987,0.008777373935991272,0.08953337587207966,0.1291742956511569,0.17857158612664353,0.03537971572897455,0.12029249470295526,0.025844629632187352,-0.146132529606606,0.00833616093958009,-0.12772382139891678,-0.037634844411604196,-0.03205828189895188,-0.10661214019058955
Calcium (mg/dL)_value (mg/dL),-0.21095620342403307,0.04901248977249624,0.045258659082839436,-0.14614052127534025,0.04623418622631058,-0.16589334370818687,-0.09910827685404616,-0.04873196527639474,0.09905121039146123,-0.03761853157548159,0.01623423132150839,-0.01909827050499683,-0.16668999018086228,-0.02939995471669675,0.10965149107716339,0.0161970429641278,0.3214815841245295,0.06994663038234457,-0.10401965014647577,0.21979434164350645,-0.034776150482553767,-0.11069880383438485,0.09243607025030515,0.14374262219787126,-0.04877820681412444,-0.05257365057434135,1.0,-0.03755544017959809,0.016673079493322585,0.016073108761801715,-0.023300729796931482,0.009916766554657074,-0.029655575834015447,0.021039566112163077,0.005037456555733556,0.048669260062255165,0.09824737987070048,-0.04673102867105142,-0.14716832409247668,0.11425264787401097,-0.10512255870280551,-0.02329345477711374,0.046602571055173785,0.027272953120838276,0.001755071974013972,0.06212125255105416,-0.0304073694176909,0.12890003638527853,0.16671766910415423,0.2454969306436221,-0.19723723468572602,0.088395268121234,-0.09439541088045965,0.08956278666727881,0.1614964721431393,-0.014604911465471345,-0.010118302471438247,-0.054517668918695035,-0.043896425060995496,-0.0015049757887335353,0.08382002586388758,0.11308125451050503,0.08769015807577137,0.09234552155942186,-0.15917825898941088,-0.01792430289148892,0.1273528364670401,0.15447309965999637,-0.06459571413249744,-0.11739426719853303,-0.09806573986728451,0.0005964219538879306,-0.04211405024201769,-0.0440018936005967,-0.007809548061343731,0.04778377241270113,-0.01814408178371865,-0.02057356473371568,0.04660742287149676,-0.11587049451549242,-0.019292735403353068,0.03345405872057455,0.026446766070691123,-0.11743503424591979,0.07063265448557597,0.09432618624523591,0.14500825747376953,-0.05861757762795488,-0.003767692986394822,-0.06420536328174854,-0.023308917043083775,-0.017579350741129592,-0.1049204765525806,0.04055739850360843,-0.031565585103337776,0.0026300726065875647,-0.002477387195805295,-0.0674706534865055,0.09524943427891154,-0.08633787936870381,0.40083498551975505,-0.12214993643077929,-0.24343277624507942,-0.14235328752835213,0.11323199312967885,0.12247166647229754,-0.014742858556044744,0.10014081593894457
"Carbon Dioxide, Total (mEq/L)_value (mEq/L)",0.08897870888240364,-0.07572570304314558,0.007038137257926151,0.08827575323754551,-0.12478016268319281,0.029826000207242326,0.09169268076697212,0.035865134743796837,0.035423153551926434,-0.008831884992225151,0.0711794764481648,0.04222498867996655,0.04774984346083766,-0.007913223711078301,-0.07005805033912772,0.011556446639575573,-0.06609454634978836,0.08820367634613943,0.0416154700227239,-0.02941291118039136,-0.01364368013031209,-0.06695460351186847,-0.1157858167843771,0.017133719984564297,-0.08742958317112587,-0.017599901558556848,-0.03755544017959809,1.0,-0.38775818152861363,-0.10850498178424611,0.02732394611722934,-0.0862133559729813,0.04660986834257487,-0.01834095214836667,0.009575047839000669,-0.29430760747012324,0.06579116369418166,-0.08114653362894793,0.060315310367030105,-0.03780136295657335,0.015433867246257173,0.08730981565144429,0.14619825541584738,0.10416480740270424,0.12819456413931307,0.03406257339753907,0.0014932224244006427,-0.023175179455275065,-0.0008468374735368087,-0.008817396541167298,0.05758037190094004,-0.20141139200384695,0.11283719517364693,-0.02155336273735347,-0.1275689126672394,-0.06041368300552532,-0.049044108025897856,0.01617728698418703,0.04886799612884506,-0.05010994071575766,-0.006207188787401521,0.009910213523528418,0.000527095084872938,-0.06229378641267448,0.08310101929739301,-0.12472766861334217,0.012148837602131918,-0.13029356145691381,0.11273971504125042,0.02181312069714023,0.029989815858271894,-0.023946621129854916,-0.037009376287548384,0.07557498458639532,-0.015284432093066727,-0.05036855883296921,0.0445150946853725,-0.03842053978718879,-0.05192660793690988,0.09267350857289769,0.0724477907691129,0.06951874047231987,0.02439357898367498,0.005746660129353347,-0.057586315629373976,-0.061183600412991465,-0.01984173230446486,-0.09793435979534555,0.00595936090493435,0.003937601684180504,0.004024189185896334,0.021901447306622735,0.08116612665755013,-0.03215770983212516,0.06365151684584935,-0.03151768999437037,-0.010676481391841287,-0.03687717916580042,-0.035069374835720306,0.06261623820562007,-0.15091032195179957,-0.0154682460211205,0.2342501278589203,-0.06535802798220798,0.012157573668834631,-0.014061987014406013,0.05577487911987759,0.05167455203247184
Chloride (mEq/L)_value (mEq/L),-0.21430202451151587,-0.18278070222134438,-0.14014175947849164,-0.1510376538367877,-0.011974001946083139,-0.09242297196645136,-0.14411023724662775,-0.07506232041545421,-0.038161793745357796,-0.1212340227953184,0.06632966598033226,-0.03676351726096755,-0.06264125746675413,-0.03487153266462342,-0.039577523374299144,0.09411547390746086,0.1174414565347994,-0.0988607480115803,-0.20704359048757504,-0.0886262070186946,-0.013764573311916679,-0.05383492409526445,0.14215817454087293,-0.043266641253591955,-0.03175919950320782,-0.05358822793074118,0.016673079493322585,-0.38775818152861363,1.0,-0.1103958351732422,-0.019789355083941498,-0.06100246996420196,0.17688171489210602,-0.11623755077562192,0.2118473565851309,0.15957811695910304,-0.1408500674683804,0.3607840720640409,0.22723233983342142,-0.0385307763091938,-0.0064975527678477404,-0.12561070499210597,-0.043448434527862304,-0.1904431841101743,-0.07162525154477227,-0.09560144144050577,0.025271263419003164,-0.07667875107730475,-0.003973587453062365,0.018877347818100396,-0.015343381317869846,0.14915250410034264,-0.04101823679087559,-0.0345972769798339,-0.02721269560498217,0.04669638302611406,0.08569698780944446,0.031398610191036666,0.013028000402325705,0.08137510248877994,0.013108640340890479,-0.0031794542778918423,-0.0645120820462268,-0.0014573526364308673,-0.11191776659525518,0.0708010090129849,-0.15946674182138088,-0.08847310312058093,-0.28074573310040296,-0.0018316349276750925,-0.0008601769096509909,0.0008080619210349755,0.033340334740544576,-0.13264805955142758,-0.02543548175905842,-0.021543922713153526,-0.106914834919752,-0.034350778001908486,0.02401780168756384,-0.07683819431330333,-0.0056413526431861195,-0.05472911646830979,-0.019755300021286892,-0.13628611221712372,-0.04484923926154039,-0.06120737849621499,-0.15581786188868457,-0.022664165912183353,-0.023987441227102273,-0.038064565358291655,-0.013634562193382384,-0.12614307280019155,-0.005264373089877619,-0.04974745990949771,-0.011987977759096897,-0.0181879640645442,-0.021299179401917945,-0.03360830042243554,-0.15678750794107743,-0.059854744226229585,0.0969556381360912,-0.007234044991940824,-0.08785232147355647,-0.009361949605805293,-0.03619409405807056,-0.019856233920082945,-0.03529860728866932,-0.02933946035150015
Creatinine (mg/dL)_value (md/dL),0.09835475414761755,0.40668207107296156,0.16976110823052576,0.10124027100553772,0.3397554437807906,-0.16415274636990412,-0.09597330461796662,-0.0680459120698685,-0.06901640987984901,0.15849701811444833,-0.08902303453240153,0.09374414624390452,0.003833562245266693,0.1651313611989275,-0.154716385537454,0.17294278111931793,-0.053419851585525126,0.11749743569847901,0.06448766824133587,0.01909246192833644,0.24180515333198593,0.5762149286334347,-0.1422165238640589,0.08053144966614746,0.41056130346004793,0.18931103494530552,0.016073108761801715,-0.10850498178424611,-0.1103958351732422,1.0,-0.1947011489024066,0.27513983112784696,-0.383478499666365,0.21557899981094428,-0.2089709386674224,0.08328503493461256,-0.1539129283701211,-0.03198598941534043,-0.19836172672596653,0.4210805549961428,-0.012417323382580975,0.20351129561310974,0.02984114621060965,0.16670080762873113,0.013821199867716872,0.1759113215752449,0.1995673509901241,0.07785260580225334,0.11797626687208061,-0.29800506635206897,0.1375876488063656,0.13745371536063042,-0.13800004783060926,0.14250350739560058,0.010062953398664826,0.2723588247219815,-0.2709480307849785,-0.21684706568749526,-0.28431453363564935,-0.13403905952475736,-0.05159176479066279,-0.04387401149784849,-0.003600076246559534,-0.08040799167471462,0.1045839648389829,0.16257355741095614,0.3362372040977763,0.24955251104913628,0.2542381896197903,0.1081039710949439,-0.10990069429364689,0.14211050897040686,0.1248799613129096,0.09502338759402801,0.1019411670932852,0.2848244922945907,0.0688924107765692,0.16405742711077143,0.19290317283556097,0.11601398811284541,-0.04091954882014248,0.061697934689890675,0.08492879084693082,0.23506327961692203,0.3227105679995775,0.2268226854257676,0.2811507284544847,0.3668985490941369,0.13300756714032497,0.1818184725255403,0.04144457272142958,0.12810780426418852,0.0065899075151327705,0.3317754773261857,0.046511504649942,0.10010295428272895,0.08684526641623114,0.2568666100685639,0.3324868822266331,0.22905081531879998,0.21396785210360103,0.16572950902307926,-0.1301238278834931,-0.1706252171198628,-0.1784396170532042,-0.02888057146403423,-0.11694170978297941,-0.15508525072066878
"Globulin, Total (g/dL)_value (g/dL)",0.0822603359268145,-0.10376769274251695,0.13679881649811437,0.14119089532801085,-0.009052950413571298,0.46175665910770225,0.28901670316300193,0.412488641268871,-0.04264603333701831,-0.11039701722003255,-0.07192554909672656,0.09076047996238146,0.20323715398403544,0.01697595044958018,0.2813807456336974,-0.4869515910061685,-0.5027678102889865,-0.26144308220886286,0.08222460924608094,-0.044889474648527605,-0.03524628129156173,-0.2904476641973545,-0.20915365262311555,-0.21699686985672886,-0.088098035503032,0.19287786430056655,-0.023300729796931482,0.02732394611722934,-0.019789355083941498,-0.1947011489024066,1.0,0.07652586414892384,0.18357445866377198,0.05960062681467248,0.4050555355582504,-0.05024471034630832,0.7688053079988583,0.22916241527813758,0.08282550638604899,-0.18916282241991658,0.10895902978483105,0.08507498652952547,-0.06861384467974836,0.10417539736690647,-0.1034221848726752,0.10013365492709389,0.013812852816260497,0.10788841739429766,-0.0519659729376545,-0.08917017723897808,-0.011285284955862613,0.009154144167486932,0.2967151940550773,0.20403952758041874,-0.053593740085977636,-0.044651965373345544,0.03762355165857468,-0.009907976621677058,0.09059477906315529,-0.13797928378603552,-0.03996797351799263,0.004686759434455202,-0.13905970983381846,-0.010868707080418784,0.07941384752761975,-0.059800484565559656,-0.16221906750564186,-0.04270324234945317,0.12766091307991143,-0.07816540649941649,0.01518049321161495,-0.11006814588517766,-0.12138075988290736,-0.022052968416743878,-0.2604560592901531,-0.2528363939761805,0.0986930586552504,0.03780822711511148,-0.05763365396889713,-0.03396943767752507,-0.06819419928589428,-0.033432291787541556,-0.029361840671969498,-0.2944043625701732,-0.07095246480212651,-0.06205366950685381,0.00838054890307948,-0.104042181862748,-0.075813275170362,-0.12962910347060366,-0.003285985513858291,0.1126369678986814,-0.04932145330957623,-0.21350923883503448,-0.09680794955723966,-0.01737105733788223,-0.01757838936036898,-0.03110509758917965,-0.029239205968767907,-0.167859336052139,0.013566846150672832,-0.18768257807275768,-0.06317878611270085,0.12226071776061395,-0.06769504645532354,0.040355309703134584,0.08189143937465335,0.01219210595219159
Glucose (mg/dL)_value (mg/dL),0.17912604701120777,0.3964787972114889,0.2023330970867112,0.23208396377650037,0.27548969129879713,0.15855701560638144,0.21214612692944404,0.1946359448915088,-0.008604204724084444,0.09147356682195523,-0.0174311281474318,0.06603181980524303,0.1542571858544013,0.17483237147899008,0.0876461507567899,-0.1518351778573732,-0.06946701549721096,0.22023613828137611,0.2386053828234343,0.004618859435596226,0.0960229393249836,0.22695346261905167,-0.11971737493416916,0.05478269020176544,0.2554608771799599,0.16774735825227624,0.009916766554657074,-0.0862133559729813,-0.06100246996420196,0.27513983112784696,0.07652586414892384,1.0,-0.15550230006353255,0.22190775252513828,-0.06178030358678849,0.039090341076096054,0.06539887829960278,0.02904680482022893,-0.11301957106911602,0.2123313331500258,0.09008542720851069,0.11860251017225522,0.0663317379542603,0.2374222475228112,0.07250676131830615,0.16762015568486124,0.12157106825892731,0.2023120289221669,0.15903332645365156,-0.22572369774659046,0.10578225770668606,0.1599969131591641,0.00580440569103786,0.1072499063008855,0.074032126292405,0.18671538269649682,-0.28468184963138365,-0.18554500792972467,-0.20386070363420508,-0.07345870192818678,-0.129771856202899,-0.12447072424448968,-0.10501342238873365,-0.07999354280956548,0.1970628756083909,0.12863135077477578,0.07005732785776767,0.05067201323535311,0.1453422875382251,-0.03758849884886887,0.010961045042563495,-0.051598572074859496,0.011238416138671938,-0.0016143634575225359,0.042305318060206175,0.06987785135663664,-0.02058473946773086,0.032853335028625266,0.09944302817347918,-0.07042838277114938,-0.061481013269348406,-0.09389121570398329,0.014321703653470297,0.04370155197190857,0.052663590675960374,0.11204769336909651,0.1537798192919431,0.11467638456500542,-0.05202313963969386,0.02456014892370975,0.041681077606204174,0.04652763252602945,-0.024006082467808606,0.027330072233153566,-0.041321510453608185,0.09260698879863151,0.058390727807611925,0.020124319303075656,0.22869586115828028,-0.02892370362423679,-0.01850690893103216,-0.0037424761499317764,-0.09034497193628097,0.10717740529171389,-0.04772415640544359,-0.10056447222027283,-0.07767873107796651,-0.07107616921987538
HDL Cholesterol (mg/dL)_value (mg/dL),-0.13998363645916895,-0.3167794203138038,-0.14867713110159209,-0.17901901995347672,-0.25341753737412376,0.12288561812161523,-0.1634677769712947,-0.002934321598367709,0.13458356927185663,-0.2016752112073722,0.13554111190789164,-0.029739900829375783,-0.04190060234588482,0.057301542588968746,0.2546657976604523,-0.12056419889119561,0.17232626928663683,-0.14434920713683755,0.03257898849470233,-0.21305884360776248,-0.13406184121875583,-0.21778119903788187,0.2988871407046757,0.03893418907065512,-0.22474932181605312,-0.03352378943186686,-0.029655575834015447,0.04660986834257487,0.17688171489210602,-0.383478499666365,0.18357445866377198,-0.15550230006353255,1.0,-0.17973366366953883,0.3092966327505784,0.09784194622044295,-0.037498942750102085,0.06701086405037827,0.4697005204320566,-0.07160327630356735,0.0388107774757681,-0.2616661066470338,0.023171475327961488,-0.03029420221332632,0.09978181292932982,-0.03650109747228233,0.11293016250406798,0.06212970924540015,0.09564679864711807,0.16169703711919103,0.1098759498528541,0.03430667581045799,0.2763416777380174,0.0698394999424913,-0.04372685496505207,-0.005814234955253786,0.17190451724764544,0.03889155168286422,0.1303169973679061,0.07621382175611051,-0.02055101450200861,0.04163671203635799,-0.042974630160594676,0.009984205613401442,-0.25047627726525507,0.008590532589055816,-0.16848618535885013,0.012913822999843382,-0.20953636573831713,-0.1823851973488332,-0.001612132174703048,-0.07674575587381711,-0.014313384183799724,-0.09312439770125508,-0.02822709786644487,-0.1087028484208183,0.010163017503496975,-0.04531945896848315,-0.13065819224622816,-0.024825500936390407,0.09514671804490964,0.06712421095149575,0.0031509592111762345,-0.12561888504155932,-0.17249649765212863,-0.23045110609398894,-0.3293548980198051,-0.2254090133777829,0.03483851906959025,-0.06297930648420978,-0.018574851694011168,-0.21402581207644336,0.11622912827745596,-0.21916603958659903,0.06554113643438775,-0.037445720297014,-0.049678152723198636,-0.0998852228576556,-0.4140137058652543,-0.12894822768239395,0.09850244273969846,-0.14806631506158158,-0.042730751752674045,-0.00474162862374703,0.11156222485368644,0.010453174624234233,0.06128250717935253,0.06609632415381872
INSULIN (ng/mL)_value (ng/mL),0.1613577224219385,0.2605983519302249,0.15264692102621846,0.20164351212613774,0.18409909538800795,0.09973654344304828,0.2440314397472714,0.14356950307087823,-0.026252699231031133,0.13066512687256554,-0.024205522851479647,0.10640630448317379,0.11876147861030974,0.1101335982827483,0.0036585042408970887,-0.06824131688007343,-0.05032666126790215,0.2206966539784474,0.27253983287487227,0.08250623465278119,0.07876948356992522,0.13557438026901628,-0.051121798168676284,0.0877512928099326,0.24605666890794925,0.1247966110832875,0.021039566112163077,-0.01834095214836667,-0.11623755077562192,0.21557899981094428,0.05960062681467248,0.22190775252513828,-0.17973366366953883,1.0,0.025852220021445257,0.012404414242072009,0.08189822913951861,-0.033080828534307806,-0.09648140934119682,0.15316455075317922,0.0781078002778923,0.17496874685729058,0.04046132774276799,0.08089305663923514,0.03277384414388373,0.15508388688756575,-0.0410568746233405,0.13106825595989197,0.037135492650157434,-0.16727748986551796,0.05964919824884506,-0.025449612363249392,0.03497180715989436,0.04655830515471734,0.021415151057159885,0.12815849557798484,-0.11149148830200967,-0.018583282678032616,-0.0012800554001442341,-0.08549806606414885,-0.06107897361981636,-0.0889980019814796,0.03873251365176413,-0.05308273841941799,0.1664903449531601,0.02793727372843195,0.03847628114739866,-0.028587283240531995,0.05731404696775852,-0.0020710909093636935,0.10293996346201634,-0.013916736644756653,-0.038971155644122714,-0.01992278279155642,-0.019630077721093916,-0.013353624720584744,-0.029646710192592924,0.015419202737618137,0.015492472407798158,0.02616875815012675,-0.0441878377392553,-0.04453111162493118,-0.037140922825171195,0.004695051250581376,0.051417368610659875,0.13914333049261393,0.15011950844943037,0.09124347293186261,-0.02751794139594489,0.02234920622252446,0.004561931314168816,0.11044533330793123,-0.002787402595221184,0.05780507292746681,-0.021712197336627312,0.0591099709988563,0.014402687232350683,0.010850884322754611,0.16993977695117338,0.04657310165640391,-0.017150232491203038,0.021067911532358884,-0.09883841688953104,0.10233373716624242,-0.06736264209030442,0.023344532938753163,0.018320758914387364,-0.03778395521658444
LDL Cholesterol Calculation (mg/dL)_value (mg/dL),-0.08066208989115438,-0.20366780269205503,-0.07632931152627742,-0.07017868467837857,-0.18695108002876518,0.05939186754443787,0.05326989543960564,-0.014949565572874092,0.0727107902148691,-0.12657239177187943,0.07681538435848714,0.079308809189198,0.056760560675609285,0.019169070236092503,-0.1371025818809271,0.018432379884491517,-0.051559565483998954,-0.007289835090943569,-0.05182239362561476,0.02311537341062128,0.011637018244737464,-0.32706093489879806,-0.17402062064752413,0.09135249827943748,-0.16592838477142646,0.021677208288764124,0.005037456555733556,0.009575047839000669,0.2118473565851309,-0.2089709386674224,0.4050555355582504,-0.06178030358678849,0.3092966327505784,0.025852220021445257,1.0,0.00465435740218494,0.38052125937836384,0.12400523399224218,0.6832862379900646,-0.046087026898302116,0.05245226969944933,-0.019022595563562183,0.11202730944911485,-0.12576617525783312,-0.13697150900898783,0.03423773334386725,0.1216558681365001,0.08682869114580724,0.004119872226945463,-0.04702000159589837,0.08173678831604608,0.09969678751600534,0.25760475815633044,0.13200842043379823,0.11350849685374598,0.03196684460325497,0.07449001219717713,0.014003284309027982,0.10296927452344272,-0.08426798275206111,-0.06073645254551082,-0.04835795378757887,-0.17471013238773817,-0.0805150957092022,-0.024033975986210154,-0.15463993476934776,-0.17826768250444677,-0.1766914086183313,-0.2760025643105858,0.08034220511946803,0.16452397079656594,0.04161157342044736,-0.07010644849651297,-0.21333544884258834,-0.19203338674068995,-0.2364094276850194,-0.0997882460225438,-0.05579435476047065,-0.08988279239639725,0.008042529718210756,-0.019326678459099567,0.008042697018764746,-0.014226332639266875,-0.2373417633503171,-0.13544642921650088,-0.14213743690537162,-0.25431186378895554,-0.17379481560843552,-0.05536746346838274,-0.0708707342969849,-0.005290152072819339,-0.15321922996965534,0.027598066742369184,-0.1603880304264144,0.016812056391659294,-0.021449358759226725,-0.034657974473106284,-0.07647049881921937,-0.28622415140081425,-0.0801303738341328,-0.013771630494782488,-0.05181580323171194,-0.17325422407133792,0.2007551092250372,-0.06626705529564758,0.04906742253225325,0.056818634890854716,0.024340634331608723
Potassium (mEq/L)_value (mEq/L),-0.13844681743855908,0.026081135344172564,0.0023771079502173695,-0.17426540531312262,0.07787482603085892,-0.053651524131483316,-0.18965018092174826,-0.10415316876246407,0.013061505455424734,0.0084648910751006,0.03351135187478982,0.06675388696490375,-0.033638320368669726,0.026228922497376503,0.10557121471712973,0.009618963826828334,0.08634292309212552,-0.03475785520092006,0.03546424374961616,-0.02283802441841557,-0.009021555429671917,0.17286735617484308,0.1480131880154386,0.06008469342997477,0.04709975185820277,-0.01725520386242245,0.048669260062255165,-0.29430760747012324,0.15957811695910304,0.08328503493461256,-0.05024471034630832,0.039090341076096054,0.09784194622044295,0.012404414242072009,0.00465435740218494,1.0,-0.0341245495359344,0.030733287824668092,0.12327713972983156,0.03545407209703969,-0.0022181736321175765,-0.103554465474097,-0.03825904231900682,-0.0036985140591860428,-0.0059491266139337475,-0.07430512637999973,0.026024356333109743,0.015100436786062703,0.05210602739370139,0.06000957128038754,0.10046840369514563,0.14129685427515074,0.005072831910262576,0.045696474879813695,0.135348249246695,0.01872376201952874,0.06123512792459029,0.03138548850950562,0.03191970821466253,0.057160505701889956,0.0060861531272459555,-0.0018468465267371494,0.03044313555615758,0.06492665795354224,-0.12470682606348485,0.12576437667778897,-0.03879345177853039,0.08453216507658935,-0.2226949092248707,-0.010274091080868542,-0.013875990819920954,0.06641709635743145,0.01395989138801073,-0.056709135991135244,0.05068454972601743,-0.000376896074797357,-0.025005843119525473,0.02972760253728832,0.01651337385765945,-0.04272212421023139,0.011479636423232426,-0.054816095205365234,-0.03591249858560035,0.04622616151246519,0.030235717512621788,-0.022405993197191665,-0.08209873069850618,0.04247902609466879,0.0004973161721494696,0.0037954195514057036,0.0016481379768450446,-0.0965126130564518,-0.05218834517914922,0.03636537408785719,-0.018117911359866654,0.026780351099698726,0.010945996684548187,0.0026950287720969393,-0.06603975940185203,-0.030743896310125904,0.06326654752916383,-0.051568111223393574,-0.06967739164912697,0.010285882194951128,0.01851051370552102,0.01954009887760431,-0.014741921661770187,-0.05435539385724404
"Protein, Total (g/dL)_value (g/dL)",-0.03951734826593992,-0.013633803776467716,0.16000708144071957,0.013734691421070977,-0.005481352618116206,0.24223896456305768,0.21216942350913826,0.21861564560751917,0.030337341768455824,-0.07088062650743533,0.03969014807194739,0.058275921874879594,0.15803870021878277,-0.04245189816790801,0.09375852357334909,-0.34090726320701764,-0.41549222356207416,-0.14155946937045932,0.10512979984076647,0.29178395165185206,0.017032690841808227,-0.3074288968372833,-0.35338386835520064,-0.14128947366648548,-0.06072129187653466,0.05121040564739397,0.09824737987070048,0.06579116369418166,-0.1408500674683804,-0.1539129283701211,0.7688053079988583,0.06539887829960278,-0.037498942750102085,0.08189822913951861,0.38052125937836384,-0.0341245495359344,1.0,0.15007828841869028,0.08852932306363931,-0.244511641968789,0.05658143793657197,0.13042323437654646,0.05607162941948332,0.06192522098477113,-0.134703668921143,0.06589790756031594,-0.08200749064336993,0.07136646102326835,-0.11141621508257633,-0.025894010374742395,-0.04938835246545837,-0.0441062936241606,0.25502132510283304,0.19672122404069425,-0.047052024637629766,-0.09002602520136871,0.054478701995273535,-0.028894820467158737,0.09082172524017253,-0.12961625815320196,-0.006300624349108895,0.007840765573811657,-0.0809634766123253,0.02102758526505079,-0.0057836321192681625,-0.05583180343994632,-0.18395755627971794,-0.14378750697952009,-0.027005837341000167,-0.027534541779439762,0.056955282476911825,0.04267577414888128,-0.1581805599190848,-0.08589183614373751,-0.30243883811473393,-0.25269919360002013,0.04305797510894087,0.012363735995037553,-0.05469028058897884,-0.021852031474918175,-0.0841180263515575,-0.04556195066557503,-0.031209174840970286,-0.3363804882741547,-0.04277194205325693,-0.012800985070833003,0.05476246698882479,-0.10385197396670888,-0.08949589469159898,-0.14156897980991723,-0.0048442038023693125,0.0946197321988334,-0.10836853142741884,-0.19401218466970685,-0.09831919657372476,-0.026060717730103353,-0.027281339290863637,-0.0603857615214458,0.022906088167467593,-0.1648359618926892,-0.10487666013910567,-0.2009426806398024,0.020358753868386238,0.17096452820323643,-0.0544111953045684,0.052496072461259854,0.05131189938244873,0.02879550612571865
Sodium (mEq/L)_value (mEq/L),-0.12756318713395687,-0.039131879507171424,-0.05169305279922073,-0.02326059730487917,0.07473744531551196,0.0708577391290348,-0.07386998962634776,0.07710443434392424,-0.019009592454372816,-0.07255295681080587,-0.046788194279454604,0.10069386289520832,0.06287990421752035,0.03544791162939331,0.15524604291466176,-0.049256214834493245,-0.19676799908961143,-0.0582923319117662,-0.031219340228089313,-0.033410761453736594,0.017396955637900544,0.008900966022172713,-0.003151949227469477,-0.1934729530842757,0.07334953966519117,0.057628352106778365,-0.04673102867105142,-0.08114653362894793,0.3607840720640409,-0.03198598941534043,0.22916241527813758,0.02904680482022893,0.06701086405037827,-0.033080828534307806,0.12400523399224218,0.030733287824668092,0.15007828841869028,1.0,0.09600765387534364,-0.08462647662749728,0.044653454897900575,0.01697473498350099,0.039883506737350825,0.15709842700634227,0.16122975663681147,0.00266564697816639,0.18060711994720516,0.031105718649864382,-0.03966461731202467,-0.24406731613362243,0.04928719337196656,0.11958661144668968,0.12882927637312896,0.10535578637128885,0.022414933029826955,0.0755720961308214,-0.15212108333144075,-0.15513645019608022,-0.0739427089797817,-0.10262251619772315,-0.07815505784769693,-0.1359364726443151,-0.19811512924413474,-0.13103320364508234,0.06888830419295557,-0.04359458811752506,-0.08542061473020401,-0.0295247574959644,0.06476197281960228,0.07617381768044035,0.0036187303060981153,-0.06528711588346851,0.054937408860662895,0.06208357660285374,-0.08615962742675153,0.06663100318734416,0.04930102021004657,0.03264843740155634,0.07926787743782647,0.026764840682443038,-0.036399259183599306,0.1153022651366518,0.059780299898186604,-0.06288132995105543,0.01373878781604695,0.07918175566454028,0.04748736621820124,-0.0027046522206749324,0.01944319753840271,0.0299262485044989,0.022433323272941758,-0.0025814023506363147,0.1029314535629273,0.0060580252679064426,0.021369343296154295,-0.0014092822899743902,-0.007798216970860015,0.07269640769080045,0.027638674704696824,0.06774150099706336,-0.06883736399980304,0.037323238455079774,0.006047382918642902,0.05292892387204151,-0.07776190171295533,-0.053933949826553224,-0.042874897022516865,-0.10099099448673515
Total Cholesterol (mg/dL)_value (mg/dL),-0.36377117758023425,-0.298743656321913,-0.0849533940909159,-0.3843318669242133,-0.2841155067321958,-0.12667619524215754,-0.35897201078677815,-0.2446245353911497,0.14748272596695094,-0.19359768011106923,0.28058578046461824,0.011101882015948122,-0.026737465132702018,0.04694592747864138,-0.08120094599661516,0.046749450354715685,0.06401999337261163,-0.058954112402388785,-0.03460973807270509,0.0181364205243119,-0.06314287567042629,-0.0777272788648446,-0.09173406385276343,0.09435868977804156,-0.19639370114273286,-0.11246637431808552,-0.14716832409247668,0.060315310367030105,0.22723233983342142,-0.19836172672596653,0.08282550638604899,-0.11301957106911602,0.4697005204320566,-0.09648140934119682,0.6832862379900646,0.12327713972983156,0.08852932306363931,0.09600765387534364,1.0,-0.1320096774329011,0.04717302495571946,-0.13848625755122373,0.12198771867170034,-0.16739448929855089,-0.004388337555274451,-0.07780381504931935,0.10255840141577581,-0.05068768220929135,-0.04804868548341023,0.04791212223356223,0.21762913302398107,0.033508370180799704,0.2887788837980095,0.039978295824610724,-0.08394402363944035,-0.04599148913793181,0.20155124339205197,0.09040104751656103,0.1687235704772965,0.10349784673546154,-0.05794730399589389,-0.022596409331656693,-0.03700404080701201,-0.0052195297865024115,-0.33882224399483146,0.0467807961742045,-0.22520115022422293,-0.037449039061466155,-0.4185935163006401,0.10122224666347757,0.11231917986985421,0.12315808332161328,-0.035569198819302573,-0.16965045058630224,-0.12328426115300012,-0.16081417878649892,-0.07417242738422578,-0.026074533151627097,-0.17768288371027413,0.07676777086734796,0.11506844590308099,0.01412533864651401,-0.06721850564416929,-0.10037654580756802,-0.1522661901114363,-0.2011458095800714,-0.36101421027080755,-0.178368495014152,0.02450212540843061,-0.009096764637291043,-0.016788671421334455,-0.23597810218349827,0.07452707826383535,-0.12595055673751346,0.0944729648180205,-0.028604011916772316,-0.04427659408671512,-0.06768292523623862,-0.47685015046698587,-0.038123810583993084,-0.24242485571036776,-0.05702774994709861,0.1436083007768054,0.12862075320221633,0.011437852863687358,-0.008983656537195973,0.078441538699957,0.024295683024844132
Triglycerides (mg/dL)_value (mg/dL),0.19789267574937353,0.30595794235753915,0.08756855540794795,0.17889246617345778,0.24815153501794446,-0.10789468817152449,0.054549003671442636,-0.07812371876349847,-0.02524918103020099,0.11913888946692618,-0.09969155252886511,0.12338323106727744,-0.0155845444820905,0.13663431585281227,-0.1761760957210168,0.2745106367354054,0.10371873261224386,0.24788680064373492,-0.01410345062787234,-0.08412294416429018,0.26425648024434556,0.3435815797130176,0.06320612521383864,0.11133300891855546,0.2421410376058584,0.16840087257902206,0.11425264787401097,-0.03780136295657335,-0.0385307763091938,0.4210805549961428,-0.18916282241991658,0.2123313331500258,-0.07160327630356735,0.15316455075317922,-0.046087026898302116,0.03545407209703969,-0.244511641968789,-0.08462647662749728,-0.1320096774329011,1.0,-0.03462947982994075,0.13404563651080295,0.13498539175554725,0.19900299245792238,0.12531358219691044,0.14096363056804578,0.21965155930079497,0.15353363459694958,0.22529771564504286,-0.11353205419592267,0.13443101546971428,0.10092997795729505,-0.12864215910403468,0.1006570194626651,0.16342035705517466,0.2583644479429011,-0.28177212521434375,-0.1827933249521173,-0.2983980691041943,-0.09397419017856826,-0.015396162770812639,-0.003871277670879602,-0.03388002231497887,-0.07736195975111597,0.29822758821383777,0.01312625105913609,0.2250405385975201,0.022821581638363495,0.24031365832008697,-0.011650645147016823,-0.06408042553370369,0.08986348965113304,0.1038711807357416,0.01894619170116918,0.16119882313461648,0.2165158126132514,0.010524700855027448,0.03424190480833095,0.22692117936228534,0.008522366054692681,-0.015516900916837394,0.05921723217445886,0.14417326913467401,0.1269543811534081,0.132593307564826,0.07981411310138592,0.14143373185961555,0.18769765371172015,0.04324085479763804,0.06108684832545095,0.022226328232897764,0.046367052453157726,0.01969575334254459,0.13761506501830106,0.03978196581097518,0.07349873329739534,0.0607314801632515,0.02730320365117235,0.20067495439738783,0.1285057616784243,0.2908862429216649,0.09561588906187765,-0.15408960621580167,-0.2159105331242635,-0.06509498230667422,-0.0012767923031740183,-0.11947576406985103,-0.030363554433562447
Urine Albumin (mg/dL)_value (mg/DL),0.05091050524547841,0.061995083617409213,0.08199539359808511,0.12278364406641665,0.05212776616531698,0.1984691605039733,0.14937770135737605,0.18682856124139013,-0.0014703396546318632,0.04962270658263496,0.03232371512826202,0.030616270751218654,0.1650144646220018,0.09599325788223544,0.12873951799784314,-0.20194061545531491,-0.08233321293866352,0.08321352107447375,0.19066869868782954,-0.08427525056485743,0.013075723808337974,0.03937741328792427,0.007766312533900073,0.018723877263490618,0.07729249430272049,0.03718849799819094,-0.10512255870280551,0.015433867246257173,-0.0064975527678477404,-0.012417323382580975,0.10895902978483105,0.09008542720851069,0.0388107774757681,0.0781078002778923,0.05245226969944933,-0.0022181736321175765,0.05658143793657197,0.044653454897900575,0.04717302495571946,-0.03462947982994075,1.0,0.011771476109195749,-0.005272669142982189,0.07795542048672639,0.06312811489558427,0.08389615595707783,0.01913744224398573,0.08137893387343302,0.0763754236598743,-0.1489440369025319,0.09076090198420035,0.05905841658535888,0.13458328236822945,0.02450291332202331,0.013650081716263479,0.05443900109981756,-0.05420334007193682,-0.028005121956817182,0.0063252168021541615,-0.0830120174016389,-0.10842937386797502,-0.10298941073566938,-0.0635767517973072,-0.06266519334216367,0.07130024085036842,0.03728906689600266,-0.042577814391860105,-0.04778780357769601,0.04901625775674072,-0.0004962758552375172,0.03755715816402817,-0.017403564736451098,-0.03220874102299966,-0.01528987867134569,-0.04406717103495532,-0.049172399709301734,-0.03148208997200348,0.021263194716711953,-0.030213827805411618,-0.011520983178165349,0.002663923789076021,-0.0183753112707122,-0.029728132842050496,-0.037958338562170076,-0.02187242888564461,-0.0024555759912660126,-0.039415083269870255,-0.004305277998370651,-0.03239632102490996,-0.002403827085092522,0.027083284738593234,0.01691965538095893,0.006026943416972829,-0.03453665726306352,-0.03334715611413368,-0.0046845389679684765,-0.007601716033340181,-0.029153935976766725,-0.010661421970472032,-0.04238708689674763,-0.12861072887750633,-0.04742811152084698,0.07681026284726519,0.08832017380789754,-0.03602722051357329,-0.042502924850455724,0.021632918454143505,-0.040732770494363094
Urine Creatinine (mg/dL)_value (mg/DL),0.10860916650471221,0.1610194934373783,0.10188840311805177,0.14451000397052077,0.1100244053969286,-0.03268732717910077,0.17677095600330814,0.0008825894906230223,-0.05797212495243054,0.08898366994706158,-0.022459510132209138,0.13352035733652165,0.08597013158073624,0.04775901040306272,-0.187469654333424,0.1090778237296199,-0.2619714521351519,0.11838949068972214,0.04033277960623472,-0.032757727925586885,0.16817396565313303,0.1474161583034936,-0.17392520899927374,-0.05481438478811933,0.22014758716892768,0.10359433786488041,-0.02329345477711374,0.08730981565144429,-0.12561070499210597,0.20351129561310974,0.08507498652952547,0.11860251017225522,-0.2616661066470338,0.17496874685729058,-0.019022595563562183,-0.103554465474097,0.13042323437654646,0.01697473498350099,-0.13848625755122373,0.13404563651080295,0.011771476109195749,1.0,0.08443051219035569,0.10192588471543218,-0.027666427294213237,0.10649853315188783,-0.021702753370376415,0.047066080839159315,0.010888895286251891,-0.2143520865180815,0.09402650927950007,-0.10362194593335644,0.015725918230181817,0.10610757722845018,0.03105137072817566,0.10507267717277043,-0.16587411651105968,-0.039719504051281405,-0.08712350915274177,-0.14436233815826385,-0.03926093117264813,-0.07609400394178233,-0.02159576048965525,-0.07252666357461114,0.2023373314832915,-0.03867473200238458,0.027455242241880017,-0.10640793812025783,0.11672107637464865,0.10374708883031175,-0.018638505744811372,0.011195555258156388,-0.00043868135112447955,0.09252909436382706,-0.038300289722783404,0.027906312658043327,0.00851962606456453,0.023474436779342918,0.08775298823037718,0.05355765090006212,-0.04626731579711691,-0.028054071532640567,0.045927605211213716,-0.00175561674201305,0.08169331222219847,0.0791707586966568,0.16902352233505724,0.10278128416598345,-0.010042542719813568,0.008261975242341204,0.03256418218228062,0.15371515880796385,-0.020548509566369236,0.05160871064607399,-0.010161123789132746,0.03034920520275423,0.02780509997327464,0.03563898666749888,0.19423144706420886,0.10512011046214177,-0.052007154043059174,0.05782268954360283,0.038503862853348315,-0.002211212541006806,-0.15755629763741077,-0.027169376793255436,-0.023543733781062406,-0.04362945308565689
clock_visuospatial_executive_time_value,0.015105212052353148,0.11111951057928514,0.018721839543083336,0.011327527954975849,0.04135667556631663,-0.07537121678370394,-0.016688048007537166,-0.12867996736427098,0.09115217947666474,0.011787518179508457,0.08551563260178624,0.05102903459156072,0.015324245376915737,0.06156256221213987,-0.14313933731945083,0.16670776508838525,0.008680153220814937,0.16856221861643159,0.07470901480945454,0.04472786658690663,0.11480685613281524,0.09120549054238374,-0.06027242955117675,0.08369817634710328,0.010254765949838906,-0.01156265025841883,0.046602571055173785,0.14619825541584738,-0.043448434527862304,0.02984114621060965,-0.06861384467974836,0.0663317379542603,0.023171475327961488,0.04046132774276799,0.11202730944911485,-0.03825904231900682,0.05607162941948332,0.039883506737350825,0.12198771867170034,0.13498539175554725,-0.005272669142982189,0.08443051219035569,1.0,0.14146782814671943,0.14277016940108533,0.06399580272381676,0.162206288099073,0.07174434176246702,0.12097147277466094,-0.03979472798673311,0.14662062192630468,0.08487834173585293,0.11311356531625155,0.11651950253808925,0.11749523235539241,0.10094416776050096,-0.09580919980810601,-0.10421169966716251,-0.08415060650798112,-0.05015074977565151,-0.0413942429401489,-0.04897691131052709,-0.07198851179420448,-0.04287475489914024,0.04697964593634919,0.019851578022210676,-0.04849264037017728,-0.11340256259490834,0.004152333017873593,0.06910232540250939,0.022074107229966684,0.06491523786990994,0.02240316760065932,0.004364611842720897,0.018896962811314897,0.045958235515754065,-0.0030190535442174205,-0.03324354342481126,0.041224070861544004,0.03760241129783577,-0.010723349476166474,0.020052615154525024,0.06272045083425855,0.004750518084161652,-0.036295470397713664,-0.0007971308470036884,-0.013647873900647263,-0.022424208059772445,0.004304041688508629,0.0013325812162805633,0.0007713075329500753,-0.06272193556721545,0.08401901322027211,-0.022003187444919383,0.04238320798906585,-0.004834620467229445,0.0040838399098562265,-0.03301222652226995,-0.007827531897485172,0.06203997096342947,-0.10017196589153203,0.03013862261686697,0.0814021981110815,0.003020386235986005,-0.003772114707327715,-0.055501766146666194,-0.07565648210011525,0.01508386514098202
delayed_recall_with_no_clue_time_value,0.0032623093546739618,0.17820640025794604,0.08364501556907701,0.08659223858771754,0.1914873681834438,0.06017666960970066,0.009201115826460934,0.04701546430756535,-0.0038458484701747427,0.021068458851356456,-0.09783708164795793,0.13471663033390432,0.04223733606272841,0.13797274990396619,0.07180963845463194,0.014724427184723315,-0.1802323231928737,0.11524418825328067,0.06561893547153058,-0.12405546596393772,0.08486950770367913,0.2553868712100983,0.009770667702496337,-0.060120989926990775,0.09992784242647065,0.15456457344898905,0.027272953120838276,0.10416480740270424,-0.1904431841101743,0.16670080762873113,0.10417539736690647,0.2374222475228112,-0.03029420221332632,0.08089305663923514,-0.12576617525783312,-0.0036985140591860428,0.06192522098477113,0.15709842700634227,-0.16739448929855089,0.19900299245792238,0.07795542048672639,0.10192588471543218,0.14146782814671943,1.0,0.22123522284804006,0.21649446781256185,0.30969207811370064,0.21035382703859612,0.21414215511251447,-0.32136278803804763,0.14931716567512468,0.17568984544108365,0.13113365084561743,0.20751106229029193,0.23645550734655046,0.18715205436320922,-0.39468771662419555,-0.2811841740820123,-0.29192872599096537,-0.17137952194905756,-0.13641530862756304,-0.11762562696633484,-0.1898668779505216,-0.12888912637019045,0.1065895782087293,0.04435783016516678,0.1404245744189105,0.11606877863767812,0.2852876871784041,0.06219170341018976,-0.022359859242593677,-0.010873960943071644,0.08095584390087643,0.1504803081728843,-0.00496580182457417,0.16058631655043376,0.1199727264139041,0.02280664221108837,0.15942725052851991,-0.009754870273186193,-0.03897856142647422,0.061199636930478474,0.11361431746460979,0.05781157236013731,0.0887166769150804,0.0724071035705821,0.17783275240183158,0.07552597192623473,0.019018380697356212,0.04153432003613317,0.04968058648217351,0.06042480392793686,0.09741524072332368,0.05582108688325088,0.03991621034783138,0.033458717783161354,0.043387182946612216,0.08050971628671491,0.2141185672165264,0.048614881720386784,0.07411530163184453,-0.0018441515825532865,0.04778150939564878,-0.14298909642430313,-0.03310707590098364,-0.12686186121595688,-0.10357667938001952,-0.08980042243532381
digitspan_time_value,-0.024515043111337006,0.05808818179766953,0.037674534338506406,-0.02405547888213457,0.036797347769574,0.027320306939681235,-0.03974474376855885,0.05897298751916167,0.044358116503945354,0.03110857498192545,0.03295595510520393,0.047489026611718464,0.01548936516364426,0.08739036604966911,0.2072998253371223,-0.016402403486996852,0.040037290255140766,0.1303688579975362,0.03481047013451096,-0.10783975707016695,-0.012841753977473312,0.13850336195671092,0.07701330495307407,-0.002460058871168868,0.07144388141934507,-0.042645064454973326,0.001755071974013972,0.12819456413931307,-0.07162525154477227,0.013821199867716872,-0.1034221848726752,0.07250676131830615,0.09978181292932982,0.03277384414388373,-0.13697150900898783,-0.0059491266139337475,-0.134703668921143,0.16122975663681147,-0.004388337555274451,0.12531358219691044,0.06312811489558427,-0.027666427294213237,0.14277016940108533,0.22123522284804006,1.0,0.09352562099715203,0.1261275996508158,0.07822332137265443,0.16574891682410145,-0.036935699673563534,0.07449880277550504,0.12318290954017978,0.16356506654073774,0.0053798865459192165,0.20426770510974493,0.04894119828636662,-0.07405348938990469,-0.088839602818988,-0.03274433259272146,-0.004322498117774573,-0.0792139718365566,-0.011151624703597172,-0.013425599638211102,-0.02828404178138576,0.09223916032543018,0.04342629579780701,0.09854751963850969,-0.0053505232717346255,0.23554586961874768,-0.09094299079421168,-0.03514812387604021,-0.033470953825828674,0.022530800571946254,0.05275318659843032,0.048120845488740405,0.06581798149734279,0.0129050780723317,-0.028662552749975673,-0.021608230340086527,-0.03260470874779661,0.08952930698539237,0.08808695635412023,0.03803438646442364,0.07668218552383266,-0.00401330817955587,0.035641882731973884,0.00300178480532343,-0.02348853292594097,0.022107523277897494,0.03316751321811848,-0.005216750317551406,-0.05955644511745883,0.05172970134497112,0.02974197542010577,0.04371626092889773,0.0060785643591142234,0.011945787119646127,-0.02541815827493369,-0.027494026679652055,0.025843193732777842,-0.050846298387396745,-0.024268963497057122,0.20056717989500084,-0.12517327220136057,0.10036659689515075,-0.012733113199856651,-0.006062633911422479,-0.013061942395783656
memory_trial1_time_value,-0.014113067156857357,0.11577003811733294,0.0876989001014823,0.05054871361393037,0.1003705020800156,0.10406801666114944,0.03809642792797079,0.09837354167060315,0.017420284592309543,0.018564126325768784,-0.009927537966472742,0.04909756686145892,0.06249531558061702,0.140852207793575,0.08556042734104365,-0.0967341432652904,-0.0012703965811692677,0.08514012243176529,0.13294456654573342,-0.0898784301826137,0.0030495988192681973,0.10071975172827112,-0.048962025804263884,0.11938216086259361,0.13222944660557806,0.08890774767454644,0.06212125255105416,0.03406257339753907,-0.09560144144050577,0.1759113215752449,0.10013365492709389,0.16762015568486124,-0.03650109747228233,0.15508388688756575,0.03423773334386725,-0.07430512637999973,0.06589790756031594,0.00266564697816639,-0.07780381504931935,0.14096363056804578,0.08389615595707783,0.10649853315188783,0.06399580272381676,0.21649446781256185,0.09352562099715203,1.0,0.10410342630855925,0.23885643364340248,0.18750430741605814,-0.23143197426566064,0.0793363369854205,0.16589569055328812,0.06973624432609893,0.13444142320797514,0.06852772575548631,0.17749423857315777,-0.20302832289516246,-0.19323527223956544,-0.1541065639162688,-0.16679775626128698,-0.1093973303004454,-0.06668534775377233,-0.11862225484803046,-0.08763809906822796,-0.014164674804842516,0.08551191255327682,0.21346267417434592,0.16115351637656486,0.1528012161443786,-0.01253834210657883,-0.03451051904741492,-0.0403616378559453,0.002381910757535738,-0.03154147674663246,-0.043004246636057744,0.0017202027216452276,0.04312407396220992,0.021700472809869933,0.05329314603187314,-0.03746129555095097,-0.01716528296727873,-0.04024330529182466,0.009686971205470848,0.003165069713115323,0.07828657086304573,0.049690199026064065,0.10174454520376548,0.04506129826836847,-0.028184436867705602,-0.02026823122456038,0.013105017264936477,0.0036183320902743793,-0.012721239280892565,0.07565797764044262,-0.029047005131427175,0.012604333682764823,0.0014471732321433993,0.04268335671257993,0.1208405844795065,0.002936793215753755,0.1276139147712798,-0.025734428280272878,-0.12384426833489638,-0.007746794678452921,-0.031813936187489955,-0.041811521964038215,-0.022600869305298962,-0.027162669920074236
memory_trial2_time_value,0.0660901582028101,0.08807218458420524,-0.14011820104973127,0.06042510664239939,0.06978995417483584,-0.009522080433347492,-0.16878805863917337,-0.06899317329505154,0.03713055702319362,-0.022339415416489775,-0.08898694273007922,0.05210962731989151,0.0025258110573975626,0.11872105702890501,-0.055253769642409314,0.17617485705293823,-0.051106371805546454,0.028912794275944974,-0.1217158718374738,-0.1063542595032393,0.13614429426923277,0.2087546930407969,-0.005790290976996287,-0.01806511131069664,-0.04300023851327479,0.0870370626225212,-0.0304073694176909,0.0014932224244006427,0.025271263419003164,0.1995673509901241,0.013812852816260497,0.12157106825892731,0.11293016250406798,-0.0410568746233405,0.1216558681365001,0.026024356333109743,-0.08200749064336993,0.18060711994720516,0.10255840141577581,0.21965155930079497,0.01913744224398573,-0.021702753370376415,0.162206288099073,0.30969207811370064,0.1261275996508158,0.10410342630855925,1.0,0.09940709085695214,0.16977396725745614,-0.15452475560736098,0.1547850831672923,0.3889293158840532,0.08614039747145029,0.16865035358753805,0.325340063528454,0.19215988875013623,-0.2012954961406241,-0.24932075192051464,-0.21741488571634202,-0.08011755948140384,-0.08441466068008954,-0.08429437861336923,-0.30165757965220924,-0.09590855099879857,-0.016633811898855738,0.08621252580883974,0.05474596546726335,0.10302493951421149,0.18537675068618403,0.11767525977535374,0.014672829377809126,0.10227595414228109,0.1375186192569912,0.08518280846711249,0.08046814698173625,0.21244176339604215,0.09445672960199335,0.05833396305763884,0.1351234334563581,0.015692574591264212,-0.05152869871955615,0.13431183383221754,0.11325404453168321,0.12455561782778149,0.06354190554168525,-0.028723723667618238,0.05725648848404278,0.08318913100370864,0.11802394501670604,0.12687642485847783,0.044511730837498646,-0.06699794681383495,0.19232053332500423,0.05268121565721505,0.11759313961036716,0.042437592114596835,0.028506193368329484,0.08319232229926374,0.022469740101789173,0.12881230618619874,0.06531502431645461,0.16383188272414556,-0.06146277603730815,-0.06466627318025572,-0.05991569556798407,-0.09955098446362784,-0.10019312776874198,-0.033511251306489326
moca_abstraction_time_value,-0.0173794091937998,0.11348954734129724,0.036075971281222446,0.023885509242186423,0.11065685950445998,0.09909208362086214,0.06368496322942217,0.06767224190870695,0.029590924700772542,-0.002037244691074715,-0.009738031266341563,0.01067374159941792,0.016684479968854853,0.12745960067921336,0.1597705175145648,-0.1082302219145259,0.06352862920905722,0.1258744243899808,0.15943991918102318,-0.0888420648867365,-0.020574167671209058,0.03964635672345056,0.03832732368334249,0.14227700298973786,0.13213001471153446,0.09512517229451169,0.12890003638527853,-0.023175179455275065,-0.07667875107730475,0.07785260580225334,0.10788841739429766,0.2023120289221669,0.06212970924540015,0.13106825595989197,0.08682869114580724,0.015100436786062703,0.07136646102326835,0.031105718649864382,-0.05068768220929135,0.15353363459694958,0.08137893387343302,0.047066080839159315,0.07174434176246702,0.21035382703859612,0.07822332137265443,0.23885643364340248,0.09940709085695214,1.0,0.26333222305715537,-0.18753111103000764,0.07292936441103165,0.15978295162751105,0.09008523278752714,0.16897010328301437,0.18570621176906651,0.19004325002149772,-0.20864676412391484,-0.19985435810621205,-0.1642798686300337,-0.11956950416933099,-0.10062593524375778,-0.10812105171016005,-0.12186195657242187,-0.06781165369104672,0.00776598078444179,0.03895015027649353,0.17067517087169126,0.15311970405247718,0.07216400868795447,-0.048608830414274315,-0.04738642139193253,-0.04981654326569068,-0.031805396629654745,-0.06649983442130235,0.0032853733448538615,0.002319008453530238,-0.0018567860109504634,-0.017733094511280183,0.07027225854936016,-0.07284627509392606,-0.05937609331406172,-0.04326125525036123,0.008112587859604382,-0.025351605218158543,0.05865011380619718,0.018458491747773243,0.044688935906635176,-0.0008368216836338854,-0.07017394964315724,0.00029189618148789425,0.015575709525654922,-0.02923737080606059,-0.000326690182597338,0.04413070194656451,-0.044477405339409685,0.036405440566885494,0.0365891782665458,0.01422656067852627,0.08127154057183666,-0.06048185830379705,0.21030711281442452,-0.060521515519959414,-0.2709386784341019,0.06738581848283583,0.01184727479939572,-0.038633523632181276,-0.0787017260110325,-0.03856342815110053
moca_orientation_time_value,-0.1324522372630191,0.047486778131843314,-0.022605632387014196,-0.10641230866766314,0.08008266767109347,-0.04712575729184491,-0.0967934573451195,-0.029523484566343565,0.06016437786637504,-0.07237945647071063,0.044661113235129,-0.018175507159801683,-0.022170246315402282,0.1268537891412116,0.11240263113335541,-0.012531628020014644,0.18338127113232655,0.13135612630717083,0.05088077575314958,-0.2773790718614276,0.005321356736898897,0.126542521481139,0.060403858372221744,0.2135555433411702,0.18989153954278867,0.04022363438487488,0.16671766910415423,-0.0008468374735368087,-0.003973587453062365,0.11797626687208061,-0.0519659729376545,0.15903332645365156,0.09564679864711807,0.037135492650157434,0.004119872226945463,0.05210602739370139,-0.11141621508257633,-0.03966461731202467,-0.04804868548341023,0.22529771564504286,0.0763754236598743,0.010888895286251891,0.12097147277466094,0.21414215511251447,0.16574891682410145,0.18750430741605814,0.16977396725745614,0.26333222305715537,1.0,-0.18973873080894887,0.1205388713943709,0.2650980023339764,0.08639870870578559,0.13694747748537509,0.2510298209758473,0.2325582521853696,-0.26034618356441847,-0.19591653269943735,-0.21557219575505207,-0.0880325719114714,-0.1272850275428932,-0.11325706868864317,-0.14253765569273713,-0.07097127851730087,-0.016064963094113704,0.12033048429951226,0.1779109935294186,0.16360298003340507,0.06493382016532956,-0.10636407321807322,-0.09217060509459113,-0.012426961811399084,0.007084102598426583,-0.05299468400704781,0.07964830527771216,0.026026224804268926,-0.05854497570397144,-0.032833354767481816,0.05212064772689664,-0.11357035219458066,-0.009955607375319322,-0.051233907883650724,0.023713664927769135,0.029519026910852467,0.04475828882595059,-0.012328434019370796,0.016976708873335352,0.042795675925600976,-0.04598159318501295,0.02491334913836153,0.049072235792047614,-0.14260936445290162,-0.0363563860106113,0.06310064656125355,-0.03836300459258709,0.0332834670918876,0.023094438680473218,-0.010471424401828647,0.02393849361508017,-0.06348518303778819,0.2653812993985732,-0.06245526282396369,-0.24909122099006015,-0.019093250945830607,0.026677782553047685,-0.047481109946495806,-0.09035654878393616,-0.05006655064297696
moca_total_score_value,0.053320588326628435,-0.11348737872625915,-0.024006742551959264,-0.10313782586547995,-0.17522524417573182,-0.017130724776525393,-0.08205892071339342,-0.047388669648038,0.1467652075164147,-0.011238083005528709,0.09256130511558373,-0.1675072759799475,-0.18251419174488162,-0.16939551354377685,0.12937575177306704,-0.03967778236946214,0.3790156801117346,-0.11355640172327798,-0.09260198286026818,0.36967786245270506,-0.10595974095717997,-0.3688096799553577,0.1341842060876769,0.09862008690483576,-0.35991377603626373,-0.24279724921981102,0.2454969306436221,-0.008817396541167298,0.018877347818100396,-0.29800506635206897,-0.08917017723897808,-0.22572369774659046,0.16169703711919103,-0.16727748986551796,-0.04702000159589837,0.06000957128038754,-0.025894010374742395,-0.24406731613362243,0.04791212223356223,-0.11353205419592267,-0.1489440369025319,-0.2143520865180815,-0.03979472798673311,-0.32136278803804763,-0.036935699673563534,-0.23143197426566064,-0.15452475560736098,-0.18753111103000764,-0.18973873080894887,1.0,-0.257079824416849,-0.11233163357163266,-0.17407022705310926,-0.18242606123100302,-0.09996131686939347,-0.2706028083088944,0.5026714984370095,0.2737874554378417,0.30663279622645834,0.3001187539652595,0.22871217493432164,0.3411132851663298,0.28274108640753176,0.3044248093771491,-0.19381852630346247,-0.07704514225907871,-0.10805261024162496,0.05011411480766253,-0.14147375916355415,-0.10920567704038393,0.023717479114001676,0.06554861894433307,-0.07674720026347578,-0.08099834569851708,0.12696638792938225,-0.10526518807532842,0.0021686461411519935,-0.08385294789494349,-0.14768661396507043,-0.02387427368614894,0.056894790511550344,0.034290099733286256,-0.05566041299903232,-0.009207872764354669,-0.12117871953004951,-0.12788690334833971,-0.13924009846077878,-0.14419088054540508,0.061473628842853394,-0.08012094827759605,-0.06975486755607539,-0.1116657211130224,-0.0606668803999236,-0.11774440881167814,0.001900475542189583,-0.06905837386785375,-0.05968872187259338,-0.16953753161670548,-0.2270472509163412,-0.08156155176859968,0.09187648309567813,-0.08265888754984203,0.03292056023150147,-0.08173366612934613,0.30231247545776785,0.25875841208609296,0.1380052127828817,0.27672782945321045
naming_time_value,0.00498888930100688,0.05202059503260407,-0.0196060617555306,-0.059870287232941674,0.004132799593499829,-0.014861736760995238,-0.11019778126585694,-0.10917460481260761,0.004567120400984136,-0.026767463902131472,0.11683617329146585,0.14210646846721872,0.056163576089520086,0.1586474033655413,-0.11527348714800618,0.11571229969928752,-0.16758053448795882,0.05304508456546055,0.12068264111067808,-0.23767804918119445,0.13975476202273907,0.29007917156410873,0.005373851436350989,0.05020419063692905,0.13722640661980404,0.06317750984243523,-0.19723723468572602,0.05758037190094004,-0.015343381317869846,0.1375876488063656,-0.011285284955862613,0.10578225770668606,0.1098759498528541,0.05964919824884506,0.08173678831604608,0.10046840369514563,-0.04938835246545837,0.04928719337196656,0.21762913302398107,0.13443101546971428,0.09076090198420035,0.09402650927950007,0.14662062192630468,0.14931716567512468,0.07449880277550504,0.0793363369854205,0.1547850831672923,0.07292936441103165,0.1205388713943709,-0.257079824416849,1.0,0.10173418389279465,0.1678814073882498,0.10124645422438949,0.057212645412051226,0.1358663551234665,-0.10200558007416527,-0.12045193331690096,-0.0857007850393059,-0.06549835292874386,-0.1201808885878331,-0.15635921210682815,-0.13497571666424021,-0.09242993480512961,0.002644145057047778,0.10804355341437542,0.01314545422087273,0.056579935963332086,0.03930864381583955,0.1137419049852099,0.03183062518382519,0.0676492533420313,0.0612958991393012,0.038471335014733786,0.0393138792956583,0.019516302355831436,0.026601356243943077,0.02127285835033358,0.006886070495241854,0.07206044031385465,0.015617079546324103,-0.002646763004362551,0.014228222985250626,0.10746961241097687,-0.0013798425782153402,-0.13970006952042935,-0.09695301485178297,0.0711882245674913,0.022476504035973306,0.052056434956427464,0.019136218601849733,-0.06358279463841264,0.08207535630559523,0.0034080629833442982,0.06992662894492198,0.009484201003086765,0.013035146184384222,0.03651676505983948,-0.0769303380909593,0.08548735076042702,-0.13945581023394957,0.05235732846418361,0.1119333414377257,0.007061861425769805,-0.08401425051733247,-0.15183777024497563,-0.06035753837156414,-0.10595634606662487
repetition_time_value,-0.08798809382127146,0.041095018285698205,-0.11255402129817686,-0.0593598142165967,0.07778669242428402,0.10066974721286062,-0.19553855255584612,0.062397373149705594,0.05785757245656394,-0.06171399850664443,-0.06293898727324644,-0.08166124400330947,0.008729960506396992,0.10572017672357159,0.1847391270401514,-0.0637341188864295,0.07492646171674043,-0.036942044685764536,-0.05181026882266613,-0.13479814455859257,-0.02108065559848869,0.1283314059357407,0.02774279122157765,0.08292070449341818,-0.026247646810351345,0.038106399818948235,0.088395268121234,-0.20141139200384695,0.14915250410034264,0.13745371536063042,0.009154144167486932,0.1599969131591641,0.03430667581045799,-0.025449612363249392,0.09969678751600534,0.14129685427515074,-0.0441062936241606,0.11958661144668968,0.033508370180799704,0.10092997795729505,0.05905841658535888,-0.10362194593335644,0.08487834173585293,0.17568984544108365,0.12318290954017978,0.16589569055328812,0.3889293158840532,0.15978295162751105,0.2650980023339764,-0.11233163357163266,0.10173418389279465,1.0,0.08678251658180298,0.14614370674852462,0.38379146880841425,0.1869946576686311,-0.07213249307006041,-0.22691151562494855,-0.16276526167214056,-0.05227933555020812,-0.09300696856276422,-0.050209393778620624,-0.24294254587464148,-0.061848028312546266,-0.12330178421789023,0.22203705037292962,0.1355875892828704,0.2557851079458501,0.1509881301997046,-0.040370624215331385,-0.012687302840138045,0.09605445261886467,0.060665941561645405,-0.07479822715252189,0.0425555706732078,0.0772866236444606,-0.011412773027332658,0.011347571440386268,0.04400615456516085,-0.10024348599803293,-0.047249605256867534,0.03331242410933385,0.036594199431908385,0.04920723877985493,0.04164350826390111,0.0036639914355397875,-0.002865901636720606,0.07396753206019792,0.0023993644332961543,0.0349885763530532,0.01739006996585337,-0.14935517749111982,0.03335974543323426,0.051976852631524864,-0.011686985083616312,0.02865019816883043,0.029624350491871114,0.05860093541720194,0.007090806811567787,-0.012106849070487194,0.20984095699523858,-0.005980153269196052,-0.19944148469849024,-0.03325970552287982,0.01900167373911507,-0.07145766414040562,-0.058017236473762425,-0.08034300019160415
subtraction_time_value,-0.13478017279293783,-0.10777857460822497,-0.011805207792157423,-0.07700933492310667,-0.06540723970011285,0.10968615442322378,-0.00498934089041582,0.05847101124395086,0.05374797104999063,-0.06545698547012326,0.1412294961401883,0.04990281521191979,0.1142192451293076,0.06992546134148397,0.10469505233615997,-0.1618752712455937,-0.22892156009114345,-0.01730292380890282,0.12687110923296022,-0.16187787158996297,0.017820063734684432,0.013304428561527698,-0.02895895260425134,-0.03570479319807473,0.003535109706496854,0.01964536590614822,-0.09439541088045965,0.11283719517364693,-0.04101823679087559,-0.13800004783060926,0.2967151940550773,0.00580440569103786,0.2763416777380174,0.03497180715989436,0.25760475815633044,0.005072831910262576,0.25502132510283304,0.12882927637312896,0.2887788837980095,-0.12864215910403468,0.13458328236822945,0.015725918230181817,0.11311356531625155,0.13113365084561743,0.16356506654073774,0.06973624432609893,0.08614039747145029,0.09008523278752714,0.08639870870578559,-0.17407022705310926,0.1678814073882498,0.08678251658180298,1.0,0.12443241643716112,0.0642887844334436,0.03877575231083765,0.020348442196826744,-0.009001479302627655,0.048538214651096555,-0.08220290728461024,-0.08637484906373774,-0.059441466081397346,-0.11095051608732721,-0.0757308754844731,-0.07379528005424245,0.05316884136293377,-0.12552554083322223,-0.13235150236820137,-0.08144602114198618,0.041207535224917435,0.06841685690497082,0.007128612573080589,-0.020663937875098806,-0.04405059827020322,-0.16587720276939952,-0.11255107982977154,-0.007649023225748094,0.006687631413308604,-0.07847832716478793,0.007198335721399206,0.025476656006622644,0.028209071724387143,-0.004806615631223134,-0.1305902338490833,-0.07366120156296649,-0.06413958755646719,-0.12474892272660212,-0.12181308542000638,-0.012091194386088982,-0.03663644720376372,-0.007780995374681996,-0.03770389606554591,0.05608269061060413,-0.07455606455871798,0.009844059117006315,-0.02754460626841095,-0.01900164007955685,-0.014263390708546656,-0.15159534616017037,-0.052534252852535254,-0.15355642317574056,-0.07548620809885216,0.17729205745545457,0.025168321261326135,-0.06229448707311458,-0.05407263409288872,0.055038453652383516,-0.04527373419879552
cube_visuospatial_executive_time_value,-0.07903885036704797,0.05524840193760983,0.010975810588278758,-0.03746611069917297,0.08327272664860182,0.04300712762102075,-0.03763395086962235,0.002216456138877576,0.034995203121047064,-0.01255700157070084,0.0018932736586666523,0.07413402174293612,0.02915685469147112,0.12106157874253093,0.05379931302042222,-0.03321914631387662,-0.1544724471087979,-0.012158263072376517,0.03693423147881269,-0.1036801948442762,0.08136845044693214,0.1153822237002763,0.018153003489070743,-0.024092243837139017,0.10975213013983989,0.12412370543445922,0.08956278666727881,-0.02155336273735347,-0.0345972769798339,0.14250350739560058,0.20403952758041874,0.1072499063008855,0.0698394999424913,0.04655830515471734,0.13200842043379823,0.045696474879813695,0.19672122404069425,0.10535578637128885,0.039978295824610724,0.1006570194626651,0.02450291332202331,0.10610757722845018,0.11651950253808925,0.20751106229029193,0.0053798865459192165,0.13444142320797514,0.16865035358753805,0.16897010328301437,0.13694747748537509,-0.18242606123100302,0.10124645422438949,0.14614370674852462,0.12443241643716112,1.0,0.15180949941033844,0.16349289701562217,-0.11960479783361452,-0.15788976474830413,-0.12264052587361526,-0.14245140535787518,-0.0557749253706376,-0.0630862668466791,-0.11579419248529256,-0.07582540648139498,-0.01965176874755872,0.047703670574325084,0.0479875141932827,0.08553528209932369,0.10069215933716824,0.029360720307534404,-0.0766152715865737,0.06994226300679551,0.06965816304616167,-0.0019666576152365636,-0.0609456441222243,0.02651403032968388,0.05653429245727738,0.04756474589736798,0.07809836690055977,-0.015487464540248585,-0.027557636317362817,0.04320460958360081,0.06010009420673948,-0.060132233645501784,0.06140481870023521,0.04304679473706936,0.06477112482603847,0.03367122624969569,0.0032057542556929927,-0.008580238201439279,0.024931179674941156,-0.007865651265827056,0.00819915122744591,-0.0018349479040425244,0.013245316867652656,0.02195566225594193,0.016267101997609733,0.05929465592266166,0.057655393268741355,-0.011819116287456003,0.14608470417641273,-0.04861643172409005,-0.08715953990393024,-0.056730480347733404,-0.1007169045685177,-0.03400482631864694,-0.059707787969371345,-0.07007049953128387
lettera_time_value,-0.028316305409558075,0.026412575219288904,-0.12615745494963354,-0.01678064891876545,0.04872209918633105,0.005789808560806272,-0.018999557504228454,-0.05571384584444549,0.009990681446570924,0.035269247948117845,-0.07941798664398453,0.10232911851517751,-0.01964638227132209,0.05830734750115532,-0.003924749269981112,0.1708712250857904,-0.05758407245985643,0.10286467398826205,-0.12682702113763974,-0.21219336829390908,0.06789745243288971,0.08194002830453548,0.1303135872796267,0.02242852333760788,0.017594405150251916,-0.00015797666833672447,0.1614964721431393,-0.1275689126672394,-0.02721269560498217,0.010062953398664826,-0.053593740085977636,0.074032126292405,-0.04372685496505207,0.021415151057159885,0.11350849685374598,0.135348249246695,-0.047052024637629766,0.022414933029826955,-0.08394402363944035,0.16342035705517466,0.013650081716263479,0.03105137072817566,0.11749523235539241,0.23645550734655046,0.20426770510974493,0.06852772575548631,0.325340063528454,0.18570621176906651,0.2510298209758473,-0.09996131686939347,0.057212645412051226,0.38379146880841425,0.0642887844334436,0.15180949941033844,1.0,0.11769519171327299,-0.13844302607940948,-0.13388182757826297,-0.13696072886588448,-0.07634075455017494,-0.042630661179934484,-0.09119024522437512,-0.1921504641584253,-0.05029590174342111,0.07762990149747705,-0.0048637604681613595,0.0729552974351271,-0.016526549935616506,0.08801211418417769,0.06677757623510025,0.005829357574187249,0.031086185421929875,0.030192876889440494,-0.001501524883844128,0.04405509856586998,0.062105626276790164,-0.033228459799688755,-0.04285264633979768,0.0974255394372913,-0.11370862324866836,-0.03152169829597492,0.00407899242985327,0.061517421503076035,0.02484686849958853,0.027501605869957663,-0.0046992592920688655,0.04186777738985058,-0.010273449217567421,-0.013454893238044508,0.0025560049202051167,0.017805080777269708,-0.06126657250179573,-0.001733318846068738,0.03541187249516822,-0.01328667686940104,0.006994304909753954,0.008311784209908614,-0.034647849489919745,0.04917179715595494,-0.018413485963140026,0.13524859630250705,-0.00826042201723215,-0.08172943734813105,-0.0690555946629646,-0.027771159114172928,-0.058650203545874906,-0.09844820926450996,-0.03314546328489083
trails_visuospatial_executive_time_value,0.09286869107669653,0.2043622805755325,0.00929503358311123,0.1110134955668503,0.20210211220968943,0.024397036375751857,0.0561315671875302,0.018638885041079682,0.0004520409214351083,0.028493697105191278,-0.048599166189129704,0.039543611182762964,0.021305232278500265,0.1553921281001415,-0.037329076793164925,0.07924125858279497,-0.003855982767777494,0.1706549430987111,0.11817891452815299,-0.1446146231281969,0.11331316584150403,0.227205163245603,0.040995871144701365,0.11863916725065059,0.22916005408413204,0.12904480994712011,-0.014604911465471345,-0.06041368300552532,0.04669638302611406,0.2723588247219815,-0.044651965373345544,0.18671538269649682,-0.005814234955253786,0.12815849557798484,0.03196684460325497,0.01872376201952874,-0.09002602520136871,0.0755720961308214,-0.04599148913793181,0.2583644479429011,0.05443900109981756,0.10507267717277043,0.10094416776050096,0.18715205436320922,0.04894119828636662,0.17749423857315777,0.19215988875013623,0.19004325002149772,0.2325582521853696,-0.2706028083088944,0.1358663551234665,0.1869946576686311,0.03877575231083765,0.16349289701562217,0.11769519171327299,1.0,-0.24963282289136118,-0.20339279370670726,-0.226706171153088,-0.13048524608196882,-0.14123279548718473,-0.12543808039636065,-0.13676701936915725,-0.13527928678911447,0.13207759490439527,0.045145899669601565,0.1127918918136837,0.01562676168419582,0.07201659258104064,0.012018850006547802,-0.020146522234881,0.028746651886762526,0.08873346519173748,-0.017354871386058835,0.038683801073474015,0.11529906131095886,-0.03715925658588938,0.015704177653432325,0.11932000739909764,-0.000741768209414397,-0.05379022696371931,-0.017154189521942857,0.058762598768372344,0.02858678373122598,0.09078928590303849,0.06481465583493912,0.09437967606223165,0.11999810219926751,0.0048748067846380565,0.06896404214392952,0.044946682513922226,-0.024205347147952215,0.06160802074318887,0.05821482508031863,0.009302242198924235,0.06720369849524624,0.019670908270452387,0.06120244425458656,0.13487541003632683,0.06653367893091847,0.17715918729363608,0.07223129354137384,-0.23391911433994136,0.0070993307900673935,-0.09140123024138083,-0.06672740730512572,-0.09271189568800689,-0.10290336638185497
moca_combined_mis_score_value,-0.08651219293043476,-0.23594451823856866,-0.046019713272382176,-0.16379959145187245,-0.2320145247282734,0.043511123798872516,-0.11483575119541566,-0.028601039328097336,0.058425880140165996,-0.028187262297251887,0.1125403626168997,-0.11171483064907105,-0.07463680020128174,-0.10374924974343273,0.11262036640029104,-0.12307484707320779,0.07409526187537929,-0.23578973676182066,-0.05458486208550596,0.13633865151841965,-0.12204046490562849,-0.21265959148182892,0.12671416928450172,0.0022648482517935963,-0.2416652274200075,-0.20443518170421202,-0.010118302471438247,-0.049044108025897856,0.08569698780944446,-0.2709480307849785,0.03762355165857468,-0.28468184963138365,0.17190451724764544,-0.11149148830200967,0.07449001219717713,0.06123512792459029,0.054478701995273535,-0.15212108333144075,0.20155124339205197,-0.28177212521434375,-0.05420334007193682,-0.16587411651105968,-0.09580919980810601,-0.39468771662419555,-0.07405348938990469,-0.20302832289516246,-0.2012954961406241,-0.20864676412391484,-0.26034618356441847,0.5026714984370095,-0.10200558007416527,-0.07213249307006041,0.020348442196826744,-0.11960479783361452,-0.13844302607940948,-0.24963282289136118,1.0,0.3108593387163692,0.4017269802175484,0.21132321026793724,0.13682066661372091,0.2124050279896388,0.1954478763755752,0.25044586398304575,-0.2770139926599643,0.02949244517389875,-0.17827395436513913,0.0045157570359814735,-0.19085635734202752,-0.05152075530190295,0.10037424725545781,0.07412082746236286,-0.10659438912449289,-0.0874409979672501,-0.02803240220763823,-0.18400160767521953,-0.017497152496350327,-0.03074497015390059,-0.21786860820142165,0.008703383841444517,0.0947619409055975,0.003015576348510927,-0.11760700526592603,-0.09278249236347987,-0.11102019802278217,-0.10444504046771046,-0.19984792781150879,-0.1465914466775703,0.04159799282518471,-0.07837530283908468,-0.07942879570430059,-0.058690127285626,-0.05220674932634939,-0.10616919425626421,0.002518440985029796,-0.06097565883175225,-0.05393220523507869,-0.08505459155924704,-0.3028950124703221,-0.03964623327930384,-0.07128711769386202,-0.09622330677710285,0.16629641492996744,-0.04186324061724495,0.11181624324487707,0.1568814329174319,0.19902146509015925,0.14273095695199334
memory_trial1_value,0.03325482181201575,-0.15169686838870564,0.02562930892202591,0.011776286153743303,-0.09788765253948838,-0.013832856160041044,0.09236568426509131,0.019834788068189252,-0.03339205861941266,0.016088149082823296,0.034240719561778106,-0.02930430425257565,-0.003779324801888183,-0.11356193131688365,-0.035843049851878035,-0.041942497679934285,0.02400730913010811,-0.0711101087521245,-0.029414495214481896,0.08566655828356255,-0.07353888108291713,-0.19075708351086174,0.036046738947832314,-0.059807652668055405,-0.10985015582531417,-0.11569631539567785,-0.054517668918695035,0.01617728698418703,0.031398610191036666,-0.21684706568749526,-0.009907976621677058,-0.18554500792972467,0.03889155168286422,-0.018583282678032616,0.014003284309027982,0.03138548850950562,-0.028894820467158737,-0.15513645019608022,0.09040104751656103,-0.1827933249521173,-0.028005121956817182,-0.039719504051281405,-0.10421169966716251,-0.2811841740820123,-0.088839602818988,-0.19323527223956544,-0.24932075192051464,-0.19985435810621205,-0.19591653269943735,0.2737874554378417,-0.12045193331690096,-0.22691151562494855,-0.009001479302627655,-0.15788976474830413,-0.13388182757826297,-0.20339279370670726,0.3108593387163692,1.0,0.30518186245987433,0.13507222963596338,0.12741391630997048,0.0948052186178479,0.23779269817959364,0.12364384513729705,0.0013289210419363251,-0.12196456889771143,-0.23933142368923072,-0.1968601892602177,-0.2125396044616547,-0.0025124311715591864,0.10662611403875641,-0.043741808086910076,-0.07544599624905513,-0.0076999363818932715,-0.027298402133773707,-0.15075925220169664,-0.0482777562675503,-0.034699569417210405,-0.11510982832548489,0.04137139951943029,0.06608248367417989,-0.0147917440714836,-0.11195393704068984,-0.0622990101794747,-0.08235353038847616,-0.042136931415394846,-0.10549920770825572,-0.10875420359583675,-0.0007828675665739707,-0.044473614505436104,-0.048066726080188985,0.04273478296506952,-0.0668140550872275,-0.08017955568279657,-0.0045146242329807,-0.0459104266766442,-0.03911889945892675,-0.08991700427149298,-0.13796308302516475,-0.02220610240997917,-0.15944566683047892,-0.08429285321313522,0.1602191083437467,0.045898987223125465,0.020947633951616335,0.15401977062239475,0.1457590514383629,0.10835475808048618
memory_trial2_value,0.0038602989239320336,-0.18785066240686185,0.025160820902399208,-0.037633638043552464,-0.19241127994423146,0.0904581504840702,0.05122073929002105,0.053027573222853244,0.03662835982810183,-0.007379013669872527,0.10021552526505784,-0.05180224538081233,0.018802859449750412,-0.08271892064925818,0.10094612861361432,-0.1370649929444043,0.03426102835062083,-0.09142552639424997,0.04178713456122552,0.15536963584955418,-0.11312321795237963,-0.26522898833258834,0.03212757005642764,0.0017663351357761837,-0.1468755304156114,-0.13732284392649613,-0.043896425060995496,0.04886799612884506,0.013028000402325705,-0.28431453363564935,0.09059477906315529,-0.20386070363420508,0.1303169973679061,-0.0012800554001442341,0.10296927452344272,0.03191970821466253,0.09082172524017253,-0.0739427089797817,0.1687235704772965,-0.2983980691041943,0.0063252168021541615,-0.08712350915274177,-0.08415060650798112,-0.29192872599096537,-0.03274433259272146,-0.1541065639162688,-0.21741488571634202,-0.1642798686300337,-0.21557219575505207,0.30663279622645834,-0.0857007850393059,-0.16276526167214056,0.048538214651096555,-0.12264052587361526,-0.13696072886588448,-0.226706171153088,0.4017269802175484,0.30518186245987433,1.0,0.147406697780339,0.09937140369872367,0.08873644668321179,0.19851836692866534,0.13632584366986875,-0.12534409176313344,-0.06886921032228245,-0.23434118213173727,-0.11171526961348603,-0.22318731389864957,-0.03328754574762791,0.12232391974619371,-0.05103226369908503,-0.10498437786657851,-0.027483789866755714,-0.07149055173619821,-0.20419623106410398,-0.013808154403047187,-0.025439116108401424,-0.2711569158589362,0.05836155926888488,0.06057998400589933,-0.005020343038439982,-0.1269088725099729,-0.10300027738684496,-0.10770113994665562,-0.03583396387396239,-0.15536824028071466,-0.15422077336630258,0.019372312637432474,-0.05741584139669705,-0.0794514646280016,0.011862802725314198,-0.03718987521057185,-0.10525198774604837,-0.006820213312010942,-0.04250148653935174,-0.08520691540974487,-0.07941695833208119,-0.21437622197122275,-0.026661296828061377,-0.19444047723517924,-0.05741991068142761,0.14458661601643885,0.09363247708589549,0.06166094761409435,0.16215918630611692,0.23935267266621266,0.09436685680635565
moca_abstraction_value,-0.03543975666812159,-0.07757282421583878,-0.04612648552458643,-0.10703940793662331,-0.08140751274042511,-0.036016467495654125,-0.09986252528649542,-0.05682405824919428,0.03033105066487289,-0.010514467062139137,0.08379896235668739,-0.09972618190979882,-0.06900150070663431,-0.030042274140297004,0.06546271328749859,-0.005962534630016814,0.16528499921023582,-0.058292425370096775,-0.02841647912679903,0.1073989882499932,-0.050433508652635566,-0.07288041868121532,0.06543989604659237,0.017881966486908443,-0.14380866808300977,-0.12402084804591053,-0.0015049757887335353,-0.05010994071575766,0.08137510248877994,-0.13403905952475736,-0.13797928378603552,-0.07345870192818678,0.07621382175611051,-0.08549806606414885,-0.08426798275206111,0.057160505701889956,-0.12961625815320196,-0.10262251619772315,0.10349784673546154,-0.09397419017856826,-0.0830120174016389,-0.14436233815826385,-0.05015074977565151,-0.17137952194905756,-0.004322498117774573,-0.16679775626128698,-0.08011755948140384,-0.11956950416933099,-0.0880325719114714,0.3001187539652595,-0.06549835292874386,-0.05227933555020812,-0.08220290728461024,-0.14245140535787518,-0.07634075455017494,-0.13048524608196882,0.21132321026793724,0.13507222963596338,0.147406697780339,1.0,0.06743178170287382,0.09918996391853756,0.1319990178153323,0.14958765104200683,-0.12307302551494054,0.03512532451121296,-0.13024253682691933,0.00018649583489121967,-0.15078440166231033,-0.0256898443835975,0.018087782391400516,-0.002981765756330497,-0.003451597099449036,-0.047309101583019375,0.0631346593822429,-0.003686152002707204,-0.026594173557075967,-0.008431065328887802,-0.08098133842815039,-0.017810906538636085,0.025594370008637346,-0.032397863170009776,-0.06656063347879389,0.03918101357124381,-0.06902259460115152,-0.041423037746703896,-0.08512329503495257,-0.06717732649417013,0.015715109567252094,0.010272022333019637,-0.030603942602510512,-0.07266705648201835,0.0012603487792667743,-0.07929114588250362,0.005178952391067776,-0.014457690258307818,-0.012214250298060628,-0.041891792553446806,-0.12796840678430413,-0.06171886854615578,-0.07955103589492898,-0.013476029104265394,0.05497571150591819,0.04520792182831647,0.1175966919041675,0.054357174102656544,0.05856846703889549,0.05454549119841869
moca_orientation_value,-0.029607931783962014,-0.06309441408885365,-0.02124035205275573,-0.05214751255381901,-0.03306455057725424,-0.10627035719490638,-0.05256284717944113,-0.08065021684803154,-0.011987635801354623,-0.0003700627331665036,-0.00536717646213283,-0.02429787089357863,-0.10590127144086517,-0.14903593815492228,-0.07957739447211885,0.08692974627468047,0.045046344458702564,-0.09359527511340288,-0.151477631184863,0.10500728722457481,-0.0011079325016151557,-0.08409591743362373,0.020515280986981917,-0.04769689340907342,-0.08446928589218128,-0.050468666709833625,0.08382002586388758,-0.006207188787401521,0.013108640340890479,-0.05159176479066279,-0.03996797351799263,-0.129771856202899,-0.02055101450200861,-0.06107897361981636,-0.06073645254551082,0.0060861531272459555,-0.006300624349108895,-0.07815505784769693,-0.05794730399589389,-0.015396162770812639,-0.10842937386797502,-0.03926093117264813,-0.0413942429401489,-0.13641530862756304,-0.0792139718365566,-0.1093973303004454,-0.08441466068008954,-0.10062593524375778,-0.1272850275428932,0.22871217493432164,-0.1201808885878331,-0.09300696856276422,-0.08637484906373774,-0.0557749253706376,-0.042630661179934484,-0.14123279548718473,0.13682066661372091,0.12741391630997048,0.09937140369872367,0.06743178170287382,1.0,0.1961237011869531,0.1092849456431317,0.08674576020494362,-0.043451563418451786,-0.0718220242492619,-0.028511668950814986,-0.03323246603369202,-0.06793984222175925,-0.014717653813945415,-0.004135878041228382,0.013891412535732886,-0.02296301018643177,0.015798481312823215,0.02616218495372011,-0.014015375632605308,0.02060818363764214,-0.007721790467458828,-0.011471395907164934,0.005559361240977098,0.021692742477867615,0.045952031491054264,0.00020835289090893723,-0.027880436537157688,0.02162725801293582,-0.007762252454430724,-0.0102726729994999,-0.0019522134591638464,0.051211410849984096,-0.007988323291013203,-0.04192254780768908,0.022784094097779217,-0.03432266988426293,0.002389549638132012,-0.0005238770586809202,0.0029464800186743026,-0.009649117653489525,-0.057296928878937455,-0.01976201393926862,0.011681195766668815,0.07461506186746449,-0.019441420480473693,0.06933687344550835,-0.15139960213858158,0.027573504031529122,0.06929324426801962,0.05052506534963808,0.0625454579941538
naming_value,-0.01616129030385888,-0.07975710520764151,0.047360618245404294,-0.053603340481460586,-0.07067583423407872,-0.023525073642198614,-0.07020062720403417,0.002969003845414749,0.03827667985114216,-0.01667821392695341,0.024420731694630205,-0.08925667471769094,-0.11301390705595361,-0.1481770401447056,0.044539844189770354,-0.03045621718419103,0.098213154764998,-0.12950394344575972,-0.11342682325905176,0.12884018048461016,-0.018387946718768686,-0.097292429747412,0.03792216558914195,0.010319374895547937,-0.14393250862969617,-0.06110164015263557,0.11308125451050503,0.009910213523528418,-0.0031794542778918423,-0.04387401149784849,0.004686759434455202,-0.12447072424448968,0.04163671203635799,-0.0889980019814796,-0.04835795378757887,-0.0018468465267371494,0.007840765573811657,-0.1359364726443151,-0.022596409331656693,-0.003871277670879602,-0.10298941073566938,-0.07609400394178233,-0.04897691131052709,-0.11762562696633484,-0.011151624703597172,-0.06668534775377233,-0.08429437861336923,-0.10812105171016005,-0.11325706868864317,0.3411132851663298,-0.15635921210682815,-0.050209393778620624,-0.059441466081397346,-0.0630862668466791,-0.09119024522437512,-0.12543808039636065,0.2124050279896388,0.0948052186178479,0.08873644668321179,0.09918996391853756,0.1961237011869531,1.0,0.14475814364202325,0.12522275362571222,-0.10066406633550538,0.003023615408190604,0.04540598856490307,0.044036831757827126,-0.0107327366177714,-0.042104368525560765,-0.03404675068657099,0.052767419601868516,-0.0022642404671954506,-0.030535239635415358,0.00449288305055615,-0.03310883778119369,0.03175556603545573,0.008756453936597039,-0.025071511013302624,0.0005665077590112178,0.036015913616193156,0.04710455656289305,-0.0035922668825269922,-0.05829732511916937,0.02453648542988484,-0.01567038009361787,-0.041203444709786395,-0.052841613823877476,0.04580661013102502,-0.046759542393563114,-0.10860917016976028,-0.015245450550404577,-0.06423865987663384,-0.013422924520138471,-0.02497860084374302,-0.009618195151262563,-0.019736844760382732,-0.048724954494255304,-0.07438961421502373,-0.053144909128482694,0.18740241071105251,-0.10888155907937748,0.12597616250081553,-0.28696564608187985,0.09486456266075478,0.0803492068639094,0.10516852019907742,0.08722207474374803
repetition_value,-0.02968761480686469,-0.01856553783933733,0.10877802354128425,-0.06815814185894334,-0.024242428460348932,-0.10747425444443329,-0.02695012328295816,-0.0360620828782408,0.02497111753486754,0.08358129089696142,0.061199206074104034,-0.04533471220614057,-0.09103131430706562,-0.07497713679808361,0.03339529720406352,-0.029020012115125858,0.16531690518703346,-0.007548669123870757,0.034625992791324715,0.20491957266109834,-0.029495983566798216,-0.05839298884254673,0.05784736045432868,0.03903776477175828,-0.0033276625566137953,-0.08444113007535438,0.08769015807577137,0.000527095084872938,-0.0645120820462268,-0.003600076246559534,-0.13905970983381846,-0.10501342238873365,-0.042974630160594676,0.03873251365176413,-0.17471013238773817,0.03044313555615758,-0.0809634766123253,-0.19811512924413474,-0.03700404080701201,-0.03388002231497887,-0.0635767517973072,-0.02159576048965525,-0.07198851179420448,-0.1898668779505216,-0.013425599638211102,-0.11862225484803046,-0.30165757965220924,-0.12186195657242187,-0.14253765569273713,0.28274108640753176,-0.13497571666424021,-0.24294254587464148,-0.11095051608732721,-0.11579419248529256,-0.1921504641584253,-0.13676701936915725,0.1954478763755752,0.23779269817959364,0.19851836692866534,0.1319990178153323,0.1092849456431317,0.14475814364202325,1.0,0.1554368265444517,-0.07675358511953842,-0.03421111124531706,-0.010069762871685945,0.002468303892504992,-0.132704046013351,-0.0698472232192242,-0.001997196482745801,-0.024291464003418858,-0.059777125702560746,0.007531333823499423,0.019716311856043,-0.043773232837213946,0.007445159955734329,-0.009218461113346198,-0.10256253157560351,0.06828737534977551,0.05909976460382742,0.0026764888397162426,-0.06856861773276192,0.01143316982930018,0.014252572334965633,0.040296357382935175,-0.009800410531931156,-0.018069852343015894,0.04676832688684688,-0.014065587217184013,-0.04861074277979239,0.07979872166290694,-0.0737345296247535,0.02960319002867267,-0.0032886514862910886,-0.008342050117129955,-0.009362066486606547,-0.015436115179964795,-0.026951937784488306,0.04121459563487561,-0.0012652116008031204,-0.05086632261827327,0.0784937630616557,-0.060987334216769565,0.06848638176948907,0.16549792716394732,0.11134775974334049,0.06831863598869446
subtraction_value,-0.0793784891682018,-0.05694671635169212,-1.9654571085604062e-06,-0.11905623451338086,-0.06576294841911218,-0.052124142272704524,-0.10086167806402772,-0.06099616556973878,0.024682897594929743,-0.017349172876181432,0.048468768369189445,-0.0597680658706411,-0.1302232397758132,-0.07518991764525249,0.03864896072410397,-0.026840643749669678,0.08203782173462261,-0.1089722358033978,-0.05436603319353308,0.10313033675037789,-0.06322634035241913,-0.06984571519335712,0.06298052654665146,0.00725194615792645,-0.10101248769624292,-0.12168063560933065,0.09234552155942186,-0.06229378641267448,-0.0014573526364308673,-0.08040799167471462,-0.010868707080418784,-0.07999354280956548,0.009984205613401442,-0.05308273841941799,-0.0805150957092022,0.06492665795354224,0.02102758526505079,-0.13103320364508234,-0.0052195297865024115,-0.07736195975111597,-0.06266519334216367,-0.07252666357461114,-0.04287475489914024,-0.12888912637019045,-0.02828404178138576,-0.08763809906822796,-0.09590855099879857,-0.06781165369104672,-0.07097127851730087,0.3044248093771491,-0.09242993480512961,-0.061848028312546266,-0.0757308754844731,-0.07582540648139498,-0.05029590174342111,-0.13527928678911447,0.25044586398304575,0.12364384513729705,0.13632584366986875,0.14958765104200683,0.08674576020494362,0.12522275362571222,0.1554368265444517,1.0,-0.14054643168075587,0.024503459239618317,-0.04090558370924049,0.040847223849849144,-0.11833447552672681,-0.05043304992883142,0.004474026719398875,0.04058851302798557,-0.058959937841508124,-0.04952591411145718,0.04488434535129249,-0.05260264567731146,0.02402971306743927,-0.03466500855808355,-0.07722130584815394,-0.06448121446968942,0.032194256101635614,-0.03772762748622846,-0.0794693893472538,-0.0173705752660071,-0.017932375452659816,-0.027701249528501747,-0.04403940603949108,-0.03711140449572917,0.017602974117490112,-0.0342093427376504,-0.010111938216498306,-0.025471198633530857,-0.0750445687919519,-0.005081458339964821,-0.016400375556788818,0.0006987968829813291,-0.03714579279221591,-0.04692046926210225,-0.09431592577288443,-0.04357621077229993,0.04591597553017697,-0.05835221283755886,0.022795578291713633,-0.042325297905640415,0.09899685661693486,0.09356841506693384,0.011409840178034475,0.09018655810911726
Rate,0.5887138161687794,0.37012950822729607,0.12864479252135305,0.6289657570704761,0.3045638428087336,0.18650196854810228,0.7080727454020082,0.3137444478854631,-0.19424331519295474,0.1966207229956438,-0.2013910648369905,0.17884984200135673,0.23045465552822805,0.036140955967672056,-0.18988692519304348,0.06792592540809261,-0.2700139429650988,0.31405699798840075,0.08130479436640882,-0.11898273804328303,0.2631964452354732,0.06927596328496732,-0.028148484613623955,-0.1890762690834629,0.19126151232380464,0.20459990304804335,-0.15917825898941088,0.08310101929739301,-0.11191776659525518,0.1045839648389829,0.07941384752761975,0.1970628756083909,-0.25047627726525507,0.1664903449531601,-0.024033975986210154,-0.12470682606348485,-0.0057836321192681625,0.06888830419295557,-0.33882224399483146,0.29822758821383777,0.07130024085036842,0.2023373314832915,0.04697964593634919,0.1065895782087293,0.09223916032543018,-0.014164674804842516,-0.016633811898855738,0.00776598078444179,-0.016064963094113704,-0.19381852630346247,0.002644145057047778,-0.12330178421789023,-0.07379528005424245,-0.01965176874755872,0.07762990149747705,0.13207759490439527,-0.2770139926599643,0.0013289210419363251,-0.12534409176313344,-0.12307302551494054,-0.043451563418451786,-0.10066406633550538,-0.07675358511953842,-0.14054643168075587,1.0,-0.31445596977979584,-0.13531819757011404,-0.5103586927079818,0.38433429136627056,0.03063947674042142,0.11873505735617822,-0.012557057778398191,0.02105234010263111,0.05807477479194544,0.06645762165866063,0.050710195283858644,-0.05408122475178876,-0.017374184374413775,0.16972645402955597,-0.04352244186469593,-0.05152746591863305,-0.004686350297326108,0.06719246736600287,-0.012497809159268961,0.018128346294241586,0.13576755518413444,0.13528112994338748,0.12798028559188507,-0.10036652849385044,-0.015606635132043646,0.04923791336554849,0.15794781972426084,-0.016363896104096054,-0.050621489625724374,-0.06787468121799023,0.03626329308040577,0.030083770041743046,-0.05141408729510024,0.3343425632436673,0.013428113617734352,-0.06834616660422412,0.05448395299585483,0.01480722764213804,0.027995133640985506,-0.12930991860393765,-0.007524567683936709,-0.05390184323504029,-0.05060406927072503
PR,-0.17674573602241103,0.01573490437600041,-0.016406487231373234,-0.16874882066051872,0.015810697794532026,0.011897490085645583,-0.2604017432869753,-0.02006950217114333,0.0391609226804672,-0.08392757721234737,0.05682818733989025,-0.09935412156855906,0.00038636686343087787,0.06046844201232949,0.14008117371701662,-0.1732063480247435,0.018906178381103825,-0.09965675575504729,0.06598900817592172,-0.08381910084332361,-0.08108870489061948,0.24415508883004117,-0.02527050322250871,0.054993343455453085,0.07456919745061627,-0.024726435618297595,-0.01792430289148892,-0.12472766861334217,0.0708010090129849,0.16257355741095614,-0.059800484565559656,0.12863135077477578,0.008590532589055816,0.02793727372843195,-0.15463993476934776,0.12576437667778897,-0.05583180343994632,-0.04359458811752506,0.0467807961742045,0.01312625105913609,0.03728906689600266,-0.03867473200238458,0.019851578022210676,0.04435783016516678,0.04342629579780701,0.08551191255327682,0.08621252580883974,0.03895015027649353,0.12033048429951226,-0.07704514225907871,0.10804355341437542,0.22203705037292962,0.05316884136293377,0.047703670574325084,-0.0048637604681613595,0.045145899669601565,0.02949244517389875,-0.12196456889771143,-0.06886921032228245,0.03512532451121296,-0.0718220242492619,0.003023615408190604,-0.03421111124531706,0.024503459239618317,-0.31445596977979584,1.0,0.14581200897327373,0.27382047151736205,0.02057500829606431,-0.022097162222289267,-0.08575956270837991,0.05555425423812914,0.01694800415595909,-0.04217098156640161,0.008490716059543187,0.02758432589633188,0.007897281790952062,0.021091808958472347,-0.014020581682172637,-0.07399366608469163,0.04485572725142993,-0.0787672715065781,-0.019644218514238275,0.05353182349144523,0.05041519387786041,-0.005092931646546394,0.012157321954663418,0.03159187099340831,0.0314115700106013,0.04073508555112582,-0.0032790126799752905,-0.06033766560825813,-0.03787226910390057,0.05841052664325734,-0.03374485554243778,0.004867384914532952,0.011443763185269337,0.03851271212070595,-0.021076561953808942,-0.0335670034998947,0.020032462085468234,-0.007638040011078649,0.04548638617912611,-0.05840171139892163,0.026589921891623215,-0.07314109856572802,-0.03434703526188737,-0.04599102054946777
QRSD,-0.06486130511645309,0.08019514842243931,0.04832043770513142,-0.0779927672316586,0.05818184843372611,-0.07943314974299563,-0.20313843679742724,-0.03617241574738155,0.001656801588248963,0.03169083247155536,-0.10122398184092335,-0.0555236928361291,-0.0717363152754187,0.04595145389023232,0.06573272509009556,0.021006241650822606,0.1589117306359714,-0.014076954522844652,-0.02428971635226369,-0.0690818128627123,-0.061378101933619034,0.19500819674909103,-0.04563662116661617,0.18029192030267122,0.13106189092586656,0.04713086599591832,0.1273528364670401,0.012148837602131918,-0.15946674182138088,0.3362372040977763,-0.16221906750564186,0.07005732785776767,-0.16848618535885013,0.03847628114739866,-0.17826768250444677,-0.03879345177853039,-0.18395755627971794,-0.08542061473020401,-0.22520115022422293,0.2250405385975201,-0.042577814391860105,0.027455242241880017,-0.04849264037017728,0.1404245744189105,0.09854751963850969,0.21346267417434592,0.05474596546726335,0.17067517087169126,0.1779109935294186,-0.10805261024162496,0.01314545422087273,0.1355875892828704,-0.12552554083322223,0.0479875141932827,0.0729552974351271,0.1127918918136837,-0.17827395436513913,-0.23933142368923072,-0.23434118213173727,-0.13024253682691933,-0.028511668950814986,0.04540598856490307,-0.010069762871685945,-0.04090558370924049,-0.13531819757011404,0.14581200897327373,1.0,0.45717208865817416,0.28462074358772815,-0.024858009534867692,-0.17261113607629686,0.00884706913280103,0.0556164113809176,0.010939313903850325,0.060436598372921424,0.10544072874549977,0.07259186983290733,0.023320645972996223,0.06412492397550855,0.010565665137418424,0.017885162309221537,0.039736840635889795,0.06493793061157065,0.17037536870643172,0.15166822467102556,0.03731797126249386,0.1299081565485579,0.12225123948652852,0.0810232189452419,0.06767696584818406,0.01503837937775271,0.022459232460723445,-0.045414820835805995,0.2507720924461358,0.01782750811789099,0.038864905378414694,0.05033494275182602,0.12134575591654434,0.15254499960589687,0.05612347241112947,0.3119220722679071,0.030230041870104456,-0.17063552140191188,-0.17745596783714881,0.04643158716098916,-0.01378806884284574,-0.08643134606049213,-0.054975840069800115
QT,-0.2369547203278661,-0.03622776563875412,0.008571316364659794,-0.3075272445479309,-0.05968141262295992,-0.019418720729074888,-0.5075479359725621,-0.05703190343430253,0.11092477220273975,-0.10827464171210693,-0.08762218769565373,-0.12119399837199135,-0.16736256506509053,0.0974362368270006,0.39356093349612986,-0.18934549746143214,0.291579758091305,-0.20650658404581135,0.0408771468435301,0.04790887165954856,-0.1815202539492194,0.09698512735879691,0.03183698043612077,0.2391157958874125,-0.0034835425125467286,0.02163374476206838,0.15447309965999637,-0.13029356145691381,-0.08847310312058093,0.24955251104913628,-0.04270324234945317,0.05067201323535311,0.012913822999843382,-0.028587283240531995,-0.1766914086183313,0.08453216507658935,-0.14378750697952009,-0.0295247574959644,-0.037449039061466155,0.022821581638363495,-0.04778780357769601,-0.10640793812025783,-0.11340256259490834,0.11606877863767812,-0.0053505232717346255,0.16115351637656486,0.10302493951421149,0.15311970405247718,0.16360298003340507,0.05011411480766253,0.056579935963332086,0.2557851079458501,-0.13235150236820137,0.08553528209932369,-0.016526549935616506,0.01562676168419582,0.0045157570359814735,-0.1968601892602177,-0.11171526961348603,0.00018649583489121967,-0.03323246603369202,0.044036831757827126,0.002468303892504992,0.040847223849849144,-0.5103586927079818,0.27382047151736205,0.45717208865817416,1.0,0.304383414730259,-0.0543311235382359,-0.16770604940943934,0.0011032587906270178,0.019012075350254603,0.05373258025969277,0.12557376354742877,0.10047130018165532,0.16501084140191102,0.06666014946584205,-0.045880466515865345,0.01320030581659223,-0.027112994859666943,0.03296192669433303,-0.016212318190086082,0.2203388912815473,0.1034220933651809,-0.026848411342383815,0.10481897590244899,0.0943568027968314,0.12413527922677522,0.07408476098967008,0.008272964197410188,-0.09157391024564629,-0.019456079827324706,0.20415461356717293,0.022832169143471755,0.026375584997485352,0.041823954392412294,0.17345945043072095,-0.016721670709247252,0.05034628549477719,0.31011499749876104,-0.034146956305560465,-0.2921908028858877,-0.03190404226534317,0.16463410480463592,0.03463227191655359,-0.009419867069693407,-0.013264622242038268
QTc,0.35279161179320373,0.20692040557590624,0.07502941026492824,0.35265750054508116,0.177537031261316,0.2171687357714011,0.20240759387577104,0.2930717073833681,-0.0680177798759351,0.08611566010449867,-0.268727301987946,0.03574019473359879,0.11055169199166125,0.10566937065557219,0.18558560448785877,-0.12515585922647526,-0.17927028024872887,-0.028657282650521136,0.01583964570153155,-0.08150149309977674,0.13051094422819778,0.1370428987257752,-0.02511576329460994,-0.13583062450594194,0.07577616296018541,0.22389313829213087,-0.06459571413249744,0.11273971504125042,-0.28074573310040296,0.2542381896197903,0.12766091307991143,0.1453422875382251,-0.20953636573831713,0.05731404696775852,-0.2760025643105858,-0.2226949092248707,-0.027005837341000167,0.06476197281960228,-0.4185935163006401,0.24031365832008697,0.04901625775674072,0.11672107637464865,0.004152333017873593,0.2852876871784041,0.23554586961874768,0.1528012161443786,0.18537675068618403,0.07216400868795447,0.06493382016532956,-0.14147375916355415,0.03930864381583955,0.1509881301997046,-0.08144602114198618,0.10069215933716824,0.08801211418417769,0.07201659258104064,-0.19085635734202752,-0.2125396044616547,-0.22318731389864957,-0.15078440166231033,-0.06793984222175925,-0.0107327366177714,-0.132704046013351,-0.11833447552672681,0.38433429136627056,0.02057500829606431,0.28462074358772815,0.304383414730259,1.0,-0.04279915494885287,-0.11991418127588813,0.034020455178111426,0.06311294005174152,0.1890489396199302,0.07683728705754514,0.20108221532643808,0.18079053858397082,0.07813892753409371,0.11380699049431718,0.018971570551136963,-0.028463493730812753,0.14388954523885467,0.12811139584144066,0.12907549058719772,0.09914971349927096,0.10393813472146365,0.2545616733943148,0.15560373943165548,0.09013305269094725,0.05802366058571248,0.042827622605156206,0.13244507912682105,0.05034458304813721,0.08317016220536355,0.009249424131430584,0.0208582061369208,0.057260126637746885,0.11239141903872055,0.30272228784659466,0.06795953573178912,0.11402469062443357,0.019191878515592366,0.021292260798594434,-0.1522369896667039,0.0013959654444658377,-0.021247511784584946,-0.024668252430335366,-0.04346460719122211
P,-0.06660904492615961,-0.02439523249415143,-0.009751710601233345,0.004293635159390908,-0.011923066104540098,-0.1562693666659248,-0.050238357945161224,-0.1677619303889408,-0.02344208035180414,0.03941442292496538,0.07161919126255016,0.11505666270822382,-0.0021648209110595147,-0.007463234229375481,-0.2630995536031756,0.2044400140237817,-0.1519705369136241,0.061017115119826965,-0.0425912866683228,0.0047285485620457484,0.11039805621515326,0.1540509681528328,-0.026856207748523653,-0.040040995035445025,0.03875724173256976,-0.046399060375963516,-0.11739426719853303,0.02181312069714023,-0.0018316349276750925,0.1081039710949439,-0.07816540649941649,-0.03758849884886887,-0.1823851973488332,-0.0020710909093636935,0.08034220511946803,-0.010274091080868542,-0.027534541779439762,0.07617381768044035,0.10122224666347757,-0.011650645147016823,-0.0004962758552375172,0.10374708883031175,0.06910232540250939,0.06219170341018976,-0.09094299079421168,-0.01253834210657883,0.11767525977535374,-0.048608830414274315,-0.10636407321807322,-0.10920567704038393,0.1137419049852099,-0.040370624215331385,0.041207535224917435,0.029360720307534404,0.06677757623510025,0.012018850006547802,-0.05152075530190295,-0.0025124311715591864,-0.03328754574762791,-0.0256898443835975,-0.014717653813945415,-0.042104368525560765,-0.0698472232192242,-0.05043304992883142,0.03063947674042142,-0.022097162222289267,-0.024858009534867692,-0.0543311235382359,-0.04279915494885287,1.0,0.18419285039594796,0.16187605554799134,0.04929322666099095,0.05934843992681231,0.01166489973136159,0.06624989861595086,0.02665061607469031,0.021552744548562472,0.03777861497287359,0.09127034216511419,-0.02169155723386879,0.0445254949760662,0.041189932381840204,0.08663805259067743,0.04523912276905879,0.015727112520750385,0.020918356881433137,0.06519864587933624,0.049288707777449814,0.08058811729092495,-0.0018684787832636343,-0.0031745414832116433,0.056513522453138836,0.08381221639943497,0.03857483177208993,0.0051293814031592565,0.0059073050578799784,0.05125726147712406,0.023559662249436526,0.1370138944282126,-0.2029997828307521,0.12571170544667928,0.21491032344732142,-0.04541200420426283,-0.11428804533665995,-0.0369878862735634,-0.02844966781163706,-0.036718901508264234
QRS,0.058690401871521254,0.020845614821125385,0.01355669517590656,0.15187799028312288,-0.005953794078694436,0.043367652929431344,0.1651203378179568,0.056408775555211954,-0.02198078333757599,0.011164980709861426,0.053306367498752505,0.06554705581595248,0.06319289712553437,-0.023640030193719363,-0.08286335856711695,0.0048871049039644066,-0.02687144075851317,0.18110188297177773,0.10233653115795445,0.04097735467918733,-0.007824446098996045,-0.05405920746085793,0.06116080424577606,0.027966890241774546,-0.04038027756681966,-0.06676001565543244,-0.09806573986728451,0.029989815858271894,-0.0008601769096509909,-0.10990069429364689,0.01518049321161495,0.010961045042563495,-0.001612132174703048,0.10293996346201634,0.16452397079656594,-0.013875990819920954,0.056955282476911825,0.0036187303060981153,0.11231917986985421,-0.06408042553370369,0.03755715816402817,-0.018638505744811372,0.022074107229966684,-0.022359859242593677,-0.03514812387604021,-0.03451051904741492,0.014672829377809126,-0.04738642139193253,-0.09217060509459113,0.023717479114001676,0.03183062518382519,-0.012687302840138045,0.06841685690497082,-0.0766152715865737,0.005829357574187249,-0.020146522234881,0.10037424725545781,0.10662611403875641,0.12232391974619371,0.018087782391400516,-0.004135878041228382,-0.03404675068657099,-0.001997196482745801,0.004474026719398875,0.11873505735617822,-0.08575956270837991,-0.17261113607629686,-0.16770604940943934,-0.11991418127588813,0.18419285039594796,1.0,0.0718653245370589,-0.05986254172300925,-0.051979744672407076,-0.015190804754322149,-0.09981707254715066,-0.07104753433573338,-0.09517346187467776,-0.08194950088767095,0.017023964947764633,-0.0041884553367348126,-0.027303148945465434,-0.06439526767062215,0.01307396273880018,-0.049689335006716,-0.027238254731490868,-0.06646386520113037,-0.01984586276274706,-0.02802071606525894,-0.0016289641589280908,0.004673332936607527,-0.033384524423985255,0.02260558296117089,-0.028482128922755583,-0.0168579903927844,0.0005394989920417298,-0.007714761284336885,-0.06810338876594005,-0.037830598715510255,0.025584785783391097,-0.17863725926222365,0.01184289527561388,0.09247736396190527,0.09302915048886205,-0.02757075750410455,0.034795197092698744,0.039935906721765065,0.014920065080042878
T,-0.16817379149001932,0.035186738832117724,0.005560075238887477,-0.14509342437886733,0.01634497622452447,-0.1882012486612045,-0.1679322810771715,-0.17103061906678194,0.04201652753634107,-0.00516598048154326,0.08738162029506513,-0.019129002648326347,-0.06265478619446194,0.0002887391523785924,-0.16230935658896875,0.1207079710081512,0.02376698283398092,0.049220911195374716,-0.0848012466805794,0.1103588869986661,0.12588376395306675,0.1659413882549666,-0.0055584852284645695,0.04180548703103047,-0.021154244781666023,-0.04488107880295115,0.0005964219538879306,-0.023946621129854916,0.0008080619210349755,0.14211050897040686,-0.11006814588517766,-0.051598572074859496,-0.07674575587381711,-0.013916736644756653,0.04161157342044736,0.06641709635743145,0.04267577414888128,-0.06528711588346851,0.12315808332161328,0.08986348965113304,-0.017403564736451098,0.011195555258156388,0.06491523786990994,-0.010873960943071644,-0.033470953825828674,-0.0403616378559453,0.10227595414228109,-0.04981654326569068,-0.012426961811399084,0.06554861894433307,0.0676492533420313,0.09605445261886467,0.007128612573080589,0.06994226300679551,0.031086185421929875,0.028746651886762526,0.07412082746236286,-0.043741808086910076,-0.05103226369908503,-0.002981765756330497,0.013891412535732886,0.052767419601868516,-0.024291464003418858,0.04058851302798557,-0.012557057778398191,0.05555425423812914,0.00884706913280103,0.0011032587906270178,0.034020455178111426,0.16187605554799134,0.0718653245370589,1.0,0.05061691304090441,-0.08105306839228944,-0.00024514341017870374,0.05793678011556347,-0.019386276947061246,0.009535122351879859,0.043097778792242115,0.02428423993416108,0.044397786779428634,0.03251607063033757,0.016200521703207474,0.018762938389707814,0.057938707890466165,-0.0003106575149882961,-0.0006000370213797389,0.05589254131346068,0.06890768624026987,0.022444170696040447,0.0012028523940872836,-0.07114046253193937,-0.0474520460773048,0.08518386734403448,0.04744924943081436,0.0013958402552092211,0.010288292772134727,0.03534748792151851,-0.02464296255190914,0.044658238582399944,0.037298015339005106,0.0012041495573300645,0.113948703023527,-0.15534066151189616,-0.01268172480766824,0.033944795198940454,-0.03301160325074393,-0.02645286071093984
Age-related macular degeneration,0.025977392450961093,0.03445993679564091,-0.06400421757274549,-0.0010066344160821466,0.03448890081189342,-0.055309904706070556,-0.0838090537883001,-0.07579067887097729,0.0011237844310356595,0.004815364702112857,-0.01862116270645456,0.02820325708688325,-0.024614674273168845,0.03405502448225915,-0.07658977393300519,0.12867933036467014,-0.012474320539877853,-0.004407742479031953,-0.052576245259456846,-0.057262601031395646,0.060710823441661996,0.15237958387267764,0.07606133218495478,-0.031196232594523577,0.05018349821035618,0.034875505386106356,-0.04211405024201769,-0.037009376287548384,0.033340334740544576,0.1248799613129096,-0.12138075988290736,0.011238416138671938,-0.014313384183799724,-0.038971155644122714,-0.07010644849651297,0.01395989138801073,-0.1581805599190848,0.054937408860662895,-0.035569198819302573,0.1038711807357416,-0.03220874102299966,-0.00043868135112447955,0.02240316760065932,0.08095584390087643,0.022530800571946254,0.002381910757535738,0.1375186192569912,-0.031805396629654745,0.007084102598426583,-0.07674720026347578,0.0612958991393012,0.060665941561645405,-0.020663937875098806,0.06965816304616167,0.030192876889440494,0.08873346519173748,-0.10659438912449289,-0.07544599624905513,-0.10498437786657851,-0.003451597099449036,-0.02296301018643177,-0.0022642404671954506,-0.059777125702560746,-0.058959937841508124,0.02105234010263111,0.01694800415595909,0.0556164113809176,0.019012075350254603,0.06311294005174152,0.04929322666099095,-0.05986254172300925,0.05061691304090441,1.0,0.06958947858234045,0.03994682937863865,0.15282133096841719,0.03771765676531819,0.04087336114981272,0.13007140289260682,0.011558434433478239,-0.02478418991694675,0.039077621375032366,0.07431717485868493,0.08971814846589156,0.04969855295523341,0.039272160000897095,0.03060899044202502,0.0651215814241433,0.05725543888887587,0.05861933289270813,0.031434963224093594,0.010331100004536199,0.047600041518408055,0.036845068475257314,0.11203172535485795,0.015029509496596536,-0.012126449432011596,0.0865500844732707,0.04847257767668503,0.07794336630811692,0.06352231377554651,0.07622851770694902,-0.014016204399089125,-0.07285122156030052,-0.02698460636178878,-0.05893138174566101,-0.05359987948680386,-0.04306814800558178
Arthritis,0.156042857034029,0.07406229700478276,-0.001389483113321637,0.08396061886537035,0.05802422214705577,-0.0028664167001444005,-0.005664521130507517,-0.004586812076517535,-0.03927808345329927,0.07557253269567694,-0.10225618772345722,0.07664919003355902,-0.020729091281799245,0.02256542317654132,-0.02603914569532593,0.10500390138758452,-0.17111526190320447,-0.021000199134036328,-0.02345546337150364,0.006118540015943682,0.06574052731852127,0.09022844736494058,-0.0031196564658346514,-0.11966658040455232,0.043815694542584896,0.08093331940422122,-0.0440018936005967,0.07557498458639532,-0.13264805955142758,0.09502338759402801,-0.022052968416743878,-0.0016143634575225359,-0.09312439770125508,-0.01992278279155642,-0.21333544884258834,-0.056709135991135244,-0.08589183614373751,0.06208357660285374,-0.16965045058630224,0.01894619170116918,-0.01528987867134569,0.09252909436382706,0.004364611842720897,0.1504803081728843,0.05275318659843032,-0.03154147674663246,0.08518280846711249,-0.06649983442130235,-0.05299468400704781,-0.08099834569851708,0.038471335014733786,-0.07479822715252189,-0.04405059827020322,-0.0019666576152365636,-0.001501524883844128,-0.017354871386058835,-0.0874409979672501,-0.0076999363818932715,-0.027483789866755714,-0.047309101583019375,0.015798481312823215,-0.030535239635415358,0.007531333823499423,-0.04952591411145718,0.05807477479194544,-0.04217098156640161,0.010939313903850325,0.05373258025969277,0.1890489396199302,0.05934843992681231,-0.051979744672407076,-0.08105306839228944,0.06958947858234045,1.0,0.054578210023897504,0.17321328645039388,0.12693867485546426,0.07278737562066322,0.03740011043192787,0.09717949725032908,-0.027670764439505516,0.09395030602371215,0.07713111259703127,0.10476469066700349,0.04822223716643478,0.0896768426854846,0.14412884278520682,0.05879028304973238,0.07685326781027495,0.06219313174825599,0.019401794408555374,0.14061883221605145,0.10228377611804673,0.020026964177859704,0.07768325586969317,0.004173753569390954,0.0015708128252234868,0.11728691317442919,0.12761430044485486,0.15116245048911048,-0.027801799013602004,0.10713072549898643,0.05617766756211936,-0.06806146512228889,-0.06462611852023,-0.037100017200267454,0.014174918760271098,-0.019114375624308795
Cancer,0.17776341949754496,0.11464547961965368,-0.02510308855806635,0.043127236317602104,0.02154243841724636,-0.04848617286502701,-0.06358663895342719,-0.09050540849097244,0.01623502637523346,0.028592899013566243,-0.04049231040307983,-0.022777771245571184,-0.06781344645980175,0.05165037277204779,-0.019072280590716466,0.1615369925438331,0.20122970419904393,0.08360451387758228,0.0011007596032695675,-0.002089924519713044,0.0467877684958617,0.09197279513133426,0.10791021405937315,0.13434813342013616,0.04293949915179431,-0.026619214495794914,-0.007809548061343731,-0.015284432093066727,-0.02543548175905842,0.1019411670932852,-0.2604560592901531,0.042305318060206175,-0.02822709786644487,-0.019630077721093916,-0.19203338674068995,0.05068454972601743,-0.30243883811473393,-0.08615962742675153,-0.12328426115300012,0.16119882313461648,-0.04406717103495532,-0.038300289722783404,0.018896962811314897,-0.00496580182457417,0.048120845488740405,-0.043004246636057744,0.08046814698173625,0.0032853733448538615,0.07964830527771216,0.12696638792938225,0.0393138792956583,0.0425555706732078,-0.16587720276939952,-0.0609456441222243,0.04405509856586998,0.038683801073474015,-0.02803240220763823,-0.027298402133773707,-0.07149055173619821,0.0631346593822429,0.02616218495372011,0.00449288305055615,0.019716311856043,0.04488434535129249,0.06645762165866063,0.008490716059543187,0.060436598372921424,0.12557376354742877,0.07683728705754514,0.01166489973136159,-0.015190804754322149,-0.00024514341017870374,0.03994682937863865,0.054578210023897504,1.0,0.12382302074412424,0.008576839920692005,-0.016846511043248778,0.028057562393562618,-0.02832441188539603,-0.0298559985711512,-0.0007163937059846143,0.03101659175031254,0.23274995443669363,0.006254715464195068,-0.031416377520930024,-0.0018991960336075787,0.10655926166696343,0.03688414847061464,0.07967594345842732,0.013037296205337105,-0.08426237932121589,0.034122994695539845,0.05360375270010821,0.029955776641229732,-0.001396338279397877,0.022765118364125644,0.02965572445921478,0.02402125017278896,0.08683352684356013,0.08753713014378854,0.08539128116635368,-0.11351961141019287,-0.02014651984572585,0.09279051038304237,0.005220631769131586,-0.06399495355556724,0.012301842361912015
Cataracts (1+ eyes),0.07476184308331855,0.200949962452528,-0.03093861814421277,0.06194219173406875,0.15657684686479972,-0.13596215917849983,-0.10885225070826715,-0.096944002686886,-0.012446708515659075,0.06502625610515922,-0.07123545238300051,0.03963404486610402,-0.06907768551559833,0.06199029877437096,-0.07124032663674049,0.21496196613802726,0.04603561733079641,0.06379760040135594,-0.05138487338617793,0.04804530850708266,0.12681131940138002,0.2589058337981231,0.08102404801947515,-0.01788594265558796,0.10884435723003207,0.08546458233373763,0.04778377241270113,-0.05036855883296921,-0.021543922713153526,0.2848244922945907,-0.2528363939761805,0.06987785135663664,-0.1087028484208183,-0.013353624720584744,-0.2364094276850194,-0.000376896074797357,-0.25269919360002013,0.06663100318734416,-0.16081417878649892,0.2165158126132514,-0.049172399709301734,0.027906312658043327,0.045958235515754065,0.16058631655043376,0.06581798149734279,0.0017202027216452276,0.21244176339604215,0.002319008453530238,0.026026224804268926,-0.10526518807532842,0.019516302355831436,0.0772866236444606,-0.11255107982977154,0.02651403032968388,0.062105626276790164,0.11529906131095886,-0.18400160767521953,-0.15075925220169664,-0.20419623106410398,-0.003686152002707204,-0.014015375632605308,-0.03310883778119369,-0.043773232837213946,-0.05260264567731146,0.050710195283858644,0.02758432589633188,0.10544072874549977,0.10047130018165532,0.20108221532643808,0.06624989861595086,-0.09981707254715066,0.05793678011556347,0.15282133096841719,0.17321328645039388,0.12382302074412424,1.0,0.07817877751693485,0.08548865786388175,0.1386684322074565,0.07423537266254626,-0.03579307558595142,0.15775508054649226,0.13536010983623606,0.1678999303458622,0.12922101558950916,0.13420715515690543,0.1678365310979698,0.13547614329707564,0.09927069487715122,0.08522654559781873,0.033747920341662324,0.048425253557197706,0.12987574672613106,0.13025237785757965,0.08441390507611944,0.010374440150045917,0.04991569295146679,0.12565866668567854,0.19387574278560593,0.15997983851089703,0.09609572351840345,0.15420755507050724,-0.028662789562248287,-0.14707551315914563,-0.04963085709784244,-0.07831120816664361,-0.09145462579673594,-0.05784604245701502
Chronic pullmonary problems,0.04226609780709939,0.005016029515142417,0.018847148534401798,0.009680493451733588,0.00720754920774967,0.015796532231069485,-0.07862240767632542,0.00033818766713909125,-0.007566940572694505,-0.012738342644253272,-0.08558630379466763,0.058347873089380435,-0.034887174082329775,0.05278558005425748,0.029756466590428958,0.004871817988815418,-0.13206083155717474,-0.09907540613058424,-0.026552838088426883,-0.006104053163575758,0.01903449261051574,0.053217937164630295,-0.005922477464254945,-0.07909005686211025,-0.02611748844514958,0.041954055387881245,-0.01814408178371865,0.0445150946853725,-0.106914834919752,0.0688924107765692,0.0986930586552504,-0.02058473946773086,0.010163017503496975,-0.029646710192592924,-0.0997882460225438,-0.025005843119525473,0.04305797510894087,0.04930102021004657,-0.07417242738422578,0.010524700855027448,-0.03148208997200348,0.00851962606456453,-0.0030190535442174205,0.1199727264139041,0.0129050780723317,0.04312407396220992,0.09445672960199335,-0.0018567860109504634,-0.05854497570397144,0.0021686461411519935,0.026601356243943077,-0.011412773027332658,-0.007649023225748094,0.05653429245727738,-0.033228459799688755,-0.03715925658588938,-0.017497152496350327,-0.0482777562675503,-0.013808154403047187,-0.026594173557075967,0.02060818363764214,0.03175556603545573,0.007445159955734329,0.02402971306743927,-0.05408122475178876,0.007897281790952062,0.07259186983290733,0.16501084140191102,0.18079053858397082,0.02665061607469031,-0.07104753433573338,-0.019386276947061246,0.03771765676531819,0.12693867485546426,0.008576839920692005,0.07817877751693485,1.0,0.08644162977360888,0.012915399152384354,0.05392738504536185,-0.017485068581873604,0.05861193163016168,0.01833847255807154,0.04806204149844602,0.030770934519038836,0.005056561992218848,0.08115005122372161,0.04230624396321918,0.08099037517797249,0.030224446610207494,0.00949050318514536,0.05730981047267462,0.06652312920710543,0.03718885081993201,0.06431482806828777,-0.015356402178724806,0.007793562969716138,0.06859229003656332,0.020722082660795983,0.07776045530598934,0.04436512672128438,0.03295976575972512,0.01475778245014747,-0.07674268155328731,0.0037981777555647295,-0.007887627278749488,0.030700183539589126,0.016290103760754248
Circulation problems,0.03754251604099967,0.042140251514884645,0.024823545013629086,-0.00576442748865973,0.07170291833475545,0.009223538012414025,-0.052524634640182664,-0.006160025075582643,-0.008530123205586994,0.03599957992799721,-0.008747218448829744,0.03652832148870929,0.03341117626125054,0.03203644763249001,-0.006749512387688956,0.01908411594923646,-0.11066831574117536,-0.061082690437482295,-0.007612135166879047,0.008035570233418356,0.07436940695244144,0.11852100390357792,-0.022386910820374837,-0.06859089338937825,0.044154424781489524,0.09650207704910369,-0.02057356473371568,-0.03842053978718879,-0.034350778001908486,0.16405742711077143,0.03780822711511148,0.032853335028625266,-0.04531945896848315,0.015419202737618137,-0.05579435476047065,0.02972760253728832,0.012363735995037553,0.03264843740155634,-0.026074533151627097,0.03424190480833095,0.021263194716711953,0.023474436779342918,-0.03324354342481126,0.02280664221108837,-0.028662552749975673,0.021700472809869933,0.05833396305763884,-0.017733094511280183,-0.032833354767481816,-0.08385294789494349,0.02127285835033358,0.011347571440386268,0.006687631413308604,0.04756474589736798,-0.04285264633979768,0.015704177653432325,-0.03074497015390059,-0.034699569417210405,-0.025439116108401424,-0.008431065328887802,-0.007721790467458828,0.008756453936597039,-0.009218461113346198,-0.03466500855808355,-0.017374184374413775,0.021091808958472347,0.023320645972996223,0.06666014946584205,0.07813892753409371,0.021552744548562472,-0.09517346187467776,0.009535122351879859,0.04087336114981272,0.07278737562066322,-0.016846511043248778,0.08548865786388175,0.08644162977360888,1.0,0.009053977269222802,0.067807112724993,0.02172721584440199,0.0453352716999592,0.024118397330887602,0.027569167000589184,0.04664603570729357,0.0387040266031298,0.0531478313929035,0.06346617155575968,0.0921419814216669,0.032164069327003934,0.010933595143431715,0.06884325462513366,0.017300783148900958,0.025503833504253975,0.05345988597066679,0.008553143559111968,0.016848512796730053,0.13630597438286066,0.053718559752499645,0.06954340877703111,0.045122932962314316,0.021567096499432593,-0.0008154760445158354,-0.05852276397742898,-0.05887872030101571,-0.008283038936651626,0.007681847688358109,-0.05367384283621083
Diabetic retinopathy (1+),0.05498552699986476,0.15440243246936802,0.0006440791387495577,0.12819908254060378,0.19838066732981224,-0.06138105287970217,0.06006750423255892,-0.019832540728201415,-0.07276141011040135,0.060142637306677744,-0.10010115938003829,0.06826479272140154,-0.014704069820587204,0.026019807110255457,-0.11095262052164129,0.12391407433019598,-0.07633511667868703,0.05690355888600891,-0.06557106814697623,-0.06403538512510472,0.1326681007159927,0.1827938868402919,0.03242255125122903,-0.06316484611050795,0.10730169830526498,0.12165115627741926,0.04660742287149676,-0.05192660793690988,0.02401780168756384,0.19290317283556097,-0.05763365396889713,0.09944302817347918,-0.13065819224622816,0.015492472407798158,-0.08988279239639725,0.01651337385765945,-0.05469028058897884,0.07926787743782647,-0.17768288371027413,0.22692117936228534,-0.030213827805411618,0.08775298823037718,0.041224070861544004,0.15942725052851991,-0.021608230340086527,0.05329314603187314,0.1351234334563581,0.07027225854936016,0.05212064772689664,-0.14768661396507043,0.006886070495241854,0.04400615456516085,-0.07847832716478793,0.07809836690055977,0.0974255394372913,0.11932000739909764,-0.21786860820142165,-0.11510982832548489,-0.2711569158589362,-0.08098133842815039,-0.011471395907164934,-0.025071511013302624,-0.10256253157560351,-0.07722130584815394,0.16972645402955597,-0.014020581682172637,0.06412492397550855,-0.045880466515865345,0.11380699049431718,0.03777861497287359,-0.08194950088767095,0.043097778792242115,0.13007140289260682,0.03740011043192787,0.028057562393562618,0.1386684322074565,0.012915399152384354,0.009053977269222802,1.0,-0.01324922121443519,-0.03372752106565109,0.026877300354033365,0.12282755224388045,0.0013755222995326711,0.12351898664617451,0.0761401898582174,0.1276234964657491,0.10403548238804418,-0.0037102394139207247,0.02934137268482969,0.032515432958908616,0.05153429651140322,0.013491289491416574,0.07503138764691193,-0.01587720225200695,0.027450198595211726,0.07617691459156282,0.032990842471283685,0.19170134870915842,0.045083710559713296,0.11379295794216746,0.08497610881490238,-0.04816235127418178,-0.09012070651405817,-0.09598312804226337,-0.048467487206443886,-0.13734570360305565,-0.06543619715338028
Digestive problems,0.08726098651586042,0.005085688743147204,0.021973630152748256,0.025759876844187773,0.002660439270554819,-0.03562087333275637,-0.06020856016188736,-0.057153348292241994,0.017668560225330705,0.059317778398977075,0.026492080846744006,0.04557113037981913,0.021043185485894043,0.017822801550036224,-0.09309837600907409,0.10174102633383585,-0.042941271321442716,-0.007401685654340936,0.06018878997969379,0.11102144591054128,0.10925409225041266,0.05046690858154034,-0.09688203700758163,0.014506633843391499,0.0076710261399780145,0.04545680510312686,-0.11587049451549242,0.09267350857289769,-0.07683819431330333,0.11601398811284541,-0.03396943767752507,-0.07042838277114938,-0.024825500936390407,0.02616875815012675,0.008042529718210756,-0.04272212421023139,-0.021852031474918175,0.026764840682443038,0.07676777086734796,0.008522366054692681,-0.011520983178165349,0.05355765090006212,0.03760241129783577,-0.009754870273186193,-0.03260470874779661,-0.03746129555095097,0.015692574591264212,-0.07284627509392606,-0.11357035219458066,-0.02387427368614894,0.07206044031385465,-0.10024348599803293,0.007198335721399206,-0.015487464540248585,-0.11370862324866836,-0.000741768209414397,0.008703383841444517,0.04137139951943029,0.05836155926888488,-0.017810906538636085,0.005559361240977098,0.0005665077590112178,0.06828737534977551,-0.06448121446968942,-0.04352244186469593,-0.07399366608469163,0.010565665137418424,0.01320030581659223,0.018971570551136963,0.09127034216511419,0.017023964947764633,0.02428423993416108,0.011558434433478239,0.09717949725032908,-0.02832441188539603,0.07423537266254626,0.05392738504536185,0.067807112724993,-0.01324922121443519,1.0,-0.005937202413695864,0.1097971963632182,0.055788580909720775,0.06390354836771663,0.023400495495769454,0.009868994186723625,0.0015975252532268603,0.044686198339560494,0.11061156013445403,0.07470438029712999,0.004576471662323847,0.0727707586047152,0.10850566828469003,0.0240294133321648,0.10444890799172582,0.012205162753478542,0.007474645369191433,0.10042928257437708,-0.020382576944990304,0.17471383431846596,-0.10017854684903608,0.09818481503734848,0.07540738327953721,-0.003773438304663071,-0.06976141967002525,0.007280020145119484,0.01476027778931888,-0.01196776365462177
Marijuana user,-0.11985666310753168,-0.07655590016334504,0.0034403327015857365,-0.10285957249254045,-0.04294830347225232,-0.058450187461176785,-0.08042538246236296,-0.04204584450217332,0.013832207557544204,-0.02863551260494764,0.062246248328197,0.014452020753045558,-0.030644620946414063,-0.010683685311837726,0.01590467030486682,0.000952997508748591,0.004776060321393887,-0.023289925664218888,-0.036414811063613044,-0.10390954433547422,-0.04848655759591061,0.06107916936865057,0.06795384678529251,-0.021853235414760072,-0.04521692370341584,-0.052197871518333244,-0.019292735403353068,0.0724477907691129,-0.0056413526431861195,-0.04091954882014248,-0.06819419928589428,-0.061481013269348406,0.09514671804490964,-0.0441878377392553,-0.019326678459099567,0.011479636423232426,-0.0841180263515575,-0.036399259183599306,0.11506844590308099,-0.015516900916837394,0.002663923789076021,-0.04626731579711691,-0.010723349476166474,-0.03897856142647422,0.08952930698539237,-0.01716528296727873,-0.05152869871955615,-0.05937609331406172,-0.009955607375319322,0.056894790511550344,0.015617079546324103,-0.047249605256867534,0.025476656006622644,-0.027557636317362817,-0.03152169829597492,-0.05379022696371931,0.0947619409055975,0.06608248367417989,0.06057998400589933,0.025594370008637346,0.021692742477867615,0.036015913616193156,0.05909976460382742,0.032194256101635614,-0.05152746591863305,0.04485572725142993,0.017885162309221537,-0.027112994859666943,-0.028463493730812753,-0.02169155723386879,-0.0041884553367348126,0.044397786779428634,-0.02478418991694675,-0.027670764439505516,-0.0298559985711512,-0.03579307558595142,-0.017485068581873604,0.02172721584440199,-0.03372752106565109,-0.005937202413695864,1.0,-0.001514888702565242,-0.025780858983025866,-0.009448335241497118,-0.028405539900702166,-0.052939233889516414,-0.06384290807108074,-0.06094913542264419,0.04092786560888084,-0.01581740314506524,-0.008138197407246087,-0.02440757949196681,-0.03481179763138747,0.029721997005275645,0.023038692267279632,-0.009367328476146674,-0.016933883206099717,-0.0331172599690932,-0.08471964694435631,-0.019156713112037,-0.031192898067103184,-0.03305150033743758,0.1372712936350358,-0.08674084444106923,-0.009155189841648667,0.013451745204473554,0.0016271235484126658,0.00011882641129314816
Dry eye (1+),0.03996390391970348,0.007936232209060617,0.013097561136438665,0.06986840472374156,0.02204102170723302,-0.022628838560137254,-0.05892846029876344,-0.0130994254221036,0.05971307444809158,0.040401802210037266,-0.021502724674162605,0.012787028710859849,0.0006009555932647983,0.021115428527876217,0.03594524691008381,0.061011039672511,0.033593435248557915,-0.007018448117390213,-0.038668429126321416,0.11817404096630163,0.0915023867716559,0.000796130015502915,0.036194948001453904,-0.020701773139485978,-0.08289794433869341,0.035219439947112165,0.03345405872057455,0.06951874047231987,-0.05472911646830979,0.061697934689890675,-0.033432291787541556,-0.09389121570398329,0.06712421095149575,-0.04453111162493118,0.008042697018764746,-0.054816095205365234,-0.04556195066557503,0.1153022651366518,0.01412533864651401,0.05921723217445886,-0.0183753112707122,-0.028054071532640567,0.020052615154525024,0.061199636930478474,0.08808695635412023,-0.04024330529182466,0.13431183383221754,-0.04326125525036123,-0.051233907883650724,0.034290099733286256,-0.002646763004362551,0.03331242410933385,0.028209071724387143,0.04320460958360081,0.00407899242985327,-0.017154189521942857,0.003015576348510927,-0.0147917440714836,-0.005020343038439982,-0.032397863170009776,0.045952031491054264,0.04710455656289305,0.0026764888397162426,-0.03772762748622846,-0.004686350297326108,-0.0787672715065781,0.039736840635889795,0.03296192669433303,0.14388954523885467,0.0445254949760662,-0.027303148945465434,0.03251607063033757,0.039077621375032366,0.09395030602371215,-0.0007163937059846143,0.15775508054649226,0.05861193163016168,0.0453352716999592,0.026877300354033365,0.1097971963632182,-0.001514888702565242,1.0,0.09372056337099387,0.05218510222635306,0.037276512637082995,0.07256759106060404,0.025816223267353278,-0.006036044113113969,0.10311493125826406,0.0489923680724899,-0.015388163776552046,0.035772139637550014,0.11225540987076194,0.05105026596445693,0.06530470604542599,-0.02578954059189524,0.01766205494550204,0.09139399325234515,0.05363299662767756,0.10946411431309529,0.01998073951440558,0.0579867981576375,0.07524736072253733,-0.13325958023523796,-0.030573987777522474,0.04185392282498759,0.029455181719786012,0.005701183261371795
Glaucoma (1+),0.05443627756166135,0.06716060526191749,-0.015004380440954264,0.07638286738834658,0.04720336281239542,-0.0513702072768651,-0.00611046298063447,-0.061246712369473995,0.011851366528038943,0.04738298848184937,-0.045706602685647676,0.04054453478810897,-0.008387615093474481,0.032542681144861405,-0.09388278331989765,0.14251585431790362,-0.04717152139790893,0.017055635830355853,-0.05712847288583635,-0.027644209523199837,0.09771308410280126,0.09069893033616735,0.01796227137611613,-0.029460674245549257,0.03581526149747602,0.06623674943498134,0.026446766070691123,0.02439357898367498,-0.019755300021286892,0.08492879084693082,-0.029361840671969498,0.014321703653470297,0.0031509592111762345,-0.037140922825171195,-0.014226332639266875,-0.03591249858560035,-0.031209174840970286,0.059780299898186604,-0.06721850564416929,0.14417326913467401,-0.029728132842050496,0.045927605211213716,0.06272045083425855,0.11361431746460979,0.03803438646442364,0.009686971205470848,0.11325404453168321,0.008112587859604382,0.023713664927769135,-0.05566041299903232,0.014228222985250626,0.036594199431908385,-0.004806615631223134,0.06010009420673948,0.061517421503076035,0.058762598768372344,-0.11760700526592603,-0.11195393704068984,-0.1269088725099729,-0.06656063347879389,0.00020835289090893723,-0.0035922668825269922,-0.06856861773276192,-0.0794693893472538,0.06719246736600287,-0.019644218514238275,0.06493793061157065,-0.016212318190086082,0.12811139584144066,0.041189932381840204,-0.06439526767062215,0.016200521703207474,0.07431717485868493,0.07713111259703127,0.03101659175031254,0.13536010983623606,0.01833847255807154,0.024118397330887602,0.12282755224388045,0.055788580909720775,-0.025780858983025866,0.09372056337099387,1.0,-0.003918182796956347,0.052702966977440736,0.03878006711660713,0.07839247632156539,0.03312493299346217,0.056705803780647095,0.02997663049773508,0.016179383476872086,0.017518103152642187,0.09035450449450907,0.012958316594991508,0.050345305695356946,-0.007886667359832226,0.02362616326304393,0.033702827077967824,0.09351954348204294,0.06552279218970869,0.08109319508062453,0.06963349239495331,0.0005415148397023907,-0.11226338142844454,-0.05583475289892604,-0.04132383010203446,-0.05463438014044605,-0.030792968875218187
Hearing impairment,0.10665317404708191,0.1046899313437544,-0.02631257392666807,0.007520912474078417,0.03110837123895641,-0.10937690653450394,-0.15604505540510585,-0.12233815412730456,0.018516287002718946,0.07763817948841162,-0.05086126082330998,-0.007793601929574565,-0.0409202194910885,0.06753420237588242,-0.05158839810867085,0.15940374888307726,0.12618046560292326,0.07189506478362229,0.06297651116019938,-0.031950789616260654,0.051771267251700226,0.22966661506730704,0.01866850859864679,0.09756825754972617,0.10322337597646608,-0.03273966674978472,-0.11743503424591979,0.005746660129353347,-0.13628611221712372,0.23506327961692203,-0.2944043625701732,0.04370155197190857,-0.12561888504155932,0.004695051250581376,-0.2373417633503171,0.04622616151246519,-0.3363804882741547,-0.06288132995105543,-0.10037654580756802,0.1269543811534081,-0.037958338562170076,-0.00175561674201305,0.004750518084161652,0.05781157236013731,0.07668218552383266,0.003165069713115323,0.12455561782778149,-0.025351605218158543,0.029519026910852467,-0.009207872764354669,0.10746961241097687,0.04920723877985493,-0.1305902338490833,-0.060132233645501784,0.02484686849958853,0.02858678373122598,-0.09278249236347987,-0.0622990101794747,-0.10300027738684496,0.03918101357124381,-0.027880436537157688,-0.05829732511916937,0.01143316982930018,-0.0173705752660071,-0.012497809159268961,0.05353182349144523,0.17037536870643172,0.2203388912815473,0.12907549058719772,0.08663805259067743,0.01307396273880018,0.018762938389707814,0.08971814846589156,0.10476469066700349,0.23274995443669363,0.1678999303458622,0.04806204149844602,0.027569167000589184,0.0013755222995326711,0.06390354836771663,-0.009448335241497118,0.05218510222635306,-0.003918182796956347,1.0,0.031778458647642546,0.021477389582689584,0.035861136843527756,0.13916533348912935,0.07864602467491659,0.14063243509061527,0.019542839909536883,-0.03111997104610035,0.08891856729488867,0.15913080798209303,0.061750052859396096,0.03948290356469062,0.019022459857210232,0.12952564432074642,0.06523465597281058,0.1962674025666795,-0.03103822501338901,0.19880060797525842,-0.01966009498543501,-0.01483747517478881,0.03954042237607859,-0.021645855237310052,-0.022505146102227605,-0.039165084322893486
Heart attack,-0.07127393334688283,0.11917925961332823,0.0515949340347674,-0.02008045250950776,0.12736619420183212,-0.11419994694088045,-0.06503545985953227,-0.037492531873441814,-0.029070800773304182,0.04390027183207708,-0.053515235321308904,0.05610294721245511,-0.06282697609172917,0.01240482590770488,-0.05391771376427156,0.06402137560816348,-0.022268889970202668,-0.008234303685052539,-0.05059675308286857,-0.010220339523307432,0.06506689063829678,0.23976560327926674,0.018250955862915773,-0.0005084115192207672,0.1324959162307776,0.059450059048997354,0.07063265448557597,-0.057586315629373976,-0.04484923926154039,0.3227105679995775,-0.07095246480212651,0.052663590675960374,-0.17249649765212863,0.051417368610659875,-0.13544642921650088,0.030235717512621788,-0.04277194205325693,0.01373878781604695,-0.1522661901114363,0.132593307564826,-0.02187242888564461,0.08169331222219847,-0.036295470397713664,0.0887166769150804,-0.00401330817955587,0.07828657086304573,0.06354190554168525,0.05865011380619718,0.04475828882595059,-0.12117871953004951,-0.0013798425782153402,0.04164350826390111,-0.07366120156296649,0.06140481870023521,0.027501605869957663,0.09078928590303849,-0.11102019802278217,-0.08235353038847616,-0.10770113994665562,-0.06902259460115152,0.02162725801293582,0.02453648542988484,0.014252572334965633,-0.017932375452659816,0.018128346294241586,0.05041519387786041,0.15166822467102556,0.1034220933651809,0.09914971349927096,0.04523912276905879,-0.049689335006716,0.057938707890466165,0.04969855295523341,0.04822223716643478,0.006254715464195068,0.12922101558950916,0.030770934519038836,0.04664603570729357,0.12351898664617451,0.023400495495769454,-0.028405539900702166,0.037276512637082995,0.052702966977440736,0.031778458647642546,1.0,0.11105086470401739,0.14642778797468547,0.18187806716432295,0.04138538398960152,0.04691805515464377,-0.0015598570807217418,0.10516485902923456,-0.03331130951219682,0.1760583272003934,-0.005540220729315369,0.06153236533768072,0.018209186609804223,0.10463674420296205,0.18360883620528098,0.08612522808510657,0.12445440029771658,0.030195284241263946,-0.039648650191306464,-0.10687485111696739,-0.06604867660819713,0.004145654218529098,-0.03128286776124408,-0.05353386491139758
High blood cholesterol,0.089612600516061,0.19654959835577823,0.12139979578717396,0.1485964278981318,0.20143035877255144,0.0037324692095778867,0.11441679396278179,0.09254123367430583,-0.013349366763262977,0.14019964841689272,-0.07879534590536358,0.005861682379956174,0.028703125458333686,0.037465239690773,0.04694551313809291,-0.031077723398087658,0.006278545622931125,0.10385165644773252,0.07028431862097152,0.1934179345131436,0.054309929620086315,0.09624863200394082,-0.024007798803399615,-0.028506201474061486,0.15190060357656296,0.09843789280762673,0.09432618624523591,-0.061183600412991465,-0.06120737849621499,0.2268226854257676,-0.06205366950685381,0.11204769336909651,-0.23045110609398894,0.13914333049261393,-0.14213743690537162,-0.022405993197191665,-0.012800985070833003,0.07918175566454028,-0.2011458095800714,0.07981411310138592,-0.0024555759912660126,0.0791707586966568,-0.0007971308470036884,0.0724071035705821,0.035641882731973884,0.049690199026064065,-0.028723723667618238,0.018458491747773243,-0.012328434019370796,-0.12788690334833971,-0.13970006952042935,0.0036639914355397875,-0.06413958755646719,0.04304679473706936,-0.0046992592920688655,0.06481465583493912,-0.10444504046771046,-0.042136931415394846,-0.03583396387396239,-0.041423037746703896,-0.007762252454430724,-0.01567038009361787,0.040296357382935175,-0.027701249528501747,0.13576755518413444,-0.005092931646546394,0.03731797126249386,-0.026848411342383815,0.10393813472146365,0.015727112520750385,-0.027238254731490868,-0.0003106575149882961,0.039272160000897095,0.0896768426854846,-0.031416377520930024,0.13420715515690543,0.005056561992218848,0.0387040266031298,0.0761401898582174,0.009868994186723625,-0.052939233889516414,0.07256759106060404,0.03878006711660713,0.021477389582689584,0.11105086470401739,1.0,0.25697720979920935,0.07717869644577394,0.013437633445852701,0.037999530720417084,0.019039787033685755,0.13150803269616554,0.01222762711634782,0.09692255679723005,0.004530561141146503,0.060996251522579155,0.05441466031084525,0.07855542428573216,0.2273647415321606,0.06953709930618243,0.058253316295522606,0.0586563638644915,-0.06445451353590699,-0.01846602810590853,-0.08246242031705443,0.03305983397466241,0.022339971010176943,-0.036472040524678645
High blood pressure,0.0900933130557952,0.24829148925931735,0.1436050565382295,0.17016282246046446,0.22058908129530122,-0.01946501691134407,0.105280119309358,0.07867292290888474,-0.05563061969600241,0.0842854185599443,-0.13817462787485116,0.062180842016631835,-0.0037782543237573334,0.016583475711664634,0.002357737833447112,0.0066038893893324915,-0.08380128854580098,0.08579012767959715,0.009642503214827944,0.1515191311370174,0.08103334166921783,0.13796876290729523,-0.07659881718289695,-0.04638838875323936,0.16185993409541138,0.10652757807094919,0.14500825747376953,-0.01984173230446486,-0.15581786188868457,0.2811507284544847,0.00838054890307948,0.1537798192919431,-0.3293548980198051,0.15011950844943037,-0.25431186378895554,-0.08209873069850618,0.05476246698882479,0.04748736621820124,-0.36101421027080755,0.14143373185961555,-0.039415083269870255,0.16902352233505724,-0.013647873900647263,0.17783275240183158,0.00300178480532343,0.10174454520376548,0.05725648848404278,0.044688935906635176,0.016976708873335352,-0.13924009846077878,-0.09695301485178297,-0.002865901636720606,-0.12474892272660212,0.06477112482603847,0.04186777738985058,0.09437967606223165,-0.19984792781150879,-0.10549920770825572,-0.15536824028071466,-0.08512329503495257,-0.0102726729994999,-0.041203444709786395,-0.009800410531931156,-0.04403940603949108,0.13528112994338748,0.012157321954663418,0.1299081565485579,0.10481897590244899,0.2545616733943148,0.020918356881433137,-0.06646386520113037,-0.0006000370213797389,0.03060899044202502,0.14412884278520682,-0.0018991960336075787,0.1678365310979698,0.08115005122372161,0.0531478313929035,0.1276234964657491,0.0015975252532268603,-0.06384290807108074,0.025816223267353278,0.07839247632156539,0.035861136843527756,0.14642778797468547,0.25697720979920935,1.0,0.13473600538948097,0.0316848356321243,0.056993253941025133,0.022634409411787074,0.18514231164693093,-0.00993243886256815,0.12670598650302617,0.006555658386364492,0.0344605414213689,0.030913392351979662,0.08662760765146117,0.3393241044977995,0.10137539674277396,0.10664715529965312,0.08347972131629254,-0.10451932388885404,-0.03310351361021222,-0.07395303803587641,0.02259673087754311,-0.05714743662931325,0.0016878250869698432
Kidney problems,0.0849915463464122,0.22000186312068784,0.07023665672101906,0.09059596759203167,0.16485877336639876,-0.07960195360842579,-0.01669325761314492,-0.04121318424868852,-0.07597775849875366,0.08086497098234544,-0.07960750237210963,0.037157274553256736,-0.0034094344213206336,0.058108807650376466,-0.12083209749040213,0.12349170241116224,-0.07375607336133123,0.046837731797959435,-0.019617136990472458,-0.03592355869600011,0.11988853501919385,0.27171848637742246,-0.047810601097851436,-0.01475674991966849,0.17757662325504547,0.08136089384756473,-0.05861757762795488,-0.09793435979534555,-0.022664165912183353,0.3668985490941369,-0.104042181862748,0.11467638456500542,-0.2254090133777829,0.09124347293186261,-0.17379481560843552,0.04247902609466879,-0.10385197396670888,-0.0027046522206749324,-0.178368495014152,0.18769765371172015,-0.004305277998370651,0.10278128416598345,-0.022424208059772445,0.07552597192623473,-0.02348853292594097,0.04506129826836847,0.08318913100370864,-0.0008368216836338854,0.042795675925600976,-0.14419088054540508,0.0711882245674913,0.07396753206019792,-0.12181308542000638,0.03367122624969569,-0.010273449217567421,0.11999810219926751,-0.1465914466775703,-0.10875420359583675,-0.15422077336630258,-0.06717732649417013,-0.0019522134591638464,-0.052841613823877476,-0.018069852343015894,-0.03711140449572917,0.12798028559188507,0.03159187099340831,0.12225123948652852,0.0943568027968314,0.15560373943165548,0.06519864587933624,-0.01984586276274706,0.05589254131346068,0.0651215814241433,0.05879028304973238,0.10655926166696343,0.13547614329707564,0.04230624396321918,0.06346617155575968,0.10403548238804418,0.044686198339560494,-0.06094913542264419,-0.006036044113113969,0.03312493299346217,0.13916533348912935,0.18187806716432295,0.07717869644577394,0.13473600538948097,1.0,0.03764528960473555,0.08932569711907744,0.046277089762646176,0.0587073605427104,0.01631344009890639,0.15105467985670443,-0.019205162186073436,0.05745492937065968,0.025295376503164015,0.10144976344967807,0.17297478597543414,0.1315674408589386,0.08241546552775587,0.12610295850475886,-0.06410632316317665,-0.06670478458209837,-0.08205933729010596,-0.021755230092607703,-0.05732367130881505,-0.07660361718642042
Low blood pressure,0.013831403795857202,-0.015266109916001113,-0.02141502428097335,-0.03105671151760827,-0.010353331682140858,-0.06737347410507259,-0.1476698942276148,-0.07762561436591586,0.026082076124660184,0.042277570787414655,0.005765797100413396,0.01628823948825299,-0.051178804246553106,0.02010800465642963,-0.017984459545332957,0.10020263058429751,0.026296819460242576,-0.04938570813922124,-0.058307381584177205,0.06161874807362382,0.04655732651544669,0.07430784590904065,0.018295132227018136,0.007643189927585532,-0.022243725060541196,0.015981850865686587,-0.003767692986394822,0.00595936090493435,-0.023987441227102273,0.13300756714032497,-0.075813275170362,-0.05202313963969386,0.03483851906959025,-0.02751794139594489,-0.05536746346838274,0.0004973161721494696,-0.08949589469159898,0.01944319753840271,0.02450212540843061,0.04324085479763804,-0.03239632102490996,-0.010042542719813568,0.004304041688508629,0.019018380697356212,0.022107523277897494,-0.028184436867705602,0.11802394501670604,-0.07017394964315724,-0.04598159318501295,0.061473628842853394,0.022476504035973306,0.0023993644332961543,-0.012091194386088982,0.0032057542556929927,-0.013454893238044508,0.0048748067846380565,0.04159799282518471,-0.0007828675665739707,0.019372312637432474,0.015715109567252094,0.051211410849984096,0.04580661013102502,0.04676832688684688,0.017602974117490112,-0.10036652849385044,0.0314115700106013,0.0810232189452419,0.12413527922677522,0.09013305269094725,0.049288707777449814,-0.02802071606525894,0.06890768624026987,0.05725543888887587,0.07685326781027495,0.03688414847061464,0.09927069487715122,0.08099037517797249,0.0921419814216669,-0.0037102394139207247,0.11061156013445403,0.04092786560888084,0.10311493125826406,0.056705803780647095,0.07864602467491659,0.04138538398960152,0.013437633445852701,0.0316848356321243,0.03764528960473555,1.0,0.09020095457402715,0.02010376569447849,0.0553403763966071,0.0737243298326896,0.04043629502518443,0.13333394026378237,0.004563515380768507,0.04198975992931215,0.1102719457800219,-0.016246047530452723,0.12590905904460645,0.04797910355208211,0.047656512694742775,0.03552482875745348,-0.09726141891323901,-0.007936467266211823,0.019787116302157872,0.018667782759629895,0.01401727926014584
Mild cognitive impairmen,0.016104167076196343,0.049568914682347025,-0.0364828444158021,-0.005104245483276906,0.0255368367683513,-0.08512486247938623,-0.10315611172403386,-0.08831089242574029,-0.009801341607103343,0.03459518702816411,-0.027040088080507656,0.010260708735572322,-0.03145712418863109,0.04272107760233149,-0.06363598827891433,0.10970326566492224,0.02531308450689518,0.030495646742526996,0.011325771543073807,-0.002159054293459537,0.04186478779203343,0.14320880582780895,-0.01051520165959793,0.02009333905379139,0.06947004140287032,0.011384388161744606,-0.06420536328174854,0.003937601684180504,-0.038064565358291655,0.1818184725255403,-0.12962910347060366,0.02456014892370975,-0.06297930648420978,0.02234920622252446,-0.0708707342969849,0.0037954195514057036,-0.14156897980991723,0.0299262485044989,-0.009096764637291043,0.06108684832545095,-0.002403827085092522,0.008261975242341204,0.0013325812162805633,0.04153432003613317,0.03316751321811848,-0.02026823122456038,0.12687642485847783,0.00029189618148789425,0.02491334913836153,-0.08012094827759605,0.052056434956427464,0.0349885763530532,-0.03663644720376372,-0.008580238201439279,0.0025560049202051167,0.06896404214392952,-0.07837530283908468,-0.044473614505436104,-0.05741584139669705,0.010272022333019637,-0.007988323291013203,-0.046759542393563114,-0.014065587217184013,-0.0342093427376504,-0.015606635132043646,0.04073508555112582,0.06767696584818406,0.07408476098967008,0.05802366058571248,0.08058811729092495,-0.0016289641589280908,0.022444170696040447,0.05861933289270813,0.06219313174825599,0.07967594345842732,0.08522654559781873,0.030224446610207494,0.032164069327003934,0.02934137268482969,0.07470438029712999,-0.01581740314506524,0.0489923680724899,0.02997663049773508,0.14063243509061527,0.04691805515464377,0.037999530720417084,0.056993253941025133,0.08932569711907744,0.09020095457402715,1.0,0.009171364669989591,-0.012779000837503454,0.07133444318540644,0.10261052621048468,0.09505700579795531,0.04442013102914351,0.013360257304806233,0.1126036917194528,0.04893891436933039,0.14490997686070156,-0.008048209691169251,0.2037581243561709,-0.005617027639651086,-0.03547120768135152,-0.04543471302679432,-0.024854754302681036,-0.045788906741492226,-0.02207824966371862
Multiple sclerosis,0.02428141992699062,0.0512357964110394,-0.010320036027370362,0.019171922074666232,0.02321006725095122,0.0012810253411368157,0.012293217021353001,-0.004403726271448822,-0.02394533000073109,0.0060255313609062985,-0.03827341733282878,0.0101954280766042,0.016204658049588313,0.032907283501323804,-0.0033590864888028375,0.01834723553953312,-0.030288798425980725,0.03315979800732378,0.006155274494362752,-0.03694495805648166,-0.003627723359496673,0.04567510650557585,-0.01824618175368563,-0.007752286568193675,0.04334362852306899,0.03433233024238988,-0.023308917043083775,0.004024189185896334,-0.013634562193382384,0.04144457272142958,-0.003285985513858291,0.041681077606204174,-0.018574851694011168,0.004561931314168816,-0.005290152072819339,0.0016481379768450446,-0.0048442038023693125,0.022433323272941758,-0.016788671421334455,0.022226328232897764,0.027083284738593234,0.03256418218228062,0.0007713075329500753,0.04968058648217351,-0.005216750317551406,0.013105017264936477,0.044511730837498646,0.015575709525654922,0.049072235792047614,-0.06975486755607539,0.019136218601849733,0.01739006996585337,-0.007780995374681996,0.024931179674941156,0.017805080777269708,0.044946682513922226,-0.07942879570430059,-0.048066726080188985,-0.0794514646280016,-0.030603942602510512,-0.04192254780768908,-0.10860917016976028,-0.04861074277979239,-0.010111938216498306,0.04923791336554849,-0.0032790126799752905,0.01503837937775271,0.008272964197410188,0.042827622605156206,-0.0018684787832636343,0.004673332936607527,0.0012028523940872836,0.031434963224093594,0.019401794408555374,0.013037296205337105,0.033747920341662324,0.00949050318514536,0.010933595143431715,0.032515432958908616,0.004576471662323847,-0.008138197407246087,-0.015388163776552046,0.016179383476872086,0.019542839909536883,-0.0015598570807217418,0.019039787033685755,0.022634409411787074,0.046277089762646176,0.02010376569447849,0.009171364669989591,1.0,0.022583715305703373,0.025844349577448418,0.009232699460833141,-0.0048534507278981285,0.029926447051513146,0.05107740480921434,0.025329015529990284,0.02772599069500227,0.010441510718242944,0.022385377612818294,0.045215198816947834,-0.028950250678929913,-0.002226604413341228,0.0017834397128640876,-0.027262693946077183,-0.02468094797115884,-0.01576623008168089
Obesity,0.16735911513819668,0.14115376124066722,0.14394888586879795,0.1840865716231998,0.12096936411599621,0.059770254070457496,0.19210838379501674,0.11624024480398458,-0.08892823405252133,0.125875375826787,-0.09659404090731138,0.08399846090486221,0.07138009467925331,-0.020772730210070003,-0.07648900672294894,-0.009236603541268127,-0.27329428968617947,-0.008710132850994498,0.01998721757186195,0.02344264107913201,0.07659951234125957,0.06690285154115097,-0.09756523604962761,-0.14784176597866572,0.11497674414776379,0.11623515776983527,-0.017579350741129592,0.021901447306622735,-0.12614307280019155,0.12810780426418852,0.1126369678986814,0.04652763252602945,-0.21402581207644336,0.11044533330793123,-0.15321922996965534,-0.0965126130564518,0.0946197321988334,-0.0025814023506363147,-0.23597810218349827,0.046367052453157726,0.01691965538095893,0.15371515880796385,-0.06272193556721545,0.06042480392793686,-0.05955644511745883,0.0036183320902743793,-0.06699794681383495,-0.02923737080606059,-0.14260936445290162,-0.1116657211130224,-0.06358279463841264,-0.14935517749111982,-0.03770389606554591,-0.007865651265827056,-0.06126657250179573,-0.024205347147952215,-0.058690127285626,0.04273478296506952,0.011862802725314198,-0.07266705648201835,0.022784094097779217,-0.015245450550404577,0.07979872166290694,-0.025471198633530857,0.15794781972426084,-0.06033766560825813,0.022459232460723445,-0.09157391024564629,0.13244507912682105,-0.0031745414832116433,-0.033384524423985255,-0.07114046253193937,0.010331100004536199,0.14061883221605145,-0.08426237932121589,0.048425253557197706,0.05730981047267462,0.06884325462513366,0.05153429651140322,0.0727707586047152,-0.02440757949196681,0.035772139637550014,0.017518103152642187,-0.03111997104610035,0.10516485902923456,0.13150803269616554,0.18514231164693093,0.0587073605427104,0.0553403763966071,-0.012779000837503454,0.022583715305703373,1.0,-0.0030516343096410473,0.020279573927842957,0.005365415866595086,0.027074938459663824,0.011445125825733331,0.06464341011722764,0.22585116229974425,0.07645014932904014,-0.02730504022175501,0.021916236177779075,0.07458035692887943,-0.06220252851103076,-0.12818808453200475,0.0007145809630753534,0.025159004906979386,0.0018209992973539472
Osteoporosis,0.1440521657483577,0.012868840118442856,-0.07514897707853818,0.08089763068009194,0.018391172835325188,0.02552851812736954,-0.04089754243560899,-0.05394217666997675,0.009945830593473547,0.01669275882109155,-0.021250763050072848,0.02847390453803061,-0.021599419109304536,0.07950021463310888,-0.058120298325458786,0.13791068075913412,-0.032001090552974315,0.008776975634213157,0.04487761606869797,0.029044793408181935,0.05022017006375903,0.033396724411608326,0.037656902444677974,-0.0037223879535212448,-0.04107436030640374,0.07124171598399426,-0.1049204765525806,0.08116612665755013,-0.005264373089877619,0.0065899075151327705,-0.04932145330957623,-0.024006082467808606,0.11622912827745596,-0.002787402595221184,0.027598066742369184,-0.05218834517914922,-0.10836853142741884,0.1029314535629273,0.07452707826383535,0.01969575334254459,0.006026943416972829,-0.020548509566369236,0.08401901322027211,0.09741524072332368,0.05172970134497112,-0.012721239280892565,0.19232053332500423,-0.000326690182597338,-0.0363563860106113,-0.0606668803999236,0.08207535630559523,0.03335974543323426,0.05608269061060413,0.00819915122744591,-0.001733318846068738,0.06160802074318887,-0.05220674932634939,-0.0668140550872275,-0.03718987521057185,0.0012603487792667743,-0.03432266988426293,-0.06423865987663384,-0.0737345296247535,-0.0750445687919519,-0.016363896104096054,-0.03787226910390057,-0.045414820835805995,-0.019456079827324706,0.05034458304813721,0.056513522453138836,0.02260558296117089,-0.0474520460773048,0.047600041518408055,0.10228377611804673,0.034122994695539845,0.12987574672613106,0.06652312920710543,0.017300783148900958,0.013491289491416574,0.10850566828469003,-0.03481179763138747,0.11225540987076194,0.09035450449450907,0.08891856729488867,-0.03331130951219682,0.01222762711634782,-0.00993243886256815,0.01631344009890639,0.0737243298326896,0.07133444318540644,0.025844349577448418,-0.0030516343096410473,1.0,-0.014995628240765248,0.1675633812687317,-0.0019773233936847376,0.01347159782476359,0.06819596825012177,-0.0402008304033462,0.15582486064796514,-0.07637475867760897,0.13918798612353434,-0.0017458695964459481,0.012837802140615166,-0.04301377700344445,-0.049176305857104086,-0.00010211809722551151,-0.0032177767371108423
Other heart issues (pacemaker),-0.12935512948504027,0.07457766203735594,0.03306433205444956,-0.06719407703900805,0.06875547597293631,-0.18541325703124287,-0.1775192795359683,-0.10382605289379745,-0.02213401278194934,0.05566365833746926,-0.049371102721911836,-0.00782158881533732,-0.08173747252365761,0.0175898906212353,-0.05031656354551551,0.110519500586786,0.09709447530870276,0.057409958490183134,-0.035229521757492846,-0.006347878943997825,0.031949726937053724,0.25668398233797657,0.04557729168215838,0.08927771332035998,0.14252973824710602,0.014196596239281052,0.04055739850360843,-0.03215770983212516,-0.04974745990949771,0.3317754773261857,-0.21350923883503448,0.027330072233153566,-0.21916603958659903,0.05780507292746681,-0.1603880304264144,0.03636537408785719,-0.19401218466970685,0.0060580252679064426,-0.12595055673751346,0.13761506501830106,-0.03453665726306352,0.05160871064607399,-0.022003187444919383,0.05582108688325088,0.02974197542010577,0.07565797764044262,0.05268121565721505,0.04413070194656451,0.06310064656125355,-0.11774440881167814,0.0034080629833442982,0.051976852631524864,-0.07455606455871798,-0.0018349479040425244,0.03541187249516822,0.05821482508031863,-0.10616919425626421,-0.08017955568279657,-0.10525198774604837,-0.07929114588250362,0.002389549638132012,-0.013422924520138471,0.02960319002867267,-0.005081458339964821,-0.050621489625724374,0.05841052664325734,0.2507720924461358,0.20415461356717293,0.08317016220536355,0.08381221639943497,-0.028482128922755583,0.08518386734403448,0.036845068475257314,0.020026964177859704,0.05360375270010821,0.13025237785757965,0.03718885081993201,0.025503833504253975,0.07503138764691193,0.0240294133321648,0.029721997005275645,0.05105026596445693,0.012958316594991508,0.15913080798209303,0.1760583272003934,0.09692255679723005,0.12670598650302617,0.15105467985670443,0.04043629502518443,0.10261052621048468,0.009232699460833141,0.020279573927842957,-0.014995628240765248,1.0,0.021562694058981112,0.03733419274710629,0.07879709340055659,0.13593278407456644,0.13018394384487428,0.15344560206598806,0.11637878332003268,0.12631051592333783,-0.038994376511438285,-0.13267392727491623,-0.013029262436521371,0.02654925206098776,-0.06282462009187402,-0.0977290108212514
Other neurological conditions,0.027816403723840807,-0.02522793887390193,-0.084915628578658,-0.04206324414673684,-0.054008555200986616,-0.08419917182225335,-0.121852559767464,-0.10269672699784739,0.04146805340372854,0.008235775737353224,0.027861703622701038,0.035118503716596916,-0.028732660439001863,0.02102372538629871,-0.09375667989199467,0.15734329234494043,0.007836312748389074,-0.009996848093641219,-0.03093417780882796,0.03623562758688114,0.09246993827939096,0.06118510623455805,0.006771030673436589,0.005194089244661185,-0.043868035994177136,-0.007683398440620987,-0.031565585103337776,0.06365151684584935,-0.011987977759096897,0.046511504649942,-0.09680794955723966,-0.041321510453608185,0.06554113643438775,-0.021712197336627312,0.016812056391659294,-0.018117911359866654,-0.09831919657372476,0.021369343296154295,0.0944729648180205,0.03978196581097518,-0.03334715611413368,-0.010161123789132746,0.04238320798906585,0.03991621034783138,0.04371626092889773,-0.029047005131427175,0.11759313961036716,-0.044477405339409685,-0.03836300459258709,0.001900475542189583,0.06992662894492198,-0.011686985083616312,0.009844059117006315,0.013245316867652656,-0.01328667686940104,0.009302242198924235,0.002518440985029796,-0.0045146242329807,-0.006820213312010942,0.005178952391067776,-0.0005238770586809202,-0.02497860084374302,-0.0032886514862910886,-0.016400375556788818,-0.06787468121799023,-0.03374485554243778,0.01782750811789099,0.022832169143471755,0.009249424131430584,0.03857483177208993,-0.0168579903927844,0.04744924943081436,0.11203172535485795,0.07768325586969317,0.029955776641229732,0.08441390507611944,0.06431482806828777,0.05345988597066679,-0.01587720225200695,0.10444890799172582,0.023038692267279632,0.06530470604542599,0.050345305695356946,0.061750052859396096,-0.005540220729315369,0.004530561141146503,0.006555658386364492,-0.019205162186073436,0.13333394026378237,0.09505700579795531,-0.0048534507278981285,0.005365415866595086,0.1675633812687317,0.021562694058981112,1.0,-0.004775697398539098,-0.0008431731512309067,0.06736404730683926,-0.05691623110649928,0.1505830715321141,-0.008520698053954362,0.09133685787007617,0.04373086118255498,-0.06613700221149292,-0.019173589677717227,-0.010614342994532958,0.004682481197857856,-0.00814941531899969
Parkinson's disease,0.003917982089812016,0.07106606606067668,0.007817253131881108,0.008152329593813411,0.05380298298732103,-0.014070143305980826,-0.00789477419668537,-0.003654893090160892,-0.021608765064298315,0.023834941943410095,-0.023109595415299066,0.029382667693259118,-0.004616913141261542,0.02143423065570259,-0.010344262086302377,0.022417700708911,-0.009075461806045664,0.0013961434314502786,0.010266655446011363,-0.02811161765009723,0.013492007452941237,0.08266609985463819,-0.0071327813763489845,-0.010857619651778158,0.06982119242640382,0.008777373935991272,0.0026300726065875647,-0.03151768999437037,-0.0181879640645442,0.10010295428272895,-0.01737105733788223,0.09260698879863151,-0.037445720297014,0.0591099709988563,-0.021449358759226725,0.026780351099698726,-0.026060717730103353,-0.0014092822899743902,-0.028604011916772316,0.07349873329739534,-0.0046845389679684765,0.03034920520275423,-0.004834620467229445,0.033458717783161354,0.0060785643591142234,0.012604333682764823,0.042437592114596835,0.036405440566885494,0.0332834670918876,-0.06905837386785375,0.009484201003086765,0.02865019816883043,-0.02754460626841095,0.02195566225594193,0.006994304909753954,0.06720369849524624,-0.06097565883175225,-0.0459104266766442,-0.04250148653935174,-0.014457690258307818,0.0029464800186743026,-0.009618195151262563,-0.008342050117129955,0.0006987968829813291,0.03626329308040577,0.004867384914532952,0.038864905378414694,0.026375584997485352,0.0208582061369208,0.0051293814031592565,0.0005394989920417298,0.0013958402552092211,0.015029509496596536,0.004173753569390954,-0.001396338279397877,0.010374440150045917,-0.015356402178724806,0.008553143559111968,0.027450198595211726,0.012205162753478542,-0.009367328476146674,-0.02578954059189524,-0.007886667359832226,0.03948290356469062,0.06153236533768072,0.060996251522579155,0.0344605414213689,0.05745492937065968,0.004563515380768507,0.04442013102914351,0.029926447051513146,0.027074938459663824,-0.0019773233936847376,0.03733419274710629,-0.004775697398539098,1.0,0.07659296775041952,0.019625175856649447,0.04350780309306396,0.03713141693918246,0.04559435707032856,0.0409848853776019,-0.05720766868565751,0.007342137111207418,-0.03308931172960801,-0.010894612611265588,-0.02492700108987528,-0.03967948814586505
Retinal vascular occlusion,0.011845186493698588,0.031031828966295357,0.007658833510772662,0.01685038538609643,0.05616583863206476,-0.005253544244012782,-0.00634902615031332,0.015239966860409522,-0.016971967726502734,0.023044133114789374,-0.03241496858433415,-0.006601628822146412,0.00028960346581392697,0.03296640930011029,0.004913756570625509,0.0021918825971247767,-0.007134043291235538,-0.001379256166933159,0.009234929283211055,-0.0280511814149276,0.025549467027121117,0.08299769194368732,-0.0046010361825903545,0.0015567176397970428,0.04951996200900295,0.08953337587207966,-0.002477387195805295,-0.010676481391841287,-0.021299179401917945,0.08684526641623114,-0.01757838936036898,0.058390727807611925,-0.049678152723198636,0.014402687232350683,-0.034657974473106284,0.010945996684548187,-0.027281339290863637,-0.007798216970860015,-0.04427659408671512,0.0607314801632515,-0.007601716033340181,0.02780509997327464,0.0040838399098562265,0.043387182946612216,0.011945787119646127,0.0014471732321433993,0.028506193368329484,0.0365891782665458,0.023094438680473218,-0.05968872187259338,0.013035146184384222,0.029624350491871114,-0.01900164007955685,0.016267101997609733,0.008311784209908614,0.019670908270452387,-0.05393220523507869,-0.03911889945892675,-0.08520691540974487,-0.012214250298060628,-0.009649117653489525,-0.019736844760382732,-0.009362066486606547,-0.03714579279221591,0.030083770041743046,0.011443763185269337,0.05033494275182602,0.041823954392412294,0.057260126637746885,0.0059073050578799784,-0.007714761284336885,0.010288292772134727,-0.012126449432011596,0.0015708128252234868,0.022765118364125644,0.04991569295146679,0.007793562969716138,0.016848512796730053,0.07617691459156282,0.007474645369191433,-0.016933883206099717,0.01766205494550204,0.02362616326304393,0.019022459857210232,0.018209186609804223,0.05441466031084525,0.030913392351979662,0.025295376503164015,0.04198975992931215,0.013360257304806233,0.05107740480921434,0.011445125825733331,0.01347159782476359,0.07879709340055659,-0.0008431731512309067,0.07659296775041952,1.0,0.06447714476873771,0.0598996659026753,0.03845722124127903,0.025719460478204993,0.033314289899656804,-0.037039217749442854,-0.00039099541774267736,-0.025732428691368405,-0.00288897959304497,-0.031385911836435305,-0.04467897536252649
Stroke,0.009099372829673895,0.014467333119882457,-0.017237071320372447,-0.026114700151356182,0.05102934433618808,-0.046953384286534776,-0.12555275387306025,-0.029751145911340943,-0.011968408781267044,0.033854180845511644,-0.0860118647214603,0.0055502947571733465,-0.033536618768020575,0.0658400537263739,-0.017251043965232343,0.06383026214816018,-0.06865517992310498,-0.0739987906018189,-0.016031460684678707,-0.013535240350482636,0.05795585696718394,0.14209964880983098,-0.036174730569612866,-0.026927128212999675,0.08059071557548193,0.1291742956511569,-0.0674706534865055,-0.03687717916580042,-0.03360830042243554,0.2568666100685639,-0.03110509758917965,0.020124319303075656,-0.0998852228576556,0.010850884322754611,-0.07647049881921937,0.0026950287720969393,-0.0603857615214458,0.07269640769080045,-0.06768292523623862,0.02730320365117235,-0.029153935976766725,0.03563898666749888,-0.03301222652226995,0.08050971628671491,-0.02541815827493369,0.04268335671257993,0.08319232229926374,0.01422656067852627,-0.010471424401828647,-0.16953753161670548,0.03651676505983948,0.05860093541720194,-0.014263390708546656,0.05929465592266166,-0.034647849489919745,0.06120244425458656,-0.08505459155924704,-0.08991700427149298,-0.07941695833208119,-0.041891792553446806,-0.057296928878937455,-0.048724954494255304,-0.015436115179964795,-0.04692046926210225,-0.05141408729510024,0.03851271212070595,0.12134575591654434,0.17345945043072095,0.11239141903872055,0.05125726147712406,-0.06810338876594005,0.03534748792151851,0.0865500844732707,0.11728691317442919,0.02965572445921478,0.12565866668567854,0.06859229003656332,0.13630597438286066,0.032990842471283685,0.10042928257437708,-0.0331172599690932,0.09139399325234515,0.033702827077967824,0.12952564432074642,0.10463674420296205,0.07855542428573216,0.08662760765146117,0.10144976344967807,0.1102719457800219,0.1126036917194528,0.025329015529990284,0.06464341011722764,0.06819596825012177,0.13593278407456644,0.06736404730683926,0.019625175856649447,0.06447714476873771,1.0,0.09062919026298429,0.12869523957961795,0.08370205009036491,0.11964715134978517,-0.09518449301526609,-0.054393906386995365,-0.0959593255386946,-0.014021130233032881,-0.01435327502319223,-0.11052793281800456
Type 2 Diabetes,0.22777498596538304,0.36032923734926897,0.16986952816764453,0.3415192331737823,0.3190979830635126,0.05572842677890852,0.2838170142319244,0.16886160045883777,-0.10234249937750979,0.1583237527771572,-0.16370736763455707,0.05934575959802417,0.08319368734216295,0.023431386193400013,-0.040201098104865225,-0.00196242055607363,-0.11173176717353844,0.19106679866260456,0.08536808944533278,0.084291094043789,0.13092236831732473,0.1733005168145025,-0.08911772808597991,-0.05322939202338003,0.20797342279905995,0.17857158612664353,0.09524943427891154,-0.035069374835720306,-0.15678750794107743,0.3324868822266331,-0.029239205968767907,0.22869586115828028,-0.4140137058652543,0.16993977695117338,-0.28622415140081425,-0.06603975940185203,0.022906088167467593,0.027638674704696824,-0.47685015046698587,0.20067495439738783,-0.010661421970472032,0.19423144706420886,-0.007827531897485172,0.2141185672165264,-0.027494026679652055,0.1208405844795065,0.022469740101789173,0.08127154057183666,0.02393849361508017,-0.2270472509163412,-0.0769303380909593,0.007090806811567787,-0.15159534616017037,0.057655393268741355,0.04917179715595494,0.13487541003632683,-0.3028950124703221,-0.13796308302516475,-0.21437622197122275,-0.12796840678430413,-0.01976201393926862,-0.07438961421502373,-0.026951937784488306,-0.09431592577288443,0.3343425632436673,-0.021076561953808942,0.15254499960589687,-0.016721670709247252,0.30272228784659466,0.023559662249436526,-0.037830598715510255,-0.02464296255190914,0.04847257767668503,0.12761430044485486,0.02402125017278896,0.19387574278560593,0.020722082660795983,0.053718559752499645,0.19170134870915842,-0.020382576944990304,-0.08471964694435631,0.05363299662767756,0.09351954348204294,0.06523465597281058,0.18360883620528098,0.2273647415321606,0.3393241044977995,0.17297478597543414,-0.016246047530452723,0.04893891436933039,0.02772599069500227,0.22585116229974425,-0.0402008304033462,0.13018394384487428,-0.05691623110649928,0.04350780309306396,0.0598996659026753,0.09062919026298429,1.0,0.05327972130307801,0.07283023532447896,0.06994234165678445,-0.08123714899965978,-0.036999891315114865,-0.09811813156281377,-0.030130831578085503,-0.09648120398211624,-0.05897074406916597
Urinary problems,0.10278071967388001,0.08321953255985723,-0.0002256181583266282,0.04744820357206515,0.05298482814008595,-0.14326584950643492,-0.10678300223849721,-0.14109385208041594,-0.00550914875630741,0.11540511286924575,-0.0311390374134425,0.09184913870093296,-0.05384128378307523,0.03375881733691155,-0.19283850320887666,0.26547598765051683,-0.038997166614523036,0.07549463871640058,-0.014902300436560033,0.06097545882380226,0.1579660072318139,0.18820760744534595,-0.020410357861161854,0.00752521392525886,0.0923333405343032,0.03537971572897455,-0.08633787936870381,0.06261623820562007,-0.059854744226229585,0.22905081531879998,-0.167859336052139,-0.02892370362423679,-0.12894822768239395,0.04657310165640391,-0.0801303738341328,-0.030743896310125904,-0.1648359618926892,0.06774150099706336,-0.038123810583993084,0.1285057616784243,-0.04238708689674763,0.10512011046214177,0.06203997096342947,0.048614881720386784,0.025843193732777842,0.002936793215753755,0.12881230618619874,-0.06048185830379705,-0.06348518303778819,-0.08156155176859968,0.08548735076042702,-0.012106849070487194,-0.052534252852535254,-0.011819116287456003,-0.018413485963140026,0.06653367893091847,-0.03964623327930384,-0.02220610240997917,-0.026661296828061377,-0.06171886854615578,0.011681195766668815,-0.053144909128482694,0.04121459563487561,-0.04357621077229993,0.013428113617734352,-0.0335670034998947,0.05612347241112947,0.05034628549477719,0.06795953573178912,0.1370138944282126,0.025584785783391097,0.044658238582399944,0.07794336630811692,0.15116245048911048,0.08683352684356013,0.15997983851089703,0.07776045530598934,0.06954340877703111,0.045083710559713296,0.17471383431846596,-0.019156713112037,0.10946411431309529,0.06552279218970869,0.1962674025666795,0.08612522808510657,0.06953709930618243,0.10137539674277396,0.1315674408589386,0.12590905904460645,0.14490997686070156,0.010441510718242944,0.07645014932904014,0.15582486064796514,0.15344560206598806,0.1505830715321141,0.03713141693918246,0.03845722124127903,0.12869523957961795,0.05327972130307801,1.0,-0.023690080580255776,0.21190345788612003,0.022016241902997728,-0.08038693426195663,-0.09179137203634154,0.0019546993096165766,-0.01949371883839271,-0.04102956791115665
ABNORMAL,-0.06418859832890399,0.022255825962947586,-0.031246110740415053,-0.13752057740153045,0.06698820439910652,-0.0898252215374852,-0.17416636236696612,-0.02144714339385589,-0.012875993679212747,-0.08341446535236746,-0.18147070832154383,-0.06102652919441684,-0.25878958441288336,0.03052760842317812,0.11882615161895442,0.06827292209426723,0.2257071406513517,-0.11813944207289648,-0.22135576291891845,-0.10617203089596923,-0.03146030785631716,-0.010512486462934626,0.21210626412623418,0.10612475342220826,0.06569615904078835,0.12029249470295526,0.40083498551975505,-0.15091032195179957,0.0969556381360912,0.21396785210360103,0.013566846150672832,-0.01850690893103216,0.09850244273969846,-0.017150232491203038,-0.013771630494782488,0.06326654752916383,-0.10487666013910567,-0.06883736399980304,-0.24242485571036776,0.2908862429216649,-0.12861072887750633,-0.052007154043059174,-0.10017196589153203,0.07411530163184453,-0.050846298387396745,0.1276139147712798,0.06531502431645461,0.21030711281442452,0.2653812993985732,0.09187648309567813,-0.13945581023394957,0.20984095699523858,-0.15355642317574056,0.14608470417641273,0.13524859630250705,0.17715918729363608,-0.07128711769386202,-0.15944566683047892,-0.19444047723517924,-0.07955103589492898,0.07461506186746449,0.18740241071105251,-0.0012652116008031204,0.04591597553017697,-0.06834616660422412,0.020032462085468234,0.3119220722679071,0.31011499749876104,0.11402469062443357,-0.2029997828307521,-0.17863725926222365,0.037298015339005106,0.06352231377554651,-0.027801799013602004,0.08753713014378854,0.09609572351840345,0.04436512672128438,0.045122932962314316,0.11379295794216746,-0.10017854684903608,-0.031192898067103184,0.01998073951440558,0.08109319508062453,-0.03103822501338901,0.12445440029771658,0.058253316295522606,0.10664715529965312,0.08241546552775587,0.04797910355208211,-0.008048209691169251,0.022385377612818294,-0.02730504022175501,-0.07637475867760897,0.11637878332003268,-0.008520698053954362,0.04559435707032856,0.025719460478204993,0.08370205009036491,0.07283023532447896,-0.023690080580255776,1.0,-0.11702404977238998,-0.5364318098220908,-0.4484724379484968,0.05824835596581675,0.0718718740637733,-0.08159329423177077,-0.022765250416253092
BORDERLINE,0.1482470571068906,0.08923259008499039,-0.05213793639818207,0.09291652670633767,0.050841050763862604,-0.12070479669986099,-0.037441705661553464,-0.1114107421242328,-0.028358675738371326,0.08643870457981657,-0.0652639484473473,0.015463341354964216,-0.04458613376453435,0.020091686433607373,-0.18441187256648148,0.19374995199419626,-0.007552965024540497,0.05862709225072014,-0.02171574273484087,0.049792021286967754,0.11593808938779257,0.12558321619045953,-0.04320865148382106,-0.0010809287468242523,0.03734157931333054,0.025844629632187352,-0.12214993643077929,-0.0154682460211205,-0.007234044991940824,0.16572950902307926,-0.18768257807275768,-0.0037424761499317764,-0.14806631506158158,0.021067911532358884,-0.05181580323171194,-0.051568111223393574,-0.2009426806398024,0.037323238455079774,-0.05702774994709861,0.09561588906187765,-0.04742811152084698,0.05782268954360283,0.03013862261686697,-0.0018441515825532865,-0.024268963497057122,-0.025734428280272878,0.16383188272414556,-0.060521515519959414,-0.06245526282396369,-0.08265888754984203,0.05235732846418361,-0.005980153269196052,-0.07548620809885216,-0.04861643172409005,-0.00826042201723215,0.07223129354137384,-0.09622330677710285,-0.08429285321313522,-0.05741991068142761,-0.013476029104265394,-0.019441420480473693,-0.10888155907937748,-0.05086632261827327,-0.05835221283755886,0.05448395299585483,-0.007638040011078649,0.030230041870104456,-0.034146956305560465,0.019191878515592366,0.12571170544667928,0.01184289527561388,0.0012041495573300645,0.07622851770694902,0.10713072549898643,0.08539128116635368,0.15420755507050724,0.03295976575972512,0.021567096499432593,0.08497610881490238,0.09818481503734848,-0.03305150033743758,0.0579867981576375,0.06963349239495331,0.19880060797525842,0.030195284241263946,0.0586563638644915,0.08347972131629254,0.12610295850475886,0.047656512694742775,0.2037581243561709,0.045215198816947834,0.021916236177779075,0.13918798612353434,0.12631051592333783,0.09133685787007617,0.0409848853776019,0.033314289899656804,0.11964715134978517,0.06994234165678445,0.21190345788612003,-0.11702404977238998,1.0,-0.06860011666769138,-0.026269281162099957,-0.09810219682938091,-0.042516651470666585,-0.09047575086319677,-0.016501201789830815
NORMAL,-0.11953425583813139,-0.10426887602266185,0.10550339749471986,0.0004530731930275325,-0.08477024631420135,-0.04614259841880897,0.0016394313198955397,-0.04330941113925454,-0.019116527418147372,0.07287189301148163,0.2019558736386249,0.07907836013320073,0.14611905943933454,-0.09867908698007608,-0.11708865356212446,0.01606892324882057,-0.30435038021550403,0.020132437886486314,-0.032246555483181324,-0.0256586956296044,0.0812107161304494,0.16751007270860763,-0.060376057681377354,-0.23367114882379983,-0.09025679555366477,-0.146132529606606,-0.24343277624507942,0.2342501278589203,-0.08785232147355647,-0.1301238278834931,-0.06317878611270085,-0.09034497193628097,-0.042730751752674045,-0.09883841688953104,-0.17325422407133792,-0.06967739164912697,0.020358753868386238,0.006047382918642902,0.1436083007768054,-0.15408960621580167,0.07681026284726519,0.038503862853348315,0.0814021981110815,0.04778150939564878,0.20056717989500084,-0.12384426833489638,-0.06146277603730815,-0.2709386784341019,-0.24909122099006015,0.03292056023150147,0.1119333414377257,-0.19944148469849024,0.17729205745545457,-0.08715953990393024,-0.08172943734813105,-0.23391911433994136,0.16629641492996744,0.1602191083437467,0.14458661601643885,0.05497571150591819,0.06933687344550835,0.12597616250081553,0.0784937630616557,0.022795578291713633,0.01480722764213804,0.04548638617912611,-0.17063552140191188,-0.2921908028858877,0.021292260798594434,0.21491032344732142,0.09247736396190527,0.113948703023527,-0.014016204399089125,0.05617766756211936,-0.11351961141019287,-0.028662789562248287,0.01475778245014747,-0.0008154760445158354,-0.04816235127418178,0.07540738327953721,0.1372712936350358,0.07524736072253733,0.0005415148397023907,-0.01966009498543501,-0.039648650191306464,-0.06445451353590699,-0.10451932388885404,-0.06410632316317665,0.03552482875745348,-0.005617027639651086,-0.028950250678929913,0.07458035692887943,-0.0017458695964459481,-0.038994376511438285,0.04373086118255498,-0.05720766868565751,-0.037039217749442854,-0.09518449301526609,-0.08123714899965978,0.022016241902997728,-0.5364318098220908,-0.06860011666769138,1.0,-0.353322637424162,-0.03803079730137829,-0.0706455468709011,0.08984276186849631,0.015603457169960758
OTHERWISE NORMAL,0.13243607429707452,0.03627262696910691,-0.04708822650608767,0.10813078146023034,-0.01080532548605203,0.18613647996811097,0.20560001389606664,0.12218274190025598,0.04362811339352947,-0.011393189924442618,0.024214698850809895,-0.03388167480412268,0.13794456058294857,0.0528549653991176,0.0766858858394454,-0.1878206976370292,0.07294248506102055,0.08015952774338667,0.2808005627182821,0.13066304520493116,-0.08713854510773582,-0.21614445622086992,-0.15255363863099378,0.12055561616394544,-0.0025606971355593556,0.00833616093958009,-0.14235328752835213,-0.06535802798220798,-0.009361949605805293,-0.1706252171198628,0.12226071776061395,0.10717740529171389,-0.00474162862374703,0.10233373716624242,0.2007551092250372,0.010285882194951128,0.17096452820323643,0.05292892387204151,0.12862075320221633,-0.2159105331242635,0.08832017380789754,-0.002211212541006806,0.003020386235986005,-0.14298909642430313,-0.12517327220136057,-0.007746794678452921,-0.06466627318025572,0.06738581848283583,-0.019093250945830607,-0.08173366612934613,0.007061861425769805,-0.03325970552287982,0.025168321261326135,-0.056730480347733404,-0.0690555946629646,0.0070993307900673935,-0.04186324061724495,0.045898987223125465,0.09363247708589549,0.04520792182831647,-0.15139960213858158,-0.28696564608187985,-0.060987334216769565,-0.042325297905640415,0.027995133640985506,-0.05840171139892163,-0.17745596783714881,-0.03190404226534317,-0.1522369896667039,-0.04541200420426283,0.09302915048886205,-0.15534066151189616,-0.07285122156030052,-0.06806146512228889,-0.02014651984572585,-0.14707551315914563,-0.07674268155328731,-0.05852276397742898,-0.09012070651405817,-0.003773438304663071,-0.08674084444106923,-0.13325958023523796,-0.11226338142844454,-0.01483747517478881,-0.10687485111696739,-0.01846602810590853,-0.03310351361021222,-0.06670478458209837,-0.09726141891323901,-0.03547120768135152,-0.002226604413341228,-0.06220252851103076,0.012837802140615166,-0.13267392727491623,-0.06613700221149292,0.007342137111207418,-0.00039099541774267736,-0.054393906386995365,-0.036999891315114865,-0.08038693426195663,-0.4484724379484968,-0.026269281162099957,-0.353322637424162,1.0,0.006957538615299078,0.008117625980490463,0.02205147195722637,0.02443834156966502
cube_visuospatial_executive_value,-0.02918534294459516,-0.05741573596965316,-0.028903458801893538,-0.10444903292644632,-0.09531744567132845,0.03827166816347816,-0.08655928891224043,0.018550593264299475,0.1035595167572706,-0.0679428926224922,0.04545295402007007,-0.13924339058471977,-0.09226052322038016,-0.056497934078858045,0.2134495386676656,-0.125322347518448,0.30779808105182993,-0.014457413521569651,0.02048948968727641,0.13996580788734797,-0.1631154056882413,-0.1673492167146795,0.08079113572572676,0.12293429277976527,-0.16720662017126825,-0.12772382139891678,0.11323199312967885,0.012157573668834631,-0.03619409405807056,-0.1784396170532042,-0.06769504645532354,-0.04772415640544359,0.11156222485368644,-0.06736264209030442,-0.06626705529564758,0.01851051370552102,-0.0544111953045684,-0.07776190171295533,0.011437852863687358,-0.06509498230667422,-0.03602722051357329,-0.15755629763741077,-0.003772114707327715,-0.03310707590098364,0.10036659689515075,-0.031813936187489955,-0.05991569556798407,0.01184727479939572,0.026677782553047685,0.30231247545776785,-0.08401425051733247,0.01900167373911507,-0.06229448707311458,-0.1007169045685177,-0.027771159114172928,-0.09140123024138083,0.11181624324487707,0.020947633951616335,0.06166094761409435,0.1175966919041675,0.027573504031529122,0.09486456266075478,0.06848638176948907,0.09899685661693486,-0.12930991860393765,0.026589921891623215,0.04643158716098916,0.16463410480463592,0.0013959654444658377,-0.11428804533665995,-0.02757075750410455,-0.01268172480766824,-0.02698460636178878,-0.06462611852023,0.09279051038304237,-0.04963085709784244,0.0037981777555647295,-0.05887872030101571,-0.09598312804226337,-0.06976141967002525,-0.009155189841648667,-0.030573987777522474,-0.05583475289892604,0.03954042237607859,-0.06604867660819713,-0.08246242031705443,-0.07395303803587641,-0.08205933729010596,-0.007936467266211823,-0.04543471302679432,0.0017834397128640876,-0.12818808453200475,-0.04301377700344445,-0.013029262436521371,-0.019173589677717227,-0.03308931172960801,-0.025732428691368405,-0.0959593255386946,-0.09811813156281377,-0.09179137203634154,0.05824835596581675,-0.09810219682938091,-0.03803079730137829,0.006957538615299078,1.0,0.07148758560237838,0.03608848775474522,0.10622996711449105
fluency_language_value,0.017653482241303968,-0.049227756181999635,0.03259733986750984,-0.009804595426323053,-0.02776734998657201,-0.007467497325238482,0.02599120531254758,0.04236773747109993,0.06980818996372547,0.0395993228712027,0.006082524290867864,-0.035560681374367145,-0.037259393427773194,-0.046529494405494566,0.07993289418743213,-0.05016853933655658,0.17432021007012527,-0.010666426340881817,0.006881014643335634,0.21094270715424462,0.0011219597886869596,-0.15480892731803295,0.03247290861663212,0.08258129020182842,-0.06842880664815654,-0.037634844411604196,0.12247166647229754,-0.014061987014406013,-0.019856233920082945,-0.02888057146403423,0.040355309703134584,-0.10056447222027283,0.010453174624234233,0.023344532938753163,0.04906742253225325,0.01954009887760431,0.052496072461259854,-0.053933949826553224,-0.008983656537195973,-0.0012767923031740183,-0.042502924850455724,-0.027169376793255436,-0.055501766146666194,-0.12686186121595688,-0.012733113199856651,-0.041811521964038215,-0.09955098446362784,-0.038633523632181276,-0.047481109946495806,0.25875841208609296,-0.15183777024497563,-0.07145766414040562,-0.05407263409288872,-0.03400482631864694,-0.058650203545874906,-0.06672740730512572,0.1568814329174319,0.15401977062239475,0.16215918630611692,0.054357174102656544,0.06929324426801962,0.0803492068639094,0.16549792716394732,0.09356841506693384,-0.007524567683936709,-0.07314109856572802,-0.01378806884284574,0.03463227191655359,-0.021247511784584946,-0.0369878862735634,0.034795197092698744,0.033944795198940454,-0.05893138174566101,-0.037100017200267454,0.005220631769131586,-0.07831120816664361,-0.007887627278749488,-0.008283038936651626,-0.048467487206443886,0.007280020145119484,0.013451745204473554,0.04185392282498759,-0.04132383010203446,-0.021645855237310052,0.004145654218529098,0.03305983397466241,0.02259673087754311,-0.021755230092607703,0.019787116302157872,-0.024854754302681036,-0.027262693946077183,0.0007145809630753534,-0.049176305857104086,0.02654925206098776,-0.010614342994532958,-0.010894612611265588,-0.00288897959304497,-0.014021130233032881,-0.030130831578085503,0.0019546993096165766,0.0718718740637733,-0.042516651470666585,-0.0706455468709011,0.008117625980490463,0.07148758560237838,1.0,0.07769612706318484,0.0707761078209544
lettera_value,0.026449521301014262,-0.0975094089666902,0.017068588871880442,0.013359762863533466,-0.10760851016071932,0.07901978629059714,0.03946587372260439,0.07193860009548185,0.03492996458050199,0.004584048447366827,0.03910760796337726,-0.016427101810750418,0.026884767973400822,-0.01892427108473745,0.0867509308309592,-0.11251703867721494,0.007367281153185522,-0.06668923386160856,0.028040158443029588,0.07560064070253934,-0.04334487723057332,-0.14088589482127972,-0.026890435388022074,-0.02090317741021412,-0.07335671683935345,-0.03205828189895188,-0.014742858556044744,0.05577487911987759,-0.03529860728866932,-0.11694170978297941,0.08189143937465335,-0.07767873107796651,0.06128250717935253,0.018320758914387364,0.056818634890854716,-0.014741921661770187,0.05131189938244873,-0.042874897022516865,0.078441538699957,-0.11947576406985103,0.021632918454143505,-0.023543733781062406,-0.07565648210011525,-0.10357667938001952,-0.006062633911422479,-0.022600869305298962,-0.10019312776874198,-0.0787017260110325,-0.09035654878393616,0.1380052127828817,-0.06035753837156414,-0.058017236473762425,0.055038453652383516,-0.059707787969371345,-0.09844820926450996,-0.09271189568800689,0.19902146509015925,0.1457590514383629,0.23935267266621266,0.05856846703889549,0.05052506534963808,0.10516852019907742,0.11134775974334049,0.011409840178034475,-0.05390184323504029,-0.03434703526188737,-0.08643134606049213,-0.009419867069693407,-0.024668252430335366,-0.02844966781163706,0.039935906721765065,-0.03301160325074393,-0.05359987948680386,0.014174918760271098,-0.06399495355556724,-0.09145462579673594,0.030700183539589126,0.007681847688358109,-0.13734570360305565,0.01476027778931888,0.0016271235484126658,0.029455181719786012,-0.05463438014044605,-0.022505146102227605,-0.03128286776124408,0.022339971010176943,-0.05714743662931325,-0.05732367130881505,0.018667782759629895,-0.045788906741492226,-0.02468094797115884,0.025159004906979386,-0.00010211809722551151,-0.06282462009187402,0.004682481197857856,-0.02492700108987528,-0.031385911836435305,-0.01435327502319223,-0.09648120398211624,-0.01949371883839271,-0.08159329423177077,-0.09047575086319677,0.08984276186849631,0.02205147195722637,0.03608848775474522,0.07769612706318484,1.0,0.048368140055065824
trails_visuospatial_executive_value,0.06443843855087343,-0.04749940365377277,0.00749726601783413,0.017756425560704447,-0.048521311446577724,0.006638682924517591,0.04192808418364277,-0.003022319764080169,0.04455055048383032,-0.009457447724214144,0.022227548870291068,-0.025653481928714993,-0.057136265092533986,-0.08182586984338056,0.011636489087053335,-0.000371719314190332,0.10418930260353872,0.009860907038390487,-0.006852934083654538,0.14749439315521604,-0.01875042430959148,-0.17828406333465233,0.012006255732604831,0.029381241462746746,-0.1485613486141903,-0.10661214019058955,0.10014081593894457,0.05167455203247184,-0.02933946035150015,-0.15508525072066878,0.01219210595219159,-0.07107616921987538,0.06609632415381872,-0.03778395521658444,0.024340634331608723,-0.05435539385724404,0.02879550612571865,-0.10099099448673515,0.024295683024844132,-0.030363554433562447,-0.040732770494363094,-0.04362945308565689,0.01508386514098202,-0.08980042243532381,-0.013061942395783656,-0.027162669920074236,-0.033511251306489326,-0.03856342815110053,-0.05006655064297696,0.27672782945321045,-0.10595634606662487,-0.08034300019160415,-0.04527373419879552,-0.07007049953128387,-0.03314546328489083,-0.10290336638185497,0.14273095695199334,0.10835475808048618,0.09436685680635565,0.05454549119841869,0.0625454579941538,0.08722207474374803,0.06831863598869446,0.09018655810911726,-0.05060406927072503,-0.04599102054946777,-0.054975840069800115,-0.013264622242038268,-0.04346460719122211,-0.036718901508264234,0.014920065080042878,-0.02645286071093984,-0.04306814800558178,-0.019114375624308795,0.012301842361912015,-0.05784604245701502,0.016290103760754248,-0.05367384283621083,-0.06543619715338028,-0.01196776365462177,0.00011882641129314816,0.005701183261371795,-0.030792968875218187,-0.039165084322893486,-0.05353386491139758,-0.036472040524678645,0.0016878250869698432,-0.07660361718642042,0.01401727926014584,-0.02207824966371862,-0.01576623008168089,0.0018209992973539472,-0.0032177767371108423,-0.0977290108212514,-0.00814941531899969,-0.03967948814586505,-0.04467897536252649,-0.11052793281800456,-0.05897074406916597,-0.04102956791115665,-0.022765250416253092,-0.016501201789830815,0.015603457169960758,0.02443834156966502,0.10622996711449105,0.0707761078209544,0.048368140055065824,1.0
