,heart_rate_mean,blood_glucose_mean,resp_rate_mean,stress_mean,blood_glucose_std,total_steps,resting_heart_rate,total_kcal,sleep_light_hrs,sleep_deep_hrs,sleep_rem_hrs,sleep_awake_hrs,act_generic_hrs,act_running_hrs,act_walking_hrs,act_sedentary_hrs,A/G Ratio_value,ALT (IU/L)_value (IU/L),AST (IU/L)_value (IU/L),Albumin (g/dL)_value (g/dL),Alkaline Phosphatase (IU/L)_value (IU/L),BUN (mg/dL)_value (mg/dL),BUN/Creatinine ratio_value,Bilirubin Total (mg/dL)_value (mg/dL),C-Peptide (ng/mL)_value (ng/mL),CRP - HS (mg/L)_value (mg/L),Calcium (mg/dL)_value (mg/dL),"Carbon Dioxide, Total (mEq/L)_value (mEq/L)",Chloride (mEq/L)_value (mEq/L),Creatinine (mg/dL)_value (md/dL),"Globulin, Total (g/dL)_value (g/dL)",Glucose (mg/dL)_value (mg/dL),HDL Cholesterol (mg/dL)_value (mg/dL),INSULIN (ng/mL)_value (ng/mL),LDL Cholesterol Calculation (mg/dL)_value (mg/dL),Potassium (mEq/L)_value (mEq/L),"Protein, Total (g/dL)_value (g/dL)",Sodium (mEq/L)_value (mEq/L),Total Cholesterol (mg/dL)_value (mg/dL),Triglycerides (mg/dL)_value (mg/dL),Urine Albumin (mg/dL)_value (mg/DL),Urine Creatinine (mg/dL)_value (mg/DL),clock_visuospatial_executive_time_value,delayed_recall_with_no_clue_time_value,digitspan_time_value,memory_trial1_time_value,memory_trial2_time_value,moca_abstraction_time_value,moca_orientation_time_value,moca_total_score_value,naming_time_value,repetition_time_value,subtraction_time_value,cube_visuospatial_executive_time_value,lettera_time_value,trails_visuospatial_executive_time_value,moca_combined_mis_score_value,memory_trial1_value,memory_trial2_value,moca_abstraction_value,moca_orientation_value,naming_value,repetition_value,subtraction_value,Rate,PR,QRSD,QT,QTc,P,QRS,T,Age-related macular degeneration,Arthritis,Cancer,Cataracts (1+ eyes),Chronic pullmonary problems,Circulation problems,Diabetic retinopathy (1+),Digestive problems,Marijuana user,Dry eye (1+),Glaucoma (1+),Hearing impairment,Heart attack,High blood cholesterol,High blood pressure,Kidney problems,Low blood pressure,Mild cognitive impairmen,Multiple sclerosis,Obesity,Osteoporosis,Other heart issues (pacemaker),Other neurological conditions,Parkinson's disease,Retinal vascular occlusion,Stroke,Type 2 Diabetes,Urinary problems,ABNORMAL,BORDERLINE,NORMAL,OTHERWISE NORMAL,cube_visuospatial_executive_value,fluency_language_value,lettera_value,trails_visuospatial_executive_value
heart_rate_mean,1.0,0.19070323191293753,0.11406989647482768,0.7193270228192332,0.14289719825294142,0.4481301233516015,0.8138499168976905,0.421475451128993,-0.2920460249128428,0.11500125179304796,-0.16213061278066163,0.06448077794103765,0.10379221318339643,0.06714495353209213,0.24656346240460122,-0.3637537734176626,-0.2102991020747534,0.08704925055985101,-0.06861207786527648,-0.24318138605793344,0.08684056605141888,0.10366191313846414,0.11544395344591936,-0.23344867624920365,0.2244506706203685,0.09417776706341874,-0.04895817234243058,-0.051238821985226085,0.07127720302847727,0.024272091114627595,0.10571895897886052,0.15055463967585656,-0.018895371135461286,0.16665273285346552,-0.04956537345952078,-0.1105797161829477,-0.028881734827759284,0.007417478552794201,-0.053361820065366966,0.016334020616957934,0.11953858272411277,0.12261562576541328,-0.053188667709890544,0.0021952318961078994,-0.022222335643747135,-0.008346252209291739,0.07208133818757126,0.03384280461837804,-0.03398440586716413,-0.07927553681041623,0.02629452341951552,-0.03142409819986914,0.07886823825102125,0.14223051589717323,-0.03491346638541318,0.035151406449194275,-0.1320699394967529,0.002388299327402482,-0.05538309124100459,0.005867262930652493,-0.069533727573926,-0.040882434971107835,0.02996411434947431,-0.15869786383388393,0.5895884664004268,-0.03313155665354138,-0.06553554476981738,-0.3805366752770231,0.24273728419593632,0.0002750531015153962,-0.05389478315040673,0.04099297648913975,0.015204575633165577,0.09800370254660921,-0.0638835799770126,-0.0021946775467302964,0.00913475115072818,0.0582343019683645,0.02466628002498126,-0.08255125602937088,-0.01623152955467336,0.025482624199629492,0.04517637883660517,-0.1427039757637667,-0.039026465906331256,0.16234428905329737,0.16483255881494074,0.020240610015923206,-0.055181647220965385,-0.029623175217829038,-0.007678506605197154,0.2105502491427532,-0.0035607610265975566,-0.10057747801047634,-0.0934187139627679,0.01496091429916716,-0.014084969797993127,-0.007400908396463322,0.30043614857026163,-0.09546743801775481,0.05872382686803643,-0.013248153912166417,-0.10071522996077861,0.04130971516219459,-0.20126607577059166,-0.046325160495617315,-0.007606101519245949,-0.05198096160179439
blood_glucose_mean,0.19070323191293753,1.0,0.11174088214570016,0.14391702711928284,0.27347525538722584,0.005912446631131684,0.16935551779138827,0.01763812785938895,0.012783676111366334,0.06345686823717342,-0.07526903186831142,0.09836851507703893,0.09080026846887951,0.06056601359295535,-0.16237141409428504,0.07585381147027453,-0.13441089521767882,0.12678605345286628,0.10169669076506566,-0.1253413958015607,0.09064416107099649,0.30290612033468506,0.06854450859699754,-0.030916838314389523,0.28070198283365005,0.10153014011675647,0.017843596379329987,-0.02182144000374151,-0.04051538104109516,0.2687752049228473,0.13019124730538265,0.2295716024026953,-0.1712547893541249,0.14589216129190433,-0.22403744220217997,-0.03000310484383015,7.205458755406502e-05,0.003792673120299924,-0.2093763528189634,0.08650757770504944,0.1573560480013379,0.10624803229797891,0.039727909957315434,0.14150720979683729,0.060485942755040156,0.08261580106117414,0.06461393824542085,0.04759192291606698,0.06713475420607877,-0.16952987908001627,0.06457776351094727,0.007674728941847331,0.06502744396338232,0.08562501123441449,-0.0051057352657576565,0.04143783975062921,-0.09787290779419203,-0.051076659409039216,-0.07095171750838264,-9.744167487341925e-05,-0.08344225447645519,-0.13381621368004767,-0.06594794396516435,-0.052741744690521467,0.2353126060627557,0.033706865801939254,0.04885860229928437,-0.06216558800896386,0.12770209766742222,-0.07038299915841555,-0.01975975678664631,-0.0345057018385194,0.05391239015113698,0.16433692035235728,0.055760511807648704,0.13804550076749145,-0.0051071374649293115,0.07088476691586836,0.09871376296299195,0.007847050661554668,-0.09022614907383741,0.021116411983605882,0.08407005442328855,0.06077322407328276,0.0709709670776313,0.194582924789431,0.23826093180142371,0.0884659260844725,0.020818981812578588,0.04703032103181109,0.009929854112085305,0.189793929232096,0.016293570768667404,0.08237192467344716,0.01352187906924714,0.0021914125536106168,0.005861509073744733,0.10533503295522752,0.30715338639890155,0.0316735725514924,-0.029058754395061538,0.052640856804423444,-0.013176439276920564,0.037744150081365425,-0.1439834722481962,-0.09072707425026057,-0.051291216844351915,-0.04597942806639339
resp_rate_mean,0.11406989647482768,0.11174088214570016,1.0,0.09460221945050284,0.10597918920177124,0.01154299176038797,0.1343065599885381,0.04385779072940121,-0.008429795332701233,0.06427171792916947,-0.013810860820471504,0.044855652325676565,0.02108116349758854,0.006974544402112086,-0.05182351645127958,0.01394017110189756,-0.02406112496197086,0.08208444260716886,0.0616726292686248,-0.048769456849674125,0.053268557240263574,0.13225075243501147,0.04601074431535651,-0.026077717787605374,0.16057759919627815,0.022751996438130244,-0.01000313740409737,-0.05659191274727364,0.01651191841364728,0.09273607006593224,0.048769957366986,0.07137653863553786,-0.11534693325108608,0.07000510269839738,-0.1029618282223263,0.0041611707858016135,-0.016639979819571677,0.08161607935068552,-0.09859149032621768,0.045816095049298955,0.025413238390102212,0.06844625050667254,-0.004220869729044103,0.017271541143792146,-0.05777129546759184,-0.021729149650710138,-0.018677107037415864,-0.017703360087999918,0.04185152266663721,-0.02092401442788884,0.026819361043782693,-0.05335961150587962,-0.02013665565925546,0.011195529217746993,-0.04615486879104255,0.009160940492784255,-0.013733217304646547,0.03856780550640541,0.03443741971583644,0.031552320764841844,-0.012785093609495151,0.00207748426589683,0.03039324032340647,-0.009435351078650218,0.07888401113803899,-0.010566239730145581,0.04053504558165248,0.022442597404318372,0.10949043548062924,-0.004491202746725744,0.010941124530850145,-0.025407219422611902,-0.007084983976339631,0.07285254759043648,0.02809237680616972,0.0428135103575053,-0.012183924840841708,0.02637165997325671,0.0405163002472744,0.010402994911771324,0.007227145468384019,0.02605783866528922,0.007192719168718841,-0.013534303942464933,0.0033006160557542885,0.08857142675665113,0.09833799660470781,-0.0008478824756094742,0.011715699485264427,0.015701447580104385,-0.014292919109360784,0.1087605760316208,-0.011635324892986146,0.017477945914315927,0.0207149803025894,0.0034445044452705953,0.016411936653223713,-0.01087162160210657,0.11985508053523268,-0.007353469943023993,-0.10002796184695227,-0.0004034960776527269,0.11698597196689083,-0.01689982128011264,-0.029401109877458944,-0.029910670788214747,0.006575236064757687,0.014269905155980143
stress_mean,0.7193270228192332,0.14391702711928284,0.09460221945050284,1.0,0.1077408845410941,0.3997424713779678,0.6903251161016196,0.37259221624342725,-0.31479575939254606,0.09228161053214992,-0.1301722605556797,0.044574084533412245,0.09281486879668154,0.05373997750542289,0.2414334454670727,-0.33078926077385745,-0.18041915442856268,0.055063258673089484,-0.061118555037302465,-0.2243627836304793,0.08762413844467482,0.07927124939497025,0.10656980308221294,-0.22065836346033302,0.15974863524742886,0.057457537682262354,-0.03753107859204774,-0.03719580851963326,0.05195058790465039,-0.020735337327104177,0.09681337819351472,0.09330143628678934,0.0074213393973987535,0.11626511839174401,0.028067143306180688,-0.11184771072900668,-0.0589865847739046,0.016293717770215817,0.028689936612640986,0.01631945326629534,0.08543107489722099,0.09087804933827938,-0.06115424352583723,-0.0324773190116789,-0.05003168341080899,-0.03540840174402148,0.0626004650532142,0.02977655275873076,-0.024541550613106956,-0.09100914304000628,0.030431918384319728,0.006636446614457412,0.06236972270105531,0.11811538015302299,-0.03460065932049051,0.02546769061041181,-0.10444179262043878,-0.003688085424797849,-0.04370747560832681,0.005267606723712872,-0.07323640336742589,-0.03311096134452166,-0.01313192055420284,-0.1491977243497356,0.4676429260706191,-0.026459518317607535,-0.0927032793497345,-0.34192874504658005,0.1605572719413586,-0.007246616976808644,-0.009372163643006056,0.024066005623571408,-0.007161732173541348,0.05448314717847437,-0.06892624627293933,-0.019319706740694324,0.005854188665824429,0.0413946188335124,0.015058512795886951,-0.05741384899032695,0.003617682998419993,0.04232991008566266,0.040990064620680985,-0.1234004781743566,-0.03180359930689865,0.1304852865896205,0.12078061412079291,0.0022548457310068684,-0.04492086326187032,-0.03187295238018041,0.0033981764016196197,0.1584823973077896,-0.0023621870473620227,-0.09463207536925183,-0.09144988466039622,0.006744491817927735,-0.015504496025548653,0.0012211536286316803,0.22466971350436743,-0.08570260484420993,-0.03115657795079929,0.009435060940210026,0.005745089697809787,0.03470426548413722,-0.16468161965796282,-0.044849969623056506,0.013730037636183266,-0.06427632691245642
blood_glucose_std,0.14289719825294142,0.27347525538722584,0.10597918920177124,0.1077408845410941,1.0,-0.025340217717690572,0.12864638936991749,-0.004423631183889372,0.00765819522931458,0.03091237111614657,-0.043311460948384416,0.08847895653851802,0.0847365489627565,0.05653263268287455,-0.17562759882696963,0.11161954617696472,-0.07626223296855474,0.15976199908369298,0.12136410644660053,-0.08801767026478505,0.10498473237051548,0.27233929924486394,0.06789856576821435,0.00010105434817475189,0.24673422932640512,0.11784284010016605,0.034800290854597765,-0.016798622257962616,-0.059813210676770825,0.2475031240908794,0.08255580770638077,0.23811684721099616,-0.12986144562202956,0.17213989692913712,-0.1980575651672407,-0.01989225440574758,-0.026625152496426784,0.03200694878311276,-0.182938807235004,0.05751082913731069,0.1567305109192695,0.11046180950851676,0.040193535182477876,0.11559230168243212,0.012855065202912144,0.05776440250519445,0.02369187503066384,0.04094695900259004,0.05704744730469654,-0.14917586441628625,0.029421517513258624,0.00018275623206681638,0.04202556026008536,0.06808076940887063,-0.04595066139967506,0.041338714401317235,-0.08425189101253788,-0.05801347632138095,-0.09461893199404944,-0.001197539517147142,-0.04655196137231841,-0.1360963098864618,-0.08005026490388693,-0.029993726081176952,0.17286963271806954,-0.010380653688040854,0.02625945778400616,-0.04497139425066311,0.10067929696822639,-0.08193982573469218,0.008387900098090224,-0.03617332825945627,0.021668698579959476,0.16825862710127212,0.08419102703100653,0.1652389244283507,0.029094029313934885,0.13176149965313305,0.10055330022159883,0.026465137877297856,-0.0908249569305277,0.039808802149167447,0.08102176534425738,0.06376267972940766,0.08273936113293398,0.19456382049888635,0.21103561263820883,0.07489504267303476,0.0006014281475151877,0.05275149105597284,0.03652978299312682,0.19360770019813914,0.04789546055581056,0.07395315143341002,0.03977142993088889,0.03882767991934448,0.00015922027311252108,0.11033003486433422,0.28715817273769295,0.028428953364614235,-0.03637657152199642,0.06889463691852157,0.009564065704002643,0.028200405951138423,-0.14789566571439303,-0.05938272387636122,-0.056364815201482885,-0.04337286513724733
total_steps,0.4481301233516015,0.005912446631131684,0.01154299176038797,0.3997424713779678,-0.025340217717690572,1.0,0.37352387157347067,0.4141529904777899,-0.19242204338025146,0.028186907184962244,-0.01662738022207136,-0.009024158496139422,0.11976134903460822,0.0536715987630637,0.42216551798619,-0.5159040942411924,-0.12350593247106073,0.03986644192386033,-0.003157593408642388,-0.12617152678596094,0.010480498184682352,-0.06671113779418283,0.027359911818621487,-0.14670535657281727,0.013109028985638404,0.03205011066479507,-0.0013354822066729184,0.015035706315850309,0.04785384302182514,-0.13368065571065807,0.11001522412948384,0.0064717492597518265,0.17028294783464784,0.05716913240708976,0.24795542458396946,-0.06725561932349461,0.06648044910912708,-0.0138063858763097,0.25685088513782356,0.0315961726635707,0.07026698769897029,0.04657948777701082,0.03152255458732549,-0.07803839354913196,-0.0053244243586678935,-0.019573703675004488,0.10315574141766204,0.016298008892195064,-0.014102931539934952,0.07748712673695642,0.0853995516090923,0.05041059092327706,0.06864574190499208,0.07523414006984755,0.05422778976504318,0.03312134800382319,0.010512778460418268,0.05141797953088472,0.007996954995920702,0.052498327370084585,-0.0351018922567629,0.06424513090019003,0.03252671542933,-0.07581358263262139,0.3248838093639581,-0.09553244694390985,-0.167665184348746,-0.32462281077841715,-0.06204642468819879,0.08214194185390994,0.04572569876577299,0.03054769049657313,-0.04768189537222917,-0.09282046964474905,-0.13390029948635396,-0.2085806203783466,-0.0698311408948014,-0.0043159298015915705,-0.04173749729011986,-0.0740789798127659,0.010344366299576238,-0.025621679409677422,-0.029434388088336035,-0.18210512552302568,-0.12773781152520786,-0.03647320314229394,-0.0858888044981668,-0.0801284342036003,-0.059593116185779796,-0.06860352834119379,0.0009831112736094585,0.020059227135310137,-0.043505820108614444,-0.1676971523937967,-0.09349512171612748,-0.004613444393137379,-0.010725356528838997,-0.11656327487129235,-0.033923508301514985,-0.10875282840070817,-0.04474212436658431,-0.041402799001232664,-0.11924135194645699,0.18151635106975889,-0.059022914135498136,0.028835176516675894,0.04276099855012549,0.0032476384685978248
resting_heart_rate,0.8138499168976905,0.16935551779138827,0.1343065599885381,0.6903251161016196,0.12864638936991749,0.37352387157347067,1.0,0.3731642076970198,-0.3001266000203441,0.1338620787532832,-0.1620080122110272,0.0513587252523172,0.06269488304808717,0.024003353570435242,0.20606602868688276,-0.25914938132585574,-0.22348371564416653,0.0679332429203901,-0.10565301881298866,-0.28243200225336723,0.1086284407767691,0.10463939870735153,0.07196295892342093,-0.23322562119516688,0.23033967906130876,0.06162086986566451,-0.07236866232200431,-0.07980471940546197,0.05747985973562808,0.03305983912702565,0.13076209668985964,0.12196611368414441,-0.06640515459456957,0.1511895575219781,-0.10895887515039931,-0.09887470671437337,-0.018807832641648897,-0.007761010756789126,-0.113956732685899,-0.007370132149496161,0.05084919174996184,0.1070618226386991,-0.09248948352705134,-0.02386530858684897,-0.0577266382343412,-0.037249760337710824,-0.021700956377341606,0.010108986641553564,-0.04289823016414706,-0.049474758082900895,-0.010741591491973864,-0.09186381172817223,0.05029191743862311,0.13940258537410863,-0.11280020415760741,0.013520879586028815,-0.11012019409998673,0.03288891132876721,-0.02325478488059698,0.019832484690892157,-0.040453151979526925,0.008382033776047747,0.09135838446798086,-0.14818185064114864,0.520790464445343,-0.006135206388597904,-0.014741069791211557,-0.3107545149377653,0.31907838125689,-0.0024973513786427106,-0.07165614201141714,0.02865376174181839,0.017217882886165218,0.10279704533321392,-0.061636359466349974,0.01661938801201946,0.04393866582454123,0.04718724363663465,0.04187092160976781,-0.08018213043047324,0.023948120558591447,0.03361826973989692,0.04846106499192353,-0.1610545866554411,-0.003927436156729149,0.16959857436158815,0.1828770461321704,0.02352179134936268,-0.044949879187948544,-0.051384019322587494,-0.008156668318299413,0.24184568714360824,-0.02565038857990313,-0.07553956359428195,-0.08053928293739697,0.0023240804403239913,-0.019128163244565073,-0.007706205026487482,0.3192340093633259,-0.09654445703140475,0.08834540349592312,-0.017335125147709327,-0.020815613590959372,-0.07578692707564592,-0.17591040228233068,-0.037829428155515,0.001596017568807603,-0.04083747930693274
total_kcal,0.421475451128993,0.01763812785938895,0.04385779072940121,0.37259221624342725,-0.004423631183889372,0.4141529904777899,0.3731642076970198,1.0,-0.16490700205797051,0.0248604154993389,-0.021186412012924045,0.022967479189258573,0.09494430826094583,0.09220345133174347,0.30704430160887664,-0.41965064493387244,-0.11177738573155771,0.08405067732211052,0.004241844438154524,-0.12370207901331892,0.04720849717196058,-0.03160602560884814,0.025477275634510892,-0.13339625341059586,0.0655906712959873,0.014739800364461661,0.02877356737682444,0.021351714925648413,0.015174831279497737,-0.08298801982891331,0.10972815368479039,0.03381055109042679,0.0940278025169778,0.07128149030814615,0.1799883535773139,-0.07533779641891264,0.05349526162272397,0.026903417511308664,0.17383070263668227,0.047673754798642824,0.03007684889352134,0.05638114638577006,-0.00026586015489960663,-0.06480257114987632,-0.019601074777339612,-0.012538373676768856,0.0538470575772776,0.04017938897961348,0.006980832250332502,0.08805911058372773,0.0419010001971746,0.00648228445216581,0.051025511988981316,0.07963277225604543,0.008733862023119642,0.016611692533746364,0.03294391207409607,0.07636364248945089,0.008478762731036349,0.05240061078617437,-0.07169036665911634,0.041435463069558795,0.06681189213234642,-0.06436081498339082,0.3052244564398469,-0.04744456640092539,-0.11045144495918573,-0.23435999370670124,0.012554193831941908,0.040963087672866036,0.040547193599114545,0.004540339977764544,-0.05061386928665546,-0.027074771602208732,-0.07169915361972745,-0.15401670744368634,-0.03248084074310461,0.00702741722859681,-0.047128942284943846,-0.024240351079366958,0.029163853832454133,0.007421189224815497,-0.02421058963801957,-0.12342230456421549,-0.10732406155276736,0.010319173950526823,-0.03996909463904524,-0.07011528504202151,-0.03287518694242376,-0.04062233000567576,-0.00037434782786497495,0.07875901979724091,-0.04424866265306643,-0.12440724732625232,-0.050260567749814807,0.00910493830891157,-0.006898154558585931,-0.08856107560793826,0.01900312498067726,-0.07068316149728321,-0.049402495447665895,-0.036899595724206306,-0.043409472662750345,0.10998746506759668,-0.0303849831437554,0.03506493775061994,0.03410466788057169,0.05483000447103041
sleep_light_hrs,-0.2920460249128428,0.012783676111366334,-0.008429795332701233,-0.31479575939254606,0.00765819522931458,-0.19242204338025146,-0.3001266000203441,-0.16490700205797051,1.0,0.0028186407702897164,0.059451411428608464,0.022235498912953747,-0.00657738052140364,0.0024862783847772584,-0.1648202290614079,0.18188201852424873,0.09999031258929655,-0.003962120689527247,0.058233723929699784,0.14055853175370872,-0.03917821284195842,0.03941896598106248,-0.056249008875596876,0.18661051637204626,-0.0024712101386068605,0.02435388100049681,-0.023282038197464966,-0.04939236890661843,0.04118739213921633,0.10911620751757328,-0.06636923022920704,0.04639126732255002,-0.061978244849196305,-0.006242565797597391,-0.1652287245518892,0.06566105469452777,0.05444410259202525,-0.08495883886886677,-0.17989687031343826,0.014784176045150836,-0.007740904619372933,0.014247223577996964,0.07591941938956627,0.0839878724949556,0.11544867873585651,0.07349684925271631,0.02986767145269846,0.00013832803027716997,0.015746690906822756,0.06162752404610135,-0.01230839103645746,-0.007772790260239617,0.027070866573449662,-0.037265680626079635,0.09380735191060698,0.038476421842448164,-0.0006234624148133021,-0.04543751399446054,-0.0458220081185853,-0.04232501114345981,0.06482028103666135,-0.0038995035842577883,-0.002069412481869107,0.057192272273237324,-0.1239878647711067,0.08065093628564428,0.11011594450041096,0.08932763044439906,-0.01803919660911443,0.021767776439814968,-0.11122806005722878,0.00791373274674466,0.050382143630424155,-0.00674550723012099,0.06940353649846345,0.040384268565658,-0.00950977586229157,-0.020265295066275803,0.024806692419313447,-0.008233308685210139,-0.0648055935703014,-0.051350182316611495,0.015252706498103577,0.09569267728304981,0.04305386087640476,-0.019384355548173665,0.023196362779219243,0.04557935254003792,0.026087767556462416,0.028266465790293984,-0.01251322563915803,-0.06646100603073828,0.012863565117850693,0.0685216657774583,0.018324154515238375,0.01109719433131307,0.019974430807669214,0.04494139057153595,-0.020469415291994433,0.03281644292781702,0.21894513596922244,-0.0025584084175798967,-0.2044038258107366,-0.027336695077106985,0.05771272568281291,0.019110009806925524,-0.030962120180610574,0.027049396950579827
sleep_deep_hrs,0.11500125179304796,0.06345686823717342,0.06427171792916947,0.09228161053214992,0.03091237111614657,0.028186907184962244,0.1338620787532832,0.0248604154993389,0.0028186407702897164,1.0,-0.04084713853985445,-0.00014698772618880823,-0.008403583781433003,0.002066742550548376,-0.01465290633075201,-0.0008427656362467448,-0.03225916643294781,0.01959556465254574,-0.007826854468032293,-0.0443871509462774,0.022545479011672823,0.05948517254620761,-0.0033104082730097393,-0.012479555615264802,0.0695682056967771,0.033931376501654335,-0.06634431458703326,-0.07905164194937858,0.06400944074954412,0.07040793860997195,0.005166249710134646,0.039830951824517326,-0.06489520465035829,0.06635255776717072,-0.0682451457257936,0.00039835894221342314,-0.03776746858204767,-0.03770682198691789,-0.09700277895087653,0.0020083446895671673,0.00044909725619626003,0.05072807887451321,-0.007439768386310519,0.020977738019161668,0.00900279868152857,0.00879288376534361,-0.012221191188938992,0.006619750589786724,-0.001269684378772,0.0197698316635945,-0.0014955141422301748,-0.0162252411400805,0.018217983613872606,-0.0009551166422336263,-0.016139947228368933,0.010092075320146682,-0.026235875593627025,-0.008427921582751985,-0.01754358181284872,-0.021776661622186753,0.010920042503811744,0.02732524659604791,0.032688072260773623,-0.008057609787960291,0.11150570451964747,-0.003616445161601801,0.06586466833012337,-0.01928728275187241,0.12309239222663576,-0.00102932239041736,-0.06650611291181986,0.010873643867436791,0.04149485789751213,0.06286063979288657,0.02459964988727354,0.03393332274503343,0.04539191830579901,0.01746078083814276,0.05133351583307882,-0.01267901143694343,0.007570561234989014,0.010014343543276778,0.028569852308137873,-0.006137955896931367,0.046201778932287295,0.0655290598822724,0.057733462637092274,0.023396060587974735,0.000974605403948567,-0.0005825274734258271,-0.012239371113746901,0.0749672668928357,0.015528724598735189,0.022509515507056477,-0.00917959201571983,0.001219181351300525,-0.00013242304417236672,0.022936084921410985,0.10247325471223331,-0.009574486835096579,0.10839589286871831,-0.006364079909462375,-0.06258659817288152,-0.05148446403402887,-0.02516626458927416,0.01970089846978979,0.010976614524181813,0.010692383270552412
sleep_rem_hrs,-0.16213061278066163,-0.07526903186831142,-0.013810860820471504,-0.1301722605556797,-0.043311460948384416,-0.01662738022207136,-0.1620080122110272,-0.021186412012924045,0.059451411428608464,-0.04084713853985445,1.0,-0.03009278272071019,-0.011794126520709563,-0.02220053907207467,0.06729753761872499,-0.04382245007319278,0.13545180669796184,0.031528084523618334,0.03752451689020997,0.1024722733405596,-0.021741395056860954,-0.05921001736255295,-0.009249405251484866,0.08246033285012667,-0.06101216554100061,-0.02052770588763114,0.051705159680913895,0.06675818942506379,-0.039919352357432915,-0.03952362102622446,-0.07687363603613918,-0.043586304986379644,0.09592052548563973,-0.018137673085586392,0.10333859301010408,0.011387540100753692,0.0011344421939787801,0.0371233531573268,0.12781335110186048,0.014032271124914068,-0.026062290709183693,-0.03074846497642651,0.040128186177084905,-0.03035210121187503,0.0006105384447159727,0.015978834624061716,0.017025582630775617,-0.004976586354546334,0.06108473669036649,0.0811928708474496,0.0452275186023055,0.04878309926074249,0.011312447384371453,-0.0643481278650679,0.06933281263047962,-0.0140794458443624,0.08864039133702854,0.01969580911369761,0.03156575343606968,0.023501850550340223,0.02266429345815947,0.050503111816129403,0.02519419790654206,0.04753505517663589,-0.10300016594936996,-0.030132120096614066,-0.04935728702960328,0.031649493726801196,-0.11093589506066504,0.054443764279222255,0.038704881336777165,-0.010942991207387311,-0.0323235883804238,-0.0598601230712735,0.0016925165973360596,-0.05715804082799633,0.0018062865392229714,-0.03799061107721434,-0.049159172840738764,0.039405423850318054,0.024023141532264217,0.0012892959807952358,-0.013400695883889906,0.0017504472862686223,-0.06397658530935295,-0.07800267639498473,-0.10259891502636809,-0.010999403911093547,-4.2372629173379554e-05,-0.025599144409256515,0.0035982617880281273,-0.09231994565586452,-0.032309473583381265,-0.04305897843813148,0.026464850712574425,0.033956482945535285,-0.007284570995095839,-0.04586484483493231,-0.15110501205606486,0.015273939517277993,-0.0317414882898215,-0.03340885254258394,0.03467285587716465,-0.0005003053382863495,0.087611358389516,0.05541065008016534,0.02260268187378415,0.031350580547117333
sleep_awake_hrs,0.06448077794103765,0.09836851507703893,0.044855652325676565,0.044574084533412245,0.08847895653851802,-0.009024158496139422,0.0513587252523172,0.022967479189258573,0.022235498912953747,-0.00014698772618880823,-0.03009278272071019,1.0,0.012329326735412574,0.010054835466823306,-0.07636310816309184,0.02180710694878272,-0.08039576307708343,0.070216743620281,0.056946584963886465,-0.05228480894436098,0.04949500326197825,0.1357772782970271,0.010617441367491095,0.005148907029548434,0.0900897054620333,0.06876438992094212,-0.025017439606259552,-0.03359833690729893,-0.004131562395395864,0.13428310760064455,0.09093027488760796,0.10279339862979738,-0.08662367337125897,0.08044360487747981,-0.07000219981594999,0.001705338118601783,0.04459209293964597,-0.015332029480084787,-0.06939642468979605,0.05968123178965742,0.06361405725020795,0.052914208801631585,0.035050496643828755,0.08405074863303702,0.013071496148219466,0.0401537719088766,0.00697734964304728,0.05904879200649895,0.057506300080082215,-0.10137076631198802,0.029999295340971625,0.0025282165538047024,0.05371332864757614,0.08481721129600507,-0.03231570799833256,0.05474014135445096,-0.06344296977668797,-0.04680360712323875,-0.02753515385688974,-0.033655209297496415,-0.06222084820358632,-0.08577730319212674,-0.03671095675548,-0.03293170317006949,0.0741568054627164,0.030677673420528382,0.02011535151982987,0.020648321667654047,0.05935208780184585,-0.03696059156198349,-0.019380035535995488,0.0013309405303452515,0.010958292645140305,0.04340007365244405,0.0017206062194518891,0.0511732967309187,0.019495809924805166,0.04769069425510377,0.0018099885270086698,0.010410086022723976,-0.026122723310497597,0.010989886715481156,0.0404821309539877,0.02033279147261725,0.02909867095291032,0.07873012385484543,0.10087945696580232,0.040245628631508455,0.004621866442521101,0.045299074125214576,0.052052584252846666,0.06232842316162001,0.028459970477977513,0.04427096873898714,0.01628605839908127,0.002827463416399454,-0.001166298977476963,0.04945030802075292,0.11415774137880304,0.007251568770092057,-0.016958183408509832,0.01697310998132122,0.020464198150929865,-0.007800840064918369,-0.06819210750703049,-0.06414261240498122,-0.0038114278615676597,-0.05443360830312455
act_generic_hrs,0.10379221318339643,0.09080026846887951,0.02108116349758854,0.09281486879668154,0.0847365489627565,0.11976134903460822,0.06269488304808717,0.09494430826094583,-0.00657738052140364,-0.008403583781433003,-0.011794126520709563,0.012329326735412574,1.0,0.12769961168394497,0.014640142929895709,-0.11511819900118558,-0.051985346943315046,0.07391591782858833,0.059586720690259345,-0.054764375600804056,0.028647546122292148,0.08637870899766086,0.06322344593887423,-0.01206192012979941,0.10371770322547215,0.05897374931200136,-0.0059763776900765364,0.028068265161269264,-0.020517948682101883,0.0671907866924539,0.04539752803210551,0.13103029551684564,0.06312198509276838,0.08400023125548883,0.026657706847035043,-0.014885309882162412,-0.020739907302357398,-0.011572233288214473,0.05639311821584708,0.06615959428045538,0.17224527115818158,-0.0011843358421806014,0.028597439196166603,0.05581132310911683,0.056487819548087057,0.05772920471333149,0.06397939282274544,0.049329712267500665,0.06658601956961577,-0.08841950122494413,0.06504667001443926,0.07234796688891493,0.061842739604101846,0.056613209713192954,0.05229974426764156,0.07428508155207557,-0.08483798661113473,-0.06734874470300786,-0.11497363691883733,-0.0414298695716094,-0.07034739268383704,-0.08393695744430031,-0.07634183322528804,-0.029849834623128412,0.11777287769058098,-0.017024229096334827,-0.011009237354089797,-0.04670458891509105,0.0141433439970814,-0.02212850381098149,0.007211246565700516,0.0359671823155985,0.04840442730596751,0.04741488123927816,0.011120241750085903,0.046630008740527355,-0.00013274558469397214,0.0371724547555351,0.06813550836372749,-0.0017101301089422565,-0.03242474604167633,0.020157229503448927,0.057617625617598825,0.0015349280010113857,-0.005071185364156906,0.03446265912572867,0.033457853275745214,0.025636277889997915,0.0010039115060139425,0.027984968923256987,0.022928684581193057,-0.0005317512688335218,0.05203292599253107,0.02364623597756208,0.008356573639492944,0.039808709248979904,-0.0054063914505320925,0.0234609714472405,0.08371628857898221,-0.007740879398492561,-0.005699454788896038,0.02611753364309476,-0.09992469700053239,0.10510557767833498,-0.08003579293407705,-0.04123802516261442,-0.05185177197318309,-0.034858543212095534
act_running_hrs,0.06714495353209213,0.06056601359295535,0.006974544402112086,0.05373997750542289,0.05653263268287455,0.0536715987630637,0.024003353570435242,0.09220345133174347,0.0024862783847772584,0.002066742550548376,-0.02220053907207467,0.010054835466823306,0.12769961168394497,1.0,0.026090304347673107,-0.09938151731596537,-0.07461679298489199,0.0376362262424752,0.06134796549944845,-0.04874870979921649,-0.005499022355533288,0.08709606854710845,0.05330300559805598,-0.00020609560355835328,0.03859005888368396,0.13887176341851185,-0.005041405470672732,0.011566183206488702,-0.001118964467059232,0.05906182786522695,0.061169129641452075,0.08418075550716211,0.042387532542099114,0.03337796826109297,0.034633156856619204,-0.026717212755648395,-0.0056216823263357365,-0.012133392960651815,0.05867461050041879,0.047553791356596146,0.14711226367695002,0.02933248145396944,0.033553691826946015,0.06899447315983369,0.08201102077769201,0.030975496101994647,0.11213997507889933,0.047723092922020684,0.05145864142094277,-0.13963089709207296,0.07658621744349206,0.0877033127041495,0.03494628861713909,0.08047072541166736,0.10522813582564515,0.048730590492135836,-0.09202528313199952,-0.09814937360198533,-0.1523666807454901,-0.041350824121094726,-0.11696959888253451,-0.1338991738050407,-0.14590354557977228,-0.0536921980735017,0.05339231387472225,-0.010877373038550601,-0.05528823147757313,-0.01063247514105486,0.008875890559617227,0.008698888825721647,0.009895436774164419,0.05134039944020253,0.02211482262989845,0.04264150532381668,0.027006638083984433,0.024150405065534973,-0.018688171820805392,0.04793360401397924,0.03274395941736388,0.007663540593291525,-0.03127499122747652,0.012413876763843461,0.021638815871898753,0.019750377474184965,-0.0006680412237775556,0.02157140455633239,0.018669057665305938,0.01721636094483309,-0.006532876964931282,0.04850588451667493,0.017602463571413558,-0.013339000355794285,0.08546573299392428,-0.012427581944892742,0.02707651836704232,0.009870680379640897,0.014881115027539986,0.004239917653145713,0.04299507363451125,0.012098704171152394,-0.03952352074514055,0.15583684798672973,-0.1012640155893596,0.14507171683411885,-0.06932034076799952,-0.03397491780337035,-0.053656430245402315,-0.042376579972690856
act_walking_hrs,0.24656346240460122,-0.16237141409428504,-0.05182351645127958,0.2414334454670727,-0.17562759882696963,0.42216551798619,0.20606602868688276,0.30704430160887664,-0.1648202290614079,-0.01465290633075201,0.06729753761872499,-0.07636310816309184,0.014640142929895709,0.026090304347673107,1.0,-0.5604831096905958,-0.0075229582722549865,-0.017828069111579033,-0.017114153488590588,-0.05438508351958148,-0.051835040156167925,-0.1824015276769608,0.04963968264251294,-0.11098388868733076,-0.09518990425893119,-0.0543433738955231,0.010287767007975518,0.0501361122918407,0.07987043259006131,-0.24293397564587182,-0.0011762867736502562,-0.13363638483378903,0.2935769219801979,-0.04044966674166958,0.39182288887271977,-0.01675080438284803,-0.008431052945188483,0.013740609949659179,0.4027184621017845,0.018782040859168982,-0.037673199559490236,-0.0247667773338131,0.025894525373947933,-0.14449986428256342,-0.00997582817963214,-0.035312606235206795,0.05977846120502165,-0.0008574312879247312,-0.009577544436657578,0.18968435967849384,0.06406061455066595,0.08734990177158763,0.02496664737061081,0.011005125672062098,0.08686857650045009,0.03532274665066787,0.09793631009272039,0.1046834495835786,0.09323278775535725,0.08001112458349657,0.005148591896293518,0.09369438240852147,0.09252658800050512,-0.011681812529410559,0.09443813695653194,-0.0821888856946658,-0.16540905509630674,-0.15836051521679254,-0.10256936882453904,0.13074966060233986,0.06056585227750954,0.04433736196099011,-0.07324102125659383,-0.1641012859249021,-0.10195266501737961,-0.25062933240158025,-0.043958852216485524,-0.03730569052446111,-0.12241671847926207,-0.022615488697547977,0.08340221765445054,-0.004766286150106363,-0.06176384331930979,-0.15498214503695196,-0.15943726915096673,-0.14524394649515213,-0.25396923123675674,-0.12227983241409573,-0.03905146362419288,-0.05920853230628328,-0.009058382131444179,-0.11835342316568088,-0.04787986872253308,-0.19092537825049494,-0.06091393338253113,0.004771724248894511,-0.027344382310615912,-0.1672226321982326,-0.25591600550037963,-0.06777803803252498,-0.052551138883010745,-0.0717400715122597,-0.013451172872331186,0.07833263624281023,0.057202790505665776,0.11211023042268743,0.07536390021771402,0.07017792656091552
act_sedentary_hrs,-0.3637537734176626,0.07585381147027453,0.01394017110189756,-0.33078926077385745,0.11161954617696472,-0.5159040942411924,-0.25914938132585574,-0.41965064493387244,0.18188201852424873,-0.0008427656362467448,-0.04382245007319278,0.02180710694878272,-0.11511819900118558,-0.09938151731596537,-0.5604831096905958,1.0,0.07634941641574067,-0.04685137240614238,-0.0408794238601352,0.08739855815314933,0.02006359510893219,0.12189702848468033,-0.0735137282017181,0.12232881085164826,0.02627946166753006,0.017820550694830364,-0.03478248234665236,-0.050756834134632424,-0.03500330869946148,0.20268722341319306,-0.0945006198949542,0.05024772431435587,-0.25628827608873694,-0.009875229301186218,-0.4134436065092877,0.06978800101382332,-0.04147205994971916,-0.04257682641015693,-0.4273667249712056,-0.07473233043307578,-0.056513631000579365,-0.025112692996896797,-0.052128614157889115,0.11162471411698036,-0.0037834218425708125,0.028005753831866504,-0.13521921400801157,-0.04047631560027805,-0.02366605895952524,-0.11302561634330421,-0.10878586112517616,-0.1414124556235439,-0.060624734575805854,-0.07347271862748506,-0.1279290194441355,-0.051142105095934025,-0.0690377984462635,-0.07408994157439472,-0.06174332400783511,-0.04603520629525357,0.08532933360532236,-0.04868022550916664,-0.034954752222223655,0.049256702302277675,-0.20505963864287258,0.1139614400945108,0.2194525827341066,0.23906381725097497,0.14414067149375773,-0.08384386975670213,-0.12133210033629199,-0.023895190779790923,0.08470916565916449,0.14528227651203285,0.13809120650324866,0.26834754708673747,0.09700682750113497,0.023458477522681875,0.09855262223810937,0.04160999051990214,-0.037263391608797526,0.03758621672856897,0.06341338431436466,0.1628643687380976,0.1946453208440518,0.10407418687574135,0.2084242090313437,0.11692358964721172,0.054382384566923604,0.05286084712395615,-0.008796794955560638,0.07417351786977107,0.048212321014769965,0.19824561456075238,0.06273621550981509,0.00475284788350943,0.021783347836206182,0.16003551598914598,0.18722474846849063,0.09522007878893189,0.17166496814515125,0.045413549412313396,0.0247012482857208,-0.23297164822758396,-0.01228614454172805,-0.07415582794897271,-0.0528220862432542,-0.03448738221526992
A/G Ratio_value,-0.2102991020747534,-0.13441089521767882,-0.02406112496197086,-0.18041915442856268,-0.07626223296855474,-0.12350593247106073,-0.22348371564416653,-0.11177738573155771,0.09999031258929655,-0.03225916643294781,0.13545180669796184,-0.08039576307708343,-0.051985346943315046,-0.07461679298489199,-0.0075229582722549865,0.07634941641574067,1.0,-0.04416161463605877,-0.017829101541760418,0.563492657070755,-0.1457400084012725,-0.08209416136324399,0.08001543023696772,0.26240824599900514,-0.07000263291704246,-0.03604503041591091,0.08871805017009683,0.044088623560039994,0.12122398625315657,-0.11035697014299999,-0.7459045389220215,-0.14070059584605682,0.026853860413051565,-0.09908509914609465,-0.07291906886408438,0.07296417298285963,-0.4424571812077683,0.1641256020081667,-0.07822093264740236,-0.021061919658773125,-0.022629872921653874,-0.1368092117317463,-0.046272258277945025,-0.09460330288613743,0.02842957056715308,-0.03709025213662064,0.0582765674447053,-0.029300076853648528,0.04733613453614077,0.2564870588347802,-0.007564880752440097,0.06097718674943112,-0.10114906719757596,-0.1726720471842021,0.17412687169716737,-0.04791708039452976,0.20093177718064945,0.04756096805175085,0.08338976225573916,0.09478854011226218,0.07963752223795245,0.08237689667428003,0.1061811882938789,0.28167004344805846,-0.15429666169493195,-0.06831337001341554,-0.013655740243879867,-0.03742195617176889,-0.20497463453184017,0.006856564718602687,0.04077190319428403,0.022757959253838726,0.03422144064643044,-0.006931773094102639,0.13073860429719755,0.038995699532532596,-0.019261613468217254,-0.03818311706225478,-0.029582230672320884,0.09370075775609009,0.0240974372599559,0.008891529875031426,-0.021421692418065626,0.13817338946895835,-0.043123463072801294,-0.0001744224013813411,-0.07192125793328322,-0.022811957896970523,0.026147709457291158,0.012539608445647945,-0.012899492058462454,-0.15407844556785236,0.03912651457355414,0.01318605483711175,0.0422171432444427,0.005587384038522507,-0.00011749321781951803,0.018564801187876935,-0.19337822513204425,0.06844364726417601,-0.026771541296376263,-0.02290890542048778,0.00896067273897934,0.02026472700797043,0.21401913926777857,0.1583026458183846,0.027897569536664335,0.1392037951545466
ALT (IU/L)_value (IU/L),0.08704925055985101,0.12678605345286628,0.08208444260716886,0.055063258673089484,0.15976199908369298,0.03986644192386033,0.0679332429203901,0.08405067732211052,-0.003962120689527247,0.01959556465254574,0.031528084523618334,0.070216743620281,0.07391591782858833,0.0376362262424752,-0.017828069111579033,-0.04685137240614238,-0.04416161463605877,1.0,0.15069540559381478,0.01771628344516562,0.05286405651019079,0.13103656823452658,0.018214782576329486,0.011232195452744929,0.13649539721635084,0.045185538054755725,0.048308275220594624,0.009991803817193005,-0.020367150614543028,0.1223050298999943,0.12441684231471609,0.11384809720151341,-0.05701929883821363,0.128501313147767,-0.020397855536806078,-0.046481115656173716,0.1257451271906439,0.0820431636945156,-0.03526428049996101,0.07168061922084963,0.0779627824076126,0.1097229965333719,0.046164813578014476,0.02613680345193293,-0.010863676538071926,0.03277935490743411,0.033904668274834016,0.039349485643506724,0.1045826704327743,-0.018486474771874366,0.049723156894491936,0.013669767672816741,0.04788486337528405,0.02373964229270507,-0.045380488396890684,0.04414873651035513,0.032483370526829765,0.03751674688153716,0.01827879556077559,0.06275268989329714,-0.04816383888226342,-0.039810506725240724,0.007370316398867771,0.033593816987627936,0.09240315953772019,-0.009261643888574537,-0.02763506092653879,-0.0029654943728292344,-0.00548516372568711,-0.02904785308938751,0.10050353083913431,-0.018595789907071985,-0.034968225076653404,0.037547572161618,-0.013567766444585107,-0.013047883493882646,-0.01692098727116777,0.038933976330551304,-0.03339385323814081,0.021672210283468003,-0.023700757196966276,-0.03478905189219044,0.008594162758639326,-0.01190900120960403,-0.02816246945192908,0.07770531612800441,0.06975303225086418,0.012327687640638562,0.01152923666570725,0.01596720636996789,0.021064248030963094,0.11943948134328335,-0.053157846539461706,-0.030778138221988306,-0.009319204192512505,0.01596585204501541,0.0018286042348632536,-0.017786561356888487,0.09657101087861128,-0.018847899259186854,-0.11368534155522023,-0.016126804392642902,0.0657721916977824,0.0508917123058353,-0.02434900533535594,-0.023877750854636805,0.017595706715959825,0.051694962123272736
AST (IU/L)_value (IU/L),-0.06861207786527648,0.10169669076506566,0.0616726292686248,-0.061118555037302465,0.12136410644660053,-0.003157593408642388,-0.10565301881298866,0.004241844438154524,0.058233723929699784,-0.007826854468032293,0.03752451689020997,0.056946584963886465,0.059586720690259345,0.06134796549944845,-0.017114153488590588,-0.0408794238601352,-0.017829101541760418,0.15069540559381478,1.0,0.03025945868204162,0.054271583235049825,0.11767207920666092,0.008479742079981315,0.020290708378464667,0.09449937781049028,0.07748897071694826,0.09826256401937943,0.055740892841492744,-0.05050052122887105,0.10519740766890016,0.09424262324378578,0.0625086730942022,-0.007450541966415443,0.05166271246850732,0.060766241934512376,-0.00018729937191774658,0.06582931380467866,0.10749515944515607,0.07334780768632895,0.062378138191216445,0.10894779477479082,0.028720748494117803,0.0754891133070611,0.04145274004562477,0.03532869382693229,0.027534345946705473,0.06715073947711828,0.04331514303211715,0.11910778941026295,-0.02338553708347881,0.0743030569133097,0.03810603653997886,0.011900024281319086,0.027657052613802614,0.006970719407104232,0.04462250287726455,0.04578792438211967,0.002040590414550298,-0.0018165605302021257,0.017290470417026405,-0.08381058630975892,-0.052010205794415995,-0.0349679529861614,0.02493620051455198,0.0059941155846163965,-0.02008421268556384,-0.007674966560275144,0.10834901344053884,0.00370623846060157,-0.04327794655048768,0.13666206530371203,-0.02995310287835538,-0.0028214456020263065,0.032078611909849904,0.027529114596540054,0.018521783231491572,-0.04572558167360674,0.04085941918814161,-0.010684653430261684,0.032144960840769406,-0.030108095343663103,-0.04981867704184297,0.03570243301771966,0.051670872246099286,-0.042334244438649346,0.013797310495461335,-0.016055904558071748,-0.01851350735831152,0.0100334548815002,0.026486439501229572,0.031513837336993186,0.03725299223047601,0.012972982599058139,-0.010984958322436098,0.04600017241882769,0.008923385266243046,0.014948338285535356,-0.014357792209346389,0.01148573681373396,0.05229724852635332,-0.1685928223447445,0.032522719837364815,0.05288921528343783,0.13583654147767085,0.006537666003387359,0.0024774348706066533,-0.005807166044078889,0.031169238516342165
Albumin (g/dL)_value (g/dL),-0.24318138605793344,-0.1253413958015607,-0.048769456849674125,-0.2243627836304793,-0.08801767026478505,-0.12617152678596094,-0.28243200225336723,-0.12370207901331892,0.14055853175370872,-0.0443871509462774,0.1024722733405596,-0.05228480894436098,-0.054764375600804056,-0.04874870979921649,-0.05438508351958148,0.08739855815314933,0.563492657070755,0.01771628344516562,0.03025945868204162,1.0,-0.19738198028931186,-0.14168704939750645,0.0014488857160066613,0.2711319310806828,-0.1093332999043313,-0.06166969753202179,0.15682933072668265,0.017236906763032446,0.2294389185711262,-0.13475400532601609,-0.500701101373774,-0.09449479409437733,-0.04865574037838635,-0.09001380792032365,-0.11491735070302327,-0.008708259028317695,0.0719887531681057,0.2840631739150276,-0.15038041461981655,-0.06151382176128166,-0.025928479277614522,-0.06103753317466244,0.014269246293021638,-0.03686938823794596,0.05496487588056424,-0.029547353996669332,0.08294193316621418,-0.04214249613040914,0.03265072482328896,0.22343895426403246,0.0059832693062546625,0.056492471420875434,-0.03724780514807266,-0.15528541934433776,0.1360491168208976,-0.046295965830200604,0.14787691599496036,-0.002863729946598755,0.07193777270151058,0.08458254433178015,0.051146819256838116,0.05441229470270634,0.01237321344471243,0.2327929555140659,-0.0821171830886651,-0.020648240809928817,-0.07614446213347216,-0.15464904471155635,-0.3187244169724653,0.011416399355917033,0.08295558752083974,-0.03597157767015605,-0.02078330218223343,-0.10243232561394025,0.029300832659024466,-0.09700267200564583,-0.1264020695820465,-0.06485154918357396,-0.07527956114840147,-0.0173256348581165,-0.024720292131604423,-0.14155183325225174,-0.05371632040613485,0.05589964810028934,-0.08558801940983128,-0.024902213815511987,-0.07297943979584823,-0.08494425091181577,-0.02705023761734967,-0.010704279195332022,-0.030343067146119885,-0.1602596676213903,-0.04928850142809844,-0.045002387322564424,-0.012515459322964625,-0.0005636246731354187,0.0025555115750765583,-0.05153801444952372,-0.19094184076187143,0.0035737383892377014,-0.0019509528478382039,-0.01932914795685122,-0.12803000171491138,0.1405086394403357,0.19714568623677867,0.09886429991555028,0.010151957724593248,0.0793942236206904
Alkaline Phosphatase (IU/L)_value (IU/L),0.08684056605141888,0.09064416107099649,0.053268557240263574,0.08762413844467482,0.10498473237051548,0.010480498184682352,0.1086284407767691,0.04720849717196058,-0.03917821284195842,0.022545479011672823,-0.021741395056860954,0.04949500326197825,0.028647546122292148,-0.005499022355533288,-0.051835040156167925,0.02006359510893219,-0.1457400084012725,0.05286405651019079,0.054271583235049825,-0.19738198028931186,1.0,0.10028445680087766,-0.01765015899895841,-0.07868959297039503,0.10257878175741837,0.028206579662051704,0.02262137207545197,-0.05786760334512243,-0.07812502239453041,0.09342362003232525,0.14671524883893516,0.06123036705862505,-0.03145887720758303,0.09810486471608619,0.0318953917465411,0.014840476235018022,0.007158644891472491,-0.037917880228741395,0.02454039558934836,0.04213730054235039,0.017033516099764244,0.03535398118942423,-0.017426586045959164,0.001296605979632157,-0.0515239048852363,0.0107217836424973,-0.057084274557191284,0.013350033813054352,-0.0028124915145759048,-0.012769253604071691,0.0002586446961891825,-0.045076227021823775,0.004902775318455673,0.03708477600004349,-0.1008152821296487,0.00306973108557623,-0.003887026326966352,0.022429767958119115,-0.006996099237712659,0.0211278906795333,-0.010632744832556988,-0.024681438241242647,0.046984960568819546,-0.040279348048396356,0.08208754462572794,-0.008308815085775167,0.02866598925743439,0.03658767213294328,0.12799321110017578,-0.04026799106911143,-0.004323705820232097,-0.03845714617002867,0.005111688094096902,0.07972335302221813,0.020291505989866,0.07457376422180499,0.03642918270839557,0.011091530801940721,0.037990272953140725,0.041287646800714464,0.024001738784107093,0.07436366160411435,0.04470863403952467,0.008786581488569277,0.012524112710196733,0.07207045540268049,0.06753033166154089,0.05855555005122151,0.020865529002585793,0.017612132730894223,-0.0009600361345486841,0.11922713326050323,0.020509650864444156,0.02017329706054878,0.0358051411836929,-0.018490383402703498,0.005360037399548667,0.042044862606940674,0.11915854180046967,0.02925822653884265,-0.037910386567343884,-0.015142156471979076,0.10134347296852857,-0.06513681928187791,-0.06892157366825381,-0.021740035911024115,-0.015554624111428848,0.022349138124095846
BUN (mg/dL)_value (mg/dL),0.10366191313846414,0.30290612033468506,0.13225075243501147,0.07927124939497025,0.27233929924486394,-0.06671113779418283,0.10463939870735153,-0.03160602560884814,0.03941896598106248,0.05948517254620761,-0.05921001736255295,0.1357772782970271,0.08637870899766086,0.08709606854710845,-0.1824015276769608,0.12189702848468033,-0.08209416136324399,0.13103656823452658,0.11767207920666092,-0.14168704939750645,0.10028445680087766,1.0,0.14297640721347735,0.01879851679187207,0.2712384811761056,0.13964819779680376,-0.04346666390545418,-0.05077276438301708,-0.025268231595336837,0.33937456289791845,0.073230765813583,0.23046427699905606,-0.16540279130368646,0.19154844226769893,-0.22703634483362561,0.04215790711822005,-0.12192702296457966,-0.020576258806654462,-0.206655769707142,0.1289278928887492,0.1901563205196444,0.09218063919480918,0.04026364232764104,0.2043691619952591,0.09140723982580064,0.12096725654538272,0.08716988075215697,0.07448761865471289,0.0805171083947478,-0.2410821579806689,0.05342286129827557,0.0723420531685263,0.0685654646694115,0.1296505442496226,0.06489347179015253,0.08102841913368806,-0.15123120278869878,-0.17096307776920172,-0.16477054778097866,-0.06351157147117961,-0.09234639436216821,-0.17731866299741533,-0.11154084074485902,-0.07351403575254808,0.12183654648527975,0.07414944777589504,0.13099879001382597,0.11481824339174014,0.2300696388511031,-0.07441824361068317,-0.053920752626914245,0.036471104177451884,0.09663975613981823,0.20548639996769905,0.1272063253008874,0.2672091856146653,0.08823105649849476,0.11506341864119328,0.13833278060596604,0.04552754231994347,-0.09351838869682151,0.08431241022853687,0.13228320357750206,0.13966682041514175,0.17235194600556722,0.17503596500878327,0.24708913272212168,0.12080168884648884,0.07490188933470703,0.10978332853481139,0.0285383857617938,0.11971334057971887,0.08892171406770952,0.15138499239729097,0.04930350417570528,0.02536946754732328,0.016540849125849084,0.18498498439500408,0.3070676337705519,0.07319372750101759,0.0346054742777962,0.07954722922680327,0.020216229047240377,-0.07108532421915276,-0.1420695252368304,-0.11275425276135853,-0.08207067241214809,-0.09529625570622685
BUN/Creatinine ratio_value,0.11544395344591936,0.06854450859699754,0.04601074431535651,0.10656980308221294,0.06789856576821435,0.027359911818621487,0.07196295892342093,0.025477275634510892,-0.056249008875596876,-0.0033104082730097393,-0.009249405251484866,0.010617441367491095,0.06322344593887423,0.05330300559805598,0.04963968264251294,-0.0735137282017181,0.08001543023696772,0.018214782576329486,0.008479742079981315,0.0014488857160066613,-0.01765015899895841,0.14297640721347735,1.0,-0.012888903945092789,0.08904463718801554,0.0266861813057755,0.015642044518470725,0.032769762709323115,0.01610959889342608,0.02682171018783018,-0.1018793731223915,0.054449005119716946,0.003993670456445347,0.0244446163951764,-0.018827792606426166,0.005233084727436503,-0.20137815426683464,0.0530459887914861,0.004900799752950787,0.05108617600197638,0.12223903928969639,-0.01777537103983316,0.01154519679338217,0.05662371893794641,0.06720643320011216,0.031325305615423994,0.12108551887383957,0.010254886215133478,0.06792972661015857,-0.12543948276919462,0.04967413386917459,0.13201669359745516,0.005177219170173402,0.05557667927102422,0.1122739976281879,0.03878273458404364,-0.044115959226688053,-0.08052339359016479,-0.08424769248915322,-0.03565634098106738,-0.04414747369755264,-0.11406822815217543,-0.1043988440475326,-0.03631610329867088,0.03926183408278832,-0.05137104414170323,-0.007565974026553418,0.01670551914662577,0.01854754473480071,-0.004032166117659591,0.04737090916438234,0.06315892294722744,0.005937637612681442,0.026080254376905438,0.0613660105209588,0.09625761122206165,-0.01900976334690849,0.029268201730410424,0.040259266886689384,0.02275246529099463,-0.04150250661733265,0.053309711029449286,0.0418844896484758,0.0619722208511839,0.04240937881510589,0.07728424194430289,0.040669636456816725,0.025598072141275987,0.016593298166171486,0.04750878007855266,-0.0071873553707589915,0.008609521654897447,0.04107677943098065,0.03532919812348015,0.017079592540750362,0.025801096662722955,-0.016162549119026412,0.04216679742689932,0.05338186844695485,0.023912672805547243,-0.09931205097608027,0.06016403507642495,0.045257207244105466,0.05296262532747569,-0.057200584730954504,-0.04865707377396111,-0.028066604498889872,-0.05693561491444452
Bilirubin Total (mg/dL)_value (mg/dL),-0.23344867624920365,-0.030916838314389523,-0.026077717787605374,-0.22065836346033302,0.00010105434817475189,-0.14670535657281727,-0.23322562119516688,-0.13339625341059586,0.18661051637204626,-0.012479555615264802,0.08246033285012667,0.005148907029548434,-0.01206192012979941,-0.00020609560355835328,-0.11098388868733076,0.12232881085164826,0.26240824599900514,0.011232195452744929,0.020290708378464667,0.2711319310806828,-0.07868959297039503,0.01879851679187207,-0.012888903945092789,1.0,-0.022703545105919654,0.04318329665705098,0.017748105522409446,0.04452279481704828,0.03952026154970721,0.04279013863434143,-0.22187815620573412,0.012280993847107702,-0.024267819113358454,-0.027786051938988202,-0.13860503841562635,0.04852076182237655,-0.058625902980768,0.020706184140956773,-0.14972238599209425,0.0408933052869838,0.02012046317710746,-0.006746970302800598,0.0039337518267945765,0.05258362193960989,0.09432908665318321,0.04361036396072569,0.06941023393179183,0.0007368128845004619,0.04675466286479862,0.05303502858420281,0.016421998792779648,0.037318979621247785,0.012377752806377549,-0.06767061294120047,0.12086694029381594,0.0329967558118516,0.03216067181419453,-0.036722641007767336,-0.022800195205843785,-0.019782038592218033,0.042182624290286685,-0.017834184027764075,-0.0017960314935490788,0.10031940522571707,-0.1192022788101944,0.048789623748888275,0.05241134779256975,0.04868107996188567,-0.07530624566588323,0.022529027762065137,-0.05067995518970071,0.03691765305488902,0.04937079955687182,0.01478115329115164,0.09134058031559608,0.04285588116828511,-0.018349620856322982,0.009528830930368545,0.01060924047404545,-0.008679344444016895,-0.0418843941990882,-0.03488283675514114,-0.008821620652664884,0.1180590740446646,-6.584672379203583e-05,-0.021456011492468206,0.023661560097755822,0.01398866176036273,0.012636833705940294,0.04668352186655345,0.003410715030012714,-0.095004912277247,0.03140451443546648,0.07115139486823434,0.0258242534050053,0.03245018903233972,0.025683805637382474,0.02284882208473203,-0.08026422175146695,0.03679439621013286,0.12705715061861408,0.021073493279246173,-0.14462511968859518,0.0035215683182454995,0.06573554304941612,0.019588585730812007,-0.01863882694863231,0.0018755265318688456
C-Peptide (ng/mL)_value (ng/mL),0.2244506706203685,0.28070198283365005,0.16057759919627815,0.15974863524742886,0.24673422932640512,0.013109028985638404,0.23033967906130876,0.0655906712959873,-0.0024712101386068605,0.0695682056967771,-0.06101216554100061,0.0900897054620333,0.10371770322547215,0.03859005888368396,-0.09518990425893119,0.02627946166753006,-0.07000263291704246,0.13649539721635084,0.09449937781049028,-0.1093332999043313,0.10257878175741837,0.2712384811761056,0.08904463718801554,-0.022703545105919654,1.0,0.10405009464735149,-0.007949208797060065,-0.10018592127116352,-0.02297042662504673,0.26095725709692197,0.07901999515104031,0.18821901632558033,-0.17351419389801342,0.12247653078223322,-0.19748459059626733,0.006427115300362404,-0.03390846809666158,0.029894222857634614,-0.1994607358698551,0.05542268030972298,0.13035199989173518,0.09901789580465198,-0.010603007387993238,0.0954219619831614,0.03054644935108788,0.040437531175721235,0.04730544004391359,0.010952397071508692,0.05492949710994581,-0.07556180598676908,0.039599449425032636,-0.0034495705790298058,0.022521259751635603,0.08082187897464498,0.016498352766801297,0.02781686719655785,-0.07455640845092008,-0.0036585521101315443,-0.041243139736382925,0.02470585663106169,-0.05959434948956002,-0.08712793227586593,0.01364651698073249,-0.03044785115338859,0.25142019062290555,0.018421142377339075,0.11238704195733072,-0.038452090168070725,0.20234295939970037,-0.04692443274027816,-0.03245541421985962,-0.0024288260701534033,0.06647481468382362,0.14588965751299546,0.07021815923815129,0.11810620627130249,0.033973594165368395,0.10360226565345702,0.0928768628301308,-0.004815561158598503,-0.05423703247373596,0.00757346798016689,0.06412978011782756,0.011715445949539927,0.07337775145975373,0.1705759730625849,0.21490441103852745,0.07908770489229852,0.028908573460471713,0.04739282361466511,0.005831082539094663,0.2030743258261993,0.018592457447156707,0.050960864440317784,-0.0022726704207304232,0.015327119876548332,0.0049609019792251526,0.09468659793495829,0.2797129410202139,-0.003460062549881183,-0.01895194426188751,0.036408484497025356,0.02192964114965923,-0.004502011264057246,-0.11120575359719954,-0.04269066749757371,-0.02586897981769562,0.00043262629461332834
CRP - HS (mg/L)_value (mg/L),0.09417776706341874,0.10153014011675647,0.022751996438130244,0.057457537682262354,0.11784284010016605,0.03205011066479507,0.06162086986566451,0.014739800364461661,0.02435388100049681,0.033931376501654335,-0.02052770588763114,0.06876438992094212,0.05897374931200136,0.13887176341851185,-0.0543433738955231,0.017820550694830364,-0.03604503041591091,0.045185538054755725,0.07748897071694826,-0.06166969753202179,0.028206579662051704,0.13964819779680376,0.0266861813057755,0.04318329665705098,0.10405009464735149,1.0,-0.038981797891939764,-0.03078111612156854,-0.007320974312898821,0.1282516539451572,0.030879602710919017,0.0987115603984355,-0.03154033388544333,0.0844349155042216,-0.06964290245744932,0.006439060160799779,-0.029127561142949326,-0.06910602483737638,-0.06798389848007629,0.05279014625606277,0.12351977259840133,0.039363679211329064,0.008815438944737424,0.08775523801232973,0.07319136805445642,0.03241068250071172,0.07395988499235735,0.06996935536679168,0.010805503888641106,-0.08765305610799545,0.04589482944977259,0.023339325895577124,0.06403028984680763,0.06660097364672214,0.058541032522618094,0.04972311836725563,-0.06398465755440609,-0.10244051044159726,-0.12386909874912638,-0.030350481150381692,-0.03582176294606129,-0.10177378932171625,-0.045884420687214184,-0.04126471187976084,0.10014286256883212,0.0452618587891125,0.04205644112227404,-0.03677694583369216,0.056079649397641915,-0.034511957007732075,-0.07345536574862693,0.020793020624849196,0.06296624542825081,0.07674111189690314,0.047832578075247316,0.08820677772916369,0.011400429083421239,0.04730865537110316,0.09056671204216585,-0.004257992879651277,-0.05621598325398329,0.0029781496271221383,0.062254862330188586,0.04754257546005268,0.058498225691730486,0.06087242680061222,0.08644426857442063,0.06464424204656956,-0.01016664961109544,0.05434583689877144,0.060476377426331517,0.05111055421267633,0.058800960197238676,0.049621194415351684,0.0195052682147525,0.034931022851919354,0.0122249056455364,0.06415948627914524,0.12380589166677108,-0.0033204824018026415,0.09211270146256437,0.06778337544957458,-0.13866140165964796,0.038924007886823465,-0.07333352896338198,-0.03577815532196915,-0.05085273490129749,-0.03734327720829412
Calcium (mg/dL)_value (mg/dL),-0.04895817234243058,0.017843596379329987,-0.01000313740409737,-0.03753107859204774,0.034800290854597765,-0.0013354822066729184,-0.07236866232200431,0.02877356737682444,-0.023282038197464966,-0.06634431458703326,0.051705159680913895,-0.025017439606259552,-0.0059763776900765364,-0.005041405470672732,0.010287767007975518,-0.03478248234665236,0.08871805017009683,0.048308275220594624,0.09826256401937943,0.15682933072668265,0.02262137207545197,-0.04346666390545418,0.015642044518470725,0.017748105522409446,-0.007949208797060065,-0.038981797891939764,1.0,0.13070146074624683,-0.012358762527437174,-0.04270137406537124,-0.036747797221673824,-0.05587964548614416,0.08356569494633768,0.0010276150676457522,0.1661582355975456,-0.01920283618750207,0.026038714095980176,0.23136654412970273,0.1810029472438549,0.00039784648844376627,0.017428789485667017,-0.007077903467782486,-0.0123506676949676,-0.1189099571589186,-0.10141986064463193,-0.02664984881965409,-0.028643869732640784,-0.037103502209780315,0.051620822610840666,0.15013283539285002,0.023728340395117255,-0.007981167344507661,-0.05419075195093082,-0.09450210473286379,-0.021598926521479107,-0.031061237273037876,0.18691929149238726,0.0924392538285709,0.069577899187844,0.13019984080938626,-0.04701002328268623,-0.004835401167887348,0.060822962851360754,0.13236751051481466,-0.06291860835250328,-0.07408380414269433,-0.10962336264370633,0.03345184842774568,-0.13598672602697717,-0.06409320410556803,0.1889397621204685,-0.09251965303059301,-0.04367647835440393,0.017114265544767047,-0.005837415376736157,-0.04548654808341261,-0.04204467327737926,0.004192578289738723,-0.05836742108683632,0.09187513175970545,-0.02500244396176652,0.011560114994015495,-0.025298587111876703,0.034822146449377714,-0.08199700151462654,-0.0069824513222371005,-0.06111142951322344,-0.0403768253646358,0.0036177971393366974,-0.00907442649574794,-0.00020944770370689587,0.000786124277708969,0.03242371460470981,-0.06748403805631094,0.051154347656744925,-0.009122937171474273,0.022602811978350033,-0.025610609453849874,-0.07910206054433208,0.04178335333507442,-0.26696791403023235,-0.012793319097162087,0.14843392620927376,0.13985552013088662,0.05965887349857076,0.07566839364469867,0.037658346452837776,0.06856400572702828
"Carbon Dioxide, Total (mEq/L)_value (mEq/L)",-0.051238821985226085,-0.02182144000374151,-0.05659191274727364,-0.03719580851963326,-0.016798622257962616,0.015035706315850309,-0.07980471940546197,0.021351714925648413,-0.04939236890661843,-0.07905164194937858,0.06675818942506379,-0.03359833690729893,0.028068265161269264,0.011566183206488702,0.0501361122918407,-0.050756834134632424,0.044088623560039994,0.009991803817193005,0.055740892841492744,0.017236906763032446,-0.05786760334512243,-0.05077276438301708,0.032769762709323115,0.04452279481704828,-0.10018592127116352,-0.03078111612156854,0.13070146074624683,1.0,-0.1872992896723076,-0.06989264592278469,-0.018561091733971365,-0.09071401406175111,0.14541448106404378,-0.022739988297469066,0.11557735928840793,-0.010002846827011896,-0.04983931881454309,0.12402090249558334,0.16679895177655354,0.03199754876517957,0.03975102655264558,-0.04308195324207642,0.017589509958511,-0.01495075247565742,-0.02975052399659936,0.010349830132290188,0.040422088918747295,0.011749630193611312,0.05496280888605822,-0.011144309726200105,0.0162303111744934,0.024692790240559075,-0.03900345172833107,-0.009582283916255175,0.019966209533477965,0.01040156150071316,0.045495338682320106,0.011262459709637806,0.021348610336563177,0.013054062496771508,-0.020882048562223126,-0.020386644898076036,-0.036406422141488246,-0.003235291962429689,-0.12117804722536189,-0.06778460090183398,-0.04538551497218354,0.13648381307145457,-0.023461194095765383,0.03280393499426661,0.1083473600328455,0.05723571625630903,-0.029980883814364777,-0.029154096476582323,0.0195150549744145,-0.006477267858756936,-0.03142048697140808,-0.004756380795674045,-0.053040893424789695,0.06887305317749572,0.005697761415787041,0.05694108266867774,0.009301179485879527,0.037708937692948814,-0.06683945511705067,-0.023661656068564473,-0.09183536957051523,-0.016206165130147845,0.018904503252967355,0.017974358223040388,-0.01193960061239243,-0.07651346309086889,0.04482708025549834,-0.02126598459042164,0.04472630012789122,-0.010096554583161561,0.024690310558904357,-0.04402558305604672,-0.12298150920861277,0.04432483919365077,-0.12444590601666584,0.02372324700703563,0.05099992452968577,0.07676536324157597,0.015439821861357951,0.02644280646603056,-0.015379340385294664,-0.04672560549773714
Chloride (mEq/L)_value (mEq/L),0.07127720302847727,-0.04051538104109516,0.01651191841364728,0.05195058790465039,-0.059813210676770825,0.04785384302182514,0.05747985973562808,0.015174831279497737,0.04118739213921633,0.06400944074954412,-0.039919352357432915,-0.004131562395395864,-0.020517948682101883,-0.001118964467059232,0.07987043259006131,-0.03500330869946148,0.12122398625315657,-0.020367150614543028,-0.05050052122887105,0.2294389185711262,-0.07812502239453041,-0.025268231595336837,0.01610959889342608,0.03952026154970721,-0.02297042662504673,-0.007320974312898821,-0.012358762527437174,-0.1872992896723076,1.0,-0.06000816014313686,-0.1413708729292957,-0.04935586494942924,-0.05701754187630631,-0.034598328507490915,-0.10398647050811582,0.01334248279040296,0.07402186057412853,0.13220066991361243,-0.16232885537608552,-0.09157667611743836,-0.027334469658698127,0.016364114967901675,-0.027875961451109252,-0.07165668568555482,0.01793624166848468,-0.009293353303035441,-0.01995455430326985,-0.01894145958767273,-0.05041090717913261,0.1519133965702883,-0.05081704033179967,-0.02843925824334311,-0.025529036001470638,-0.052896603009995546,-0.009371955098997537,-0.029240094171711202,0.07113058851078287,0.038814921682712195,0.02286996714417534,0.0650803801672184,0.04434568352399947,0.04404784100838564,0.08679245815327849,0.07298627685049414,0.038735835166765015,0.0015090589024993092,-0.023031524028676746,-0.09736150897217724,-0.03941045044589388,0.02022095813626328,-0.06281090764469915,-0.0432516672785289,0.024977215369343275,-0.04927540280385571,0.021864897305429967,-0.07134410954074168,-0.031529148106125,-0.01367859157465341,-0.012500144892805777,-0.02215168828123946,-0.04055327115787103,-0.06972092167441812,-0.04204126324683746,-0.03431266724206564,-0.019211019874462713,-0.004862820905647654,0.027606048413838437,-0.04819494239330805,-0.00541806646324412,-0.026663308727324392,-0.012109675663814115,-0.0005206551212405372,-0.04500508383933334,-0.04427121192828397,-0.04453746755089548,0.006088321961131006,-0.008082908633325522,-0.04101189983128122,0.0028455412071949015,-0.037501457549289574,0.14766215102703054,-0.001586339362678129,-0.21859357999034876,0.065867112589312,0.0494184375134294,0.05982280543173675,0.009246308950357421,0.05778244149065586
Creatinine (mg/dL)_value (md/dL),0.024272091114627595,0.2687752049228473,0.09273607006593224,-0.020735337327104177,0.2475031240908794,-0.13368065571065807,0.03305983912702565,-0.08298801982891331,0.10911620751757328,0.07040793860997195,-0.03952362102622446,0.13428310760064455,0.0671907866924539,0.05906182786522695,-0.24293397564587182,0.20268722341319306,-0.11035697014299999,0.1223050298999943,0.10519740766890016,-0.13475400532601609,0.09342362003232525,0.33937456289791845,0.02682171018783018,0.04279013863434143,0.26095725709692197,0.1282516539451572,-0.04270137406537124,-0.06989264592278469,-0.06000816014313686,1.0,0.11139752179684288,0.2569360070821706,-0.18114100645065945,0.16804075128700668,-0.27426356891214637,0.04014886425220545,-0.010542728955359633,-0.06812047223456075,-0.2807966845434578,0.06078726743042562,0.12696961223940964,0.1104055287803124,0.04376470454962996,0.13612244641307242,0.07993233892601434,0.06348368245540956,0.02496516686089213,0.03400428863614841,0.07383707002445979,-0.1398296454937338,0.023214839546480973,-0.005572008345044719,0.05471787504789942,0.0737051438781307,0.011158240075243325,0.053704209737153924,-0.1009858200887327,-0.11187110830271645,-0.11160453395575394,-0.04975509020473266,-0.06742388729842735,-0.11836300184221603,-0.03955865094594723,-0.026054070732411068,0.08324572308890323,0.07840799520358985,0.17030439831958394,0.10851823011150116,0.23073561734716763,-0.09985890723350033,-0.10941341662066977,-0.024080959564728246,0.10883760120947804,0.20071966877188607,0.12335206381221844,0.225648108389908,0.10854766063142567,0.0914937614483478,0.1343224294637706,0.02312041729080988,-0.06593994923769542,0.016062644633886788,0.11230598297861395,0.14283277268706615,0.16051084077345248,0.15918696464557167,0.24069699955569787,0.15050465100046057,0.05629308159663243,0.06041671260221998,0.02351227179350447,0.17637393521282071,0.09066646516796081,0.14860148660405598,0.052000032908407386,0.016978775317853592,0.046055018662538395,0.20112130307398493,0.30589909976106106,0.04677423905851053,0.14436688418306448,0.06634043775291486,-0.047219212527464104,-0.12656163375882137,-0.1182965061263422,-0.09163360051205956,-0.04020185567392004,-0.02178785084166694
"Globulin, Total (g/dL)_value (g/dL)",0.10571895897886052,0.13019124730538265,0.048769957366986,0.09681337819351472,0.08255580770638077,0.11001522412948384,0.13076209668985964,0.10972815368479039,-0.06636923022920704,0.005166249710134646,-0.07687363603613918,0.09093027488760796,0.04539752803210551,0.061169129641452075,-0.0011762867736502562,-0.0945006198949542,-0.7459045389220215,0.12441684231471609,0.09424262324378578,-0.500701101373774,0.14671524883893516,0.073230765813583,-0.1018793731223915,-0.22187815620573412,0.07901999515104031,0.030879602710919017,-0.036747797221673824,-0.018561091733971365,-0.1413708729292957,0.11139752179684288,1.0,0.13081201200389334,-0.05560050809313793,0.09781316959720618,0.10399968595616425,-0.08961959011920685,0.6058834529937978,-0.10450755736869563,0.10979171167033011,0.056450080282976094,-0.0024847185226438543,0.16331882103155868,0.11065987937598261,0.08968204966241299,-0.05621107861755915,0.03816858661027355,-0.05520033883423092,0.044807204612014116,-0.019719146929450152,-0.20853631210286738,0.01493405319406898,-0.0794901491065395,0.1137913005240292,0.16823618623602551,-0.190829562353764,0.07162237593770096,-0.1294557439188851,-0.01774061651073987,-0.0135610375243405,-0.0746471461748971,-0.08329240611952526,-0.04604994889146068,-0.08871818636355924,-0.2602071922737079,0.07156871978803397,0.07150657158419008,-0.00830797198936671,0.09222674078143962,0.12289809079255964,-0.01926309696439571,0.03149060119990383,-0.037034118665232145,-0.06971861886722125,-0.04565786713842054,-0.15160172517675977,-0.11019645543922457,-0.03677903773068108,0.016819032674622852,-0.007238044438425542,-0.10849232816842572,-0.0034561391516171242,-0.044107980263515326,-0.007296037146719629,-0.16595069294272655,-0.020517005470984912,-0.012936898292963957,0.028821886339658664,-0.01458129899399864,-0.03475222129091699,-0.014314596155854023,0.007166628276557296,0.1706776757466337,-0.07526196950135366,-0.053450496156579104,-0.0446525384712557,0.0013474872657125618,0.00010632326103835187,-0.06916679547333751,0.13374906095986555,-0.08773385739077856,-0.047611090087340616,0.0006709730170001197,0.05707467316407373,-0.005468154485725087,-0.18897865183845047,-0.15382986245627597,-0.006662919825795059,-0.10958234723162343
Glucose (mg/dL)_value (mg/dL),0.15055463967585656,0.2295716024026953,0.07137653863553786,0.09330143628678934,0.23811684721099616,0.0064717492597518265,0.12196611368414441,0.03381055109042679,0.04639126732255002,0.039830951824517326,-0.043586304986379644,0.10279339862979738,0.13103029551684564,0.08418075550716211,-0.13363638483378903,0.05024772431435587,-0.14070059584605682,0.11384809720151341,0.0625086730942022,-0.09449479409437733,0.06123036705862505,0.23046427699905606,0.054449005119716946,0.012280993847107702,0.18821901632558033,0.0987115603984355,-0.05587964548614416,-0.09071401406175111,-0.04935586494942924,0.2569360070821706,0.13081201200389334,1.0,-0.1360003610759479,0.15048339970097988,-0.19935653423541508,-0.02661779840697488,0.05724901171826233,-0.0848074544794712,-0.18401109171922272,0.08813912599524157,0.14291119243688102,0.09331646838647512,0.050625946176542036,0.1920369834989032,0.10047777084504236,0.09395887433057751,0.10531669875877049,0.060447170366401355,0.04306346994948531,-0.20099749862545174,0.07486455255081867,0.04780943393919484,0.11495529933798414,0.11838889302490119,0.048889011472187556,0.07106840462149988,-0.20109170312398866,-0.1331919885377768,-0.1739657276442399,-0.08993454143739059,-0.05496889343784464,-0.1395143620305533,-0.11551431470711125,-0.10809101141310504,0.2120332929161673,0.08092598565308001,0.06050114833860101,-0.1045157773318006,0.0871144872797091,-0.013669722095029983,-0.07423518767984842,0.029867930478477647,0.052931133519811636,0.12752725615264177,0.03212443938256734,0.11043212253891048,0.010071446105228051,0.08845765142121266,0.11069458640536277,-0.04434082179896095,-0.09077741947924578,-0.0004492204012898255,0.06896006695327826,0.03342530706605512,0.08407271534243185,0.13142416323930398,0.20823244045444855,0.06158690437476174,0.0042815106968140705,0.019718189927288632,0.010590454980361262,0.09931155062255043,0.02407140158119371,0.07103807453313458,-0.00951893710781564,0.041457594866003374,0.03391865449232083,0.10372297699268852,0.27731158004816886,-0.020534854844416268,0.11778532962051451,0.04025678226372588,-0.1244997379985188,-0.0017511566576386872,-0.13925973810110537,-0.10715379426353083,-0.0669175381774628,-0.09564294153591382
HDL Cholesterol (mg/dL)_value (mg/dL),-0.018895371135461286,-0.1712547893541249,-0.11534693325108608,0.0074213393973987535,-0.12986144562202956,0.17028294783464784,-0.06640515459456957,0.0940278025169778,-0.061978244849196305,-0.06489520465035829,0.09592052548563973,-0.08662367337125897,0.06312198509276838,0.042387532542099114,0.2935769219801979,-0.25628827608873694,0.026853860413051565,-0.05701929883821363,-0.007450541966415443,-0.04865574037838635,-0.03145887720758303,-0.16540279130368646,0.003993670456445347,-0.024267819113358454,-0.17351419389801342,-0.03154033388544333,0.08356569494633768,0.14541448106404378,-0.05701754187630631,-0.18114100645065945,-0.05560050809313793,-0.1360003610759479,1.0,-0.062177555085618334,0.40573696561076006,0.020430940475269586,-0.127505270230902,0.0039121188269548085,0.4667513462714513,0.0185460315139362,0.02837501828146035,-0.09157685547601943,0.01324615869519939,-0.12399686107669587,-0.002294547853954819,-0.020921753769172165,0.013903551921714583,0.0050652035830237915,0.0056288219613488425,0.1321098476792782,0.0027965067870255747,0.06198191231119194,0.018234842748166412,-0.02304922377832949,0.047251087967596014,0.01630713370031614,0.1127037590325092,0.05906271279971727,0.004809456632962415,-0.0009321015110987,-0.016556990972238922,0.030624914424053462,0.008924050338085191,-0.007345499915289662,-0.07589737457838498,-0.09187224035924242,-0.1273347966826367,0.010352619502458214,-0.0865397619848649,0.027169354581002295,0.046537829115726424,0.048099632075012944,-0.034014934016607566,-0.03799834408333525,0.007931368660377264,-0.07348934280046875,0.03301284551838141,-0.026100878106443175,-0.0860196212807993,0.09532602217709632,0.02161694814185877,0.10970256832219584,-0.034046735225049786,0.004860071412324698,-0.12374154523162843,-0.17602372014278217,-0.21308052768826663,-0.046022212763527894,0.028992778108290065,0.01533237731810875,0.012801164211181047,-0.17950833437653888,0.07784956374216269,-0.09172508717546438,0.02969010769820512,0.0027109572760063583,0.0031080748402251552,-0.06716117608036802,-0.2724373005747659,0.047281661263036276,-0.027676639916611408,-0.03545437171419149,-0.04296569306462649,0.09128157467116556,0.06387627784041332,0.09227542286977909,0.034921755126130674,0.04640530689141866
INSULIN (ng/mL)_value (ng/mL),0.16665273285346552,0.14589216129190433,0.07000510269839738,0.11626511839174401,0.17213989692913712,0.05716913240708976,0.1511895575219781,0.07128149030814615,-0.006242565797597391,0.06635255776717072,-0.018137673085586392,0.08044360487747981,0.08400023125548883,0.03337796826109297,-0.04044966674166958,-0.009875229301186218,-0.09908509914609465,0.128501313147767,0.05166271246850732,-0.09001380792032365,0.09810486471608619,0.19154844226769893,0.0244446163951764,-0.027786051938988202,0.12247653078223322,0.0844349155042216,0.0010276150676457522,-0.022739988297469066,-0.034598328507490915,0.16804075128700668,0.09781316959720618,0.15048339970097988,-0.062177555085618334,1.0,-0.09213119111952155,0.01701782417560382,0.02565987296326843,-0.017794347445051952,-0.0973474362896563,0.043083263570685607,0.105810364046485,0.07348962499929242,0.01709081111739423,0.06832896111449886,0.03182231275665122,0.046711878079247975,0.04198692447045844,0.02401010565307628,0.034222221753923344,-0.08722892930085398,0.04118330186545179,0.010508466287959692,0.060000778391569365,0.05790304972042018,-0.0018575622057998835,0.04725096605719861,-0.0747802532743266,-0.06403061894279283,-0.08746756748826957,-0.038304943873534315,-0.04747222262317335,-0.060460256407346744,-0.025306871613339797,-0.06880537040725634,0.16000534718044077,0.023728634100627533,0.0508324939036424,-0.03371463142286177,0.09465476311549452,0.004469600098064767,-0.035552520263221005,-0.0043588975336972475,0.06243772531727842,0.0894333693998725,0.04055489645290524,0.06992760313115451,0.033986222677925,0.05131381677851822,0.050996161369117755,0.0026165841865529956,-0.04568227683853623,0.029831874972576736,0.05614915221705352,0.03522239164045032,0.05880815107877393,0.08456987393818269,0.13462527880673153,0.06359203944915519,0.00803260897614731,0.015059596023979221,0.010395630822153473,0.10336519565884864,0.02601234727999442,0.05357334242669282,-0.00812039578996238,0.00910550409535952,-0.004121914587031504,0.059245708152413215,0.1880321319301855,-0.003062851769062357,0.053729597581564405,0.010013450006707733,-0.051414505593094385,-0.012479014456736761,-0.08440712733978814,-0.05925433891457701,-0.02119344352031903,-0.03689830279918125
LDL Cholesterol Calculation (mg/dL)_value (mg/dL),-0.04956537345952078,-0.22403744220217997,-0.1029618282223263,0.028067143306180688,-0.1980575651672407,0.24795542458396946,-0.10895887515039931,0.1799883535773139,-0.1652287245518892,-0.0682451457257936,0.10333859301010408,-0.07000219981594999,0.026657706847035043,0.034633156856619204,0.39182288887271977,-0.4134436065092877,-0.07291906886408438,-0.020397855536806078,0.060766241934512376,-0.11491735070302327,0.0318953917465411,-0.22703634483362561,-0.018827792606426166,-0.13860503841562635,-0.19748459059626733,-0.06964290245744932,0.1661582355975456,0.11557735928840793,-0.10398647050811582,-0.27426356891214637,0.10399968595616425,-0.19935653423541508,0.40573696561076006,-0.09213119111952155,1.0,-0.02397009582985481,-0.021686143518504113,0.0673781879737284,0.8144864484999884,0.04322349724505433,0.024311837827690554,-0.0684864808162063,0.05019865270793471,-0.181251294943278,-0.12252659791026856,-0.048367899951128925,0.00970276632083015,0.0302368313230036,0.048055328013439834,0.13206557107977504,0.047858806206283085,0.12104378178354838,-0.002428821692706584,-0.012766633913933536,0.020973100144041856,0.020674842567024742,0.14982099054964254,0.10437634050576462,0.08570277285888112,0.06606741050148697,-0.08635558716829614,0.04647042960583881,0.003335209326406705,0.013889543719571198,-0.1248436074106465,-0.1760363897528884,-0.2586796992403736,0.055191056095103386,-0.21231634303019514,0.0170138390759505,0.20143368752579527,-0.05970475299084447,-0.08388624427330688,-0.14280253534257994,-0.09347464264119833,-0.19376578331259334,-0.05620396918789544,-0.031094055482121897,-0.11248675235840648,0.09803131782147227,0.08906930255803809,0.08830374402160014,-0.05954965674740496,-0.06888713299734392,-0.18667832313522398,-0.21942416912361082,-0.3683628522784354,-0.10684356322408914,0.01132442713531774,-0.009504392380815893,0.002306803808574961,-0.1615855245696039,0.04061173906749573,-0.1633764939432662,0.027266197329071255,0.0017940614236432795,-0.01527688870260584,-0.13670476087035868,-0.3783019148811471,0.008298396351065485,-0.3846366739211189,-0.030770474658505097,0.23943969165865042,0.1892144817868839,0.09234312228523842,0.09023721570781221,0.06425870069703064,0.07875056004595558
Potassium (mEq/L)_value (mEq/L),-0.1105797161829477,-0.03000310484383015,0.0041611707858016135,-0.11184771072900668,-0.01989225440574758,-0.06725561932349461,-0.09887470671437337,-0.07533779641891264,0.06566105469452777,0.00039835894221342314,0.011387540100753692,0.001705338118601783,-0.014885309882162412,-0.026717212755648395,-0.01675080438284803,0.06978800101382332,0.07296417298285963,-0.046481115656173716,-0.00018729937191774658,-0.008708259028317695,0.014840476235018022,0.04215790711822005,0.005233084727436503,0.04852076182237655,0.006427115300362404,0.006439060160799779,-0.01920283618750207,-0.010002846827011896,0.01334248279040296,0.04014886425220545,-0.08961959011920685,-0.02661779840697488,0.020430940475269586,0.01701782417560382,-0.02397009582985481,1.0,-0.10675372147225452,-0.08448977477072783,-0.023052682706912766,0.02218294276288816,0.007848702394654754,-0.046008993726669487,-0.021124846020495608,-0.019408907820216006,-0.007999284593992694,0.024345333235468974,-0.02972452002260608,0.014791713231221634,-0.029012482271676215,0.06861953102179191,-0.006170996722817234,-0.0014357245988492146,-0.0011430110872540668,-0.028826776938399568,0.023843700999020574,0.002840881234344932,0.03631275436844568,0.006439578872821876,-0.0006307684667733951,0.022832853130919893,0.02301202473890219,-0.006203959852042249,0.06122697946331007,0.057037109526363705,-0.09261630704311212,0.028438009199283895,0.08793995598281565,0.11596832202614481,0.02860431459886856,0.019607325213752795,-0.06723390688469433,0.0054133447712655745,0.01718914093852329,0.05011610582612249,0.05555430303895844,0.06579818620116698,0.051560801220818075,-0.0027341186730192764,0.01790296063007794,0.03207928922459029,0.0021931308590561493,0.04842969278643696,0.036048491670424246,0.07210614305566156,0.04902551786228579,-0.02286987261539251,0.016569538661550896,0.0578208977283544,0.008441450769712642,0.032541197230089025,-0.003994450255539442,-0.03414859437453693,0.02867598664685734,0.026361659599437218,0.04975738035872959,-0.001404279198530346,0.002599572268460045,0.045836274617867614,-0.023977160211506483,0.0728672997285248,0.08930485156929634,0.008996108950729498,-0.02974978125496976,-0.07337559617743913,0.03145416180646711,0.04765750608265773,0.025500933187196713,0.015244658462290984
"Protein, Total (g/dL)_value (g/dL)",-0.028881734827759284,7.205458755406502e-05,-0.016639979819571677,-0.0589865847739046,-0.026625152496426784,0.06648044910912708,-0.018807832641648897,0.05349526162272397,0.05444410259202525,-0.03776746858204767,0.0011344421939787801,0.04459209293964597,-0.020739907302357398,-0.0056216823263357365,-0.008431052945188483,-0.04147205994971916,-0.4424571812077683,0.1257451271906439,0.06582931380467866,0.0719887531681057,0.007158644891472491,-0.12192702296457966,-0.20137815426683464,-0.058625902980768,-0.03390846809666158,-0.029127561142949326,0.026038714095980176,-0.04983931881454309,0.07402186057412853,-0.010542728955359633,0.6058834529937978,0.05724901171826233,-0.127505270230902,0.02565987296326843,-0.021686143518504113,-0.10675372147225452,1.0,0.020577350395371563,-0.07599525084171675,-0.03424274424021734,-0.10291614197621596,0.14889349657473952,0.10066599392348276,0.03887701492849632,-0.03294968204430953,0.004679210182544867,-0.029193070222429333,-0.018342979815926932,-0.07812274813842375,0.0359749903437482,-0.019746647781803482,-0.12342396692211971,0.09809050139897087,0.040935749713598105,-0.16189693237080632,0.016195113290037148,-0.018116674835678758,0.035381202568212804,0.05590269906702003,0.004585295084740219,0.013357840463211037,0.05630281681190473,0.010244516192086045,-0.0999375310410627,0.09703961220335221,0.07750988296786228,-0.05414992716505558,-0.1439247398469485,-0.10772942500928821,0.0015498927759203768,-0.01531884483048843,-0.08986306952838735,-0.13059253904562756,-0.17736136231490798,-0.20080172436274896,-0.2796294252286481,-0.14184890632351385,-0.07527624658420218,-0.07497244178425418,-0.19495582143878393,-0.01391553575351108,-0.2407245412490378,-0.07887014876275139,-0.21443793124057486,-0.11118344713429067,-0.07201112120285745,-0.031374011935542234,-0.10616477533597492,-0.07869925471961778,-0.07400421218578838,-0.013905121397862963,0.07350624074704412,-0.2104773489747716,-0.14849074054114658,-0.11256362674294243,-0.01961338603887422,3.9105359642014986e-05,-0.15747768051234154,-0.006626981510270278,-0.16297959575055504,0.10710748025121966,-0.04343239381224604,-0.17321907222570324,0.06410482675345225,-0.042272190379565595,-0.044806916351532944,0.013518415522170727,-0.028481416458347363
Sodium (mEq/L)_value (mEq/L),0.007417478552794201,0.003792673120299924,0.08161607935068552,0.016293717770215817,0.03200694878311276,-0.0138063858763097,-0.007761010756789126,0.026903417511308664,-0.08495883886886677,-0.03770682198691789,0.0371233531573268,-0.015332029480084787,-0.011572233288214473,-0.012133392960651815,0.013740609949659179,-0.04257682641015693,0.1641256020081667,0.0820431636945156,0.10749515944515607,0.2840631739150276,-0.037917880228741395,-0.020576258806654462,0.0530459887914861,0.020706184140956773,0.029894222857634614,-0.06910602483737638,0.23136654412970273,0.12402090249558334,0.13220066991361243,-0.06812047223456075,-0.10450755736869563,-0.0848074544794712,0.0039121188269548085,-0.017794347445051952,0.0673781879737284,-0.08448977477072783,0.020577350395371563,1.0,0.07434401503902491,-0.029434963444600705,0.023392400038800852,-0.01763840430663059,-0.0025509337107344284,-0.11188663974135285,-0.0916381549284688,-0.05785267285164773,-0.0030388347695450295,-0.016238587867346957,0.09191685755350638,0.11668320277937566,0.002873191604665266,0.0030643896595091208,-0.09979060909131866,-0.07762145696620465,-0.05786124594969825,-0.05046025942707195,0.17152949790994848,0.08487043193768529,0.10576663027919399,0.12555137672181918,-0.053366972173838276,0.0015475872182774079,0.02390142982176549,0.12151068818775809,-0.06071462191354285,-0.10214502156177621,-0.11140708433356941,0.08967283807644179,-0.045971625284552585,-0.046258211405811704,0.23697347785548556,-0.0725411778959769,-0.07004479559891764,0.0005992047917662639,0.006034683383099628,-0.03877166951552164,-0.07920646524647303,0.003694910208400515,-0.07258852136276504,0.08390212736985057,0.00947096809817438,-0.01023724825618868,-0.044755048769654956,0.029330334413842172,-0.10484567410244083,0.05375958043917271,-0.04223697004050077,-0.07867937471511927,0.004067333448902801,0.0012102649380337151,0.005567480209964007,0.014390070420397997,0.026229263473436237,-0.07379333281521754,0.026289236348190737,-0.004071601098317123,0.01823691995067043,-0.06353451101313332,-0.06896583192339636,0.03599937388396594,-0.3333826036039862,0.011204695548898427,0.19933127852324883,0.16482046359220412,0.04486121397209669,0.05475537880293201,0.04557580534989544,0.06620416607607899
Total Cholesterol (mg/dL)_value (mg/dL),-0.053361820065366966,-0.2093763528189634,-0.09859149032621768,0.028689936612640986,-0.182938807235004,0.25685088513782356,-0.113956732685899,0.17383070263668227,-0.17989687031343826,-0.09700277895087653,0.12781335110186048,-0.06939642468979605,0.05639311821584708,0.05867461050041879,0.4027184621017845,-0.4273667249712056,-0.07822093264740236,-0.03526428049996101,0.07334780768632895,-0.15038041461981655,0.02454039558934836,-0.206655769707142,0.004900799752950787,-0.14972238599209425,-0.1994607358698551,-0.06798389848007629,0.1810029472438549,0.16679895177655354,-0.16232885537608552,-0.2807966845434578,0.10979171167033011,-0.18401109171922272,0.4667513462714513,-0.0973474362896563,0.8144864484999884,-0.023052682706912766,-0.07599525084171675,0.07434401503902491,1.0,0.06835458165766589,0.04522604497492093,-0.07657527732867347,0.06782365157808827,-0.149014851379469,-0.10031877603539592,-0.04085767898665347,0.045983141601572144,0.044368719272407965,0.06735747284528992,0.07778814191826862,0.06590684571222337,0.14991081875482412,0.006555398240021622,0.016198864131182777,0.049717547383481796,0.039371555654970546,0.13937232583544584,0.08597613631316678,0.06612235905550899,0.0429284507465526,-0.1121475713705425,0.020053747163721797,-0.024870853024095807,-0.016197447613856494,-0.15813003933063446,-0.1773137490153092,-0.2768784281809666,0.08078556141463249,-0.2210649328035295,0.020357246768852075,0.24147054769683485,-0.030265149366128716,-0.08640734931740172,-0.13280356133400642,-0.09627196390393433,-0.1621134588389319,-0.06020353663589623,-0.03288174540676575,-0.12389529814237345,0.11634953095757586,0.08479156027697991,0.1392018504299795,-0.05439075363696015,-0.06057314467822742,-0.18524191761400363,-0.22379020781545172,-0.38750894163494526,-0.09452705889393517,0.02146629065958398,0.0033516572958583375,0.01660509236746797,-0.19816405160666203,0.053929296585519,-0.14452769891337564,0.04287143844266318,-0.0038348725621394552,-0.011527525900506244,-0.13895244671314377,-0.39283254915598376,0.03439925945421005,-0.4342708225288286,-0.020476867548825186,0.28832441185989754,0.18547067611583695,0.07912470359185815,0.06536874862871006,0.06248622307122317,0.05965547700615605
Triglycerides (mg/dL)_value (mg/dL),0.016334020616957934,0.08650757770504944,0.045816095049298955,0.01631945326629534,0.05751082913731069,0.0315961726635707,-0.007370132149496161,0.047673754798642824,0.014784176045150836,0.0020083446895671673,0.014032271124914068,0.05968123178965742,0.06615959428045538,0.047553791356596146,0.018782040859168982,-0.07473233043307578,-0.021061919658773125,0.07168061922084963,0.062378138191216445,-0.06151382176128166,0.04213730054235039,0.1289278928887492,0.05108617600197638,0.0408933052869838,0.05542268030972298,0.05279014625606277,0.00039784648844376627,0.03199754876517957,-0.09157667611743836,0.06078726743042562,0.056450080282976094,0.08813912599524157,0.0185460315139362,0.043083263570685607,0.04322349724505433,0.02218294276288816,-0.03424274424021734,-0.029434963444600705,0.06835458165766589,1.0,0.07326324059361781,0.0129677339742713,0.048581442709930055,0.07874954483701904,0.05718588754279197,0.02841825204733833,0.0820577462887968,0.06074987789866642,0.05852224497659481,-0.10659404833940185,0.08653068088345447,0.07687044449325521,0.05415745802572787,0.08573917594343103,0.0765378329210073,0.07219795555222618,-0.05089838376035322,-0.029665575261836562,-0.025949781425624128,-0.05377472103004307,-0.04389362183502686,-0.061173093280843145,-0.044385512121546414,-0.02336854767165551,0.006179814622588641,-0.005004554671997558,0.023355404633089775,0.035754009168772256,0.016029180985211562,0.02511684396720171,0.04045305671963646,0.01277397124504027,0.01920480623029912,0.018317987431979484,0.02402816522474493,0.02374774185938564,-0.008185594122674293,0.04893239618644785,0.0033753181354198537,0.006407259984551981,0.009756625745601244,0.04133060535350675,0.031140328644557392,0.016992336417415464,0.0010380184498780854,0.03965068283866904,-0.0008808996969586895,0.009553369521033406,0.022516590069446816,0.013875020544216906,-0.0037974801165555055,-0.023964888806255046,0.018432530039114728,0.010425264015352442,0.026569353447879196,-0.0048523719513902394,-0.013579000085016278,0.012496481222865,0.007679547687064447,0.004392856451481756,-0.07501917596869265,0.013281874475375913,0.08394354613913439,-0.0021813759500527185,-0.031338583833941704,-0.030516870304400902,-0.031984292858420964,-0.04065466967080829
Urine Albumin (mg/dL)_value (mg/DL),0.11953858272411277,0.1573560480013379,0.025413238390102212,0.08543107489722099,0.1567305109192695,0.07026698769897029,0.05084919174996184,0.03007684889352134,-0.007740904619372933,0.00044909725619626003,-0.026062290709183693,0.06361405725020795,0.17224527115818158,0.14711226367695002,-0.037673199559490236,-0.056513631000579365,-0.022629872921653874,0.0779627824076126,0.10894779477479082,-0.025928479277614522,0.017033516099764244,0.1901563205196444,0.12223903928969639,0.02012046317710746,0.13035199989173518,0.12351977259840133,0.017428789485667017,0.03975102655264558,-0.027334469658698127,0.12696961223940964,-0.0024847185226438543,0.14291119243688102,0.02837501828146035,0.105810364046485,0.024311837827690554,0.007848702394654754,-0.10291614197621596,0.023392400038800852,0.04522604497492093,0.07326324059361781,1.0,0.02628352446884708,0.048299983804306244,0.15383810475041898,0.089521663038933,0.07392551990080758,0.1502396828464112,0.08786225988494252,0.0952600011676319,-0.17484532929930735,0.10001084474165733,0.1144670307671353,0.0790108870217885,0.10934336921856035,0.1250787868513911,0.07485889104289764,-0.10259240682618202,-0.1256395618685093,-0.158419645673979,-0.042840962132055044,-0.1674904603710917,-0.23595778302888235,-0.16974346745606722,-0.0600993883385299,0.11496026959102,-0.037234469293463975,-0.05744457074267986,-0.021508129769985923,0.018951756562263358,-0.0720814796229176,0.0341167881606292,0.037262692382846914,0.03535544518577612,0.11539350949063092,0.07428433805448331,0.12904620585271234,-0.017297799573509194,0.10429053098658635,0.055789871915117493,0.03155064685543491,-0.07155571572411888,0.055203294111387864,0.09131130083926485,0.0879062155062008,0.036969563443851564,0.08011555968292897,0.08542168737692003,0.062235851299279395,0.022506261913412196,0.07127014712995686,0.04979390470457522,0.01796478066002981,0.12321808880617387,0.0571217296484995,0.012024126757104698,0.06902926601560441,0.019762155236920747,0.11227824041220903,0.10685038300936928,0.021157330576091864,-0.08421651524048972,0.1363075236468262,-0.1155651949864589,0.19859394846382109,-0.13768828627829602,-0.06866177547961108,-0.0874331039786319,-0.05984765921080071
Urine Creatinine (mg/dL)_value (mg/DL),0.12261562576541328,0.10624803229797891,0.06844625050667254,0.09087804933827938,0.11046180950851676,0.04657948777701082,0.1070618226386991,0.05638114638577006,0.014247223577996964,0.05072807887451321,-0.03074846497642651,0.052914208801631585,-0.0011843358421806014,0.02933248145396944,-0.0247667773338131,-0.025112692996896797,-0.1368092117317463,0.1097229965333719,0.028720748494117803,-0.06103753317466244,0.03535398118942423,0.09218063919480918,-0.01777537103983316,-0.006746970302800598,0.09901789580465198,0.039363679211329064,-0.007077903467782486,-0.04308195324207642,0.016364114967901675,0.1104055287803124,0.16331882103155868,0.09331646838647512,-0.09157685547601943,0.07348962499929242,-0.0684864808162063,-0.046008993726669487,0.14889349657473952,-0.01763840430663059,-0.07657527732867347,0.0129677339742713,0.02628352446884708,1.0,0.03231736880097381,0.04344227848384865,0.03095495198159742,0.02237944192174933,0.006689000382224806,0.03130950445983818,-0.009830109927749157,-0.025820444224634108,0.032702288386011066,-0.014662203867884954,0.05753882063469192,0.044774428500949565,-0.02162250815491232,0.03374912734859814,-0.03846584531124074,-0.03104912714412031,-0.015541593439911083,0.0017249818499279102,-0.03536166215763592,-0.04262841419554032,0.01277227943429443,-0.033368382260442205,0.11293924297474474,0.04896772627279278,0.03500550686276227,-0.06406462243475174,0.04675535402609089,-0.013067369375425643,-0.05864775404093253,-0.03735767501932412,-0.009719105975590794,0.026061202386043904,-0.00966527275899458,-0.005839529376596756,-0.019412951224740523,0.03349005721186327,0.01142424715714647,-0.04423696681571816,-0.00042372982644757907,-0.044188225321455214,0.011610195974552082,-0.029871985879407804,0.03735309636067144,0.044570702817468645,0.06052836768106891,0.008255896081792868,0.01459175379524129,-0.009029062156157966,0.010017184661416406,0.10022104363466101,-0.029459969458878188,-0.009988377119741527,-0.005467967658835025,-0.0020073752885093866,-0.023158379514079733,0.0009677192501689534,0.09956765262208003,-0.027667389350909424,0.05312419752219969,0.016477638495186145,-0.05850993026049632,0.0006854164917207658,-0.043287249350846504,-0.013478317607317266,0.0034736321772433102,-0.004380067677938834
clock_visuospatial_executive_time_value,-0.053188667709890544,0.039727909957315434,-0.004220869729044103,-0.06115424352583723,0.040193535182477876,0.03152255458732549,-0.09248948352705134,-0.00026586015489960663,0.07591941938956627,-0.007439768386310519,0.040128186177084905,0.035050496643828755,0.028597439196166603,0.033553691826946015,0.025894525373947933,-0.052128614157889115,-0.046272258277945025,0.046164813578014476,0.0754891133070611,0.014269246293021638,-0.017426586045959164,0.04026364232764104,0.01154519679338217,0.0039337518267945765,-0.010603007387993238,0.008815438944737424,-0.0123506676949676,0.017589509958511,-0.027875961451109252,0.04376470454962996,0.11065987937598261,0.050625946176542036,0.01324615869519939,0.01709081111739423,0.05019865270793471,-0.021124846020495608,0.10066599392348276,-0.0025509337107344284,0.06782365157808827,0.048581442709930055,0.048299983804306244,0.03231736880097381,1.0,0.08821271634970204,0.1120360589139561,0.07918529689309793,0.08955438160183582,0.02821841333165534,0.04224433909174305,-0.11028600133871261,0.06297554391764314,0.11056115818598064,0.07980851775494695,0.07467081803137289,0.07845492863501102,0.08742071681940705,-0.047997117620477335,-0.07833531779190635,-0.03186598301007186,-0.0672237141448727,-0.040372328013896785,-0.019941686718325077,-0.139310310693704,-0.07079409544973767,-0.021639364016296885,0.012340829189887418,-0.049490481176160464,0.026478253678306682,-0.06440743724780981,0.010470711329608426,0.03753110032175891,0.03704352173166542,-0.027978750070532323,-0.05697811257945532,-0.01779306750619066,-0.021531884505933737,-0.05400168611525926,-0.01768711503560034,-0.04445213292729228,-0.039450970862099276,-0.0236027162435235,-0.05199509594854115,-0.019122952473808474,0.002532062308148981,-0.020747705766778445,-0.06678166688377757,-0.04554113291970689,-0.014897837850831982,-0.04538563860978397,0.01699109845738888,0.010167892970258321,-0.04787744445157665,0.010985479352462406,-0.009780353318565194,-0.012668450608135073,0.007597365197394665,0.013944667062400789,-0.02826534579131052,-0.03777293761142669,-0.03959242047075719,-0.017779480477503575,-0.012733482185546137,-0.016073666575969793,0.03443199780839961,-0.022438747577416585,-0.04864089314741931,-0.027463643885287298,-0.04249023567943252
delayed_recall_with_no_clue_time_value,0.0021952318961078994,0.14150720979683729,0.017271541143792146,-0.0324773190116789,0.11559230168243212,-0.07803839354913196,-0.02386530858684897,-0.06480257114987632,0.0839878724949556,0.020977738019161668,-0.03035210121187503,0.08405074863303702,0.05581132310911683,0.06899447315983369,-0.14449986428256342,0.11162471411698036,-0.09460330288613743,0.02613680345193293,0.04145274004562477,-0.03686938823794596,0.001296605979632157,0.2043691619952591,0.05662371893794641,0.05258362193960989,0.0954219619831614,0.08775523801232973,-0.1189099571589186,-0.01495075247565742,-0.07165668568555482,0.13612244641307242,0.08968204966241299,0.1920369834989032,-0.12399686107669587,0.06832896111449886,-0.181251294943278,-0.019408907820216006,0.03887701492849632,-0.11188663974135285,-0.149014851379469,0.07874954483701904,0.15383810475041898,0.04344227848384865,0.08821271634970204,1.0,0.17884418429569254,0.10380036117617125,0.1509307153055143,0.08840763453738924,0.07586661399833138,-0.37322899383488006,0.10034829456711793,0.10708716857971477,0.13008389009841334,0.180178822203843,0.11610833932242172,0.11768116542515113,-0.29760599462420634,-0.2606463741093733,-0.18235998461652023,-0.1970272178171568,-0.04980145986107194,-0.1469451884674495,-0.25547182792998596,-0.21006874226339256,0.08236494545484933,0.10543338042721925,0.10449627620368634,0.005540050588751352,0.06565337589618798,0.017620935121007954,-0.0759506665950665,0.09270421609220703,0.05834190487190962,0.022300002689326703,0.02743489850137805,0.12579744431753595,0.013921715250226915,0.06432291365627926,0.11699992865667115,-0.06922920515181005,-0.07696134833966853,-0.002512540912393475,0.08296676695176732,0.05025007776026438,0.13561118095627844,0.04007332184406971,0.11948337874195623,0.07302599148187311,0.00945293224448941,0.033204473107516466,0.04958218917963462,-0.02195692540388894,0.0508428657398202,0.14663508245484647,-0.012513872903027343,0.02010614911729839,-0.0006072071834594499,0.07764009596748185,0.1466266728053009,-0.0156484254802293,0.14008260846652254,0.05460560704886477,-0.07711266353641164,-0.08367475271274466,-0.1120538821901716,-0.1749938123851228,-0.0966864696677292,-0.20181579904865962
digitspan_time_value,-0.022222335643747135,0.060485942755040156,-0.05777129546759184,-0.05003168341080899,0.012855065202912144,-0.0053244243586678935,-0.0577266382343412,-0.019601074777339612,0.11544867873585651,0.00900279868152857,0.0006105384447159727,0.013071496148219466,0.056487819548087057,0.08201102077769201,-0.00997582817963214,-0.0037834218425708125,0.02842957056715308,-0.010863676538071926,0.03532869382693229,0.05496487588056424,-0.0515239048852363,0.09140723982580064,0.06720643320011216,0.09432908665318321,0.03054644935108788,0.07319136805445642,-0.10141986064463193,-0.02975052399659936,0.01793624166848468,0.07993233892601434,-0.05621107861755915,0.10047777084504236,-0.002294547853954819,0.03182231275665122,-0.12252659791026856,-0.007999284593992694,-0.03294968204430953,-0.0916381549284688,-0.10031877603539592,0.05718588754279197,0.089521663038933,0.03095495198159742,0.1120360589139561,0.17884418429569254,1.0,0.1169339353959042,0.1957354601527329,0.05147294080176982,0.0650660946889893,-0.15703165537189254,0.08794314964912596,0.1359487181443748,0.07695667074205705,0.08590189461727603,0.21007280348371887,0.08529428556866854,-0.15989162846289098,-0.15261072787584234,-0.13263528974371477,-0.14151136244854398,-0.005169703513625449,-0.08045202569997065,-0.1665740956462571,-0.095203023085853,0.014451084411734485,0.0770899558428489,0.027444800897027027,-0.020946564453703753,0.017934297044229625,0.040144128946796885,-0.10006728556468601,0.07740079308094776,0.05748617339533594,0.009254255294502516,0.02244065918850627,0.05777551264551192,-0.010733278517899635,0.010258321993640518,0.04751798357168902,-0.06494953218646336,-0.07026345290744057,-0.03038190728583568,0.05011228269059308,0.0745129853789317,0.07620348899064205,-0.04451550119763971,0.0552628268994041,0.0322226792356123,-0.01988487784226774,0.018049878587183352,0.0118749905069289,-0.10454695181424363,0.008942197406503883,0.07045644273956285,0.0156668826940603,-0.017290649571534387,-0.005916216451726474,0.06264735258953491,0.027042823995421232,0.0075964535912155995,0.2018533361700376,-0.005471370857026162,-0.1913149921569121,-0.022960929744667485,-0.022274404216502605,-0.0767832614348611,-0.04174495861852396,-0.09191834550829368
memory_trial1_time_value,-0.008346252209291739,0.08261580106117414,-0.021729149650710138,-0.03540840174402148,0.05776440250519445,-0.019573703675004488,-0.037249760337710824,-0.012538373676768856,0.07349684925271631,0.00879288376534361,0.015978834624061716,0.0401537719088766,0.05772920471333149,0.030975496101994647,-0.035312606235206795,0.028005753831866504,-0.03709025213662064,0.03277935490743411,0.027534345946705473,-0.029547353996669332,0.0107217836424973,0.12096725654538272,0.031325305615423994,0.04361036396072569,0.040437531175721235,0.03241068250071172,-0.02664984881965409,0.010349830132290188,-0.009293353303035441,0.06348368245540956,0.03816858661027355,0.09395887433057751,-0.020921753769172165,0.046711878079247975,-0.048367899951128925,0.024345333235468974,0.004679210182544867,-0.05785267285164773,-0.04085767898665347,0.02841825204733833,0.07392551990080758,0.02237944192174933,0.07918529689309793,0.10380036117617125,0.1169339353959042,1.0,0.08588345740561307,0.0573273325906007,0.057561610446022565,-0.11114605062197452,0.03703111203495148,0.0499743376220737,0.06434790018337569,0.03439736203811062,0.06924963757168,0.0668965391071075,-0.07024272790081987,-0.08606321896044958,-0.0994712522762751,-0.06700868700136475,-0.019732921015996423,-0.056124507137210594,-0.07549434846349358,-0.0397430982008606,0.0012435189655045757,0.03467183803211295,0.061989090584869684,0.03540845802225838,0.02037065067658071,-0.02357104666003754,-0.04190672811382603,0.06747773885072969,0.04585775250189194,0.021428854837836697,0.03308162129345748,0.043632217943470906,-0.006280231285911361,0.025104552269907834,0.03896903354619254,-0.014761033112877324,-0.031629661027252357,-0.014899826323838296,0.05123875453827607,0.045478418377805266,0.04221378330564355,0.002737787167640226,0.05464372741039603,0.01722958446632506,0.012037273679104728,0.05280459350648005,0.005695240362996184,-0.015065338938704632,0.027169002689392558,0.03651922399334336,0.0040676441463115744,0.02046138290193623,0.006225017624422707,0.0009723331415793563,0.036386415078876216,-0.0022545020800617227,0.10988097940779391,0.013229883970383516,-0.09949938665000871,-0.017053135524741917,-0.03585031169599076,-0.030586826688701264,-0.007959090841370189,-0.055196885955275256
memory_trial2_time_value,0.07208133818757126,0.06461393824542085,-0.018677107037415864,0.0626004650532142,0.02369187503066384,0.10315574141766204,-0.021700956377341606,0.0538470575772776,0.02986767145269846,-0.012221191188938992,0.017025582630775617,0.00697734964304728,0.06397939282274544,0.11213997507889933,0.05977846120502165,-0.13521921400801157,0.0582765674447053,0.033904668274834016,0.06715073947711828,0.08294193316621418,-0.057084274557191284,0.08716988075215697,0.12108551887383957,0.06941023393179183,0.04730544004391359,0.07395988499235735,-0.028643869732640784,0.040422088918747295,-0.01995455430326985,0.02496516686089213,-0.05520033883423092,0.10531669875877049,0.013903551921714583,0.04198692447045844,0.00970276632083015,-0.02972452002260608,-0.029193070222429333,-0.0030388347695450295,0.045983141601572144,0.0820577462887968,0.1502396828464112,0.006689000382224806,0.08955438160183582,0.1509307153055143,0.1957354601527329,0.08588345740561307,1.0,0.07480008854504544,0.052474016437209364,-0.1802924187575535,0.12555629497368306,0.21005246717818246,0.08739681917805948,0.10981071968101398,0.24840741331881266,0.10736436200164563,-0.12514726951746777,-0.17595784023800776,-0.12315806228861832,-0.10748600105890695,-0.08887068655839675,-0.10365750973950172,-0.20568495351667426,-0.0793062264797594,0.11493798643028927,-0.008874498291759627,-0.057306960001612096,-0.1344242637070251,-0.07928256009045317,0.023327100834196434,-0.006811833137032908,0.0553518752695794,0.03233013123299771,-0.0449343365216051,5.922242616605589e-05,0.006730546331894211,-0.0665193811226484,0.03405166391208314,0.028433914444796954,-0.06069399805184878,-0.0901563706479474,-0.02129991830171214,0.016654892065964537,0.012055545835139772,0.02566927268915762,-0.027572911796884494,-0.005133004364124892,-0.012141456633342157,-0.006718861701007071,0.011630508190468408,0.02085047005191968,-0.11773280142546665,0.037173316561946015,0.011716163813353022,-0.014738836890537352,0.008767538717460702,0.012339610800368009,0.03347126294963312,0.021006620057485322,-0.019211702336715444,-0.02973566527994772,0.0324768632684874,-0.1329862187152171,0.1711861249472819,-0.0562978227392126,-0.12026033472407789,-0.06819534078000995,-0.10587609165620918
moca_abstraction_time_value,0.03384280461837804,0.04759192291606698,-0.017703360087999918,0.02977655275873076,0.04094695900259004,0.016298008892195064,0.010108986641553564,0.04017938897961348,0.00013832803027716997,0.006619750589786724,-0.004976586354546334,0.05904879200649895,0.049329712267500665,0.047723092922020684,-0.0008574312879247312,-0.04047631560027805,-0.029300076853648528,0.039349485643506724,0.04331514303211715,-0.04214249613040914,0.013350033813054352,0.07448761865471289,0.010254886215133478,0.0007368128845004619,0.010952397071508692,0.06996935536679168,-0.037103502209780315,0.011749630193611312,-0.01894145958767273,0.03400428863614841,0.044807204612014116,0.060447170366401355,0.0050652035830237915,0.02401010565307628,0.0302368313230036,0.014791713231221634,-0.018342979815926932,-0.016238587867346957,0.044368719272407965,0.06074987789866642,0.08786225988494252,0.03130950445983818,0.02821841333165534,0.08840763453738924,0.05147294080176982,0.0573273325906007,0.07480008854504544,1.0,0.0678294012231866,-0.11227567403200805,0.05174925246563887,0.08117828087018894,0.08803003137624174,0.0628903712012661,0.03409669642047653,0.05975400625784699,-0.06759708968567757,-0.08698493076395006,-0.051139381175868345,-0.06945631408007844,-0.024823890158094747,-0.07400060689908855,-0.08570673247474324,-0.06156317098150103,0.0035449440904313585,0.003557211431367131,-0.0129756280646942,0.022515779206449954,-0.004305528738283367,-0.02267486833973418,0.03521450025852786,0.03560768624766303,-0.008293025846309495,0.012955185689861776,-0.0049693643761482345,0.031202313967370148,0.004842002029868262,0.0016146522052621582,0.016886665680118942,0.010196101993085842,-0.0036326201357061443,0.028204112772130543,0.009844021470303565,0.028228263308066683,0.0179148004462291,0.00027128104399402013,-0.024245315221816294,0.014227810536878134,0.027615928072105358,0.023728957921476106,-0.0038170949044447114,-0.025706195023460523,0.020792004658273067,0.05495663270476612,0.012380937419140736,0.011803122572789359,-0.005923954777310224,0.025228887482864247,0.02090870553464709,0.015306572144973687,-0.005354010652608493,0.04063043763761187,0.02085996305512179,-0.012027766784167806,-0.023103231094972823,-0.04491916567350027,-0.041918168900217004,-0.044863104852760065
moca_orientation_time_value,-0.03398440586716413,0.06713475420607877,0.04185152266663721,-0.024541550613106956,0.05704744730469654,-0.014102931539934952,-0.04289823016414706,0.006980832250332502,0.015746690906822756,-0.001269684378772,0.06108473669036649,0.057506300080082215,0.06658601956961577,0.05145864142094277,-0.009577544436657578,-0.02366605895952524,0.04733613453614077,0.1045826704327743,0.11910778941026295,0.03265072482328896,-0.0028124915145759048,0.0805171083947478,0.06792972661015857,0.04675466286479862,0.05492949710994581,0.010805503888641106,0.051620822610840666,0.05496280888605822,-0.05041090717913261,0.07383707002445979,-0.019719146929450152,0.04306346994948531,0.0056288219613488425,0.034222221753923344,0.048055328013439834,-0.029012482271676215,-0.07812274813842375,0.09191685755350638,0.06735747284528992,0.05852224497659481,0.0952600011676319,-0.009830109927749157,0.04224433909174305,0.07586661399833138,0.0650660946889893,0.057561610446022565,0.052474016437209364,0.0678294012231866,1.0,-0.13152391693302495,0.09169828934458742,0.08187458786958693,0.024290225046335507,0.03876122159143143,0.07230766801622786,0.0492625771642659,-0.023777396840660863,-0.046599233686864715,-0.03425134489274165,-0.03864734828206373,-0.07450161702928443,-0.055074993310150346,-0.10730086556657269,-0.00113024038908462,-0.03121768132751556,-0.03772440075814586,-0.00572745254655497,0.09504208197728449,0.0023352003332674106,-0.025707241790743504,0.08476775414643715,0.04939633555933757,-0.0019568272806941974,0.021132146848833477,0.02144196797560776,0.04653971522054248,-0.023800941414446154,0.02313148704655104,0.009568850223794015,0.04618341584077394,-0.024879899270835823,0.03721445119174266,0.003908721803210039,0.06163673321647218,0.022035941288820703,0.026062873290127433,0.010990733001255705,-0.006384256832014732,0.01293702848575635,0.03692268486881844,0.02371724860195494,-0.017236208726652706,0.039296344367250574,0.042210479374264746,0.0434241228452348,0.0465711311884804,0.009554657412954116,0.033299914741046426,-0.012803787736710771,0.017209824525578624,-0.145753760014399,0.025588745453443116,0.10935835489746595,0.04666851535669095,-0.024814830657461706,-0.04422288412918734,-0.014551079707469466,-0.016521530723192936
moca_total_score_value,-0.07927553681041623,-0.16952987908001627,-0.02092401442788884,-0.09100914304000628,-0.14917586441628625,0.07748712673695642,-0.049474758082900895,0.08805911058372773,0.06162752404610135,0.0197698316635945,0.0811928708474496,-0.10137076631198802,-0.08841950122494413,-0.13963089709207296,0.18968435967849384,-0.11302561634330421,0.2564870588347802,-0.018486474771874366,-0.02338553708347881,0.22343895426403246,-0.012769253604071691,-0.2410821579806689,-0.12543948276919462,0.05303502858420281,-0.07556180598676908,-0.08765305610799545,0.15013283539285002,-0.011144309726200105,0.1519133965702883,-0.1398296454937338,-0.20853631210286738,-0.20099749862545174,0.1321098476792782,-0.08722892930085398,0.13206557107977504,0.06861953102179191,0.0359749903437482,0.11668320277937566,0.07778814191826862,-0.10659404833940185,-0.17484532929930735,-0.025820444224634108,-0.11028600133871261,-0.37322899383488006,-0.15703165537189254,-0.11114605062197452,-0.1802924187575535,-0.11227567403200805,-0.13152391693302495,1.0,-0.150139950789074,-0.17117163471115027,-0.1320596055612615,-0.2670829479123605,-0.07529391986815843,-0.127879138205678,0.44267008124818835,0.3527674019368137,0.25575445403214786,0.34653071803798285,0.11782595562454522,0.2757105330476986,0.45903759054268317,0.33811888244732113,-0.0752827166050156,-0.08538407863651108,-0.046795323531595885,-0.03564054133198051,-0.10498846715703831,0.009756349207881555,-0.03516136079698039,-0.15605805200159786,-0.07095280307148874,-0.026035798166737303,0.03815508279952358,-0.193347098374125,-0.0014877367636098229,-0.045803726134265275,-0.1691746079721851,0.09827895540660542,0.06700637906988245,-0.033996426044044764,-0.10467123493437588,-0.045720451290371174,-0.18691831206967868,-0.06931648625071764,-0.15032993038382259,-0.05002676379137486,0.006487037493952614,-0.08368670290581247,-0.024013113443402387,-0.0009827270146793466,-0.07651494906992524,-0.2190396393855754,-0.004696210427598408,-0.029070238200903733,0.00951207513240114,-0.11639012686781278,-0.2325896085334065,0.019444039724085663,0.036336119843837444,-0.10370453757358539,-0.11049173537951167,0.08560329075381913,0.24309093893040626,0.2779110470831667,0.14592157918137097,0.3387123015070152
naming_time_value,0.02629452341951552,0.06457776351094727,0.026819361043782693,0.030431918384319728,0.029421517513258624,0.0853995516090923,-0.010741591491973864,0.0419010001971746,-0.01230839103645746,-0.0014955141422301748,0.0452275186023055,0.029999295340971625,0.06504667001443926,0.07658621744349206,0.06406061455066595,-0.10878586112517616,-0.007564880752440097,0.049723156894491936,0.0743030569133097,0.0059832693062546625,0.0002586446961891825,0.05342286129827557,0.04967413386917459,0.016421998792779648,0.039599449425032636,0.04589482944977259,0.023728340395117255,0.0162303111744934,-0.05081704033179967,0.023214839546480973,0.01493405319406898,0.07486455255081867,0.0027965067870255747,0.04118330186545179,0.047858806206283085,-0.006170996722817234,-0.019746647781803482,0.002873191604665266,0.06590684571222337,0.08653068088345447,0.10001084474165733,0.032702288386011066,0.06297554391764314,0.10034829456711793,0.08794314964912596,0.03703111203495148,0.12555629497368306,0.05174925246563887,0.09169828934458742,-0.150139950789074,1.0,0.14279451918013056,0.07547761700310188,0.08173903089414168,0.10161135105940826,0.05767185390163384,-0.09577839371160346,-0.07978308798200502,-0.05456090153147229,-0.06250964779742767,-0.06292363702639256,-0.06705973977819539,-0.11428504477792316,-0.04113231803242307,0.07815549019469858,0.005197566490626529,-0.02001705651840113,-0.0710018394119895,-0.06155205164265183,0.04107714804574632,0.05027988359066841,0.005716982844122163,0.003417960615408136,-0.035755576350604557,-0.00697652487866414,-0.0084973134290506,-0.04018468227904124,0.03589733422079901,0.016823007830461874,-0.0306695294067872,-0.028495818531828736,-0.0217131397938651,0.01563019337110361,-0.025203060525937786,-0.0006728724913316452,-0.0025149070557016436,-0.008646606372769275,-0.011428775064805998,-0.002766316748323018,0.014940757182983908,0.026753104502060965,-0.011916354890607368,-0.001468522584993709,0.022732540378041115,-0.022806881035315748,0.009260161424254294,-0.013048085703984491,-0.013905044528512498,-0.020040599148902064,-0.004855857862611461,-0.09311003490469019,0.017573158141264315,0.03714523640739732,0.06283780440925603,-0.031849779160028756,-0.04411638814813642,-0.017734862122454526,-0.07543620515862312
repetition_time_value,-0.03142409819986914,0.007674728941847331,-0.05335961150587962,0.006636446614457412,0.00018275623206681638,0.05041059092327706,-0.09186381172817223,0.00648228445216581,-0.007772790260239617,-0.0162252411400805,0.04878309926074249,0.0025282165538047024,0.07234796688891493,0.0877033127041495,0.08734990177158763,-0.1414124556235439,0.06097718674943112,0.013669767672816741,0.03810603653997886,0.056492471420875434,-0.045076227021823775,0.0723420531685263,0.13201669359745516,0.037318979621247785,-0.0034495705790298058,0.023339325895577124,-0.007981167344507661,0.024692790240559075,-0.02843925824334311,-0.005572008345044719,-0.0794901491065395,0.04780943393919484,0.06198191231119194,0.010508466287959692,0.12104378178354838,-0.0014357245988492146,-0.12342396692211971,0.0030643896595091208,0.14991081875482412,0.07687044449325521,0.1144670307671353,-0.014662203867884954,0.11056115818598064,0.10708716857971477,0.1359487181443748,0.0499743376220737,0.21005246717818246,0.08117828087018894,0.08187458786958693,-0.17117163471115027,0.14279451918013056,1.0,0.05920858604834197,0.07884899743733068,0.1963321494722955,0.06248820293501025,-0.08359385364396087,-0.1306545425437307,-0.09224630418124619,-0.09732474650340021,-0.07473446350876252,-0.10004004441943452,-0.19206788564584854,-0.07197278242228082,-0.012403131259437143,-0.025681787991101723,-0.06870460979189721,-0.045198576196173644,-0.14474906228595047,0.007998313875584232,0.06969159521442558,0.05295841446666354,0.008783452480050427,-0.031803935673142415,0.01264399805194065,0.04392733661272416,-0.022087429841107425,0.02307713777066547,0.013715291920837681,-0.005526051559981991,-0.04603474285561854,0.02272140562679428,0.0011103243569580738,0.061170791257264504,0.01358430876796881,-0.0590325608277626,-0.05396616063869604,0.011922581913363785,0.009076400168687394,0.022856006504807527,0.02238509835127664,-0.11888375695011204,0.0371244845750533,0.016762671425764854,-0.004830986668915365,0.04480276736241332,-0.004464508013928955,0.044246788854360675,-0.056827704551139044,0.01655464749735066,-0.09612569621238405,0.03729168689246034,0.004281516910506523,0.11036256376235068,-0.043637837605253235,-0.07722996549446315,-0.01594493101046968,-0.0773507736405479
subtraction_time_value,0.07886823825102125,0.06502744396338232,-0.02013665565925546,0.06236972270105531,0.04202556026008536,0.06864574190499208,0.05029191743862311,0.051025511988981316,0.027070866573449662,0.018217983613872606,0.011312447384371453,0.05371332864757614,0.061842739604101846,0.03494628861713909,0.02496664737061081,-0.060624734575805854,-0.10114906719757596,0.04788486337528405,0.011900024281319086,-0.03724780514807266,0.004902775318455673,0.0685654646694115,0.005177219170173402,0.012377752806377549,0.022521259751635603,0.06403028984680763,-0.05419075195093082,-0.03900345172833107,-0.025529036001470638,0.05471787504789942,0.1137913005240292,0.11495529933798414,0.018234842748166412,0.060000778391569365,-0.002428821692706584,-0.0011430110872540668,0.09809050139897087,-0.09979060909131866,0.006555398240021622,0.05415745802572787,0.0790108870217885,0.05753882063469192,0.07980851775494695,0.13008389009841334,0.07695667074205705,0.06434790018337569,0.08739681917805948,0.08803003137624174,0.024290225046335507,-0.1320596055612615,0.07547761700310188,0.05920858604834197,1.0,0.14523905979683613,0.030337457404435542,0.06224250287053571,-0.1400371586595293,-0.09296746043204936,-0.08672710348111264,-0.07232470869596967,-0.03160046749703647,-0.060587089357450434,-0.10066628148598128,-0.12991673832187214,0.1118269916142991,0.04728471202560247,0.010690536628253462,-0.08922107673429235,0.016092570592733967,-0.003346520902804517,-0.0303801446558987,0.0421473601909936,0.026727621661938424,-0.01580217528269938,-0.02437081600076555,0.0021138151681848964,0.011926910132460026,0.003819108982357959,0.009466158955786275,-0.046392273483811024,-0.03605761722214206,-0.024004051177373538,0.014924440393863762,-0.02493199825002378,-0.013565953944389293,-0.011148816963645688,0.03644648608349243,0.016066796259585552,-0.006422887304426216,-0.00880728622538402,0.005523478811729063,-0.013155830064152487,-0.006144319868319176,-0.002905653250019303,-0.018174336550795426,0.010311442434567383,-0.0019310131184730331,-0.00030930835115508244,0.04706437536281736,-0.03524001444804623,0.11489977513840466,-0.020462023699655465,-0.10247481362258543,-0.02080091725053721,-0.04321226750619896,-0.08433172829852353,-0.023517420388764244,-0.08323727877474404
cube_visuospatial_executive_time_value,0.14223051589717323,0.08562501123441449,0.011195529217746993,0.11811538015302299,0.06808076940887063,0.07523414006984755,0.13940258537410863,0.07963277225604543,-0.037265680626079635,-0.0009551166422336263,-0.0643481278650679,0.08481721129600507,0.056613209713192954,0.08047072541166736,0.011005125672062098,-0.07347271862748506,-0.1726720471842021,0.02373964229270507,0.027657052613802614,-0.15528541934433776,0.03708477600004349,0.1296505442496226,0.05557667927102422,-0.06767061294120047,0.08082187897464498,0.06660097364672214,-0.09450210473286379,-0.009582283916255175,-0.052896603009995546,0.0737051438781307,0.16823618623602551,0.11838889302490119,-0.02304922377832949,0.05790304972042018,-0.012766633913933536,-0.028826776938399568,0.040935749713598105,-0.07762145696620465,0.016198864131182777,0.08573917594343103,0.10934336921856035,0.044774428500949565,0.07467081803137289,0.180178822203843,0.08590189461727603,0.03439736203811062,0.10981071968101398,0.0628903712012661,0.03876122159143143,-0.2670829479123605,0.08173903089414168,0.07884899743733068,0.14523905979683613,1.0,0.03897369607468865,0.11037796796487724,-0.21273448853548094,-0.15221026997190976,-0.11584343399979624,-0.14296039547931114,-0.05339311352142288,-0.09635169148926447,-0.16657146287523414,-0.17847222241599991,0.13763547196559084,0.04300032548299696,0.017815616933718123,-0.035209828688907395,0.09383864064145234,0.018201113498008546,-0.011048041440252421,0.04649714834238939,0.04109457224043974,-0.01964364470942702,-0.03520672492712473,0.030996416018116008,-0.0016391399201244944,0.05927822533757387,0.03751294276815711,-0.062418643675531696,-0.03411935560194884,0.0056740896451619,0.04142102518858494,-0.020510342612984126,0.0398814760819636,0.006464563211016609,0.03900130649772567,0.023676665796689055,-0.030790407133925994,0.01157301702411501,0.01338823991152895,0.02619749425807211,0.029687927181158345,0.041589012173833866,-0.024740834970040326,0.0057811606387889215,-0.005336016022500943,0.019666961009355628,0.0794673625898299,-0.03808889861722066,0.02812336772680007,0.005300236474736366,0.00527666805534472,-0.032824746038304764,-0.12859701592809658,-0.13207243929929752,-0.027546226094822063,-0.14793034369499933
lettera_time_value,-0.03491346638541318,-0.0051057352657576565,-0.04615486879104255,-0.03460065932049051,-0.04595066139967506,0.05422778976504318,-0.11280020415760741,0.008733862023119642,0.09380735191060698,-0.016139947228368933,0.06933281263047962,-0.03231570799833256,0.05229974426764156,0.10522813582564515,0.08686857650045009,-0.1279290194441355,0.17412687169716737,-0.045380488396890684,0.006970719407104232,0.1360491168208976,-0.1008152821296487,0.06489347179015253,0.1122739976281879,0.12086694029381594,0.016498352766801297,0.058541032522618094,-0.021598926521479107,0.019966209533477965,-0.009371955098997537,0.011158240075243325,-0.190829562353764,0.048889011472187556,0.047251087967596014,-0.0018575622057998835,0.020973100144041856,0.023843700999020574,-0.16189693237080632,-0.05786124594969825,0.049717547383481796,0.0765378329210073,0.1250787868513911,-0.02162250815491232,0.07845492863501102,0.11610833932242172,0.21007280348371887,0.06924963757168,0.24840741331881266,0.03409669642047653,0.07230766801622786,-0.07529391986815843,0.10161135105940826,0.1963321494722955,0.030337457404435542,0.03897369607468865,1.0,0.09887510927104942,-0.09602419564969734,-0.12203544345440562,-0.08791498133648469,-0.08984472419844017,-0.04944593317451873,-0.08768435458252206,-0.1384410633512385,-0.03320652874143737,0.010503787021771793,-0.008948751574487403,0.01957649273430667,-0.06275631359631559,-0.08879635327532538,0.038810432116522756,-0.039537925251560246,0.06325441574465428,0.07169241429350365,-0.029671807090976412,0.03452781856787122,0.009739011218346461,-0.062201807063004856,0.009774055307306689,0.03554586304518738,-0.016076907339339506,-0.04549403629462257,-0.01378384217890999,0.01777985778301809,0.07446616909482237,0.024271876649049652,-0.03560837236311325,-0.030982742016912937,0.015807254714191157,-0.0136454627309109,0.013170602911339726,0.02226766700665493,-0.13722950468735226,0.06004409245689205,0.013683562466286702,-0.007133827372334933,0.0017921571447830206,-0.00042166044851807394,0.04516468820449624,-0.07638953682909239,0.011822091310543481,0.00950409856755216,0.02768277049127247,-0.11046409974299909,0.11010940300346622,0.012148592564223265,-0.02321572340040247,-0.03749525255992659,-0.06007891370462366
trails_visuospatial_executive_time_value,0.035151406449194275,0.04143783975062921,0.009160940492784255,0.02546769061041181,0.041338714401317235,0.03312134800382319,0.013520879586028815,0.016611692533746364,0.038476421842448164,0.010092075320146682,-0.0140794458443624,0.05474014135445096,0.07428508155207557,0.048730590492135836,0.03532274665066787,-0.051142105095934025,-0.04791708039452976,0.04414873651035513,0.04462250287726455,-0.046295965830200604,0.00306973108557623,0.08102841913368806,0.03878273458404364,0.0329967558118516,0.02781686719655785,0.04972311836725563,-0.031061237273037876,0.01040156150071316,-0.029240094171711202,0.053704209737153924,0.07162237593770096,0.07106840462149988,0.01630713370031614,0.04725096605719861,0.020674842567024742,0.002840881234344932,0.016195113290037148,-0.05046025942707195,0.039371555654970546,0.07219795555222618,0.07485889104289764,0.03374912734859814,0.08742071681940705,0.11768116542515113,0.08529428556866854,0.0668965391071075,0.10736436200164563,0.05975400625784699,0.0492625771642659,-0.127879138205678,0.05767185390163384,0.06248820293501025,0.06224250287053571,0.11037796796487724,0.09887510927104942,1.0,-0.09419241170020035,-0.07794195384492018,-0.08007790173994891,-0.10608580219217015,-0.0384257459539475,-0.07887478817779435,-0.11190570911534174,-0.0696086613907173,0.0382446716961429,0.0399778476803787,0.011118660308211311,-0.0005096929299526443,0.008829226757702983,-0.001245683582345364,-0.024892440607104188,0.020438852953894696,0.05787772326061449,-0.012993634290290414,0.002275519678785607,0.021755992913935377,0.023955707616636217,0.012501475099088053,-0.01564444267411274,-0.009358704795536436,-0.012790244258444557,0.014982528459310628,0.04248957986992828,0.00947819922008628,0.009180090374219478,-0.020031250558613184,7.019504716693819e-06,0.008855429959183122,-0.0009561239728285994,0.03244021755954128,-0.007323567828598572,-0.03832836532112068,0.03478837877826857,0.004158460064958753,-0.00963346860728479,0.017193153979890997,0.006492231239671945,0.007453133381765781,0.033600638189666306,0.014641269581121602,0.03792465100531545,-0.012226093565581197,-0.01448570379439905,-0.024560002603201878,-0.049065928864109355,-0.04756274969785745,-0.05515941783154625,-0.06567266348737175
moca_combined_mis_score_value,-0.1320699394967529,-0.09787290779419203,-0.013733217304646547,-0.10444179262043878,-0.08425189101253788,0.010512778460418268,-0.11012019409998673,0.03294391207409607,-0.0006234624148133021,-0.026235875593627025,0.08864039133702854,-0.06344296977668797,-0.08483798661113473,-0.09202528313199952,0.09793631009272039,-0.0690377984462635,0.20093177718064945,0.032483370526829765,0.04578792438211967,0.14787691599496036,-0.003887026326966352,-0.15123120278869878,-0.044115959226688053,0.03216067181419453,-0.07455640845092008,-0.06398465755440609,0.18691929149238726,0.045495338682320106,0.07113058851078287,-0.1009858200887327,-0.1294557439188851,-0.20109170312398866,0.1127037590325092,-0.0747802532743266,0.14982099054964254,0.03631275436844568,-0.018116674835678758,0.17152949790994848,0.13937232583544584,-0.05089838376035322,-0.10259240682618202,-0.03846584531124074,-0.047997117620477335,-0.29760599462420634,-0.15989162846289098,-0.07024272790081987,-0.12514726951746777,-0.06759708968567757,-0.023777396840660863,0.44267008124818835,-0.09577839371160346,-0.08359385364396087,-0.1400371586595293,-0.21273448853548094,-0.09602419564969734,-0.09419241170020035,1.0,0.2514654348832382,0.21033144487373132,0.22770302804742043,0.0626220970361418,0.1867203289441119,0.29994391953060195,0.26186613097606243,-0.1409763932198521,-0.1074647311178705,-0.09856224495267532,0.04803960814131639,-0.13644212998588873,-0.007897301892171513,0.11732430415586839,-0.10944232610072181,-0.10046669902758788,-0.022446265450661217,0.025323414101917303,-0.11223335593977005,-0.026258524295561258,-0.05506684468667935,-0.12846335832912126,0.10345269539552236,0.06124033013211063,0.010454780976751163,-0.07615875785574554,-0.018876397070785055,-0.16207955318755687,-0.03463196394838132,-0.1376186239624711,-0.04829715914773801,-0.00727675116751554,-0.0263589769169936,-0.006494671934332045,-0.004471366602497082,-0.027402193857959327,-0.12985353037610697,0.022952927018862805,-0.006532081079202469,-0.009685596641826888,-0.11438407384205333,-0.20110081726098564,0.03170653348319418,-0.14879033003601863,-0.046833865235173515,0.0682199570801932,0.09518352194674602,0.16730712557712735,0.1883415769942983,0.08066239843869553,0.2505292853201729
memory_trial1_value,0.002388299327402482,-0.051076659409039216,0.03856780550640541,-0.003688085424797849,-0.05801347632138095,0.05141797953088472,0.03288891132876721,0.07636364248945089,-0.04543751399446054,-0.008427921582751985,0.01969580911369761,-0.04680360712323875,-0.06734874470300786,-0.09814937360198533,0.1046834495835786,-0.07408994157439472,0.04756096805175085,0.03751674688153716,0.002040590414550298,-0.002863729946598755,0.022429767958119115,-0.17096307776920172,-0.08052339359016479,-0.036722641007767336,-0.0036585521101315443,-0.10244051044159726,0.0924392538285709,0.011262459709637806,0.038814921682712195,-0.11187110830271645,-0.01774061651073987,-0.1331919885377768,0.05906271279971727,-0.06403061894279283,0.10437634050576462,0.006439578872821876,0.035381202568212804,0.08487043193768529,0.08597613631316678,-0.029665575261836562,-0.1256395618685093,-0.03104912714412031,-0.07833531779190635,-0.2606463741093733,-0.15261072787584234,-0.08606321896044958,-0.17595784023800776,-0.08698493076395006,-0.046599233686864715,0.3527674019368137,-0.07978308798200502,-0.1306545425437307,-0.09296746043204936,-0.15221026997190976,-0.12203544345440562,-0.07794195384492018,0.2514654348832382,1.0,0.2101518083377929,0.23197771090839234,0.05491694159413139,0.20257504986356667,0.3045988369234845,0.17965971818738521,-0.02965691338013458,-0.049221261361249775,-0.03620128053071045,0.0026731756963207618,-0.02141517226694653,0.015896600746815433,0.046793621317521066,-0.09247291095195745,-0.07543587156809628,-0.027266122535808682,-0.017181058125250243,-0.1276344851800229,0.0012792419572280013,-0.03727682260150515,-0.1142875922761458,0.06732370094169492,0.06703894034705916,0.01603416102703961,-0.07376705731417937,-0.09714362285476912,-0.13685711673231926,0.0017032035782530651,-0.07253366521314518,-0.030274091553433528,0.004657164896133622,-0.0532452860544964,-0.028225959499570547,0.059793687180766816,-0.06364899806921548,-0.15159462779337915,0.014305022895073235,-0.027663463519668058,0.01617533228942432,-0.09294998195498869,-0.09946013058833401,0.006207648500442826,-0.10456656675612898,-0.07048250592805555,0.10549173396051448,0.009785346311943895,0.11363791320826368,0.14023688844875357,0.12679055346995421,0.2132092455401444
memory_trial2_value,-0.05538309124100459,-0.07095171750838264,0.03443741971583644,-0.04370747560832681,-0.09461893199404944,0.007996954995920702,-0.02325478488059698,0.008478762731036349,-0.0458220081185853,-0.01754358181284872,0.03156575343606968,-0.02753515385688974,-0.11497363691883733,-0.1523666807454901,0.09323278775535725,-0.06174332400783511,0.08338976225573916,0.01827879556077559,-0.0018165605302021257,0.07193777270151058,-0.006996099237712659,-0.16477054778097866,-0.08424769248915322,-0.022800195205843785,-0.041243139736382925,-0.12386909874912638,0.069577899187844,0.021348610336563177,0.02286996714417534,-0.11160453395575394,-0.0135610375243405,-0.1739657276442399,0.004809456632962415,-0.08746756748826957,0.08570277285888112,-0.0006307684667733951,0.05590269906702003,0.10576663027919399,0.06612235905550899,-0.025949781425624128,-0.158419645673979,-0.015541593439911083,-0.03186598301007186,-0.18235998461652023,-0.13263528974371477,-0.0994712522762751,-0.12315806228861832,-0.051139381175868345,-0.03425134489274165,0.25575445403214786,-0.05456090153147229,-0.09224630418124619,-0.08672710348111264,-0.11584343399979624,-0.08791498133648469,-0.08007790173994891,0.21033144487373132,0.2101518083377929,1.0,0.12939337608853083,0.027936306441084822,0.20688517424367692,0.21684371822423135,0.14828890364286396,-0.08357350886173123,-0.039258579879940955,-0.04050426147313312,0.01462350467441733,-0.047690761332937946,0.04349126303409114,0.061130213667156805,-0.06295836003105817,-0.0722687960765171,-0.060704711259930356,-0.05311292044422655,-0.13775069409906096,-0.014647021069925147,-0.07468351790335756,-0.1003076203419934,0.03237531916068619,0.0713015350472187,-0.014905907980468043,-0.08992277644008596,-0.08305933172935656,-0.1358154532954593,-0.036660959241379354,-0.11020158834877859,-0.08328721063647693,0.0007807433394462748,-0.03251652051109572,-0.02561316255639124,0.021522602398420583,-0.11300862262632387,-0.08115203872635586,-0.025752954745121452,-0.01847380202930483,-0.0008323806817981363,-0.128610762501849,-0.1260707320858358,0.0007161610215258226,-0.1601971727250135,-0.16314392877188008,0.2204319210038658,-0.04861408532565271,0.10122543980153637,0.12509313935570068,0.11580209718524505,0.1497573010623812
moca_abstraction_value,0.005867262930652493,-9.744167487341925e-05,0.031552320764841844,0.005267606723712872,-0.001197539517147142,0.052498327370084585,0.019832484690892157,0.05240061078617437,-0.04232501114345981,-0.021776661622186753,0.023501850550340223,-0.033655209297496415,-0.0414298695716094,-0.041350824121094726,0.08001112458349657,-0.04603520629525357,0.09478854011226218,0.06275268989329714,0.017290470417026405,0.08458254433178015,0.0211278906795333,-0.06351157147117961,-0.03565634098106738,-0.019782038592218033,0.02470585663106169,-0.030350481150381692,0.13019984080938626,0.013054062496771508,0.0650803801672184,-0.04975509020473266,-0.0746471461748971,-0.08993454143739059,-0.0009321015110987,-0.038304943873534315,0.06606741050148697,0.022832853130919893,0.004585295084740219,0.12555137672181918,0.0429284507465526,-0.05377472103004307,-0.042840962132055044,0.0017249818499279102,-0.0672237141448727,-0.1970272178171568,-0.14151136244854398,-0.06700868700136475,-0.10748600105890695,-0.06945631408007844,-0.03864734828206373,0.34653071803798285,-0.06250964779742767,-0.09732474650340021,-0.07232470869596967,-0.14296039547931114,-0.08984472419844017,-0.10608580219217015,0.22770302804742043,0.23197771090839234,0.12939337608853083,1.0,0.02421421743574315,0.10440737859336621,0.25557795395893473,0.2149566551074537,-0.02746342779893476,-0.06852452147271765,-0.07342779533481895,-0.01047838165965253,-0.06734229349761965,-0.030202086690342356,0.05924245309766877,-0.12394220016336749,-0.06039528681754746,0.030464283312823782,0.04612319225460114,-0.0787042084696047,-0.003782073745237713,-0.005347336466848856,-0.054547805515691765,0.06063313333602805,0.025198831528931615,0.002483256318149673,-0.06395969829742684,-0.021473688067530684,-0.12077008406866793,0.03641501460101473,-0.02563338340489857,-0.04010115805364023,0.014301555370333398,-0.0340511751274154,0.016549984873115004,0.06258201724406548,-0.03178728043083432,-0.13365584575222939,-0.00791388537284468,0.011419079447106273,-0.007444055905094788,-0.04952016627087243,-0.049598676745641966,0.009899608724973667,-0.13689335715291598,-0.051751510154575436,0.05299843730248296,0.08985309493194683,0.0925159069894138,0.14361314488358254,0.05345659320829037,0.21061792914474187
moca_orientation_value,-0.069533727573926,-0.08344225447645519,-0.012785093609495151,-0.07323640336742589,-0.04655196137231841,-0.0351018922567629,-0.040453151979526925,-0.07169036665911634,0.06482028103666135,0.010920042503811744,0.02266429345815947,-0.06222084820358632,-0.07034739268383704,-0.11696959888253451,0.005148591896293518,0.08532933360532236,0.07963752223795245,-0.04816383888226342,-0.08381058630975892,0.051146819256838116,-0.010632744832556988,-0.09234639436216821,-0.04414747369755264,0.042182624290286685,-0.05959434948956002,-0.03582176294606129,-0.04701002328268623,-0.020882048562223126,0.04434568352399947,-0.06742388729842735,-0.08329240611952526,-0.05496889343784464,-0.016556990972238922,-0.04747222262317335,-0.08635558716829614,0.02301202473890219,0.013357840463211037,-0.053366972173838276,-0.1121475713705425,-0.04389362183502686,-0.1674904603710917,-0.03536166215763592,-0.040372328013896785,-0.04980145986107194,-0.005169703513625449,-0.019732921015996423,-0.08887068655839675,-0.024823890158094747,-0.07450161702928443,0.11782595562454522,-0.06292363702639256,-0.07473446350876252,-0.03160046749703647,-0.05339311352142288,-0.04944593317451873,-0.0384257459539475,0.0626220970361418,0.05491694159413139,0.027936306441084822,0.02421421743574315,1.0,0.14877994754514715,0.10416718044806621,0.04891398418101437,-0.05648023498557833,0.07593198154324964,0.04856664120509134,-0.028303079025253,-0.015303930309324055,0.04318570760180276,-0.06663444069582267,0.022437254841574696,-0.030404547771796187,-0.03918861877378338,-0.0017854166169377253,-0.018877673608610084,0.024971937046005067,-0.0430142176697986,-0.028514862742354645,-0.032789743761345864,0.026799655605810328,-0.056526237939873644,-0.00918698589767611,-0.02836078406028953,0.031113458778909198,-0.013616120727237951,0.008679506658075957,-0.01707361872030278,-0.0265223112228514,-0.07163213598634902,-0.12981590187247782,-0.003378479060220221,-0.04812906934986656,0.0015967203660254244,-0.00470484415651688,-0.01737076494409847,-0.015074064355686385,-0.03376602570468115,-0.031623629898549284,0.02478517739084002,0.20441683077623707,-0.0888706637385781,-0.07498306070125732,-0.13282685397377245,0.04718127798672283,0.03637813446110796,0.04696159113542354,0.04933061641097607
naming_value,-0.040882434971107835,-0.13381621368004767,0.00207748426589683,-0.03311096134452166,-0.1360963098864618,0.06424513090019003,0.008382033776047747,0.041435463069558795,-0.0038995035842577883,0.02732524659604791,0.050503111816129403,-0.08577730319212674,-0.08393695744430031,-0.1338991738050407,0.09369438240852147,-0.04868022550916664,0.08237689667428003,-0.039810506725240724,-0.052010205794415995,0.05441229470270634,-0.024681438241242647,-0.17731866299741533,-0.11406822815217543,-0.017834184027764075,-0.08712793227586593,-0.10177378932171625,-0.004835401167887348,-0.020386644898076036,0.04404784100838564,-0.11836300184221603,-0.04604994889146068,-0.1395143620305533,0.030624914424053462,-0.060460256407346744,0.04647042960583881,-0.006203959852042249,0.05630281681190473,0.0015475872182774079,0.020053747163721797,-0.061173093280843145,-0.23595778302888235,-0.04262841419554032,-0.019941686718325077,-0.1469451884674495,-0.08045202569997065,-0.056124507137210594,-0.10365750973950172,-0.07400060689908855,-0.055074993310150346,0.2757105330476986,-0.06705973977819539,-0.10004004441943452,-0.060587089357450434,-0.09635169148926447,-0.08768435458252206,-0.07887478817779435,0.1867203289441119,0.20257504986356667,0.20688517424367692,0.10440737859336621,0.14877994754514715,1.0,0.20965541943209104,0.10831574785915278,-0.06666923495899253,0.010672058238844854,0.0014037154199579263,-0.0204135136064121,-0.02219961846858838,0.061169793328549445,-0.03388605521214966,-0.015478129185895393,-0.0734223969693076,-0.10138038953032213,-0.03680758764720955,-0.160186181731185,0.002781684853941299,-0.06327483796815873,-0.05954231849533344,-0.009860140386856616,0.06883764081536922,-0.060747633813740674,-0.08066334938294906,-0.09687948677122529,-0.10331230782374667,-0.07541791844026424,-0.09277917302882072,-0.07255894213718615,-0.005488871428656385,-0.08449608013979304,-0.06144008006976202,-0.007378524976744274,-0.06290102946246742,-0.11405514767510716,-0.012138069359969006,-0.02824678700120467,-0.04114525829684405,-0.11165148290854295,-0.12889377995541174,-0.0259087832730957,0.044457951416036263,-0.1933370148367,0.0370901569512922,-0.06233929895070674,0.1403440090566266,0.11497304129904823,0.09842555024727745,0.15402098232759046
repetition_value,0.02996411434947431,-0.06594794396516435,0.03039324032340647,-0.01313192055420284,-0.08005026490388693,0.03252671542933,0.09135838446798086,0.06681189213234642,-0.002069412481869107,0.032688072260773623,0.02519419790654206,-0.03671095675548,-0.07634183322528804,-0.14590354557977228,0.09252658800050512,-0.034954752222223655,0.1061811882938789,0.007370316398867771,-0.0349679529861614,0.01237321344471243,0.046984960568819546,-0.11154084074485902,-0.1043988440475326,-0.0017960314935490788,0.01364651698073249,-0.045884420687214184,0.060822962851360754,-0.036406422141488246,0.08679245815327849,-0.03955865094594723,-0.08871818636355924,-0.11551431470711125,0.008924050338085191,-0.025306871613339797,0.003335209326406705,0.06122697946331007,0.010244516192086045,0.02390142982176549,-0.024870853024095807,-0.044385512121546414,-0.16974346745606722,0.01277227943429443,-0.139310310693704,-0.25547182792998596,-0.1665740956462571,-0.07549434846349358,-0.20568495351667426,-0.08570673247474324,-0.10730086556657269,0.45903759054268317,-0.11428504477792316,-0.19206788564584854,-0.10066628148598128,-0.16657146287523414,-0.1384410633512385,-0.11190570911534174,0.29994391953060195,0.3045988369234845,0.21684371822423135,0.25557795395893473,0.10416718044806621,0.20965541943209104,1.0,0.22361389776017676,-0.010738831108050035,-0.02940885111129276,0.046582271994200175,-0.006082474016111644,0.04209239077940018,-0.0030317900724955585,-0.054496652172447424,-0.10253360115526905,-0.05114771818829089,0.030881038899222005,0.029197797005225307,-0.09290653786575753,0.06614696968978824,-0.026716422462552392,-0.07188859134218992,0.05171903313935965,0.07909754429039367,0.0026365053087226593,-0.05495702312528785,-0.058081615136371376,-0.08637888691614118,0.015485631824848915,-0.038422878356843264,0.0003943226762986452,0.014462594850577276,-0.03808901118791647,-0.029141554838343076,0.08296082747533655,-0.05940654767375944,-0.12670250879626196,0.003372415668244015,-0.03230607701276691,-0.006719687738942101,-0.0566617822534625,-0.04625987620122127,0.019912189237737903,0.06398219917925738,-0.0748552838485811,0.011499270662399258,-0.08706156951926235,0.14234505392517455,0.19990759813916542,0.08657451011092594,0.23792132495782378
subtraction_value,-0.15869786383388393,-0.052741744690521467,-0.009435351078650218,-0.1491977243497356,-0.029993726081176952,-0.07581358263262139,-0.14818185064114864,-0.06436081498339082,0.057192272273237324,-0.008057609787960291,0.04753505517663589,-0.03293170317006949,-0.029849834623128412,-0.0536921980735017,-0.011681812529410559,0.049256702302277675,0.28167004344805846,0.033593816987627936,0.02493620051455198,0.2327929555140659,-0.040279348048396356,-0.07351403575254808,-0.03631610329867088,0.10031940522571707,-0.03044785115338859,-0.04126471187976084,0.13236751051481466,-0.003235291962429689,0.07298627685049414,-0.026054070732411068,-0.2602071922737079,-0.10809101141310504,-0.007345499915289662,-0.06880537040725634,0.013889543719571198,0.057037109526363705,-0.0999375310410627,0.12151068818775809,-0.016197447613856494,-0.02336854767165551,-0.0600993883385299,-0.033368382260442205,-0.07079409544973767,-0.21006874226339256,-0.095203023085853,-0.0397430982008606,-0.0793062264797594,-0.06156317098150103,-0.00113024038908462,0.33811888244732113,-0.04113231803242307,-0.07197278242228082,-0.12991673832187214,-0.17847222241599991,-0.03320652874143737,-0.0696086613907173,0.26186613097606243,0.17965971818738521,0.14828890364286396,0.2149566551074537,0.04891398418101437,0.10831574785915278,0.22361389776017676,1.0,-0.12307391577259404,-0.057881637117234735,-0.017313718762446365,0.052330474029877894,-0.10976173733603757,-0.02668315626357577,0.04240118578927173,-0.08204311173478586,-0.012921365239305866,0.028656762595654802,0.04289933072222037,-0.03655071704522462,-0.010639975511323996,-0.01389738548101446,-0.05224714560490879,0.0872015715621163,0.04527359824669125,-0.008890028441072863,-0.04500238957325628,0.041772203776569206,-0.057664296725676675,0.01723191544643911,-0.05685151229393156,-0.007912783323015265,0.029252331777178932,-0.01414864973451397,-0.013515104042812068,-0.006150595629708721,-0.007055450819750452,-0.0803324880210779,0.0377433488796237,-0.0026283426875803235,0.004502483425181999,-0.01431816296107838,-0.11782161986834741,0.055571270044161465,-0.09250810382756655,-0.010720340320206544,0.0357768503250629,0.06793747205035869,0.15116625738285788,0.16193768484206247,0.045934600413433405,0.21518206754782312
Rate,0.5895884664004268,0.2353126060627557,0.07888401113803899,0.4676429260706191,0.17286963271806954,0.3248838093639581,0.520790464445343,0.3052244564398469,-0.1239878647711067,0.11150570451964747,-0.10300016594936996,0.0741568054627164,0.11777287769058098,0.05339231387472225,0.09443813695653194,-0.20505963864287258,-0.15429666169493195,0.09240315953772019,0.0059941155846163965,-0.0821171830886651,0.08208754462572794,0.12183654648527975,0.03926183408278832,-0.1192022788101944,0.25142019062290555,0.10014286256883212,-0.06291860835250328,-0.12117804722536189,0.038735835166765015,0.08324572308890323,0.07156871978803397,0.2120332929161673,-0.07589737457838498,0.16000534718044077,-0.1248436074106465,-0.09261630704311212,0.09703961220335221,-0.06071462191354285,-0.15813003933063446,0.006179814622588641,0.11496026959102,0.11293924297474474,-0.021639364016296885,0.08236494545484933,0.014451084411734485,0.0012435189655045757,0.11493798643028927,0.0035449440904313585,-0.03121768132751556,-0.0752827166050156,0.07815549019469858,-0.012403131259437143,0.1118269916142991,0.13763547196559084,0.010503787021771793,0.0382446716961429,-0.1409763932198521,-0.02965691338013458,-0.08357350886173123,-0.02746342779893476,-0.05648023498557833,-0.06666923495899253,-0.010738831108050035,-0.12307391577259404,1.0,0.00021160186304515136,0.0037196587503726146,-0.5000908926678201,0.30472903883940694,0.02664064485980771,-0.12717854906762358,0.008655835608240162,0.028375605798051415,0.10932472244851758,-0.011508582700841695,0.0072138624103079176,-0.01279828728525958,0.0806966344457543,0.057334876730973185,-0.11515366205529579,-0.09905030178648097,-0.04490147549706385,0.05318082076613377,-0.08208431173116838,0.007710076220818949,0.15722258878548093,0.20368245645533958,0.05392947445354451,-0.06823075493536587,-0.020931978805533998,0.021263771253102352,0.19710911116295057,-0.014439232064085492,-0.07164625489687064,-0.0885225660831514,0.016997384935384743,0.014186683929754359,0.025831100641843557,0.2979465352906993,-0.07390990668640224,0.11621253853857907,-0.008391872670688862,-0.19830842292142423,0.08065788578717668,-0.1481233606927485,-0.04414897151202468,-0.028506143228494187,-0.0547695281554463
PR,-0.03313155665354138,0.033706865801939254,-0.010566239730145581,-0.026459518317607535,-0.010380653688040854,-0.09553244694390985,-0.006135206388597904,-0.04744456640092539,0.08065093628564428,-0.003616445161601801,-0.030132120096614066,0.030677673420528382,-0.017024229096334827,-0.010877373038550601,-0.0821888856946658,0.1139614400945108,-0.06831337001341554,-0.009261643888574537,-0.02008421268556384,-0.020648240809928817,-0.008308815085775167,0.07414944777589504,-0.05137104414170323,0.048789623748888275,0.018421142377339075,0.0452618587891125,-0.07408380414269433,-0.06778460090183398,0.0015090589024993092,0.07840799520358985,0.07150657158419008,0.08092598565308001,-0.09187224035924242,0.023728634100627533,-0.1760363897528884,0.028438009199283895,0.07750988296786228,-0.10214502156177621,-0.1773137490153092,-0.005004554671997558,-0.037234469293463975,0.04896772627279278,0.012340829189887418,0.10543338042721925,0.0770899558428489,0.03467183803211295,-0.008874498291759627,0.003557211431367131,-0.03772440075814586,-0.08538407863651108,0.005197566490626529,-0.025681787991101723,0.04728471202560247,0.04300032548299696,-0.008948751574487403,0.0399778476803787,-0.1074647311178705,-0.049221261361249775,-0.039258579879940955,-0.06852452147271765,0.07593198154324964,0.010672058238844854,-0.02940885111129276,-0.057881637117234735,0.00021160186304515136,1.0,0.10330812784067009,0.008597463695217402,0.05948050149507032,-0.0013255224664548537,-0.1104799602137662,-0.010517265392012264,0.048567503953381684,0.00728854738925954,0.003864789680285451,0.03937445778142863,0.0395365886727135,-0.04687291592185416,0.047936877570023344,-0.04535696960063016,0.008625302032457852,-0.021280757471644294,0.017548843417703137,0.01750960205632835,0.08695275908645794,0.01445548207702997,0.07354134515954193,0.04325555467889711,0.006480424106450868,-0.022142053507585364,-0.015048149335878242,0.020112696964207744,-0.010955786123795639,0.0911732751089138,0.000478923665254538,-0.006559715776217627,0.011590638266213912,0.04519775867304416,0.06857478058347863,0.0017413536933085815,0.21226131649250096,-0.011512411040108757,-0.061245811497194866,-0.17391033721659005,-0.02605990463357223,-0.05117359429100433,-0.04938169986455235,-0.04288489895215223
QRSD,-0.06553554476981738,0.04885860229928437,0.04053504558165248,-0.0927032793497345,0.02625945778400616,-0.167665184348746,-0.014741069791211557,-0.11045144495918573,0.11011594450041096,0.06586466833012337,-0.04935728702960328,0.02011535151982987,-0.011009237354089797,-0.05528823147757313,-0.16540905509630674,0.2194525827341066,-0.013655740243879867,-0.02763506092653879,-0.007674966560275144,-0.07614446213347216,0.02866598925743439,0.13099879001382597,-0.007565974026553418,0.05241134779256975,0.11238704195733072,0.04205644112227404,-0.10962336264370633,-0.04538551497218354,-0.023031524028676746,0.17030439831958394,-0.00830797198936671,0.06050114833860101,-0.1273347966826367,0.0508324939036424,-0.2586796992403736,0.08793995598281565,-0.05414992716505558,-0.11140708433356941,-0.2768784281809666,0.023355404633089775,-0.05744457074267986,0.03500550686276227,-0.049490481176160464,0.10449627620368634,0.027444800897027027,0.061989090584869684,-0.057306960001612096,-0.0129756280646942,-0.00572745254655497,-0.046795323531595885,-0.02001705651840113,-0.06870460979189721,0.010690536628253462,0.017815616933718123,0.01957649273430667,0.011118660308211311,-0.09856224495267532,-0.03620128053071045,-0.04050426147313312,-0.07342779533481895,0.04856664120509134,0.0014037154199579263,0.046582271994200175,-0.017313718762446365,0.0037196587503726146,0.10330812784067009,1.0,0.15673151185028666,0.25591000874008335,0.012284518706712646,-0.1720768955794088,0.029738297838648568,0.1074370652912017,0.10520458573564564,0.11976272789015413,0.14823822602903436,0.09929507002359977,0.0201849122996197,0.10363489670148968,-0.007065786425558078,-0.01638311455614533,0.019002947476586686,0.04312280815909633,0.0749949179184804,0.1408749440328087,0.0707274343746924,0.13600918715753035,0.09507571058248046,0.030171251927723842,0.011777877006742076,0.009356343563061887,0.060120276562644306,0.02445206868770701,0.1251766013195981,0.016769860386679478,-0.019937275610841222,0.014477158343293293,0.09544225069444705,0.14957267546214348,0.03781892866478541,0.23372822413230324,-0.0053419489084675555,-0.04998041853873955,-0.21126833798166436,-0.025632379822000537,-0.023126669118538647,-0.04987444231705686,-0.02331188678466515
QT,-0.3805366752770231,-0.06216558800896386,0.022442597404318372,-0.34192874504658005,-0.04497139425066311,-0.32462281077841715,-0.3107545149377653,-0.23435999370670124,0.08932763044439906,-0.01928728275187241,0.031649493726801196,0.020648321667654047,-0.04670458891509105,-0.01063247514105486,-0.15836051521679254,0.23906381725097497,-0.03742195617176889,-0.0029654943728292344,0.10834901344053884,-0.15464904471155635,0.03658767213294328,0.11481824339174014,0.01670551914662577,0.04868107996188567,-0.038452090168070725,-0.03677694583369216,0.03345184842774568,0.13648381307145457,-0.09736150897217724,0.10851823011150116,0.09222674078143962,-0.1045157773318006,0.010352619502458214,-0.03371463142286177,0.055191056095103386,0.11596832202614481,-0.1439247398469485,0.08967283807644179,0.08078556141463249,0.035754009168772256,-0.021508129769985923,-0.06406462243475174,0.026478253678306682,0.005540050588751352,-0.020946564453703753,0.03540845802225838,-0.1344242637070251,0.022515779206449954,0.09504208197728449,-0.03564054133198051,-0.0710018394119895,-0.045198576196173644,-0.08922107673429235,-0.035209828688907395,-0.06275631359631559,-0.0005096929299526443,0.04803960814131639,0.0026731756963207618,0.01462350467441733,-0.01047838165965253,-0.028303079025253,-0.0204135136064121,-0.006082474016111644,0.052330474029877894,-0.5000908926678201,0.008597463695217402,0.15673151185028666,1.0,0.24034995736492318,-0.0381263271452994,0.08422669919371645,0.036802501449663405,0.029970835041831914,0.050495941044892564,0.11506933042878618,0.1567447585494147,0.10970528826386022,0.02595873432136403,-0.00349865047580381,0.14374850722672394,0.05769611593261522,0.10528811408219683,0.006145796765880562,0.15445567174350466,0.08000490931154834,-0.05229664361509095,-0.06828201305883086,0.04653895969138654,0.11950503146106817,0.056522724935114003,0.0059280182652651885,-0.04532354955153256,0.10681295143560209,0.14687000938931385,0.13828061880089243,0.0016781205065254056,0.006407479387155624,0.059278408182184134,-0.08403977917367476,0.12945246834055615,-0.11053269050397808,0.01691013356907166,0.2865542686112119,-0.1855804178945371,0.07382632299855674,0.010364152730000057,-0.003106107838095077,0.008457419144556536
QTc,0.24273728419593632,0.12770209766742222,0.10949043548062924,0.1605572719413586,0.10067929696822639,-0.06204642468819879,0.31907838125689,0.012554193831941908,-0.01803919660911443,0.12309239222663576,-0.11093589506066504,0.05935208780184585,0.0141433439970814,0.008875890559617227,-0.10256936882453904,0.14414067149375773,-0.20497463453184017,-0.00548516372568711,0.00370623846060157,-0.3187244169724653,0.12799321110017578,0.2300696388511031,0.01854754473480071,-0.07530624566588323,0.20234295939970037,0.056079649397641915,-0.13598672602697717,-0.023461194095765383,-0.03941045044589388,0.23073561734716763,0.12289809079255964,0.0871144872797091,-0.0865397619848649,0.09465476311549452,-0.21231634303019514,0.02860431459886856,-0.10772942500928821,-0.045971625284552585,-0.2210649328035295,0.016029180985211562,0.018951756562263358,0.04675535402609089,-0.06440743724780981,0.06565337589618798,0.017934297044229625,0.02037065067658071,-0.07928256009045317,-0.004305528738283367,0.0023352003332674106,-0.10498846715703831,-0.06155205164265183,-0.14474906228595047,0.016092570592733967,0.09383864064145234,-0.08879635327532538,0.008829226757702983,-0.13644212998588873,-0.02141517226694653,-0.047690761332937946,-0.06734229349761965,-0.015303930309324055,-0.02219961846858838,0.04209239077940018,-0.10976173733603757,0.30472903883940694,0.05948050149507032,0.25591000874008335,0.24034995736492318,1.0,0.0217128254406528,-0.17617752284736474,0.08281260712366655,0.1073452832001109,0.18031975328353483,0.11250544643612745,0.19774248162556926,0.16588106249014997,0.0764989951185211,0.07785893633002676,0.015523802141374582,-0.00987054151892347,0.10711551573103992,0.08528182333717337,0.057541010316391965,0.13483055320360732,0.10529468040204873,0.188016012983016,0.128029443903642,0.04843071606392004,0.024315278991337248,0.013557808488965232,0.15654030585850554,0.08192813791932357,0.10728040464063955,0.0345290005341361,-0.012341890327848134,0.014741507579864458,0.10465770712405142,0.2508018151961785,0.046973018592054126,0.2016942743033371,-0.016788719599380362,0.06989672845527324,-0.2972267671479698,-0.08252419524157627,-0.05911061291467132,-0.05785505691021724,-0.053594743276059245
P,0.0002750531015153962,-0.07038299915841555,-0.004491202746725744,-0.007246616976808644,-0.08193982573469218,0.08214194185390994,-0.0024973513786427106,0.040963087672866036,0.021767776439814968,-0.00102932239041736,0.054443764279222255,-0.03696059156198349,-0.02212850381098149,0.008698888825721647,0.13074966060233986,-0.08384386975670213,0.006856564718602687,-0.02904785308938751,-0.04327794655048768,0.011416399355917033,-0.04026799106911143,-0.07441824361068317,-0.004032166117659591,0.022529027762065137,-0.04692443274027816,-0.034511957007732075,-0.06409320410556803,0.03280393499426661,0.02022095813626328,-0.09985890723350033,-0.01926309696439571,-0.013669722095029983,0.027169354581002295,0.004469600098064767,0.0170138390759505,0.019607325213752795,0.0015498927759203768,-0.046258211405811704,0.020357246768852075,0.02511684396720171,-0.0720814796229176,-0.013067369375425643,0.010470711329608426,0.017620935121007954,0.040144128946796885,-0.02357104666003754,0.023327100834196434,-0.02267486833973418,-0.025707241790743504,0.009756349207881555,0.04107714804574632,0.007998313875584232,-0.003346520902804517,0.018201113498008546,0.038810432116522756,-0.001245683582345364,-0.007897301892171513,0.015896600746815433,0.04349126303409114,-0.030202086690342356,0.04318570760180276,0.061169793328549445,-0.0030317900724955585,-0.02668315626357577,0.02664064485980771,-0.0013255224664548537,0.012284518706712646,-0.0381263271452994,0.0217128254406528,1.0,0.013112095621067597,0.07810602027881125,-0.014275844924371395,-0.07464042120525677,-0.030835251522367033,-0.09437869804480499,-0.013985889892690456,-0.04598747747912547,-0.04562483243023102,-0.041963829981346075,0.03463393849468689,-0.030748525051100546,-0.016869337165289027,-0.05319073721898938,-0.02575748228176441,-0.05505484604097737,-0.08229035611908907,-0.013307752868729601,-0.005163763091705803,-0.029778365614192993,-0.03278432219299338,-0.04313657378720013,-0.04205364617425562,-0.01890209947712418,-0.014169860800187577,-0.01558096717682353,-0.010795898159839537,-0.07173949436296005,-0.10676238801522643,-0.02526675923746353,0.04487654557019893,-0.03632922622662736,0.006305424187613752,-0.05072431592250696,0.048176954294673245,0.00794085848470898,0.021840647852248138,-0.0027342694188897463
QRS,-0.05389478315040673,-0.01975975678664631,0.010941124530850145,-0.009372163643006056,0.008387900098090224,0.04572569876577299,-0.07165614201141714,0.040547193599114545,-0.11122806005722878,-0.06650611291181986,0.038704881336777165,-0.019380035535995488,0.007211246565700516,0.009895436774164419,0.06056585227750954,-0.12133210033629199,0.04077190319428403,0.10050353083913431,0.13666206530371203,0.08295558752083974,-0.004323705820232097,-0.053920752626914245,0.04737090916438234,-0.05067995518970071,-0.03245541421985962,-0.07345536574862693,0.1889397621204685,0.1083473600328455,-0.06281090764469915,-0.10941341662066977,0.03149060119990383,-0.07423518767984842,0.046537829115726424,-0.035552520263221005,0.20143368752579527,-0.06723390688469433,-0.01531884483048843,0.23697347785548556,0.24147054769683485,0.04045305671963646,0.0341167881606292,-0.05864775404093253,0.03753110032175891,-0.0759506665950665,-0.10006728556468601,-0.04190672811382603,-0.006811833137032908,0.03521450025852786,0.08476775414643715,-0.03516136079698039,0.05027988359066841,0.06969159521442558,-0.0303801446558987,-0.011048041440252421,-0.039537925251560246,-0.024892440607104188,0.11732430415586839,0.046793621317521066,0.061130213667156805,0.05924245309766877,-0.06663444069582267,-0.03388605521214966,-0.054496652172447424,0.04240118578927173,-0.12717854906762358,-0.1104799602137662,-0.1720768955794088,0.08422669919371645,-0.17617752284736474,0.013112095621067597,1.0,0.01146358775683321,-0.09287400930914912,-0.05446348334602006,-0.04891694848138961,-0.07616563838983036,-0.07675021711828216,-0.008103027947636591,-0.0742300227214281,0.05519707478130287,0.02814110238886862,0.013358345975570087,-0.03421881580076009,-0.023855117233791454,-0.10464305377300963,-0.028710403884095105,-0.10106888494110441,-0.07784770921758041,-0.005158642750496124,0.015552476048530533,0.0032139345578936413,0.0012958318883613577,-0.0079132813495605,-0.06129962697449318,0.009077757806429828,0.007389928158772968,6.87029073756555e-05,-0.07828268779990868,-0.13624390516066018,0.020584365798268913,-0.43668384045664177,0.02375337341254632,0.3228668820703503,0.15133348839544294,0.027371952539535012,0.01709236038321702,0.04330972534853849,0.008774942396364022
T,0.04099297648913975,-0.0345057018385194,-0.025407219422611902,0.024066005623571408,-0.03617332825945627,0.03054769049657313,0.02865376174181839,0.004540339977764544,0.00791373274674466,0.010873643867436791,-0.010942991207387311,0.0013309405303452515,0.0359671823155985,0.05134039944020253,0.04433736196099011,-0.023895190779790923,0.022757959253838726,-0.018595789907071985,-0.02995310287835538,-0.03597157767015605,-0.03845714617002867,0.036471104177451884,0.06315892294722744,0.03691765305488902,-0.0024288260701534033,0.020793020624849196,-0.09251965303059301,0.05723571625630903,-0.0432516672785289,-0.024080959564728246,-0.037034118665232145,0.029867930478477647,0.048099632075012944,-0.0043588975336972475,-0.05970475299084447,0.0054133447712655745,-0.08986306952838735,-0.0725411778959769,-0.030265149366128716,0.01277397124504027,0.037262692382846914,-0.03735767501932412,0.03704352173166542,0.09270421609220703,0.07740079308094776,0.06747773885072969,0.0553518752695794,0.03560768624766303,0.04939633555933757,-0.15605805200159786,0.005716982844122163,0.05295841446666354,0.0421473601909936,0.04649714834238939,0.06325441574465428,0.020438852953894696,-0.10944232610072181,-0.09247291095195745,-0.06295836003105817,-0.12394220016336749,0.022437254841574696,-0.015478129185895393,-0.10253360115526905,-0.08204311173478586,0.008655835608240162,-0.010517265392012264,0.029738297838648568,0.036802501449663405,0.08281260712366655,0.07810602027881125,0.01146358775683321,1.0,0.03765052272214542,-0.0029724329226508642,0.01092622666622036,0.04254088407508019,0.0346535171335917,-0.004825577794700188,0.011794482615623493,-0.028660784335702502,-0.006605077469084024,0.02187898948224535,0.03564639249820811,0.02466240510274491,0.0222654063364981,-0.025574858153088163,0.00408240766863177,0.02227279431951804,0.00840223510076573,0.005080812135188054,-0.0014382662928934186,-0.06465071821876152,0.06966795721796253,0.038708087671090054,0.006539012165684045,0.003648644102046405,-0.02049204841970094,0.009352059448640248,-0.024987183290366775,0.005829135539234344,0.10423983812577976,-0.004025801966889611,-0.06554455004768737,-0.045874097120703033,-0.04126052415615833,-0.04565216916610677,-0.0252145136332318,-0.07961323188203624
Age-related macular degeneration,0.015204575633165577,0.05391239015113698,-0.007084983976339631,-0.007161732173541348,0.021668698579959476,-0.04768189537222917,0.017217882886165218,-0.05061386928665546,0.050382143630424155,0.04149485789751213,-0.0323235883804238,0.010958292645140305,0.04840442730596751,0.02211482262989845,-0.07324102125659383,0.08470916565916449,0.03422144064643044,-0.034968225076653404,-0.0028214456020263065,-0.02078330218223343,0.005111688094096902,0.09663975613981823,0.005937637612681442,0.04937079955687182,0.06647481468382362,0.06296624542825081,-0.04367647835440393,-0.029980883814364777,0.024977215369343275,0.10883760120947804,-0.06971861886722125,0.052931133519811636,-0.034014934016607566,0.06243772531727842,-0.08388624427330688,0.01718914093852329,-0.13059253904562756,-0.07004479559891764,-0.08640734931740172,0.01920480623029912,0.03535544518577612,-0.009719105975590794,-0.027978750070532323,0.05834190487190962,0.05748617339533594,0.04585775250189194,0.03233013123299771,-0.008293025846309495,-0.0019568272806941974,-0.07095280307148874,0.003417960615408136,0.008783452480050427,0.026727621661938424,0.04109457224043974,0.07169241429350365,0.05787772326061449,-0.10046669902758788,-0.07543587156809628,-0.0722687960765171,-0.06039528681754746,-0.030404547771796187,-0.0734223969693076,-0.05114771818829089,-0.012921365239305866,0.028375605798051415,0.048567503953381684,0.1074370652912017,0.029970835041831914,0.1073452832001109,-0.014275844924371395,-0.09287400930914912,0.03765052272214542,1.0,0.07512764872197138,0.09023467562262184,0.14113175195816433,0.08893741470388808,0.05464115703531566,0.09951700042265632,0.016344513082412863,-0.029528124554092768,0.05928799814771883,0.0442502225175326,0.10432184900658452,0.13958493448482454,0.023534367828142347,0.08117526823491124,0.07210166865887868,0.053979150565588115,0.053011302521025094,0.004086083368417469,-0.0051663745967459014,0.08835574554784249,0.08627778073945497,0.0489718507222023,-0.013955015680369455,-0.00956442832336087,0.09581423442485083,0.10171228320896411,0.05935153648895439,0.10859454911680343,0.047404875810328394,-0.06890840161561872,-0.05179971343878213,-0.04572381959352427,-0.013203693663083474,-0.07418763816267447,-0.053078217557215514
Arthritis,0.09800370254660921,0.16433692035235728,0.07285254759043648,0.05448314717847437,0.16825862710127212,-0.09282046964474905,0.10279704533321392,-0.027074771602208732,-0.00674550723012099,0.06286063979288657,-0.0598601230712735,0.04340007365244405,0.04741488123927816,0.04264150532381668,-0.1641012859249021,0.14528227651203285,-0.006931773094102639,0.037547572161618,0.032078611909849904,-0.10243232561394025,0.07972335302221813,0.20548639996769905,0.026080254376905438,0.01478115329115164,0.14588965751299546,0.07674111189690314,0.017114265544767047,-0.029154096476582323,-0.04927540280385571,0.20071966877188607,-0.04565786713842054,0.12752725615264177,-0.03799834408333525,0.0894333693998725,-0.14280253534257994,0.05011610582612249,-0.17736136231490798,0.0005992047917662639,-0.13280356133400642,0.018317987431979484,0.11539350949063092,0.026061202386043904,-0.05697811257945532,0.022300002689326703,0.009254255294502516,0.021428854837836697,-0.0449343365216051,0.012955185689861776,0.021132146848833477,-0.026035798166737303,-0.035755576350604557,-0.031803935673142415,-0.01580217528269938,-0.01964364470942702,-0.029671807090976412,-0.012993634290290414,-0.022446265450661217,-0.027266122535808682,-0.060704711259930356,0.030464283312823782,-0.03918861877378338,-0.10138038953032213,0.030881038899222005,0.028656762595654802,0.10932472244851758,0.00728854738925954,0.10520458573564564,0.050495941044892564,0.18031975328353483,-0.07464042120525677,-0.05446348334602006,-0.0029724329226508642,0.07512764872197138,1.0,0.1532831258696031,0.22992111391351497,0.09643745091491542,0.06088102647077693,0.10161878599942079,0.07897226428701071,-0.0625674246855185,0.12369175450025066,0.08917643995550557,0.13888164391474583,0.10938526569616143,0.16191765993230003,0.20379504425291659,0.13324312192909532,0.038037886169200404,0.03480855059637098,0.002174540937810916,0.119995138117824,0.13072840651963546,0.08556579906989145,0.0646446691786474,0.028359564878344158,0.03800104068585222,0.13899166969597732,0.22155850160139,0.08957234452511369,0.03076769489547195,0.06087814260681671,-0.027539161614612676,-0.014350581019137935,-0.07053937136510276,-0.003308844566241462,-0.01003911619436344,0.02723603209474804
Cancer,-0.0638835799770126,0.055760511807648704,0.02809237680616972,-0.06892624627293933,0.08419102703100653,-0.13390029948635396,-0.061636359466349974,-0.07169915361972745,0.06940353649846345,0.02459964988727354,0.0016925165973360596,0.0017206062194518891,0.011120241750085903,0.027006638083984433,-0.10195266501737961,0.13809120650324866,0.13073860429719755,-0.013567766444585107,0.027529114596540054,0.029300832659024466,0.020291505989866,0.1272063253008874,0.0613660105209588,0.09134058031559608,0.07021815923815129,0.047832578075247316,-0.005837415376736157,0.0195150549744145,0.021864897305429967,0.12335206381221844,-0.15160172517675977,0.03212443938256734,0.007931368660377264,0.04055489645290524,-0.09347464264119833,0.05555430303895844,-0.20080172436274896,0.006034683383099628,-0.09627196390393433,0.02402816522474493,0.07428433805448331,-0.00966527275899458,-0.01779306750619066,0.02743489850137805,0.02244065918850627,0.03308162129345748,5.922242616605589e-05,-0.0049693643761482345,0.02144196797560776,0.03815508279952358,-0.00697652487866414,0.01264399805194065,-0.02437081600076555,-0.03520672492712473,0.03452781856787122,0.002275519678785607,0.025323414101917303,-0.017181058125250243,-0.05311292044422655,0.04612319225460114,-0.0017854166169377253,-0.03680758764720955,0.029197797005225307,0.04289933072222037,-0.011508582700841695,0.003864789680285451,0.11976272789015413,0.11506933042878618,0.11250544643612745,-0.030835251522367033,-0.04891694848138961,0.01092622666622036,0.09023467562262184,0.1532831258696031,1.0,0.19185163696248145,0.06753002801960303,0.06647380311439346,0.057844640245858656,0.08626223638500817,-0.049767835229251295,0.10919289944568898,0.06819857562635857,0.18022398437212378,0.10348254456997759,0.06757394636121078,0.0905757024876911,0.08881594668630598,0.07427091455974395,0.07643231906580561,-0.002255736069749482,0.018609976664614114,0.12409303680894782,0.09498739707058032,0.06296152087474802,0.0028908186976920516,0.023748473831329966,0.12983051826503605,0.06501276769750197,0.10108570810043345,0.06843115357260349,0.0750881847734595,-0.046408666774476345,-0.035285933543655994,0.00694598678854424,0.0073902965132425155,-0.03556998944677329,0.024414615042745218
Cataracts (1+ eyes),-0.0021946775467302964,0.13804550076749145,0.0428135103575053,-0.019319706740694324,0.1652389244283507,-0.2085806203783466,0.01661938801201946,-0.15401670744368634,0.040384268565658,0.03393332274503343,-0.05715804082799633,0.0511732967309187,0.046630008740527355,0.024150405065534973,-0.25062933240158025,0.26834754708673747,0.038995699532532596,-0.013047883493882646,0.018521783231491572,-0.09700267200564583,0.07457376422180499,0.2672091856146653,0.09625761122206165,0.04285588116828511,0.11810620627130249,0.08820677772916369,-0.04548654808341261,-0.006477267858756936,-0.07134410954074168,0.225648108389908,-0.11019645543922457,0.11043212253891048,-0.07348934280046875,0.06992760313115451,-0.19376578331259334,0.06579818620116698,-0.2796294252286481,-0.03877166951552164,-0.1621134588389319,0.02374774185938564,0.12904620585271234,-0.005839529376596756,-0.021531884505933737,0.12579744431753595,0.05777551264551192,0.043632217943470906,0.006730546331894211,0.031202313967370148,0.04653971522054248,-0.193347098374125,-0.0084973134290506,0.04392733661272416,0.0021138151681848964,0.030996416018116008,0.009739011218346461,0.021755992913935377,-0.11223335593977005,-0.1276344851800229,-0.13775069409906096,-0.0787042084696047,-0.018877673608610084,-0.160186181731185,-0.09290653786575753,-0.03655071704522462,0.0072138624103079176,0.03937445778142863,0.14823822602903436,0.1567447585494147,0.19774248162556926,-0.09437869804480499,-0.07616563838983036,0.04254088407508019,0.14113175195816433,0.22992111391351497,0.19185163696248145,1.0,0.14350198904097802,0.08859621745182393,0.14887529361300536,0.103453786006567,-0.09097173392205661,0.16123322178720326,0.11895452743975532,0.22358373772364665,0.19842413803411899,0.1252739928661963,0.21113370569989223,0.17445092593673397,0.08326022665306329,0.11172203275429547,0.013382847200451228,0.07642367879796162,0.17668026936848324,0.20531809519714792,0.11780613266679,0.027468895391213412,0.005479965290412965,0.2152109724742838,0.25513335854046204,0.12640402063895423,0.06456531538175286,0.10304489082987087,0.027571663027484178,-0.1161474554178894,-0.11250384751520177,-0.08095333935205008,-0.08045124875420558,-0.07878718423619734
Chronic pullmonary problems,0.00913475115072818,-0.0051071374649293115,-0.012183924840841708,0.005854188665824429,0.029094029313934885,-0.0698311408948014,0.04393866582454123,-0.03248084074310461,-0.00950977586229157,0.04539191830579901,0.0018062865392229714,0.019495809924805166,-0.00013274558469397214,-0.018688171820805392,-0.043958852216485524,0.09700682750113497,-0.019261613468217254,-0.01692098727116777,-0.04572558167360674,-0.1264020695820465,0.03642918270839557,0.08823105649849476,-0.01900976334690849,-0.018349620856322982,0.033973594165368395,0.011400429083421239,-0.04204467327737926,-0.03142048697140808,-0.031529148106125,0.10854766063142567,-0.03677903773068108,0.010071446105228051,0.03301284551838141,0.033986222677925,-0.05620396918789544,0.051560801220818075,-0.14184890632351385,-0.07920646524647303,-0.06020353663589623,-0.008185594122674293,-0.017297799573509194,-0.019412951224740523,-0.05400168611525926,0.013921715250226915,-0.010733278517899635,-0.006280231285911361,-0.0665193811226484,0.004842002029868262,-0.023800941414446154,-0.0014877367636098229,-0.04018468227904124,-0.022087429841107425,0.011926910132460026,-0.0016391399201244944,-0.062201807063004856,0.023955707616636217,-0.026258524295561258,0.0012792419572280013,-0.014647021069925147,-0.003782073745237713,0.024971937046005067,0.002781684853941299,0.06614696968978824,-0.010639975511323996,-0.01279828728525958,0.0395365886727135,0.09929507002359977,0.10970528826386022,0.16588106249014997,-0.013985889892690456,-0.07675021711828216,0.0346535171335917,0.08893741470388808,0.09643745091491542,0.06753002801960303,0.14350198904097802,1.0,0.036680434968621875,0.03956904294292121,0.07296700333968364,0.02550417074807145,0.0946089527039399,0.05542492626824845,0.0696952731451922,0.11311868870759613,0.013831834010723913,0.07023844768183476,0.10323374927103543,0.037498907634442295,0.03340571532932536,-0.010252299445178447,0.028813000887127328,0.09378158764419611,0.08516522370104138,0.05223063581101945,-0.0034785298139132005,-0.001531173379424479,0.07882592766925939,0.06869270139351917,0.06466700548835534,0.12352796254099771,0.004197629810227807,0.011543982747701928,-0.14194550004657894,-0.029133860113018044,-0.005128463193488858,-0.021469314642557073,0.0063532063823877665
Circulation problems,0.0582343019683645,0.07088476691586836,0.02637165997325671,0.0413946188335124,0.13176149965313305,-0.0043159298015915705,0.04718724363663465,0.00702741722859681,-0.020265295066275803,0.01746078083814276,-0.03799061107721434,0.04769069425510377,0.0371724547555351,0.04793360401397924,-0.03730569052446111,0.023458477522681875,-0.03818311706225478,0.038933976330551304,0.04085941918814161,-0.06485154918357396,0.011091530801940721,0.11506341864119328,0.029268201730410424,0.009528830930368545,0.10360226565345702,0.04730865537110316,0.004192578289738723,-0.004756380795674045,-0.01367859157465341,0.0914937614483478,0.016819032674622852,0.08845765142121266,-0.026100878106443175,0.05131381677851822,-0.031094055482121897,-0.0027341186730192764,-0.07527624658420218,0.003694910208400515,-0.03288174540676575,0.04893239618644785,0.10429053098658635,0.03349005721186327,-0.01768711503560034,0.06432291365627926,0.010258321993640518,0.025104552269907834,0.03405166391208314,0.0016146522052621582,0.02313148704655104,-0.045803726134265275,0.03589733422079901,0.02307713777066547,0.003819108982357959,0.05927822533757387,0.009774055307306689,0.012501475099088053,-0.05506684468667935,-0.03727682260150515,-0.07468351790335756,-0.005347336466848856,-0.0430142176697986,-0.06327483796815873,-0.026716422462552392,-0.01389738548101446,0.0806966344457543,-0.04687291592185416,0.0201849122996197,0.02595873432136403,0.0764989951185211,-0.04598747747912547,-0.008103027947636591,-0.004825577794700188,0.05464115703531566,0.06088102647077693,0.06647380311439346,0.08859621745182393,0.036680434968621875,1.0,0.05506125342560814,0.04626635341092936,-0.02570572071335534,0.04221172061832474,0.024080705369424336,0.04604342122771461,0.058890317179846156,0.0905047579629467,0.09309970869528021,0.05327545545887048,0.0009674143686659747,0.03560531274013819,0.04711050676558973,0.052286093255686054,0.06481775297905376,0.04669084020965978,0.02245133376332759,0.026156343628265154,0.009604523324644865,0.0730292226708464,0.09060727629980157,0.027293200712638174,-0.012178732558335759,0.029385539563495988,0.0024364267331944494,0.010049312329344787,-0.06879682907028173,-0.023586078982619555,-0.008207414270631864,-0.01676418427718729
Diabetic retinopathy (1+),0.02466628002498126,0.09871376296299195,0.0405163002472744,0.015058512795886951,0.10055330022159883,-0.04173749729011986,0.04187092160976781,-0.047128942284943846,0.024806692419313447,0.05133351583307882,-0.049159172840738764,0.0018099885270086698,0.06813550836372749,0.03274395941736388,-0.12241671847926207,0.09855262223810937,-0.029582230672320884,-0.03339385323814081,-0.010684653430261684,-0.07527956114840147,0.037990272953140725,0.13833278060596604,0.040259266886689384,0.01060924047404545,0.0928768628301308,0.09056671204216585,-0.05836742108683632,-0.053040893424789695,-0.012500144892805777,0.1343224294637706,-0.007238044438425542,0.11069458640536277,-0.0860196212807993,0.050996161369117755,-0.11248675235840648,0.01790296063007794,-0.07497244178425418,-0.07258852136276504,-0.12389529814237345,0.0033753181354198537,0.055789871915117493,0.01142424715714647,-0.04445213292729228,0.11699992865667115,0.04751798357168902,0.03896903354619254,0.028433914444796954,0.016886665680118942,0.009568850223794015,-0.1691746079721851,0.016823007830461874,0.013715291920837681,0.009466158955786275,0.03751294276815711,0.03554586304518738,-0.01564444267411274,-0.12846335832912126,-0.1142875922761458,-0.1003076203419934,-0.054547805515691765,-0.028514862742354645,-0.05954231849533344,-0.07188859134218992,-0.05224714560490879,0.057334876730973185,0.047936877570023344,0.10363489670148968,-0.00349865047580381,0.07785893633002676,-0.04562483243023102,-0.0742300227214281,0.011794482615623493,0.09951700042265632,0.10161878599942079,0.057844640245858656,0.14887529361300536,0.03956904294292121,0.05506125342560814,1.0,0.0036758034023753657,-0.041023011325302186,0.04492562604492368,0.05491220228823112,0.07525482406714322,0.15984610125164683,0.08402352564756209,0.11377023592604192,0.13717279356098866,0.03184375508785907,0.017579611498960448,0.03258711952617526,0.04900694364128802,0.059297444432278065,0.09873358825873077,0.008550052302118746,0.02767710635926005,-0.007395225784933858,0.13270003972502276,0.1596700432677203,0.012675071827458332,0.07827408081296632,0.11153296451062292,-0.050365383382863955,-0.03208865271412168,-0.08687141795434927,-0.0795226545388693,-0.050564500046252764,-0.06252662686671709
Digestive problems,-0.08255125602937088,0.007847050661554668,0.010402994911771324,-0.05741384899032695,0.026465137877297856,-0.0740789798127659,-0.08018213043047324,-0.024240351079366958,-0.008233308685210139,-0.01267901143694343,0.039405423850318054,0.010410086022723976,-0.0017101301089422565,0.007663540593291525,-0.022615488697547977,0.04160999051990214,0.09370075775609009,0.021672210283468003,0.032144960840769406,-0.0173256348581165,0.041287646800714464,0.04552754231994347,0.02275246529099463,-0.008679344444016895,-0.004815561158598503,-0.004257992879651277,0.09187513175970545,0.06887305317749572,-0.02215168828123946,0.02312041729080988,-0.10849232816842572,-0.04434082179896095,0.09532602217709632,0.0026165841865529956,0.09803131782147227,0.03207928922459029,-0.19495582143878393,0.08390212736985057,0.11634953095757586,0.006407259984551981,0.03155064685543491,-0.04423696681571816,-0.039450970862099276,-0.06922920515181005,-0.06494953218646336,-0.014761033112877324,-0.06069399805184878,0.010196101993085842,0.04618341584077394,0.09827895540660542,-0.0306695294067872,-0.005526051559981991,-0.046392273483811024,-0.062418643675531696,-0.016076907339339506,-0.009358704795536436,0.10345269539552236,0.06732370094169492,0.03237531916068619,0.06063313333602805,-0.032789743761345864,-0.009860140386856616,0.05171903313935965,0.0872015715621163,-0.11515366205529579,-0.04535696960063016,-0.007065786425558078,0.14374850722672394,0.015523802141374582,-0.041963829981346075,0.05519707478130287,-0.028660784335702502,0.016344513082412863,0.07897226428701071,0.08626223638500817,0.103453786006567,0.07296700333968364,0.04626635341092936,0.0036758034023753657,1.0,-0.01261475296377753,0.10767289752508842,0.012022918673793544,0.09897482728922029,0.006896356921668038,0.03333663098095955,-0.005587715945929022,0.04877690283690507,0.03721437044414587,0.02451124527028832,0.01541256045282596,0.002172561646943984,0.10112851128935324,0.031021712825128715,0.09693688617709445,-0.007936821936912516,0.01333228240382742,0.03416840007399179,-0.036804504166817305,0.10126284712438084,-0.10418752637294734,0.020804937284390992,0.10589292951459836,0.005803679387692245,0.04848177745129977,0.06321120119961732,0.01495518346911007,0.05839986891993865
Marijuana user,-0.01623152955467336,-0.09022614907383741,0.007227145468384019,0.003617682998419993,-0.0908249569305277,0.010344366299576238,0.023948120558591447,0.029163853832454133,-0.0648055935703014,0.007570561234989014,0.024023141532264217,-0.026122723310497597,-0.03242474604167633,-0.03127499122747652,0.08340221765445054,-0.037263391608797526,0.0240974372599559,-0.023700757196966276,-0.030108095343663103,-0.024720292131604423,0.024001738784107093,-0.09351838869682151,-0.04150250661733265,-0.0418843941990882,-0.05423703247373596,-0.05621598325398329,-0.02500244396176652,0.005697761415787041,-0.04055327115787103,-0.06593994923769542,-0.0034561391516171242,-0.09077741947924578,0.02161694814185877,-0.04568227683853623,0.08906930255803809,0.0021931308590561493,-0.01391553575351108,0.00947096809817438,0.08479156027697991,0.009756625745601244,-0.07155571572411888,-0.00042372982644757907,-0.0236027162435235,-0.07696134833966853,-0.07026345290744057,-0.031629661027252357,-0.0901563706479474,-0.0036326201357061443,-0.024879899270835823,0.06700637906988245,-0.028495818531828736,-0.04603474285561854,-0.03605761722214206,-0.03411935560194884,-0.04549403629462257,-0.012790244258444557,0.06124033013211063,0.06703894034705916,0.0713015350472187,0.025198831528931615,0.026799655605810328,0.06883764081536922,0.07909754429039367,0.04527359824669125,-0.09905030178648097,0.008625302032457852,-0.01638311455614533,0.05769611593261522,-0.00987054151892347,0.03463393849468689,0.02814110238886862,-0.006605077469084024,-0.029528124554092768,-0.0625674246855185,-0.049767835229251295,-0.09097173392205661,0.02550417074807145,-0.02570572071335534,-0.041023011325302186,-0.01261475296377753,1.0,-0.008456254713915274,-0.01632867019109742,-0.05530252770568004,-0.044154213005742335,-0.02744426054869167,-0.09251742561090506,-0.02764294899860249,-0.006185544567723895,-0.016391349459053302,-0.004355930847147637,0.00037493224387490147,-0.022511730119499137,-0.05504544692340629,-0.00033035086049450885,-0.0073053300541306735,-0.013015365676889358,-0.0556706037152008,-0.10233059084337341,-0.026625419233443828,-0.045480487932371534,-0.026093531761946197,0.1509849343379878,-0.10920225719252935,0.06775825749207276,0.04443122845878722,0.03487221645538672,0.025574768096772654
Dry eye (1+),0.025482624199629492,0.021116411983605882,0.02605783866528922,0.04232991008566266,0.039808802149167447,-0.025621679409677422,0.03361826973989692,0.007421189224815497,-0.051350182316611495,0.010014343543276778,0.0012892959807952358,0.010989886715481156,0.020157229503448927,0.012413876763843461,-0.004766286150106363,0.03758621672856897,0.008891529875031426,-0.03478905189219044,-0.04981867704184297,-0.14155183325225174,0.07436366160411435,0.08431241022853687,0.053309711029449286,-0.03488283675514114,0.00757346798016689,0.0029781496271221383,0.011560114994015495,0.05694108266867774,-0.06972092167441812,0.016062644633886788,-0.044107980263515326,-0.0004492204012898255,0.10970256832219584,0.029831874972576736,0.08830374402160014,0.04842969278643696,-0.2407245412490378,-0.01023724825618868,0.1392018504299795,0.04133060535350675,0.055203294111387864,-0.044188225321455214,-0.05199509594854115,-0.002512540912393475,-0.03038190728583568,-0.014899826323838296,-0.02129991830171214,0.028204112772130543,0.03721445119174266,-0.033996426044044764,-0.0217131397938651,0.02272140562679428,-0.024004051177373538,0.0056740896451619,-0.01378384217890999,0.014982528459310628,0.010454780976751163,0.01603416102703961,-0.014905907980468043,0.002483256318149673,-0.056526237939873644,-0.060747633813740674,0.0026365053087226593,-0.008890028441072863,-0.04490147549706385,-0.021280757471644294,0.019002947476586686,0.10528811408219683,0.10711551573103992,-0.030748525051100546,0.013358345975570087,0.02187898948224535,0.05928799814771883,0.12369175450025066,0.10919289944568898,0.16123322178720326,0.0946089527039399,0.04221172061832474,0.04492562604492368,0.10767289752508842,-0.008456254713915274,1.0,0.05744161147795481,0.09217073473592431,0.05331310859888513,0.013925983766143495,0.015361264017305896,0.06856692531137905,0.0436931825943447,0.06080525238950577,0.03320211141017561,0.016707600482294943,0.09430566623321426,0.062493748445511706,0.06062997955223193,-0.0062519573355764285,-0.018526790409840375,0.05820656376262917,0.025229425579015606,0.0815034985309445,-0.056380975129766475,-0.0002110396272128172,0.10592432771761832,-0.05069319736518345,-0.015168303120927575,-0.021677800819441338,-0.010115368714519138,-0.0015474798368391672
Glaucoma (1+),0.04517637883660517,0.08407005442328855,0.007192719168718841,0.040990064620680985,0.08102176534425738,-0.029434388088336035,0.04846106499192353,-0.02421058963801957,0.015252706498103577,0.028569852308137873,-0.013400695883889906,0.0404821309539877,0.057617625617598825,0.021638815871898753,-0.06176384331930979,0.06341338431436466,-0.021421692418065626,0.008594162758639326,0.03570243301771966,-0.05371632040613485,0.04470863403952467,0.13228320357750206,0.0418844896484758,-0.008821620652664884,0.06412978011782756,0.062254862330188586,-0.025298587111876703,0.009301179485879527,-0.04204126324683746,0.11230598297861395,-0.007296037146719629,0.06896006695327826,-0.034046735225049786,0.05614915221705352,-0.05954965674740496,0.036048491670424246,-0.07887014876275139,-0.044755048769654956,-0.05439075363696015,0.031140328644557392,0.09131130083926485,0.011610195974552082,-0.019122952473808474,0.08296676695176732,0.05011228269059308,0.05123875453827607,0.016654892065964537,0.009844021470303565,0.003908721803210039,-0.10467123493437588,0.01563019337110361,0.0011103243569580738,0.014924440393863762,0.04142102518858494,0.01777985778301809,0.04248957986992828,-0.07615875785574554,-0.07376705731417937,-0.08992277644008596,-0.06395969829742684,-0.00918698589767611,-0.08066334938294906,-0.05495702312528785,-0.04500238957325628,0.05318082076613377,0.017548843417703137,0.04312280815909633,0.006145796765880562,0.08528182333717337,-0.016869337165289027,-0.03421881580076009,0.03564639249820811,0.0442502225175326,0.08917643995550557,0.06819857562635857,0.11895452743975532,0.05542492626824845,0.024080705369424336,0.05491220228823112,0.012022918673793544,-0.01632867019109742,0.05744161147795481,1.0,0.08645767147727254,0.07547532496284635,0.04744556814873141,0.09172450586648541,0.07134986535761595,0.040394974125914064,0.028492614359864596,0.013996386205775292,0.014376990774970677,0.08354935093319504,0.11458306681940958,0.012842529637067333,-0.003345861239390457,-0.011300131508572151,0.11120934854984345,0.11912263775193319,0.03393990721008971,0.05254995448519646,0.03490310719097256,-0.017975547259612222,-0.04394493990853001,-0.07932286677120372,-0.0495551048067373,-0.0505439579026668,-0.057070545826776294
Hearing impairment,-0.1427039757637667,0.06077322407328276,-0.013534303942464933,-0.1234004781743566,0.06376267972940766,-0.18210512552302568,-0.1610545866554411,-0.12342230456421549,0.09569267728304981,-0.006137955896931367,0.0017504472862686223,0.02033279147261725,0.0015349280010113857,0.019750377474184965,-0.15498214503695196,0.1628643687380976,0.13817338946895835,-0.01190900120960403,0.051670872246099286,0.05589964810028934,0.008786581488569277,0.13966682041514175,0.0619722208511839,0.1180590740446646,0.011715445949539927,0.04754257546005268,0.034822146449377714,0.037708937692948814,-0.03431266724206564,0.14283277268706615,-0.16595069294272655,0.03342530706605512,0.004860071412324698,0.03522239164045032,-0.06888713299734392,0.07210614305566156,-0.21443793124057486,0.029330334413842172,-0.06057314467822742,0.016992336417415464,0.0879062155062008,-0.029871985879407804,0.002532062308148981,0.05025007776026438,0.0745129853789317,0.045478418377805266,0.012055545835139772,0.028228263308066683,0.06163673321647218,-0.045720451290371174,-0.025203060525937786,0.061170791257264504,-0.02493199825002378,-0.020510342612984126,0.07446616909482237,0.00947819922008628,-0.018876397070785055,-0.09714362285476912,-0.08305933172935656,-0.021473688067530684,-0.02836078406028953,-0.09687948677122529,-0.058081615136371376,0.041772203776569206,-0.08208431173116838,0.01750960205632835,0.0749949179184804,0.15445567174350466,0.057541010316391965,-0.05319073721898938,-0.023855117233791454,0.02466240510274491,0.10432184900658452,0.13888164391474583,0.18022398437212378,0.22358373772364665,0.0696952731451922,0.04604342122771461,0.07525482406714322,0.09897482728922029,-0.05530252770568004,0.09217073473592431,0.08645767147727254,1.0,0.10025329820257399,0.03238218054067167,0.09110211036056307,0.14450696614144454,0.06732019045535505,0.11921724994388254,0.022649816874392863,-0.040889774663146285,0.17399653571411078,0.14884165357787635,0.08695106484940161,0.0064771937519517205,0.012968574531792175,0.16674123218543668,0.03892395098463454,0.14277294911023128,0.017473326205643385,0.062336546849394735,0.010309596226348049,-0.042580814808288264,0.0013230480924453177,-0.013288494641963994,-0.031469305936754996,-0.01957119398100116
Heart attack,-0.039026465906331256,0.0709709670776313,0.0033006160557542885,-0.03180359930689865,0.08273936113293398,-0.12773781152520786,-0.003927436156729149,-0.10732406155276736,0.04305386087640476,0.046201778932287295,-0.06397658530935295,0.02909867095291032,-0.005071185364156906,-0.0006680412237775556,-0.15943726915096673,0.1946453208440518,-0.043123463072801294,-0.02816246945192908,-0.042334244438649346,-0.08558801940983128,0.012524112710196733,0.17235194600556722,0.04240937881510589,-6.584672379203583e-05,0.07337775145975373,0.058498225691730486,-0.08199700151462654,-0.06683945511705067,-0.019211019874462713,0.16051084077345248,-0.020517005470984912,0.08407271534243185,-0.12374154523162843,0.05880815107877393,-0.18667832313522398,0.04902551786228579,-0.11118344713429067,-0.10484567410244083,-0.18524191761400363,0.0010380184498780854,0.036969563443851564,0.03735309636067144,-0.020747705766778445,0.13561118095627844,0.07620348899064205,0.04221378330564355,0.02566927268915762,0.0179148004462291,0.022035941288820703,-0.18691831206967868,-0.0006728724913316452,0.01358430876796881,-0.013565953944389293,0.0398814760819636,0.024271876649049652,0.009180090374219478,-0.16207955318755687,-0.13685711673231926,-0.1358154532954593,-0.12077008406866793,0.031113458778909198,-0.10331230782374667,-0.08637888691614118,-0.057664296725676675,0.007710076220818949,0.08695275908645794,0.1408749440328087,0.08000490931154834,0.13483055320360732,-0.02575748228176441,-0.10464305377300963,0.0222654063364981,0.13958493448482454,0.10938526569616143,0.10348254456997759,0.19842413803411899,0.11311868870759613,0.058890317179846156,0.15984610125164683,0.006896356921668038,-0.044154213005742335,0.05331310859888513,0.07547532496284635,0.10025329820257399,1.0,0.06443358801791299,0.14186104737620772,0.11810720775139526,0.04210539481399243,0.026100191006474455,0.020999603799347625,0.037910718585682956,0.0658548556387145,0.2015160168366861,0.05671404945060168,0.016609572217531867,-0.009526924734892533,0.19861087781764258,0.17098460760169035,0.013003119358613443,0.13573442394464535,0.04771391053740728,-0.031972615187356654,-0.11995689983972793,-0.10317832924787626,-0.09701093644089648,-0.08498209511167415,-0.078436908962872
High blood cholesterol,0.16234428905329737,0.194582924789431,0.08857142675665113,0.1304852865896205,0.19456382049888635,-0.03647320314229394,0.16959857436158815,0.010319173950526823,-0.019384355548173665,0.0655290598822724,-0.07800267639498473,0.07873012385484543,0.03446265912572867,0.02157140455633239,-0.14524394649515213,0.10407418687574135,-0.0001744224013813411,0.07770531612800441,0.013797310495461335,-0.024902213815511987,0.07207045540268049,0.17503596500878327,0.07728424194430289,-0.021456011492468206,0.1705759730625849,0.06087242680061222,-0.0069824513222371005,-0.023661656068564473,-0.004862820905647654,0.15918696464557167,-0.012936898292963957,0.13142416323930398,-0.17602372014278217,0.08456987393818269,-0.21942416912361082,-0.02286987261539251,-0.07201112120285745,0.05375958043917271,-0.22379020781545172,0.03965068283866904,0.08011555968292897,0.044570702817468645,-0.06678166688377757,0.04007332184406971,-0.04451550119763971,0.002737787167640226,-0.027572911796884494,0.00027128104399402013,0.026062873290127433,-0.06931648625071764,-0.0025149070557016436,-0.0590325608277626,-0.011148816963645688,0.006464563211016609,-0.03560837236311325,-0.020031250558613184,-0.03463196394838132,0.0017032035782530651,-0.036660959241379354,0.03641501460101473,-0.013616120727237951,-0.07541791844026424,0.015485631824848915,0.01723191544643911,0.15722258878548093,0.01445548207702997,0.0707274343746924,-0.05229664361509095,0.10529468040204873,-0.05505484604097737,-0.028710403884095105,-0.025574858153088163,0.023534367828142347,0.16191765993230003,0.06757394636121078,0.1252739928661963,0.013831834010723913,0.0905047579629467,0.08402352564756209,0.03333663098095955,-0.02744426054869167,0.013925983766143495,0.04744556814873141,0.03238218054067167,0.06443358801791299,1.0,0.20667378121969865,0.05884871757645969,-0.007621807697105843,0.03492330701656569,0.016437621384981574,0.16606655499237968,0.03264740607039332,0.07221444604753859,0.0033547813736431657,0.018609805547679797,0.0009770726364972141,0.10399346081309778,0.2318466163586457,0.017971907796703004,-0.021561832008892157,0.042099428262431786,0.03580137919406476,-0.01808782308087783,-0.06906170275973066,-0.03198649468510519,-0.03659986379921851,-0.010336788861974314
High blood pressure,0.16483255881494074,0.23826093180142371,0.09833799660470781,0.12078061412079291,0.21103561263820883,-0.0858888044981668,0.1828770461321704,-0.03996909463904524,0.023196362779219243,0.057733462637092274,-0.10259891502636809,0.10087945696580232,0.033457853275745214,0.018669057665305938,-0.25396923123675674,0.2084242090313437,-0.07192125793328322,0.06975303225086418,-0.016055904558071748,-0.07297943979584823,0.06753033166154089,0.24708913272212168,0.040669636456816725,0.023661560097755822,0.21490441103852745,0.08644426857442063,-0.06111142951322344,-0.09183536957051523,0.027606048413838437,0.24069699955569787,0.028821886339658664,0.20823244045444855,-0.21308052768826663,0.13462527880673153,-0.3683628522784354,0.016569538661550896,-0.031374011935542234,-0.04223697004050077,-0.38750894163494526,-0.0008808996969586895,0.08542168737692003,0.06052836768106891,-0.04554113291970689,0.11948337874195623,0.0552628268994041,0.05464372741039603,-0.005133004364124892,-0.024245315221816294,0.010990733001255705,-0.15032993038382259,-0.008646606372769275,-0.05396616063869604,0.03644648608349243,0.03900130649772567,-0.030982742016912937,7.019504716693819e-06,-0.1376186239624711,-0.07253366521314518,-0.11020158834877859,-0.02563338340489857,0.008679506658075957,-0.09277917302882072,-0.038422878356843264,-0.05685151229393156,0.20368245645533958,0.07354134515954193,0.13600918715753035,-0.06828201305883086,0.188016012983016,-0.08229035611908907,-0.10106888494110441,0.00408240766863177,0.08117526823491124,0.20379504425291659,0.0905757024876911,0.21113370569989223,0.07023844768183476,0.09309970869528021,0.11377023592604192,-0.005587715945929022,-0.09251742561090506,0.015361264017305896,0.09172450586648541,0.09110211036056307,0.14186104737620772,0.20667378121969865,1.0,0.1146052429872548,0.009341374802809468,0.03191804547404332,-0.008015287336862967,0.1700493669205247,0.04527695164673901,0.12192786116105767,0.0041361369347460075,0.00981716430503227,0.019680444440973527,0.12771786283419118,0.361973685294406,0.030500850875679678,0.14713445214180407,0.05952086569878978,-0.09533168433917137,-0.06850704097895804,-0.14525337104896263,-0.07331903844217368,-0.051411162421788566,-0.05540508961964287
Kidney problems,0.020240610015923206,0.0884659260844725,-0.0008478824756094742,0.0022548457310068684,0.07489504267303476,-0.0801284342036003,0.02352179134936268,-0.07011528504202151,0.04557935254003792,0.023396060587974735,-0.010999403911093547,0.040245628631508455,0.025636277889997915,0.01721636094483309,-0.12227983241409573,0.11692358964721172,-0.022811957896970523,0.012327687640638562,-0.01851350735831152,-0.08494425091181577,0.05855555005122151,0.12080168884648884,0.025598072141275987,0.01398866176036273,0.07908770489229852,0.06464424204656956,-0.0403768253646358,-0.016206165130147845,-0.04819494239330805,0.15050465100046057,-0.01458129899399864,0.06158690437476174,-0.046022212763527894,0.06359203944915519,-0.10684356322408914,0.0578208977283544,-0.10616477533597492,-0.07867937471511927,-0.09452705889393517,0.009553369521033406,0.062235851299279395,0.008255896081792868,-0.014897837850831982,0.07302599148187311,0.0322226792356123,0.01722958446632506,-0.012141456633342157,0.014227810536878134,-0.006384256832014732,-0.05002676379137486,-0.011428775064805998,0.011922581913363785,0.016066796259585552,0.023676665796689055,0.015807254714191157,0.008855429959183122,-0.04829715914773801,-0.030274091553433528,-0.08328721063647693,-0.04010115805364023,-0.01707361872030278,-0.07255894213718615,0.0003943226762986452,-0.007912783323015265,0.05392947445354451,0.04325555467889711,0.09507571058248046,0.04653895969138654,0.128029443903642,-0.013307752868729601,-0.07784770921758041,0.02227279431951804,0.07210166865887868,0.13324312192909532,0.08881594668630598,0.17445092593673397,0.10323374927103543,0.05327545545887048,0.13717279356098866,0.04877690283690507,-0.02764294899860249,0.06856692531137905,0.07134986535761595,0.14450696614144454,0.11810720775139526,0.05884871757645969,0.1146052429872548,1.0,0.03462354688675177,0.0502712247502356,0.008384599379548916,0.07198507470152181,0.0998056679158493,0.09981774158355983,0.04247024865323576,0.004248377064089823,-0.013060478021678777,0.14357469495499692,0.13744552539157154,0.06214980738779573,0.09224805852299474,0.06737882322396316,-0.030004017347309637,-0.0744323760275843,-0.04502036090784405,-0.020718274870136333,2.8089526956706408e-05,-0.025724508004305553
Low blood pressure,-0.055181647220965385,0.020818981812578588,0.011715699485264427,-0.04492086326187032,0.0006014281475151877,-0.059593116185779796,-0.044949879187948544,-0.03287518694242376,0.026087767556462416,0.000974605403948567,-4.2372629173379554e-05,0.004621866442521101,0.0010039115060139425,-0.006532876964931282,-0.03905146362419288,0.054382384566923604,0.026147709457291158,0.01152923666570725,0.0100334548815002,-0.02705023761734967,0.020865529002585793,0.07490188933470703,0.016593298166171486,0.012636833705940294,0.028908573460471713,-0.01016664961109544,0.0036177971393366974,0.018904503252967355,-0.00541806646324412,0.05629308159663243,-0.03475222129091699,0.0042815106968140705,0.028992778108290065,0.00803260897614731,0.01132442713531774,0.008441450769712642,-0.07869925471961778,0.004067333448902801,0.02146629065958398,0.022516590069446816,0.022506261913412196,0.01459175379524129,-0.04538563860978397,0.00945293224448941,-0.01988487784226774,0.012037273679104728,-0.006718861701007071,0.027615928072105358,0.01293702848575635,0.006487037493952614,-0.002766316748323018,0.009076400168687394,-0.006422887304426216,-0.030790407133925994,-0.0136454627309109,-0.0009561239728285994,-0.00727675116751554,0.004657164896133622,0.0007807433394462748,0.014301555370333398,-0.0265223112228514,-0.005488871428656385,0.014462594850577276,0.029252331777178932,-0.06823075493536587,0.006480424106450868,0.030171251927723842,0.11950503146106817,0.04843071606392004,-0.005163763091705803,-0.005158642750496124,0.00840223510076573,0.053979150565588115,0.038037886169200404,0.07427091455974395,0.08326022665306329,0.037498907634442295,0.0009674143686659747,0.03184375508785907,0.03721437044414587,-0.006185544567723895,0.0436931825943447,0.040394974125914064,0.06732019045535505,0.04210539481399243,-0.007621807697105843,0.009341374802809468,0.03462354688675177,1.0,0.020318669398224725,0.041219595743928056,-0.005279372667113268,0.04432637884198023,0.054325865226968965,0.05183833902697832,0.05117573182721081,-0.008988968316207777,0.0647213400762491,0.010580768072854534,0.06212501757415026,-0.008279311254199234,0.0054439371785787805,0.04639298540048329,-0.044642965662098175,-0.013689047133444111,0.024811850765135392,0.0026261308572179936,0.018061907140852602
Mild cognitive impairmen,-0.029623175217829038,0.04703032103181109,0.015701447580104385,-0.03187295238018041,0.05275149105597284,-0.06860352834119379,-0.051384019322587494,-0.04062233000567576,0.028266465790293984,-0.0005825274734258271,-0.025599144409256515,0.045299074125214576,0.027984968923256987,0.04850588451667493,-0.05920853230628328,0.05286084712395615,0.012539608445647945,0.01596720636996789,0.026486439501229572,-0.010704279195332022,0.017612132730894223,0.10978332853481139,0.04750878007855266,0.04668352186655345,0.04739282361466511,0.05434583689877144,-0.00907442649574794,0.017974358223040388,-0.026663308727324392,0.06041671260221998,-0.014314596155854023,0.019718189927288632,0.01533237731810875,0.015059596023979221,-0.009504392380815893,0.032541197230089025,-0.07400421218578838,0.0012102649380337151,0.0033516572958583375,0.013875020544216906,0.07127014712995686,-0.009029062156157966,0.01699109845738888,0.033204473107516466,0.018049878587183352,0.05280459350648005,0.011630508190468408,0.023728957921476106,0.03692268486881844,-0.08368670290581247,0.014940757182983908,0.022856006504807527,-0.00880728622538402,0.01157301702411501,0.013170602911339726,0.03244021755954128,-0.0263589769169936,-0.0532452860544964,-0.03251652051109572,-0.0340511751274154,-0.07163213598634902,-0.08449608013979304,-0.03808901118791647,-0.01414864973451397,-0.020931978805533998,-0.022142053507585364,0.011777877006742076,0.056522724935114003,0.024315278991337248,-0.029778365614192993,0.015552476048530533,0.005080812135188054,0.053011302521025094,0.03480855059637098,0.07643231906580561,0.11172203275429547,0.03340571532932536,0.03560531274013819,0.017579611498960448,0.02451124527028832,-0.016391349459053302,0.06080525238950577,0.028492614359864596,0.11921724994388254,0.026100191006474455,0.03492330701656569,0.03191804547404332,0.0502712247502356,0.020318669398224725,1.0,0.03787672255187895,0.006459695461104296,0.08193670161647931,0.07952385422389789,0.048929925747490575,-0.009729812675764313,-0.006668576952441828,0.08665778570194536,0.03542150853132747,0.013141164481933023,-0.04095492118146247,0.033051955806914134,0.02029025174325032,0.011839373760657423,-0.034473847079553054,-0.03154453547593714,-0.005592726078034534,-0.023207924466858515
Multiple sclerosis,-0.007678506605197154,0.009929854112085305,-0.014292919109360784,0.0033981764016196197,0.03652978299312682,0.0009831112736094585,-0.008156668318299413,-0.00037434782786497495,-0.01251322563915803,-0.012239371113746901,0.0035982617880281273,0.052052584252846666,0.022928684581193057,0.017602463571413558,-0.009058382131444179,-0.008796794955560638,-0.012899492058462454,0.021064248030963094,0.031513837336993186,-0.030343067146119885,-0.0009600361345486841,0.0285383857617938,-0.0071873553707589915,0.003410715030012714,0.005831082539094663,0.060476377426331517,-0.00020944770370689587,-0.01193960061239243,-0.012109675663814115,0.02351227179350447,0.007166628276557296,0.010590454980361262,0.012801164211181047,0.010395630822153473,0.002306803808574961,-0.003994450255539442,-0.013905121397862963,0.005567480209964007,0.01660509236746797,-0.0037974801165555055,0.04979390470457522,0.010017184661416406,0.010167892970258321,0.04958218917963462,0.0118749905069289,0.005695240362996184,0.02085047005191968,-0.0038170949044447114,0.02371724860195494,-0.024013113443402387,0.026753104502060965,0.02238509835127664,0.005523478811729063,0.01338823991152895,0.02226766700665493,-0.007323567828598572,-0.006494671934332045,-0.028225959499570547,-0.02561316255639124,0.016549984873115004,-0.12981590187247782,-0.06144008006976202,-0.029141554838343076,-0.013515104042812068,0.021263771253102352,-0.015048149335878242,0.009356343563061887,0.0059280182652651885,0.013557808488965232,-0.03278432219299338,0.0032139345578936413,-0.0014382662928934186,0.004086083368417469,0.002174540937810916,-0.002255736069749482,0.013382847200451228,-0.010252299445178447,0.04711050676558973,0.03258711952617526,0.01541256045282596,-0.004355930847147637,0.03320211141017561,0.013996386205775292,0.022649816874392863,0.020999603799347625,0.016437621384981574,-0.008015287336862967,0.008384599379548916,0.041219595743928056,0.03787672255187895,1.0,-0.028122820735494172,0.019503780194539858,0.004700608270474576,0.016012491489838587,0.0619268988128039,-0.002121268221609404,0.02266811517267728,0.020254214202313353,-0.006514118877734592,-0.013369774617428797,-0.004252771769175588,-0.012834570801700168,0.02068717368580544,-0.02511134160467208,-0.013305247094783975,-0.012261063146754745,-0.020272668038737784
Obesity,0.2105502491427532,0.189793929232096,0.1087605760316208,0.1584823973077896,0.19360770019813914,0.020059227135310137,0.24184568714360824,0.07875901979724091,-0.06646100603073828,0.0749672668928357,-0.09231994565586452,0.06232842316162001,-0.0005317512688335218,-0.013339000355794285,-0.11835342316568088,0.07417351786977107,-0.15407844556785236,0.11943948134328335,0.03725299223047601,-0.1602596676213903,0.11922713326050323,0.11971334057971887,0.008609521654897447,-0.095004912277247,0.2030743258261993,0.05111055421267633,0.000786124277708969,-0.07651346309086889,-0.0005206551212405372,0.17637393521282071,0.1706776757466337,0.09931155062255043,-0.17950833437653888,0.10336519565884864,-0.1615855245696039,-0.03414859437453693,0.07350624074704412,0.014390070420397997,-0.19816405160666203,-0.023964888806255046,0.01796478066002981,0.10022104363466101,-0.04787744445157665,-0.02195692540388894,-0.10454695181424363,-0.015065338938704632,-0.11773280142546665,-0.025706195023460523,-0.017236208726652706,-0.0009827270146793466,-0.011916354890607368,-0.11888375695011204,-0.013155830064152487,0.02619749425807211,-0.13722950468735226,-0.03832836532112068,-0.004471366602497082,0.059793687180766816,0.021522602398420583,0.06258201724406548,-0.003378479060220221,-0.007378524976744274,0.08296082747533655,-0.006150595629708721,0.19710911116295057,0.020112696964207744,0.060120276562644306,-0.04532354955153256,0.15654030585850554,-0.04313657378720013,0.0012958318883613577,-0.06465071821876152,-0.0051663745967459014,0.119995138117824,0.018609976664614114,0.07642367879796162,0.028813000887127328,0.052286093255686054,0.04900694364128802,0.002172561646943984,0.00037493224387490147,0.016707600482294943,0.014376990774970677,-0.040889774663146285,0.037910718585682956,0.16606655499237968,0.1700493669205247,0.07198507470152181,-0.005279372667113268,0.006459695461104296,-0.028122820735494172,1.0,-0.033378604697198465,0.01531640265156361,0.0008546144818018148,0.0010198042129184223,-0.012502354283832097,0.017999030630394482,0.26307483789179453,-0.027432634709707467,-0.03743629884748041,-0.004613798621494618,0.06578515039235049,-0.03609462870048318,-0.1083915227066965,0.0076644955929693805,0.013834201113222963,0.027004465182486375
Osteoporosis,-0.0035607610265975566,0.016293570768667404,-0.011635324892986146,-0.0023621870473620227,0.04789546055581056,-0.043505820108614444,-0.02565038857990313,-0.04424866265306643,0.012863565117850693,0.015528724598735189,-0.032309473583381265,0.028459970477977513,0.05203292599253107,0.08546573299392428,-0.04787986872253308,0.048212321014769965,0.03912651457355414,-0.053157846539461706,0.012972982599058139,-0.04928850142809844,0.020509650864444156,0.08892171406770952,0.04107677943098065,0.03140451443546648,0.018592457447156707,0.058800960197238676,0.03242371460470981,0.04482708025549834,-0.04500508383933334,0.09066646516796081,-0.07526196950135366,0.02407140158119371,0.07784956374216269,0.02601234727999442,0.04061173906749573,0.02867598664685734,-0.2104773489747716,0.026229263473436237,0.053929296585519,0.018432530039114728,0.12321808880617387,-0.029459969458878188,0.010985479352462406,0.0508428657398202,0.008942197406503883,0.027169002689392558,0.037173316561946015,0.020792004658273067,0.039296344367250574,-0.07651494906992524,-0.001468522584993709,0.0371244845750533,-0.006144319868319176,0.029687927181158345,0.06004409245689205,0.03478837877826857,-0.027402193857959327,-0.06364899806921548,-0.11300862262632387,-0.03178728043083432,-0.04812906934986656,-0.06290102946246742,-0.05940654767375944,-0.007055450819750452,-0.014439232064085492,-0.010955786123795639,0.02445206868770701,0.10681295143560209,0.08192813791932357,-0.04205364617425562,-0.0079132813495605,0.06966795721796253,0.08835574554784249,0.13072840651963546,0.12409303680894782,0.17668026936848324,0.09378158764419611,0.06481775297905376,0.059297444432278065,0.10112851128935324,-0.022511730119499137,0.09430566623321426,0.08354935093319504,0.17399653571411078,0.0658548556387145,0.03264740607039332,0.04527695164673901,0.0998056679158493,0.04432637884198023,0.08193670161647931,0.019503780194539858,-0.033378604697198465,1.0,0.09768706361720443,0.06456812637492916,0.025542533700705364,0.019446366911093395,0.14075088206028347,0.02747824020733754,0.09707006686429157,-0.0070058919752725764,0.09684484782262656,-0.0031784702204038975,0.005648465129561779,-0.06304735118374118,-0.03963430815211653,-0.05305461944485841,-0.03891741253828382
Other heart issues (pacemaker),-0.10057747801047634,0.08237192467344716,0.017477945914315927,-0.09463207536925183,0.07395315143341002,-0.1676971523937967,-0.07553956359428195,-0.12440724732625232,0.0685216657774583,0.022509515507056477,-0.04305897843813148,0.04427096873898714,0.02364623597756208,-0.012427581944892742,-0.19092537825049494,0.19824561456075238,0.01318605483711175,-0.030778138221988306,-0.010984958322436098,-0.045002387322564424,0.02017329706054878,0.15138499239729097,0.03532919812348015,0.07115139486823434,0.050960864440317784,0.049621194415351684,-0.06748403805631094,-0.02126598459042164,-0.04427121192828397,0.14860148660405598,-0.053450496156579104,0.07103807453313458,-0.09172508717546438,0.05357334242669282,-0.1633764939432662,0.026361659599437218,-0.14849074054114658,-0.07379333281521754,-0.14452769891337564,0.010425264015352442,0.0571217296484995,-0.009988377119741527,-0.009780353318565194,0.14663508245484647,0.07045644273956285,0.03651922399334336,0.011716163813353022,0.05495663270476612,0.042210479374264746,-0.2190396393855754,0.022732540378041115,0.016762671425764854,-0.002905653250019303,0.041589012173833866,0.013683562466286702,0.004158460064958753,-0.12985353037610697,-0.15159462779337915,-0.08115203872635586,-0.13365584575222939,0.0015967203660254244,-0.11405514767510716,-0.12670250879626196,-0.0803324880210779,-0.07164625489687064,0.0911732751089138,0.1251766013195981,0.14687000938931385,0.10728040464063955,-0.01890209947712418,-0.06129962697449318,0.038708087671090054,0.08627778073945497,0.08556579906989145,0.09498739707058032,0.20531809519714792,0.08516522370104138,0.04669084020965978,0.09873358825873077,0.031021712825128715,-0.05504544692340629,0.062493748445511706,0.11458306681940958,0.14884165357787635,0.2015160168366861,0.07221444604753859,0.12192786116105767,0.09981774158355983,0.054325865226968965,0.07952385422389789,0.004700608270474576,0.01531640265156361,0.09768706361720443,1.0,0.0513953977118794,0.0005587245930103803,0.0013070101998852099,0.1745206925685891,0.1098704808458269,0.0709579265642953,0.07555984618753961,0.06560895308687947,0.04019551077232192,-0.13452267541059762,-0.057735062557056044,-0.10116068181779808,-0.065446929781945,-0.08982567399698993
Other neurological conditions,-0.0934187139627679,0.01352187906924714,0.0207149803025894,-0.09144988466039622,0.03977142993088889,-0.09349512171612748,-0.08053928293739697,-0.050260567749814807,0.018324154515238375,-0.00917959201571983,0.026464850712574425,0.01628605839908127,0.008356573639492944,0.02707651836704232,-0.06091393338253113,0.06273621550981509,0.0422171432444427,-0.009319204192512505,0.04600017241882769,-0.012515459322964625,0.0358051411836929,0.04930350417570528,0.017079592540750362,0.0258242534050053,-0.0022726704207304232,0.0195052682147525,0.051154347656744925,0.04472630012789122,-0.04453746755089548,0.052000032908407386,-0.0446525384712557,-0.00951893710781564,0.02969010769820512,-0.00812039578996238,0.027266197329071255,0.04975738035872959,-0.11256362674294243,0.026289236348190737,0.04287143844266318,0.026569353447879196,0.012024126757104698,-0.005467967658835025,-0.012668450608135073,-0.012513872903027343,0.0156668826940603,0.0040676441463115744,-0.014738836890537352,0.012380937419140736,0.0434241228452348,-0.004696210427598408,-0.022806881035315748,-0.004830986668915365,-0.018174336550795426,-0.024740834970040326,-0.007133827372334933,-0.00963346860728479,0.022952927018862805,0.014305022895073235,-0.025752954745121452,-0.00791388537284468,-0.00470484415651688,-0.012138069359969006,0.003372415668244015,0.0377433488796237,-0.0885225660831514,0.000478923665254538,0.016769860386679478,0.13828061880089243,0.0345290005341361,-0.014169860800187577,0.009077757806429828,0.006539012165684045,0.0489718507222023,0.0646446691786474,0.06296152087474802,0.11780613266679,0.05223063581101945,0.02245133376332759,0.008550052302118746,0.09693688617709445,-0.00033035086049450885,0.06062997955223193,0.012842529637067333,0.08695106484940161,0.05671404945060168,0.0033547813736431657,0.0041361369347460075,0.04247024865323576,0.05183833902697832,0.048929925747490575,0.016012491489838587,0.0008546144818018148,0.06456812637492916,0.0513953977118794,1.0,0.01176890244329916,-0.010744793490277094,0.05239232305313383,-0.0024528207764965646,0.05232129454749023,-0.038484150042812415,0.008510788846460941,0.06260123896926446,-0.012090927802178787,0.012184885174532067,0.006519906767732471,0.0022201568312113884,0.02635455264350764
Parkinson's disease,0.01496091429916716,0.0021914125536106168,0.0034445044452705953,0.006744491817927735,0.03882767991934448,-0.004613444393137379,0.0023240804403239913,0.00910493830891157,0.01109719433131307,0.001219181351300525,0.033956482945535285,0.002827463416399454,0.039808709248979904,0.009870680379640897,0.004771724248894511,0.00475284788350943,0.005587384038522507,0.01596585204501541,0.008923385266243046,-0.0005636246731354187,-0.018490383402703498,0.02536946754732328,0.025801096662722955,0.03245018903233972,0.015327119876548332,0.034931022851919354,-0.009122937171474273,-0.010096554583161561,0.006088321961131006,0.016978775317853592,0.0013474872657125618,0.041457594866003374,0.0027109572760063583,0.00910550409535952,0.0017940614236432795,-0.001404279198530346,-0.01961338603887422,-0.004071601098317123,-0.0038348725621394552,-0.0048523719513902394,0.06902926601560441,-0.0020073752885093866,0.007597365197394665,0.02010614911729839,-0.017290649571534387,0.02046138290193623,0.008767538717460702,0.011803122572789359,0.0465711311884804,-0.029070238200903733,0.009260161424254294,0.04480276736241332,0.010311442434567383,0.0057811606387889215,0.0017921571447830206,0.017193153979890997,-0.006532081079202469,-0.027663463519668058,-0.01847380202930483,0.011419079447106273,-0.01737076494409847,-0.02824678700120467,-0.03230607701276691,-0.0026283426875803235,0.016997384935384743,-0.006559715776217627,-0.019937275610841222,0.0016781205065254056,-0.012341890327848134,-0.01558096717682353,0.007389928158772968,0.003648644102046405,-0.013955015680369455,0.028359564878344158,0.0028908186976920516,0.027468895391213412,-0.0034785298139132005,0.026156343628265154,0.02767710635926005,-0.007936821936912516,-0.0073053300541306735,-0.0062519573355764285,-0.003345861239390457,0.0064771937519517205,0.016609572217531867,0.018609805547679797,0.00981716430503227,0.004248377064089823,0.05117573182721081,-0.009729812675764313,0.0619268988128039,0.0010198042129184223,0.025542533700705364,0.0005587245930103803,0.01176890244329916,1.0,-0.002338227275482462,0.00242288762028106,0.03140235857426321,-0.028398956976837992,0.00023334096141540493,0.03839807876628073,-0.040806683766509026,0.04412284566632259,-0.008075045455612538,0.01791511767804222,-0.04880477895519745,-0.004658734307231514
Retinal vascular occlusion,-0.014084969797993127,0.005861509073744733,0.016411936653223713,-0.015504496025548653,0.00015922027311252108,-0.010725356528838997,-0.019128163244565073,-0.006898154558585931,0.019974430807669214,-0.00013242304417236672,-0.007284570995095839,-0.001166298977476963,-0.0054063914505320925,0.014881115027539986,-0.027344382310615912,0.021783347836206182,-0.00011749321781951803,0.0018286042348632536,0.014948338285535356,0.0025555115750765583,0.005360037399548667,0.016540849125849084,-0.016162549119026412,0.025683805637382474,0.0049609019792251526,0.0122249056455364,0.022602811978350033,0.024690310558904357,-0.008082908633325522,0.046055018662538395,0.00010632326103835187,0.03391865449232083,0.0031080748402251552,-0.004121914587031504,-0.01527688870260584,0.002599572268460045,3.9105359642014986e-05,0.01823691995067043,-0.011527525900506244,-0.013579000085016278,0.019762155236920747,-0.023158379514079733,0.013944667062400789,-0.0006072071834594499,-0.005916216451726474,0.006225017624422707,0.012339610800368009,-0.005923954777310224,0.009554657412954116,0.00951207513240114,-0.013048085703984491,-0.004464508013928955,-0.0019310131184730331,-0.005336016022500943,-0.00042166044851807394,0.006492231239671945,-0.009685596641826888,0.01617533228942432,-0.0008323806817981363,-0.007444055905094788,-0.015074064355686385,-0.04114525829684405,-0.006719687738942101,0.004502483425181999,0.014186683929754359,0.011590638266213912,0.014477158343293293,0.006407479387155624,0.014741507579864458,-0.010795898159839537,6.87029073756555e-05,-0.02049204841970094,-0.00956442832336087,0.03800104068585222,0.023748473831329966,0.005479965290412965,-0.001531173379424479,0.009604523324644865,-0.007395225784933858,0.01333228240382742,-0.013015365676889358,-0.018526790409840375,-0.011300131508572151,0.012968574531792175,-0.009526924734892533,0.0009770726364972141,0.019680444440973527,-0.013060478021678777,-0.008988968316207777,-0.006668576952441828,-0.002121268221609404,-0.012502354283832097,0.019446366911093395,0.0013070101998852099,-0.010744793490277094,-0.002338227275482462,1.0,0.013838957045439674,-0.0008554387344973745,-0.006739088804529382,-0.002832705132831704,-0.0032128607331457872,-0.027967908523947826,0.022165621474387134,-0.012959895582082444,-0.004300015543171899,0.007184026689225984,-0.004656043656278583
Stroke,-0.007400908396463322,0.10533503295522752,-0.01087162160210657,0.0012211536286316803,0.11033003486433422,-0.11656327487129235,-0.007706205026487482,-0.08856107560793826,0.04494139057153595,0.022936084921410985,-0.04586484483493231,0.04945030802075292,0.0234609714472405,0.004239917653145713,-0.1672226321982326,0.16003551598914598,0.018564801187876935,-0.017786561356888487,-0.014357792209346389,-0.05153801444952372,0.042044862606940674,0.18498498439500408,0.04216679742689932,0.02284882208473203,0.09468659793495829,0.06415948627914524,-0.025610609453849874,-0.04402558305604672,-0.04101189983128122,0.20112130307398493,-0.06916679547333751,0.10372297699268852,-0.06716117608036802,0.059245708152413215,-0.13670476087035868,0.045836274617867614,-0.15747768051234154,-0.06353451101313332,-0.13895244671314377,0.012496481222865,0.11227824041220903,0.0009677192501689534,-0.02826534579131052,0.07764009596748185,0.06264735258953491,0.0009723331415793563,0.03347126294963312,0.025228887482864247,0.033299914741046426,-0.11639012686781278,-0.013905044528512498,0.044246788854360675,-0.00030930835115508244,0.019666961009355628,0.04516468820449624,0.007453133381765781,-0.11438407384205333,-0.09294998195498869,-0.128610762501849,-0.04952016627087243,-0.03376602570468115,-0.11165148290854295,-0.0566617822534625,-0.01431816296107838,0.025831100641843557,0.04519775867304416,0.09544225069444705,0.059278408182184134,0.10465770712405142,-0.07173949436296005,-0.07828268779990868,0.009352059448640248,0.09581423442485083,0.13899166969597732,0.12983051826503605,0.2152109724742838,0.07882592766925939,0.0730292226708464,0.13270003972502276,0.03416840007399179,-0.0556706037152008,0.05820656376262917,0.11120934854984345,0.16674123218543668,0.19861087781764258,0.10399346081309778,0.12771786283419118,0.14357469495499692,0.0647213400762491,0.08665778570194536,0.02266811517267728,0.017999030630394482,0.14075088206028347,0.1745206925685891,0.05239232305313383,0.00242288762028106,0.013838957045439674,1.0,0.1870880886571631,0.07339242097627291,0.08592120551606888,0.0969219367646165,-0.03656596940607054,-0.05505260298644744,-0.05768554795305315,-0.05695497252963604,-0.0646818624981948,-0.04890463326120691
Type 2 Diabetes,0.30043614857026163,0.30715338639890155,0.11985508053523268,0.22466971350436743,0.28715817273769295,-0.033923508301514985,0.3192340093633259,0.01900312498067726,-0.020469415291994433,0.10247325471223331,-0.15110501205606486,0.11415774137880304,0.08371628857898221,0.04299507363451125,-0.25591600550037963,0.18722474846849063,-0.19337822513204425,0.09657101087861128,0.01148573681373396,-0.19094184076187143,0.11915854180046967,0.3070676337705519,0.05338186844695485,-0.08026422175146695,0.2797129410202139,0.12380589166677108,-0.07910206054433208,-0.12298150920861277,0.0028455412071949015,0.30589909976106106,0.13374906095986555,0.27731158004816886,-0.2724373005747659,0.1880321319301855,-0.3783019148811471,-0.023977160211506483,-0.006626981510270278,-0.06896583192339636,-0.39283254915598376,0.007679547687064447,0.10685038300936928,0.09956765262208003,-0.03777293761142669,0.1466266728053009,0.027042823995421232,0.036386415078876216,0.021006620057485322,0.02090870553464709,-0.012803787736710771,-0.2325896085334065,-0.020040599148902064,-0.056827704551139044,0.04706437536281736,0.0794673625898299,-0.07638953682909239,0.033600638189666306,-0.20110081726098564,-0.09946013058833401,-0.1260707320858358,-0.049598676745641966,-0.031623629898549284,-0.12889377995541174,-0.04625987620122127,-0.11782161986834741,0.2979465352906993,0.06857478058347863,0.14957267546214348,-0.08403977917367476,0.2508018151961785,-0.10676238801522643,-0.13624390516066018,-0.024987183290366775,0.10171228320896411,0.22155850160139,0.06501276769750197,0.25513335854046204,0.06869270139351917,0.09060727629980157,0.1596700432677203,-0.036804504166817305,-0.10233059084337341,0.025229425579015606,0.11912263775193319,0.03892395098463454,0.17098460760169035,0.2318466163586457,0.361973685294406,0.13744552539157154,0.010580768072854534,0.03542150853132747,0.020254214202313353,0.26307483789179453,0.02747824020733754,0.1098704808458269,-0.0024528207764965646,0.03140235857426321,-0.0008554387344973745,0.1870880886571631,1.0,-0.0035972836215338467,0.1364644162770333,0.054970858799088945,-0.07532470851929318,-0.08152645897079686,-0.2196471464442732,-0.13093599058058877,-0.0777111986678641,-0.09133601532858852
Urinary problems,-0.09546743801775481,0.0316735725514924,-0.007353469943023993,-0.08570260484420993,0.028428953364614235,-0.10875282840070817,-0.09654445703140475,-0.07068316149728321,0.03281644292781702,-0.009574486835096579,0.015273939517277993,0.007251568770092057,-0.007740879398492561,0.012098704171152394,-0.06777803803252498,0.09522007878893189,0.06844364726417601,-0.018847899259186854,0.05229724852635332,0.0035737383892377014,0.02925822653884265,0.07319372750101759,0.023912672805547243,0.03679439621013286,-0.003460062549881183,-0.0033204824018026415,0.04178335333507442,0.04432483919365077,-0.037501457549289574,0.04677423905851053,-0.08773385739077856,-0.020534854844416268,0.047281661263036276,-0.003062851769062357,0.008298396351065485,0.0728672997285248,-0.16297959575055504,0.03599937388396594,0.03439925945421005,0.004392856451481756,0.021157330576091864,-0.027667389350909424,-0.03959242047075719,-0.0156484254802293,0.0075964535912155995,-0.0022545020800617227,-0.019211702336715444,0.015306572144973687,0.017209824525578624,0.019444039724085663,-0.004855857862611461,0.01655464749735066,-0.03524001444804623,-0.03808889861722066,0.011822091310543481,0.014641269581121602,0.03170653348319418,0.006207648500442826,0.0007161610215258226,0.009899608724973667,0.02478517739084002,-0.0259087832730957,0.019912189237737903,0.055571270044161465,-0.07390990668640224,0.0017413536933085815,0.03781892866478541,0.12945246834055615,0.046973018592054126,-0.02526675923746353,0.020584365798268913,0.005829135539234344,0.05935153648895439,0.08957234452511369,0.10108570810043345,0.12640402063895423,0.06466700548835534,0.027293200712638174,0.012675071827458332,0.10126284712438084,-0.026625419233443828,0.0815034985309445,0.03393990721008971,0.14277294911023128,0.013003119358613443,0.017971907796703004,0.030500850875679678,0.06214980738779573,0.06212501757415026,0.013141164481933023,-0.006514118877734592,-0.027432634709707467,0.09707006686429157,0.0709579265642953,0.05232129454749023,-0.028398956976837992,-0.006739088804529382,0.07339242097627291,-0.0035972836215338467,1.0,-0.018375450697509847,0.03751156533401398,0.05354909114531382,-0.03192371824637354,0.030765854488568858,0.020408953487278083,-0.0034307974264116206,0.007911298928795505
ABNORMAL,0.05872382686803643,-0.029058754395061538,-0.10002796184695227,-0.03115657795079929,-0.03637657152199642,-0.04474212436658431,0.08834540349592312,-0.049402495447665895,0.21894513596922244,0.10839589286871831,-0.0317414882898215,-0.016958183408509832,-0.005699454788896038,-0.03952352074514055,-0.052551138883010745,0.17166496814515125,-0.026771541296376263,-0.11368534155522023,-0.1685928223447445,-0.0019509528478382039,-0.037910386567343884,0.0346054742777962,-0.09931205097608027,0.12705715061861408,-0.01895194426188751,0.09211270146256437,-0.26696791403023235,-0.12444590601666584,0.14766215102703054,0.14436688418306448,-0.047611090087340616,0.11778532962051451,-0.027676639916611408,0.053729597581564405,-0.3846366739211189,0.08930485156929634,0.10710748025121966,-0.3333826036039862,-0.4342708225288286,-0.07501917596869265,-0.08421651524048972,0.05312419752219969,-0.017779480477503575,0.14008260846652254,0.2018533361700376,0.10988097940779391,-0.02973566527994772,-0.005354010652608493,-0.145753760014399,0.036336119843837444,-0.09311003490469019,-0.09612569621238405,0.11489977513840466,0.02812336772680007,0.00950409856755216,0.03792465100531545,-0.14879033003601863,-0.10456656675612898,-0.1601971727250135,-0.13689335715291598,0.20441683077623707,0.044457951416036263,0.06398219917925738,-0.09250810382756655,0.11621253853857907,0.21226131649250096,0.23372822413230324,-0.11053269050397808,0.2016942743033371,0.04487654557019893,-0.43668384045664177,0.10423983812577976,0.10859454911680343,0.03076769489547195,0.06843115357260349,0.06456531538175286,0.12352796254099771,-0.012178732558335759,0.07827408081296632,-0.10418752637294734,-0.045480487932371534,-0.056380975129766475,0.05254995448519646,0.017473326205643385,0.13573442394464535,-0.021561832008892157,0.14713445214180407,0.09224805852299474,-0.008279311254199234,-0.04095492118146247,-0.013369774617428797,-0.03743629884748041,-0.0070058919752725764,0.07555984618753961,-0.038484150042812415,0.00023334096141540493,-0.002832705132831704,0.08592120551606888,0.1364644162770333,-0.018375450697509847,1.0,-0.046477054953767055,-0.5821550374109131,-0.46227640759485567,-0.017137411242206264,0.0008862460458904501,-0.07033974880846401,-0.04410872333253135
BORDERLINE,-0.013248153912166417,0.052640856804423444,-0.0004034960776527269,0.009435060940210026,0.06889463691852157,-0.041402799001232664,-0.017335125147709327,-0.036899595724206306,-0.0025584084175798967,-0.006364079909462375,-0.03340885254258394,0.01697310998132122,0.02611753364309476,0.15583684798672973,-0.0717400715122597,0.045413549412313396,-0.02290890542048778,-0.016126804392642902,0.032522719837364815,-0.01932914795685122,-0.015142156471979076,0.07954722922680327,0.06016403507642495,0.021073493279246173,0.036408484497025356,0.06778337544957458,-0.012793319097162087,0.02372324700703563,-0.001586339362678129,0.06634043775291486,0.0006709730170001197,0.04025678226372588,-0.03545437171419149,0.010013450006707733,-0.030770474658505097,0.008996108950729498,-0.04343239381224604,0.011204695548898427,-0.020476867548825186,0.013281874475375913,0.1363075236468262,0.016477638495186145,-0.012733482185546137,0.05460560704886477,-0.005471370857026162,0.013229883970383516,0.0324768632684874,0.04063043763761187,0.025588745453443116,-0.10370453757358539,0.017573158141264315,0.03729168689246034,-0.020462023699655465,0.005300236474736366,0.02768277049127247,-0.012226093565581197,-0.046833865235173515,-0.07048250592805555,-0.16314392877188008,-0.051751510154575436,-0.0888706637385781,-0.1933370148367,-0.0748552838485811,-0.010720340320206544,-0.008391872670688862,-0.011512411040108757,-0.0053419489084675555,0.01691013356907166,-0.016788719599380362,-0.03632922622662736,0.02375337341254632,-0.004025801966889611,0.047404875810328394,0.06087814260681671,0.0750881847734595,0.10304489082987087,0.004197629810227807,0.029385539563495988,0.11153296451062292,0.020804937284390992,-0.026093531761946197,-0.0002110396272128172,0.03490310719097256,0.062336546849394735,0.04771391053740728,0.042099428262431786,0.05952086569878978,0.06737882322396316,0.0054439371785787805,0.033051955806914134,-0.004252771769175588,-0.004613798621494618,0.09684484782262656,0.06560895308687947,0.008510788846460941,0.03839807876628073,-0.0032128607331457872,0.0969219367646165,0.054970858799088945,0.03751156533401398,-0.046477054953767055,1.0,-0.0347023331749463,0.07884018192398151,-0.04179948540325334,-0.05402516328268386,-0.07215207270127269,-0.034266586235533567
NORMAL,-0.10071522996077861,-0.013176439276920564,0.11698597196689083,0.005745089697809787,0.009564065704002643,-0.11924135194645699,-0.020815613590959372,-0.043409472662750345,-0.2044038258107366,-0.06258659817288152,0.03467285587716465,0.020464198150929865,-0.09992469700053239,-0.1012640155893596,-0.013451172872331186,0.0247012482857208,0.00896067273897934,0.0657721916977824,0.05288921528343783,-0.12803000171491138,0.10134347296852857,0.020216229047240377,0.045257207244105466,-0.14462511968859518,0.02192964114965923,-0.13866140165964796,0.14843392620927376,0.05099992452968577,-0.21859357999034876,-0.047219212527464104,0.05707467316407373,-0.1244997379985188,-0.04296569306462649,-0.051414505593094385,0.23943969165865042,-0.02974978125496976,-0.17321907222570324,0.19933127852324883,0.28832441185989754,0.08394354613913439,-0.1155651949864589,-0.05850993026049632,-0.016073666575969793,-0.07711266353641164,-0.1913149921569121,-0.09949938665000871,-0.1329862187152171,0.02085996305512179,0.10935835489746595,-0.11049173537951167,0.03714523640739732,0.004281516910506523,-0.10247481362258543,0.00527666805534472,-0.11046409974299909,-0.01448570379439905,0.0682199570801932,0.10549173396051448,0.2204319210038658,0.05299843730248296,-0.07498306070125732,0.0370901569512922,0.011499270662399258,0.0357768503250629,-0.19830842292142423,-0.061245811497194866,-0.04998041853873955,0.2865542686112119,0.06989672845527324,0.006305424187613752,0.3228668820703503,-0.06554455004768737,-0.06890840161561872,-0.027539161614612676,-0.046408666774476345,0.027571663027484178,0.011543982747701928,0.0024364267331944494,-0.050365383382863955,0.10589292951459836,0.1509849343379878,0.10592432771761832,-0.017975547259612222,0.010309596226348049,-0.031972615187356654,0.03580137919406476,-0.09533168433917137,-0.030004017347309637,0.04639298540048329,0.02029025174325032,-0.012834570801700168,0.06578515039235049,-0.0031784702204038975,0.04019551077232192,0.06260123896926446,-0.040806683766509026,-0.027967908523947826,-0.03656596940607054,-0.07532470851929318,0.05354909114531382,-0.5821550374109131,-0.0347023331749463,1.0,-0.3708466169813046,0.045170676166050305,-0.011633257194448193,0.06166841416782285,0.023553903890489274
OTHERWISE NORMAL,0.04130971516219459,0.037744150081365425,-0.01689982128011264,0.03470426548413722,0.028200405951138423,0.18151635106975889,-0.07578692707564592,0.10998746506759668,-0.027336695077106985,-0.05148446403402887,-0.0005003053382863495,-0.007800840064918369,0.10510557767833498,0.14507171683411885,0.07833263624281023,-0.23297164822758396,0.02026472700797043,0.0508917123058353,0.13583654147767085,0.1405086394403357,-0.06513681928187791,-0.07108532421915276,0.05296262532747569,0.0035215683182454995,-0.004502011264057246,0.038924007886823465,0.13985552013088662,0.07676536324157597,0.065867112589312,-0.12656163375882137,-0.005468154485725087,-0.0017511566576386872,0.09128157467116556,-0.012479014456736761,0.1892144817868839,-0.07337559617743913,0.06410482675345225,0.16482046359220412,0.18547067611583695,-0.0021813759500527185,0.19859394846382109,0.0006854164917207658,0.03443199780839961,-0.08367475271274466,-0.022960929744667485,-0.017053135524741917,0.1711861249472819,-0.012027766784167806,0.04666851535669095,0.08560329075381913,0.06283780440925603,0.11036256376235068,-0.02080091725053721,-0.032824746038304764,0.11010940300346622,-0.024560002603201878,0.09518352194674602,0.009785346311943895,-0.04861408532565271,0.08985309493194683,-0.13282685397377245,-0.06233929895070674,-0.08706156951926235,0.06793747205035869,0.08065788578717668,-0.17391033721659005,-0.21126833798166436,-0.1855804178945371,-0.2972267671479698,-0.05072431592250696,0.15133348839544294,-0.045874097120703033,-0.05179971343878213,-0.014350581019137935,-0.035285933543655994,-0.1161474554178894,-0.14194550004657894,0.010049312329344787,-0.03208865271412168,0.005803679387692245,-0.10920225719252935,-0.05069319736518345,-0.04394493990853001,-0.042580814808288264,-0.11995689983972793,-0.01808782308087783,-0.06850704097895804,-0.0744323760275843,-0.044642965662098175,0.011839373760657423,0.02068717368580544,-0.03609462870048318,0.005648465129561779,-0.13452267541059762,-0.012090927802178787,0.04412284566632259,0.022165621474387134,-0.05505260298644744,-0.08152645897079686,-0.03192371824637354,-0.46227640759485567,0.07884018192398151,-0.3708466169813046,1.0,-0.024996240744364604,0.012569992899410187,0.018979220519093225,0.021504178094118448
cube_visuospatial_executive_value,-0.20126607577059166,-0.1439834722481962,-0.029401109877458944,-0.16468161965796282,-0.14789566571439303,-0.059022914135498136,-0.17591040228233068,-0.0303849831437554,0.05771272568281291,-0.02516626458927416,0.087611358389516,-0.06819210750703049,-0.08003579293407705,-0.06932034076799952,0.057202790505665776,-0.01228614454172805,0.21401913926777857,-0.02434900533535594,0.006537666003387359,0.19714568623677867,-0.06892157366825381,-0.1420695252368304,-0.057200584730954504,0.06573554304941612,-0.11120575359719954,-0.07333352896338198,0.05965887349857076,0.015439821861357951,0.0494184375134294,-0.1182965061263422,-0.18897865183845047,-0.13925973810110537,0.06387627784041332,-0.08440712733978814,0.09234312228523842,0.03145416180646711,-0.042272190379565595,0.04486121397209669,0.07912470359185815,-0.031338583833941704,-0.13768828627829602,-0.043287249350846504,-0.022438747577416585,-0.1120538821901716,-0.022274404216502605,-0.03585031169599076,-0.0562978227392126,-0.023103231094972823,-0.024814830657461706,0.24309093893040626,-0.031849779160028756,-0.043637837605253235,-0.04321226750619896,-0.12859701592809658,0.012148592564223265,-0.049065928864109355,0.16730712557712735,0.11363791320826368,0.10122543980153637,0.0925159069894138,0.04718127798672283,0.1403440090566266,0.14234505392517455,0.15116625738285788,-0.1481233606927485,-0.02605990463357223,-0.025632379822000537,0.07382632299855674,-0.08252419524157627,0.048176954294673245,0.027371952539535012,-0.04126052415615833,-0.04572381959352427,-0.07053937136510276,0.00694598678854424,-0.11250384751520177,-0.029133860113018044,-0.06879682907028173,-0.08687141795434927,0.04848177745129977,0.06775825749207276,-0.015168303120927575,-0.07932286677120372,0.0013230480924453177,-0.10317832924787626,-0.06906170275973066,-0.14525337104896263,-0.04502036090784405,-0.013689047133444111,-0.034473847079553054,-0.02511134160467208,-0.1083915227066965,-0.06304735118374118,-0.057735062557056044,0.012184885174532067,-0.008075045455612538,-0.012959895582082444,-0.05768554795305315,-0.2196471464442732,0.030765854488568858,-0.017137411242206264,-0.04179948540325334,0.045170676166050305,-0.024996240744364604,1.0,0.11111175418108409,0.04116900024492193,0.11855630285058176
fluency_language_value,-0.046325160495617315,-0.09072707425026057,-0.029910670788214747,-0.044849969623056506,-0.05938272387636122,0.028835176516675894,-0.037829428155515,0.03506493775061994,0.019110009806925524,0.01970089846978979,0.05541065008016534,-0.06414261240498122,-0.04123802516261442,-0.03397491780337035,0.11211023042268743,-0.07415582794897271,0.1583026458183846,-0.023877750854636805,0.0024774348706066533,0.09886429991555028,-0.021740035911024115,-0.11275425276135853,-0.04865707377396111,0.019588585730812007,-0.04269066749757371,-0.03577815532196915,0.07566839364469867,0.02644280646603056,0.05982280543173675,-0.09163360051205956,-0.15382986245627597,-0.10715379426353083,0.09227542286977909,-0.05925433891457701,0.09023721570781221,0.04765750608265773,-0.044806916351532944,0.05475537880293201,0.06536874862871006,-0.030516870304400902,-0.06866177547961108,-0.013478317607317266,-0.04864089314741931,-0.1749938123851228,-0.0767832614348611,-0.030586826688701264,-0.12026033472407789,-0.04491916567350027,-0.04422288412918734,0.2779110470831667,-0.04411638814813642,-0.07722996549446315,-0.08433172829852353,-0.13207243929929752,-0.02321572340040247,-0.04756274969785745,0.1883415769942983,0.14023688844875357,0.12509313935570068,0.14361314488358254,0.03637813446110796,0.11497304129904823,0.19990759813916542,0.16193768484206247,-0.04414897151202468,-0.05117359429100433,-0.023126669118538647,0.010364152730000057,-0.05911061291467132,0.00794085848470898,0.01709236038321702,-0.04565216916610677,-0.013203693663083474,-0.003308844566241462,0.0073902965132425155,-0.08095333935205008,-0.005128463193488858,-0.023586078982619555,-0.0795226545388693,0.06321120119961732,0.04443122845878722,-0.021677800819441338,-0.0495551048067373,-0.013288494641963994,-0.09701093644089648,-0.03198649468510519,-0.07331903844217368,-0.020718274870136333,0.024811850765135392,-0.03154453547593714,-0.013305247094783975,0.0076644955929693805,-0.03963430815211653,-0.10116068181779808,0.006519906767732471,0.01791511767804222,-0.004300015543171899,-0.05695497252963604,-0.13093599058058877,0.020408953487278083,0.0008862460458904501,-0.05402516328268386,-0.011633257194448193,0.012569992899410187,0.11111175418108409,1.0,0.04935778893199494,0.14122660827040667
lettera_value,-0.007606101519245949,-0.051291216844351915,0.006575236064757687,0.013730037636183266,-0.056364815201482885,0.04276099855012549,0.001596017568807603,0.03410466788057169,-0.030962120180610574,0.010976614524181813,0.02260268187378415,-0.0038114278615676597,-0.05185177197318309,-0.053656430245402315,0.07536390021771402,-0.0528220862432542,0.027897569536664335,0.017595706715959825,-0.005807166044078889,0.010151957724593248,-0.015554624111428848,-0.08207067241214809,-0.028066604498889872,-0.01863882694863231,-0.02586897981769562,-0.05085273490129749,0.037658346452837776,-0.015379340385294664,0.009246308950357421,-0.04020185567392004,-0.006662919825795059,-0.0669175381774628,0.034921755126130674,-0.02119344352031903,0.06425870069703064,0.025500933187196713,0.013518415522170727,0.04557580534989544,0.06248622307122317,-0.031984292858420964,-0.0874331039786319,0.0034736321772433102,-0.027463643885287298,-0.0966864696677292,-0.04174495861852396,-0.007959090841370189,-0.06819534078000995,-0.041918168900217004,-0.014551079707469466,0.14592157918137097,-0.017734862122454526,-0.01594493101046968,-0.023517420388764244,-0.027546226094822063,-0.03749525255992659,-0.05515941783154625,0.08066239843869553,0.12679055346995421,0.11580209718524505,0.05345659320829037,0.04696159113542354,0.09842555024727745,0.08657451011092594,0.045934600413433405,-0.028506143228494187,-0.04938169986455235,-0.04987444231705686,-0.003106107838095077,-0.05785505691021724,0.021840647852248138,0.04330972534853849,-0.0252145136332318,-0.07418763816267447,-0.01003911619436344,-0.03556998944677329,-0.08045124875420558,-0.021469314642557073,-0.008207414270631864,-0.050564500046252764,0.01495518346911007,0.03487221645538672,-0.010115368714519138,-0.0505439579026668,-0.031469305936754996,-0.08498209511167415,-0.03659986379921851,-0.051411162421788566,2.8089526956706408e-05,0.0026261308572179936,-0.005592726078034534,-0.012261063146754745,0.013834201113222963,-0.05305461944485841,-0.065446929781945,0.0022201568312113884,-0.04880477895519745,0.007184026689225984,-0.0646818624981948,-0.0777111986678641,-0.0034307974264116206,-0.07033974880846401,-0.07215207270127269,0.06166841416782285,0.018979220519093225,0.04116900024492193,0.04935778893199494,1.0,0.0866269879203913
trails_visuospatial_executive_value,-0.05198096160179439,-0.04597942806639339,0.014269905155980143,-0.06427632691245642,-0.04337286513724733,0.0032476384685978248,-0.04083747930693274,0.05483000447103041,0.027049396950579827,0.010692383270552412,0.031350580547117333,-0.05443360830312455,-0.034858543212095534,-0.042376579972690856,0.07017792656091552,-0.03448738221526992,0.1392037951545466,0.051694962123272736,0.031169238516342165,0.0793942236206904,0.022349138124095846,-0.09529625570622685,-0.05693561491444452,0.0018755265318688456,0.00043262629461332834,-0.03734327720829412,0.06856400572702828,-0.04672560549773714,0.05778244149065586,-0.02178785084166694,-0.10958234723162343,-0.09564294153591382,0.04640530689141866,-0.03689830279918125,0.07875056004595558,0.015244658462290984,-0.028481416458347363,0.06620416607607899,0.05965547700615605,-0.04065466967080829,-0.05984765921080071,-0.004380067677938834,-0.04249023567943252,-0.20181579904865962,-0.09191834550829368,-0.055196885955275256,-0.10587609165620918,-0.044863104852760065,-0.016521530723192936,0.3387123015070152,-0.07543620515862312,-0.0773507736405479,-0.08323727877474404,-0.14793034369499933,-0.06007891370462366,-0.06567266348737175,0.2505292853201729,0.2132092455401444,0.1497573010623812,0.21061792914474187,0.04933061641097607,0.15402098232759046,0.23792132495782378,0.21518206754782312,-0.0547695281554463,-0.04288489895215223,-0.02331188678466515,0.008457419144556536,-0.053594743276059245,-0.0027342694188897463,0.008774942396364022,-0.07961323188203624,-0.053078217557215514,0.02723603209474804,0.024414615042745218,-0.07878718423619734,0.0063532063823877665,-0.01676418427718729,-0.06252662686671709,0.05839986891993865,0.025574768096772654,-0.0015474798368391672,-0.057070545826776294,-0.01957119398100116,-0.078436908962872,-0.010336788861974314,-0.05540508961964287,-0.025724508004305553,0.018061907140852602,-0.023207924466858515,-0.020272668038737784,0.027004465182486375,-0.03891741253828382,-0.08982567399698993,0.02635455264350764,-0.004658734307231514,-0.004656043656278583,-0.04890463326120691,-0.09133601532858852,0.007911298928795505,-0.04410872333253135,-0.034266586235533567,0.023553903890489274,0.021504178094118448,0.11855630285058176,0.14122660827040667,0.0866269879203913,1.0
