,heart_rate_mean,blood_glucose_mean,resp_rate_mean,stress_mean,blood_glucose_std,total_steps,resting_heart_rate,total_kcal,sleep_light_hrs,sleep_deep_hrs,sleep_rem_hrs,sleep_awake_hrs,act_generic_hrs,act_running_hrs,act_walking_hrs,act_sedentary_hrs,A/G Ratio_value,ALT (IU/L)_value (IU/L),AST (IU/L)_value (IU/L),Albumin (g/dL)_value (g/dL),Alkaline Phosphatase (IU/L)_value (IU/L),BUN (mg/dL)_value (mg/dL),BUN/Creatinine ratio_value,Bilirubin Total (mg/dL)_value (mg/dL),C-Peptide (ng/mL)_value (ng/mL),CRP - HS (mg/L)_value (mg/L),Calcium (mg/dL)_value (mg/dL),"Carbon Dioxide, Total (mEq/L)_value (mEq/L)",Chloride (mEq/L)_value (mEq/L),Creatinine (mg/dL)_value (md/dL),"Globulin, Total (g/dL)_value (g/dL)",Glucose (mg/dL)_value (mg/dL),HDL Cholesterol (mg/dL)_value (mg/dL),INSULIN (ng/mL)_value (ng/mL),LDL Cholesterol Calculation (mg/dL)_value (mg/dL),Potassium (mEq/L)_value (mEq/L),"Protein, Total (g/dL)_value (g/dL)",Sodium (mEq/L)_value (mEq/L),Total Cholesterol (mg/dL)_value (mg/dL),Triglycerides (mg/dL)_value (mg/dL),Urine Albumin (mg/dL)_value (mg/DL),Urine Creatinine (mg/dL)_value (mg/DL),clock_visuospatial_executive_time_value,delayed_recall_with_no_clue_time_value,digitspan_time_value,memory_trial1_time_value,memory_trial2_time_value,moca_abstraction_time_value,moca_orientation_time_value,moca_total_score_value,naming_time_value,repetition_time_value,subtraction_time_value,cube_visuospatial_executive_time_value,lettera_time_value,trails_visuospatial_executive_time_value,moca_combined_mis_score_value,memory_trial1_value,memory_trial2_value,moca_abstraction_value,moca_orientation_value,naming_value,repetition_value,subtraction_value,Rate,PR,QRSD,QT,QTc,P,QRS,T,Age-related macular degeneration,Arthritis,Cancer,Cataracts (1+ eyes),Chronic pullmonary problems,Circulation problems,Diabetic retinopathy (1+),Digestive problems,Marijuana user,Dry eye (1+),Glaucoma (1+),Hearing impairment,Heart attack,High blood cholesterol,High blood pressure,Kidney problems,Low blood pressure,Mild cognitive impairmen,Multiple sclerosis,Obesity,Osteoporosis,Other heart issues (pacemaker),Other neurological conditions,Parkinson's disease,Retinal vascular occlusion,Stroke,Type 2 Diabetes,Urinary problems,ABNORMAL,BORDERLINE,NORMAL,OTHERWISE NORMAL,cube_visuospatial_executive_value,fluency_language_value,lettera_value,trails_visuospatial_executive_value
heart_rate_mean,1.0,0.07178538881733418,0.07897288688780471,0.7120425617395894,0.1297947573259406,0.48911924591740585,0.8012368310345349,0.45441300692280195,-0.2869275324107785,0.08763988345167358,-0.13410267436128395,0.07334320560163217,0.14594581042221094,0.04502721962353106,0.2769644974511685,-0.4216636416530274,-0.23841097876415865,0.045042080029773696,0.0011628237750510354,-0.09071947581975588,0.10407674991048517,-0.052007713353629345,-0.07193931937168055,-0.17597031971822383,0.08813706816304093,0.07295561038605468,0.023544099861570196,-0.1846034295534692,-0.08193007378364398,-0.007442497153031269,0.277505960664666,0.13345765383267558,-0.13102419207062344,0.1519710341305851,-0.19109616042360963,-0.08094224471792823,0.10805253258403898,-0.11941151468354591,-0.2170075521289719,0.05472901977063692,0.09889528546686127,0.02743731143779665,-0.06161030202046892,-0.04307497305732839,-0.11850874405117741,-0.07817655129748474,-0.03662047044308096,0.04373230470339237,-0.15714979727641581,-0.1336616885622206,-0.028601105541799718,-0.023668859637911457,0.07479297893041953,0.033921666651093585,-0.1291040294966798,0.011631403908404803,-0.11030139110997192,-0.04366673215109502,-0.03023132031306533,-0.19985370617406148,-0.03091165379046312,-0.1037883465598758,-0.015333810130869808,-0.11650132303102416,0.5360191641659162,-0.05007294248284881,-0.19377151783645852,-0.5359137749275479,0.06567603242771412,0.013717077596566034,0.02692204135115883,-0.07525175186891572,-0.03865853962827533,-0.04887628895375545,-0.13989078830065585,-0.061258344116419075,0.010841012587580481,0.007411490857769851,0.042261739460560444,0.01004005138743482,-0.06177739594825961,0.038002458436944275,0.01524919852828845,-0.1677404750543946,-0.006863837201105285,0.13471111695527907,0.08263764514360859,0.029530987973345583,-0.1178951456811125,-0.04435884482749131,0.015542242574379935,0.1288612327400647,-0.023063317533628225,-0.12031879793066805,-0.07391348232401637,0.019272689971359044,0.02526989819314043,-0.075860797525049,0.21670853168045937,-0.025650010153317346,-0.15512485890067063,0.0,0.016578107814414066,0.17076122078765332,-0.2253608060583467,0.023473774135409416,-0.01988882079607556,-0.0787087731159469
blood_glucose_mean,0.07178538881733418,1.0,0.10834648917365049,0.13199507259734597,0.2840254087206929,-0.06055643626219373,0.13395323163831196,-0.036987430064487,0.009220494664298652,0.045523553768148976,-0.08497204850505505,0.06919103254845704,0.11038567897132541,0.07840040302945507,-0.1667836990459367,0.07472378684443193,-0.09241057027054699,0.055057603852575715,0.029410105112625706,-0.11819034052353646,0.08048818575620308,0.2666001974790596,0.008333422441268005,-0.05046857713094763,0.20899705306244062,0.11563710130562353,-0.023286513645577614,-0.051003718566454304,0.017396069994158377,0.23205217710553805,0.13716683377469766,0.16189410505446666,-0.10415032661174774,0.1242726709272654,0.001820183494024005,0.01609511186196301,0.08049555343751644,0.06938964740548936,-0.0027362651900245585,0.13302741672570148,0.08160754103188408,0.07596607812738916,-0.03054537694351928,0.14817303706081383,0.13620974395979593,0.046632711811280175,-0.002104159489603285,0.00659618477152319,0.047205971685391715,-0.14136480460896483,0.018952428117560413,-0.007543947206186897,0.06570570980970249,-0.003976766862862161,0.06546536524694013,0.017107377939845562,-0.1761563042823395,-0.04879179054135165,-0.06717500297403463,-0.0692041060119678,-0.0851826934888436,-0.06986711360321743,-0.03930936629936192,-0.06556471173973158,0.21071636325984916,0.12572960458996205,0.17807191534138575,-0.04585747281219339,0.1784259629749382,-0.03930229709370256,-0.1483152844112411,-0.047163098002410246,0.0719338184049416,0.059937540525507337,0.08597410743419945,0.17147428173830728,0.021154997185098254,0.04896967294506418,0.1536941133304479,-0.048009315013904263,-0.012367334045320946,0.06441082540678571,0.05000020245463724,0.07278165852742827,0.12543016897580292,0.17069944843902882,0.2373745009883215,0.16190277240288128,-0.00344521706869762,0.02690228563675137,0.04357562182541845,0.15379101019455685,-0.009926545516907713,0.07677559775633057,0.034797448943464974,0.02240067089465335,0.0034514106695427787,0.07825398359398111,0.25674922230283415,-0.00651464197850438,0.18445010782658308,0.0,0.011923780554735416,-0.21756207441791142,-0.002948676328179312,-0.04800270369130117,-0.08835066001925165,-0.04126837241936988
resp_rate_mean,0.07897288688780471,0.10834648917365049,1.0,0.07740010008587062,0.14974514933822486,0.04193695685254956,0.07074959722547217,0.022290831678678586,-0.06705409410765477,0.02490965052086462,-0.07348809795117282,0.06330064051455458,0.08351939389836732,0.059325961898671606,-0.025389170214072172,-0.021214882404053812,-0.02408044821507166,0.05924199683524431,0.04668707395995156,-0.11928395822144312,0.06593595391025993,0.1836890796929478,0.047827914696842284,-0.034471741971090396,0.1441032189575101,0.06399086712010515,-0.04409249558749832,-0.08701266053773427,-0.08008287659112802,0.14926054871096966,0.033809804607039175,0.08412427763106849,-0.1284837656433853,0.10464408905420179,-0.11965127295523893,0.001328814171334267,-0.03394213395836723,-0.05462045567278177,-0.10806514740958141,0.08930727331414055,0.06283814089800482,0.0006724762532879476,0.04691778018205944,0.1257134625362765,0.028954872008665988,0.043725480292952965,-0.048829832107882845,0.0451789088915075,-0.010740727579822045,-0.1338524231839608,0.003682163852559278,0.02651678573251648,0.06754607266112034,0.02556259969080304,-0.02138199085237734,0.04319165757743457,-0.13717838333475832,-0.050495402346721514,-0.06305440924076232,-0.06408548427567484,-0.08625155706130087,-0.054657859321465184,-0.029377959870929057,-0.06631718699442368,0.061109127067553975,0.03670912996058527,0.0693304989930723,0.038554139313287446,0.06765038810428751,-0.04217124294269602,-0.07046156644127487,-0.03082575874889361,0.059470919670139434,0.09511886019906483,0.05547654828665395,0.11809241320999977,0.009467938243733006,0.0604030913724647,0.08097494207250285,-0.00810201159884722,-0.015544786917524105,0.005437275985268328,0.04864949178564309,0.06710408558398043,0.06056784223364371,0.12482360488312612,0.14819608650095326,0.08103428897712447,-0.004376347598295913,0.012158749125380038,0.024187675484438374,0.08402879726745872,0.01654791742579985,0.05497708427174477,0.013071048906248299,0.022037574198907315,0.0031720549080075616,0.06604608311169477,0.16686425208416467,0.03600753559720594,0.05544573342140377,0.0,-0.06821946030486409,0.01051460176539136,-0.06242158037811807,-0.022382839032143144,-0.0467416068141115,-0.07917050489622568
stress_mean,0.7120425617395894,0.13199507259734597,0.07740010008587062,1.0,0.15170755457779891,0.4144505597209134,0.701149441898774,0.38203286407766274,-0.23912142294827984,0.07556762936987212,-0.14551675028739985,0.07354743058061741,0.14339208837825895,0.056507188713087866,0.21398712412501975,-0.35731394723558946,-0.2069761865080762,0.060925550318805456,0.005956377307091015,-0.08303132387757882,0.07988046410122054,-0.01677904556123436,-0.0806689331669006,-0.13126460927535158,0.08487818240822868,0.060081949568531974,0.03945295058944871,-0.1226649778559564,-0.026067077263744316,0.029705954846017773,0.2428078594957918,0.11569259030122714,-0.11245367366657365,0.11821351550519771,-0.18354459637362755,-0.0755654971849258,0.1455351940476587,-0.031945037911074815,-0.18205378692725815,0.07403190803138873,0.0867464728843955,0.03319121399677885,-0.09350338308858312,-0.007553478669818204,-0.028739341917401257,-0.05832413243212744,-0.033728101547128235,0.02617625777185703,-0.08257888717059458,-0.14663390452710268,-0.03574815346136412,0.004716952888618506,0.06781461443091165,0.027394001832522927,-0.07966625154488605,-0.009861349459216587,-0.119128057402175,-0.04053796945215703,-0.029686535392564398,-0.1872908693749764,-0.04301208321864684,-0.07976298350064177,-0.02885884668017713,-0.10971626498220621,0.5215308151625617,-0.004322287459547742,-0.09831742917179802,-0.4685853996750055,0.14262301739086838,0.008855339355510278,-0.01197595279016576,-0.055478727052646136,-0.0090085616374224,-0.04314141519749324,-0.09043838153504867,-0.013552432421034039,0.012028449320867439,0.002486501026288512,0.06752986673894111,-0.008028215251074082,-0.049789246431186596,0.035344489816475665,0.020027985287177683,-0.11742423270206766,0.03771776419565445,0.15003200409470793,0.12690281927551555,0.062397316425000196,-0.09272787366147657,-0.03438028449853924,0.013680399135282878,0.1224574011032256,-0.027406573856676355,-0.07966190943028845,-0.05206736893862546,0.018151366612677012,0.021611709021271214,-0.042613420395652704,0.2186978058653479,-0.021869234423348146,0.007593056793687132,0.0,-0.02217059813994163,0.028828351940083142,-0.1825522688592217,0.026825878595833505,-0.0349760859533258,-0.07383555243782158
blood_glucose_std,0.1297947573259406,0.2840254087206929,0.14974514933822486,0.15170755457779891,1.0,-0.02783412500920702,0.14702066770480138,-0.021413424134849833,-0.06326935884566456,0.025035702134782477,-0.0830958790432868,0.0913265530633778,0.134243980153545,0.060508196992748876,-0.17829764718472307,0.10582826389401905,-0.11840923279201503,0.06450094915485063,0.05097452431808504,-0.23965107772799432,0.07927641757554842,0.26674281258170934,0.021209935776359625,-0.04683585050740682,0.1901423250317333,0.1182487183948234,-0.11961035798794738,-0.14439004984179254,-0.07755819783032966,0.24338264813126065,0.11618255270148296,0.16166617014711016,-0.16111178068890347,0.1393893286955854,-0.18359213283169676,0.017832186963600886,-0.0356962274596414,-0.011815204320170443,-0.1781103024315745,0.12347395343939892,0.10378859624159445,0.07426390387050777,0.03505984711768367,0.18534829403622213,0.038748440345961165,0.04606541653631079,0.004386480213381729,0.050322237263692934,0.007192866806543272,-0.24233084163825455,-0.009479247408332506,0.03451182762722809,0.0966362147600447,0.03403216949227686,0.003785735623019918,0.05308731615633356,-0.22104402496356879,-0.0923171980024482,-0.11008084831926833,-0.14160014298003884,-0.12188174656504829,-0.10307292995060882,-0.07409101906438353,-0.08262043411089078,0.1094178672834311,0.11308146042196973,0.1361247875421081,-0.006738412640968412,0.0689112753043262,-0.02122888495764029,-0.10218362150713912,-0.061105312131937775,0.10921938219687255,0.12019404212453393,0.06200459541078517,0.20563893688348936,0.006582714302564507,0.0855253958015813,0.15685501342264652,-0.037908239009067396,-0.03354698649779106,0.03702184460903973,0.04436580786652669,0.07944330790496366,0.11234774739357456,0.15175081185871198,0.24157487498422756,0.1990094860872171,-0.03516430608427952,0.017381955452041017,0.030276800715405967,0.15634262363120435,0.04481831378542761,0.09558901897498623,0.02891787688680847,0.02997727760447321,0.014129487297959783,0.08946071793741786,0.32254892379894984,0.03963608556512321,0.07297065446074025,0.0,-0.063020124299099,-0.007394635220484358,-0.10269957578385269,-0.12188688431324082,-0.11249881410142216,-0.12292663454146703
total_steps,0.48911924591740585,-0.06055643626219373,0.04193695685254956,0.4144505597209134,-0.02783412500920702,1.0,0.4122613495898845,0.44047967496542384,-0.15813659337235877,0.023701239249665176,-0.040780889892353414,0.003561963034711777,0.08137042890491941,0.03558747371056253,0.43797772208809327,-0.5531914568158851,-0.12567020120767625,0.06581748747695994,0.08128215390947864,-0.009151836522997394,0.06392362604762046,-0.08414928921335024,-0.05814193498436904,-0.06118855179474371,0.007684927941091217,0.036195020551052365,0.050424435582016314,-0.08362377546463158,-0.03236940903852527,-0.027396665166398215,0.1836930235884926,0.0424385069514557,-0.050180558343556926,0.09392376468426857,-0.10174669385699125,-0.05077719583750417,0.14274701673902895,-0.11193061537098942,-0.095967104290458,0.04037264817620644,0.024933685845962193,0.013310703875214519,-0.028836753171161546,-0.06615297007329243,-0.03203613210519806,0.011619221382803765,-0.03232719640416564,0.0834184342825175,-0.033080366295264674,-0.039642165555213556,0.04484654748184854,0.017440886072409532,0.06581658715861019,0.06811270902795173,-0.06503998266419114,0.036852509377370016,-0.04495162320573221,-0.00023416173430256614,0.029331719218937298,-0.11333139952474797,-0.005727275668673492,-0.018083597115638846,0.010799081952131905,-0.07093618470528044,0.2494000618868694,-0.01642841704125028,-0.1479519811227599,-0.2693973226532806,-0.017843855611151083,0.01989880494100922,0.06618668137797515,0.008120937071399513,-0.07980639076554279,-0.14830609476879278,-0.15978008341526642,-0.20089648568533686,0.005570069687281183,-0.010441139758338236,-0.04673095159620795,-0.032620642090846086,-0.009215742361903525,-0.05855291484873538,-0.007293568390114553,-0.17153569936998678,-0.052030699891437895,0.017794304228176145,-0.048861087205406196,-0.05207110889961459,-0.05989708859077773,-0.04165359364600425,0.010540797790590105,-0.005893292271039871,-0.08736006148524772,-0.09395602121707743,-0.10245337439023121,-0.009734212785644583,-0.0063514150987982335,-0.10479913089436516,-0.011480467413623846,-0.09065892569416666,0.02323244080664095,0.0,-0.09932768090823496,0.09071584350515265,-0.10937557092817377,0.10106745466764805,0.03513368312793273,-0.024353377175864242
resting_heart_rate,0.8012368310345349,0.13395323163831196,0.07074959722547217,0.701149441898774,0.14702066770480138,0.4122613495898845,1.0,0.4186464363597497,-0.24363207874609202,0.06256512658405518,-0.12463357395836773,0.08737105370340151,0.16421074955787263,0.08212933360527726,0.23379258014115534,-0.3699390634928707,-0.245852564979704,0.04850943748350632,-0.013757147549811029,-0.10395353312891789,0.10410154972712864,-0.023566937644824232,-0.058977691488863615,-0.1742160057468775,0.09504057789284526,0.08233294411312278,0.01932830550684071,-0.16515424607496101,-0.051043775968343655,0.02438396973540409,0.2994158365300267,0.15261068720062612,-0.11371052579459161,0.1358727683997932,-0.13025213509914052,-0.0790594900086726,0.10802160699017786,-0.0559490277349016,-0.17470096278230285,0.06060826798587218,0.10405940160285805,0.03702567153020308,-0.09083322416636623,-0.009596226330805938,-0.062304449464002314,-0.06971038098421796,-0.02612935958168964,0.041296683907632484,-0.13600206947046145,-0.1688979086356555,-0.015929462651774327,-0.04721079732874874,0.08288600607666025,0.03422578497442542,-0.11502696086300335,0.0008011349066922526,-0.12697010620334276,-0.05543365151679899,-0.04398360878854758,-0.21054324695441498,-0.05141540410960845,-0.11021584144505897,-0.03724213159479545,-0.11282191799331956,0.5766970131458465,-0.0379859273343813,-0.17920796320457533,-0.5597066585699457,0.10761265627967544,0.011533110596837716,0.003017669718065693,-0.07291301532251161,-0.027136986057092406,-0.043907425116276676,-0.12656272794345205,-0.020267272885262696,0.01443767137082956,0.01631386910719814,0.06728010819496123,-0.006746265187851578,-0.047635148164438354,0.05692064438915177,0.016771621258682836,-0.12602087156702108,0.011225270262444518,0.13873222340382943,0.08377774362937428,0.03822988612998191,-0.08068600240184778,-0.03942772371643138,0.022429166655901833,0.1443258545993631,-0.0077747596292022944,-0.08703707050626394,-0.058418056076814565,0.029458527876331488,0.026644858895761857,-0.059811876847053615,0.2265014898325758,-0.020611914719705325,-0.15675852048384925,0.0,0.14277958022126483,0.03133609980059764,-0.18777854102813413,0.002820205842753157,-0.0445124322048306,-0.07450232468406111
total_kcal,0.45441300692280195,-0.036987430064487,0.022290831678678586,0.38203286407766274,-0.021413424134849833,0.44047967496542384,0.4186464363597497,1.0,-0.1343524317865243,0.01212455233318373,-0.042399223142894495,-0.0017038135359124075,0.07501441122539176,0.05754621454679185,0.40410625554798163,-0.5122752942810268,-0.1162769277682527,0.061140198869929996,0.049679752726758654,0.04016548353969309,0.03964983878765531,-0.09394882570910133,-0.03281476353777494,-0.06697029055101768,0.023043353380960786,0.04432319762976119,0.06565604155946779,-0.09777371674597522,0.015374602864767974,-0.07298928307929216,0.19265878066095965,0.034917859537893864,-0.03310635809069735,0.09566414193237337,-0.037372784281387,-0.05831764387717615,0.15809568410735647,-0.07883220548555099,-0.04266704896538931,0.015469712212546718,0.028005515537345833,0.029775696983276877,-0.05615932142295937,-0.0808097929748254,-0.028473925548565704,-0.038939526629849286,-0.030325462878085276,0.06549734154680692,-0.038810302297948636,-0.019387004898258463,0.01882961676201308,-0.05228232120371846,0.0469521359007365,0.04713044117088018,-0.05425703549642183,0.006725962392453453,-0.02898104182334478,0.008621460775905247,0.024850348734373036,-0.09277869146384346,-0.005843281360087389,-0.03820443184663247,0.020991730344014813,-0.07878218841126751,0.30301738209922174,-0.04313822064512866,-0.1849445339149935,-0.326777059391636,0.00163635003961422,-0.002301915975302498,0.07834950250107175,-0.00041920731045714784,-0.07709878215112054,-0.11129664509521274,-0.1400023831944386,-0.16880027879268508,0.004532182140105172,-0.01864408804069117,-0.05377211584131312,-0.01565340349802253,0.01010454422798916,-0.019112810423061084,-0.008624089030580545,-0.14138946938410088,-0.04725847060555604,0.02726712520071404,-0.05487284480961077,-0.051596536695659556,-0.04585737627381168,-0.04780394603186184,-0.0033206723204169462,0.020940120963794658,-0.07862349106114166,-0.0961508628477436,-0.09421397561821651,-0.005615189721193919,-0.00132746440274901,-0.08791880681014218,-0.027879661235501833,-0.07439215267756513,-0.04700567133316303,0.0,0.04970515652950261,0.004353250030211871,-0.08272708020557698,0.10132683168469507,0.042372619593258186,0.006044631646494775
sleep_light_hrs,-0.2869275324107785,0.009220494664298652,-0.06705409410765477,-0.23912142294827984,-0.06326935884566456,-0.15813659337235877,-0.24363207874609202,-0.1343524317865243,1.0,0.043350606686234916,0.05918861835437227,-0.020834145617747192,-0.05062925596122772,0.009215701146302782,-0.09046731532100245,0.12263435842972853,0.1279512766103096,-0.003253301239790966,-0.007382018642111842,0.14390305094527142,-0.04323492940139401,-0.010996823046529006,0.00044378647673940966,0.10206389957145294,-0.04612174227905207,-0.007343693279930435,0.05071562769514914,0.12608543905004369,0.1273633752238751,0.00042126701561147925,-0.06071503465797632,-0.07307191967377613,0.13003943348017055,-0.044295925754749166,0.14099036242034202,0.03238843969883717,0.09898563751215084,0.1388402771004507,0.16669628337818512,0.0035201187173971886,-0.028947589171697433,-0.011012167024254015,-0.008423319456292287,-0.016766824707382447,0.08416256463087676,0.035556477712617156,0.018714023313031503,-0.027788917203572024,0.10633432283855701,0.10206936290597346,0.03760362720119466,0.0027445535392310208,-0.02617730150208875,-0.02173360354294677,0.055343375732633586,-0.0005351498667195906,0.09425340390333033,0.013221257689581998,0.026597647769674215,0.09064511814120112,0.006240161536795726,0.042645114621682065,0.048370908939560184,0.07134902375613164,-0.053251124742603746,0.06091032784347034,0.09745207266238205,0.11152301360699045,0.04834079788884459,0.04172649196753919,0.003725320130176151,0.07234040705627164,0.02201359643680537,-0.016287701342673887,0.04061924634849963,0.0648176496403267,0.04847628341199548,0.0003456269176334558,-0.011583101690063822,0.023752308991796763,0.06031228355116703,0.04044375689918857,0.01386939145534683,0.07064096365965807,0.013850506175184844,-0.05601912259944654,-0.042219124185184496,-0.018819331508909656,0.08347695863816074,0.02170633332827761,0.013270978349404767,-0.040339403520239285,0.03597335676567674,0.05854214661301584,0.042887922148599995,-0.006842409735406363,0.005464567087946135,0.05472983162056341,-0.11972485920081889,0.03627408324030496,0.17951366371941171,0.0,0.0007337563019527121,-0.2029655620337595,0.08157103215166027,0.012471231283726337,0.00810705138923692,0.08038084211959814
sleep_deep_hrs,0.08763988345167358,0.045523553768148976,0.02490965052086462,0.07556762936987212,0.025035702134782477,0.023701239249665176,0.06256512658405518,0.01212455233318373,0.043350606686234916,1.0,-0.04302807970164092,0.0045920769264017796,0.03314501291427627,0.040720026880151965,-0.05409042935872285,0.0321072895824387,-0.029274490299848296,0.014679783120559793,-0.01725696113767924,0.06523085698153372,-0.0037364241062472076,-0.010017785989348367,-0.051883797017220304,-0.02873064285459141,0.05202541096751646,0.005765972162593023,0.023339828754810235,0.03969326927901175,-0.061687438103871714,0.03984761867811059,0.08386060686411367,0.03333390319457336,-0.025373251744257013,0.0369878957444782,0.010609203065981608,-0.03607010964020282,0.1092039300429672,0.017325349210470863,0.03389293446681401,0.03998489917236255,0.039618421239250384,0.02791281290796808,-0.005775088387267255,-0.06680029875354598,-0.0156708602110574,0.024372561682618074,-0.06769754101592552,-0.03936068526891085,-0.0241028258207646,0.0591037516334808,0.008998190402869286,-0.03367592062340403,0.009229859643962618,0.001388249521527263,-0.018692272209820813,-0.015382814226519577,0.013827583426034315,0.040693270634151936,0.022264495230094224,0.01243594566128728,-0.001897001353475232,0.038248379241014485,0.10814368993287526,-0.02962002467729073,0.1488208150882473,0.014736081280557705,-0.029987350494489577,-0.05249569257684791,0.13421324293127143,0.0598821114270383,-0.013283159162399302,0.02884001236188247,0.004872144887432102,0.03604400836153486,-0.023330134347968372,0.0632305872932964,0.03564266253775934,0.026518970586963668,0.012736846923714532,0.022685381956902253,0.00604233346459753,0.07693575839229734,0.012423056443894397,-0.008332931550933042,0.020875844044684486,0.0934048040306482,0.09068940790581309,0.027687521279947804,0.025212107900415975,0.02045213842604962,1.671187120122792e-05,0.0886952626383029,0.04378307073897844,-0.0046732014827288405,0.00964220170415802,-4.006666203266901e-05,-0.010547320684680832,0.019945177996754986,0.06963189567664829,0.050273275391751755,0.05466048598486719,0.0,-0.04986855549994786,8.439973238043942e-05,-0.07484899000594594,0.04574619329581225,0.016448194119007473,0.015675239037163922
sleep_rem_hrs,-0.13410267436128395,-0.08497204850505505,-0.07348809795117282,-0.14551675028739985,-0.0830958790432868,-0.040780889892353414,-0.12463357395836773,-0.042399223142894495,0.05918861835437227,-0.04302807970164092,1.0,-0.0004856903702163956,-0.04108537408635728,0.014378039796124795,0.08866374739070859,-0.024100476160459305,0.11912264326618027,0.0375502485302872,0.027141720707291147,-0.0037652635351724663,-0.041492937444497675,0.0066619593542014115,0.0839415916922659,0.09488095118066374,-0.07746272034329768,-0.04576646513351527,-0.04769201721674011,-0.013763993406696316,0.08396258165396478,-0.06085586859732303,-0.12635027701035467,-0.03778962194246677,0.14052043916565748,-0.03513472626904207,0.11117761411520792,0.025669287350884626,-0.14187439865597934,0.005897381659002592,0.10072993077398014,-0.025560614825666527,-0.03375977836219347,-0.019567338283870694,0.007235546803809114,-0.026270098059588402,0.01020767669644101,0.016060265759545278,0.08247519991756509,0.03563119563350492,0.01731052298459599,0.09141491176864174,0.042091805563926415,0.00689803836241526,-0.018840301555567728,-0.048987995218025146,0.03539865316520182,0.011595591399055015,0.08394921232552913,0.022695953545036392,0.02812396901902484,0.09251277231706576,0.01071965773166818,0.041789264071889536,0.0028560004734969825,0.08083002594140544,-0.16669305842929416,-0.021318635884298966,-0.027254045568010504,0.09881668431743242,-0.07938299974505972,0.013024600415332358,0.054120985389921605,0.028406667478129755,-0.02438150996775899,-0.02610344914838504,-0.0008166561034321609,-0.05198270450206633,-0.02468762827012814,-0.006525375150815725,-0.058118222742264844,0.011635058624419442,0.04798350630927463,-0.02318549904996663,-0.017539209436752638,-0.012571943888728534,-0.033210485157314173,-0.09549723384491823,-0.14446072462697188,-0.05041700095941342,0.03799378287346256,0.02199651921531155,-0.017641004911650097,-0.11632391413067132,-0.014172864660314307,-0.010031392120090703,-0.011218018472892246,-0.010365389118043597,-0.016261377542120294,-0.016250700835487325,-0.15905937097647774,-0.00959803479652284,-0.07834118796090289,0.0,0.07020396212138094,0.01263165259734878,0.1128937568553517,0.017033382401380935,0.05010051566763936,0.08559372984527706
sleep_awake_hrs,0.07334320560163217,0.06919103254845704,0.06330064051455458,0.07354743058061741,0.0913265530633778,0.003561963034711777,0.08737105370340151,-0.0017038135359124075,-0.020834145617747192,0.0045920769264017796,-0.0004856903702163956,1.0,0.03416065520410952,0.01643242937782902,-0.040959906011416546,0.008430091043936444,-0.009074533927279412,0.0333180749601467,0.04189179680025341,-0.0674056536927011,0.052536739711176964,0.12714259081750168,0.033356804476798396,0.0014337223177864034,0.09844542452810022,0.033518671934405296,-0.06506845101775005,-0.06927626522315017,-0.006034291797308254,0.07629690960990915,0.038105738265096736,0.07747751389006227,-0.027184656626863854,0.0607967268372537,-0.06713073429450217,0.015514995686747026,-0.002876230088117289,-0.010667071466199581,-0.04962396021594246,0.06865179347045741,0.032281072935957174,0.009996133832438386,0.03304229378731927,0.09182635148567993,0.0372407026628879,0.03759955208948422,0.04961421513548633,0.031150515931720968,-0.0019665118085293934,-0.09625374929941209,0.06302755708753573,0.061098725419231,0.053052441160925445,0.012935499105451984,0.03992808116637509,0.05975256558175534,-0.07139124108292194,-0.06425430831146953,-0.045411065478519676,-0.05629108741043272,-0.03931798719959443,-0.019805246907429658,-0.05294024113585752,-0.015438047631135774,0.09684646543770976,0.054627820630500507,0.06778474843325569,-0.0034509720825332637,0.08365066992801166,0.014223198485091397,-0.035475230039667294,0.036209506485725095,0.029493478742529763,0.04450141683435794,0.027586219535703043,0.08717396255561495,0.017006432011345725,0.04951620523141037,0.053850312316828526,0.020447913497991042,-0.004868868360355491,0.028037724504360238,0.05443380932987972,0.01694390391865446,0.02781999640351587,0.041321808280791676,0.08768711976639107,0.06275720576594047,0.010573242612286787,0.011181265164559352,-0.0062695616909793535,0.03285784447081134,0.03917011353936663,0.023991507546689488,0.03151430564137419,0.005591552824884562,0.003836112005357295,0.033184139400995995,0.11595714289838267,0.026121857176414194,0.010693708150426482,0.0,-0.02564003162690011,0.02286981622064242,-0.020996108286856,-0.030501127272959568,-0.03346734703498587,-0.055494297333184096
act_generic_hrs,0.14594581042221094,0.11038567897132541,0.08351939389836732,0.14339208837825895,0.134243980153545,0.08137042890491941,0.16421074955787263,0.07501441122539176,-0.05062925596122772,0.03314501291427627,-0.04108537408635728,0.03416065520410952,1.0,0.11562834918925154,-0.003649236218167979,-0.07823210640510514,-0.17363306584779922,0.035776266227216205,0.05969840297730498,-0.16558143164585545,0.058616296908487714,0.10126476700929643,-0.011656688062648564,-0.045760493954915056,0.12173388519563816,0.1242394529245865,-0.016609159041297995,-0.10050675296181655,-0.07253791953305122,0.10761052011342757,0.23496028598926025,0.09693179646078717,-0.08380085053351995,0.11512782422538813,-0.06498399481323569,0.013591137687324386,0.0746423854541602,-0.024192897211802428,-0.0577992704296201,0.10084175171477248,0.12700353879491477,0.06586678101557127,0.07146090511720643,0.141882224761991,0.07286572232144581,0.037612718788196,0.005892374571268767,0.06742863986203662,0.050817782205509955,-0.25722842884307595,0.0391827762937694,-0.005354681504200329,0.1391874324367867,0.1191701955522452,0.0051148600217204975,0.09858901543579156,-0.18869492768918916,-0.13336146057284026,-0.1544134430032089,-0.1979766103253973,-0.11395028907204181,-0.15765080106348453,-0.08747796305687462,-0.14297220643353645,0.13129326364254487,0.06613582456260293,-0.007967495139082825,-0.05986153874351506,0.05276161338589124,0.006197442895254573,-0.024006422394532875,-0.05180973779905724,0.05001241845838925,0.06935601976036566,-0.012378645106743514,0.042570463674325106,0.05470967146840323,0.05411587023947858,0.08553298178851929,0.0332883774782411,-0.01850001275251374,0.03602890285825744,0.0480846473119783,0.03468946946225685,0.08113902455303207,0.07922972696125515,0.11572713105290992,0.10365447784810262,-0.01265173871356209,-0.008674877846302258,0.03743414384428144,0.1105247401477919,0.048346797759266355,0.031235652000255975,0.027175249093523483,0.07309648222410776,0.04319875176368883,0.03277067058084268,0.14209556317079028,0.03737105850004684,0.0726820797695528,0.0,0.004438926697758856,-0.09796269177746082,-0.1526056897303448,-0.07255375500605726,-0.0601802912565969,-0.11433383934106353
act_running_hrs,0.04502721962353106,0.07840040302945507,0.059325961898671606,0.056507188713087866,0.060508196992748876,0.03558747371056253,0.08212933360527726,0.05754621454679185,0.009215701146302782,0.040720026880151965,0.014378039796124795,0.01643242937782902,0.11562834918925154,1.0,0.058390446232401895,-0.07370461367882737,-0.08021977585464479,0.03562267231742092,0.06664830418773769,-0.06801829241853602,0.03616016499189052,0.07985965865777538,0.028433872771962927,-0.017394486898850935,0.03241610760456586,0.07673834443707635,-0.009152900289292306,-0.048840435980159656,-0.019835620199358164,0.045719272245473015,0.1397605244538182,0.04775107836563483,0.005623633678235384,0.06549083030124762,0.05575094201121388,-0.015558367209136854,0.013036017597166669,0.01711434885708526,0.04830908526089481,0.03505522417595359,0.08583089655641057,0.020654306261921274,0.03809041569375761,0.05105050958834378,0.07028317239462932,0.003703801951193949,0.001893200320315444,0.0685728339829369,0.08542044864770895,-0.12448983177354801,0.0787445658391794,-0.027689527617253913,0.096313792459506,0.08585631027634537,0.008389432259532289,0.04687249048541077,-0.09433458134769943,-0.06504706417543665,-0.09399159004334909,-0.07131517031088046,-0.08372617980280438,-0.11326234659222509,-0.042538116390088615,-0.04778328918165412,0.08561490109209494,0.0376571293230278,-0.044056058168874916,-0.05545320651544914,0.029873610227978672,-0.03776482809045082,-0.023100913369706797,-0.01799494989015188,0.04582253533110257,-0.0023706365654449493,0.007312756654838563,0.05413919342230259,0.03268054449871674,0.036705857003995486,0.010083107050566031,0.021988928352847454,0.012769048157746191,0.06594747012079917,0.05104579220597504,0.04135522578217664,0.025181788363679153,0.04003445936281179,0.025814158031081953,0.02147117158583624,0.05543090270632289,-0.010040758123103307,0.021879840515259315,0.03729883704748755,0.020654699684144892,0.04254456891538065,0.04052443331691918,0.01354388945686689,0.0065439551644204345,0.024150649667425826,0.03635635684725054,0.02380386020752026,-0.013912256089401843,0.0,0.20262916372825365,-0.20119336036294352,-0.02608208148574436,-0.02978757102518974,-0.033051043160349194,-0.036270498393970625
act_walking_hrs,0.2769644974511685,-0.1667836990459367,-0.025389170214072172,0.21398712412501975,-0.17829764718472307,0.43797772208809327,0.23379258014115534,0.40410625554798163,-0.09046731532100245,-0.05409042935872285,0.08866374739070859,-0.040959906011416546,-0.003649236218167979,0.058390446232401895,1.0,-0.6140601393731372,0.06684649723736635,0.06704125663869098,0.07038502697415704,0.1224104165412099,-0.019872781379617385,-0.08635209766543393,0.0725030258282438,0.04659615320876492,-0.07356630431723928,-0.03174651535930862,0.024769282834771044,-0.029236116841119705,0.09151980278029374,-0.15053041975186843,-0.003139282807829675,-0.04971989215239995,0.09329941694488675,0.01851016854361582,0.06943606390007102,-0.010923157881132435,0.014277495814450187,-0.07344259850876618,0.04091744024770796,-0.03757628042560121,-0.026390038489748694,-0.04931278768982128,-0.060924105161412154,-0.08365136281705142,-0.01470168023919641,-0.01931409307241576,-0.0012634625833581284,0.08303044034345519,0.012469914591911865,0.05911926530499866,0.04499886814360166,-0.06364695957953051,0.03181628595046519,-0.008728168582269304,-0.05428659074605167,0.03742225879039951,0.03727112105681181,0.019295305387349033,0.037761751415055944,-0.0071641289177147675,0.0349915476192914,0.011551374937991077,-0.0059816111171931115,0.012485854810032627,0.10441913134744554,-0.040481446223677234,-0.17981127372926403,-0.18183233151644876,-0.040951722513528604,-0.01815837340619535,0.10934063375307472,0.028291076757226117,-0.11006797768177673,-0.1908374371491641,-0.13276216081243838,-0.26292813430234374,-0.02935195578854841,-0.07412506456018662,-0.12411610015110819,-0.036850220883847394,0.08045115101384703,-0.0688501166935123,-0.012746703457401008,-0.12977491045948683,-0.09014193352676533,-0.11964096530547587,-0.22944869326398168,-0.16139238393971664,-0.023902484842866858,-0.06436827987531911,-0.013824297893533104,-0.1603699539537743,-0.1392477275278414,-0.10349090792294427,-0.10209437637430953,-0.014257813196819147,0.009325792441803987,-0.11939417563203501,-0.20999087795989863,-0.11105708274302442,-0.08398716695724713,0.0,0.11560773676656683,-0.03833365549797622,0.09930570656791278,0.12507745848974686,0.06301437551930454,0.06071722502157009
act_sedentary_hrs,-0.4216636416530274,0.07472378684443193,-0.021214882404053812,-0.35731394723558946,0.10582826389401905,-0.5531914568158851,-0.3699390634928707,-0.5122752942810268,0.12263435842972853,0.0321072895824387,-0.024100476160459305,0.008430091043936444,-0.07823210640510514,-0.07370461367882737,-0.6140601393731372,1.0,0.0664435509071702,-0.07149247978603993,-0.08948337428122226,-0.06782685854523117,-0.03392640741795895,0.10029827558733499,0.010255084311926005,-0.007945556039414187,0.013527323448351511,-0.016331327692751686,-0.049948204090580296,0.06853478010964077,-0.06869027748274822,0.10325224946714882,-0.16246505230481847,0.0034531026183015913,-0.019614173661732504,-0.08496102599164285,0.0022120304151189295,0.020878095119258363,-0.1662524904888096,0.055536429230352916,0.014053513168765285,-0.004970094418460431,-0.024818352677759822,0.018394101231795943,0.05703990781876634,0.037746776814314806,-0.033023872082133476,0.014335560811686365,0.012341766810457013,-0.11179146434668467,-0.04236584210922599,0.05718976443127394,-0.07028044153001292,0.030673919249572877,-0.08448626422415915,-0.08451994231458505,0.029399029538025832,-0.04923640843111016,0.058862445827654035,0.03348531506843837,-0.005891184593881687,0.11226236868122852,-0.012638440964987936,0.03349815816941582,0.04811672420495108,0.0709551646794287,-0.2407090687336681,0.00605224298875836,0.1622799941143979,0.29307320896094746,0.038679626353255815,0.016794136596107526,-0.10430257254144307,-0.006419195568801584,0.09736353262141854,0.19345969107208222,0.17024511736715603,0.2607109133792333,0.02443434547024665,0.05980061577072747,0.09689597265107715,0.051490847804907675,-0.054999869868310465,0.08040590716008779,0.005805232542802257,0.14839660452033818,0.06718307487622693,0.05891092577820935,0.14616559413201624,0.1239057970343415,0.03598370391648947,0.05519789352836929,0.005882569077790776,0.09315480878853512,0.13130160449148834,0.1068112116498472,0.10587515558112845,0.021923547789694353,-0.029586088570154507,0.1342679046841162,0.13213740863836657,0.10676749450539239,-0.025669436727983733,0.0,-0.011498639663376525,0.044139053197124356,0.01280954702306971,-0.11977901743074461,-0.037725877179854046,-0.013896956164318323
A/G Ratio_value,-0.23841097876415865,-0.09241057027054699,-0.02408044821507166,-0.2069761865080762,-0.11840923279201503,-0.12567020120767625,-0.245852564979704,-0.1162769277682527,0.1279512766103096,-0.029274490299848296,0.11912264326618027,-0.009074533927279412,-0.17363306584779922,-0.08021977585464479,0.06684649723736635,0.0664435509071702,1.0,0.10586395220816107,0.06042734222720276,0.3624911224722212,-0.16273729549262264,0.11534482092571972,0.28149216111831793,0.20113618323682372,-0.07739993337398153,-0.1344754736736159,-0.01347067294075845,0.0999615069916057,0.1484579367161806,-0.07706175029945743,-0.6905051725550138,-0.15743063665457976,0.09141173745748624,-0.10781742444233895,-0.14502941182475398,0.07470480344357598,-0.33998780227318165,0.04322800881449647,-0.10807194177797622,-0.008353594403390329,-0.1273742442690619,-0.1809696703626413,-0.12424263873703893,-0.09358329797477041,-0.06322200208733506,-0.011500643914961632,0.04285090156720937,-0.055053190316176254,-0.00889024290286844,0.3036390516770991,0.015478428908735072,0.031941966096503925,-0.14293086200705848,-0.24769959421227372,-0.03780569651577106,-0.11324409519071753,0.2121404069707064,0.08087937129094781,0.0952266682402282,0.22554010007136063,0.05762047827221934,0.12042427356469339,0.11885913407696407,0.27981546784791106,-0.1005639211827272,-0.03009150094001251,0.08790216225817472,0.09826353992518974,0.10780651314316417,0.00890247058788669,0.01820382069565438,0.17298195486077952,0.045420113284345504,-0.011372283513241268,0.2096276475923438,0.05616476074599167,-0.026378832910275114,-0.015669383487454107,-0.02919668254121615,-0.028817534075464415,0.0708190961363919,0.010836873327007073,-0.014123882430533028,0.17666328313434604,-0.02767954150362441,-0.08316338409987581,-0.1178368032083979,-0.001882454454296493,0.04879472046271131,0.027969746843688453,-0.01841529750297663,-0.21724898053539973,-0.0055258785103415526,0.07670900744341332,0.015619290386092303,-0.04670025603231895,-0.027631346038277212,0.036220039621198484,-0.09152539281851838,0.029743142560976165,0.03192417773072641,0.0,-0.020652393600377884,-0.018832601278576968,0.28192926318032274,0.07537518397952635,0.039706616973336065,0.19181345848437284
ALT (IU/L)_value (IU/L),0.045042080029773696,0.055057603852575715,0.05924199683524431,0.060925550318805456,0.06450094915485063,0.06581748747695994,0.04850943748350632,0.061140198869929996,-0.003253301239790966,0.014679783120559793,0.0375502485302872,0.0333180749601467,0.035776266227216205,0.03562267231742092,0.06704125663869098,-0.07149247978603993,0.10586395220816107,1.0,0.11030660194567377,0.010927718905458959,0.013700176338076695,0.14796538960066485,0.10495900233829587,0.06010183443982108,0.059512470469115016,0.012532606567862392,-0.028100486880081394,-0.05441076630752121,0.013295408749196063,0.06199370427507801,-0.08275493895435508,0.06666474800787218,-0.02115545313272219,0.07038635597516862,-0.09654463578770904,0.011955502085551715,-0.05941696177698285,-0.0417850226723677,-0.06057872094140495,0.06962889723956996,0.011700565482836853,-0.006082200264936082,-0.007302214567909302,0.039659078594033004,0.023815293310162397,0.03442459464581589,0.03115110200469865,0.04138227509656351,0.018510158062419676,-0.004106320111799032,0.03004068859493463,0.05441063018340481,0.03622476419312668,-0.04816058527009343,0.028469058329837767,0.009287417002589227,-0.022925876986274546,-0.003724117276985759,0.0011362460544586499,-0.015115956263502785,-0.03314759954961361,-0.0061834694394675175,-0.0038346354987567163,0.029194862343214004,0.04874469207970858,0.04456168904533767,0.04083442327383119,0.013777587361771636,0.05687652443832147,0.0069921611062414,-0.008934225148752606,0.011203193365115492,-0.0049950776367291725,0.0060218308522191726,0.04529749203354034,0.015395195559631855,-0.008448761317752526,0.02061685532934143,0.03816404629662978,-0.012909983812573016,0.0008420967345299826,-0.019235305863677766,0.03485415720822415,0.0203066561010959,0.027868078999928613,0.02727089074255187,0.041748590564215184,0.06002113777869334,-0.005917415467316778,-0.0013647815735003126,-0.000240819856814429,-0.007322097267352064,0.01618899849135707,0.029868765400231125,0.003470004364315191,0.0024306162015618566,0.01571895275639364,0.01920297147004865,0.057592534391909554,-0.00740685762434287,0.027203296596327493,0.0,-0.04904491428674779,0.02580164975174204,0.01595430356573988,0.013219674432861898,-0.00548024475692913,0.0029951170341118937
AST (IU/L)_value (IU/L),0.0011628237750510354,0.029410105112625706,0.04668707395995156,0.005956377307091015,0.05097452431808504,0.08128215390947864,-0.013757147549811029,0.049679752726758654,-0.007382018642111842,-0.01725696113767924,0.027141720707291147,0.04189179680025341,0.05969840297730498,0.06664830418773769,0.07038502697415704,-0.08948337428122226,0.06042734222720276,0.11030660194567377,1.0,-0.08890670858496823,0.047703246749962604,0.12996273547554568,0.04130726826452756,0.08111688546027714,0.050444836481255494,0.040875983146657864,-0.048212207599629235,-0.05846601377169802,-0.05078143864105106,0.09190426995253274,-0.015064150793026646,0.0629381126598459,0.03108475112839718,0.0657128306192221,-0.08599299639314573,0.025087068533531875,-0.05783582375916903,-0.07902074203566421,-0.014489403367211284,0.09267351798318507,0.058115677080824914,-0.01680895013462577,0.10519328381560682,0.10082542164533578,0.02303099015014888,0.09813666833169071,0.05407530586612582,0.06903486145620547,0.08187472144238468,-0.10314435837914236,0.0771111673781292,0.0765369960200606,0.0647539932542857,0.054733749237269924,0.06369582132979049,0.08410868474051596,-0.07964358236415954,-0.08765183603457381,-0.06072207038599475,-0.056592692083346885,-0.06902341887996823,-0.0575348991535347,-0.03768172615839036,-0.03257437745067205,-0.013998880671533912,0.04379487653540977,0.041753102178298356,0.09759645074198633,0.0356192986533467,0.03557815899107546,-0.0045712408438827795,0.08071958039710692,0.04692957207090878,0.014866674515582552,0.05957563376135429,0.037020049841994564,0.022182754673354742,0.0277235086126316,0.014767611530555442,0.027247904109337175,-0.007833786592010302,0.013412289986639037,0.06612283354257273,0.06728346674420435,0.016884963213995935,-0.020472635643802875,0.011289515831897376,0.05240863080901595,0.036840127353979776,0.05934731277222979,-0.003216997994753468,-0.023035964113359116,0.0482724730882971,0.0627809996306529,0.031156827871196533,0.00331122320410204,0.017452908037088353,0.05809007262332687,0.01894006796895327,0.036328715007560804,0.055954361875350724,0.0,-0.08797395573205219,0.02807536869947152,-0.024794408592031948,-0.029485390101508063,-0.02849365289053521,-0.05449593293913189
Albumin (g/dL)_value (g/dL),-0.09071947581975588,-0.11819034052353646,-0.11928395822144312,-0.08303132387757882,-0.23965107772799432,-0.009151836522997394,-0.10395353312891789,0.04016548353969309,0.14390305094527142,0.06523085698153372,-0.0037652635351724663,-0.0674056536927011,-0.16558143164585545,-0.06801829241853602,0.1224104165412099,-0.06782685854523117,0.3624911224722212,0.010927718905458959,-0.08890670858496823,1.0,-0.09396222182763637,-0.21448128509434863,0.03835134889096031,0.06081934964456518,-0.12304796492925549,-0.1667651521365625,0.34633678066760326,0.22328671738688974,0.2718062854630698,-0.21819323956918762,-0.17265024569449633,-0.17121066849817837,0.05021437819072203,-0.09292951561453397,0.23322513692503477,-0.03119370569482991,0.4088021991002126,0.2553327692856452,0.18465448145386446,-0.09289828748184319,-0.15850138243287662,-0.08356672914558103,-0.16142774492128342,-0.2716629641571008,0.019752053429865815,-0.08375300635476382,-0.038598636674904443,-0.1433238669741464,-0.0117917321657468,0.39783747083478677,-0.03286552240796124,-0.07820702676892387,-0.1532975288793652,-0.12997634765669294,0.05086703217482248,-0.1272213265007724,0.23954514401109936,0.1512133661230715,0.19232979632426195,0.18116835152297045,0.14699721842894367,0.21589944877847458,0.15781897275829967,0.1607755042911055,0.19301284609444902,-0.07140552985635074,-0.06869752517932198,-0.1902955192201538,0.10916330536550636,0.06168490240679403,0.06296518201909593,0.1536520880118451,-0.08569301135871499,-0.17466888591131538,-0.04173862828187318,-0.1888647848572563,-0.05537739801830837,-0.09326900578426335,-0.10673400974461184,-0.11071959468221736,0.06473190302531268,-0.06605438652730615,-0.08300639511144525,-0.0818946311896081,-0.10884866606796068,-0.07442776956097526,-0.14504884378299795,-0.16235173755699758,-0.017991947780872125,-0.07887447910662451,-0.01602407035335722,-0.14431215860157778,-0.1616128313183361,-0.09357610041674534,-0.10038688905801302,-0.032817244908815574,-0.0407885377504484,-0.09940931853795519,-0.23075451014439285,-0.14502283020674583,0.11860732669290751,0.0,0.027510739571249405,-0.16987198714419194,0.20760597840502268,0.19467447746383373,0.11475556881451317,0.19056618676307116
Alkaline Phosphatase (IU/L)_value (IU/L),0.10407674991048517,0.08048818575620308,0.06593595391025993,0.07988046410122054,0.07927641757554842,0.06392362604762046,0.10410154972712864,0.03964983878765531,-0.04323492940139401,-0.0037364241062472076,-0.041492937444497675,0.052536739711176964,0.058616296908487714,0.03616016499189052,-0.019872781379617385,-0.03392640741795895,-0.16273729549262264,0.013700176338076695,0.047703246749962604,-0.09396222182763637,1.0,0.08029616775632087,-0.05040428758456438,-0.07101079971715372,0.10298187462458727,0.057224692607569835,-0.012017815155875135,-0.09080486527458337,-0.10304236645334465,0.09918090912034758,0.19335285597233906,0.09899327868071321,-0.09288452005865587,0.11215619851402624,-0.02236273767191835,-0.02996206259694971,0.08190731713083009,-0.06262352543090144,-0.03136313618694482,0.026821934899708473,0.05517786560436939,0.08087582814187382,0.03450608010487063,0.04708857501877326,-0.0024684018462079846,0.050083036891665086,-0.04569043723268053,0.04889466618319623,0.0008460952401383988,-0.09596162966720427,-0.00896347278182722,-0.008048652159323495,0.06592581182573992,0.07323073672150675,-0.025521495135911273,0.031762311976050575,-0.09590773542427189,-0.030474912625938076,-0.042896773468029274,-0.09365114844285768,-0.03402346052087546,-0.05415906137267974,-0.01675705743884452,-0.09851724287738697,0.014967226726153986,0.03784390952127974,0.009252727189097433,-0.000834900088337264,-0.03634111482111748,0.010512019439084168,-0.028476379396287027,-0.0830409891427682,-0.007737091269407445,0.01708441028162141,-0.04288649296866247,0.002022165150652786,-0.011230269881596058,0.02095726954615877,0.04572747172173468,-0.004293946580167191,-0.009450583208123732,-0.00584593009417868,0.004824022359708159,-0.02959957006138993,0.03003841323318027,0.06949330923225587,0.09882657098559411,0.022209629558753493,-0.01645523462222816,0.00035868052696491,0.007086020287083527,0.11196986004173906,-0.017993943954021048,0.02941396489784537,0.007898625660487926,0.006433198575356274,0.024940126601868694,0.009126340047583063,0.10823860401402655,0.001957117925094271,-0.02147087757792215,0.0,-0.02872512849463099,0.06109359783540808,-0.07959537469024405,-0.03959900446502294,-0.02872515901308776,-0.04146372493503039
BUN (mg/dL)_value (mg/dL),-0.052007713353629345,0.2666001974790596,0.1836890796929478,-0.01677904556123436,0.26674281258170934,-0.08414928921335024,-0.023566937644824232,-0.09394882570910133,-0.010996823046529006,-0.010017785989348367,0.0066619593542014115,0.12714259081750168,0.10126476700929643,0.07985965865777538,-0.08635209766543393,0.10029827558733499,0.11534482092571972,0.14796538960066485,0.12996273547554568,-0.21448128509434863,0.08029616775632087,1.0,0.2988623329856879,0.05357097908325792,0.2531189574919095,0.08258297699762686,-0.18929084952854605,-0.18943038096948225,-0.07147628012248076,0.2861809025948623,-0.12360128208635839,0.16304927078091924,-0.16491293271225843,0.15424425171490058,-0.2226667875234383,0.025471856987085234,-0.24565662994738932,-0.06732323723797343,-0.21654613378954113,0.1654461380305826,0.11164043011155146,0.03042682582189814,0.09570267093786584,0.2893421511026118,0.054071268430478284,0.06884083130867336,0.0456366367368052,0.0994554215480429,0.04593299770056868,-0.23315429846079633,0.05064012133640656,0.0352143929578385,0.10953841378983,-0.020634735468896215,0.022216063081429715,0.04821063144955377,-0.23994305474861466,-0.12250208306523035,-0.1474171871922453,-0.08021874337431252,-0.14021140726204487,-0.11256764864333124,-0.10051614438041762,-0.008134887069998679,-0.03022993183190394,0.14547462275249406,0.19406763075905115,0.20648323537358104,0.145014153205701,-0.06442315946743489,-0.1241710098398069,-0.019953419508737486,0.1386125175435683,0.1506220876770162,0.22875247086673037,0.21950283051250224,0.016697758924735007,0.09222635186716117,0.1578183731899266,-0.05253283780651953,0.02455508003172897,0.0030549567815703125,0.05722239228765563,0.19507413533099408,0.12945672253698434,0.13578668638743607,0.23486378296383806,0.20264137002200922,0.011237767982940511,0.07122667973195441,0.013744953558145812,0.04156281452104212,0.03826953906599747,0.18145398677780628,0.07380427675499024,0.02292381615631402,0.015811024034984824,0.14532296796867605,0.30649293151484025,0.06261429459192343,0.01831074888110261,0.0,0.02812681268055598,-0.04911667283438528,0.03459935112286475,-0.1633543827437853,-0.13418642336636113,-0.08038038694609527
BUN/Creatinine ratio_value,-0.07193931937168055,0.008333422441268005,0.047827914696842284,-0.0806689331669006,0.021209935776359625,-0.05814193498436904,-0.058977691488863615,-0.03281476353777494,0.00044378647673940966,-0.051883797017220304,0.0839415916922659,0.033356804476798396,-0.011656688062648564,0.028433872771962927,0.0725030258282438,0.010255084311926005,0.28149216111831793,0.10495900233829587,0.04130726826452756,0.03835134889096031,-0.05040428758456438,0.2988623329856879,1.0,0.11394945818005638,0.04215155151262675,0.009302032055809758,-0.10479233628230947,-0.11104380910864027,0.06676103780554228,0.01910313436805905,-0.28729122123057677,0.029127957232216544,0.006490547824991171,0.018533912364569787,-0.08493501774930107,0.07461633449967284,-0.2825139692453924,-0.05403585900185054,-0.120271232350608,0.001128871183129544,0.040722551244579075,-0.07212353278306703,0.048621031410960205,0.14152579921762734,0.01780740680342099,0.02997617422548304,0.0828736494369611,0.0549709885983382,0.02409566833020575,-0.06506156548765596,0.05782665841776363,0.042273096660353435,0.027026509238376763,-0.10172909581108765,-0.013512569097217115,0.00042006755757930644,-0.07745810560961813,-0.06481955136432187,-0.06905595591648334,0.011491310477681682,-0.04201790484705461,-0.05392299832210439,-0.09156132296134475,0.07428733213538972,-0.06232912913708201,0.002776603178668103,0.044679412905232405,0.0835853429128462,0.025541552265049866,-0.03923452228226487,-0.015897638344406627,0.024703706558657265,0.06288120331664385,0.05039157457985774,0.1528576240884007,0.05961226650363203,-0.036655603653149675,0.024182306324939815,-0.004434621933554792,-0.03002337899893224,0.048131502394938276,-0.030343389774963887,-0.004759600947530384,0.1419189010359402,0.02562851627273023,-0.030833648295539588,-0.03338354883647628,0.04463585191526926,0.011039248524612725,0.026350066053069738,-0.0008917158473772789,-0.11621698434165238,0.02590976813301278,0.10033808480427726,0.03609680655394395,9.127495173007053e-05,-0.0016174607772866788,0.04838469018484252,0.041977766486207276,0.01643516551856063,-0.12681919324482316,0.0,0.1423195256058609,-0.007547215056004477,0.1415443647497896,-0.08208567179845568,-0.035010351553678244,0.000334003526698252
Bilirubin Total (mg/dL)_value (mg/dL),-0.17597031971822383,-0.05046857713094763,-0.034471741971090396,-0.13126460927535158,-0.04683585050740682,-0.06118855179474371,-0.1742160057468775,-0.06697029055101768,0.10206389957145294,-0.02873064285459141,0.09488095118066374,0.0014337223177864034,-0.045760493954915056,-0.017394486898850935,0.04659615320876492,-0.007945556039414187,0.20113618323682372,0.06010183443982108,0.08111688546027714,0.06081934964456518,-0.07101079971715372,0.05357097908325792,0.11394945818005638,1.0,-0.0737427642889297,-0.03225210846267715,-0.020926481733402672,0.03914113929183921,0.0806227935570518,-0.0022153002100465395,-0.19328798045661677,-0.03191349869719504,0.1119951029755481,-0.047689241788493236,-0.0692117307122167,0.058267716096882236,-0.08273095114310773,0.03990854432934761,-0.022945493794727427,0.00784257811694681,-0.03582591938487017,-0.03975852069072231,0.010964808174666541,0.04738914887908155,0.05988991109956396,0.04402346838427149,0.10624651813052519,0.028726908772592923,0.09152088200441878,0.04221160186323387,0.07885547599811611,0.088899570642172,-0.015870321766114363,-0.041637954440426186,0.07485203398167645,0.017712259276057452,0.037388390277600776,-0.012145584769799676,0.007295950412646585,0.05399990999867499,-0.0024021009806965226,0.012031244860424216,-0.03137071726208689,0.08278738585705298,-0.12083302519289302,0.054652294869673115,0.06997423312407912,0.11954359222496173,-0.018268550404925442,0.030326264333959026,0.04207673285375572,0.07498161497794492,0.016956926597143804,-0.03998667738690771,0.06241624077455986,-0.00989630504457506,0.0011105530050818926,-0.035425057146698725,-0.008213596172557232,-0.012853294726635468,0.03866136420334181,-0.03667112650933945,0.026087778456676373,0.06785075892984847,-0.004543694905004518,-0.09593961259691225,-0.106978741800165,-0.01774149213066479,0.017140570245958157,0.028025719230654313,-0.024488639171996156,-0.13216526464890108,-0.019042997755583033,0.05098958585605803,0.02172221039219291,-0.025314217607579147,-0.019599661805345513,0.01500152793065417,-0.0910500084040595,0.0016399451987720594,0.11103775580693848,0.0,-0.08272381863101473,-0.04176148995247197,0.1228956855356701,0.002251478332972857,0.035826940743718116,0.05223060565543313
C-Peptide (ng/mL)_value (ng/mL),0.08813706816304093,0.20899705306244062,0.1441032189575101,0.08487818240822868,0.1901423250317333,0.007684927941091217,0.09504057789284526,0.023043353380960786,-0.04612174227905207,0.05202541096751646,-0.07746272034329768,0.09844542452810022,0.12173388519563816,0.03241610760456586,-0.07356630431723928,0.013527323448351511,-0.07739993337398153,0.059512470469115016,0.050444836481255494,-0.12304796492925549,0.10298187462458727,0.2531189574919095,0.04215155151262675,-0.0737427642889297,1.0,0.09937149091531533,-0.05854798504557788,-0.1459098295493247,-0.11028513112814685,0.19311898283923232,0.11462330794868383,0.16647621002723337,-0.20254701580506432,0.1800180201686244,-0.09733958235954959,-0.06509098611569641,-0.03689619671165082,-0.051063004568297446,-0.1092993233170942,0.1154212777682328,0.1241874702693426,0.06871420489686193,0.04402909733486512,0.06246162134211177,-0.006394287056632561,0.01714926908488902,-0.13102429991544537,0.0455900784259034,-0.05410488469851405,-0.06567432209466768,-0.018513190029019508,-0.06351647894790609,0.0641858441988217,0.010142332769654752,-0.03908205569245756,0.022951485131103008,-0.12791948962535715,-0.002301725017551071,-0.07195519456585166,-0.04946443349152544,-0.07913994801099522,-0.05624136907869993,0.06317797483230682,-0.06433545213396198,0.08670073873976186,0.0623849264897895,0.03999120545177076,0.03675473288072327,0.10331626288258329,0.001688697217021478,-0.0789564692994666,-0.05828091927237203,0.01884885213936961,0.10040990707994261,0.04247632618322581,0.10431726280006005,0.026875507072607167,0.06833353839775212,0.07857840030389167,-0.05027761500501461,-0.0068213833372992045,0.0024200765121024175,0.022989709363519188,0.008506390793215956,0.04987596692524749,0.20663042717038438,0.23363496550332388,0.11250912874216294,-0.04406324648630161,0.026689955415267513,0.017782403503694456,0.16499322532303756,0.002116289439239674,0.03224612414545678,-0.02388104895452204,0.008654478361520944,0.002671161649057704,0.04480210064321999,0.22866865670898542,0.023695725211832348,-0.028671727418461718,0.0,0.013072399808717973,0.01244763484678372,-0.060090554375756666,-0.0166395160626474,-0.06675350682871532,-0.06122774050552648
CRP - HS (mg/L)_value (mg/L),0.07295561038605468,0.11563710130562353,0.06399086712010515,0.060081949568531974,0.1182487183948234,0.036195020551052365,0.08233294411312278,0.04432319762976119,-0.007343693279930435,0.005765972162593023,-0.04576646513351527,0.033518671934405296,0.1242394529245865,0.07673834443707635,-0.03174651535930862,-0.016331327692751686,-0.1344754736736159,0.012532606567862392,0.040875983146657864,-0.1667651521365625,0.057224692607569835,0.08258297699762686,0.009302032055809758,-0.03225210846267715,0.09937149091531533,1.0,-0.04167301680944939,-0.07388329820956478,-0.08357021875704962,0.08857133787219813,0.1570107345211562,0.0913489052083897,-0.05178299498574554,0.09438111128540232,-0.031174435807387393,0.00512198581191721,0.011651464694388504,-0.04543761949764165,-0.03021549031972969,0.05908413292768155,0.06361094883935582,0.044507466062062004,0.08826684711387074,0.08363433006749563,0.044270723439037776,0.028721233304475294,-0.0195133994867279,0.04784925242439504,0.027057911398589103,-0.14432696114039295,0.020725512822960125,-0.012060528512648614,0.11787579732669114,0.08867282784677452,0.003932349670001572,0.05676661597783828,-0.1333133082487465,-0.06589945680337227,-0.11796297832571893,-0.09457154132953834,-0.10801617859787226,-0.08661487690022167,-0.04302702642128676,-0.08240599766116806,0.055847637593008356,0.04015529822684785,0.016397079066299242,0.009806514881335309,0.021538795470787207,-0.0169697737095086,-0.05648200687498617,-0.05082201202907696,0.034529276237579946,0.06492543050492494,-0.003173178072808109,0.08470043819282282,0.040376977286464964,0.05041171069504485,0.060440859776559434,0.019469983072974317,-0.022733298382114655,0.05060187397168561,0.062378626676265425,0.00780309560474053,0.055032788821519796,0.06794060455731186,0.10209343025898264,0.06624374360690069,0.00394668472284454,-0.003615321164637885,0.014008427518594439,0.07433535920526702,0.0764370601146039,0.04492054758759845,0.012222867032073282,0.029402805837730448,0.004204053296115326,0.056446957418923936,0.09811054107076721,0.03845349752646003,0.04503941952208071,0.0,-0.014143001601423644,-0.04016748789581874,-0.11766009184424134,-0.04447383935228662,-0.05212022943287426,-0.09232474176593286
Calcium (mg/dL)_value (mg/dL),0.023544099861570196,-0.023286513645577614,-0.04409249558749832,0.03945295058944871,-0.11961035798794738,0.050424435582016314,0.01932830550684071,0.06565604155946779,0.05071562769514914,0.023339828754810235,-0.04769201721674011,-0.06506845101775005,-0.016609159041297995,-0.009152900289292306,0.024769282834771044,-0.049948204090580296,-0.01347067294075845,-0.028100486880081394,-0.048212207599629235,0.34633678066760326,-0.012017815155875135,-0.18929084952854605,-0.10479233628230947,-0.020926481733402672,-0.05854798504557788,-0.04167301680944939,1.0,0.1403186998727355,0.1028065900371632,-0.1507122628851142,0.12895942034044036,-0.06224553995148458,0.05655772708096957,-0.029627483260864496,0.21615352814896843,-0.04256883356005925,0.35284959485880457,0.1566186250069286,0.2018913916350564,-0.03796073817756121,-0.03175855923822926,-0.0013445617638692946,-0.05700007259918851,-0.1695907486366684,0.04044259344089199,-0.05587864753858405,-0.053883975211506945,-0.04665536930236538,0.008532418883488697,0.16245079919573374,0.00900702273679333,-0.06680279043885005,-0.049973637689950084,0.014346954217432225,0.04355347692107761,-0.04814679157360824,0.10880191242553497,0.06929368097594973,0.08302547780345114,0.016223438556728878,0.08221586008439014,0.0739813774890751,0.10680358785307503,0.00951979723147805,0.15464270048606968,-0.03797534188476798,-0.11154242462851982,-0.18849590147655226,-0.013470566559631797,0.01646081389822544,0.06591946828392449,0.043033212751115095,-0.07232727041195958,-0.09262379591188961,-0.09715681869003756,-0.12953203490164902,0.020052401448832972,-0.0442879758242784,-0.06493373907086764,-0.03327739313670909,0.030089475166445275,-0.01152826361578557,-0.02998534220511329,-0.13200615580897468,-0.06700206960351751,-0.0153870234504867,-0.052989573692117924,-0.11284870853870356,-0.0065638108598200665,-0.042862998800697535,0.0026639638477367134,-0.007415981619738208,-0.08158908749868468,-0.08402846343362672,-0.06374914273204399,-0.019595198408832646,0.0007123158001930191,-0.09583368558814195,-0.13016540563161158,-0.06578356708359687,0.0858208981946706,0.0,0.025326872282352447,-0.12556269355244998,0.015559011355090399,0.11459308723593062,0.07905131777115622,0.06866916745405245
"Carbon Dioxide, Total (mEq/L)_value (mEq/L)",-0.1846034295534692,-0.051003718566454304,-0.08701266053773427,-0.1226649778559564,-0.14439004984179254,-0.08362377546463158,-0.16515424607496101,-0.09777371674597522,0.12608543905004369,0.03969326927901175,-0.013763993406696316,-0.06927626522315017,-0.10050675296181655,-0.048840435980159656,-0.029236116841119705,0.06853478010964077,0.0999615069916057,-0.05441076630752121,-0.05846601377169802,0.22328671738688974,-0.09080486527458337,-0.18943038096948225,-0.11104380910864027,0.03914113929183921,-0.1459098295493247,-0.07388329820956478,0.1403186998727355,1.0,0.026554222313687523,-0.07867241939121102,-0.06674919351552733,-0.10190975163783508,0.16658709343808728,-0.10603944009964092,0.11185390490035062,0.03079438807825173,0.18504474383538552,0.1929706229250732,0.15875717788497243,-0.02554645621974804,-0.07008655881860837,-0.009447386613718942,-0.06488619674420049,-0.07884073307296799,0.1376010257573389,0.005697694494640638,0.043222792883283005,-0.09081308722654843,0.0808265574226318,0.1465429529607185,0.022893393445626894,0.011901682125215309,-0.06905215994518267,-0.027587258764448345,0.04951504132814021,-0.04750034109991631,0.13406663229062227,0.05309529274700816,0.06052711014167652,0.09123601774209515,0.07087016160829636,0.08129281640382519,0.0643473701654034,0.06195737788637394,0.018286249617170222,-0.02283576879162876,0.10946219618274197,0.057000405646696145,0.1156726811736891,0.05659318062967995,0.045528467564643474,0.1198199175516476,-0.01185427102584905,-0.0729620494722849,0.009255675620213295,-0.012164860704637454,0.019576659715291916,-0.07797840608184033,-0.05359180313471397,-0.0006194722588247121,0.018213118395025783,0.02377435642344576,-0.03912079529799941,-0.0006241232105801372,-0.03175393802485489,-0.0903003448116434,-0.10992714056728413,-0.06834684961160789,0.05455723468356941,-0.043306721062683386,0.0018757576661059734,-0.06352883855979337,-0.009807163699876418,-0.03875458519254113,-0.0015217215899442273,-0.02765455106964454,-0.023767924767384107,-0.007830331512265034,-0.1498914086274993,-0.01702765416420358,0.23629813394151544,0.0,-0.08456709458604833,-0.17807072340746008,0.08347841269034005,0.06278108826984274,0.06122608398358574,0.0843924794518573
Chloride (mEq/L)_value (mEq/L),-0.08193007378364398,0.017396069994158377,-0.08008287659112802,-0.026067077263744316,-0.07755819783032966,-0.03236940903852527,-0.051043775968343655,0.015374602864767974,0.1273633752238751,-0.061687438103871714,0.08396258165396478,-0.006034291797308254,-0.07253791953305122,-0.019835620199358164,0.09151980278029374,-0.06869027748274822,0.1484579367161806,0.013295408749196063,-0.05078143864105106,0.2718062854630698,-0.10304236645334465,-0.07147628012248076,0.06676103780554228,0.0806227935570518,-0.11028513112814685,-0.08357021875704962,0.1028065900371632,0.026554222313687523,1.0,-0.11645955675752581,-0.10668579283449234,-0.11089815127924017,0.10334087998124712,-0.07357589162246873,0.1403527869206446,0.08184928805884685,0.15533760232785906,0.29697252087317677,0.1338327954833733,-0.07013180039353349,-0.07809890663699354,-0.03955859405320612,-0.12180112040420926,-0.05710829683454465,0.14772566460658385,-0.021841472327505815,0.08912841156986138,-0.05455505260457975,0.08799078342032296,0.13770601427299772,0.0005836806778321362,0.06499823113004706,-0.09270508870267534,-0.09146822828952485,0.1337276913527309,-0.04160386617110995,0.09105812384207669,0.03196154257253428,0.07985952726187262,0.0701240288011612,0.0717290079410236,0.09385455248885562,-0.007577321554086448,0.09838643644480151,0.02006579492739807,0.01632035837803634,0.06664625323997442,-0.08659616503046369,-0.020675042571462875,0.01163940020939593,0.021211232859400086,0.08171870698643742,-0.018767173462710562,-0.09679582681488355,0.0076679664107022595,-0.09053265620225909,-0.012728229186976378,-0.06766208342092225,-0.0010829131772220558,-0.057999836013588324,0.05221790977638983,-0.023745289457630558,-0.030568149158877806,-0.03204675245015343,-0.011427606853390844,-0.06199425068899409,-0.1141802906882938,-0.07604112263835798,0.0012557146874448521,-0.024727036075293928,0.003377420234735652,-0.12818486173728644,-0.09631459714859109,-0.0026716944149177543,-0.06370059278899692,-0.02652207975388594,-0.017840140558312338,-0.04735654466493276,-0.12149342807332814,-0.09053310805713013,0.20186904975518769,0.0,0.010248824681840166,-0.24284716971394818,0.16321408134088314,0.05132376387509998,0.028988763274466853,0.07186464813189011
Creatinine (mg/dL)_value (md/dL),-0.007442497153031269,0.23205217710553805,0.14926054871096966,0.029705954846017773,0.24338264813126065,-0.027396665166398215,0.02438396973540409,-0.07298928307929216,0.00042126701561147925,0.03984761867811059,-0.06085586859732303,0.07629690960990915,0.10761052011342757,0.045719272245473015,-0.15053041975186843,0.10325224946714882,-0.07706175029945743,0.06199370427507801,0.09190426995253274,-0.21819323956918762,0.09918090912034758,0.2861809025948623,0.01910313436805905,-0.0022153002100465395,0.19311898283923232,0.08857133787219813,-0.1507122628851142,-0.07867241939121102,-0.11645955675752581,1.0,0.08277816578163265,0.16071764789641355,-0.11120498743447003,0.10645777517002751,-0.13010321220259363,-0.009489681145329542,-0.030038873809117267,-0.04035699226769336,-0.08627407147720602,0.13239260067571576,0.08030715804515606,0.07572034197665445,0.04548125063176503,0.1528186191227614,0.054232186773728285,0.04786322691595024,-0.008525988159102734,0.05978724782577736,0.04366594007765483,-0.1555686754654906,0.02363613323159802,0.02504583215926073,0.08210509613079406,0.030585325902701656,0.0008242322062400413,0.04046288119816826,-0.15336760086363152,-0.04841831415112438,-0.06420475222261636,-0.05113041831234562,-0.09417637755894363,-0.06046714729455468,-0.010275744950717218,-0.06298024517251552,0.032682571349901164,0.1136570968568489,0.1935194201475418,0.16226020413816894,0.1546052557835904,-0.003476511727190063,-0.13720531524895424,-0.03200677344798194,0.1025487809273206,0.12252412299746333,0.10901223395441519,0.18771964932873358,0.03415970885436555,0.06863695254339162,0.11165114094993847,-0.011714668036685173,-0.046823778416071604,0.04409326111600097,0.038270311665582424,0.09958185649702611,0.11628320806447208,0.15320019312811614,0.2612339845942194,0.16214327703322282,0.03661678355972937,0.03812732300103613,0.018845030702608748,0.150018756472202,0.0366386776463799,0.09408202242878627,0.03119577918507705,0.04450830086547183,0.023199221585914538,0.10830352974560607,0.2520911090638533,0.03317497071326135,0.13197114866451723,0.0,-0.094965229965571,-0.04267900471661793,-0.06551118663420201,-0.07189270625888751,-0.0641878699091648,-0.06896232554478714
"Globulin, Total (g/dL)_value (g/dL)",0.277505960664666,0.13716683377469766,0.033809804607039175,0.2428078594957918,0.11618255270148296,0.1836930235884926,0.2994158365300267,0.19265878066095965,-0.06071503465797632,0.08386060686411367,-0.12635027701035467,0.038105738265096736,0.23496028598926025,0.1397605244538182,-0.003139282807829675,-0.16246505230481847,-0.6905051725550138,-0.08275493895435508,-0.015064150793026646,-0.17265024569449633,0.19335285597233906,-0.12360128208635839,-0.28729122123057677,-0.19328798045661677,0.11462330794868383,0.1570107345211562,0.12895942034044036,-0.06674919351552733,-0.10668579283449234,0.08277816578163265,1.0,0.17507958045552094,-0.11703590023239657,0.15577516435373426,0.23451112603704208,-0.11499568403649872,0.5855496459798086,0.042523536695204846,0.1795467266273153,0.03792903396446233,0.15669542119968746,0.19737248172429428,0.13836092946358958,0.06856796633366186,0.08948246010794704,0.014212813517454325,-0.07617138707569601,0.07792485927516463,0.060363991417552144,-0.3004120397728846,0.0232753767069946,-0.07975435616790923,0.18607461358994407,0.2896809933668113,0.051576807925958625,0.14061838474118157,-0.2427351567029002,-0.08362545770592163,-0.08962141015479282,-0.2606486826351694,-0.06140544078143872,-0.14069259825626135,-0.08967116438927737,-0.33378227812261263,0.26521985719898084,0.059367379650455424,-0.12517248509298526,-0.23284569098124375,-0.05964935526383641,0.02546556962148514,0.0016137497561825706,-0.13953224217323212,-0.0413365937076805,-0.013402600186929698,-0.23921952187951648,-0.10616258104493773,0.04466745421693701,0.03303470346843295,0.02789701393870697,0.030885056592790092,-0.03038567064672004,0.013109487213626226,0.055510716742534084,-0.20145351341575748,0.017341255170969492,0.09589583398643219,0.12130503815826973,-0.005045337368185563,-0.04385113889365611,-0.038055959695047555,0.017523760336271493,0.23027780444531784,-0.023024788672660477,-0.07296067967470746,-0.038064445688539075,0.05359447951930411,0.020947592460131427,-0.06053591084844601,0.0892023723530939,-0.05885626198202391,0.009680291882091964,0.0,0.08480125738220749,-0.10444156571722907,-0.3201453620984318,-0.02892392763799411,-0.035181155127444894,-0.1964546092085787
Glucose (mg/dL)_value (mg/dL),0.13345765383267558,0.16189410505446666,0.08412427763106849,0.11569259030122714,0.16166617014711016,0.0424385069514557,0.15261068720062612,0.034917859537893864,-0.07307191967377613,0.03333390319457336,-0.03778962194246677,0.07747751389006227,0.09693179646078717,0.04775107836563483,-0.04971989215239995,0.0034531026183015913,-0.15743063665457976,0.06666474800787218,0.0629381126598459,-0.17121066849817837,0.09899327868071321,0.16304927078091924,0.029127957232216544,-0.03191349869719504,0.16647621002723337,0.0913489052083897,-0.06224553995148458,-0.10190975163783508,-0.11089815127924017,0.16071764789641355,0.17507958045552094,1.0,-0.1309889950009732,0.11968433720034512,-0.056861882912917196,-0.011937152419842821,0.009142039034788078,-0.06836582690683275,-0.059291622057613964,0.10107294275851691,0.13928020221271112,0.06234529208468356,0.0742404119976392,0.14172490770758556,0.019279421145540567,0.043650867033418216,0.020886198311378956,0.07034275500003526,-0.00671947970615793,-0.18304721179508793,0.027737654934837576,0.003403845817203354,0.10192489636198485,0.0801223440621364,0.007658182621578202,0.05429600606122679,-0.16891340645507413,-0.05827469222002746,-0.04922478772250246,-0.10501018979627769,-0.08621817450226123,-0.09813907982708626,-0.055100210420416955,-0.13356070850097576,0.11954603465664766,0.06930550411215418,0.032315826240578986,-0.030309002146274838,0.06996957565262159,-0.0012584064633127691,-0.03712160917445793,-0.03232518552685927,0.06061982200994807,0.05720470598326997,0.0269041649803839,0.08168286645868103,0.030313321918017486,0.04080705751147578,0.07282577076418344,-0.017022969960772585,-0.023420245007444038,0.0067450956813902,0.049136688776789415,0.00959884917346586,0.0315339353724758,0.09075396646554279,0.15460277023568522,0.09184076594138287,-0.05258580735393631,0.011194333863389043,0.012639386382493114,0.1164727182303571,0.008573439775604309,0.032162325442713836,0.050296623217006994,0.027678086839448925,0.028917174445359965,0.05962855533046069,0.18907518769644996,0.023556555276114662,-0.056759330050219214,0.0,-0.022534013174738483,0.08188318223369592,-0.10436198440452933,-0.08830415400732865,-0.05816146626453242,-0.08821933964150862
HDL Cholesterol (mg/dL)_value (mg/dL),-0.13102419207062344,-0.10415032661174774,-0.1284837656433853,-0.11245367366657365,-0.16111178068890347,-0.050180558343556926,-0.11371052579459161,-0.03310635809069735,0.13003943348017055,-0.025373251744257013,0.14052043916565748,-0.027184656626863854,-0.08380085053351995,0.005623633678235384,0.09329941694488675,-0.019614173661732504,0.09141173745748624,-0.02115545313272219,0.03108475112839718,0.05021437819072203,-0.09288452005865587,-0.16491293271225843,0.006490547824991171,0.1119951029755481,-0.20254701580506432,-0.05178299498574554,0.05655772708096957,0.16658709343808728,0.10334087998124712,-0.11120498743447003,-0.11703590023239657,-0.1309889950009732,1.0,-0.08901996093773608,0.22885351602634207,0.07141510244240927,-0.05523903638371997,0.060535468157341246,0.3387926156875166,-0.0356748605816484,-0.026946972613326573,-0.06490361859845305,-0.022986420072542122,-0.08739746083680884,0.05351423768833847,0.030198246388440434,0.13459889903793312,-0.002781567719775121,0.05572538446726925,0.14338189698276246,0.10906242129859453,0.047032344382071246,-0.013379979017044347,-0.015687995743407745,0.07905658100219273,0.0468666491015851,0.18660259972725213,0.019466191040692103,0.045147583263349306,0.11289101639093446,0.024930453487763155,0.06523252332615372,0.04509333247967121,0.08494146470711336,-0.02821823581277769,-0.023144344251925394,-0.019930509582876486,-0.01332327549186963,0.01903463674300495,0.030366559245607775,0.07191207096011491,0.1021321945843457,0.004573335927846284,-0.06507526140150593,0.023883325070016757,0.004217077587650667,0.047567385556714095,-0.01612132289757426,-0.05030653676787093,0.12521400948399075,0.03514581377418895,0.08063002742820034,-0.009779799990508984,0.03036228274875454,-0.02335467061861792,-0.20617367290964614,-0.2529243843377585,-0.0983407977888634,0.10795414938113643,0.00433379803674858,-0.020310092041320973,-0.17413444866695948,0.1139874505650381,-0.011560397457782529,0.0668381962547356,-0.028404781008670537,-0.009660997382824202,0.012871765198642379,-0.2644094855328301,0.0918341925688618,0.02402740519419019,0.0,0.059880756355850225,-0.08839953830988219,0.10852930932088647,0.04520010005905426,0.060334399912139174,0.08707108236136403
INSULIN (ng/mL)_value (ng/mL),0.1519710341305851,0.1242726709272654,0.10464408905420179,0.11821351550519771,0.1393893286955854,0.09392376468426857,0.1358727683997932,0.09566414193237337,-0.044295925754749166,0.0369878957444782,-0.03513472626904207,0.0607967268372537,0.11512782422538813,0.06549083030124762,0.01851016854361582,-0.08496102599164285,-0.10781742444233895,0.07038635597516862,0.0657128306192221,-0.09292951561453397,0.11215619851402624,0.15424425171490058,0.018533912364569787,-0.047689241788493236,0.1800180201686244,0.09438111128540232,-0.029627483260864496,-0.10603944009964092,-0.07357589162246873,0.10645777517002751,0.15577516435373426,0.11968433720034512,-0.08901996093773608,1.0,-0.06003428189757661,-0.03898708129403927,0.03873966864553124,-0.05265724670055311,-0.05022940569102798,0.09255168149462137,0.10460520130722362,0.07488185684519125,0.043890063808196836,0.0686846785437227,0.010021546618044509,0.05107266484627024,-0.06683479617008456,0.048886095758207154,0.019151104528915525,-0.10850550289786698,-0.0029152429901181205,-0.035559793631133166,0.07901238834987183,0.05000625108264536,-0.01563369143730369,0.05544492335578723,-0.14482585461402697,-0.04359143330677642,-0.04018400594254704,-0.07555475517220703,-0.07044359165304033,-0.08954348184319981,0.00953135895055076,-0.10379987938521172,0.11339508533392254,0.05043877747524452,0.001193549304546935,-0.03780643803941933,0.05422163606496165,-0.0241905245798912,-0.03881769517925952,-0.036173019312609536,0.017427463512781443,0.08275577120387126,-0.009773000975358057,0.04532786650150864,0.045539414593567626,0.03269396477705249,0.0385024645693246,-0.007908477508413109,-0.02687288638785605,0.01639361581299604,0.02056669964976151,-0.014380399023437613,0.050827281126108466,0.14006362752552615,0.15990249494732742,0.07033864706350013,-0.027052763736725216,0.013142449948294277,0.005358599751582607,0.10854418879849805,-0.00300275421790728,0.01937565462020774,0.02185335609203016,0.03357270784287117,0.06344171558844679,0.02217801155273937,0.15709007870433386,0.025369578517546905,-0.007446202837737878,0.0,0.019794140232373615,-0.022001996824626543,-0.08364515350808979,-0.009704497267342179,-0.02331127395136921,-0.07005167617613181
LDL Cholesterol Calculation (mg/dL)_value (mg/dL),-0.19109616042360963,0.001820183494024005,-0.11965127295523893,-0.18354459637362755,-0.18359213283169676,-0.10174669385699125,-0.13025213509914052,-0.037372784281387,0.14099036242034202,0.010609203065981608,0.11117761411520792,-0.06713073429450217,-0.06498399481323569,0.05575094201121388,0.06943606390007102,0.0022120304151189295,-0.14502941182475398,-0.09654463578770904,-0.08599299639314573,0.23322513692503477,-0.02236273767191835,-0.2226667875234383,-0.08493501774930107,-0.0692117307122167,-0.09733958235954959,-0.031174435807387393,0.21615352814896843,0.11185390490035062,0.1403527869206446,-0.13010321220259363,0.23451112603704208,-0.056861882912917196,0.22885351602634207,-0.06003428189757661,1.0,-0.04805106953423867,0.2806008532104964,0.12294497629579415,0.7475572454881234,-0.07742858810302855,-0.005482754515986559,0.02138350675803242,-0.00674269943008285,-0.156668978299583,0.1416980539458932,-0.038157843858216134,-0.02810284894232598,-0.04341466472216505,0.04833448383013822,0.20605226910833177,0.06344324233251335,-0.10089567793901767,0.02784595181281138,0.045804516505161645,0.11833761231858646,0.025197387535926277,0.1460336891670492,0.08007191414932036,0.08924651302007612,0.1286346018297188,0.06683694038032836,0.10313792516370669,0.09197231074110218,-0.017424757978391443,0.04897265164902079,-0.09116472719680792,-0.09868182163446196,-0.05175024333163985,0.04832685964934104,-0.028460044585671942,0.004409762705688263,-0.02588795541432122,-0.08155554561036535,-0.08119036319486285,-0.08606933136045088,-0.12565336108593203,-0.006647595933982478,-0.04097308017766176,-0.0800837007750568,0.004462925094223644,0.08028265207216183,0.047811643318341215,-0.018965757996430153,-0.11268595122131717,-0.07481570112118034,-0.10234670547695525,-0.18005293428468835,-0.1309319457900279,0.01744021412966777,-0.05158208618174338,-0.00769679713876408,-0.061840405876034094,-0.031879992047155366,-0.11369038014262683,-0.007677314239616802,-0.009764739917741589,-0.018145545777103308,-0.05784134767067773,-0.3197480183591034,-0.06983440919743478,-0.06943542855570514,0.0,0.27961863372481016,-0.23196180547671819,0.10263580621286121,0.08853697937925097,0.09958398028297423,0.11363588991907732
Potassium (mEq/L)_value (mEq/L),-0.08094224471792823,0.01609511186196301,0.001328814171334267,-0.0755654971849258,0.017832186963600886,-0.05077719583750417,-0.0790594900086726,-0.05831764387717615,0.03238843969883717,-0.03607010964020282,0.025669287350884626,0.015514995686747026,0.013591137687324386,-0.015558367209136854,-0.010923157881132435,0.020878095119258363,0.07470480344357598,0.011955502085551715,0.025087068533531875,-0.03119370569482991,-0.02996206259694971,0.025471856987085234,0.07461633449967284,0.058267716096882236,-0.06509098611569641,0.00512198581191721,-0.04256883356005925,0.03079438807825173,0.08184928805884685,-0.009489681145329542,-0.11499568403649872,-0.011937152419842821,0.07141510244240927,-0.03898708129403927,-0.04805106953423867,1.0,-0.046924763212646145,0.026685539248259744,-0.029539756309221305,-0.016645196440403045,-0.02918741039446137,-0.01806945215261392,0.03441235760492997,0.1247448033733527,0.07381148974590462,0.05755592593963544,0.11769318277833282,0.0646203761277488,0.10261047703691296,-0.1244367002757164,0.04954113479389914,0.11873269806414834,0.011029135198689395,0.002485969848613949,0.07263804642958913,0.051702623486653866,-0.049420283900762044,-0.10412355554338674,-0.05521694737018612,-0.050554611781969,-0.025807571670784707,-0.04276835276793458,-0.15748104305185442,0.04385495809652781,-0.0895291161542461,0.034697921003072243,0.10460295881545663,0.046429678685375196,-0.05225614127473238,-0.027237351742159254,-0.01648561823232039,0.02165281232379066,0.03498469310237101,-0.028006517432046914,0.04506922216595043,0.03123001074547775,-0.028026974127192246,0.0018493514522083653,0.038551069267877186,0.005566413759525525,-0.002126841551831344,-0.03349007336145988,0.003927429687078615,0.06443832256009896,0.022864870096772582,-0.11542672109243343,-0.06275471418961959,0.0005040857227367374,0.04909972418242382,0.030912298833335256,0.01669792905998294,-0.09935156845415814,0.013675745838854786,0.07077915968801242,0.010651034529464146,-0.007193830040920678,0.01048137098421894,0.05237303332010882,-0.007107667536892136,-0.012253341771833275,0.11700498059083649,0.0,-0.09664782065911383,-0.0231949946691327,0.02349503094564301,-0.08604755619570298,-0.030238112179306036,-0.045198584444757765
"Protein, Total (g/dL)_value (g/dL)",0.10805253258403898,0.08049555343751644,-0.03394213395836723,0.1455351940476587,-0.0356962274596414,0.14274701673902895,0.10802160699017786,0.15809568410735647,0.09898563751215084,0.1092039300429672,-0.14187439865597934,-0.002876230088117289,0.0746423854541602,0.013036017597166669,0.014277495814450187,-0.1662524904888096,-0.33998780227318165,-0.05941696177698285,-0.05783582375916903,0.4088021991002126,0.08190731713083009,-0.24565662994738932,-0.2825139692453924,-0.08273095114310773,-0.03689619671165082,0.011651464694388504,0.35284959485880457,0.18504474383538552,0.15533760232785906,-0.030038873809117267,0.5855496459798086,0.009142039034788078,-0.05523903638371997,0.03873966864553124,0.2806008532104964,-0.046924763212646145,1.0,0.2900456525667949,0.28026962153778656,-0.0042487168503914105,-0.0036114876701135207,0.11156346566070083,0.003121846772242926,-0.03047420694092591,0.21818620519006032,0.0015242579774068347,-0.03545773308592732,-0.027146976408630934,0.13122519110762718,-0.0661651565466497,0.011583431630578359,0.015182540927107335,0.06950979107620527,0.153073988530897,0.15114160332430615,0.03446187507509189,-0.09069916625314071,-0.016601715465120036,0.018933131559615655,-0.1437060293503865,0.04506631846944787,0.03454546002321273,-0.03936164821158254,-0.16400884544680497,0.36715272510801117,0.09067002130363268,0.038156128852155434,-0.24220659424402452,0.09013282478736506,0.07531101272291595,-0.00144708532821152,0.018733882143223215,-0.07235887411519795,-0.16557272167786988,-0.21090150462275345,-0.17733870189434697,-0.009822108254553411,-0.05202284657930894,0.001891513008169506,-0.08509901781184173,-0.015219660112311632,-0.06253427174675334,-0.001450331787962136,-0.2006178992105433,-0.02509708177075783,0.01468286338573272,0.055828371763249666,-0.08368121188663402,-0.03494137615732786,-0.07334830049421626,0.01161685656049489,0.08659328399466301,-0.14378516574433323,-0.10740876839709679,-0.1052176741505423,0.019089830643145258,-0.013234472516651571,-0.07759407019002994,-0.03569790600180364,-0.1759506657277308,0.39846911714934535,0.0,-0.160001994331626,-0.2703572226029951,-0.1250526040271817,0.07503516325067426,0.014991976617025081,-0.05107656732610465
Sodium (mEq/L)_value (mEq/L),-0.11941151468354591,0.06938964740548936,-0.05462045567278177,-0.031945037911074815,-0.011815204320170443,-0.11193061537098942,-0.0559490277349016,-0.07883220548555099,0.1388402771004507,0.017325349210470863,0.005897381659002592,-0.010667071466199581,-0.024192897211802428,0.01711434885708526,-0.07344259850876618,0.055536429230352916,0.04322800881449647,-0.0417850226723677,-0.07902074203566421,0.2553327692856452,-0.06262352543090144,-0.06732323723797343,-0.05403585900185054,0.03990854432934761,-0.051063004568297446,-0.04543761949764165,0.1566186250069286,0.1929706229250732,0.29697252087317677,-0.04035699226769336,0.042523536695204846,-0.06836582690683275,0.060535468157341246,-0.05265724670055311,0.12294497629579415,0.026685539248259744,0.2900456525667949,1.0,0.12621270690648845,-0.0542953972890759,-0.05060212030678654,0.03473329590352585,-0.08999531903111004,-0.015612800510570055,0.1648176091029141,-0.0025914033168150095,0.05035370230309273,-0.051155808698117235,0.11721604904592109,0.065617837770823,0.02380506753533488,0.024350839932474954,-0.03997954691953817,-0.032726908247680445,0.09385618325062138,-0.024500566070688783,0.038396364540353174,0.0031702395615177564,0.03548608012479769,0.01878890506255142,0.03835162151836567,0.048617274397153444,0.015179612353583036,0.03737584957688318,0.10918670304210544,0.06507406841899628,0.08163852897439602,-0.08200087089796805,0.08708997370348341,0.01876352265456416,-0.001174362687650449,0.08021909674363946,0.012130505634635518,-0.05487340987800845,0.01791354480941748,0.009203205000853514,-0.002619586579960027,-0.051478456627777294,0.02688249960289073,-0.02313212185831844,0.026410773723504977,0.027278377957148856,-0.004914348076387906,0.017755876973641473,-0.007451907307287602,-0.008133745472628396,-0.016931260251894217,-0.024001633692900926,0.030927642366534634,-0.006411191483755226,0.00015342320684371644,-0.028328959257798825,-0.04467767858931567,-0.0020707735852333,-0.028031910558325303,0.00672300899594547,-0.004455712212418041,-0.008055486272055896,-0.04723725750838573,-0.06616854554336044,0.26635928092177696,0.0,0.023754348401045337,-0.32936078791932916,0.07491047753487994,0.04606105372221245,0.020604834794536574,0.03327240423605754
Total Cholesterol (mg/dL)_value (mg/dL),-0.2170075521289719,-0.0027362651900245585,-0.10806514740958141,-0.18205378692725815,-0.1781103024315745,-0.095967104290458,-0.17470096278230285,-0.04266704896538931,0.16669628337818512,0.03389293446681401,0.10072993077398014,-0.04962396021594246,-0.0577992704296201,0.04830908526089481,0.04091744024770796,0.014053513168765285,-0.10807194177797622,-0.06057872094140495,-0.014489403367211284,0.18465448145386446,-0.03136313618694482,-0.21654613378954113,-0.120271232350608,-0.022945493794727427,-0.1092993233170942,-0.03021549031972969,0.2018913916350564,0.15875717788497243,0.1338327954833733,-0.08627407147720602,0.1795467266273153,-0.059291622057613964,0.3387926156875166,-0.05022940569102798,0.7475572454881234,-0.029539756309221305,0.28026962153778656,0.12621270690648845,1.0,-0.02668421023946223,-0.006156404071357548,0.018398664098104655,-0.0030627554270137008,-0.1298856168183707,0.17589131907379404,0.028784215657760223,-0.0071384169346968614,-0.05182382879641387,0.07843092786140476,0.2294797190667017,0.0922887708644247,-0.020847406711173046,0.040187425135065395,0.05281769151203651,0.13036357156957795,0.045010825741917546,0.16211146878804084,0.07507442928807181,0.10245323255420763,0.1626191374956541,0.030335275624020407,0.10837773727275592,0.12089549331818011,0.005126573974115909,0.052339287454202285,-0.0568818569934994,-0.000812149200831022,0.03556987601643792,0.13855604219687215,-0.02053330467709981,-0.01970469914786357,0.03814843151292823,-0.02627174028718573,-0.07309692387398677,-0.035177080380825836,-0.050192764951283574,0.05330444146825243,-0.03946488487972946,-0.0594078241380698,0.0573866594886687,0.053354388124838954,0.07471332186775352,-0.00749019583460261,-0.05937204910329142,-0.042479281837439715,-0.11836610991477248,-0.15978366179829073,-0.10495001100372656,0.09048705798873713,-0.025576537351120487,-0.01257549750577168,-0.05185277046901223,0.03586711351080427,-0.08625062148606397,0.027533230409251572,0.004522025468850061,-0.009676428454917854,-0.007430349172470512,-0.3135233584386891,-0.004661729212840424,0.0897016035896669,0.0,0.10879179623719314,-0.22284752566869592,0.1030772070491723,0.10334697447951423,0.08223023059379647,0.10305232067041678
Triglycerides (mg/dL)_value (mg/dL),0.05472901977063692,0.13302741672570148,0.08930727331414055,0.07403190803138873,0.12347395343939892,0.04037264817620644,0.06060826798587218,0.015469712212546718,0.0035201187173971886,0.03998489917236255,-0.025560614825666527,0.06865179347045741,0.10084175171477248,0.03505522417595359,-0.03757628042560121,-0.004970094418460431,-0.008353594403390329,0.06962889723956996,0.09267351798318507,-0.09289828748184319,0.026821934899708473,0.1654461380305826,0.001128871183129544,0.00784257811694681,0.1154212777682328,0.05908413292768155,-0.03796073817756121,-0.02554645621974804,-0.07013180039353349,0.13239260067571576,0.03792903396446233,0.10107294275851691,-0.0356748605816484,0.09255168149462137,-0.07742858810302855,-0.016645196440403045,-0.0042487168503914105,-0.0542953972890759,-0.02668421023946223,1.0,0.06201371581549589,0.01468166502020552,0.06575103438011914,0.08638378337563156,0.04271164275770951,0.04381342103745944,-0.016250493082388413,0.026361774617154766,0.0496088313636495,-0.08327779088032772,0.037417781167620956,0.027692684430702993,0.0673539488634771,0.02878884865702913,0.0391892187556136,0.023221656958251083,-0.10861622910733498,-0.04767922896400926,-0.03216974820452761,-0.034677480774372174,-0.0601133381113598,-0.03495268330307741,-0.014219948578796536,-0.02908045092873812,0.08531664109580671,0.091367839023769,0.07408173510384987,0.04109318044971911,0.09770554231823668,-0.02407165078087165,-0.08744748437302535,0.023581566719113906,0.05945185383653825,0.062017090331991556,0.05027966016896696,0.11377558909127893,0.06376425407181963,0.043147093589569946,0.07455023026149753,0.025942672990971163,-0.003017459218656835,0.0198307921758377,0.03654186015268761,0.03318525553088415,0.0796243998068439,0.0946557498641149,0.12415632021664598,0.0767366024386902,0.034555258562625674,0.02203866786126296,0.008696774031056965,0.07216989271145845,0.0415825625650456,0.04909912686009118,0.018522540732651666,0.05308214978052011,0.0068722016788723105,0.0741444116417643,0.1368941740790796,0.03937107092290671,0.1085801819310474,0.0,-0.08343356302202692,-0.029255991642326177,-0.051712277748037924,-0.020352730773944668,-0.0397359841152058,-0.03144990165100553
Urine Albumin (mg/dL)_value (mg/DL),0.09889528546686127,0.08160754103188408,0.06283814089800482,0.0867464728843955,0.10378859624159445,0.024933685845962193,0.10405940160285805,0.028005515537345833,-0.028947589171697433,0.039618421239250384,-0.03375977836219347,0.032281072935957174,0.12700353879491477,0.08583089655641057,-0.026390038489748694,-0.024818352677759822,-0.1273742442690619,0.011700565482836853,0.058115677080824914,-0.15850138243287662,0.05517786560436939,0.11164043011155146,0.040722551244579075,-0.03582591938487017,0.1241874702693426,0.06361094883935582,-0.03175855923822926,-0.07008655881860837,-0.07809890663699354,0.08030715804515606,0.15669542119968746,0.13928020221271112,-0.026946972613326573,0.10460520130722362,-0.005482754515986559,-0.02918741039446137,-0.0036114876701135207,-0.05060212030678654,-0.006156404071357548,0.06201371581549589,1.0,0.039144289008029916,0.0849504233527807,0.1010726225480656,0.018237049726561563,0.04094276232163172,0.0028530323304999093,0.06440745546005022,0.016742095330372842,-0.17231330111405604,0.04164225584671706,0.004950951722219075,0.1177050068863053,0.07443654067431109,-0.006948510515764274,0.08442041841767056,-0.1324456570527569,-0.07313893831574826,-0.10467850494349491,-0.10618842632143671,-0.07771443885394351,-0.14129715335957332,-0.0347196069842504,-0.11880838164886129,0.09965875180685763,0.02683714382434873,-0.01487826156177168,-0.03664149737272078,0.03819261083592911,-0.037404823226569975,-0.03979082445827172,-0.037540868657895944,0.06472572446706443,0.10520503546512844,0.024336933096836343,0.10023591704283055,0.06368848675036999,0.09156142736317205,0.03199353115714047,0.04510564161322694,-0.03018165099002997,0.04617843940983318,0.02749271017048879,0.04287799374720548,0.06585944158594301,0.0605759047649749,0.1075438469618776,0.0834493292690641,-0.0030454768186978605,0.02718909680894628,0.025722357101250377,0.06408641331101396,0.10082934307932288,0.01908569556490391,0.09974791183512823,0.03879763043250285,0.04130930664128415,0.0906958547302621,0.10604463204329212,0.07481773033019028,-0.060775675039243617,0.0,0.08698787002074204,-0.024209703724375344,-0.14089152812806816,-0.056044100492776756,-0.053033269642792764,-0.08774378891400002
Urine Creatinine (mg/dL)_value (mg/DL),0.02743731143779665,0.07596607812738916,0.0006724762532879476,0.03319121399677885,0.07426390387050777,0.013310703875214519,0.03702567153020308,0.029775696983276877,-0.011012167024254015,0.02791281290796808,-0.019567338283870694,0.009996133832438386,0.06586678101557127,0.020654306261921274,-0.04931278768982128,0.018394101231795943,-0.1809696703626413,-0.006082200264936082,-0.01680895013462577,-0.08356672914558103,0.08087582814187382,0.03042682582189814,-0.07212353278306703,-0.03975852069072231,0.06871420489686193,0.044507466062062004,-0.0013445617638692946,-0.009447386613718942,-0.03955859405320612,0.07572034197665445,0.19737248172429428,0.06234529208468356,-0.06490361859845305,0.07488185684519125,0.02138350675803242,-0.01806945215261392,0.11156346566070083,0.03473329590352585,0.018398664098104655,0.01468166502020552,0.039144289008029916,1.0,0.05171803466745071,0.026821277596363446,0.042702163587669636,-0.012732798997967181,0.0030858048130706912,0.03434308403349604,0.02628515235540284,-0.059972786267998915,0.017478205638393498,0.004291760753597622,0.03506402318904133,0.060432651480965216,0.04051823232694783,0.012540105922085598,-0.052625910313559995,-0.0160809011735426,-0.028005007600970917,-0.04049505471309818,-0.0379632185811908,-0.030539107273386743,-0.011418480333781929,-0.08728353107876265,0.03468377262214315,0.01577457332647554,-0.0028003623761665448,0.00689653950192966,0.0007512860465219827,0.0306144231710119,-0.002916166869847993,-0.01033708428285146,-0.010671127543972623,0.013369890372419967,-0.03861399469455217,0.0009454988158865931,0.01580654669664132,0.029736747807719472,0.01856807224063724,-0.014767630050813869,0.00034210618218571764,-0.012881224300408556,0.009544662563171035,-0.035278506271550526,0.009671471381097134,0.051575634117294246,0.07361263612274511,0.021752265623223733,-0.023883330619808935,-0.0015450193898943433,-0.006069470026966732,0.06922020373711485,-0.02849506766722724,-0.024543771333582005,-0.007383296491800074,-0.004132008206692702,0.009072290253690383,-0.023919179925212263,0.05376473604144945,-0.028992757878569895,0.020804692780487025,0.0,-0.021440746345281765,0.003379400366257141,-0.07655241570200731,-0.029482302354943635,-0.007430177736236494,-0.02755198181232925
clock_visuospatial_executive_time_value,-0.06161030202046892,-0.03054537694351928,0.04691778018205944,-0.09350338308858312,0.03505984711768367,-0.028836753171161546,-0.09083322416636623,-0.05615932142295937,-0.008423319456292287,-0.005775088387267255,0.007235546803809114,0.03304229378731927,0.07146090511720643,0.03809041569375761,-0.060924105161412154,0.05703990781876634,-0.12424263873703893,-0.007302214567909302,0.10519328381560682,-0.16142774492128342,0.03450608010487063,0.09570267093786584,0.048621031410960205,0.010964808174666541,0.04402909733486512,0.08826684711387074,-0.05700007259918851,-0.06488619674420049,-0.12180112040420926,0.04548125063176503,0.13836092946358958,0.0742404119976392,-0.022986420072542122,0.043890063808196836,-0.00674269943008285,0.03441235760492997,0.003121846772242926,-0.08999531903111004,-0.0030627554270137008,0.06575103438011914,0.0849504233527807,0.05171803466745071,1.0,0.1992370812517323,0.02003889770487489,0.07735511865212667,0.10142104223462348,0.08391330105779088,0.08603503983840267,-0.23942271889112965,0.06114855461896628,0.0996347072980077,0.1175859154493366,0.14265809975005767,0.057682467258375565,0.13570642723302548,-0.1555005269575609,-0.14485072078257408,-0.13722654424864722,-0.09751299267205034,-0.07916525178291745,-0.11525224811748236,-0.15495548864035097,-0.08329067356698913,-0.10949409474435187,0.046104050793456114,0.008285508024402793,0.15346280137541948,-0.06924019627921021,0.026986004666754954,0.005242665077081179,-0.012397970740256696,0.05313302848203418,0.04519489399201177,-0.003193638710605174,0.034438332834854674,0.006222027284652698,0.036022854151219356,0.01440679034309263,0.07072631851094634,-0.012294056584048392,-0.04175659435611651,0.015908849641916606,0.059109397733636215,0.03383903319997127,-0.04259706313160734,-0.011262922963138997,0.03682608289898067,0.005996686620332555,0.05799831277561049,0.010123779121395468,-0.030296991567608206,0.0807981521470343,0.06315952639709997,0.0636425425662681,0.021471793084455456,-0.00642457287040576,0.05183268906023113,0.001575796544033347,0.049396886119039585,-0.05981032660390652,0.0,-0.09207343632523254,0.1598218343932101,-0.12865833937433946,-0.1564606956469345,-0.09345888511360412,-0.11320164605306327
delayed_recall_with_no_clue_time_value,-0.04307497305732839,0.14817303706081383,0.1257134625362765,-0.007553478669818204,0.18534829403622213,-0.06615297007329243,-0.009596226330805938,-0.0808097929748254,-0.016766824707382447,-0.06680029875354598,-0.026270098059588402,0.09182635148567993,0.141882224761991,0.05105050958834378,-0.08365136281705142,0.037746776814314806,-0.09358329797477041,0.039659078594033004,0.10082542164533578,-0.2716629641571008,0.04708857501877326,0.2893421511026118,0.14152579921762734,0.04738914887908155,0.06246162134211177,0.08363433006749563,-0.1695907486366684,-0.07884073307296799,-0.05710829683454465,0.1528186191227614,0.06856796633366186,0.14172490770758556,-0.08739746083680884,0.0686846785437227,-0.156668978299583,0.1247448033733527,-0.03047420694092591,-0.015612800510570055,-0.1298856168183707,0.08638378337563156,0.1010726225480656,0.026821277596363446,0.1992370812517323,1.0,0.15455020145147882,0.1075517182411451,0.20491293398035426,0.14965267875365418,0.20301090467161323,-0.5427794663753984,0.07313466015545253,0.20958600386595735,0.1766156973616338,0.12180900688412447,0.10305986290099226,0.14902008597394792,-0.3641812925607306,-0.3130093237797621,-0.31898967332329287,-0.2768923330658321,-0.15296729659260921,-0.22484882852179322,-0.3679582853662745,-0.13331581975133183,-0.0008560219613669741,0.11935854543159213,0.2025554944776381,0.12128768779364268,0.02291135545384028,-0.0598978802788673,-0.12177789922254804,-0.04044136507708729,0.1267997862214576,0.0699859193093781,0.13310730665587692,0.13150086310547168,-0.02495797710457097,0.04294068595759026,0.11930382323675469,-0.029871915090274346,-0.025665693930882735,-0.043433164025574185,0.08251599653318908,0.1586963656056559,0.11523309443852146,-0.03476782481787925,0.0969624579491832,0.11655360166567127,-0.009260816897378971,0.06592438697034969,0.019320641798467535,-0.056872621041003116,0.041046239148955575,0.17867256623790714,0.08839274871286784,0.03811408240324173,0.04093484388562501,0.13486892937093953,0.21633399726337377,0.001697754540279996,0.09977229217914062,0.0,-0.04036238472062805,-0.06479959946556461,-0.056631889732417756,-0.27902028873911794,-0.16938087422591253,-0.19085884319068855
digitspan_time_value,-0.11850874405117741,0.13620974395979593,0.028954872008665988,-0.028739341917401257,0.038748440345961165,-0.03203613210519806,-0.062304449464002314,-0.028473925548565704,0.08416256463087676,-0.0156708602110574,0.01020767669644101,0.0372407026628879,0.07286572232144581,0.07028317239462932,-0.01470168023919641,-0.033023872082133476,-0.06322200208733506,0.023815293310162397,0.02303099015014888,0.019752053429865815,-0.0024684018462079846,0.054071268430478284,0.01780740680342099,0.05988991109956396,-0.006394287056632561,0.044270723439037776,0.04044259344089199,0.1376010257573389,0.14772566460658385,0.054232186773728285,0.08948246010794704,0.019279421145540567,0.05351423768833847,0.010021546618044509,0.1416980539458932,0.07381148974590462,0.21818620519006032,0.1648176091029141,0.17589131907379404,0.04271164275770951,0.018237049726561563,0.042702163587669636,0.02003889770487489,0.15455020145147882,1.0,0.04802645408230731,0.11039696806375877,0.031817479342453,0.19550335110229738,-0.14269946016277563,0.11066462988250564,0.10784515528606592,0.07935723050576163,0.07276974478385707,0.20241880496860457,0.0670169028101006,-0.10483361191105255,-0.06615788833225655,-0.050885945179688696,-0.057625349155091904,-0.030893738764217,-0.026319764211854602,-0.10481464232065484,-0.055404432945813084,0.0696720231347098,0.09089514223301233,0.17016577671593525,0.059809373056483296,0.11378324953505535,-0.01715667005618751,-0.04101437120581861,0.04289896043083513,0.01897268508789074,-0.057918938371601746,0.05185012617510001,0.02275335196258598,-0.002585046419880338,-0.02472318254913903,0.04356840789396269,-0.03621843746759073,0.014883284032181,-0.017204735203022188,0.040219571610661885,0.06857666352209398,-0.008229419849064787,-0.0014397431618022886,0.020053190198479856,0.0014992536867022472,0.030801874611283368,-0.01307724588952102,0.034562890331263495,-0.043737497593345304,-0.043500771212315305,0.051742790633737136,0.015545455922120624,0.016278675403163155,0.009286813380203578,0.03339985270137144,-0.010560115326734629,-0.0589031758258258,0.27808304857611,0.0,-0.016963596135097677,-0.29124541082687483,0.0616329670984142,-0.027816586142219723,-0.0056966120559109445,-0.062064736010085476
memory_trial1_time_value,-0.07817655129748474,0.046632711811280175,0.043725480292952965,-0.05832413243212744,0.04606541653631079,0.011619221382803765,-0.06971038098421796,-0.038939526629849286,0.035556477712617156,0.024372561682618074,0.016060265759545278,0.03759955208948422,0.037612718788196,0.003703801951193949,-0.01931409307241576,0.014335560811686365,-0.011500643914961632,0.03442459464581589,0.09813666833169071,-0.08375300635476382,0.050083036891665086,0.06884083130867336,0.02997617422548304,0.04402346838427149,0.01714926908488902,0.028721233304475294,-0.05587864753858405,0.005697694494640638,-0.021841472327505815,0.04786322691595024,0.014212813517454325,0.043650867033418216,0.030198246388440434,0.05107266484627024,-0.038157843858216134,0.05755592593963544,0.0015242579774068347,-0.0025914033168150095,0.028784215657760223,0.04381342103745944,0.04094276232163172,-0.012732798997967181,0.07735511865212667,0.1075517182411451,0.04802645408230731,1.0,0.05129797490570875,0.026354883284556933,0.050458915734928146,-0.07936226690138877,0.05414431677070688,0.05344933769957359,0.0645536942588932,0.039288259691136994,0.03480055340022421,0.06284287191618082,-0.060896791396544116,-0.05898665065784284,-0.027006284012641404,-0.025674602808772724,-0.012782296295597744,-0.02803239330395865,-0.04781698333818361,-0.01851499862943679,-0.03803887237913638,0.0677896240650632,0.09966782389680079,0.12865681138002746,0.03140513431140385,-0.009203238064951047,-0.03411205351203764,0.027557039362070806,0.05231186904528696,0.029980952993569506,0.025583177399130942,0.023770720231779664,0.044760664492127476,0.02251397444058442,0.033003478534213586,0.0010486567736343085,0.010367123082249295,0.0051496760669903375,0.018943463912033748,0.05839262791946167,0.06814583832095644,-0.019366596215476217,0.031911683165831366,0.043091537636380094,0.04551442363558958,0.006518724526993497,0.014252114962957984,0.011561956060702388,0.04232938278006852,0.0666141329979341,0.0309833487916517,0.02336709331679318,0.009106413826436647,0.05770801793705375,0.010429675441461735,0.02600373503373909,0.11868320095769869,0.0,-0.11926326879527077,-0.006054804629226207,-0.0034039814601847587,-0.045320576553696056,-0.049828894841563894,-0.052349453430516404
memory_trial2_time_value,-0.03662047044308096,-0.002104159489603285,-0.048829832107882845,-0.033728101547128235,0.004386480213381729,-0.03232719640416564,-0.02612935958168964,-0.030325462878085276,0.018714023313031503,-0.06769754101592552,0.08247519991756509,0.04961421513548633,0.005892374571268767,0.001893200320315444,-0.0012634625833581284,0.012341766810457013,0.04285090156720937,0.03115110200469865,0.05407530586612582,-0.038598636674904443,-0.04569043723268053,0.0456366367368052,0.0828736494369611,0.10624651813052519,-0.13102429991544537,-0.0195133994867279,-0.053883975211506945,0.043222792883283005,0.08912841156986138,-0.008525988159102734,-0.07617138707569601,0.020886198311378956,0.13459889903793312,-0.06683479617008456,-0.02810284894232598,0.11769318277833282,-0.03545773308592732,0.05035370230309273,-0.0071384169346968614,-0.016250493082388413,0.0028530323304999093,0.0030858048130706912,0.10142104223462348,0.20491293398035426,0.11039696806375877,0.05129797490570875,1.0,0.05598831702384656,0.13240182437011974,-0.1974744765166713,0.10085927025493986,0.17499770995321587,0.045250073262861804,0.026227054666177474,0.12951929938091566,0.08957350454495892,-0.0740608285008078,-0.1510438859367018,-0.11800261136195844,-0.11214819141092441,-0.030221470715789126,-0.05810861761854939,-0.22866305780435733,0.004034028514287388,0.01739696886095049,0.022951845729105847,0.074472465693276,0.010003155046329384,-0.024315889212310832,0.005940107676544759,0.008921671893794026,0.04703068763492201,0.04276713114792876,-0.023751001652208746,0.0540607094712751,0.030348184319337473,-0.04678709522451542,-0.008808193927451172,0.032028891181455826,0.00241754704138303,-0.0024804430802576986,-0.02198078180385422,0.024241352611634067,0.08443103660304799,0.00983660760311747,-0.15933878034744556,-0.1227835010835045,-0.0013895860041212933,0.026470021547380453,0.03572432378599856,-0.015221215516790527,-0.1579820856041446,0.033712396736396616,0.04906518497379709,0.02148168379935014,-0.0015101887603423741,-0.0003397274766260495,0.056035422352842916,-0.04198940958716498,0.004215630343309806,0.03386995189879536,0.0,-0.027421400645961314,-0.0016218866956452087,0.015010291635229375,-0.14266154952307836,-0.043175966105501645,-0.04924625233130833
moca_abstraction_time_value,0.04373230470339237,0.00659618477152319,0.0451789088915075,0.02617625777185703,0.050322237263692934,0.0834184342825175,0.041296683907632484,0.06549734154680692,-0.027788917203572024,-0.03936068526891085,0.03563119563350492,0.031150515931720968,0.06742863986203662,0.0685728339829369,0.08303044034345519,-0.11179146434668467,-0.055053190316176254,0.04138227509656351,0.06903486145620547,-0.1433238669741464,0.04889466618319623,0.0994554215480429,0.0549709885983382,0.028726908772592923,0.0455900784259034,0.04784925242439504,-0.04665536930236538,-0.09081308722654843,-0.05455505260457975,0.05978724782577736,0.07792485927516463,0.07034275500003526,-0.002781567719775121,0.048886095758207154,-0.04341466472216505,0.0646203761277488,-0.027146976408630934,-0.051155808698117235,-0.05182382879641387,0.026361774617154766,0.06440745546005022,0.03434308403349604,0.08391330105779088,0.14965267875365418,0.031817479342453,0.026354883284556933,0.05598831702384656,1.0,0.057634638445013514,-0.18373212004886835,0.059205545141439817,0.03317498072954992,0.07219130196244321,0.06500620247783316,0.037022294245126104,0.07816231899530006,-0.13138492307252075,-0.08024757417776807,-0.07746996277793748,-0.10814087284235631,-0.04851811568859421,-0.06459355920394423,-0.09742832530992834,-0.06462330289002866,0.0008142102336638676,0.03283225889611655,-0.022128466594789422,-0.006616391821354576,-0.05483965051353648,-0.017201573217204023,-0.018233176725911134,-0.023951656241579796,0.010551175054729372,0.021692795403932597,-0.014320648541760116,0.004159857723926511,0.002500076970732768,0.05651197905488082,-0.005399020283329967,0.015828088514957372,-0.0031426829444078895,-0.02048015535697572,0.03713603299361155,0.03188892549891292,0.019422626521239713,-0.0027139478912725783,0.0011091070186372337,0.021823824556177714,0.0067492932609912164,0.026207640099312878,-0.013037431618367904,-0.0034079690992017964,0.0022361259007213047,0.043962209661744266,0.02511951088101944,0.04201223866751957,0.06606138394967803,0.018408614144112278,0.013742732116934981,-0.0002492056516678115,-0.02608216408331136,0.0,0.030190442968892985,-0.008076473382355521,-0.05197780128894393,-0.06594480644075501,-0.03105302424034118,-0.057741047471566914
moca_orientation_time_value,-0.15714979727641581,0.047205971685391715,-0.010740727579822045,-0.08257888717059458,0.007192866806543272,-0.033080366295264674,-0.13600206947046145,-0.038810302297948636,0.10633432283855701,-0.0241028258207646,0.01731052298459599,-0.0019665118085293934,0.050817782205509955,0.08542044864770895,0.012469914591911865,-0.04236584210922599,-0.00889024290286844,0.018510158062419676,0.08187472144238468,-0.0117917321657468,0.0008460952401383988,0.04593299770056868,0.02409566833020575,0.09152088200441878,-0.05410488469851405,0.027057911398589103,0.008532418883488697,0.0808265574226318,0.08799078342032296,0.04366594007765483,0.060363991417552144,-0.00671947970615793,0.05572538446726925,0.019151104528915525,0.04833448383013822,0.10261047703691296,0.13122519110762718,0.11721604904592109,0.07843092786140476,0.0496088313636495,0.016742095330372842,0.02628515235540284,0.08603503983840267,0.20301090467161323,0.19550335110229738,0.050458915734928146,0.13240182437011974,0.057634638445013514,1.0,-0.21128180387526763,0.10903704786984214,0.11349534194408352,0.08014933410788186,0.07368458677029864,0.14077261734015067,0.08270676421315565,-0.11016821681513758,-0.11962118885646247,-0.12497444096896915,-0.09143570799493568,-0.07201534629311149,-0.07243706161884005,-0.15296982492091984,-0.06571661958361069,0.011380288724385729,0.07109554941791446,0.10816793623801531,0.05601989189808582,0.027959668038210813,-0.001029750762400297,-0.016492362941296707,0.04459122994972471,0.0403545998992166,-0.024175799966106866,0.03788484668398329,0.01513031339055421,0.021921808747629525,0.006903323584864929,0.021150776111082938,0.013950016569556746,0.03742405071366374,-0.007508078000159405,0.02021527957412638,0.06386618205517625,0.03917531778741702,-0.05693982243012929,-0.016837903713607414,-0.0178713164292405,0.046148391776169355,0.02525954668300347,0.01720029058342513,-0.04522185184647002,-0.02232604807441435,0.08471809503911434,0.023114511392504648,0.006307907860187672,0.017651380876065187,0.04531576763095865,-0.022868821560880534,-0.0127287104811966,0.2078486374489075,0.0,0.0024897075766952582,-0.23737077070023235,0.03157619098387308,-0.0552779679534501,-0.024849811668661653,-0.04996680869420577
moca_total_score_value,-0.1336616885622206,-0.14136480460896483,-0.1338524231839608,-0.14663390452710268,-0.24233084163825455,-0.039642165555213556,-0.1688979086356555,-0.019387004898258463,0.10206936290597346,0.0591037516334808,0.09141491176864174,-0.09625374929941209,-0.25722842884307595,-0.12448983177354801,0.05911926530499866,0.05718976443127394,0.3036390516770991,-0.004106320111799032,-0.10314435837914236,0.39783747083478677,-0.09596162966720427,-0.23315429846079633,-0.06506156548765596,0.04221160186323387,-0.06567432209466768,-0.14432696114039295,0.16245079919573374,0.1465429529607185,0.13770601427299772,-0.1555686754654906,-0.3004120397728846,-0.18304721179508793,0.14338189698276246,-0.10850550289786698,0.20605226910833177,-0.1244367002757164,-0.0661651565466497,0.065617837770823,0.2294797190667017,-0.08327779088032772,-0.17231330111405604,-0.059972786267998915,-0.23942271889112965,-0.5427794663753984,-0.14269946016277563,-0.07936226690138877,-0.1974744765166713,-0.18373212004886835,-0.21128180387526763,1.0,-0.08461725732480879,-0.1958283166889987,-0.2455326166945502,-0.2290704100777561,-0.0847467564880294,-0.20624595955270766,0.4930185428009965,0.39316523009703147,0.4094745032515922,0.4723478607966799,0.191147086890278,0.34719417338442227,0.476366706169034,0.2597188807948137,-0.11666206349841259,-0.10735247811690847,-0.10631845028251141,0.014177880372892526,0.027183089698157196,0.06749128752089996,0.09975727067037093,0.10910940683832641,-0.11449379597313182,-0.06987514486501575,-0.031706664342949546,-0.12909959887165026,0.0038555495983715994,-0.08728110810516865,-0.1427027458396817,-0.007974774441957247,0.04497852889840112,0.03447103493389646,-0.11703934101678425,-0.12884066533342525,-0.13669579040148164,0.009478616557602461,-0.1312380433057156,-0.12007087537724573,0.040075011112718495,-0.08860939579540726,-0.043159538424918285,-0.01258923432243126,-0.050548945559324494,-0.1565865857363225,-0.052608083804929165,-0.04966725950477656,-0.04431470718186335,-0.10734890615577268,-0.28497290872522285,-0.014026689654581596,-0.04259190743448689,0.0,0.02887686037964389,0.013580436650569565,0.24306046151195135,0.32707431147098,0.21663259989750616,0.3564831729497635
naming_time_value,-0.028601105541799718,0.018952428117560413,0.003682163852559278,-0.03574815346136412,-0.009479247408332506,0.04484654748184854,-0.015929462651774327,0.01882961676201308,0.03760362720119466,0.008998190402869286,0.042091805563926415,0.06302755708753573,0.0391827762937694,0.0787445658391794,0.04499886814360166,-0.07028044153001292,0.015478428908735072,0.03004068859493463,0.0771111673781292,-0.03286552240796124,-0.00896347278182722,0.05064012133640656,0.05782665841776363,0.07885547599811611,-0.018513190029019508,0.020725512822960125,0.00900702273679333,0.022893393445626894,0.0005836806778321362,0.02363613323159802,0.0232753767069946,0.027737654934837576,0.10906242129859453,-0.0029152429901181205,0.06344324233251335,0.04954113479389914,0.011583431630578359,0.02380506753533488,0.0922887708644247,0.037417781167620956,0.04164225584671706,0.017478205638393498,0.06114855461896628,0.07313466015545253,0.11066462988250564,0.05414431677070688,0.10085927025493986,0.059205545141439817,0.10903704786984214,-0.08461725732480879,1.0,0.06878666672441684,0.08168128876053184,0.04663940889722243,0.0769376869974564,0.09337308214364294,-0.019455614777956657,-0.07915998935819016,-0.05564379814293126,-0.05168495191263239,-0.058952127076016,-0.05443472959419465,-0.08615889522201366,-0.013393374784426999,0.029031108302758877,0.017520637485296153,0.01693588783350348,-0.006143299690397197,0.020132648669845696,-0.0025369285833997226,0.006551142945134522,0.0518738193964908,0.0008295138625866157,-0.01350515544998376,0.031631773562075215,0.023664309498606817,0.011093441789670044,0.03493426111942062,0.024355559076973884,0.02048145466386604,0.014062165687884189,0.030488586059298814,0.03202670367964701,0.06467121790348337,0.022596638288709316,-0.04980737435579214,-0.038392464372126976,-0.008256157328320518,0.03742217001961082,0.019861775168401156,-0.006914022562452188,-0.05744142729888887,0.04679438348215332,0.03602588346230977,0.02586736110724395,0.00790330053709122,-0.009956369084907903,0.03659032452370593,-0.03729021296252774,0.017542212520971937,0.05761641036649972,0.0,0.023901310231264853,-0.08404770237341899,0.00506639793766282,-0.0364383120681857,-0.005030860583186699,-0.031247949940964886
repetition_time_value,-0.023668859637911457,-0.007543947206186897,0.02651678573251648,0.004716952888618506,0.03451182762722809,0.017440886072409532,-0.04721079732874874,-0.05228232120371846,0.0027445535392310208,-0.03367592062340403,0.00689803836241526,0.061098725419231,-0.005354681504200329,-0.027689527617253913,-0.06364695957953051,0.030673919249572877,0.031941966096503925,0.05441063018340481,0.0765369960200606,-0.07820702676892387,-0.008048652159323495,0.0352143929578385,0.042273096660353435,0.088899570642172,-0.06351647894790609,-0.012060528512648614,-0.06680279043885005,0.011901682125215309,0.06499823113004706,0.02504583215926073,-0.07975435616790923,0.003403845817203354,0.047032344382071246,-0.035559793631133166,-0.10089567793901767,0.11873269806414834,0.015182540927107335,0.024350839932474954,-0.020847406711173046,0.027692684430702993,0.004950951722219075,0.004291760753597622,0.0996347072980077,0.20958600386595735,0.10784515528606592,0.05344933769957359,0.17499770995321587,0.03317498072954992,0.11349534194408352,-0.1958283166889987,0.06878666672441684,1.0,0.05198106801012949,0.056329053860536625,0.13312879269170927,0.07648224247559274,-0.08965918926444909,-0.11418187469516525,-0.08017427868474838,-0.10976114811117284,-0.048739770688389,-0.06101044215389482,-0.1974762519192776,0.0038934081059856405,-0.022989687085520866,0.05217869044992552,0.15107469272680163,0.0921147241103205,-0.01421893669619175,0.008718244947242257,-0.02557542984372255,0.03755769456253262,0.03444157925966555,-0.007937257310531246,0.050166750295536904,0.062156386828635474,-0.0041810210694410155,0.012407663784512373,0.05553263917300248,0.0010175409354244637,-0.04261187886016028,-0.03907746204106368,0.021436899773018443,0.06858503819228393,0.03684920878268687,-0.07477710411183593,-0.021920561457978188,0.006662949226928453,0.023011267481012898,0.03958185895417535,0.002167860087461359,-0.10361723854619583,0.025532244264598287,0.05780084873597554,-0.014399168310823447,-0.006034299597967687,0.005928526085103977,0.05798030847856332,0.05893607314530092,0.002288722417009694,0.1785148259041498,0.0,-0.254658075862638,0.0768900717701647,-0.025148531748783207,-0.12862976397410597,-0.06644261355326767,-0.06475814548167699
subtraction_time_value,0.07479297893041953,0.06570570980970249,0.06754607266112034,0.06781461443091165,0.0966362147600447,0.06581658715861019,0.08288600607666025,0.0469521359007365,-0.02617730150208875,0.009229859643962618,-0.018840301555567728,0.053052441160925445,0.1391874324367867,0.096313792459506,0.03181628595046519,-0.08448626422415915,-0.14293086200705848,0.03622476419312668,0.0647539932542857,-0.1532975288793652,0.06592581182573992,0.10953841378983,0.027026509238376763,-0.015870321766114363,0.0641858441988217,0.11787579732669114,-0.049973637689950084,-0.06905215994518267,-0.09270508870267534,0.08210509613079406,0.18607461358994407,0.10192489636198485,-0.013379979017044347,0.07901238834987183,0.02784595181281138,0.011029135198689395,0.06950979107620527,-0.03997954691953817,0.040187425135065395,0.0673539488634771,0.1177050068863053,0.03506402318904133,0.1175859154493366,0.1766156973616338,0.07935723050576163,0.0645536942588932,0.045250073262861804,0.07219130196244321,0.08014933410788186,-0.2455326166945502,0.08168128876053184,0.05198106801012949,1.0,0.13373576538629267,0.02651070042464271,0.15319759113831338,-0.20056734074263888,-0.15235953799903038,-0.14770324328431692,-0.13793952545225485,-0.08780854687142851,-0.1467681204759967,-0.13505183386031153,-0.11863504416264663,0.11080529132444873,0.06996908346613545,0.040552358071999195,0.0038302840429927155,0.06854602415641639,-0.02714228248092427,-0.04857834474513495,-0.031873224098600564,0.04984724326157841,0.04829446565263779,0.0024886807629327426,0.04366029783578238,0.03403160791450042,0.03730626107367183,0.06227969150130019,0.02876394935878159,0.011328004302869482,0.01649885174438084,0.08846515684870322,0.03787918863930749,0.04448695282503751,0.02409354728237047,0.05169693228908486,0.043730664741653213,0.03989731468172168,0.0525440299633876,-0.0013755178294019368,0.04162850296863438,0.0426766727032917,0.07933042737769917,0.036425497761675085,0.04073504381300735,-0.007292632749334805,0.059551602177248225,0.07424441068049767,0.04476655810675188,0.038272219771965335,0.0,0.0064025501902678465,-0.05736809026666726,-0.11474153170503112,-0.08266410366554552,-0.08713545617250064,-0.09877908185056714
cube_visuospatial_executive_time_value,0.033921666651093585,-0.003976766862862161,0.02556259969080304,0.027394001832522927,0.03403216949227686,0.06811270902795173,0.03422578497442542,0.04713044117088018,-0.02173360354294677,0.001388249521527263,-0.048987995218025146,0.012935499105451984,0.1191701955522452,0.08585631027634537,-0.008728168582269304,-0.08451994231458505,-0.24769959421227372,-0.04816058527009343,0.054733749237269924,-0.12997634765669294,0.07323073672150675,-0.020634735468896215,-0.10172909581108765,-0.041637954440426186,0.010142332769654752,0.08867282784677452,0.014346954217432225,-0.027587258764448345,-0.09146822828952485,0.030585325902701656,0.2896809933668113,0.0801223440621364,-0.015687995743407745,0.05000625108264536,0.045804516505161645,0.002485969848613949,0.153073988530897,-0.032726908247680445,0.05281769151203651,0.02878884865702913,0.07443654067431109,0.060432651480965216,0.14265809975005767,0.12180900688412447,0.07276974478385707,0.039288259691136994,0.026227054666177474,0.06500620247783316,0.07368458677029864,-0.2290704100777561,0.04663940889722243,0.056329053860536625,0.13373576538629267,1.0,0.03221633276629932,0.09843725367553191,-0.14640011665315733,-0.14454495692798466,-0.1127327857582441,-0.1602442882617801,-0.07085134213226676,-0.10628409736274169,-0.13278618278827964,-0.1484474081427184,0.003019464355775045,0.046428837343268255,-0.012781530144458786,0.023454802422339757,-0.06146292089619238,0.004356953026436464,-0.014557810617760897,-0.03930249539780066,0.0029803880687972193,-0.008379611354526228,-0.06946447364630415,-0.022766738082635855,0.031894848640989515,0.01922069470474512,0.008733149914977006,0.05718833946251265,-0.045480283632957405,-0.013484354957337304,0.03151716564465555,-0.040003246535876585,0.01159283412954697,-0.007092006415705395,0.020273619868418587,0.022896942825843612,0.018799115497875878,0.037608951243736845,0.026021161531172888,0.04882201393663521,0.05667428229363089,0.013433696869959927,0.023827645212862368,0.023890813289944288,0.0038020444479671747,0.026693503752359734,0.017070449076055493,-0.0006711537634809836,0.04653005025957351,0.0,-0.05347385064616483,0.0063558222593682896,-0.11119138985901361,-0.04271747628393254,-0.03966292146035251,-0.1429326160806474
lettera_time_value,-0.1291040294966798,0.06546536524694013,-0.02138199085237734,-0.07966625154488605,0.003785735623019918,-0.06503998266419114,-0.11502696086300335,-0.05425703549642183,0.055343375732633586,-0.018692272209820813,0.03539865316520182,0.03992808116637509,0.0051148600217204975,0.008389432259532289,-0.05428659074605167,0.029399029538025832,-0.03780569651577106,0.028469058329837767,0.06369582132979049,0.05086703217482248,-0.025521495135911273,0.022216063081429715,-0.013512569097217115,0.07485203398167645,-0.03908205569245756,0.003932349670001572,0.04355347692107761,0.04951504132814021,0.1337276913527309,0.0008242322062400413,0.051576807925958625,0.007658182621578202,0.07905658100219273,-0.01563369143730369,0.11833761231858646,0.07263804642958913,0.15114160332430615,0.09385618325062138,0.13036357156957795,0.0391892187556136,-0.006948510515764274,0.04051823232694783,0.057682467258375565,0.10305986290099226,0.20241880496860457,0.03480055340022421,0.12951929938091566,0.037022294245126104,0.14077261734015067,-0.0847467564880294,0.0769376869974564,0.13312879269170927,0.02651070042464271,0.03221633276629932,1.0,0.05047719640084362,-0.035165392975206905,-0.08508459267291105,-0.017844309432251557,-0.030757460108278224,-0.0018982921556795216,-0.003911328321953605,-0.1110495033483352,-0.018500889302570052,0.013148253924022253,0.03042785668429856,0.08764493048108382,0.043314691254726735,0.034007148852715066,0.03702100648497684,-0.0021504899963267496,0.07215984383173836,-0.012402323054196175,-0.022799356169264148,-0.0032824737966068284,-0.03132131251342338,-0.018201728237478277,-0.012905468654037907,0.013031579393485633,-0.026502392740140584,0.0033912192634126953,-0.04019792354594811,-0.004728212884852669,0.008456867301621112,0.014525489246119808,-0.058279209458488586,-0.0385446282247404,-0.047030046223623424,-0.007633686129063693,0.0020379881161108056,-0.007182303955311224,-0.0644700195813053,-0.05122553623297994,-0.0007555213308316594,-0.011198626402795316,-0.001902430195969495,0.00561168011851372,0.0036218980837987966,-0.04821427247812595,-0.06584516153286009,0.1314788310915967,0.0,-0.03937854972517981,-0.09929900416730042,0.04725727019497026,-0.04460784825923754,-0.011230675094279576,-0.03361338481964219
trails_visuospatial_executive_time_value,0.011631403908404803,0.017107377939845562,0.04319165757743457,-0.009861349459216587,0.05308731615633356,0.036852509377370016,0.0008011349066922526,0.006725962392453453,-0.0005351498667195906,-0.015382814226519577,0.011595591399055015,0.05975256558175534,0.09858901543579156,0.04687249048541077,0.03742225879039951,-0.04923640843111016,-0.11324409519071753,0.009287417002589227,0.08410868474051596,-0.1272213265007724,0.031762311976050575,0.04821063144955377,0.00042006755757930644,0.017712259276057452,0.022951485131103008,0.05676661597783828,-0.04814679157360824,-0.04750034109991631,-0.04160386617110995,0.04046288119816826,0.14061838474118157,0.05429600606122679,0.0468666491015851,0.05544492335578723,0.025197387535926277,0.051702623486653866,0.03446187507509189,-0.024500566070688783,0.045010825741917546,0.023221656958251083,0.08442041841767056,0.012540105922085598,0.13570642723302548,0.14902008597394792,0.0670169028101006,0.06284287191618082,0.08957350454495892,0.07816231899530006,0.08270676421315565,-0.20624595955270766,0.09337308214364294,0.07648224247559274,0.15319759113831338,0.09843725367553191,0.05047719640084362,1.0,-0.13075641675511596,-0.1461949598739651,-0.12005301005667048,-0.11432386223215998,-0.056406826658599106,-0.08626401953673189,-0.1332895583846988,-0.08505928855690251,0.013360472738909664,0.025564344529166335,0.006190742627192797,0.026056913144435034,-0.013557672036784586,0.0036924717189352886,-0.025048452627134288,-0.016934942676741498,0.013653561223151102,0.013357422261705077,0.0038709403452844497,0.021714605090761348,0.005907623906583254,0.025809414674015117,0.013547410787853365,0.06975535636899098,-0.008043931769142068,-0.00018558576775877956,0.05336645797249823,0.053234618871334564,0.018980067197237185,-0.044804291476862976,-0.029307216524770034,0.027084917460796377,0.05679095690106832,0.054952588019339395,0.0154753976483839,-0.03627854047271322,0.06455631528905369,0.04061726330515588,0.03182143910979668,0.0067769321245575035,0.01870112955458056,0.029485874105242747,0.0063330869165389445,0.029109993852578224,-0.0010727123350034388,0.0,-0.006573005996782859,0.022778480302309945,-0.0767953633023269,-0.07480954477247187,-0.03676701117846881,-0.10783188977268057
moca_combined_mis_score_value,-0.11030139110997192,-0.1761563042823395,-0.13717838333475832,-0.119128057402175,-0.22104402496356879,-0.04495162320573221,-0.12697010620334276,-0.02898104182334478,0.09425340390333033,0.013827583426034315,0.08394921232552913,-0.07139124108292194,-0.18869492768918916,-0.09433458134769943,0.03727112105681181,0.058862445827654035,0.2121404069707064,-0.022925876986274546,-0.07964358236415954,0.23954514401109936,-0.09590773542427189,-0.23994305474861466,-0.07745810560961813,0.037388390277600776,-0.12791948962535715,-0.1333133082487465,0.10880191242553497,0.13406663229062227,0.09105812384207669,-0.15336760086363152,-0.2427351567029002,-0.16891340645507413,0.18660259972725213,-0.14482585461402697,0.1460336891670492,-0.049420283900762044,-0.09069916625314071,0.038396364540353174,0.16211146878804084,-0.10861622910733498,-0.1324456570527569,-0.052625910313559995,-0.1555005269575609,-0.3641812925607306,-0.10483361191105255,-0.060896791396544116,-0.0740608285008078,-0.13138492307252075,-0.11016821681513758,0.4930185428009965,-0.019455614777956657,-0.08965918926444909,-0.20056734074263888,-0.14640011665315733,-0.035165392975206905,-0.13075641675511596,1.0,0.2725780365314885,0.2514460224319234,0.3147893976063761,0.1468838122673818,0.2031123811641129,0.28509155411391185,0.18353122347836773,-0.08853314146292497,-0.13647603618370083,-0.1051281350399732,-0.014949636657387117,-0.006170695238313975,0.07578723946129237,0.10403627534933871,0.0979346978190885,-0.07914361358226837,-0.06425579749211284,-0.01924007596594257,-0.0679024285656108,0.01897541653368537,-0.05905572889935284,-0.1183367065006185,0.042814020495560615,0.024180088964568323,0.050884958297608494,-0.0839584794733227,-0.07225360981493464,-0.08629795674012015,-0.08340061015026266,-0.1628757394569486,-0.13362637137911712,0.041847955552394206,-0.04051813789180031,-0.07089655445239913,-0.06283333545371385,0.037695107195016016,-0.10068597435643607,-0.015291971701568687,-0.0773713426750738,-0.04969039038269701,-0.06026132566880749,-0.26253685997141024,0.018829076654761225,-0.07565370063474561,0.0,0.02118865359655086,0.06461756512987224,0.14051850613547454,0.2033684076863259,0.1496525161994195,0.23095144456577826
memory_trial1_value,-0.04366673215109502,-0.04879179054135165,-0.050495402346721514,-0.04053796945215703,-0.0923171980024482,-0.00023416173430256614,-0.05543365151679899,0.008621460775905247,0.013221257689581998,0.040693270634151936,0.022695953545036392,-0.06425430831146953,-0.13336146057284026,-0.06504706417543665,0.019295305387349033,0.03348531506843837,0.08087937129094781,-0.003724117276985759,-0.08765183603457381,0.1512133661230715,-0.030474912625938076,-0.12250208306523035,-0.06481955136432187,-0.012145584769799676,-0.002301725017551071,-0.06589945680337227,0.06929368097594973,0.05309529274700816,0.03196154257253428,-0.04841831415112438,-0.08362545770592163,-0.05827469222002746,0.019466191040692103,-0.04359143330677642,0.08007191414932036,-0.10412355554338674,-0.016601715465120036,0.0031702395615177564,0.07507442928807181,-0.04767922896400926,-0.07313893831574826,-0.0160809011735426,-0.14485072078257408,-0.3130093237797621,-0.06615788833225655,-0.05898665065784284,-0.1510438859367018,-0.08024757417776807,-0.11962118885646247,0.39316523009703147,-0.07915998935819016,-0.11418187469516525,-0.15235953799903038,-0.14454495692798466,-0.08508459267291105,-0.1461949598739651,0.2725780365314885,1.0,0.2491014806162344,0.21025387926938433,0.12654910261171784,0.17399727162907727,0.27044300898919443,0.09206486664392997,-0.07064767578467758,-0.07830882876773763,-0.07117192755695684,-0.016352330832432416,-0.03462743837081437,0.06809101398447227,0.05819705941290059,0.01382158974355726,-0.09870567898429476,-0.04357563923500271,-0.07332479847256067,-0.0854693145998979,-0.001892806746087466,-0.03089492369134641,-0.0793927876752523,-0.03067540879740768,0.01364219765688226,0.012631024730328509,-0.09075964902047613,-0.11928666014766974,-0.08240018873876909,0.03794090322871276,-0.027178847615805562,-0.07046794727990302,-0.002283898898682242,-0.06826504502043838,-0.022988266123026686,0.0668858850894352,-0.06225086534605779,-0.10869182598568074,-0.05255118219363232,-0.0609720321849678,-0.016748116157339614,-0.08228383899221747,-0.11876715286339648,-0.020883787869199668,-0.08345163686581947,0.0,0.02133029000687623,0.056036757056385854,0.10248843763995905,0.18488544000206253,0.13058886374545983,0.17808973932627417
memory_trial2_value,-0.03023132031306533,-0.06717500297403463,-0.06305440924076232,-0.029686535392564398,-0.11008084831926833,0.029331719218937298,-0.04398360878854758,0.024850348734373036,0.026597647769674215,0.022264495230094224,0.02812396901902484,-0.045411065478519676,-0.1544134430032089,-0.09399159004334909,0.037761751415055944,-0.005891184593881687,0.0952266682402282,0.0011362460544586499,-0.06072207038599475,0.19232979632426195,-0.042896773468029274,-0.1474171871922453,-0.06905595591648334,0.007295950412646585,-0.07195519456585166,-0.11796297832571893,0.08302547780345114,0.06052711014167652,0.07985952726187262,-0.06420475222261636,-0.08962141015479282,-0.04922478772250246,0.045147583263349306,-0.04018400594254704,0.08924651302007612,-0.05521694737018612,0.018933131559615655,0.03548608012479769,0.10245323255420763,-0.03216974820452761,-0.10467850494349491,-0.028005007600970917,-0.13722654424864722,-0.31898967332329287,-0.050885945179688696,-0.027006284012641404,-0.11800261136195844,-0.07746996277793748,-0.12497444096896915,0.4094745032515922,-0.05564379814293126,-0.08017427868474838,-0.14770324328431692,-0.1127327857582441,-0.017844309432251557,-0.12005301005667048,0.2514460224319234,0.2491014806162344,1.0,0.2720805809450775,0.1193503568016085,0.24736486944961272,0.25660741720452096,0.12656752904055368,-0.032367036805452803,-0.054449044237034686,-0.05707951687540815,-0.01910221431294223,0.0021944748158726794,0.0530395388213885,0.05694033235934822,0.06379284896173067,-0.07586358748328975,-0.06227776916220565,-0.04400794663101439,-0.12001269091877569,-0.008560071868317918,-0.07031064045895548,-0.07747674615811484,-0.006426710727575192,0.019166438910972586,-0.0007132100111560947,-0.10428986934392928,-0.11022030813395804,-0.08966951105044398,0.019721480765709825,-0.05580364299832218,-0.06257073958399932,-0.008534042111512668,-0.06928479738025273,-0.04007411904804365,0.0017824436271125868,-0.055339055769432176,-0.1071940307599148,-0.0615613604823094,-0.047626940942239564,-0.03796715989825312,-0.055589737688484346,-0.1490668891972487,-0.02298992781364632,-0.017524459563738645,0.0,-0.0424503763632192,0.06897179575322777,0.09372490052620712,0.1716011687509924,0.16210090981798833,0.1912195622474296
moca_abstraction_value,-0.19985370617406148,-0.0692041060119678,-0.06408548427567484,-0.1872908693749764,-0.14160014298003884,-0.11333139952474797,-0.21054324695441498,-0.09277869146384346,0.09064511814120112,0.01243594566128728,0.09251277231706576,-0.05629108741043272,-0.1979766103253973,-0.07131517031088046,-0.0071641289177147675,0.11226236868122852,0.22554010007136063,-0.015115956263502785,-0.056592692083346885,0.18116835152297045,-0.09365114844285768,-0.08021874337431252,0.011491310477681682,0.05399990999867499,-0.04946443349152544,-0.09457154132953834,0.016223438556728878,0.09123601774209515,0.0701240288011612,-0.05113041831234562,-0.2606486826351694,-0.10501018979627769,0.11289101639093446,-0.07555475517220703,0.1286346018297188,-0.050554611781969,-0.1437060293503865,0.01878890506255142,0.1626191374956541,-0.034677480774372174,-0.10618842632143671,-0.04049505471309818,-0.09751299267205034,-0.2768923330658321,-0.057625349155091904,-0.025674602808772724,-0.11214819141092441,-0.10814087284235631,-0.09143570799493568,0.4723478607966799,-0.05168495191263239,-0.10976114811117284,-0.13793952545225485,-0.1602442882617801,-0.030757460108278224,-0.11432386223215998,0.3147893976063761,0.21025387926938433,0.2720805809450775,1.0,0.10819955949525564,0.23802630567309352,0.2619954431878522,0.19067592196071773,-0.18392486821964404,-0.05342622006432917,0.0003004989946959863,0.14128791335492222,0.017703577658283544,-0.0013869666713050574,0.025634314466520727,0.057167355883419216,-0.031299736246055664,0.02474683268688691,0.03057179064330371,-0.025399096206246512,0.003949045021783337,-0.04845771494919418,-0.08097034816788866,0.0020879182936069294,0.03948841021797166,-0.019145741108875323,-0.05901121311352316,-0.02536356382714246,-0.08337955962369392,-0.006546684264548787,-0.0675633524988298,-0.04525646672562614,0.03691722396477676,-0.016341945720076828,-0.0046866552739146024,-0.01460856155450939,0.012329572253892324,-0.06715192027293,-0.005414350403193241,-0.03875223660103298,-0.050127547591243334,-0.023716585881989407,-0.1778851479431046,0.03345894462061263,-0.04344320303709808,0.0,0.023137342865162388,0.02038041209277859,0.18930320389859523,0.16276515123852717,0.12629071262140473,0.21220319228307416
moca_orientation_value,-0.03091165379046312,-0.0851826934888436,-0.08625155706130087,-0.04301208321864684,-0.12188174656504829,-0.005727275668673492,-0.05141540410960845,-0.005843281360087389,0.006240161536795726,-0.001897001353475232,0.01071965773166818,-0.03931798719959443,-0.11395028907204181,-0.08372617980280438,0.0349915476192914,-0.012638440964987936,0.05762047827221934,-0.03314759954961361,-0.06902341887996823,0.14699721842894367,-0.03402346052087546,-0.14021140726204487,-0.04201790484705461,-0.0024021009806965226,-0.07913994801099522,-0.10801617859787226,0.08221586008439014,0.07087016160829636,0.0717290079410236,-0.09417637755894363,-0.06140544078143872,-0.08621817450226123,0.024930453487763155,-0.07044359165304033,0.06683694038032836,-0.025807571670784707,0.04506631846944787,0.03835162151836567,0.030335275624020407,-0.0601133381113598,-0.07771443885394351,-0.0379632185811908,-0.07916525178291745,-0.15296729659260921,-0.030893738764217,-0.012782296295597744,-0.030221470715789126,-0.04851811568859421,-0.07201534629311149,0.191147086890278,-0.058952127076016,-0.048739770688389,-0.08780854687142851,-0.07085134213226676,-0.0018982921556795216,-0.056406826658599106,0.1468838122673818,0.12654910261171784,0.1193503568016085,0.10819955949525564,1.0,0.1178487945897891,0.07814272801605364,0.057941474113540434,-0.0725616686751498,-0.02873793192213368,-0.05932646094355642,-0.022059279933618114,-0.08193004154172208,0.010693190045469037,0.043749354139004416,0.03708916063374194,-0.08735672292069911,-0.07499788884903255,-0.1017884023664869,-0.13328641646772746,-0.06921377948555735,-0.0906475103561438,-0.060616335727829124,-0.05329006680933526,0.00538603838077315,-0.05296492618003336,-0.060440201417418626,-0.09613220357745828,-0.0994895279631962,-0.059073251330432223,-0.09823574913097122,-0.11199108123410638,-0.018975351916696102,-0.029676702759229512,-0.01239469429012612,-0.05222627326917757,-0.07925737464407498,-0.08788454106645659,-0.0722296341411018,-0.01754838505736686,0.0011527274825371633,-0.10971380334622542,-0.14817952873683865,-0.06647722024819153,-0.04199854776102091,0.0,-0.026955100274081753,0.0875360480615504,0.0553433274902696,0.10083361816807493,0.1610297984054136,0.07317300766292195
naming_value,-0.1037883465598758,-0.06986711360321743,-0.054657859321465184,-0.07976298350064177,-0.10307292995060882,-0.018083597115638846,-0.11021584144505897,-0.03820443184663247,0.042645114621682065,0.038248379241014485,0.041789264071889536,-0.019805246907429658,-0.15765080106348453,-0.11326234659222509,0.011551374937991077,0.03349815816941582,0.12042427356469339,-0.0061834694394675175,-0.0575348991535347,0.21589944877847458,-0.05415906137267974,-0.11256764864333124,-0.05392299832210439,0.012031244860424216,-0.05624136907869993,-0.08661487690022167,0.0739813774890751,0.08129281640382519,0.09385455248885562,-0.06046714729455468,-0.14069259825626135,-0.09813907982708626,0.06523252332615372,-0.08954348184319981,0.10313792516370669,-0.04276835276793458,0.03454546002321273,0.048617274397153444,0.10837773727275592,-0.03495268330307741,-0.14129715335957332,-0.030539107273386743,-0.11525224811748236,-0.22484882852179322,-0.026319764211854602,-0.02803239330395865,-0.05810861761854939,-0.06459355920394423,-0.07243706161884005,0.34719417338442227,-0.05443472959419465,-0.06101044215389482,-0.1467681204759967,-0.10628409736274169,-0.003911328321953605,-0.08626401953673189,0.2031123811641129,0.17399727162907727,0.24736486944961272,0.23802630567309352,0.1178487945897891,1.0,0.1866610450088545,0.11886718947532528,-0.07974311798124,-0.042223831870317814,0.0011792521453211414,0.04605889298118013,-0.006375802517814269,0.048273548158071417,0.03001739622906538,0.053104390475605556,-0.09280397432918057,-0.0550307610443741,-0.0162715559451243,-0.10064275743135674,-0.04135735375067223,-0.08635113201880334,-0.04176606004752989,-0.030382792090824885,0.023762737773609995,-0.043249059045921044,-0.057745553224068755,-0.0856594391074879,-0.05298071844562018,-0.02045394769970321,-0.05836740302569043,-0.06889384083582129,-0.033966180260809435,-0.06388266064045615,-0.0314040750509083,-0.025736861704715102,-0.05870141758511986,-0.06457283538920175,-0.050750946171618475,-0.023887431809292814,-0.07012871607996564,-0.020306110510281163,-0.14483177040950218,-0.06801918531137599,0.0506154279357422,0.0,-0.05182627264570252,0.0020268933610317966,0.15376442891343264,0.12948778134485348,0.13105205669434739,0.14992333037644587
repetition_value,-0.015333810130869808,-0.03930936629936192,-0.029377959870929057,-0.02885884668017713,-0.07409101906438353,0.010799081952131905,-0.03724213159479545,0.020991730344014813,0.048370908939560184,0.10814368993287526,0.0028560004734969825,-0.05294024113585752,-0.08747796305687462,-0.042538116390088615,-0.0059816111171931115,0.04811672420495108,0.11885913407696407,-0.0038346354987567163,-0.03768172615839036,0.15781897275829967,-0.01675705743884452,-0.10051614438041762,-0.09156132296134475,-0.03137071726208689,0.06317797483230682,-0.04302702642128676,0.10680358785307503,0.0643473701654034,-0.007577321554086448,-0.010275744950717218,-0.08967116438927737,-0.055100210420416955,0.04509333247967121,0.00953135895055076,0.09197231074110218,-0.15748104305185442,-0.03936164821158254,0.015179612353583036,0.12089549331818011,-0.014219948578796536,-0.0347196069842504,-0.011418480333781929,-0.15495548864035097,-0.3679582853662745,-0.10481464232065484,-0.04781698333818361,-0.22866305780435733,-0.09742832530992834,-0.15296982492091984,0.476366706169034,-0.08615889522201366,-0.1974762519192776,-0.13505183386031153,-0.13278618278827964,-0.1110495033483352,-0.1332895583846988,0.28509155411391185,0.27044300898919443,0.25660741720452096,0.2619954431878522,0.07814272801605364,0.1866610450088545,1.0,0.1078847046145457,-0.027313729524480884,-0.0753191857254634,-0.08602152028390513,0.011210596107851384,0.08787275142783076,0.04103070472285415,0.048062883782045145,0.032082204152090024,-0.03909303465170428,0.019616363899386657,-0.03609096880738995,-0.015906499177192113,0.049923526783682705,-0.02362472283846865,-0.06028091378993223,0.019018002422389515,0.00925177207534487,0.07237243298468066,-0.0429090048752432,-0.09945453704423972,-0.050455544804001475,0.10640383969763323,0.06348670096689632,-0.016192417412608774,0.02107329899616909,-0.02499227076646663,0.0004677730259641713,0.10207315654194413,0.010406654754079064,-0.07582632801923314,0.007687898023198867,-0.04266682402270697,-0.04139173826009237,-0.033150583216032474,-0.09345811696970856,0.053625851661292114,-0.02349418699884888,0.0,0.019089177846640368,0.007906800268757537,0.07216296203790273,0.24548199634030224,0.12904473382948342,0.19270142016992645
subtraction_value,-0.11650132303102416,-0.06556471173973158,-0.06631718699442368,-0.10971626498220621,-0.08262043411089078,-0.07093618470528044,-0.11282191799331956,-0.07878218841126751,0.07134902375613164,-0.02962002467729073,0.08083002594140544,-0.015438047631135774,-0.14297220643353645,-0.04778328918165412,0.012485854810032627,0.0709551646794287,0.27981546784791106,0.029194862343214004,-0.03257437745067205,0.1607755042911055,-0.09851724287738697,-0.008134887069998679,0.07428733213538972,0.08278738585705298,-0.06433545213396198,-0.08240599766116806,0.00951979723147805,0.06195737788637394,0.09838643644480151,-0.06298024517251552,-0.33378227812261263,-0.13356070850097576,0.08494146470711336,-0.10379987938521172,-0.017424757978391443,0.04385495809652781,-0.16400884544680497,0.03737584957688318,0.005126573974115909,-0.02908045092873812,-0.11880838164886129,-0.08728353107876265,-0.08329067356698913,-0.13331581975133183,-0.055404432945813084,-0.01851499862943679,0.004034028514287388,-0.06462330289002866,-0.06571661958361069,0.2597188807948137,-0.013393374784426999,0.0038934081059856405,-0.11863504416264663,-0.1484474081427184,-0.018500889302570052,-0.08505928855690251,0.18353122347836773,0.09206486664392997,0.12656752904055368,0.19067592196071773,0.057941474113540434,0.11886718947532528,0.1078847046145457,1.0,-0.08742686062107732,-0.02316207213990121,0.042116654376957406,0.041943525947747654,0.03904701471121688,0.02984848498521818,0.020654619233095372,0.09154881612324052,-0.019026583751340077,-0.0024659463775501098,0.062075954218402174,0.029313374718688036,-0.010017854737401768,-0.05517064727327741,-0.031556652846587215,-0.020312249970148778,0.0207404914282018,-0.01114660203534923,-0.0493028008242761,0.022545471087413647,-0.04254317772945234,-0.055915311751993824,-0.0877628914132326,-0.01897298948924393,0.014863683172982579,-0.013760968661636567,-0.0011118491759838317,-0.07599435383645116,-0.02847229070517416,0.0007880288845598838,-0.03361717472057317,-0.04412450714717713,-0.027127216970625652,0.005834823112118895,-0.10572387429659161,-0.01246551140928705,0.027647467800854614,0.0,-0.018284824846607445,-0.007249957734143123,0.16255475435262418,0.08691970350137983,0.05192524147090004,0.12970675708980847
Rate,0.5360191641659162,0.21071636325984916,0.061109127067553975,0.5215308151625617,0.1094178672834311,0.2494000618868694,0.5766970131458465,0.30301738209922174,-0.053251124742603746,0.1488208150882473,-0.16669305842929416,0.09684646543770976,0.13129326364254487,0.08561490109209494,0.10441913134744554,-0.2407090687336681,-0.1005639211827272,0.04874469207970858,-0.013998880671533912,0.19301284609444902,0.014967226726153986,-0.03022993183190394,-0.06232912913708201,-0.12083302519289302,0.08670073873976186,0.055847637593008356,0.15464270048606968,0.018286249617170222,0.02006579492739807,0.032682571349901164,0.26521985719898084,0.11954603465664766,-0.02821823581277769,0.11339508533392254,0.04897265164902079,-0.0895291161542461,0.36715272510801117,0.10918670304210544,0.052339287454202285,0.08531664109580671,0.09965875180685763,0.03468377262214315,-0.10949409474435187,-0.0008560219613669741,0.0696720231347098,-0.03803887237913638,0.01739696886095049,0.0008142102336638676,0.011380288724385729,-0.11666206349841259,0.029031108302758877,-0.022989687085520866,0.11080529132444873,0.003019464355775045,0.013148253924022253,0.013360472738909664,-0.08853314146292497,-0.07064767578467758,-0.032367036805452803,-0.18392486821964404,-0.0725616686751498,-0.07974311798124,-0.027313729524480884,-0.08742686062107732,1.0,-0.013602712473201967,-0.04165555158328374,-0.6050444362199904,0.4020970009366966,0.06165054557007707,-0.025175820681490237,0.06170473642788403,0.010105860247887436,-0.02626387649873012,-0.025833206584168412,0.07554995683042791,0.05526739665245864,0.0211589754687154,0.08538635560204423,-0.00835652799336209,-0.024329910954524445,0.11583845099311232,0.03991086955238645,-0.04493456266405292,0.03223524503290177,0.12176676845435908,0.13159980918432956,0.04144215406673127,-0.03298292478592836,-0.026734563476578006,0.020584361218460915,0.10661970212305227,0.006921895832838818,-0.03944243180324087,-0.014735184719889317,0.01617686104548141,0.01408390917257771,-0.026289695096535774,0.18326907158678338,0.0010538358075176226,0.10536581401021267,0.0,0.09622626529773806,-0.21616221858641757,-0.1250172225986023,0.034213348405518956,-0.04076348141557368,-0.028034581641089573
PR,-0.05007294248284881,0.12572960458996205,0.03670912996058527,-0.004322287459547742,0.11308146042196973,-0.01642841704125028,-0.0379859273343813,-0.04313822064512866,0.06091032784347034,0.014736081280557705,-0.021318635884298966,0.054627820630500507,0.06613582456260293,0.0376571293230278,-0.040481446223677234,0.00605224298875836,-0.03009150094001251,0.04456168904533767,0.04379487653540977,-0.07140552985635074,0.03784390952127974,0.14547462275249406,0.002776603178668103,0.054652294869673115,0.0623849264897895,0.04015529822684785,-0.03797534188476798,-0.02283576879162876,0.01632035837803634,0.1136570968568489,0.059367379650455424,0.06930550411215418,-0.023144344251925394,0.05043877747524452,-0.09116472719680792,0.034697921003072243,0.09067002130363268,0.06507406841899628,-0.0568818569934994,0.091367839023769,0.02683714382434873,0.01577457332647554,0.046104050793456114,0.11935854543159213,0.09089514223301233,0.0677896240650632,0.022951845729105847,0.03283225889611655,0.07109554941791446,-0.10735247811690847,0.017520637485296153,0.05217869044992552,0.06996908346613545,0.046428837343268255,0.03042785668429856,0.025564344529166335,-0.13647603618370083,-0.07830882876773763,-0.054449044237034686,-0.05342622006432917,-0.02873793192213368,-0.042223831870317814,-0.0753191857254634,-0.02316207213990121,-0.013602712473201967,1.0,0.13645723419341985,0.10089380995759008,0.03129697988596037,-0.011635313222953922,-0.05513707988472667,-0.009696243309038021,0.04511277223295933,0.022139667407252477,0.054739188185720655,0.06212825009047743,0.024404320247758546,0.023526318480448234,0.06888521292829317,-0.006179559341894193,0.014972524646487574,-0.017087593834755076,0.05093011926034324,0.05010691022913614,0.050385654379572035,0.05144621744321425,0.10157855540510809,0.06248338504327544,0.019571193734809898,0.020152523602005507,0.021000125429804818,0.036445559971119916,0.010776872335857154,0.0567668441589064,0.021283907465154746,0.005636025046382934,0.009028257690738162,0.036206088965787434,0.09312035373774709,0.00150343569156699,0.2081050444245133,0.0,-0.09288077639949643,-0.1239177681355842,-0.010829873690630635,-0.03391931182071891,-0.0600401225217789,-0.05581271969409452
QRSD,-0.19377151783645852,0.17807191534138575,0.0693304989930723,-0.09831742917179802,0.1361247875421081,-0.1479519811227599,-0.17920796320457533,-0.1849445339149935,0.09745207266238205,-0.029987350494489577,-0.027254045568010504,0.06778474843325569,-0.007967495139082825,-0.044056058168874916,-0.17981127372926403,0.1622799941143979,0.08790216225817472,0.04083442327383119,0.041753102178298356,-0.06869752517932198,0.009252727189097433,0.19406763075905115,0.044679412905232405,0.06997423312407912,0.03999120545177076,0.016397079066299242,-0.11154242462851982,0.10946219618274197,0.06664625323997442,0.1935194201475418,-0.12517248509298526,0.032315826240578986,-0.019930509582876486,0.001193549304546935,-0.09868182163446196,0.10460295881545663,0.038156128852155434,0.08163852897439602,-0.000812149200831022,0.07408173510384987,-0.01487826156177168,-0.0028003623761665448,0.008285508024402793,0.2025554944776381,0.17016577671593525,0.09966782389680079,0.074472465693276,-0.022128466594789422,0.10816793623801531,-0.10631845028251141,0.01693588783350348,0.15107469272680163,0.040552358071999195,-0.012781530144458786,0.08764493048108382,0.006190742627192797,-0.1051281350399732,-0.07117192755695684,-0.05707951687540815,0.0003004989946959863,-0.05932646094355642,0.0011792521453211414,-0.08602152028390513,0.042116654376957406,-0.04165555158328374,0.13645723419341985,1.0,0.27901856970693767,0.2277806861210242,-0.024904082965415932,-0.15659628884855734,0.04056325553802965,0.11638849758394201,0.031598198860642884,0.17560383783330538,0.19299240396885106,0.016145298767878263,0.00961414934897809,0.13469086249231704,-0.04796655770700801,-0.02252776521823924,-0.016928573862464966,0.03242554508264207,0.13058008830256862,0.09473765690110017,0.035735971805931806,0.1360743517953184,0.11917239082277346,0.0320963301874393,0.015125949988488496,-0.0038440561951397635,0.007801666784201306,0.00985304780944141,0.12154840725747691,0.025145563853816177,0.03062079880242016,-0.014728271084252202,0.12712304084434822,0.1522906439405725,-0.004706549763014567,0.3725526095331545,0.0,-0.26521447316658786,-0.12627574276086284,0.08924113129209535,-0.10270206767098493,-0.07114533251524202,-0.049566388547271814
QT,-0.5359137749275479,-0.04585747281219339,0.038554139313287446,-0.4685853996750055,-0.006738412640968412,-0.2693973226532806,-0.5597066585699457,-0.326777059391636,0.11152301360699045,-0.05249569257684791,0.09881668431743242,-0.0034509720825332637,-0.05986153874351506,-0.05545320651544914,-0.18183233151644876,0.29307320896094746,0.09826353992518974,0.013777587361771636,0.09759645074198633,-0.1902955192201538,-0.000834900088337264,0.20648323537358104,0.0835853429128462,0.11954359222496173,0.03675473288072327,0.009806514881335309,-0.18849590147655226,0.057000405646696145,-0.08659616503046369,0.16226020413816894,-0.23284569098124375,-0.030309002146274838,-0.01332327549186963,-0.03780643803941933,-0.05175024333163985,0.046429678685375196,-0.24220659424402452,-0.08200087089796805,0.03556987601643792,0.04109318044971911,-0.03664149737272078,0.00689653950192966,0.15346280137541948,0.12128768779364268,0.059809373056483296,0.12865681138002746,0.010003155046329384,-0.006616391821354576,0.05601989189808582,0.014177880372892526,-0.006143299690397197,0.0921147241103205,0.0038302840429927155,0.023454802422339757,0.043314691254726735,0.026056913144435034,-0.014949636657387117,-0.016352330832432416,-0.01910221431294223,0.14128791335492222,-0.022059279933618114,0.04605889298118013,0.011210596107851384,0.041943525947747654,-0.6050444362199904,0.10089380995759008,0.27901856970693767,1.0,0.06479609669646315,-0.035418785013782116,-0.09090959431528069,0.04183048216391966,0.07326814814880775,0.11061850262263609,0.14441004164270518,0.1097306637358222,0.01514285332008002,0.013082271787523251,0.0071369541553692045,0.00400040363358662,0.007664477162065787,-0.06848825859992,0.011154589176281334,0.13106674992994524,0.041344577084672776,-0.02217138674758284,0.048317716726620726,0.05264795667906289,0.056931259682828465,0.05700309731878676,-0.012552758115912539,-0.02887140546004255,0.05022777053993239,0.12303745866730798,0.07604677741149796,0.017938795809286104,-0.018412047684734142,0.10367250090842409,-0.04511422204268039,0.06235365275174595,0.15170883656597134,0.0,-0.24715147495394146,0.09706241829245235,0.10200561657903928,-0.07303333449117858,-0.01816358680493671,-0.004639222715728532
QTc,0.06567603242771412,0.1784259629749382,0.06765038810428751,0.14262301739086838,0.0689112753043262,-0.017843855611151083,0.10761265627967544,0.00163635003961422,0.04834079788884459,0.13421324293127143,-0.07938299974505972,0.08365066992801166,0.05276161338589124,0.029873610227978672,-0.040951722513528604,0.038679626353255815,0.10780651314316417,0.05687652443832147,0.0356192986533467,0.10916330536550636,-0.03634111482111748,0.145014153205701,0.025541552265049866,-0.018268550404925442,0.10331626288258329,0.021538795470787207,-0.013470566559631797,0.1156726811736891,-0.020675042571462875,0.1546052557835904,-0.05964935526383641,0.06996957565262159,0.01903463674300495,0.05422163606496165,0.04832685964934104,-0.05225614127473238,0.09013282478736506,0.08708997370348341,0.13855604219687215,0.09770554231823668,0.03819261083592911,0.0007512860465219827,-0.06924019627921021,0.02291135545384028,0.11378324953505535,0.03140513431140385,-0.024315889212310832,-0.05483965051353648,0.027959668038210813,0.027183089698157196,0.020132648669845696,-0.01421893669619175,0.06854602415641639,-0.06146292089619238,0.034007148852715066,-0.013557672036784586,-0.006170695238313975,-0.03462743837081437,0.0021944748158726794,0.017703577658283544,-0.08193004154172208,-0.006375802517814269,0.08787275142783076,0.03904701471121688,0.4020970009366966,0.03129697988596037,0.2277806861210242,0.06479609669646315,1.0,0.05132367831645968,-0.11137210898085259,0.13684712995161527,0.09350071329749511,0.05978066558911979,0.16068564953505743,0.21465413831947847,0.07811762014625181,0.04237912087969144,0.1075097564346267,-0.003535013058342975,-0.01280931587970807,0.10773737337438141,0.05314533182258691,0.10567969935335388,0.07744961690648107,0.09440692269760281,0.18749479371556624,0.11916843761729766,0.03300976754507174,0.0305704444956503,0.0015332214086258293,0.06723126991734808,0.05490932245469605,0.05238031514580768,0.0590242420497163,0.016479327906758965,-0.005624040478144637,0.08354802189021061,0.13034010581139083,0.05946912152515772,0.25073611623339526,0.0,-0.06160211636090408,-0.20376495873640152,0.0356198322488343,0.02807906917836347,-0.040369115873972405,0.03709824130275101
P,0.013717077596566034,-0.03930229709370256,-0.04217124294269602,0.008855339355510278,-0.02122888495764029,0.01989880494100922,0.011533110596837716,-0.002301915975302498,0.04172649196753919,0.0598821114270383,0.013024600415332358,0.014223198485091397,0.006197442895254573,-0.03776482809045082,-0.01815837340619535,0.016794136596107526,0.00890247058788669,0.0069921611062414,0.03557815899107546,0.06168490240679403,0.010512019439084168,-0.06442315946743489,-0.03923452228226487,0.030326264333959026,0.001688697217021478,-0.0169697737095086,0.01646081389822544,0.05659318062967995,0.01163940020939593,-0.003476511727190063,0.02546556962148514,-0.0012584064633127691,0.030366559245607775,-0.0241905245798912,-0.028460044585671942,-0.027237351742159254,0.07531101272291595,0.01876352265456416,-0.02053330467709981,-0.02407165078087165,-0.037404823226569975,0.0306144231710119,0.026986004666754954,-0.0598978802788673,-0.01715667005618751,-0.009203238064951047,0.005940107676544759,-0.017201573217204023,-0.001029750762400297,0.06749128752089996,-0.0025369285833997226,0.008718244947242257,-0.02714228248092427,0.004356953026436464,0.03702100648497684,0.0036924717189352886,0.07578723946129237,0.06809101398447227,0.0530395388213885,-0.0013869666713050574,0.010693190045469037,0.048273548158071417,0.04103070472285415,0.02984848498521818,0.06165054557007707,-0.011635313222953922,-0.024904082965415932,-0.035418785013782116,0.05132367831645968,1.0,0.10356158625075035,0.10445339029455171,-0.03317106748156979,-0.01699755989267049,-0.04626336994559716,-0.040999325366260504,-0.006265495432124834,-0.023420916155451697,-0.012604611981199158,0.008316906978885132,0.0003215356331548239,0.01910869171577669,-0.012518124665138125,-0.03595965972614082,-0.02883676741798499,-0.01878080886922693,-0.03937574308225894,-0.021534681600611505,5.791251888049392e-07,-0.02773981485562722,0.007863858181795955,-0.0016811872711343066,-0.014636703495787851,-0.07872529036150826,-0.022395905640604775,-0.017214072241464862,-0.005063609408310778,-0.027592876396429745,-0.043570427369894256,0.012177103815611543,-0.005516752522203427,0.0,-0.05545426003656815,0.062053396873470903,-0.018742062739851215,0.015121460244013321,0.030437008735403302,0.04375556626763184
QRS,0.02692204135115883,-0.1483152844112411,-0.07046156644127487,-0.01197595279016576,-0.10218362150713912,0.06618668137797515,0.003017669718065693,0.07834950250107175,0.003725320130176151,-0.013283159162399302,0.054120985389921605,-0.035475230039667294,-0.024006422394532875,-0.023100913369706797,0.10934063375307472,-0.10430257254144307,0.01820382069565438,-0.008934225148752606,-0.0045712408438827795,0.06296518201909593,-0.028476379396287027,-0.1241710098398069,-0.015897638344406627,0.04207673285375572,-0.0789564692994666,-0.05648200687498617,0.06591946828392449,0.045528467564643474,0.021211232859400086,-0.13720531524895424,0.0016137497561825706,-0.03712160917445793,0.07191207096011491,-0.03881769517925952,0.004409762705688263,-0.01648561823232039,-0.00144708532821152,-0.001174362687650449,-0.01970469914786357,-0.08744748437302535,-0.03979082445827172,-0.002916166869847993,0.005242665077081179,-0.12177789922254804,-0.04101437120581861,-0.03411205351203764,0.008921671893794026,-0.018233176725911134,-0.016492362941296707,0.09975727067037093,0.006551142945134522,-0.02557542984372255,-0.04857834474513495,-0.014557810617760897,-0.0021504899963267496,-0.025048452627134288,0.10403627534933871,0.05819705941290059,0.05694033235934822,0.025634314466520727,0.043749354139004416,0.03001739622906538,0.048062883782045145,0.020654619233095372,-0.025175820681490237,-0.05513707988472667,-0.15659628884855734,-0.09090959431528069,-0.11137210898085259,0.10356158625075035,1.0,0.053762644703453426,-0.07075727652307265,-0.06598136522053959,-0.10408484087449558,-0.14883561438272352,0.007039080003714891,-0.04247539908112496,-0.08029299044498747,-0.006007359426333012,0.024803504948078217,-0.018823286195813586,-0.050527956571081944,-0.09398510558322411,-0.06464653356016452,-0.08242469675442339,-0.13965113498348972,-0.09143496106742324,-0.015602455012412524,-0.03427807001621869,-0.014606621708583215,-0.04392545442460047,-0.03379809291208321,-0.08430609842747593,-0.05657006220167608,-0.025849514517718032,0.014757564521432346,-0.09730405470732449,-0.13477548148012944,-0.016710555799785434,-0.12197093635178964,0.0,0.03445707806611887,0.09704004676337427,-0.0006497796884506561,0.07220264938209861,0.07161634981409824,0.05281874234486002
T,-0.07525175186891572,-0.047163098002410246,-0.03082575874889361,-0.055478727052646136,-0.061105312131937775,0.008120937071399513,-0.07291301532251161,-0.00041920731045714784,0.07234040705627164,0.02884001236188247,0.028406667478129755,0.036209506485725095,-0.05180973779905724,-0.01799494989015188,0.028291076757226117,-0.006419195568801584,0.17298195486077952,0.011203193365115492,0.08071958039710692,0.1536520880118451,-0.0830409891427682,-0.019953419508737486,0.024703706558657265,0.07498161497794492,-0.05828091927237203,-0.05082201202907696,0.043033212751115095,0.1198199175516476,0.08171870698643742,-0.03200677344798194,-0.13953224217323212,-0.03232518552685927,0.1021321945843457,-0.036173019312609536,-0.02588795541432122,0.02165281232379066,0.018733882143223215,0.08021909674363946,0.03814843151292823,0.023581566719113906,-0.037540868657895944,-0.01033708428285146,-0.012397970740256696,-0.04044136507708729,0.04289896043083513,0.027557039362070806,0.04703068763492201,-0.023951656241579796,0.04459122994972471,0.10910940683832641,0.0518738193964908,0.03755769456253262,-0.031873224098600564,-0.03930249539780066,0.07215984383173836,-0.016934942676741498,0.0979346978190885,0.01382158974355726,0.06379284896173067,0.057167355883419216,0.03708916063374194,0.053104390475605556,0.032082204152090024,0.09154881612324052,0.06170473642788403,-0.009696243309038021,0.04056325553802965,0.04183048216391966,0.13684712995161527,0.10445339029455171,0.053762644703453426,1.0,-0.005799976682676935,-0.023196342327090964,0.04289625222078123,0.005144586533265763,0.03466038795539154,-0.037078862991663485,-0.00977492819053515,0.042126185758685285,0.018735783201924986,0.004641029881535988,-0.021879285481584857,0.02043308866747225,-0.015827279017719666,-0.04760039372366485,-0.0699688428579107,-0.015719045715048056,0.04260931573044501,0.019041635748237105,-0.019163422870686404,-0.08274469809101984,0.013681237417045057,0.0313447650360851,0.01413295132210308,-0.00436496454042137,-0.0062316951232687205,0.015341664229805412,-0.07376680154599423,0.009170234599913873,0.12305174706739798,0.0,-0.07006659756472779,-0.06460717784473594,0.06767039739902328,0.047957128652899236,0.043314279320083464,0.0664583146312668
Age-related macular degeneration,-0.03865853962827533,0.0719338184049416,0.059470919670139434,-0.0090085616374224,0.10921938219687255,-0.07980639076554279,-0.027136986057092406,-0.07709878215112054,0.02201359643680537,0.004872144887432102,-0.02438150996775899,0.029493478742529763,0.05001241845838925,0.04582253533110257,-0.11006797768177673,0.09736353262141854,0.045420113284345504,-0.0049950776367291725,0.04692957207090878,-0.08569301135871499,-0.007737091269407445,0.1386125175435683,0.06288120331664385,0.016956926597143804,0.01884885213936961,0.034529276237579946,-0.07232727041195958,-0.01185427102584905,-0.018767173462710562,0.1025487809273206,-0.0413365937076805,0.06061982200994807,0.004573335927846284,0.017427463512781443,-0.08155554561036535,0.03498469310237101,-0.07235887411519795,0.012130505634635518,-0.02627174028718573,0.05945185383653825,0.06472572446706443,-0.010671127543972623,0.05313302848203418,0.1267997862214576,0.01897268508789074,0.05231186904528696,0.04276713114792876,0.010551175054729372,0.0403545998992166,-0.11449379597313182,0.0008295138625866157,0.03444157925966555,0.04984724326157841,0.0029803880687972193,-0.012402323054196175,0.013653561223151102,-0.07914361358226837,-0.09870567898429476,-0.07586358748328975,-0.031299736246055664,-0.08735672292069911,-0.09280397432918057,-0.03909303465170428,-0.019026583751340077,0.010105860247887436,0.04511277223295933,0.11638849758394201,0.07326814814880775,0.09350071329749511,-0.03317106748156979,-0.07075727652307265,-0.005799976682676935,1.0,0.11356470527764544,0.14478492824946246,0.1900887528898934,0.0652347754836175,0.08073657081835332,0.10143993516232934,0.04747831128474513,-0.0004484317797930539,0.055813173040546504,0.04697882561422908,0.18870317699391212,0.13288327438538303,0.02754129562834851,0.09248807242399958,0.11657998734706086,0.06248180706844828,0.06295754639418331,-0.010063866439101683,0.027500033141508402,0.1237190068716076,0.1454169764204332,0.12726680042605365,0.08211159848255496,-0.006236344936656112,0.143715160511598,0.11133132417321133,0.11618750746931437,0.10783230633687313,0.0,-0.032404023967760355,-0.07895418680872937,-0.023931557710969005,-0.07181740931494938,-0.0982875099249852,-0.053301059753890996
Arthritis,-0.04887628895375545,0.059937540525507337,0.09511886019906483,-0.04314141519749324,0.12019404212453393,-0.14830609476879278,-0.043907425116276676,-0.11129664509521274,-0.016287701342673887,0.03604400836153486,-0.02610344914838504,0.04450141683435794,0.06935601976036566,-0.0023706365654449493,-0.1908374371491641,0.19345969107208222,-0.011372283513241268,0.0060218308522191726,0.014866674515582552,-0.17466888591131538,0.01708441028162141,0.1506220876770162,0.05039157457985774,-0.03998667738690771,0.10040990707994261,0.06492543050492494,-0.09262379591188961,-0.0729620494722849,-0.09679582681488355,0.12252412299746333,-0.013402600186929698,0.05720470598326997,-0.06507526140150593,0.08275577120387126,-0.08119036319486285,-0.028006517432046914,-0.16557272167786988,-0.05487340987800845,-0.07309692387398677,0.062017090331991556,0.10520503546512844,0.013369890372419967,0.04519489399201177,0.0699859193093781,-0.057918938371601746,0.029980952993569506,-0.023751001652208746,0.021692795403932597,-0.024175799966106866,-0.06987514486501575,-0.01350515544998376,-0.007937257310531246,0.04829446565263779,-0.008379611354526228,-0.022799356169264148,0.013357422261705077,-0.06425579749211284,-0.04357563923500271,-0.06227776916220565,0.02474683268688691,-0.07499788884903255,-0.0550307610443741,0.019616363899386657,-0.0024659463775501098,-0.02626387649873012,0.022139667407252477,0.031598198860642884,0.11061850262263609,0.05978066558911979,-0.01699755989267049,-0.06598136522053959,-0.023196342327090964,0.11356470527764544,1.0,0.1062733661547109,0.2136599086604372,0.08294786919827997,0.09145023207103845,0.07877279345554193,0.08935513114932266,-0.03036428274140293,0.07491870320340406,0.046021341047568,0.1197659407074558,0.06678720714398782,0.1302481608183228,0.15434657531745377,0.11532191529917084,0.04418313903488452,0.0666917756132961,0.02582058385551128,0.12747710155487071,0.16302027049794404,0.09895742404977961,0.11448403948602981,0.011697179452158845,0.010118632042836893,0.0970468786066774,0.15172766239701588,0.16073668664876534,-0.05164364468156046,0.0,0.02637183218984197,0.031117466966394693,-0.057036831987884985,-0.062310650093946665,-0.07245250297514348,-0.05079347972126342
Cancer,-0.13989078830065585,0.08597410743419945,0.05547654828665395,-0.09043838153504867,0.06200459541078517,-0.15978008341526642,-0.12656272794345205,-0.1400023831944386,0.04061924634849963,-0.023330134347968372,-0.0008166561034321609,0.027586219535703043,-0.012378645106743514,0.007312756654838563,-0.13276216081243838,0.17024511736715603,0.2096276475923438,0.04529749203354034,0.05957563376135429,-0.04173862828187318,-0.04288649296866247,0.22875247086673037,0.1528576240884007,0.06241624077455986,0.04247632618322581,-0.003173178072808109,-0.09715681869003756,0.009255675620213295,0.0076679664107022595,0.10901223395441519,-0.23921952187951648,0.0269041649803839,0.023883325070016757,-0.009773000975358057,-0.08606933136045088,0.04506922216595043,-0.21090150462275345,0.01791354480941748,-0.035177080380825836,0.05027966016896696,0.024336933096836343,-0.03861399469455217,-0.003193638710605174,0.13310730665587692,0.05185012617510001,0.025583177399130942,0.0540607094712751,-0.014320648541760116,0.03788484668398329,-0.031706664342949546,0.031631773562075215,0.050166750295536904,0.0024886807629327426,-0.06946447364630415,-0.0032824737966068284,0.0038709403452844497,-0.01924007596594257,-0.07332479847256067,-0.04400794663101439,0.03057179064330371,-0.1017884023664869,-0.0162715559451243,-0.03609096880738995,0.062075954218402174,-0.025833206584168412,0.054739188185720655,0.17560383783330538,0.14441004164270518,0.16068564953505743,-0.04626336994559716,-0.10408484087449558,0.04289625222078123,0.14478492824946246,0.1062733661547109,1.0,0.23365336757526195,0.032075014347505766,0.07670724011203854,0.10514347307795013,0.028846911349305334,-0.019132273261490935,0.048648126531864275,0.06722221937190616,0.21937628509806692,0.07089108496678204,0.01435936220278823,0.08590285989884555,0.1486634591200585,0.07031026907460167,0.05940408903232027,0.018358104120423723,-0.03857789696459804,0.09316125268531447,0.13060180510107286,0.10503279386079928,-0.006895355665992822,0.0023474475389694245,0.1573556336720947,0.09664117543441961,0.08615773534187986,0.0832206238542721,0.0,-0.023350624643327107,-0.06028170612147751,0.08002442161195654,-0.07313955165621373,-0.053905753917580186,0.010549087575317528
Cataracts (1+ eyes),-0.061258344116419075,0.17147428173830728,0.11809241320999977,-0.013552432421034039,0.20563893688348936,-0.20089648568533686,-0.020267272885262696,-0.16880027879268508,0.0648176496403267,0.0632305872932964,-0.05198270450206633,0.08717396255561495,0.042570463674325106,0.05413919342230259,-0.26292813430234374,0.2607109133792333,0.05616476074599167,0.015395195559631855,0.037020049841994564,-0.1888647848572563,0.002022165150652786,0.21950283051250224,0.05961226650363203,-0.00989630504457506,0.10431726280006005,0.08470043819282282,-0.12953203490164902,-0.012164860704637454,-0.09053265620225909,0.18771964932873358,-0.10616258104493773,0.08168286645868103,0.004217077587650667,0.04532786650150864,-0.12565336108593203,0.03123001074547775,-0.17733870189434697,0.009203205000853514,-0.050192764951283574,0.11377558909127893,0.10023591704283055,0.0009454988158865931,0.034438332834854674,0.13150086310547168,0.02275335196258598,0.023770720231779664,0.030348184319337473,0.004159857723926511,0.01513031339055421,-0.12909959887165026,0.023664309498606817,0.062156386828635474,0.04366029783578238,-0.022766738082635855,-0.03132131251342338,0.021714605090761348,-0.0679024285656108,-0.0854693145998979,-0.12001269091877569,-0.025399096206246512,-0.13328641646772746,-0.10064275743135674,-0.015906499177192113,0.029313374718688036,0.07554995683042791,0.06212825009047743,0.19299240396885106,0.1097306637358222,0.21465413831947847,-0.040999325366260504,-0.14883561438272352,0.005144586533265763,0.1900887528898934,0.2136599086604372,0.23365336757526195,1.0,0.1157955993820631,0.10657389812654244,0.15017155779032354,0.10408809434165701,-0.05172971991387034,0.16067646078456352,0.07859090070489373,0.2525283102763669,0.13294832652621177,0.11476434153573248,0.20788589408999425,0.19005275022172358,0.0747984731053033,0.0993649301510844,-0.000518604899308461,0.11352925243736726,0.2218669258399585,0.16538475873579947,0.17157236212769394,0.039440296755467126,0.033285685560736966,0.18126382901926374,0.231266164638935,0.2028532608166591,0.1377347108392886,0.0,-0.05928000073547432,-0.08602184279504932,-0.0524520603736674,-0.10892345490520788,-0.11006574979666461,-0.060371176549155824
Chronic pullmonary problems,0.010841012587580481,0.021154997185098254,0.009467938243733006,0.012028449320867439,0.006582714302564507,0.005570069687281183,0.01443767137082956,0.004532182140105172,0.04847628341199548,0.03564266253775934,-0.02468762827012814,0.017006432011345725,0.05470967146840323,0.03268054449871674,-0.02935195578854841,0.02443434547024665,-0.026378832910275114,-0.008448761317752526,0.022182754673354742,-0.05537739801830837,-0.011230269881596058,0.016697758924735007,-0.036655603653149675,0.0011105530050818926,0.026875507072607167,0.040376977286464964,0.020052401448832972,0.019576659715291916,-0.012728229186976378,0.03415970885436555,0.04466745421693701,0.030313321918017486,0.047567385556714095,0.045539414593567626,-0.006647595933982478,-0.028026974127192246,-0.009822108254553411,-0.002619586579960027,0.05330444146825243,0.06376425407181963,0.06368848675036999,0.01580654669664132,0.006222027284652698,-0.02495797710457097,-0.002585046419880338,0.044760664492127476,-0.04678709522451542,0.002500076970732768,0.021921808747629525,0.0038555495983715994,0.011093441789670044,-0.0041810210694410155,0.03403160791450042,0.031894848640989515,-0.018201728237478277,0.005907623906583254,0.01897541653368537,-0.001892806746087466,-0.008560071868317918,0.003949045021783337,-0.06921377948555735,-0.04135735375067223,0.049923526783682705,-0.010017854737401768,0.05526739665245864,0.024404320247758546,0.016145298767878263,0.01514285332008002,0.07811762014625181,-0.006265495432124834,0.007039080003714891,0.03466038795539154,0.0652347754836175,0.08294786919827997,0.032075014347505766,0.1157955993820631,1.0,0.06886454053275036,0.045416154393625285,0.08318206295197647,-0.008733802988606562,0.09539888113018685,0.043256815666602166,0.05432484405888673,0.04809051965012495,0.07810819400468916,0.052843187608882874,0.05257067100552094,0.06032423273785767,0.01051182306825972,0.0024390362068200393,0.07970504472031593,0.12064107368237287,0.05994397375306577,0.09226118141129938,0.007768160414467182,0.0057529883667655005,0.0635938037875002,0.01185505756235263,0.14714255525267353,0.12501190906881443,0.0,-0.05388301799045944,-0.08240239611568309,-0.04824907517409354,0.056453996924616834,-0.016341341163793585,-0.01327600912775702
Circulation problems,0.007411490857769851,0.04896967294506418,0.0604030913724647,0.002486501026288512,0.0855253958015813,-0.010441139758338236,0.01631386910719814,-0.01864408804069117,0.0003456269176334558,0.026518970586963668,-0.006525375150815725,0.04951620523141037,0.05411587023947858,0.036705857003995486,-0.07412506456018662,0.05980061577072747,-0.015669383487454107,0.02061685532934143,0.0277235086126316,-0.09326900578426335,0.02095726954615877,0.09222635186716117,0.024182306324939815,-0.035425057146698725,0.06833353839775212,0.05041171069504485,-0.0442879758242784,-0.07797840608184033,-0.06766208342092225,0.06863695254339162,0.03303470346843295,0.04080705751147578,-0.01612132289757426,0.03269396477705249,-0.04097308017766176,0.0018493514522083653,-0.05202284657930894,-0.051478456627777294,-0.03946488487972946,0.043147093589569946,0.09156142736317205,0.029736747807719472,0.036022854151219356,0.04294068595759026,-0.02472318254913903,0.02251397444058442,-0.008808193927451172,0.05651197905488082,0.006903323584864929,-0.08728110810516865,0.03493426111942062,0.012407663784512373,0.03730626107367183,0.01922069470474512,-0.012905468654037907,0.025809414674015117,-0.05905572889935284,-0.03089492369134641,-0.07031064045895548,-0.04845771494919418,-0.0906475103561438,-0.08635113201880334,-0.02362472283846865,-0.05517064727327741,0.0211589754687154,0.023526318480448234,0.00961414934897809,0.013082271787523251,0.04237912087969144,-0.023420916155451697,-0.04247539908112496,-0.037078862991663485,0.08073657081835332,0.09145023207103845,0.07670724011203854,0.10657389812654244,0.06886454053275036,1.0,0.05571446736488593,0.05574230666657899,-0.019638220053682254,0.04244288125062341,0.05315445344796727,0.05995630910877184,0.06276832184686346,0.051797654171224936,0.08049394078413728,0.07305900722250988,0.030911301871885503,0.07594371683426591,0.003206639968080381,0.06834114523502545,0.09704351251089127,0.04112541746022518,0.07015806502617526,0.024148874618066737,-0.00812014490081645,0.07766994367055799,0.09369693308886677,0.08876494645879983,-0.027586359795409212,0.0,0.014754015954082588,0.012369957074910877,-0.060293343843528587,-0.05576910122407968,-0.02625390274548567,-0.06503329577011106
Diabetic retinopathy (1+),0.042261739460560444,0.1536941133304479,0.08097494207250285,0.06752986673894111,0.15685501342264652,-0.04673095159620795,0.06728010819496123,-0.05377211584131312,-0.011583101690063822,0.012736846923714532,-0.058118222742264844,0.053850312316828526,0.08553298178851929,0.010083107050566031,-0.12411610015110819,0.09689597265107715,-0.02919668254121615,0.03816404629662978,0.014767611530555442,-0.10673400974461184,0.04572747172173468,0.1578183731899266,-0.004434621933554792,-0.008213596172557232,0.07857840030389167,0.060440859776559434,-0.06493373907086764,-0.05359180313471397,-0.0010829131772220558,0.11165114094993847,0.02789701393870697,0.07282577076418344,-0.05030653676787093,0.0385024645693246,-0.0800837007750568,0.038551069267877186,0.001891513008169506,0.02688249960289073,-0.0594078241380698,0.07455023026149753,0.03199353115714047,0.01856807224063724,0.01440679034309263,0.11930382323675469,0.04356840789396269,0.033003478534213586,0.032028891181455826,-0.005399020283329967,0.021150776111082938,-0.1427027458396817,0.024355559076973884,0.05553263917300248,0.06227969150130019,0.008733149914977006,0.013031579393485633,0.013547410787853365,-0.1183367065006185,-0.0793927876752523,-0.07747674615811484,-0.08097034816788866,-0.060616335727829124,-0.04176606004752989,-0.06028091378993223,-0.031556652846587215,0.08538635560204423,0.06888521292829317,0.13469086249231704,0.0071369541553692045,0.1075097564346267,-0.012604611981199158,-0.08029299044498747,-0.00977492819053515,0.10143993516232934,0.07877279345554193,0.10514347307795013,0.15017155779032354,0.045416154393625285,0.05571446736488593,1.0,-0.003015429266879267,-0.02975331679540208,0.01705888752332858,0.028683125509255655,0.05949660615462189,0.15809555472780368,0.0864010219005064,0.13521110021912777,0.14615062938161608,-0.0038592311939193774,0.043546726243074346,0.03174146687598177,0.06491083540198472,0.06472998280250836,0.07709035721370688,0.03874017671619926,0.04102791251679123,-0.006184191482379569,0.09496280573090556,0.21030340865028882,0.006805758082818554,0.17208194266138907,0.0,-0.11265336778159682,-0.048214784979532535,-0.049108217453279715,-0.09670961835362096,-0.10555929494418802,-0.039730914101504394
Digestive problems,0.01004005138743482,-0.048009315013904263,-0.00810201159884722,-0.008028215251074082,-0.037908239009067396,-0.032620642090846086,-0.006746265187851578,-0.01565340349802253,0.023752308991796763,0.022685381956902253,0.011635058624419442,0.020447913497991042,0.0332883774782411,0.021988928352847454,-0.036850220883847394,0.051490847804907675,-0.028817534075464415,-0.012909983812573016,0.027247904109337175,-0.11071959468221736,-0.004293946580167191,-0.05253283780651953,-0.03002337899893224,-0.012853294726635468,-0.05027761500501461,0.019469983072974317,-0.03327739313670909,-0.0006194722588247121,-0.057999836013588324,-0.011714668036685173,0.030885056592790092,-0.017022969960772585,0.12521400948399075,-0.007908477508413109,0.004462925094223644,0.005566413759525525,-0.08509901781184173,-0.02313212185831844,0.0573866594886687,0.025942672990971163,0.04510564161322694,-0.014767630050813869,0.07072631851094634,-0.029871915090274346,-0.03621843746759073,0.0010486567736343085,0.00241754704138303,0.015828088514957372,0.013950016569556746,-0.007974774441957247,0.02048145466386604,0.0010175409354244637,0.02876394935878159,0.05718833946251265,-0.026502392740140584,0.06975535636899098,0.042814020495560615,-0.03067540879740768,-0.006426710727575192,0.0020879182936069294,-0.05329006680933526,-0.030382792090824885,0.019018002422389515,-0.020312249970148778,-0.00835652799336209,-0.006179559341894193,-0.04796655770700801,0.00400040363358662,-0.003535013058342975,0.008316906978885132,-0.006007359426333012,0.042126185758685285,0.04747831128474513,0.08935513114932266,0.028846911349305334,0.10408809434165701,0.08318206295197647,0.05574230666657899,-0.003015429266879267,1.0,-0.027233101349718892,0.10065489222318486,0.0353723130229692,0.07575913602140065,0.035489512503198296,-0.004668189300402364,-0.01991650158921853,0.021555152074289187,0.09758986340491393,0.03823065000354406,0.018045622940971565,0.032210642325158516,0.18435994385110394,0.026037381383356303,0.12509918293207997,0.0322535029208673,0.012330786319140263,0.0629678490617023,-0.03138224030681548,0.155259514611905,-0.031297450972607624,0.0,0.022429431094590193,0.01757671918978948,-0.08806319426666416,0.006697517201810061,0.0005556643100751597,-0.02517600345421695
Marijuana user,-0.06177739594825961,-0.012367334045320946,-0.015544786917524105,-0.049789246431186596,-0.03354698649779106,-0.009215742361903525,-0.047635148164438354,0.01010454422798916,0.06031228355116703,0.00604233346459753,0.04798350630927463,-0.004868868360355491,-0.01850001275251374,0.012769048157746191,0.08045115101384703,-0.054999869868310465,0.0708190961363919,0.0008420967345299826,-0.007833786592010302,0.06473190302531268,-0.009450583208123732,0.02455508003172897,0.048131502394938276,0.03866136420334181,-0.0068213833372992045,-0.022733298382114655,0.030089475166445275,0.018213118395025783,0.05221790977638983,-0.046823778416071604,-0.03038567064672004,-0.023420245007444038,0.03514581377418895,-0.02687288638785605,0.08028265207216183,-0.002126841551831344,-0.015219660112311632,0.026410773723504977,0.053354388124838954,-0.003017459218656835,-0.03018165099002997,0.00034210618218571764,-0.012294056584048392,-0.025665693930882735,0.014883284032181,0.010367123082249295,-0.0024804430802576986,-0.0031426829444078895,0.03742405071366374,0.04497852889840112,0.014062165687884189,-0.04261187886016028,0.011328004302869482,-0.045480283632957405,0.0033912192634126953,-0.008043931769142068,0.024180088964568323,0.01364219765688226,0.019166438910972586,0.03948841021797166,0.00538603838077315,0.023762737773609995,0.00925177207534487,0.0207404914282018,-0.024329910954524445,0.014972524646487574,-0.02252776521823924,0.007664477162065787,-0.01280931587970807,0.0003215356331548239,0.024803504948078217,0.018735783201924986,-0.0004484317797930539,-0.03036428274140293,-0.019132273261490935,-0.05172971991387034,-0.008733802988606562,-0.019638220053682254,-0.02975331679540208,-0.027233101349718892,1.0,-0.016390403860983404,0.02526154160084018,-0.012341948072813544,-0.017722940442075744,-0.015349591049158543,-0.06629663058502004,-0.0320273852787779,-0.016419117469805004,-0.003537367458016647,0.02629957028371158,-0.05041736670419458,-0.04019605400855986,-0.014813731043343959,-0.02915685024459467,0.004694005532149071,-0.009717293312759742,-0.01948661886063693,-0.0601112372482488,-0.03381467570029444,-0.026966007323780825,0.0,0.08305179632160577,-0.06899672124774718,0.07035735277173452,0.0054738119153142535,-0.006363864806502562,0.03979324620075837
Dry eye (1+),0.038002458436944275,0.06441082540678571,0.005437275985268328,0.035344489816475665,0.03702184460903973,-0.05855291484873538,0.05692064438915177,-0.019112810423061084,0.04044375689918857,0.07693575839229734,-0.02318549904996663,0.028037724504360238,0.03602890285825744,0.06594747012079917,-0.0688501166935123,0.08040590716008779,0.010836873327007073,-0.019235305863677766,0.013412289986639037,-0.06605438652730615,-0.00584593009417868,0.0030549567815703125,-0.030343389774963887,-0.03667112650933945,0.0024200765121024175,0.05060187397168561,-0.01152826361578557,0.02377435642344576,-0.023745289457630558,0.04409326111600097,0.013109487213626226,0.0067450956813902,0.08063002742820034,0.01639361581299604,0.047811643318341215,-0.03349007336145988,-0.06253427174675334,0.027278377957148856,0.07471332186775352,0.0198307921758377,0.04617843940983318,-0.012881224300408556,-0.04175659435611651,-0.043433164025574185,-0.017204735203022188,0.0051496760669903375,-0.02198078180385422,-0.02048015535697572,-0.007508078000159405,0.03447103493389646,0.030488586059298814,-0.03907746204106368,0.01649885174438084,-0.013484354957337304,-0.04019792354594811,-0.00018558576775877956,0.050884958297608494,0.012631024730328509,-0.0007132100111560947,-0.019145741108875323,-0.05296492618003336,-0.043249059045921044,0.07237243298468066,-0.01114660203534923,0.11583845099311232,-0.017087593834755076,-0.016928573862464966,-0.06848825859992,0.10773737337438141,0.01910869171577669,-0.018823286195813586,0.004641029881535988,0.055813173040546504,0.07491870320340406,0.048648126531864275,0.16067646078456352,0.09539888113018685,0.04244288125062341,0.01705888752332858,0.10065489222318486,-0.016390403860983404,1.0,0.0409775774896935,0.043133354599557236,0.03390506471172306,0.05929725958386805,0.04748226803480019,0.06542190783757333,0.06136286666912575,0.029022186698231724,0.01710155102822885,0.048555719643535646,0.1363564511367229,0.05227495912151148,0.08923203945508641,0.01680094177943259,0.014616562813649925,0.07679608925090907,0.045971747192644394,0.1538640119661362,0.016782060160214395,0.0,0.09288389231645802,-0.1148593289524845,-0.017926999203177224,0.0195476982462962,-0.014187638515500011,0.010265926711053513
Glaucoma (1+),0.01524919852828845,0.05000020245463724,0.04864949178564309,0.020027985287177683,0.04436580786652669,-0.007293568390114553,0.016771621258682836,-0.008624089030580545,0.01386939145534683,0.012423056443894397,-0.017539209436752638,0.05443380932987972,0.0480846473119783,0.05104579220597504,-0.012746703457401008,0.005805232542802257,-0.014123882430533028,0.03485415720822415,0.06612283354257273,-0.08300639511144525,0.004824022359708159,0.05722239228765563,-0.004759600947530384,0.026087778456676373,0.022989709363519188,0.062378626676265425,-0.02998534220511329,-0.03912079529799941,-0.030568149158877806,0.038270311665582424,0.055510716742534084,0.049136688776789415,-0.009779799990508984,0.02056669964976151,-0.018965757996430153,0.003927429687078615,-0.001450331787962136,-0.004914348076387906,-0.00749019583460261,0.03654186015268761,0.02749271017048879,0.009544662563171035,0.015908849641916606,0.08251599653318908,0.040219571610661885,0.018943463912033748,0.024241352611634067,0.03713603299361155,0.02021527957412638,-0.11703934101678425,0.03202670367964701,0.021436899773018443,0.08846515684870322,0.03151716564465555,-0.004728212884852669,0.05336645797249823,-0.0839584794733227,-0.09075964902047613,-0.10428986934392928,-0.05901121311352316,-0.060440201417418626,-0.057745553224068755,-0.0429090048752432,-0.0493028008242761,0.03991086955238645,0.05093011926034324,0.03242554508264207,0.011154589176281334,0.05314533182258691,-0.012518124665138125,-0.050527956571081944,-0.021879285481584857,0.04697882561422908,0.046021341047568,0.06722221937190616,0.07859090070489373,0.043256815666602166,0.05315445344796727,0.028683125509255655,0.0353723130229692,0.02526154160084018,0.0409775774896935,1.0,0.06494342387527383,0.010622881422148268,0.010350080529229127,0.04517461217209256,0.03481773914441198,0.010834707216931931,0.03793675365171045,0.013951211958773408,0.01255209437619152,0.06343047595161466,0.03152222459160804,0.03881976740234195,0.02610419042177962,0.03738488278624669,0.04957751281725264,0.04892208713244318,0.06611688731785804,0.044006725015070476,0.0,-0.006383790224347361,-0.040809621260903886,-0.06213214172604209,-0.037403323216658645,-0.02741182583019499,-0.0759722290404483
Hearing impairment,-0.1677404750543946,0.07278165852742827,0.06710408558398043,-0.11742423270206766,0.07944330790496366,-0.17153569936998678,-0.12602087156702108,-0.14138946938410088,0.07064096365965807,-0.008332931550933042,-0.012571943888728534,0.01694390391865446,0.03468946946225685,0.04135522578217664,-0.12977491045948683,0.14839660452033818,0.17666328313434604,0.0203066561010959,0.06728346674420435,-0.0818946311896081,-0.02959957006138993,0.19507413533099408,0.1419189010359402,0.06785075892984847,0.008506390793215956,0.00780309560474053,-0.13200615580897468,-0.0006241232105801372,-0.03204675245015343,0.09958185649702611,-0.20145351341575748,0.00959884917346586,0.03036228274875454,-0.014380399023437613,-0.11268595122131717,0.06443832256009896,-0.2006178992105433,0.017755876973641473,-0.05937204910329142,0.03318525553088415,0.04287799374720548,-0.035278506271550526,0.059109397733636215,0.1586963656056559,0.06857666352209398,0.05839262791946167,0.08443103660304799,0.03188892549891292,0.06386618205517625,-0.12884066533342525,0.06467121790348337,0.06858503819228393,0.03787918863930749,-0.040003246535876585,0.008456867301621112,0.053234618871334564,-0.07225360981493464,-0.11928666014766974,-0.11022030813395804,-0.02536356382714246,-0.09613220357745828,-0.0856594391074879,-0.09945453704423972,0.022545471087413647,-0.04493456266405292,0.05010691022913614,0.13058008830256862,0.13106674992994524,0.10567969935335388,-0.03595965972614082,-0.09398510558322411,0.02043308866747225,0.18870317699391212,0.1197659407074558,0.21937628509806692,0.2525283102763669,0.05432484405888673,0.05995630910877184,0.05949660615462189,0.07575913602140065,-0.012341948072813544,0.043133354599557236,0.06494342387527383,1.0,0.07571607015111856,0.0074446426357218185,0.0630425371696786,0.11419818769744688,0.11263973147778843,0.10584076490445772,-0.009185618251128857,-0.036581279775789864,0.14603396361798215,0.1747029409061012,0.14889332381489723,0.022545991435163257,0.023837137199107385,0.1571480539678747,0.08549228053752765,0.15184922539531148,0.09176555318480929,0.0,-0.007789124105100662,-0.0996589458149242,0.02505168548322974,-0.10323458904453392,-0.0892445994698712,-0.03460746946871813
Heart attack,-0.006863837201105285,0.12543016897580292,0.06056784223364371,0.03771776419565445,0.11234774739357456,-0.052030699891437895,0.011225270262444518,-0.04725847060555604,0.013850506175184844,0.020875844044684486,-0.033210485157314173,0.02781999640351587,0.08113902455303207,0.025181788363679153,-0.09014193352676533,0.06718307487622693,-0.02767954150362441,0.027868078999928613,0.016884963213995935,-0.10884866606796068,0.03003841323318027,0.12945672253698434,0.02562851627273023,-0.004543694905004518,0.04987596692524749,0.055032788821519796,-0.06700206960351751,-0.03175393802485489,-0.011427606853390844,0.11628320806447208,0.017341255170969492,0.0315339353724758,-0.02335467061861792,0.050827281126108466,-0.07481570112118034,0.022864870096772582,-0.02509708177075783,-0.007451907307287602,-0.042479281837439715,0.0796243998068439,0.06585944158594301,0.009671471381097134,0.03383903319997127,0.11523309443852146,-0.008229419849064787,0.06814583832095644,0.00983660760311747,0.019422626521239713,0.03917531778741702,-0.13669579040148164,0.022596638288709316,0.03684920878268687,0.04448695282503751,0.01159283412954697,0.014525489246119808,0.018980067197237185,-0.08629795674012015,-0.08240018873876909,-0.08966951105044398,-0.08337955962369392,-0.0994895279631962,-0.05298071844562018,-0.050455544804001475,-0.04254317772945234,0.03223524503290177,0.050385654379572035,0.09473765690110017,0.041344577084672776,0.07744961690648107,-0.02883676741798499,-0.06464653356016452,-0.015827279017719666,0.13288327438538303,0.06678720714398782,0.07089108496678204,0.13294832652621177,0.04809051965012495,0.06276832184686346,0.15809555472780368,0.035489512503198296,-0.017722940442075744,0.03390506471172306,0.010622881422148268,0.07571607015111856,1.0,0.0622282089350307,0.09181242694553178,0.14082884997850184,0.023966696785324593,0.09810444168734704,0.03407023167743833,0.055648283853278094,0.060871863816965,0.08725618306506033,0.06314860749785861,0.02960633905948329,0.029216115887175372,0.060258619490184746,0.14115642670799206,0.051242785274277544,0.11471491564413687,0.0,-0.0534819543375654,-0.06331929133822256,-0.05151050651230306,-0.044649951762989706,-0.10741251363376146,-0.0506833332272743
High blood cholesterol,0.13471111695527907,0.17069944843902882,0.12482360488312612,0.15003200409470793,0.15175081185871198,0.017794304228176145,0.13873222340382943,0.02726712520071404,-0.05601912259944654,0.0934048040306482,-0.09549723384491823,0.041321808280791676,0.07922972696125515,0.04003445936281179,-0.11964096530547587,0.05891092577820935,-0.08316338409987581,0.02727089074255187,-0.020472635643802875,-0.07442776956097526,0.06949330923225587,0.13578668638743607,-0.030833648295539588,-0.09593961259691225,0.20663042717038438,0.06794060455731186,-0.0153870234504867,-0.0903003448116434,-0.06199425068899409,0.15320019312811614,0.09589583398643219,0.09075396646554279,-0.20617367290964614,0.14006362752552615,-0.10234670547695525,-0.11542672109243343,0.01468286338573272,-0.008133745472628396,-0.11836610991477248,0.0946557498641149,0.0605759047649749,0.051575634117294246,-0.04259706313160734,-0.03476782481787925,-0.0014397431618022886,-0.019366596215476217,-0.15933878034744556,-0.0027139478912725783,-0.05693982243012929,0.009478616557602461,-0.04980737435579214,-0.07477710411183593,0.02409354728237047,-0.007092006415705395,-0.058279209458488586,-0.044804291476862976,-0.08340061015026266,0.03794090322871276,0.019721480765709825,-0.006546684264548787,-0.059073251330432223,-0.02045394769970321,0.10640383969763323,-0.055915311751993824,0.12176676845435908,0.05144621744321425,0.035735971805931806,-0.02217138674758284,0.09440692269760281,-0.01878080886922693,-0.08242469675442339,-0.04760039372366485,0.02754129562834851,0.1302481608183228,0.01435936220278823,0.11476434153573248,0.07810819400468916,0.051797654171224936,0.0864010219005064,-0.004668189300402364,-0.015349591049158543,0.05929725958386805,0.010350080529229127,0.0074446426357218185,0.0622282089350307,1.0,0.2530737147251898,0.10043968501460315,-0.03147720534894961,-0.003783312899856586,0.009362613064957894,0.21669863157411315,0.03299900967248403,-0.0065083663150021,0.018234005357850053,0.025364639541902687,0.030166797246674187,0.007444136402635584,0.23175639244219598,0.06503376926661364,0.04498017899846704,0.0,-0.010732119236247693,-0.03245314856492838,-0.07885021473217461,0.027362377703155707,-0.02345819184658888,-0.018109345379604912
High blood pressure,0.08263764514360859,0.2373745009883215,0.14819608650095326,0.12690281927551555,0.24157487498422756,-0.048861087205406196,0.08377774362937428,-0.05487284480961077,-0.042219124185184496,0.09068940790581309,-0.14446072462697188,0.08768711976639107,0.11572713105290992,0.025814158031081953,-0.22944869326398168,0.14616559413201624,-0.1178368032083979,0.041748590564215184,0.011289515831897376,-0.14504884378299795,0.09882657098559411,0.23486378296383806,-0.03338354883647628,-0.106978741800165,0.23363496550332388,0.10209343025898264,-0.052989573692117924,-0.10992714056728413,-0.1141802906882938,0.2612339845942194,0.12130503815826973,0.15460277023568522,-0.2529243843377585,0.15990249494732742,-0.18005293428468835,-0.06275471418961959,0.055828371763249666,-0.016931260251894217,-0.15978366179829073,0.12415632021664598,0.1075438469618776,0.07361263612274511,-0.011262922963138997,0.0969624579491832,0.020053190198479856,0.031911683165831366,-0.1227835010835045,0.0011091070186372337,-0.016837903713607414,-0.1312380433057156,-0.038392464372126976,-0.021920561457978188,0.05169693228908486,0.020273619868418587,-0.0385446282247404,-0.029307216524770034,-0.1628757394569486,-0.027178847615805562,-0.05580364299832218,-0.0675633524988298,-0.09823574913097122,-0.05836740302569043,0.06348670096689632,-0.0877628914132326,0.13159980918432956,0.10157855540510809,0.1360743517953184,0.048317716726620726,0.18749479371556624,-0.03937574308225894,-0.13965113498348972,-0.0699688428579107,0.09248807242399958,0.15434657531745377,0.08590285989884555,0.20788589408999425,0.052843187608882874,0.08049394078413728,0.13521110021912777,-0.01991650158921853,-0.06629663058502004,0.04748226803480019,0.04517461217209256,0.0630425371696786,0.09181242694553178,0.2530737147251898,1.0,0.1812122066610856,-0.039394427529194746,0.02293046044632055,-0.009371408369088074,0.25948239055605027,0.057476600861609946,0.0748016475917494,0.037128114556806605,0.047509290464112314,0.003003477202903177,0.07865715625288877,0.344073876027405,0.0773093458945481,0.15100333751123027,0.0,-0.11773647718117279,-0.03905626882251282,-0.1214646963575783,-0.031557618032826036,-0.07092780582323399,-0.10250370705634303
Kidney problems,0.029530987973345583,0.16190277240288128,0.08103428897712447,0.062397316425000196,0.1990094860872171,-0.05207110889961459,0.03822988612998191,-0.051596536695659556,-0.018819331508909656,0.027687521279947804,-0.05041700095941342,0.06275720576594047,0.10365447784810262,0.02147117158583624,-0.16139238393971664,0.1239057970343415,-0.001882454454296493,0.06002113777869334,0.05240863080901595,-0.16235173755699758,0.022209629558753493,0.20264137002200922,0.04463585191526926,-0.01774149213066479,0.11250912874216294,0.06624374360690069,-0.11284870853870356,-0.06834684961160789,-0.07604112263835798,0.16214327703322282,-0.005045337368185563,0.09184076594138287,-0.0983407977888634,0.07033864706350013,-0.1309319457900279,0.0005040857227367374,-0.08368121188663402,-0.024001633692900926,-0.10495001100372656,0.0767366024386902,0.0834493292690641,0.021752265623223733,0.03682608289898067,0.11655360166567127,0.0014992536867022472,0.043091537636380094,-0.0013895860041212933,0.021823824556177714,-0.0178713164292405,-0.12007087537724573,-0.008256157328320518,0.006662949226928453,0.043730664741653213,0.022896942825843612,-0.047030046223623424,0.027084917460796377,-0.13362637137911712,-0.07046794727990302,-0.06257073958399932,-0.04525646672562614,-0.11199108123410638,-0.06889384083582129,-0.016192417412608774,-0.01897298948924393,0.04144215406673127,0.06248338504327544,0.11917239082277346,0.05264795667906289,0.11916843761729766,-0.021534681600611505,-0.09143496106742324,-0.015719045715048056,0.11657998734706086,0.11532191529917084,0.1486634591200585,0.19005275022172358,0.05257067100552094,0.07305900722250988,0.14615062938161608,0.021555152074289187,-0.0320273852787779,0.06542190783757333,0.03481773914441198,0.11419818769744688,0.14082884997850184,0.10043968501460315,0.1812122066610856,1.0,0.0016846830496001094,0.09015192888472733,0.02059313877696732,0.10078578595977766,0.1038045413977555,0.09315843375073626,0.08226923359171494,0.033435046243287365,0.030125267579154482,0.14618988908351346,0.24597884930615382,0.09560603853609267,0.07632610984246872,0.0,-0.06500272650098096,-0.011762776937222148,-0.038907376991445294,-0.08772785195356982,-0.10913055384130269,-0.07947659292362518
Low blood pressure,-0.1178951456811125,-0.00344521706869762,-0.004376347598295913,-0.09272787366147657,-0.03516430608427952,-0.05989708859077773,-0.08068600240184778,-0.04585737627381168,0.08347695863816074,0.025212107900415975,0.03799378287346256,0.010573242612286787,-0.01265173871356209,0.05543090270632289,-0.023902484842866858,0.03598370391648947,0.04879472046271131,-0.005917415467316778,0.036840127353979776,-0.017991947780872125,-0.01645523462222816,0.011237767982940511,0.011039248524612725,0.017140570245958157,-0.04406324648630161,0.00394668472284454,-0.0065638108598200665,0.05455723468356941,0.0012557146874448521,0.03661678355972937,-0.04385113889365611,-0.05258580735393631,0.10795414938113643,-0.027052763736725216,0.01744021412966777,0.04909972418242382,-0.03494137615732786,0.030927642366534634,0.09048705798873713,0.034555258562625674,-0.0030454768186978605,-0.023883330619808935,0.005996686620332555,-0.009260816897378971,0.030801874611283368,0.04551442363558958,0.026470021547380453,0.0067492932609912164,0.046148391776169355,0.040075011112718495,0.03742217001961082,0.023011267481012898,0.03989731468172168,0.018799115497875878,-0.007633686129063693,0.05679095690106832,0.041847955552394206,-0.002283898898682242,-0.008534042111512668,0.03691722396477676,-0.018975351916696102,-0.033966180260809435,0.02107329899616909,0.014863683172982579,-0.03298292478592836,0.019571193734809898,0.0320963301874393,0.056931259682828465,0.03300976754507174,5.791251888049392e-07,-0.015602455012412524,0.04260931573044501,0.06248180706844828,0.04418313903488452,0.07031026907460167,0.0747984731053033,0.06032423273785767,0.030911301871885503,-0.0038592311939193774,0.09758986340491393,-0.016419117469805004,0.06136286666912575,0.010834707216931931,0.11263973147778843,0.023966696785324593,-0.03147720534894961,-0.039394427529194746,0.0016846830496001094,1.0,0.03058154290515297,-0.012784483475426836,-0.004684543041940717,0.11136637081386122,0.06705118294086168,0.09546393847645264,0.0032303988329600596,-0.007922248300113403,0.06388154510907364,-0.05417443420553724,0.11337877017796043,0.11161338335264419,0.0,-0.0064085722694586416,-0.11422876196333039,0.034182262735562595,0.02056696526800548,-0.005418461192051479,0.02940907594302176
Mild cognitive impairmen,-0.04435884482749131,0.02690228563675137,0.012158749125380038,-0.03438028449853924,0.017381955452041017,-0.04165359364600425,-0.03942772371643138,-0.04780394603186184,0.02170633332827761,0.02045213842604962,0.02199651921531155,0.011181265164559352,-0.008674877846302258,-0.010040758123103307,-0.06436827987531911,0.05519789352836929,0.027969746843688453,-0.0013647815735003126,0.05934731277222979,-0.07887447910662451,0.00035868052696491,0.07122667973195441,0.026350066053069738,0.028025719230654313,0.026689955415267513,-0.003615321164637885,-0.042862998800697535,-0.043306721062683386,-0.024727036075293928,0.03812732300103613,-0.038055959695047555,0.011194333863389043,0.00433379803674858,0.013142449948294277,-0.05158208618174338,0.030912298833335256,-0.07334830049421626,-0.006411191483755226,-0.025576537351120487,0.02203866786126296,0.02718909680894628,-0.0015450193898943433,0.05799831277561049,0.06592438697034969,-0.01307724588952102,0.006518724526993497,0.03572432378599856,0.026207640099312878,0.02525954668300347,-0.08860939579540726,0.019861775168401156,0.03958185895417535,0.0525440299633876,0.037608951243736845,0.0020379881161108056,0.054952588019339395,-0.04051813789180031,-0.06826504502043838,-0.06928479738025273,-0.016341945720076828,-0.029676702759229512,-0.06388266064045615,-0.02499227076646663,-0.013760968661636567,-0.026734563476578006,0.020152523602005507,0.015125949988488496,0.05700309731878676,0.0305704444956503,-0.02773981485562722,-0.03427807001621869,0.019041635748237105,0.06295754639418331,0.0666917756132961,0.05940408903232027,0.0993649301510844,0.01051182306825972,0.07594371683426591,0.043546726243074346,0.03823065000354406,-0.003537367458016647,0.029022186698231724,0.03793675365171045,0.10584076490445772,0.09810444168734704,-0.003783312899856586,0.02293046044632055,0.09015192888472733,0.03058154290515297,1.0,0.016980094401160127,0.021922799407785264,0.07549431041583567,0.0673013016327708,0.08224391968592987,0.02150884015445524,0.03546361409014308,0.06080485883575823,0.04011711298517856,0.0826505258707271,0.019779452489066776,0.0,-0.03998630531098353,0.03271289397399741,-0.011761453572574155,-0.03770280436302649,-0.0771771895939066,-0.04296425386235525
Multiple sclerosis,0.015542242574379935,0.04357562182541845,0.024187675484438374,0.013680399135282878,0.030276800715405967,0.010540797790590105,0.022429166655901833,-0.0033206723204169462,0.013270978349404767,1.671187120122792e-05,-0.017641004911650097,-0.0062695616909793535,0.03743414384428144,0.021879840515259315,-0.013824297893533104,0.005882569077790776,-0.01841529750297663,-0.000240819856814429,-0.003216997994753468,-0.01602407035335722,0.007086020287083527,0.013744953558145812,-0.0008917158473772789,-0.024488639171996156,0.017782403503694456,0.014008427518594439,0.0026639638477367134,0.0018757576661059734,0.003377420234735652,0.018845030702608748,0.017523760336271493,0.012639386382493114,-0.020310092041320973,0.005358599751582607,-0.00769679713876408,0.01669792905998294,0.01161685656049489,0.00015342320684371644,-0.01257549750577168,0.008696774031056965,0.025722357101250377,-0.006069470026966732,0.010123779121395468,0.019320641798467535,0.034562890331263495,0.014252114962957984,-0.015221215516790527,-0.013037431618367904,0.01720029058342513,-0.043159538424918285,-0.006914022562452188,0.002167860087461359,-0.0013755178294019368,0.026021161531172888,-0.007182303955311224,0.0154753976483839,-0.07089655445239913,-0.022988266123026686,-0.04007411904804365,-0.0046866552739146024,-0.01239469429012612,-0.0314040750509083,0.0004677730259641713,-0.0011118491759838317,0.020584361218460915,0.021000125429804818,-0.0038440561951397635,-0.012552758115912539,0.0015332214086258293,0.007863858181795955,-0.014606621708583215,-0.019163422870686404,-0.010063866439101683,0.02582058385551128,0.018358104120423723,-0.000518604899308461,0.0024390362068200393,0.003206639968080381,0.03174146687598177,0.018045622940971565,0.02629957028371158,0.01710155102822885,0.013951211958773408,-0.009185618251128857,0.03407023167743833,0.009362613064957894,-0.009371408369088074,0.02059313877696732,-0.012784483475426836,0.016980094401160127,1.0,0.021030781559588724,0.004555305438332803,0.016328726126248257,0.002424434508760495,-0.0038996812416528105,-0.0016153597149940184,0.004542144505200416,0.006691785868751072,0.0007547710494976772,0.02294874350305547,0.0,-0.00465356051979374,-0.02020775611086827,-0.024196125578779773,-0.02368531275714565,-0.03422538164786773,-0.012157914114216949
Obesity,0.1288612327400647,0.15379101019455685,0.08402879726745872,0.1224574011032256,0.15634262363120435,-0.005893292271039871,0.1443258545993631,0.020940120963794658,-0.040339403520239285,0.0886952626383029,-0.11632391413067132,0.03285784447081134,0.1105247401477919,0.03729883704748755,-0.1603699539537743,0.09315480878853512,-0.21724898053539973,-0.007322097267352064,-0.023035964113359116,-0.14431215860157778,0.11196986004173906,0.04156281452104212,-0.11621698434165238,-0.13216526464890108,0.16499322532303756,0.07433535920526702,-0.007415981619738208,-0.06352883855979337,-0.12818486173728644,0.150018756472202,0.23027780444531784,0.1164727182303571,-0.17413444866695948,0.10854418879849805,-0.061840405876034094,-0.09935156845415814,0.08659328399466301,-0.028328959257798825,-0.05185277046901223,0.07216989271145845,0.06408641331101396,0.06922020373711485,-0.030296991567608206,-0.056872621041003116,-0.043737497593345304,0.011561956060702388,-0.1579820856041446,-0.0034079690992017964,-0.04522185184647002,-0.01258923432243126,-0.05744142729888887,-0.10361723854619583,0.04162850296863438,0.04882201393663521,-0.0644700195813053,-0.03627854047271322,-0.06283333545371385,0.0668858850894352,0.0017824436271125868,-0.01460856155450939,-0.05222627326917757,-0.025736861704715102,0.10207315654194413,-0.07599435383645116,0.10661970212305227,0.036445559971119916,0.007801666784201306,-0.02887140546004255,0.06723126991734808,-0.0016811872711343066,-0.04392545442460047,-0.08274469809101984,0.027500033141508402,0.12747710155487071,-0.03857789696459804,0.11352925243736726,0.07970504472031593,0.06834114523502545,0.06491083540198472,0.032210642325158516,-0.05041736670419458,0.048555719643535646,0.01255209437619152,-0.036581279775789864,0.055648283853278094,0.21669863157411315,0.25948239055605027,0.10078578595977766,-0.004684543041940717,0.021922799407785264,0.021030781559588724,1.0,0.060762429792808687,0.007523942584510295,0.023848198362338747,0.021584799593563322,0.012043570508282652,0.03459845604155484,0.19107635007464008,0.06780363952265778,0.04143908034543912,0.0,-0.041298725803986025,0.006387947188101374,-0.15040038846331694,0.015764290634398045,-0.01152163620843539,-0.04935240101604992
Osteoporosis,-0.023063317533628225,-0.009926545516907713,0.01654791742579985,-0.027406573856676355,0.04481831378542761,-0.08736006148524772,-0.0077747596292022944,-0.07862349106114166,0.03597335676567674,0.04378307073897844,-0.014172864660314307,0.03917011353936663,0.048346797759266355,0.020654699684144892,-0.1392477275278414,0.13130160449148834,-0.0055258785103415526,0.01618899849135707,0.0482724730882971,-0.1616128313183361,-0.017993943954021048,0.03826953906599747,0.02590976813301278,-0.019042997755583033,0.002116289439239674,0.0764370601146039,-0.08158908749868468,-0.009807163699876418,-0.09631459714859109,0.0366386776463799,-0.023024788672660477,0.008573439775604309,0.1139874505650381,-0.00300275421790728,-0.031879992047155366,0.013675745838854786,-0.14378516574433323,-0.04467767858931567,0.03586711351080427,0.0415825625650456,0.10082934307932288,-0.02849506766722724,0.0807981521470343,0.041046239148955575,-0.043500771212315305,0.04232938278006852,0.033712396736396616,0.0022361259007213047,-0.02232604807441435,-0.050548945559324494,0.04679438348215332,0.025532244264598287,0.0426766727032917,0.05667428229363089,-0.05122553623297994,0.06455631528905369,0.037695107195016016,-0.06225086534605779,-0.055339055769432176,0.012329572253892324,-0.07925737464407498,-0.05870141758511986,0.010406654754079064,-0.02847229070517416,0.006921895832838818,0.010776872335857154,0.00985304780944141,0.05022777053993239,0.05490932245469605,-0.014636703495787851,-0.03379809291208321,0.013681237417045057,0.1237190068716076,0.16302027049794404,0.09316125268531447,0.2218669258399585,0.12064107368237287,0.09704351251089127,0.06472998280250836,0.18435994385110394,-0.04019605400855986,0.1363564511367229,0.06343047595161466,0.14603396361798215,0.060871863816965,0.03299900967248403,0.057476600861609946,0.1038045413977555,0.11136637081386122,0.07549431041583567,0.004555305438332803,0.060762429792808687,1.0,0.09390782149407524,0.20237239072759722,0.011111688740014858,-0.01192544433630181,0.14163704286946835,0.04806872902729335,0.24003184068312447,0.001160976534180978,0.0,-0.014531256649023829,0.0194659665520019,-0.10064058425890895,-0.044641451658775366,-0.058094440494654113,-0.034193645253267665
Other heart issues (pacemaker),-0.12031879793066805,0.07677559775633057,0.05497708427174477,-0.07966190943028845,0.09558901897498623,-0.09395602121707743,-0.08703707050626394,-0.0961508628477436,0.05854214661301584,-0.0046732014827288405,-0.010031392120090703,0.023991507546689488,0.031235652000255975,0.04254456891538065,-0.10349090792294427,0.1068112116498472,0.07670900744341332,0.029868765400231125,0.0627809996306529,-0.09357610041674534,0.02941396489784537,0.18145398677780628,0.10033808480427726,0.05098958585605803,0.03224612414545678,0.04492054758759845,-0.08402846343362672,-0.03875458519254113,-0.0026716944149177543,0.09408202242878627,-0.07296067967470746,0.032162325442713836,-0.011560397457782529,0.01937565462020774,-0.11369038014262683,0.07077915968801242,-0.10740876839709679,-0.0020707735852333,-0.08625062148606397,0.04909912686009118,0.01908569556490391,-0.024543771333582005,0.06315952639709997,0.17867256623790714,0.051742790633737136,0.0666141329979341,0.04906518497379709,0.043962209661744266,0.08471809503911434,-0.1565865857363225,0.03602588346230977,0.05780084873597554,0.07933042737769917,0.013433696869959927,-0.0007555213308316594,0.04061726330515588,-0.10068597435643607,-0.10869182598568074,-0.1071940307599148,-0.06715192027293,-0.08788454106645659,-0.06457283538920175,-0.07582632801923314,0.0007880288845598838,-0.03944243180324087,0.0567668441589064,0.12154840725747691,0.12303745866730798,0.05238031514580768,-0.07872529036150826,-0.08430609842747593,0.0313447650360851,0.1454169764204332,0.09895742404977961,0.13060180510107286,0.16538475873579947,0.05994397375306577,0.04112541746022518,0.07709035721370688,0.026037381383356303,-0.014813731043343959,0.05227495912151148,0.03152222459160804,0.1747029409061012,0.08725618306506033,-0.0065083663150021,0.0748016475917494,0.09315843375073626,0.06705118294086168,0.0673013016327708,0.016328726126248257,0.007523942584510295,0.09390782149407524,1.0,0.09859472900042868,0.010950218486979666,-0.011958266722236256,0.14090159623478973,0.11075711539418624,0.07770885207299062,0.09986725765482646,0.0,-0.012035437826708517,-0.0978758322590221,0.024189920446485668,-0.10759807860087087,-0.11148853810033803,-0.06433283734236787
Other neurological conditions,-0.07391348232401637,0.034797448943464974,0.013071048906248299,-0.05206736893862546,0.02891787688680847,-0.10245337439023121,-0.058418056076814565,-0.09421397561821651,0.042887922148599995,0.00964220170415802,-0.011218018472892246,0.03151430564137419,0.027175249093523483,0.04052443331691918,-0.10209437637430953,0.10587515558112845,0.015619290386092303,0.003470004364315191,0.031156827871196533,-0.10038688905801302,0.007898625660487926,0.07380427675499024,0.03609680655394395,0.02172221039219291,-0.02388104895452204,0.012222867032073282,-0.06374914273204399,-0.0015217215899442273,-0.06370059278899692,0.03119577918507705,-0.038064445688539075,0.050296623217006994,0.0668381962547356,0.02185335609203016,-0.007677314239616802,0.010651034529464146,-0.1052176741505423,-0.028031910558325303,0.027533230409251572,0.018522540732651666,0.09974791183512823,-0.007383296491800074,0.0636425425662681,0.08839274871286784,0.015545455922120624,0.0309833487916517,0.02148168379935014,0.02511951088101944,0.023114511392504648,-0.052608083804929165,0.02586736110724395,-0.014399168310823447,0.036425497761675085,0.023827645212862368,-0.011198626402795316,0.03182143910979668,-0.015291971701568687,-0.05255118219363232,-0.0615613604823094,-0.005414350403193241,-0.0722296341411018,-0.050750946171618475,0.007687898023198867,-0.03361717472057317,-0.014735184719889317,0.021283907465154746,0.025145563853816177,0.07604677741149796,0.0590242420497163,-0.022395905640604775,-0.05657006220167608,0.01413295132210308,0.12726680042605365,0.11448403948602981,0.10503279386079928,0.17157236212769394,0.09226118141129938,0.07015806502617526,0.03874017671619926,0.12509918293207997,-0.02915685024459467,0.08923203945508641,0.03881976740234195,0.14889332381489723,0.06314860749785861,0.018234005357850053,0.037128114556806605,0.08226923359171494,0.09546393847645264,0.08224391968592987,0.002424434508760495,0.023848198362338747,0.20237239072759722,0.09859472900042868,1.0,-0.020171656470689116,0.017275236369977607,0.12155143726053201,0.04378290954811559,0.1878739145233422,0.02656496145560165,0.0,0.022926140185827934,-0.05588497429002324,-0.019829520444089126,-0.04506230596221111,-0.050098741485159,-0.014592356238860849
Parkinson's disease,0.019272689971359044,0.02240067089465335,0.022037574198907315,0.018151366612677012,0.02997727760447321,-0.009734212785644583,0.029458527876331488,-0.005615189721193919,-0.006842409735406363,-4.006666203266901e-05,-0.010365389118043597,0.005591552824884562,0.07309648222410776,0.01354388945686689,-0.014257813196819147,0.021923547789694353,-0.04670025603231895,0.0024306162015618566,0.00331122320410204,-0.032817244908815574,0.006433198575356274,0.02292381615631402,9.127495173007053e-05,-0.025314217607579147,0.008654478361520944,0.029402805837730448,-0.019595198408832646,-0.02765455106964454,-0.02652207975388594,0.04450830086547183,0.05359447951930411,0.027678086839448925,-0.028404781008670537,0.03357270784287117,-0.009764739917741589,-0.007193830040920678,0.019089830643145258,0.00672300899594547,0.004522025468850061,0.05308214978052011,0.03879763043250285,-0.004132008206692702,0.021471793084455456,0.03811408240324173,0.016278675403163155,0.02336709331679318,-0.0015101887603423741,0.04201223866751957,0.006307907860187672,-0.04966725950477656,0.00790330053709122,-0.006034299597967687,0.04073504381300735,0.023890813289944288,-0.001902430195969495,0.0067769321245575035,-0.0773713426750738,-0.0609720321849678,-0.047626940942239564,-0.03875223660103298,-0.01754838505736686,-0.023887431809292814,-0.04266682402270697,-0.04412450714717713,0.01617686104548141,0.005636025046382934,0.03062079880242016,0.017938795809286104,0.016479327906758965,-0.017214072241464862,-0.025849514517718032,-0.00436496454042137,0.08211159848255496,0.011697179452158845,-0.006895355665992822,0.039440296755467126,0.007768160414467182,0.024148874618066737,0.04102791251679123,0.0322535029208673,0.004694005532149071,0.01680094177943259,0.02610419042177962,0.022545991435163257,0.02960633905948329,0.025364639541902687,0.047509290464112314,0.033435046243287365,0.0032303988329600596,0.02150884015445524,-0.0038996812416528105,0.021584799593563322,0.011111688740014858,0.010950218486979666,-0.020171656470689116,1.0,0.08091249725196752,0.01557712525707377,0.07790784613791377,0.003071025692282984,0.024386911455687766,0.0,-0.028607404295607125,-0.019437250745308048,-0.0327159535145037,-0.014656321999573261,-0.015118531799994192,-0.05744207671917679
Retinal vascular occlusion,0.02526989819314043,0.0034514106695427787,0.0031720549080075616,0.021611709021271214,0.014129487297959783,-0.0063514150987982335,0.026644858895761857,-0.00132746440274901,0.005464567087946135,-0.010547320684680832,-0.016261377542120294,0.003836112005357295,0.04319875176368883,0.0065439551644204345,0.009325792441803987,-0.029586088570154507,-0.027631346038277212,0.01571895275639364,0.017452908037088353,-0.0407885377504484,0.024940126601868694,0.015811024034984824,-0.0016174607772866788,-0.019599661805345513,0.002671161649057704,0.004204053296115326,0.0007123158001930191,-0.023767924767384107,-0.017840140558312338,0.023199221585914538,0.020947592460131427,0.028917174445359965,-0.009660997382824202,0.06344171558844679,-0.018145545777103308,0.01048137098421894,-0.013234472516651571,-0.004455712212418041,-0.009676428454917854,0.0068722016788723105,0.04130930664128415,0.009072290253690383,-0.00642457287040576,0.04093484388562501,0.009286813380203578,0.009106413826436647,-0.0003397274766260495,0.06606138394967803,0.017651380876065187,-0.04431470718186335,-0.009956369084907903,0.005928526085103977,-0.007292632749334805,0.0038020444479671747,0.00561168011851372,0.01870112955458056,-0.04969039038269701,-0.016748116157339614,-0.03796715989825312,-0.050127547591243334,0.0011527274825371633,-0.07012871607996564,-0.04139173826009237,-0.027127216970625652,0.01408390917257771,0.009028257690738162,-0.014728271084252202,-0.018412047684734142,-0.005624040478144637,-0.005063609408310778,0.014757564521432346,-0.0062316951232687205,-0.006236344936656112,0.010118632042836893,0.0023474475389694245,0.033285685560736966,0.0057529883667655005,-0.00812014490081645,-0.006184191482379569,0.012330786319140263,-0.009717293312759742,0.014616562813649925,0.03738488278624669,0.023837137199107385,0.029216115887175372,0.030166797246674187,0.003003477202903177,0.030125267579154482,-0.007922248300113403,0.03546361409014308,-0.0016153597149940184,0.012043570508282652,-0.01192544433630181,-0.011958266722236256,0.017275236369977607,0.08091249725196752,1.0,-0.007735044949128939,0.026029302547210576,0.013297777763621139,-0.025596652323796196,0.0,0.04300267014572986,-0.018159389435908585,-0.019175268831159706,-0.026657030005065183,0.005881215510052289,-0.014696688391939045
Stroke,-0.075860797525049,0.07825398359398111,0.06604608311169477,-0.042613420395652704,0.08946071793741786,-0.10479913089436516,-0.059811876847053615,-0.08791880681014218,0.05472983162056341,0.019945177996754986,-0.016250700835487325,0.033184139400995995,0.03277067058084268,0.024150649667425826,-0.11939417563203501,0.1342679046841162,0.036220039621198484,0.01920297147004865,0.05809007262332687,-0.09940931853795519,0.009126340047583063,0.14532296796867605,0.04838469018484252,0.01500152793065417,0.04480210064321999,0.056446957418923936,-0.09583368558814195,-0.007830331512265034,-0.04735654466493276,0.10830352974560607,-0.06053591084844601,0.05962855533046069,0.012871765198642379,0.02217801155273937,-0.05784134767067773,0.05237303332010882,-0.07759407019002994,-0.008055486272055896,-0.007430349172470512,0.0741444116417643,0.0906958547302621,-0.023919179925212263,0.05183268906023113,0.13486892937093953,0.03339985270137144,0.05770801793705375,0.056035422352842916,0.018408614144112278,0.04531576763095865,-0.10734890615577268,0.03659032452370593,0.05798030847856332,0.059551602177248225,0.026693503752359734,0.0036218980837987966,0.029485874105242747,-0.06026132566880749,-0.08228383899221747,-0.055589737688484346,-0.023716585881989407,-0.10971380334622542,-0.020306110510281163,-0.033150583216032474,0.005834823112118895,-0.026289695096535774,0.036206088965787434,0.12712304084434822,0.10367250090842409,0.08354802189021061,-0.027592876396429745,-0.09730405470732449,0.015341664229805412,0.143715160511598,0.0970468786066774,0.1573556336720947,0.18126382901926374,0.0635938037875002,0.07766994367055799,0.09496280573090556,0.0629678490617023,-0.01948661886063693,0.07679608925090907,0.04957751281725264,0.1571480539678747,0.060258619490184746,0.007444136402635584,0.07865715625288877,0.14618988908351346,0.06388154510907364,0.06080485883575823,0.004542144505200416,0.03459845604155484,0.14163704286946835,0.14090159623478973,0.12155143726053201,0.01557712525707377,-0.007735044949128939,1.0,0.10794983152357811,0.11148130211164965,0.11602583648168342,0.0,-0.08361496749532839,-0.0338954428823328,-0.03236111232323755,-0.05555835984113122,-0.08482978438854831,-0.06083433074140424
Type 2 Diabetes,0.21670853168045937,0.25674922230283415,0.16686425208416467,0.2186978058653479,0.32254892379894984,-0.011480467413623846,0.2265014898325758,-0.027879661235501833,-0.11972485920081889,0.06963189567664829,-0.15905937097647774,0.11595714289838267,0.14209556317079028,0.03635635684725054,-0.20999087795989863,0.13213740863836657,-0.09152539281851838,0.057592534391909554,0.01894006796895327,-0.23075451014439285,0.10823860401402655,0.30649293151484025,0.041977766486207276,-0.0910500084040595,0.22866865670898542,0.09811054107076721,-0.13016540563161158,-0.1498914086274993,-0.12149342807332814,0.2520911090638533,0.0892023723530939,0.18907518769644996,-0.2644094855328301,0.15709007870433386,-0.3197480183591034,-0.007107667536892136,-0.03569790600180364,-0.04723725750838573,-0.3135233584386891,0.1368941740790796,0.10604463204329212,0.05376473604144945,0.001575796544033347,0.21633399726337377,-0.010560115326734629,0.010429675441461735,-0.04198940958716498,0.013742732116934981,-0.022868821560880534,-0.28497290872522285,-0.03729021296252774,0.05893607314530092,0.07424441068049767,0.017070449076055493,-0.04821427247812595,0.0063330869165389445,-0.26253685997141024,-0.11876715286339648,-0.1490668891972487,-0.1778851479431046,-0.14817952873683865,-0.14483177040950218,-0.09345811696970856,-0.10572387429659161,0.18326907158678338,0.09312035373774709,0.1522906439405725,-0.04511422204268039,0.13034010581139083,-0.043570427369894256,-0.13477548148012944,-0.07376680154599423,0.11133132417321133,0.15172766239701588,0.09664117543441961,0.231266164638935,0.01185505756235263,0.09369693308886677,0.21030340865028882,-0.03138224030681548,-0.0601112372482488,0.045971747192644394,0.04892208713244318,0.08549228053752765,0.14115642670799206,0.23175639244219598,0.344073876027405,0.24597884930615382,-0.05417443420553724,0.04011711298517856,0.006691785868751072,0.19107635007464008,0.04806872902729335,0.11075711539418624,0.04378290954811559,0.07790784613791377,0.026029302547210576,0.10794983152357811,1.0,0.05065129612871386,0.06681754067238231,0.0,-0.10516926413725827,0.046026891463695346,-0.1233508281071989,-0.1254498512673732,-0.14474229699215413,-0.13285059798746154
Urinary problems,-0.025650010153317346,-0.00651464197850438,0.03600753559720594,-0.021869234423348146,0.03963608556512321,-0.09065892569416666,-0.020611914719705325,-0.07439215267756513,0.03627408324030496,0.050273275391751755,-0.00959803479652284,0.026121857176414194,0.03737105850004684,0.02380386020752026,-0.11105708274302442,0.10676749450539239,0.029743142560976165,-0.00740685762434287,0.036328715007560804,-0.14502283020674583,0.001957117925094271,0.06261429459192343,0.01643516551856063,0.0016399451987720594,0.023695725211832348,0.03845349752646003,-0.06578356708359687,-0.01702765416420358,-0.09053310805713013,0.03317497071326135,-0.05885626198202391,0.023556555276114662,0.0918341925688618,0.025369578517546905,-0.06983440919743478,-0.012253341771833275,-0.1759506657277308,-0.06616854554336044,-0.004661729212840424,0.03937107092290671,0.07481773033019028,-0.028992757878569895,0.049396886119039585,0.001697754540279996,-0.0589031758258258,0.02600373503373909,0.004215630343309806,-0.0002492056516678115,-0.0127287104811966,-0.014026689654581596,0.017542212520971937,0.002288722417009694,0.04476655810675188,-0.0006711537634809836,-0.06584516153286009,0.029109993852578224,0.018829076654761225,-0.020883787869199668,-0.02298992781364632,0.03345894462061263,-0.06647722024819153,-0.06801918531137599,0.053625851661292114,-0.01246551140928705,0.0010538358075176226,0.00150343569156699,-0.004706549763014567,0.06235365275174595,0.05946912152515772,0.012177103815611543,-0.016710555799785434,0.009170234599913873,0.11618750746931437,0.16073668664876534,0.08615773534187986,0.2028532608166591,0.14714255525267353,0.08876494645879983,0.006805758082818554,0.155259514611905,-0.03381467570029444,0.1538640119661362,0.06611688731785804,0.15184922539531148,0.051242785274277544,0.06503376926661364,0.0773093458945481,0.09560603853609267,0.11337877017796043,0.0826505258707271,0.0007547710494976772,0.06780363952265778,0.24003184068312447,0.07770885207299062,0.1878739145233422,0.003071025692282984,0.013297777763621139,0.11148130211164965,0.05065129612871386,1.0,-0.01887561346037754,0.0,-0.005419138420507408,0.024111083309407637,-0.05569443043996615,-0.022537204270573586,-0.03598615839714696,-0.025266563115021658
ABNORMAL,-0.15512485890067063,0.18445010782658308,0.05544573342140377,0.007593056793687132,0.07297065446074025,0.02323244080664095,-0.15675852048384925,-0.04700567133316303,0.17951366371941171,0.05466048598486719,-0.07834118796090289,0.010693708150426482,0.0726820797695528,-0.013912256089401843,-0.08398716695724713,-0.025669436727983733,0.03192417773072641,0.027203296596327493,0.055954361875350724,0.11860732669290751,-0.02147087757792215,0.01831074888110261,-0.12681919324482316,0.11103775580693848,-0.028671727418461718,0.04503941952208071,0.0858208981946706,0.23629813394151544,0.20186904975518769,0.13197114866451723,0.009680291882091964,-0.056759330050219214,0.02402740519419019,-0.007446202837737878,-0.06943542855570514,0.11700498059083649,0.39846911714934535,0.26635928092177696,0.0897016035896669,0.1085801819310474,-0.060775675039243617,0.020804692780487025,-0.05981032660390652,0.09977229217914062,0.27808304857611,0.11868320095769869,0.03386995189879536,-0.02608216408331136,0.2078486374489075,-0.04259190743448689,0.05761641036649972,0.1785148259041498,0.038272219771965335,0.04653005025957351,0.1314788310915967,-0.0010727123350034388,-0.07565370063474561,-0.08345163686581947,-0.017524459563738645,-0.04344320303709808,-0.04199854776102091,0.0506154279357422,-0.02349418699884888,0.027647467800854614,0.10536581401021267,0.2081050444245133,0.3725526095331545,0.15170883656597134,0.25073611623339526,-0.005516752522203427,-0.12197093635178964,0.12305174706739798,0.10783230633687313,-0.05164364468156046,0.0832206238542721,0.1377347108392886,0.12501190906881443,-0.027586359795409212,0.17208194266138907,-0.031297450972607624,-0.026966007323780825,0.016782060160214395,0.044006725015070476,0.09176555318480929,0.11471491564413687,0.04498017899846704,0.15100333751123027,0.07632610984246872,0.11161338335264419,0.019779452489066776,0.02294874350305547,0.04143908034543912,0.001160976534180978,0.09986725765482646,0.02656496145560165,0.024386911455687766,-0.025596652323796196,0.11602583648168342,0.06681754067238231,-0.01887561346037754,1.0,0.0,-0.5686715408120526,-0.4558283755544593,0.04445590232388128,0.04516368688494649,-0.04537899573288482,-0.012472249832880604
BORDERLINE,0.0,0.0,0.0,0.0,0.0,0.0,0.0,0.0,0.0,0.0,0.0,0.0,0.0,0.0,0.0,0.0,0.0,0.0,0.0,0.0,0.0,0.0,0.0,0.0,0.0,0.0,0.0,0.0,0.0,0.0,0.0,0.0,0.0,0.0,0.0,0.0,0.0,0.0,0.0,0.0,0.0,0.0,0.0,0.0,0.0,0.0,0.0,0.0,0.0,0.0,0.0,0.0,0.0,0.0,0.0,0.0,0.0,0.0,0.0,0.0,0.0,0.0,0.0,0.0,0.0,0.0,0.0,0.0,0.0,0.0,0.0,0.0,0.0,0.0,0.0,0.0,0.0,0.0,0.0,0.0,0.0,0.0,0.0,0.0,0.0,0.0,0.0,0.0,0.0,0.0,0.0,0.0,0.0,0.0,0.0,0.0,0.0,0.0,0.0,0.0,0.0,0.0,0.0,0.0,0.0,0.0,0.0,0.0
NORMAL,0.016578107814414066,0.011923780554735416,-0.06821946030486409,-0.02217059813994163,-0.063020124299099,-0.09932768090823496,0.14277958022126483,0.04970515652950261,0.0007337563019527121,-0.04986855549994786,0.07020396212138094,-0.02564003162690011,0.004438926697758856,0.20262916372825365,0.11560773676656683,-0.011498639663376525,-0.020652393600377884,-0.04904491428674779,-0.08797395573205219,0.027510739571249405,-0.02872512849463099,0.02812681268055598,0.1423195256058609,-0.08272381863101473,0.013072399808717973,-0.014143001601423644,0.025326872282352447,-0.08456709458604833,0.010248824681840166,-0.094965229965571,0.08480125738220749,-0.022534013174738483,0.059880756355850225,0.019794140232373615,0.27961863372481016,-0.09664782065911383,-0.160001994331626,0.023754348401045337,0.10879179623719314,-0.08343356302202692,0.08698787002074204,-0.021440746345281765,-0.09207343632523254,-0.04036238472062805,-0.016963596135097677,-0.11926326879527077,-0.027421400645961314,0.030190442968892985,0.0024897075766952582,0.02887686037964389,0.023901310231264853,-0.254658075862638,0.0064025501902678465,-0.05347385064616483,-0.03937854972517981,-0.006573005996782859,0.02118865359655086,0.02133029000687623,-0.0424503763632192,0.023137342865162388,-0.026955100274081753,-0.05182627264570252,0.019089177846640368,-0.018284824846607445,0.09622626529773806,-0.09288077639949643,-0.26521447316658786,-0.24715147495394146,-0.06160211636090408,-0.05545426003656815,0.03445707806611887,-0.07006659756472779,-0.032404023967760355,0.02637183218984197,-0.023350624643327107,-0.05928000073547432,-0.05388301799045944,0.014754015954082588,-0.11265336778159682,0.022429431094590193,0.08305179632160577,0.09288389231645802,-0.006383790224347361,-0.007789124105100662,-0.0534819543375654,-0.010732119236247693,-0.11773647718117279,-0.06500272650098096,-0.0064085722694586416,-0.03998630531098353,-0.00465356051979374,-0.041298725803986025,-0.014531256649023829,-0.012035437826708517,0.022926140185827934,-0.028607404295607125,0.04300267014572986,-0.08361496749532839,-0.10516926413725827,-0.005419138420507408,-0.5686715408120526,0.0,1.0,-0.39608259706688564,0.08103656589251554,-0.014234676053814403,0.01550773818031041,0.02960854729719047
OTHERWISE NORMAL,0.17076122078765332,-0.21756207441791142,0.01051460176539136,0.028828351940083142,-0.007394635220484358,0.09071584350515265,0.03133609980059764,0.004353250030211871,-0.2029655620337595,8.439973238043942e-05,0.01263165259734878,0.02286981622064242,-0.09796269177746082,-0.20119336036294352,-0.03833365549797622,0.044139053197124356,-0.018832601278576968,0.02580164975174204,0.02807536869947152,-0.16987198714419194,0.06109359783540808,-0.04911667283438528,-0.007547215056004477,-0.04176148995247197,0.01244763484678372,-0.04016748789581874,-0.12556269355244998,-0.17807072340746008,-0.24284716971394818,-0.04267900471661793,-0.10444156571722907,0.08188318223369592,-0.08839953830988219,-0.022001996824626543,-0.23196180547671819,-0.0231949946691327,-0.2703572226029951,-0.32936078791932916,-0.22284752566869592,-0.029255991642326177,-0.024209703724375344,0.003379400366257141,0.1598218343932101,-0.06479959946556461,-0.29124541082687483,-0.006054804629226207,-0.0016218866956452087,-0.008076473382355521,-0.23737077070023235,0.013580436650569565,-0.08404770237341899,0.0768900717701647,-0.05736809026666726,0.0063558222593682896,-0.09929900416730042,0.022778480302309945,0.06461756512987224,0.056036757056385854,0.06897179575322777,0.02038041209277859,0.0875360480615504,0.0020268933610317966,0.007906800268757537,-0.007249957734143123,-0.21616221858641757,-0.1239177681355842,-0.12627574276086284,0.09706241829245235,-0.20376495873640152,0.062053396873470903,0.09704004676337427,-0.06460717784473594,-0.07895418680872937,0.031117466966394693,-0.06028170612147751,-0.08602184279504932,-0.08240239611568309,0.012369957074910877,-0.048214784979532535,0.01757671918978948,-0.06899672124774718,-0.1148593289524845,-0.040809621260903886,-0.0996589458149242,-0.06331929133822256,-0.03245314856492838,-0.03905626882251282,-0.011762776937222148,-0.11422876196333039,0.03271289397399741,-0.02020775611086827,0.006387947188101374,0.0194659665520019,-0.0978758322590221,-0.05588497429002324,-0.019437250745308048,-0.018159389435908585,-0.0338954428823328,0.046026891463695346,0.024111083309407637,-0.4558283755544593,0.0,-0.39608259706688564,1.0,-0.1365459864147629,-0.03969699744318048,0.049972155714942415,-0.027343221177974945
cube_visuospatial_executive_value,-0.2253608060583467,-0.002948676328179312,-0.06242158037811807,-0.1825522688592217,-0.10269957578385269,-0.10937557092817377,-0.18777854102813413,-0.08272708020557698,0.08157103215166027,-0.07484899000594594,0.1128937568553517,-0.020996108286856,-0.1526056897303448,-0.02608208148574436,0.09930570656791278,0.01280954702306971,0.28192926318032274,0.01595430356573988,-0.024794408592031948,0.20760597840502268,-0.07959537469024405,0.03459935112286475,0.1415443647497896,0.1228956855356701,-0.060090554375756666,-0.11766009184424134,0.015559011355090399,0.08347841269034005,0.16321408134088314,-0.06551118663420201,-0.3201453620984318,-0.10436198440452933,0.10852930932088647,-0.08364515350808979,0.10263580621286121,0.02349503094564301,-0.1250526040271817,0.07491047753487994,0.1030772070491723,-0.051712277748037924,-0.14089152812806816,-0.07655241570200731,-0.12865833937433946,-0.056631889732417756,0.0616329670984142,-0.0034039814601847587,0.015010291635229375,-0.05197780128894393,0.03157619098387308,0.24306046151195135,0.00506639793766282,-0.025148531748783207,-0.11474153170503112,-0.11119138985901361,0.04725727019497026,-0.0767953633023269,0.14051850613547454,0.10248843763995905,0.09372490052620712,0.18930320389859523,0.0553433274902696,0.15376442891343264,0.07216296203790273,0.16255475435262418,-0.1250172225986023,-0.010829873690630635,0.08924113129209535,0.10200561657903928,0.0356198322488343,-0.018742062739851215,-0.0006497796884506561,0.06767039739902328,-0.023931557710969005,-0.057036831987884985,0.08002442161195654,-0.0524520603736674,-0.04824907517409354,-0.060293343843528587,-0.049108217453279715,-0.08806319426666416,0.07035735277173452,-0.017926999203177224,-0.06213214172604209,0.02505168548322974,-0.05151050651230306,-0.07885021473217461,-0.1214646963575783,-0.038907376991445294,0.034182262735562595,-0.011761453572574155,-0.024196125578779773,-0.15040038846331694,-0.10064058425890895,0.024189920446485668,-0.019829520444089126,-0.0327159535145037,-0.019175268831159706,-0.03236111232323755,-0.1233508281071989,-0.05569443043996615,0.04445590232388128,0.0,0.08103656589251554,-0.1365459864147629,1.0,0.07097202360716172,0.05720000578815984,0.17735751442202402
fluency_language_value,0.023473774135409416,-0.04800270369130117,-0.022382839032143144,0.026825878595833505,-0.12188688431324082,0.10106745466764805,0.002820205842753157,0.10132683168469507,0.012471231283726337,0.04574619329581225,0.017033382401380935,-0.030501127272959568,-0.07255375500605726,-0.02978757102518974,0.12507745848974686,-0.11977901743074461,0.07537518397952635,0.013219674432861898,-0.029485390101508063,0.19467447746383373,-0.03959900446502294,-0.1633543827437853,-0.08208567179845568,0.002251478332972857,-0.0166395160626474,-0.04447383935228662,0.11459308723593062,0.06278108826984274,0.05132376387509998,-0.07189270625888751,-0.02892392763799411,-0.08830415400732865,0.04520010005905426,-0.009704497267342179,0.08853697937925097,-0.08604755619570298,0.07503516325067426,0.04606105372221245,0.10334697447951423,-0.020352730773944668,-0.056044100492776756,-0.029482302354943635,-0.1564606956469345,-0.27902028873911794,-0.027816586142219723,-0.045320576553696056,-0.14266154952307836,-0.06594480644075501,-0.0552779679534501,0.32707431147098,-0.0364383120681857,-0.12862976397410597,-0.08266410366554552,-0.04271747628393254,-0.04460784825923754,-0.07480954477247187,0.2033684076863259,0.18488544000206253,0.1716011687509924,0.16276515123852717,0.10083361816807493,0.12948778134485348,0.24548199634030224,0.08691970350137983,0.034213348405518956,-0.03391931182071891,-0.10270206767098493,-0.07303333449117858,0.02807906917836347,0.015121460244013321,0.07220264938209861,0.047957128652899236,-0.07181740931494938,-0.062310650093946665,-0.07313955165621373,-0.10892345490520788,0.056453996924616834,-0.05576910122407968,-0.09670961835362096,0.006697517201810061,0.0054738119153142535,0.0195476982462962,-0.037403323216658645,-0.10323458904453392,-0.044649951762989706,0.027362377703155707,-0.031557618032826036,-0.08772785195356982,0.02056696526800548,-0.03770280436302649,-0.02368531275714565,0.015764290634398045,-0.044641451658775366,-0.10759807860087087,-0.04506230596221111,-0.014656321999573261,-0.026657030005065183,-0.05555835984113122,-0.1254498512673732,-0.022537204270573586,0.04516368688494649,0.0,-0.014234676053814403,-0.03969699744318048,0.07097202360716172,1.0,0.11415599119048367,0.13598917717786552
lettera_value,-0.01988882079607556,-0.08835066001925165,-0.0467416068141115,-0.0349760859533258,-0.11249881410142216,0.03513368312793273,-0.0445124322048306,0.042372619593258186,0.00810705138923692,0.016448194119007473,0.05010051566763936,-0.03346734703498587,-0.0601802912565969,-0.033051043160349194,0.06301437551930454,-0.037725877179854046,0.039706616973336065,-0.00548024475692913,-0.02849365289053521,0.11475556881451317,-0.02872515901308776,-0.13418642336636113,-0.035010351553678244,0.035826940743718116,-0.06675350682871532,-0.05212022943287426,0.07905131777115622,0.06122608398358574,0.028988763274466853,-0.0641878699091648,-0.035181155127444894,-0.05816146626453242,0.060334399912139174,-0.02331127395136921,0.09958398028297423,-0.030238112179306036,0.014991976617025081,0.020604834794536574,0.08223023059379647,-0.0397359841152058,-0.053033269642792764,-0.007430177736236494,-0.09345888511360412,-0.16938087422591253,-0.0056966120559109445,-0.049828894841563894,-0.043175966105501645,-0.03105302424034118,-0.024849811668661653,0.21663259989750616,-0.005030860583186699,-0.06644261355326767,-0.08713545617250064,-0.03966292146035251,-0.011230675094279576,-0.03676701117846881,0.1496525161994195,0.13058886374545983,0.16210090981798833,0.12629071262140473,0.1610297984054136,0.13105205669434739,0.12904473382948342,0.05192524147090004,-0.04076348141557368,-0.0600401225217789,-0.07114533251524202,-0.01816358680493671,-0.040369115873972405,0.030437008735403302,0.07161634981409824,0.043314279320083464,-0.0982875099249852,-0.07245250297514348,-0.053905753917580186,-0.11006574979666461,-0.016341341163793585,-0.02625390274548567,-0.10555929494418802,0.0005556643100751597,-0.006363864806502562,-0.014187638515500011,-0.02741182583019499,-0.0892445994698712,-0.10741251363376146,-0.02345819184658888,-0.07092780582323399,-0.10913055384130269,-0.005418461192051479,-0.0771771895939066,-0.03422538164786773,-0.01152163620843539,-0.058094440494654113,-0.11148853810033803,-0.050098741485159,-0.015118531799994192,0.005881215510052289,-0.08482978438854831,-0.14474229699215413,-0.03598615839714696,-0.04537899573288482,0.0,0.01550773818031041,0.049972155714942415,0.05720000578815984,0.11415599119048367,1.0,0.09781377186628627
trails_visuospatial_executive_value,-0.0787087731159469,-0.04126837241936988,-0.07917050489622568,-0.07383555243782158,-0.12292663454146703,-0.024353377175864242,-0.07450232468406111,0.006044631646494775,0.08038084211959814,0.015675239037163922,0.08559372984527706,-0.055494297333184096,-0.11433383934106353,-0.036270498393970625,0.06071722502157009,-0.013896956164318323,0.19181345848437284,0.0029951170341118937,-0.05449593293913189,0.19056618676307116,-0.04146372493503039,-0.08038038694609527,0.000334003526698252,0.05223060565543313,-0.06122774050552648,-0.09232474176593286,0.06866916745405245,0.0843924794518573,0.07186464813189011,-0.06896232554478714,-0.1964546092085787,-0.08821933964150862,0.08707108236136403,-0.07005167617613181,0.11363588991907732,-0.045198584444757765,-0.05107656732610465,0.03327240423605754,0.10305232067041678,-0.03144990165100553,-0.08774378891400002,-0.02755198181232925,-0.11320164605306327,-0.19085884319068855,-0.062064736010085476,-0.052349453430516404,-0.04924625233130833,-0.057741047471566914,-0.04996680869420577,0.3564831729497635,-0.031247949940964886,-0.06475814548167699,-0.09877908185056714,-0.1429326160806474,-0.03361338481964219,-0.10783188977268057,0.23095144456577826,0.17808973932627417,0.1912195622474296,0.21220319228307416,0.07317300766292195,0.14992333037644587,0.19270142016992645,0.12970675708980847,-0.028034581641089573,-0.05581271969409452,-0.049566388547271814,-0.004639222715728532,0.03709824130275101,0.04375556626763184,0.05281874234486002,0.0664583146312668,-0.053301059753890996,-0.05079347972126342,0.010549087575317528,-0.060371176549155824,-0.01327600912775702,-0.06503329577011106,-0.039730914101504394,-0.02517600345421695,0.03979324620075837,0.010265926711053513,-0.0759722290404483,-0.03460746946871813,-0.0506833332272743,-0.018109345379604912,-0.10250370705634303,-0.07947659292362518,0.02940907594302176,-0.04296425386235525,-0.012157914114216949,-0.04935240101604992,-0.034193645253267665,-0.06433283734236787,-0.014592356238860849,-0.05744207671917679,-0.014696688391939045,-0.06083433074140424,-0.13285059798746154,-0.025266563115021658,-0.012472249832880604,0.0,0.02960854729719047,-0.027343221177974945,0.17735751442202402,0.13598917717786552,0.09781377186628627,1.0
