,heart_rate_mean,blood_glucose_mean,resp_rate_mean,stress_mean,blood_glucose_std,total_steps,resting_heart_rate,total_kcal,sleep_light_hrs,sleep_deep_hrs,sleep_rem_hrs,sleep_awake_hrs,act_generic_hrs,act_running_hrs,act_walking_hrs,act_sedentary_hrs,A/G Ratio_value,ALT (IU/L)_value (IU/L),AST (IU/L)_value (IU/L),Albumin (g/dL)_value (g/dL),Alkaline Phosphatase (IU/L)_value (IU/L),BUN (mg/dL)_value (mg/dL),BUN/Creatinine ratio_value,Bilirubin Total (mg/dL)_value (mg/dL),C-Peptide (ng/mL)_value (ng/mL),CRP - HS (mg/L)_value (mg/L),Calcium (mg/dL)_value (mg/dL),"Carbon Dioxide, Total (mEq/L)_value (mEq/L)",Chloride (mEq/L)_value (mEq/L),Creatinine (mg/dL)_value (md/dL),"Globulin, Total (g/dL)_value (g/dL)",Glucose (mg/dL)_value (mg/dL),HDL Cholesterol (mg/dL)_value (mg/dL),INSULIN (ng/mL)_value (ng/mL),LDL Cholesterol Calculation (mg/dL)_value (mg/dL),Potassium (mEq/L)_value (mEq/L),"Protein, Total (g/dL)_value (g/dL)",Sodium (mEq/L)_value (mEq/L),Total Cholesterol (mg/dL)_value (mg/dL),Triglycerides (mg/dL)_value (mg/dL),Urine Albumin (mg/dL)_value (mg/DL),Urine Creatinine (mg/dL)_value (mg/DL),clock_visuospatial_executive_time_value,delayed_recall_with_no_clue_time_value,digitspan_time_value,memory_trial1_time_value,memory_trial2_time_value,moca_abstraction_time_value,moca_orientation_time_value,moca_total_score_value,naming_time_value,repetition_time_value,subtraction_time_value,cube_visuospatial_executive_time_value,lettera_time_value,trails_visuospatial_executive_time_value,moca_combined_mis_score_value,memory_trial1_value,memory_trial2_value,moca_abstraction_value,moca_orientation_value,naming_value,repetition_value,subtraction_value,Rate,PR,QRSD,QT,QTc,P,QRS,T,Age-related macular degeneration,Arthritis,Cancer,Cataracts (1+ eyes),Chronic pullmonary problems,Circulation problems,Diabetic retinopathy (1+),Digestive problems,Marijuana user,Dry eye (1+),Glaucoma (1+),Hearing impairment,Heart attack,High blood cholesterol,High blood pressure,Kidney problems,Low blood pressure,Mild cognitive impairmen,Multiple sclerosis,Obesity,Osteoporosis,Other heart issues (pacemaker),Other neurological conditions,Parkinson's disease,Retinal vascular occlusion,Stroke,Type 2 Diabetes,Urinary problems,ABNORMAL,BORDERLINE,NORMAL,OTHERWISE NORMAL,cube_visuospatial_executive_value,fluency_language_value,lettera_value,trails_visuospatial_executive_value
heart_rate_mean,1.0,-0.10089908569550245,-0.025539815430386338,0.014193067141486812,-0.15374338472563043,0.049232912693245874,-0.015479928507438368,-0.013487055082407785,0.035243099283119826,-0.02794725469481214,-0.01578011284632505,-0.03391980060566261,-0.01151269926424866,-0.02590973889274047,-0.03806966755034748,-0.014056980577464425,-0.06044152839551077,-0.017396162020249302,0.020835636563097008,0.03127108137073345,-0.08241583876508064,0.006571816066972841,-0.0047498381241538245,0.003800728490472484,-0.00931873806344493,0.009856323423772396,0.011211594779101929,-0.009001363586692719,0.01106108330575,-0.006269228056883847,-0.029592124725419496,0.025106987112108427,0.007157890946578502,0.02884875229853101,-0.041343710295154615,-0.013252066976248067,0.0037602740978081566,0.0035002651074644386,-0.03436117918333156,0.011774413756155391,0.00628013858249443,0.009739929625272625,0.025153206634132324,0.03215704374991622,0.0024773039598238985,-0.023517193021716367,-0.021055792235749014,-0.0007466593416391504,-0.004725611742939091,-0.0236131288526913,-0.006570902805437432,-0.004320695821096483,0.03820097788058333,0.015631302048970855,0.00925601755345369,0.03388422839900841,-0.007691253763453195,-0.026559875621190474,-0.011045177017954084,-0.02199387508744643,-0.010331875854755587,-0.0007211885109478781,0.03926020557333069,0.012172419877699125,0.002749892214244401,-0.01968684019901597,0.006448745354050152,-0.008385387758914696,-0.02245403225290202,-0.034190574112466725,-0.004342114789349535,-0.005679099072839934,-0.005581262067851969,-0.011717266943877029,-0.03769337318819203,-0.036874608004536236,-0.0559326957653979,-0.012605764753612029,-0.01651073973517073,-0.04762981623300152,-0.027151190811753233,-0.03793206899884092,-0.013975974852467819,0.0034930806755123405,-0.02068754310234854,0.00827515721453688,0.036731560102094635,-0.015087277748568379,0.00865037942366111,-0.016619189626525827,-0.040606572580990465,-0.07613980959791408,-0.04262567463980623,-0.04196435302835595,-0.020959155006082857,-0.014721162451601046,0.02014872146159049,-0.012801983168887986,0.042082700832514294,0.015522283012780759,-0.007280405042199266,-0.014535279421062192,-0.026442611419753497,-0.022340962538287677,-0.004001896996423151,0.008756668091290352,0.028905028442159305,0.011018359865155234
blood_glucose_mean,-0.10089908569550245,1.0,-0.02188903370454102,-0.005075634936106624,0.10199562908875467,-0.06596291702336747,0.04248116301597313,0.013953650834354429,-0.036878207591755155,0.08671570738722721,0.032292995710896194,0.04508530622077377,0.02462385088606366,0.10483491635130966,0.08503832120269847,-0.01494846203013262,0.07959105809171098,0.005144785183724922,-0.0026706406773293295,-0.013634315474737419,0.1409221884929508,-0.011081730221197685,-0.018974352590670797,0.017578674971983496,-0.018158046568638397,0.029341803036998647,0.041033150468843524,-0.0236753986487272,0.05712434131021032,-0.006151898126032689,-0.0027684471863795982,-0.035191382809007604,-0.00015001790197252877,0.009282751104053796,0.04141458059579679,0.012509668205202034,0.009174981758559193,-0.02141980870030349,0.0726766883263343,0.037765677778671465,0.018111255511058192,0.0002581314706794104,-0.00010323878483260158,-0.031763377229103794,-0.004292873341391855,0.010051537470957017,0.015378665793534401,-0.008113577059037648,0.027479077783001415,0.010267522244257189,0.02580001870803825,-0.008765566263237578,0.004545592783845258,-0.013682085346237325,0.033327799975712814,0.025829716913367256,0.02443007687089584,0.014556893004828148,0.007126232137178526,-0.024175857709900776,0.009956469006458024,0.011204028619582942,-0.014018468658805397,-0.0034047374529218347,-0.02037132548793,0.022869268525482146,0.004762897246101092,-0.0001743688463543143,-0.015635776710173667,-0.003980625219495577,0.01089386183580385,0.010543210904763255,0.02648224258568589,0.02297052764164712,0.07682123592419185,0.04566059981624217,0.09379791480299171,0.029879050013666773,0.06952622545903303,0.0753565476285565,0.0449983897011211,0.040510370610500085,0.0038445894434449,0.014306214734045185,0.0031438046151103897,-0.011880473709664843,-0.006353887974522239,0.037248373817490424,0.037510570357285083,0.0075031227547532305,0.024466141700943335,0.04355823333046672,0.07030265009969909,0.0943282604583453,0.10218673837276995,0.0461342430930278,0.052297110864766065,0.022487676893937044,-0.002900502315547046,-0.011997298485924186,0.03860118505091583,0.013949448419124495,-0.004120834349530651,0.012723320839288253,-0.018640656257957224,0.005707421390648956,-0.032836741669572476,0.006338746871672272
resp_rate_mean,-0.025539815430386338,-0.02188903370454102,1.0,-0.018211846761327567,-0.019018780506185558,-0.038687371865406016,-0.05270810042890191,0.02807288066970182,-0.026830611214768502,0.001606840790921846,-0.029339636455046003,0.03989766375287733,-0.0139655356902641,-0.02686486033032564,-0.0145790302355281,0.02281484127910232,-0.01783951121964729,0.009921575202398416,-0.008626947923319762,0.007843655538638599,0.024202337966258494,0.02694670470821393,-0.018420495322873546,0.021530088648451965,0.04016675546493415,0.019153865694252217,-0.021941512123279768,-0.009518639262343004,-0.013609814651014946,-0.021645221506494082,-0.03561531606474905,0.021478426967999117,-0.051524073000314585,-0.014142103095254805,-0.000962391129406474,0.004759120843514119,0.011813427877015767,0.013273498320823208,0.01816021873413584,-0.01498902404039826,0.017987383095240922,-0.008186573278520615,0.0004953136840299624,0.03857751279100021,-0.025555556513295524,-0.021986261755726183,-0.004708365932116991,0.000721217330491278,0.021800237209170348,0.0005200023837738378,0.02076842199580228,0.010870016529966556,0.002493039721455571,0.020139080975797648,0.011115857535566534,0.022959211051905085,0.008381968054815142,-0.02136485919002025,0.0038849296643233625,-0.014473663429715638,-0.02574291442219046,0.008471879507554922,-0.010003873674361383,-0.001795765203578065,-0.0024972726194097366,-0.006196032193920172,-0.0009488399478832681,0.008140177944060691,0.010927822160279375,-0.04464285855310037,0.0008315553661400023,0.01721587964701227,-0.01963023362086509,0.0015827728436004463,-0.018361800107784102,-0.022630147713705525,0.0024054257676347987,-0.010827740152701602,-0.004721231379280122,-0.006038785943385514,0.01404431959512391,-0.028263341108372222,0.0014572464195205857,-0.029653706215020226,-0.008586730779363047,-0.009500452415029097,-0.0069175516745668105,-0.03362908338950613,-0.00296464190384795,0.01706090832220566,-0.024142492026181645,-0.013096789450191932,0.012798466114306323,-0.017095319263483094,-0.005554025298249588,0.006815717023173678,0.01122205375534305,0.005720232590350725,-0.01658905303129459,-0.004025203183092863,-0.029582318226016917,-0.014430712594667024,-0.0016830122355386144,0.009431700798810883,-0.008561990154643555,0.015152665499616642,0.02181067244322913,-0.027670249670177345
stress_mean,0.014193067141486812,-0.005075634936106624,-0.018211846761327567,1.0,-0.024090976449066222,0.01708622688348088,-0.033551229103611815,-0.04431834115065982,0.002902393461166938,-0.014848436566521519,0.01638165129569046,0.007905377447895271,0.0058579368345916295,-0.03712922483079951,0.029628859344829204,0.02702561573393116,-0.01133057341135996,-1.2147358774464685e-05,-0.03132216849743556,-0.024964272908167252,-0.007849538821836761,-0.033438171634340846,0.0201960858576398,-0.01816076273467157,-0.007857827532826338,-0.026090376960059104,0.003306939435108463,0.0058830958063104104,-0.006279218017878762,-0.030802719432434487,0.0035914973904932457,0.01055151991212778,0.05064188950573458,0.006922923527364463,0.02932695160602454,-0.004018295345607732,-0.04499808883935065,-0.025534111395765696,-0.0342344710685017,0.01211177974999126,0.0014044590817771884,-0.006084726482679104,0.00579894243316923,-0.015224164779437702,0.01882583409412347,0.005826661967666026,0.01748477329138126,-0.015078409951826762,0.015693098614167855,-0.004573817133416247,0.0018807158634874517,-0.01012303716851153,0.00609446389626148,0.021113258605258926,0.01039646536645029,-0.016534721857381182,0.005834935485332225,-0.01049220833769209,-0.03426600404358267,0.002430317216501902,-0.00045766624513380265,0.008141119801123897,0.0003431165486333008,-0.008160326186098698,0.008956931625034897,0.018519925681794214,-0.02713406351783501,0.006999807361106657,0.013599613854690131,0.009412332457344746,-0.002655928820842136,0.006093609189098592,-0.016962242527131053,-0.01634251521233347,-0.02118554842221367,0.010689042866487489,-0.0011527624754079852,-0.040021199192224306,0.0034164729340419946,-0.03179006527483036,-0.0037707634624526937,0.013714430996204294,-0.01890258218956093,0.0026497590623704333,-0.007666448058021452,-0.010214934446906914,-0.012107784480483965,0.010164552648213346,0.010910059654131835,-0.016119799450320146,0.014818519611304086,-0.03119842862848119,-0.023420579682371993,-0.0383333854911475,-0.009880786524721186,-0.0074475744569799255,0.01968574914474397,-0.02329698910285908,-0.02222495517317625,-0.006412569880824985,0.001006673771531151,0.009910400972396231,-0.01962416580474585,0.014626246589112546,0.017440208839655535,0.0035441729694643603,0.009342281815962234,0.013129161343460703
blood_glucose_std,-0.15374338472563043,0.10199562908875467,-0.019018780506185558,-0.024090976449066222,1.0,0.020469813662525607,0.052215372852018764,-0.010309152193089524,-0.08640538534550746,-0.06075896648964403,0.030230948705160864,0.053496663028511124,0.03310597550992983,0.029709985335957933,0.010572343058248291,-0.009309095236227754,0.12193223507707328,0.026669522593794653,0.0010609355399056077,-0.018021474254805495,0.09165961507369853,-0.017196842914774496,0.01570532508736358,0.019525992385061305,0.013273080894222527,0.024164132905783297,0.009334933309560034,0.0021833808483390934,0.003338253056923789,0.0014973733254096252,-0.024746292990298402,0.0269132580506503,0.005572749148495664,-0.018599703836060865,-0.024369028861504546,-0.0025010779616687676,-0.0253487532485521,0.01324593445322596,0.07238314904813645,-0.0019802195385570996,0.01604529290320663,0.023517392448905886,0.0054905066620514805,-0.041317733690079836,0.0274576622463181,0.004169185879558281,0.06371888566733742,-0.005975197158273942,0.00862600480163579,-0.017902375906866785,0.002109913479496092,-0.00291047579041421,-0.01736505642207091,-0.03485272091772542,-0.0023849723729063156,-0.02181724564202287,-0.00608855249860862,0.02918299247323235,-0.020729780400539778,0.004328487805362068,0.01222108398417674,0.03210179355236576,-0.0029720017050049816,0.019732538287895528,0.026725000804279146,0.03422526086169521,-0.031608950226292495,0.030988838731624283,0.02952540582447815,0.06543172598931316,-0.037657388238718933,-0.007220466407575075,0.08573828238219737,0.020655120511576905,0.083886991625002,0.08267803799500742,0.05047301422961044,0.05285456070061228,0.024086326348720783,0.04889088789673196,0.018672876137475283,0.004546210102957476,0.019818948301777873,0.012070723790514402,0.03370193170366772,-0.01267840641769543,-0.009520483225436905,-0.0007007702489937394,0.043246189636664455,0.07141343987329651,0.038549767531412926,0.06858258795156251,0.04304603110138309,0.07314539739566682,0.03910064502814661,0.008529176391628134,-0.021562309091076412,0.016363802371912164,0.008326877484991587,-0.028497608234751975,0.008434856047997328,0.03363696166963491,0.007516312796816762,0.03873748526506939,0.018525780068943745,0.004509658837168289,-0.0752862135570804,-0.025617352337504885
total_steps,0.049232912693245874,-0.06596291702336747,-0.038687371865406016,0.01708622688348088,0.020469813662525607,1.0,0.01999304359968912,-0.031096766091642594,-0.032871780178941205,-0.14611288617838739,0.02206748901798735,-0.01024680496423192,-0.02224898087085013,-0.01750023727453523,-0.0064763273117145565,-0.004864638283204656,0.0704749120860534,0.012042503397864607,0.045507675903543966,-0.008818487970863839,-0.03359248052902714,0.00939506111417729,0.00916384903880291,-0.014449997367265172,-0.04218310633744858,0.016292653900045733,-0.010904701408671651,-0.0035234607248984203,0.02599734359637414,0.018924057305599717,-0.0769384932139035,0.06562416147836422,0.03533141837115126,-0.0073198294441955206,-0.06253095436277728,-0.020202513862636138,-0.017994227026311184,0.01256374291298724,0.0068420621551318955,-0.022581618234208987,0.02364285894932762,-0.005213227990899277,0.032017355954379816,0.03590303041496843,0.0028114418421916233,-0.002822752260286822,-0.02009883231872286,-0.04186584738346814,0.012652886306661129,0.0026305987863376296,0.01637239332681286,-0.006374965704381375,0.02474839767236934,-0.004659679251211282,-0.003736600790792173,0.025172459307341095,0.009495204479273404,-0.024634315512965552,0.005691967743429432,-0.012768241049957869,-0.025511470681273057,-0.036440227587433996,0.04150288377509024,-0.03332693532857906,-0.0030043655879951124,0.007148497760506645,-0.01214943313447705,-0.016721664574204993,-0.00018784068315380421,-0.006835196310853362,0.03746331519500163,-0.013729522177217174,0.03841564445249868,-0.013184413701600962,0.011572153483589358,0.05531100017810838,-0.013064611242091823,-0.005736123097638685,0.0164004884378485,0.007372865173144882,-0.016034201831553917,-0.06390672695459786,-0.0045489966555496255,0.012970230482548044,0.017100007125633507,-0.011045720448106797,0.006870815702808128,-0.016675569680838075,0.0585012980042303,0.023823551331468833,0.03769210364661172,-0.0334030679077521,-0.012784569870737717,-0.022775798002856396,-0.014473872487381011,0.021479807590633795,0.002429267314425016,0.012110156485279399,-0.004158784785146147,-0.007578555893937092,-0.016801415987553886,0.004732888504560263,-0.012015469568431365,-0.025674210076330944,-0.014597865696697415,-0.005699188564507138,-0.03941978733620837,-0.024217797132538674
resting_heart_rate,-0.015479928507438368,0.04248116301597313,-0.05270810042890191,-0.033551229103611815,0.052215372852018764,0.01999304359968912,1.0,0.023542499788675376,-0.0275581662147317,0.011226259338463334,0.02342565746142234,-0.027180418917810152,0.03676810776660852,0.03649194088104178,0.006348710570089221,-0.029970045971879883,0.033346421781092365,0.04075312164899743,0.0797496866135225,0.0325868029401054,0.03112231715518251,-0.015052909978681299,-0.006904307826624115,-0.001729383173727415,-0.03448302414787806,-0.008602000146348293,0.012022391349574692,0.0074522259230275405,0.03131466607796454,0.01683478859595469,0.0028703589228317055,0.003695737258740415,-0.022086222747810875,-0.02709227349716063,-0.024920070483466762,0.015875151908964404,0.06506627936155222,-0.005298663886771327,0.01712708690693881,-0.02048371011067425,-0.005912069757233773,0.0092128547604047,-0.0008439100010577108,-0.020477262444897074,0.000633260117090331,-0.008877023659704565,-0.0037802367709178345,-0.004312256011531022,0.0015168462859087221,0.025712329980081078,-0.014898109678785588,-0.017438388174519037,0.005642562552896791,-0.010060196803209468,0.023910114704973867,0.00729934053152936,0.009359145858633051,0.011567850681896719,0.005290088682943771,0.03394008493695239,0.029318232802777178,-0.014138184004170159,-0.004481876592378661,0.0034514256943198643,-0.011770398985742118,0.03015875269263435,0.007715989826723914,0.0006232031429600272,-0.010945213348050573,0.024721483063894024,0.0021110216359156607,-0.007758228721428432,0.020014328002416648,0.022199486556705384,-0.009918504451469126,0.007466502229838725,0.0021860303710800146,0.016114820789091933,0.0517767145537771,0.0214482608061865,0.08174162712054271,0.0063784046396793675,0.03897295252266087,0.046549271039077425,0.03796303113534394,-0.00028065162186044365,-0.023042200453873903,0.020639467837917338,0.01651728988750228,-0.0010131663404804037,0.017020258640753894,0.043508058055109114,0.012356617935122674,0.036247938340558346,0.027687064360438145,0.04480429753088472,0.03394168408389213,0.02788312759938265,-0.0021594921407415394,0.042497373061303675,0.014963433873379428,0.03185549621942512,0.015124393644107125,0.012792665911203083,0.03406777212209394,0.0019125020941522968,-0.02281263099907591,-0.003701099362889882
total_kcal,-0.013487055082407785,0.013953650834354429,0.02807288066970182,-0.04431834115065982,-0.010309152193089524,-0.031096766091642594,0.023542499788675376,1.0,0.025194060494227715,0.04123195440528706,-0.04565722040280886,-0.019993819574403954,0.004464093416854565,-0.0015777365058230403,-0.014279302553599209,-0.03607781293678195,0.009021911487446634,-0.014261369593389252,0.013155595387368926,-0.002429315978209052,-0.012473868720820895,-0.009994246932752138,-0.03968596672098379,0.02760507691998202,0.04779045236480732,0.024089124188960396,-0.0069140837884821464,-0.006252102160999694,-0.004030800070703372,0.02475446196749127,-0.0062672525685900215,-0.012974959023082386,-0.07370456075514038,-0.0335397871714,-0.006417556760686201,0.011700288891356377,0.060033736995885066,-0.018867709648910814,-0.018133224279561662,0.017954959664374177,-0.002614167528915706,-0.008392983753077623,0.0003216427079510844,0.004826771287443304,0.005134976072934182,0.027615094199711546,0.02742628618077856,0.0026249347992023265,-0.029598404372207312,-0.010574708968741839,0.03363610655429559,-0.019455213469014083,0.023288773482157,0.02979339763182813,0.011396872421124749,-0.0033518680755103294,-0.0017262407390173137,-0.009014133209210243,-0.03593339258487607,-0.006078495224900081,-0.004782265877335328,-0.0020781661679142973,-0.018563276487854857,-0.00972019035422288,-0.02579467324940148,-0.028441718016041014,-0.001295262161036165,0.040445764627819736,-0.010089546259880584,0.0007163871374561278,-0.009521595673945936,0.04315238655205029,-0.007706003950239921,0.02487711198367268,0.035667365447813425,0.02729875012106403,0.04060248792680349,0.03676256235385725,0.01629227302406135,0.01321669746356009,0.024896694960165222,-0.0170746057470383,0.02145191533888284,0.014403884599388019,-0.026994707122616902,-0.023067495422039938,0.0019926140255149163,0.018026327120193454,-0.0022377728975531085,0.013898745410332074,-0.013087684101656002,0.01837231649735964,0.03503342595154123,0.016992140465528792,0.0086294915475152,0.0019151177629862712,0.015387315375745211,0.030027488401532805,0.02891223460314191,0.0006767605999977727,-0.03415955594472853,-0.012733484762496524,-0.0188025399612937,-0.013310209420219718,-0.0074513446081116525,-0.014838601352490138,-0.030863938950851755,-0.010539057517252582
sleep_light_hrs,0.035243099283119826,-0.036878207591755155,-0.026830611214768502,0.002902393461166938,-0.08640538534550746,-0.032871780178941205,-0.0275581662147317,0.025194060494227715,1.0,0.05240201072320051,-0.026497585107243312,-4.9434102427135703e-05,-0.010505198087626337,-0.007302207508783982,-0.012286717261019145,-0.005755970127681026,-0.07816553899598831,0.011157368209697743,-0.005384262579704356,0.012683709679212197,-0.01251994640911504,0.0018014316152361743,-0.0438644176836937,0.014119568195039425,-0.028138891689679934,-0.023734031012911286,-0.03241333798834154,0.007583121511478726,-0.014457679500695599,0.005713341571450977,0.06205476845898958,-0.008633795083598543,-0.013534124606715337,-0.015021106365120435,0.007772294407359637,-0.02917764492776734,0.011822251494213542,0.011231412333453974,-0.018844494889672752,0.034574143936406065,-0.011646900886089924,0.0040393569948719305,0.0074935972366320215,0.023193056639318286,-0.01901224209216488,0.014103934539789408,-0.03797091012435388,0.007450957327658766,0.01236998909464594,-0.004841314514160748,0.014533723605752436,-0.00232027692801769,0.026100957724067238,0.0022670185104813655,0.00620538697417215,0.013298724474021265,-0.016509846919629843,-0.010556731287797242,0.022338735146149622,-0.0069724484880002305,-0.022421336014020667,0.004164787959093088,-0.005175304888613775,0.008904606704280052,-0.006030352221283091,-0.013102861165815348,-0.01987488747790179,-0.003803064154013433,0.00204017698330829,-0.027928489040173757,-0.0016700556258677844,-0.00022989227678354705,-0.036407882769835906,-0.021600240735468346,-0.0011502497436449708,-0.030609457075814354,0.002753006021088167,0.020694942949605433,0.004678579348444183,-0.0058778058716381955,0.029461653032873195,0.0030047239725460874,-0.0020650791689731844,-0.001419551360460608,0.0021694812603115904,0.0026645979664948667,0.015369624723846953,0.01606992269306223,-0.004232417712431079,-0.031464190384130446,-0.00845170593946656,-0.02034914735866341,-0.03630757535902778,-0.009158971712893819,0.020794203426366786,0.016412054801452646,-0.017251614593385336,-0.03398682222890254,-0.00711850024792614,0.012486012035231298,0.008860756172958164,0.01644207147625083,0.004949052304849352,-0.006709725636566132,-0.0014755127162912557,0.0011794478612964698,0.022048976412068964,-0.0016222546634490549
sleep_deep_hrs,-0.02794725469481214,0.08671570738722721,0.001606840790921846,-0.014848436566521519,-0.06075896648964403,-0.14611288617838739,0.011226259338463334,0.04123195440528706,0.05240201072320051,1.0,-0.0056595654952047245,-0.01817737990235453,0.009192597838011806,0.01611944138389878,0.01988479530214474,0.024265350382913047,-0.060396325884028206,-0.017391142455224367,-0.009793792376173128,-0.025466188701214185,0.03102735749298172,-0.05956444327408354,-0.021462196003681728,0.0030891820828056024,0.0170703828543477,0.02942776710391629,-0.024350297468837233,0.01573130828448989,0.014624053467569289,0.016795748539888824,0.05453532458276764,-0.03245069690208684,-0.07081689882463735,-0.024595334801324344,0.04864378423177274,-0.012095308052543477,-0.008140924536326631,-0.005977169178382752,-0.010795129557104457,0.002922897996724474,-0.019997682726165887,-0.014738991485281119,-0.0062606477533591245,0.008436178947450078,-0.024047800759269766,-0.02063670006163228,0.014710402411703552,0.04183791210750397,0.01893819320227908,0.015080781265538782,-0.025948133205738,0.016583558110136176,-0.031200160523188487,0.025425577895371934,-0.009211882318997987,0.015147798971139681,0.00951359567868628,-0.004539762994481252,-0.005787991750638623,-0.0022287105987666544,0.011174536359024965,0.0016677605411695839,-0.016565535014299804,-0.019467771675204214,0.006187363960814865,0.008767786252800277,0.0023561637246655854,0.01393082031523586,-0.0030612218814932133,-0.003638749250867779,0.013108945578619248,0.006677772285917082,-0.037663527463704466,-0.01632185864029835,-0.0006347033004028866,-0.02175061224407202,0.010248034493804705,-0.006693558911405712,0.0033171715082705457,0.002449652674498989,0.03029439274667184,0.015595225412282558,0.013784351005878263,-0.007700415981715233,0.007132121838304609,-0.005750030787982627,-0.007793104482810091,0.003935494113651718,-0.054966374150554206,-0.048336137900115754,0.010825737644482206,-0.007629501100889719,0.04385154855582574,0.05593959872869141,0.006158956312188421,0.015333873444105429,0.01662199333389135,0.012317710048720962,-0.0034973752207378022,0.03367031941307,0.017212045432022007,-0.016207994432358125,0.01596990963496524,0.00981462486697151,0.0030564570408212768,0.02036634767179533,0.02209824187341532,0.02764507191849576
sleep_rem_hrs,-0.01578011284632505,0.032292995710896194,-0.029339636455046003,0.01638165129569046,0.030230948705160864,0.02206748901798735,0.02342565746142234,-0.04565722040280886,-0.026497585107243312,-0.0056595654952047245,1.0,-0.003499382540322765,-0.0276298177813748,-0.012424928413494565,0.028900683316496548,-0.000798517649614217,0.05140197930419706,-0.024375285777265717,0.01026500444754824,0.015115353614578912,-0.007568268313203403,-0.017541591245816175,0.0037782942705743673,-0.0076899929280131035,-0.013359173995248887,0.006567467793412863,-0.012459609663410316,-0.01292494827804599,0.04599785263892484,-0.03261058934811521,0.006292736854261791,0.006369493323571491,0.029494636900886082,0.026881673478141594,0.01226586084997836,0.021361884562206192,-0.03030221701371479,-0.003703852470230463,0.0003965343179423387,-0.035099190291853176,-0.0016373620306932059,0.01733801182764266,-0.013018851238022093,0.008247372883915501,-0.003079785770604999,0.010566129509947862,-0.00705522074486664,-0.009314508430007112,0.01183510133643512,-0.01905934663223095,0.02393233127979518,0.0041750249571666734,-0.01723592733301601,-0.019887812214151333,-0.01141742295470549,0.05119387863318947,-0.006290117719847432,0.027676013263615063,0.033953230301302366,-0.001962638793317923,-0.007534040693198074,0.016578203511588886,0.006658911324942964,0.004266465791525598,0.0081637063780593,0.007065225829274692,-0.006160405214088973,-0.0028864576124773542,0.01699531385379917,-0.006581346278683777,0.02286363484154142,0.008617043729017266,0.013396254705536681,-0.022028588520639106,0.008951978924053255,0.02843113295049453,0.008430803900059555,0.01362076422109269,-0.022189380102132738,-0.022026795535514104,-0.03045689482703264,0.016056813758734412,0.013307508977538032,0.006708441889101959,0.04070707941430496,-0.00612903824991692,0.01338456334625168,0.005882965210304911,-0.0007792682300012915,-0.003275048518875846,0.016532862169700513,0.032712520932195246,-0.02077908983134832,0.01240754326575172,-0.028210924787812886,-0.008624478923369528,-0.0049037185061880356,0.017117498407147155,0.010082168984359681,-0.02239116215630667,0.03872393442480825,0.015145355148157897,0.01822410872471339,0.008395669501427196,-0.015053446926069311,0.014781112149853093,-0.00849291930147812,-0.020827984770934106
sleep_awake_hrs,-0.03391980060566261,0.04508530622077377,0.03989766375287733,0.007905377447895271,0.053496663028511124,-0.01024680496423192,-0.027180418917810152,-0.019993819574403954,-4.9434102427135703e-05,-0.01817737990235453,-0.003499382540322765,1.0,-0.0005653667046894021,0.00997645150591898,0.00018138607916218997,0.04718502474706078,0.02017715148188206,0.03454910845598366,-0.066294851898515,0.020686747849793675,0.02666105631515888,0.03061509064343861,-0.0063025079005141526,0.031686693331191104,-0.010745100802875378,-0.03456248373780221,0.015254608576922363,-0.004200339715300685,0.02171678981746583,-0.05201018280118367,0.007217643971961281,0.0053378205311875,-0.03808381532945793,0.05015520344487306,0.006136459177660101,-0.004347557130712939,-0.05437587075825367,0.006819710899289355,0.03776393212678891,0.0271022992057713,-0.036253060394828555,0.03578133465689852,0.004238657669159445,-0.007903055596127612,0.037224465917186214,0.019952419163099335,0.012694480447591246,0.0042393461383278585,-0.0009343102161857596,0.01725638158856462,-0.021380195706433704,0.01544814382300086,0.032840273401921014,0.026315409014103477,0.00015122205700159708,0.023083641678569456,-0.008036141043598186,0.031340655102358596,-0.020781201760273958,-0.027056121287270727,-0.00032101853949631883,-0.0025331768646801416,-0.01821223127575323,0.001173299221930024,-0.002469010196785355,-0.0007454043331977783,0.00281260327064461,0.01263452205957984,-0.03009033230276252,-0.029919288907131032,-0.011867540119752105,-0.017033179599171673,-0.006089371818658104,-0.00883798212101411,0.03457850146537189,0.018280944179399457,0.002685346276180573,0.018142180744769205,0.01963768350422276,-0.006899503974335012,-0.0056737319910750905,-0.009003111816779206,-0.00832126733476325,-0.010804853161587477,-0.007172343970694913,-0.009047643859238777,0.015612188214096465,-0.06178796977205514,0.008494914479659277,-0.011889326148318115,0.03720331824626901,0.009713696898905664,0.004298606136480673,0.01004650366199838,0.04455715533854382,0.003904991518386563,0.0019828728440289055,0.021293495014050912,-0.011615929412327258,-0.02102314836975879,0.00639990292358629,-0.017954604928784156,-0.04079920333535851,-0.026846772991608446,-0.013941039781070983,0.008067687451210807,-0.03692242416587585,-0.01938141185773213
act_generic_hrs,-0.01151269926424866,0.02462385088606366,-0.0139655356902641,0.0058579368345916295,0.03310597550992983,-0.02224898087085013,0.03676810776660852,0.004464093416854565,-0.010505198087626337,0.009192597838011806,-0.0276298177813748,-0.0005653667046894021,1.0,-0.0017544339239934038,0.0019831140268108563,0.007104591480005003,-0.009021299688468432,0.017554836329790498,0.0005625551245960967,0.024545156239144605,-0.01358766751228364,0.013868871257737182,0.0011300103443378218,0.001147101096026241,0.027658130480563183,0.010298535846117268,0.0006827896730089321,0.0013589000045219459,0.006463892321075548,0.01728843784964687,0.024450543777600937,0.02986595038766537,-0.0018106158545490077,-0.015298979559043028,0.01700850435829938,-0.012422866888641228,-0.00749799534506152,-0.009859894278839784,0.004892807246947969,0.001177738087835114,0.027459162690561,-0.03882955687641457,-0.00017162395228050546,0.0027641505164606437,0.010188211250303636,-0.005609528369580528,0.037919167069617864,0.01840899335849928,-0.007949920288480072,0.012484010980371262,-0.007863980691360607,-0.010955866719115064,0.0013069878516012606,-0.01997347221412661,-0.00761538889834124,0.03257980942226805,-0.01264708213379286,-0.01775868689888446,-0.017904936912893413,-0.005823902932926755,-0.026269536000532258,0.005121267187621378,0.002929408710348426,0.01480652379530701,0.009687534372006043,0.005671801239715255,-0.002884983337215752,-0.009406105704613083,-0.023714328411482837,0.010366034491866957,-0.005219570797817203,-0.020120755760610905,0.0017268138724849784,0.0009518808698500659,0.027093252864448254,6.327444402689834e-05,0.030140716147074243,0.012236839777332763,0.035732432397439985,0.02407925572766235,-0.008664411898797533,0.020022408615176315,0.011641739762934143,0.007276125124718831,-0.013840189600729623,-0.020979498180813846,-0.018095654561006716,0.0006844221570142872,0.014302787007323937,0.02122571774956949,0.02187040560126852,0.031077484252457082,0.02986037354559194,0.03191318622250364,0.004042038650772705,-0.0033111223413030263,0.010437744315657868,0.012261906109901589,-0.028998621892747503,-0.010116652047894643,0.013719290250926795,0.02153094450273372,0.01730925123118257,-0.01934857808705683,0.025884888450135035,0.003050953636526101,-0.005391415068811982,-0.019013028850455763
act_running_hrs,-0.02590973889274047,0.10483491635130966,-0.02686486033032564,-0.03712922483079951,0.029709985335957933,-0.01750023727453523,0.03649194088104178,-0.0015777365058230403,-0.007302207508783982,0.01611944138389878,-0.012424928413494565,0.00997645150591898,-0.0017544339239934038,1.0,0.03311920265342148,0.008195418084482127,0.06063558740504349,0.05238310052205039,0.03680851999544645,-0.015389351901850387,0.13910569135494677,0.007943883954012998,-0.011924803972040272,0.02050200504445403,-0.005075644640061861,0.038437099458615544,0.017484596813831233,-0.0018707316186871317,0.006203958544921127,0.010133122928020842,0.013772768806855155,-0.0506918508277155,0.04453036329630968,0.00227766879597727,0.01456984154104331,0.010026821319894373,-0.016868507173868518,0.0321956667724881,-0.002284095295942008,0.03018204729984215,0.013498643614193591,0.002597319427575827,-0.023551493807836072,0.04365510830444943,0.017628978328842623,0.011983621688891407,0.01372000140983088,0.011150899593515437,0.006012531494729992,0.007716912824856903,0.016151603467215524,0.008621065976769862,0.009073870490042229,0.029801420450699004,0.02207388383096703,0.043852865842821366,0.006607355173542068,-0.032176013161322736,-0.015112054387615745,-0.03701456878329616,-0.010981977433348304,0.01008346069009138,-0.014875988313326982,0.00113949380823943,-0.03341205123709524,-0.0011774428739298125,0.0025087880699517016,0.004209690224360913,-0.028173133119377657,-0.049273146345921115,-0.019885588874064934,0.01836085694218729,0.005184996027029815,0.016478377335185906,0.0689791801525807,0.03623521304464049,0.056225818537988755,0.012178893788651323,0.05615136325518021,0.026516287439762056,0.03208184273523743,0.04201767579605574,0.02010656498029929,0.009665900249850487,0.016111345094575843,-0.007627796066132391,-0.002679908971724609,0.007968554234182657,0.016931556336746357,0.02017833364418699,0.020022100663333837,0.038756461040649365,0.06976864897112361,0.05763565875095934,0.06052960690647841,0.02699689137929835,0.029241704904770755,0.03781412038115345,0.007314520484013366,0.0029826727182306924,0.02790326017070073,0.014466786969966717,0.0327712680625021,0.022056704906936533,0.0033267653977024406,0.019844546157551355,-0.04140661759863325,0.012637881270855118
act_walking_hrs,-0.03806966755034748,0.08503832120269847,-0.0145790302355281,0.029628859344829204,0.010572343058248291,-0.0064763273117145565,0.006348710570089221,-0.014279302553599209,-0.012286717261019145,0.01988479530214474,0.028900683316496548,0.00018138607916218997,0.0019831140268108563,0.03311920265342148,1.0,0.001641282561579955,0.04501777483218383,0.00047845013285748294,-0.025353856379878515,-0.02597772712953368,0.027341135579327262,-0.02193672550175328,0.00833036961267927,0.0084655503823814,-0.010678741420758605,0.002666638582616121,0.0061725688817278156,-0.022196088470441286,0.015027992103868626,0.010682107583640193,-0.007111013988726637,-0.011560586079663317,0.026162683048450788,0.029491525659923894,0.03154793858809624,0.015678964692522456,-0.03474837290409694,-0.010190765430276649,0.019752430487264376,0.014385413957509153,0.013907168837113366,0.014950641040586065,-0.022976865666512036,-0.028269092529326495,0.02867481408692811,0.017760539895037328,0.028172073858233677,0.004716055920445038,0.014335441917855959,0.013764616991094044,0.0010952169059151539,-0.03227517742041202,-0.0023667679244293934,-0.011272998758725589,-0.011316561013086885,0.009936755143897462,-0.008996001616186196,-0.010070509663779753,-0.009306092564434165,-0.020359698536357523,0.005189522807765543,-0.030166105019799237,-0.01318390376455143,-0.018832307749438795,0.0011615384540529948,-0.016150893047215148,-0.004871928526843315,-0.04087227527618615,0.0035648734990653794,-0.005488395773791232,0.010225321852608944,-0.01868471004048378,-0.004420479186995817,-0.005640556462555513,0.024942643541307385,0.01637455109263821,-0.01739852389956332,0.022680428067941093,0.011420857883453922,0.026655629422798633,0.026119416647888135,0.016433388784238185,0.01845863146250555,0.03714391438740716,0.032182207092882394,-0.02929337130093314,-0.006356398545461436,0.03038280305319769,-0.005258698859283716,-0.010723069871281599,-0.004696589019133462,0.0009865863013896544,0.026563264419308827,-0.0013169806790195627,0.014392018013256716,0.01925899155993721,0.03951926418458889,-0.006923033561215305,0.01682977010802841,0.010410415339417122,0.020555772307615197,0.01701114706866925,-0.013710807620677445,0.01815055436528568,0.006782954775352581,0.04200812563452953,0.0041785183442145084,-0.020601835526944324
act_sedentary_hrs,-0.014056980577464425,-0.01494846203013262,0.02281484127910232,0.02702561573393116,-0.009309095236227754,-0.004864638283204656,-0.029970045971879883,-0.03607781293678195,-0.005755970127681026,0.024265350382913047,-0.000798517649614217,0.04718502474706078,0.007104591480005003,0.008195418084482127,0.001641282561579955,1.0,-0.014621605333085482,-0.014470517877211124,-0.07743682279115276,-0.02355558561323157,0.004040016923619383,-0.003486087686855742,-0.012781239126014787,0.00041514956876117517,0.023339153397501415,0.0034261991225860884,-0.028077344431193852,0.011290507313230566,-0.00013674982743658602,-0.03341463679006023,0.0026529284035002594,0.023799137043714877,-0.058210199056143816,0.0028596491074182194,-0.013048387426783927,-0.0031598090541091373,-0.0469280777575595,0.020485606557997065,-0.011458697823217427,0.001452879734048991,-0.038523707360039364,-0.001715893754737143,-0.005354441239883377,-0.005426961275345423,-0.04903719907929158,0.0067999262989456985,-0.021209513643890236,-0.0020454829902740034,0.00495440077318316,0.01665258429659457,-0.005685281151215101,-0.0029761503810970666,-0.05112689169925932,0.02620356129637848,0.006844825553935491,-0.0044739723908494905,0.02125705927650769,-0.010320191811286109,0.0420897016998735,0.011233195571741947,0.028427969963501696,0.05401139086975104,0.009912614511720721,0.025935634299590626,-0.011231968451216455,-0.020308324910906603,-0.024535439990277876,-0.034915119250426625,-0.0013297797253209382,-0.026741652342041553,0.004038728141101637,0.0050225568422949925,-0.03403828832827888,-0.017037648002673503,-0.037947697537364135,-0.047453994050722925,-0.01803512584432993,-0.00860423976157291,-0.01980279353994953,-0.026695779410088195,-0.003243238147168123,-0.014957140379690913,-0.017282008737604226,-0.0034661021926156057,-0.01733510543580061,0.015988078581396958,0.015022475813067107,-0.027720704397187167,-0.004894377025097406,0.004328969913724441,0.006739478072396206,-0.01821047260990715,0.007145428124237956,-0.006682931026935807,0.005056228188856095,-0.01624802781137747,-0.003039181871006038,0.008545668356580967,0.005928118406268895,0.009268562374191765,-0.059263701476355304,-0.019674566428074018,-0.01328841120586372,0.003663220772397898,-0.037646394679372835,0.012813155184245185,0.008040527259561182,0.01689898093068908
A/G Ratio_value,-0.06044152839551077,0.07959105809171098,-0.01783951121964729,-0.01133057341135996,0.12193223507707328,0.0704749120860534,0.033346421781092365,0.009021911487446634,-0.07816553899598831,-0.060396325884028206,0.05140197930419706,0.02017715148188206,-0.009021299688468432,0.06063558740504349,0.04501777483218383,-0.014621605333085482,1.0,0.030887196325527534,0.01445762180128545,0.008041182878275533,0.14684679114319504,0.025189619818790344,0.020839326911495412,-0.017447962262644896,-0.005110467606502673,0.0013097763891882137,0.021038848840747262,-0.040496960810798434,0.012704992415813287,0.0037477072308969455,-0.0732125664765359,0.02376346659650147,0.05199634229421443,0.03384831833524268,-0.05207784278530295,0.015224868513272687,-0.04408599743057309,-0.01831841530719917,0.022817664669442548,-0.015003786859770768,-0.004697605698928474,0.010465849705216053,-0.015973440650902424,-0.023358785450287554,0.043557169396921905,6.566297522512671e-05,0.03189053939046467,-0.024025494144790594,0.02682376690874448,-0.015905009517399444,0.012917199933299529,-0.008616223744254435,0.008854285705301057,0.01588372073359597,-0.0012123877783234815,0.025243913455875986,0.02845098247657904,0.012487156838851425,-0.010825490976393529,-0.03767712362955469,0.015323027719844841,-0.012233772337365383,0.038537045186211816,0.012193390074567798,0.005822000679618108,0.027875817509708974,-0.03215678620062512,0.012669235761923378,0.023792061152067428,0.007318671265136501,-0.034707184379137085,-0.01495664930129258,0.045677773950257766,-0.02659272237865713,0.06602148547962446,0.061024443163858924,0.06455456426380299,0.03224279590149086,-0.0031370940404737437,0.0493303642147746,0.012210284477304689,0.006738273524850786,0.0018248253331826349,0.02327942271275665,-0.0013497678858027135,0.01034556703590166,0.02888457350248167,0.024930162183533434,0.06292798410826231,0.0190224625498018,-0.001136359016288101,0.020514584313112077,0.02743010879869243,0.032393830674477805,0.01317662268986278,0.029581192581846116,0.009307947284591375,0.022703992288094253,0.02701110054568436,-0.0034988171161133338,0.021443079633581184,0.015025081903133869,0.03137841415283924,0.0028868828304038294,-0.02398990765402299,-0.046127988477874866,-0.036082383193608215,-0.009926316056203113
ALT (IU/L)_value (IU/L),-0.017396162020249302,0.005144785183724922,0.009921575202398416,-1.2147358774464685e-05,0.026669522593794653,0.012042503397864607,0.04075312164899743,-0.014261369593389252,0.011157368209697743,-0.017391142455224367,-0.024375285777265717,0.03454910845598366,0.017554836329790498,0.05238310052205039,0.00047845013285748294,-0.014470517877211124,0.030887196325527534,1.0,0.015710372709801492,0.002640484056293064,0.049490364919076824,0.03130097379984944,0.003944390915705071,0.009308713212314596,0.014004299857168943,0.032609867538164646,-0.02779191566682922,0.0035067818325263166,0.0015271210165085966,0.022594097330105322,0.007287768439459959,-0.025102335922885615,-0.010283360017450205,0.012753174703382206,-0.00785973696024314,-0.014434311551108135,0.0369261424494637,0.0043365274856853936,0.00744187285063471,0.008964149804962287,0.009588749413661684,0.027507587972611817,0.0011483647781704177,0.011670237827242403,0.024567224488605315,0.020738166354631892,-0.02330894020992494,0.011808818755637213,-0.03290380378429333,-0.010200776790100445,0.007905085945199718,0.04419665910052165,-0.006695874550526422,0.04681000544207373,-0.009673888740849856,-0.000863202955920432,0.0006194539143961979,-0.01913522492260846,-0.012211868333634891,-0.00402198060709013,0.006385895917788111,-0.02939280799024943,0.021479814381571843,-0.010067762923498315,0.006207830194602408,0.009857062484930706,0.010241428356640393,0.010347959402966558,-0.002817747928800043,0.027657209079578048,-0.019972130713990788,0.012029864449795185,0.0032850060719608943,-0.004940021558487885,0.010377625655118001,0.023918162598590316,0.004674095972498747,-0.004218592646161086,0.03908750899461597,0.025622881386152957,0.06674311009560636,-0.0005415172015346218,0.004145580298440786,0.026420626958778122,0.023619021454022664,-0.0034480417229786607,0.004398176825724577,0.009188124534899483,-0.0009201921907883154,-0.0011420860778878427,0.02170545598900252,0.013673441707062067,0.0006094137079901303,0.012395775258201758,0.003799038421480092,0.005784989257840613,0.010240132179629144,0.04513556668298847,-0.02446423779936822,0.0060959729818322725,0.039245370943991144,0.022171452245993182,0.026834625191140504,0.015361564036880488,-0.0018141779241601765,0.016141106599403755,0.00038785200176470616,-0.007118568236798177
AST (IU/L)_value (IU/L),0.020835636563097008,-0.0026706406773293295,-0.008626947923319762,-0.03132216849743556,0.0010609355399056077,0.045507675903543966,0.0797496866135225,0.013155595387368926,-0.005384262579704356,-0.009793792376173128,0.01026500444754824,-0.066294851898515,0.0005625551245960967,0.03680851999544645,-0.025353856379878515,-0.07743682279115276,0.01445762180128545,0.015710372709801492,1.0,0.0035972789403271397,-0.016311021565443274,0.04684807517338713,0.019277725653518877,-0.024938427933244103,-0.006676234493957641,0.023314822380622477,0.0033828489823473275,-0.007613662245803491,-0.007104968655316314,0.01606743880432035,0.024195524860333245,-0.01806462353417093,0.020990101092430304,0.010026705806236358,-0.007079374125447226,-0.016263405994188657,0.049108322196352715,-0.0075629549012501416,-0.0029682765342267585,0.006374715702716636,0.022062478389837086,-0.0093267779689774,0.019124740591117094,0.01832938104442309,0.03170699669877063,-0.0003953712936758849,0.008954122899846729,-0.005811867127996311,-0.020603699094639986,-0.013570609942721374,-0.00013857378068350202,-0.01178599883421464,0.006626060753031201,-0.020841672943064608,0.025807371021619847,0.00020304216217017333,0.02403960425519392,-0.024081894499768493,-0.025182158840334607,-0.011287697442459292,0.003629848857400317,-0.036724730681795034,-0.0032806341677933375,-0.00038265224689829937,0.010121398797570581,-0.005082821692568986,0.004288288513812485,0.010132277060186745,0.0021488070010842087,0.0036402437877967623,-0.034229398193473315,0.010088831004294231,0.009703809034896026,0.001364377802190744,0.012414836502752477,-0.010404177765418078,0.02900403310684951,0.01365217886408859,0.03781975157165589,0.020129573354876192,0.023281405882737298,0.007238458945563126,0.041787108364987384,0.023384741751170397,0.04201970294075145,0.005039954400059002,-0.00435751239152287,0.005550001472422621,0.014388306255509827,0.00023519484937719492,0.007738269486879618,0.014560430383613324,0.015547309503099002,-0.007547370078476657,0.03819619906928277,0.016966001689471558,0.0015185519532804083,0.03029869242051892,-0.0033537786854542432,0.04198150428046909,0.01968097298848674,0.04280331458619195,0.032704286998063284,0.010747481189591379,-0.00652484835024314,0.018168225918925782,-0.029523191327793217,-0.024202686022293602
Albumin (g/dL)_value (g/dL),0.03127108137073345,-0.013634315474737419,0.007843655538638599,-0.024964272908167252,-0.018021474254805495,-0.008818487970863839,0.0325868029401054,-0.002429315978209052,0.012683709679212197,-0.025466188701214185,0.015115353614578912,0.020686747849793675,0.024545156239144605,-0.015389351901850387,-0.02597772712953368,-0.02355558561323157,0.008041182878275533,0.002640484056293064,0.0035972789403271397,1.0,-0.011534842931066248,0.018442626026952298,-0.005297956044264345,0.015392031832195152,0.0043887294034620355,-0.0003670631336343146,0.010311007136196435,0.0081891179386602,-0.006854189833162821,-0.017534374632928257,0.00812676859208293,-0.006671096895183338,-0.019039970414368813,0.015544169088609797,-0.00681985266154647,0.02109716524399793,0.02256065089275295,-0.008175094793454327,0.03787822404199026,-0.005222620401223773,-0.02523160728689512,-0.012099194619625107,0.0010179033805392983,0.02692713811809935,0.011831300486922052,0.035020343458533866,-0.003217821326055164,-0.014435851390598765,-0.00237524337395469,-0.02506045535220444,0.016523302710350008,-0.010975872978835349,-0.007610457014325412,-0.008091173000303724,-0.011460115483651934,0.007791444610572353,-0.006432128088988573,0.016192384867475568,-0.020909421315548342,0.007638103738107835,-0.008378598413344856,0.025388685119636805,-0.010847717676783436,6.4672896411725625e-06,-0.010007571354358327,-0.022295803747541372,-0.010010748766301394,0.010853159858489203,-0.023409232864116915,0.014213322594580389,0.009041615664468887,-0.0007758875390197829,-0.007746528930485153,-0.002545735369529669,-0.01105894841032054,0.0006533736534849603,0.0029364044343871388,0.004606442074793522,-0.014316295756126725,-0.0012491821272020075,-0.027333503992268658,0.020639411541320374,0.01702609610753014,-0.013180436895715955,-0.06866619885703089,0.007253041511905304,0.0012445271035925465,-0.004657366096772308,0.007247144003332409,-0.0019412157140077217,0.011410819144055315,0.0036743374479477264,-0.006177104961416394,0.015708902451783385,-0.0011884810192969917,-0.019993733142693728,0.006596982581497084,0.009720878520128397,0.0034154056053907556,-0.016355042270527875,0.030997785761861588,-0.0032918486884206126,0.001290847080551707,-0.003422657968633285,-0.012346076637004684,-0.015504909231675022,-0.024647936268042524,0.0032768329291801546
Alkaline Phosphatase (IU/L)_value (IU/L),-0.08241583876508064,0.1409221884929508,0.024202337966258494,-0.007849538821836761,0.09165961507369853,-0.03359248052902714,0.03112231715518251,-0.012473868720820895,-0.01251994640911504,0.03102735749298172,-0.007568268313203403,0.02666105631515888,-0.01358766751228364,0.13910569135494677,0.027341135579327262,0.004040016923619383,0.14684679114319504,0.049490364919076824,-0.016311021565443274,-0.011534842931066248,1.0,-0.008812753804743287,-0.01462996987449939,-0.012993628232627973,0.016498647429420088,-0.012424124410344487,0.023586221232949164,0.01288855989375221,0.03238843097345588,-0.01873606397838468,0.01523372811536538,-0.03894124830018315,-0.010192688845200892,0.009740173552537035,-0.011381339355990732,0.03751977802426063,-0.03478868356898919,0.012061024539482821,0.118331894626327,0.027686516441670948,-0.0003618567148419994,0.030668386496128817,-0.03039830242482559,0.0044375232768756176,0.043300884780787634,-0.006140577452310572,-0.024098854959964108,0.023605843755143557,0.010773427752411748,-0.01772309564599245,-0.012893013841244708,0.020355607951026325,0.012986671690849388,0.0027265544289442854,-0.017172379378187105,0.043546169089201656,0.005954524174120279,0.010052688766244182,-0.009223523462299568,-0.010235833613861227,0.013996389437448303,-0.005364386768803564,-0.016337218404432197,0.014417413856548556,-0.026723939727165635,-0.022810273064576708,0.02021710990469045,0.003035613325346761,-0.03360436179943341,0.004707306089229344,-0.02071558146444702,0.015870578915733024,-0.008045474648968895,0.007053934917521546,0.05143556335478452,0.05492874487815933,0.09229507215146647,0.013097257348150848,0.035967784535730775,0.057495198264645324,0.03884906158674997,-1.570693849304623e-05,0.032193249426703936,-0.012209152081485038,0.012219359924378666,0.015558196351831356,-0.031088161658767363,-0.022735491545379436,0.03729209719083082,0.026743116591146917,-0.0005872604111839002,0.04006119240215303,0.05254864787983822,0.08261256970023668,0.052098243315372814,0.06722416938066249,0.02419179364853401,0.010183885009493202,0.014129637833079644,-0.010025558958160749,0.008622363222171334,-0.007472447356970741,0.033575183791317235,0.000571504685872938,0.011125060971327006,-0.0032279535735780574,-0.025750252839818112,-0.009567222978454052
BUN (mg/dL)_value (mg/dL),0.006571816066972841,-0.011081730221197685,0.02694670470821393,-0.033438171634340846,-0.017196842914774496,0.00939506111417729,-0.015052909978681299,-0.009994246932752138,0.0018014316152361743,-0.05956444327408354,-0.017541591245816175,0.03061509064343861,0.013868871257737182,0.007943883954012998,-0.02193672550175328,-0.003486087686855742,0.025189619818790344,0.03130097379984944,0.04684807517338713,0.018442626026952298,-0.008812753804743287,1.0,0.024279381152001348,0.017241728578290438,0.018887788648656634,0.040076447842866104,0.004209538044989313,0.015309245525238657,-0.022381962683931216,-0.0010430836727263531,-0.0001386577982925017,0.007850797276157458,0.03123013602339586,0.0036473642175169478,0.006504001855424708,0.022039041229381613,0.005416388307831571,-0.004126697044752209,0.020583309135801472,0.020580815898425607,0.03711606791430339,0.0009092382549795205,0.01609362656231471,0.029459641318512038,0.04183414138848782,0.0009784431777649127,0.01686551039965671,-0.03206081430804591,-0.01984980833368537,-2.6235397020371127e-05,0.01600375178513888,0.01321963660493091,-0.0004159447382368934,-0.018036495737260044,0.007532330712222343,0.028991734079883213,-0.017173850747843167,0.012820386536067862,-0.014685677060774836,-0.009341902317394157,-0.03357979674676579,-0.0246751496363902,0.014357533124326706,-0.010883745841403903,0.006496279908328723,-0.013425700655256943,0.01484578851829827,-0.04317628130404248,0.017389813580405287,-0.013745009064730843,-0.012826290949516804,0.0038792883312804625,0.034232347396986405,-0.00392919079669168,0.006815361437989167,-0.017233991716316007,-0.010342022040378087,0.02610741917606609,0.006517161817272226,0.02648556808952318,-0.03209397382611573,0.00688184050900307,0.008233633630058584,-0.009757642056784302,0.04001302571971708,0.002041175101504254,0.008718312204903971,0.030759573743357794,0.013183445900441038,0.050216084573221645,-0.012675649526479617,0.017487271239248953,-0.029689715547536584,-0.0012993128279902776,0.005140968644923339,-0.01611740814214689,0.004940524586514996,0.0031460739669444716,0.020225118391714807,0.002079784284070261,-0.027362544930145102,0.03243099648103788,0.026819925345731722,0.019313597751263567,-0.013920012043378751,0.010073205579827924,-0.007502847576766777,-0.02126718154738355
BUN/Creatinine ratio_value,-0.0047498381241538245,-0.018974352590670797,-0.018420495322873546,0.0201960858576398,0.01570532508736358,0.00916384903880291,-0.006904307826624115,-0.03968596672098379,-0.0438644176836937,-0.021462196003681728,0.0037782942705743673,-0.0063025079005141526,0.0011300103443378218,-0.011924803972040272,0.00833036961267927,-0.012781239126014787,0.020839326911495412,0.003944390915705071,0.019277725653518877,-0.005297956044264345,-0.01462996987449939,0.024279381152001348,1.0,-0.0013436319138278043,-0.008743213350904215,0.021473803785302534,0.028364630533353422,-0.0032116268073628888,-0.04531810817266783,0.04790972849106136,-0.004606490310643242,0.02166909162512928,0.09782227120031121,0.022203013013661215,-0.011519953927180991,-0.002880201272035283,-0.016539328284407732,-0.01758834692738847,-0.012733986651675215,0.024115220052133377,0.01334764206793474,-0.012223834518194575,0.020992726228187902,-0.0009928156008594078,0.037194700808303935,-0.00621530051167888,-0.001575477777546623,-0.038914689793463145,0.0032128148753060464,-0.006224714370523523,-0.019499043748716395,0.013351714261388006,0.00039440092331375346,-0.01784387171057674,-0.010386744242680523,-0.0023851005371489705,0.03801784140363052,0.009390663072095075,0.005216405507034285,0.016986299872158626,0.0023931436089565526,-0.030835223699998693,-0.014342926771169056,0.004650411269886127,0.011807741927201234,0.009109150438058522,0.016757959718966015,0.011954185029365539,0.020615037683756252,0.012575061784368803,0.007075393970546852,-0.02122231586593196,0.0097068926496591,-0.019342199361540035,-0.008553927950359308,-0.018006418445978264,0.00535976906135602,0.0020338896873244834,-0.00911138298822155,0.0003120162744345544,-0.014097414382611008,-0.010910577837632732,0.009069249403581996,-0.022730882000937848,0.023493755061881946,0.025724554873389517,0.0029287608112452445,0.03179389111167212,0.02557930501886595,-0.007306790587924308,0.011857767679659674,0.016997828038176434,-0.02322147678338673,0.014960083671251566,-0.0283554309608165,0.0054332907678496176,-0.01202961985598592,-0.004528546644753262,-0.0013307182783082053,0.0038946492670263178,0.016146658242198474,0.02453968770697977,0.008353638522787017,-0.006924882147193944,-0.005310028549152683,0.021204145806180148,0.006396899868525537,-0.0053102665801986835
Bilirubin Total (mg/dL)_value (mg/dL),0.003800728490472484,0.017578674971983496,0.021530088648451965,-0.01816076273467157,0.019525992385061305,-0.014449997367265172,-0.001729383173727415,0.02760507691998202,0.014119568195039425,0.0030891820828056024,-0.0076899929280131035,0.031686693331191104,0.001147101096026241,0.02050200504445403,0.0084655503823814,0.00041514956876117517,-0.017447962262644896,0.009308713212314596,-0.024938427933244103,0.015392031832195152,-0.012993628232627973,0.017241728578290438,-0.0013436319138278043,1.0,0.02241038848882655,-0.02185271849668892,-0.00870665822209315,0.01567038010575604,-0.0017160465348153137,0.015937943487049678,0.041252304414766044,0.016551687955534355,-0.006856366481438728,0.00798203409016607,0.006099423266944234,-0.003119290921739264,-0.005020797494597874,-0.003023188688809244,0.020499293962940226,0.01708756395151849,0.008134673728761433,0.017507447060589265,0.009314397436832003,-0.013956919330514843,0.020298307173754495,0.02408409887268763,0.03315162763176089,-0.00582569149604803,-0.009029350027169977,0.006535811132739198,0.01714374888027612,-0.004055209699595606,-0.003763713697580868,0.01360109384571803,0.006813394380184924,-0.017658991250826272,-0.009608536563376294,0.0024477662760158023,-0.012784173422472404,0.0001740465180192942,-0.02881711373388923,0.0008751637426598439,0.027431149324884312,-0.00672926908174136,-0.016808946064899747,0.0050991048900968046,-0.0037542872109298363,-0.006952639202222624,-0.013663827773968367,-0.024174066329471444,0.014968702723043596,-0.016645983513809703,0.014032822378537708,0.004145565638006399,-0.0070952456915076775,0.024557086052560784,0.031267082521471035,-0.00254040455660617,0.018884061839470563,0.007681118987807593,0.011466626822462791,-0.03661496767611796,0.03228187906675646,0.008397253870576004,0.0018515228407389418,-0.02614046894005617,0.042533651095076445,-0.015232468343342647,0.01630025538584074,0.019290963631637476,0.018290868876155747,-0.015534077766570226,0.006898744703417851,-0.016244361091321876,0.011339015175097158,-0.02414527721614564,-0.0016819669791937044,-0.028645648824665658,-0.024275425696114336,-0.01635116528943775,-0.012500496400091241,-0.008529716396261308,-0.0064621147972356305,-0.01738039932149278,0.026937835391298154,-0.009822543293550931,-0.03758315244429294,0.009962301049925744
C-Peptide (ng/mL)_value (ng/mL),-0.00931873806344493,-0.018158046568638397,0.04016675546493415,-0.007857827532826338,0.013273080894222527,-0.04218310633744858,-0.03448302414787806,0.04779045236480732,-0.028138891689679934,0.0170703828543477,-0.013359173995248887,-0.010745100802875378,0.027658130480563183,-0.005075644640061861,-0.010678741420758605,0.023339153397501415,-0.005110467606502673,0.014004299857168943,-0.006676234493957641,0.0043887294034620355,0.016498647429420088,0.018887788648656634,-0.008743213350904215,0.02241038848882655,1.0,0.014450436780565535,0.003428061583106726,-0.015300817436105065,-0.008965786752480637,0.021925629849730566,0.0026690394939169657,-0.016141004865784157,0.002752001632291906,0.016422520510076026,0.012631654676064679,-0.009869089172006157,0.0034443460954568196,0.014328264259749084,-0.015592323230668321,0.02809464065738593,-0.01359463018228702,-0.01478189830501075,0.0235880006256339,-0.008667062214828287,0.052525958971261506,0.009515962080561756,-0.0006534540173178857,-0.0016359099165943886,-0.009684323918564074,-0.001422129953873857,0.03640946437904062,0.017662935556934815,0.00325288485053332,0.01466010023368032,-0.025955970623166968,-0.02243126592018716,0.015632507473324522,-0.009247167753163246,-0.00890780766934729,0.02018442255148754,0.036702687396708684,0.015815477329633044,0.014680220800036491,-0.0010463199697800711,0.01800203556830907,0.009298832892019273,-0.007465571826299433,0.01575451853071219,-0.00953873854328426,0.021675625289074185,0.01731687006489542,0.01514729173195004,-0.0005026379389401573,-0.003981533384864102,0.013448424097471143,-0.026711664513076494,0.0005296317967795828,-0.014800157921829196,0.01514254388037129,0.0333253777293403,-0.002764806642411686,-0.0036733846058957338,-0.00647681840900555,0.011060764983734216,-0.02363515169348272,0.009413060879328517,-0.007332966317952301,0.0065254299252815486,0.005041275130226662,0.006608706705645127,0.013750197393575896,0.00029328360410645006,0.02200486792686064,0.006295647550511288,0.005552851193900161,-0.02291870487628479,0.011123608435686603,0.02019802775541211,-0.018920727829878036,0.0013544337010773242,-0.0030459521509470728,0.015917417660066834,-0.0010425448443365693,0.023573691867610515,0.0035178117524635806,-0.027861905052414503,-0.003486684234252064,0.019035361645802377
CRP - HS (mg/L)_value (mg/L),0.009856323423772396,0.029341803036998647,0.019153865694252217,-0.026090376960059104,0.024164132905783297,0.016292653900045733,-0.008602000146348293,0.024089124188960396,-0.023734031012911286,0.02942776710391629,0.006567467793412863,-0.03456248373780221,0.010298535846117268,0.038437099458615544,0.002666638582616121,0.0034261991225860884,0.0013097763891882137,0.032609867538164646,0.023314822380622477,-0.0003670631336343146,-0.012424124410344487,0.040076447842866104,0.021473803785302534,-0.02185271849668892,0.014450436780565535,1.0,-0.017337664332888802,0.014612276202198925,0.0038136733851388454,0.03182287763309158,-0.02669940674515954,0.006241037943438863,0.033400366634985565,-0.014037487878587565,-0.008998776627028813,0.0015898157167649413,0.013001321758358064,0.0003117637408894542,0.0028747311908075886,0.01025021629425014,0.03546454565330811,0.013294595468580953,-0.014480027165711897,0.012608520059435087,0.006264667274592067,-0.009755063761979927,-0.02185639827511787,0.005784015417158778,0.010394408278573868,-0.004754533311394224,-0.0011205199774327118,-0.0028157267399156346,0.011303900017219842,0.02555001222341675,0.011196965439377505,0.008454261586629904,-0.0030598776251871615,-0.031152414580430166,-0.013127090328193626,-0.02480915762158528,0.003946731137374207,0.005441820273056884,0.001246859948330029,0.03403214001527462,-0.030490862630082907,-0.006058515191789528,-0.004130603888314133,0.00099363617202789,-0.015607580999615284,-0.008230343530528317,0.004803501368037801,0.0011270793799217098,-0.011514225578649118,0.005479810182954441,0.022661401484583895,0.013513278260707879,0.019428856413999416,0.02531688154857349,0.025299150291107103,0.03243852626548828,-0.004383376645383676,-0.002082430628009876,-0.006966625805093248,-0.016802265958723576,0.039371763149033026,0.013588481414523627,-0.030159378633929985,0.026643786647857336,0.019435775760818518,0.008694657213789073,0.013639228538350286,-0.010679291825568468,0.0035235898901428025,0.03094890167251855,0.037238815708069306,0.012292811114895488,0.01823817383262881,0.033710945201186435,0.013659364773195015,0.03351545581298655,0.027007094490247727,0.009659720684148207,-0.005019353072285271,0.03601973993353094,-0.01793352702063844,0.004508622300888597,-0.030149385801110276,-0.01737545700331154
Calcium (mg/dL)_value (mg/dL),0.011211594779101929,0.041033150468843524,-0.021941512123279768,0.003306939435108463,0.009334933309560034,-0.010904701408671651,0.012022391349574692,-0.0069140837884821464,-0.03241333798834154,-0.024350297468837233,-0.012459609663410316,0.015254608576922363,0.0006827896730089321,0.017484596813831233,0.0061725688817278156,-0.028077344431193852,0.021038848840747262,-0.02779191566682922,0.0033828489823473275,0.010311007136196435,0.023586221232949164,0.004209538044989313,0.028364630533353422,-0.00870665822209315,0.003428061583106726,-0.017337664332888802,1.0,0.015025402509794662,0.012974229762681845,0.004735599039707512,-0.03970766857170869,0.003284015999229619,0.04083810109524604,0.028165488157602073,0.015459256026105556,0.0022097556234057583,-0.032131594056603804,0.03393834382856901,0.014488652544610717,-0.017130200928947747,0.024340416205202196,-0.0014789903221937737,-0.009355282936836566,-0.014837211045570932,0.014727625709172569,-0.01627864970655962,-0.02892697482764943,-0.002624090962873014,-0.008291973370133921,0.0055083968806529885,0.004554576581775477,-0.009494660700549778,0.006678018980585078,0.024102756366039726,0.003789424381946071,-0.013160725447397964,0.003331069406898517,0.009573894680013089,0.0008109210197173631,-0.044449681341798615,-0.0019969119887695507,-0.0028547301816875996,-0.005441772270066228,0.007886397773265262,-0.005079192103650276,0.023374100225231557,0.020662225764010396,-0.003646649655168938,-0.0054732074945674095,0.0013829546975811222,-0.011873160954959718,0.017534728347987104,0.015596608085929196,0.011354617191603598,0.006348837523501357,-0.012576551828660108,-0.002471502151778152,0.005417453009052917,0.014564309246125121,-0.007609597406004048,0.01494831340392535,0.018737202809417947,0.03407099400915361,-0.023577841487116027,-0.003380230294929114,0.0004973593650914689,0.006249149459457315,0.0022285981687279123,0.008427874843853675,-0.014299420350294563,0.02535497844611492,-0.005847398300935164,0.028861058707438648,0.03036674127913103,0.05831700692924619,0.007470373378126761,-0.011218096216553227,-0.006676254013918264,0.025171724839145072,0.020697622543204387,0.004340279978583873,0.011328984506359017,-0.0018625325022093133,-0.0037604325016840656,-0.0029736293199522164,0.007538751406409941,-0.026597085108368054,-0.003272297668718238
"Carbon Dioxide, Total (mEq/L)_value (mEq/L)",-0.009001363586692719,-0.0236753986487272,-0.009518639262343004,0.0058830958063104104,0.0021833808483390934,-0.0035234607248984203,0.0074522259230275405,-0.006252102160999694,0.007583121511478726,0.01573130828448989,-0.01292494827804599,-0.004200339715300685,0.0013589000045219459,-0.0018707316186871317,-0.022196088470441286,0.011290507313230566,-0.040496960810798434,0.0035067818325263166,-0.007613662245803491,0.0081891179386602,0.01288855989375221,0.015309245525238657,-0.0032116268073628888,0.01567038010575604,-0.015300817436105065,0.014612276202198925,0.015025402509794662,1.0,0.004581152310462134,-0.006895254264565804,0.005935386860694889,0.020614527579896798,-0.03274514417324745,-0.009807017745838418,0.0011846148952690848,0.00475912017556611,-0.010440805631000602,0.005400089873198693,0.020651277171260325,-0.0003727512343724854,0.004347171902040138,-0.0020962185630421003,0.004335496542481621,0.01744152660178507,-0.005544687113677896,-0.021519029043592743,-0.01849236323884615,0.0003961527485002045,-0.01051507959795823,0.02189261716644273,-0.01205887747759894,-0.005497736577987798,-0.011330004608442622,-0.014721080776721225,0.009188219791923104,0.0022070983307200436,-0.009123296916839415,0.009772560270548118,0.026941746614929877,-0.0047832366338507164,0.011537728133776768,-0.005068018437470218,0.021167613380756144,0.01209283317134494,-0.0209071640798334,0.009844414650511604,-0.016463007420830126,-0.020966548691108595,-0.029087083620048068,0.012207439791008613,-0.010064265833354092,0.0034919707713496908,0.01258829463583569,0.0248018913512241,-0.036829375532179694,-0.02149069508289554,-0.03219121509442738,-0.008134024184610613,0.008431493580261443,-0.015605446068511216,0.02647582455967816,-0.04013532221238363,0.0010550491358686403,-0.019930886205380353,-0.005694123957712968,-0.012666748970611208,0.02477015306868326,0.0050239411873142185,-0.004680595898387513,-0.021800447434164646,-0.009146677812537488,0.022485910934385837,-0.005488867786994037,0.007394055706514796,0.008356547032232228,-0.007454688495679613,-0.007508579020580955,-0.023920164070968288,0.0003400343852005698,-0.007160061658861924,-0.013051513937441634,0.0002811814488077665,0.014446416367966416,-0.019028945381276488,0.022422535016152653,-0.0224162771631822,0.01735326088411589,0.03688201335478086
Chloride (mEq/L)_value (mEq/L),0.01106108330575,0.05712434131021032,-0.013609814651014946,-0.006279218017878762,0.003338253056923789,0.02599734359637414,0.03131466607796454,-0.004030800070703372,-0.014457679500695599,0.014624053467569289,0.04599785263892484,0.02171678981746583,0.006463892321075548,0.006203958544921127,0.015027992103868626,-0.00013674982743658602,0.012704992415813287,0.0015271210165085966,-0.007104968655316314,-0.006854189833162821,0.03238843097345588,-0.022381962683931216,-0.04531810817266783,-0.0017160465348153137,-0.008965786752480637,0.0038136733851388454,0.012974229762681845,0.004581152310462134,1.0,0.007202653837018239,-0.008190396190261226,0.008724084974470785,-0.004664648798344052,-0.01796746101755954,-0.00041411738881396695,0.020746332022002278,-0.010524729740595503,-0.0007174618712801999,-0.002896385023852856,-0.024892703647613562,0.004020168748586532,-0.004718492153126735,-0.005536325548096141,0.011326462240152858,-0.02998491144325237,0.024859908148701686,0.030358713145913936,-0.004252367323086683,-0.011723755789602372,0.03170183127483505,-0.0077334452996517915,-0.016882173780852678,-0.01524642911544843,0.024682652316613783,-0.003916386338148125,0.004863489578917691,-0.008510796376051556,-0.016222865446450054,-0.012318012797571623,0.016021597714861766,0.01682327806744273,-0.010528895176015322,0.016022681348794213,0.016173673413663617,-0.023460778072329883,-0.02737511508937649,-0.010403884354523359,-0.023751929513555235,0.004316114965539016,-0.015266140287142675,0.01784325614886578,0.02589324874717365,0.02110381037838269,-0.0025595537329225464,0.0033146263140018347,-0.02212066460793608,0.01905187007858071,0.0041902433302453785,0.036119620226875516,0.022005683605485507,0.027147340812039733,0.0045188942217153395,-0.011960858189158373,0.00037500320368098603,-0.008565162655803982,0.0066632725504759075,0.008849995909795797,0.0009367767202797275,-0.027066392957776127,-0.0051483196281607935,-0.002218139393144378,0.013040296660304759,0.001603682060067979,0.006568100858359727,0.029873115027077058,0.0027695686694470287,0.01584417235029949,0.01247741205268426,0.018166756421991732,0.003494311225907656,-0.0022846550160667937,0.029804557698400333,0.002930254020487433,0.011446793548296301,-0.009577626141791029,-0.0013786901384615115,-0.012677623773400358,-0.016107849623044377
Creatinine (mg/dL)_value (md/dL),-0.006269228056883847,-0.006151898126032689,-0.021645221506494082,-0.030802719432434487,0.0014973733254096252,0.018924057305599717,0.01683478859595469,0.02475446196749127,0.005713341571450977,0.016795748539888824,-0.03261058934811521,-0.05201018280118367,0.01728843784964687,0.010133122928020842,0.010682107583640193,-0.03341463679006023,0.0037477072308969455,0.022594097330105322,0.01606743880432035,-0.017534374632928257,-0.01873606397838468,-0.0010430836727263531,0.04790972849106136,0.015937943487049678,0.021925629849730566,0.03182287763309158,0.004735599039707512,-0.006895254264565804,0.007202653837018239,1.0,0.009111843085903178,-0.005982936242264496,-0.00731778215758863,-0.005670769347281583,-0.012851548399219044,0.011755468353552413,0.008928509886026687,-0.010305785892843498,0.013008738491517994,0.034438629641801645,0.024634431431839438,-0.0023575552590240855,-0.011143967351250714,-0.0060005789571800135,-0.004975110037783625,0.026941889770653864,0.0039891968692605554,-0.016905407011736606,0.025185873009284633,-0.0024054039623520812,0.005554773715621603,-0.007574082020731418,-0.008032975369922075,-0.007403737714317748,-0.007830445772229216,-0.00735393065709155,-0.02857322663073255,0.005340495487450894,-0.015792009018253877,0.010165332460426694,-0.011302874999327781,-0.017855126421752965,-0.008428503400879406,0.030251389277342198,0.013493907822185468,0.05483814255534128,-0.004921571704636242,0.04156416153511869,0.04404331919739022,0.03303327418230587,0.020658415509654866,0.029464571412390343,0.032360190634974355,0.015424185017856591,0.037851299715356716,0.02467780575673937,-0.013376056751369995,0.02233156047164284,0.045200668085578294,-0.008553463409437809,0.014260205377574308,-0.0017450417231029893,0.018978192438900147,0.02085275314923591,0.047476118761653745,0.0016907588865804836,-0.019612291264276657,0.023250329263277646,0.012598726883058468,-0.011889330757136187,0.011496718501008847,0.001120269963148715,0.027488107539564523,0.007716315337341294,0.00935209321332541,0.019028535245465616,-0.0006743300665212574,0.0031786715345210976,-0.01660301913021399,0.01763824729145984,0.030435105215279812,0.015490658945522155,0.009201381499719361,0.03312751168265333,0.02210915321805974,0.0025580484974920235,-0.029988008068109976,0.016993973998486667
"Globulin, Total (g/dL)_value (g/dL)",-0.029592124725419496,-0.0027684471863795982,-0.03561531606474905,0.0035914973904932457,-0.024746292990298402,-0.0769384932139035,0.0028703589228317055,-0.0062672525685900215,0.06205476845898958,0.05453532458276764,0.006292736854261791,0.007217643971961281,0.024450543777600937,0.013772768806855155,-0.007111013988726637,0.0026529284035002594,-0.0732125664765359,0.007287768439459959,0.024195524860333245,0.00812676859208293,0.01523372811536538,-0.0001386577982925017,-0.004606490310643242,0.041252304414766044,0.0026690394939169657,-0.02669940674515954,-0.03970766857170869,0.005935386860694889,-0.008190396190261226,0.009111843085903178,1.0,-0.014095922146643288,-0.014627407510998352,0.0026820486503819933,0.08144659729501331,0.010576700265018044,0.017169123037609337,-0.004381830750491925,-0.023984229459544922,0.02116939581877872,0.0034402718645132023,0.0033003453725633713,0.03576242932248979,-0.00945942489236939,7.3779736992909e-05,0.01845300504869261,0.018003985384412412,-0.004079752247296038,0.0051335233825907664,-0.03874161527351269,0.015891594718336965,-0.002372464519563341,-0.020826675638930973,0.009682398855494755,0.01875044602766071,-0.03603989242681374,0.008420569395626507,0.004488272600329211,-0.04242154954477938,0.015579922970431528,-0.005405236325643377,0.022719179463626504,-0.030394514684056743,-0.021869403629592124,-0.026858667099894127,-0.011080643922200104,0.0316098543502546,0.031997018436889624,-0.020758779037266094,0.005523201480292684,0.01012235535230684,0.0027683944383121955,-0.018971953878716388,-0.0054498473078068085,0.007649113648391873,-0.03659592387623059,0.008634479764927844,-0.014076443609337855,-0.010446670534256786,0.021680513787101906,0.025440307209324085,0.01752351601679855,0.004288143122088996,-0.008312940340028304,0.005839906779508588,-0.01220448863076112,0.0053790693206226285,0.018511502649904307,-0.01522549930610079,-0.03389830001418118,-0.008950250974067365,0.049722538669519714,0.012996420303143059,-0.018472057171755162,0.0183297997587722,0.025464307672761973,0.004559541848689688,-0.0018403897100345097,-0.02028103295703209,-0.02048081471488638,0.002348119659559661,0.0012593276257688213,0.0038876152635652344,-0.005546160457737221,-0.019194505136458363,0.010266681633682799,0.01982687779250755,0.03403908266712873
Glucose (mg/dL)_value (mg/dL),0.025106987112108427,-0.035191382809007604,0.021478426967999117,0.01055151991212778,0.0269132580506503,0.06562416147836422,0.003695737258740415,-0.012974959023082386,-0.008633795083598543,-0.03245069690208684,0.006369493323571491,0.0053378205311875,0.02986595038766537,-0.0506918508277155,-0.011560586079663317,0.023799137043714877,0.02376346659650147,-0.025102335922885615,-0.01806462353417093,-0.006671096895183338,-0.03894124830018315,0.007850797276157458,0.02166909162512928,0.016551687955534355,-0.016141004865784157,0.006241037943438863,0.003284015999229619,0.020614527579896798,0.008724084974470785,-0.005982936242264496,-0.014095922146643288,1.0,0.00996976067570973,-0.009815979983718788,-0.04748335192983136,-0.01418194002890518,-0.020311810450060988,0.017108306579369566,0.03759769696825425,-0.008297509402855974,-0.007272778364295724,0.025607249750044997,0.028825525129523105,0.04234775916783562,0.016651569608035488,0.007207221848653966,0.006882707568690718,-0.0029864958538259666,-0.0069337273327481,0.0328348340173608,0.009311837587745524,0.006396613446387893,0.019573317231278895,0.0015278264673878616,-0.032345735278751016,-0.006429241087736978,0.012309082436440667,-0.0051661487554216885,0.0151867538631805,0.0502187087465404,-0.04135764641450891,-0.032927153270728655,0.02684028264103908,0.011477363801522951,-0.012816146137728104,-0.02825957166569572,-0.023267227477203965,0.01759805387633383,-0.019083005715149735,-0.026344537573927896,0.0006450921388379024,-0.011572874477768206,0.04670318608325246,0.027897731308291363,0.014827994738604779,-0.0007871911336103155,0.026478791906691723,0.007173708080713492,-0.013720378563455858,-0.005437358421081557,0.02074432633630979,-0.017904680586702394,-0.01538539119763873,0.004461302241832509,0.01234574508114773,-0.007770796251271449,-0.012794218526411914,0.013767684817727771,0.05612393621861923,0.009308010861410422,0.052470289326919,-0.011329911574655115,0.024604338150336184,0.008915025844704704,0.016951734164570118,-0.0024277886450130687,-0.002589626995473601,-0.006777567951794914,-0.0007367505713845896,0.014080840441991127,-0.005773924319673103,0.02138977676701836,-0.02138450989715145,-0.03139445832199744,-0.010608799412991749,-0.007626205047573573,-0.022273851719454122,-0.006015085968748674
HDL Cholesterol (mg/dL)_value (mg/dL),0.007157890946578502,-0.00015001790197252877,-0.051524073000314585,0.05064188950573458,0.005572749148495664,0.03533141837115126,-0.022086222747810875,-0.07370456075514038,-0.013534124606715337,-0.07081689882463735,0.029494636900886082,-0.03808381532945793,-0.0018106158545490077,0.04453036329630968,0.026162683048450788,-0.058210199056143816,0.05199634229421443,-0.010283360017450205,0.020990101092430304,-0.019039970414368813,-0.010192688845200892,0.03123013602339586,0.09782227120031121,-0.006856366481438728,0.002752001632291906,0.033400366634985565,0.04083810109524604,-0.03274514417324745,-0.004664648798344052,-0.00731778215758863,-0.014627407510998352,0.00996976067570973,1.0,0.04250569857671526,-0.008528279585660443,-0.017837571518937282,-0.09545494428009048,0.009407553154908165,0.01082479045741071,-0.008999532644840307,0.05331743511979078,0.006682322513603073,0.008961952312209656,0.026561827393246303,0.06132560764496771,0.010988202336317407,-0.007511782853276924,-0.02577700820240224,0.030623303830266457,-0.009325413416220375,-0.003866693328814152,0.002032241186276208,0.0025752411830913566,-0.015332870114499547,0.005730892319394774,0.00956253264309067,0.0016403949787644622,0.002911971639364945,-0.021152829546953834,0.0035615615853266474,-0.002652644204418498,-0.0597129322610081,0.019334361601029745,-0.023684557306169134,0.035594805376469724,0.01125423081369039,0.0004297576190843302,-0.01653775673854897,0.01353441670532954,0.028521880257733192,0.03239581816633208,-0.005810494639993549,0.014606806384475451,-0.011728688321447028,-0.0003752973674398823,0.02146709337672854,0.01588946087848675,-0.011962060689269487,-0.00030549137380599226,0.005256379768171336,-0.01674700899410777,0.024381422540117235,0.03118253521173971,-0.0067392176817246225,0.023870169541153417,0.01082603938113706,0.01499098138865441,0.04570963791452724,-0.003162528419059039,0.01588221028822513,0.015027696560385446,-0.006759244565081092,-0.01412397008705834,-0.015451160970787976,-0.02180030114707654,0.01876705579835741,-0.007330645369704902,-0.011793934114141025,-0.0027034535812738396,-0.024436692978869717,0.0246660403578221,0.022088638869507734,0.0629271798674035,0.04341318883294611,-0.011635445002333997,0.014191093211346562,0.02242376502941491,-0.000870854994290476
INSULIN (ng/mL)_value (ng/mL),0.02884875229853101,0.009282751104053796,-0.014142103095254805,0.006922923527364463,-0.018599703836060865,-0.0073198294441955206,-0.02709227349716063,-0.0335397871714,-0.015021106365120435,-0.024595334801324344,0.026881673478141594,0.05015520344487306,-0.015298979559043028,0.00227766879597727,0.029491525659923894,0.0028596491074182194,0.03384831833524268,0.012753174703382206,0.010026705806236358,0.015544169088609797,0.009740173552537035,0.0036473642175169478,0.022203013013661215,0.00798203409016607,0.016422520510076026,-0.014037487878587565,0.028165488157602073,-0.009807017745838418,-0.01796746101755954,-0.005670769347281583,0.0026820486503819933,-0.009815979983718788,0.04250569857671526,1.0,0.007644199252573167,-0.010590669020982194,-0.043406992775124505,0.004150125126498456,-0.01960222336088812,0.014963346404299487,0.023286029534922478,0.001833485753274148,-0.009308352273778707,0.004114945667052316,0.030440452461220936,0.04031769448090424,0.03865323865420436,-0.007787285836767389,0.01138663192893081,-0.008150456510057873,-0.00024005601967935197,0.02919528600078104,-0.0117143696663969,0.015754519004319328,0.0418819062721102,0.014702590231124572,-0.027897229675089962,-0.018878501265834666,-0.04361961645682792,-0.019301725884781438,-0.03065982379490882,-0.008746963794898428,0.0023907433921474368,0.00420079108213778,-0.0027624537156208254,0.012032731159589307,-0.00610269637124314,-0.0028174791560928577,0.008447823233025125,0.009448385265615086,-0.017006489053579158,-0.02637207968915334,0.008299985164774582,-0.00268919039259463,0.0085839945556039,-0.00016797879025834314,0.01477926855808576,0.009396347438764125,-0.022921676462451964,-0.008529882237772922,-0.012044427616266763,0.013211536695421794,-0.01658513862351383,-0.004793564398119635,0.018559171525885407,0.024098908765281944,-0.010487571057862636,0.014824750272445087,0.01643052862633295,-0.0010618469279284513,0.032662497714658394,-0.005477862030798635,0.001895215172043231,0.003632010397309324,0.018737978006468384,0.005622483515136051,-0.0368052734448278,0.0128686041196577,-0.0026589435107786745,-0.004195747024641869,0.010536779690637727,-0.0029657981491368304,0.005419201370860143,0.017294230740719077,-0.037496590357216066,0.0015401455452856408,-0.012708719760212006,-0.02607736090508776
LDL Cholesterol Calculation (mg/dL)_value (mg/dL),-0.041343710295154615,0.04141458059579679,-0.000962391129406474,0.02932695160602454,-0.024369028861504546,-0.06253095436277728,-0.024920070483466762,-0.006417556760686201,0.007772294407359637,0.04864378423177274,0.01226586084997836,0.006136459177660101,0.01700850435829938,0.01456984154104331,0.03154793858809624,-0.013048387426783927,-0.05207784278530295,-0.00785973696024314,-0.007079374125447226,-0.00681985266154647,-0.011381339355990732,0.006504001855424708,-0.011519953927180991,0.006099423266944234,0.012631654676064679,-0.008998776627028813,0.015459256026105556,0.0011846148952690848,-0.00041411738881396695,-0.012851548399219044,0.08144659729501331,-0.04748335192983136,-0.008528279585660443,0.007644199252573167,1.0,-0.0007334143915413345,-0.010513254500587111,0.006227926788412137,-0.00839346207556151,0.02158550748472452,-0.005565143242881099,0.010934071757391691,-0.0044709993814816195,-0.0030282640496373287,0.0226998876497756,0.01545062652961497,-0.01199601795739735,0.010086827899884207,0.018773197621201134,-0.006321020337201637,-0.02988586792943975,-0.015678566632008853,-0.03164056591835971,0.004612040181979066,-0.01069989330998471,0.022226555844715192,-0.016129559877583084,0.041242502172977306,-0.00811406386858288,-0.02922653401978285,-0.007357145602380834,0.004428813972490978,-0.02403277210356472,-0.01340925295089513,0.010392094837587015,0.01235905276162305,0.0032544286558208076,-0.007007079605965328,0.030980020569943586,0.022896140791197235,-0.031722643614020135,0.004782087643820265,-0.018013269992889727,0.006947985035221049,-0.016823960541626628,-0.011287359711999054,-0.02411687595593223,-0.018708285751585934,0.006262230042937938,0.021343950240167792,0.009173261264760058,0.028027332980414113,0.008112533666888196,-0.019273571879660445,-0.04491743731981714,-0.023919912083234168,-0.03286350255775124,-0.015759805950419405,-0.03399653380319581,-0.019966989509156572,-0.004994919865040005,0.01810926318066527,-0.0017946038665581593,0.0016666479330713657,0.01285252692145324,0.011290491153591058,0.0374778943502898,-0.016833617560972527,-0.003541457994988871,-0.023956018066555666,-0.004975416711405507,0.028856562135627442,0.008138955102541218,0.006631781235874115,-0.04028047885057058,0.03045214732284533,0.012566222659872117,0.03265814089172541
Potassium (mEq/L)_value (mEq/L),-0.013252066976248067,0.012509668205202034,0.004759120843514119,-0.004018295345607732,-0.0025010779616687676,-0.020202513862636138,0.015875151908964404,0.011700288891356377,-0.02917764492776734,-0.012095308052543477,0.021361884562206192,-0.004347557130712939,-0.012422866888641228,0.010026821319894373,0.015678964692522456,-0.0031598090541091373,0.015224868513272687,-0.014434311551108135,-0.016263405994188657,0.02109716524399793,0.03751977802426063,0.022039041229381613,-0.002880201272035283,-0.003119290921739264,-0.009869089172006157,0.0015898157167649413,0.0022097556234057583,0.00475912017556611,0.020746332022002278,0.011755468353552413,0.010576700265018044,-0.01418194002890518,-0.017837571518937282,-0.010590669020982194,-0.0007334143915413345,1.0,0.00421023938706255,0.027440161281248522,0.05060222996063354,0.0007419783612628637,0.025035044171147044,-0.03145350304318005,-0.011537014761243204,0.0012604707530836624,-0.018820700204761603,0.008551666722985938,0.006772197129397802,0.01536402149459385,-0.006920458434232412,0.004626464041566959,-0.04469586088534324,-0.04435403786203744,-0.004130629311774447,-0.008378785948298384,-0.006051247667564825,0.004793299458547121,0.02115877376058089,-0.009978381872553748,-0.009897963603757566,0.006398151717340988,0.010794920151749661,-0.0076241605109480005,-0.017602696857565877,0.009280478430061375,0.001757362607257703,0.00024845828442067854,0.011417988882924215,0.025318943967997023,0.015265498408608065,0.004295807361809845,0.009825541241702405,0.015205785292794883,0.021075781197603883,0.012164086913047146,0.018366898298144214,0.02377375863787493,0.017204950524375588,0.005396789961423826,0.03190479835306116,0.029124685458760076,-0.01825920690945868,0.009582857562027355,0.013798345696830826,-0.012066759569171201,-0.005493903617245047,-0.01537152477279087,-0.005976862506625375,0.006181517447037796,-0.002137579841566827,-0.01597207933270557,0.029901809675760404,0.04768495813657519,0.03168963937981943,-0.001626651453696419,0.015888682146395394,0.004291575861265638,0.01116787875982475,0.014289879701867412,-0.013730394042072545,-0.01658173542298539,0.004611741269361052,0.022281597146053923,-0.007632282646769507,0.020480385274964513,0.027830329405134205,0.007012846754172084,-0.024406981621133365,-0.0018388762201097793
"Protein, Total (g/dL)_value (g/dL)",0.0037602740978081566,0.009174981758559193,0.011813427877015767,-0.04499808883935065,-0.0253487532485521,-0.017994227026311184,0.06506627936155222,0.060033736995885066,0.011822251494213542,-0.008140924536326631,-0.03030221701371479,-0.05437587075825367,-0.00749799534506152,-0.016868507173868518,-0.03474837290409694,-0.0469280777575595,-0.04408599743057309,0.0369261424494637,0.049108322196352715,0.02256065089275295,-0.03478868356898919,0.005416388307831571,-0.016539328284407732,-0.005020797494597874,0.0034443460954568196,0.013001321758358064,-0.032131594056603804,-0.010440805631000602,-0.010524729740595503,0.008928509886026687,0.017169123037609337,-0.020311810450060988,-0.09545494428009048,-0.043406992775124505,-0.010513254500587111,0.00421023938706255,1.0,0.0005024019274709724,-0.015330334160655264,0.013894461322719653,-0.02104781261020678,0.010691203307390285,0.044201275322863914,-0.001858730619555047,-0.015984488095565498,0.008030844171797358,0.0069653915707378845,0.012836579960355012,-0.032351965557682466,-0.028893424732312992,-0.0020060068348869728,-0.023384942401416843,0.011334577808136797,0.01598349543887717,-0.009910751157177367,-0.005916184860916987,-0.026353553134982773,-0.023282624130886772,-0.04524631636392874,0.003876172093924102,-0.002674431945525514,0.024658282937438714,-0.004317279342767566,-0.006869389257209212,-0.015093262784348792,-0.005851936177043862,0.005781966327412899,0.014497445795593165,0.004301733964334523,0.009374609775120212,-0.01919448561653127,-0.008212418227231103,-0.004408572832222724,-0.0016937321361572054,-0.0194825923408084,-0.006947775255097633,0.010094420601913526,-0.009591236761541874,0.004897025392267635,0.007830624716655547,0.07427304475965178,0.010785830163128333,0.023801499558549846,0.04427446539850469,0.024692597517256696,0.0031995681164367347,-0.015029080733492727,0.00982997298258051,0.002619427073468193,0.021717776775931643,0.005116614620983149,-0.016073352132437758,0.011399467397251874,-0.0015897573407496492,-0.004272308309811108,-0.022007740555013908,0.024601087556522638,0.024525677360484888,0.0030274433257683484,0.018207878513328214,-0.008612665538375905,0.024324853615426592,-0.0003237683429201139,0.004690090841816208,0.004575152857427817,-0.011992193992726543,-0.005911194492602798,-0.011203279959470557
Sodium (mEq/L)_value (mEq/L),0.0035002651074644386,-0.02141980870030349,0.013273498320823208,-0.025534111395765696,0.01324593445322596,0.01256374291298724,-0.005298663886771327,-0.018867709648910814,0.011231412333453974,-0.005977169178382752,-0.003703852470230463,0.006819710899289355,-0.009859894278839784,0.0321956667724881,-0.010190765430276649,0.020485606557997065,-0.01831841530719917,0.0043365274856853936,-0.0075629549012501416,-0.008175094793454327,0.012061024539482821,-0.004126697044752209,-0.01758834692738847,-0.003023188688809244,0.014328264259749084,0.0003117637408894542,0.03393834382856901,0.005400089873198693,-0.0007174618712801999,-0.010305785892843498,-0.004381830750491925,0.017108306579369566,0.009407553154908165,0.004150125126498456,0.006227926788412137,0.027440161281248522,0.0005024019274709724,1.0,-0.0015195992742327456,-0.011476307951175612,-0.018616397681394458,0.0047785566170972845,0.001498965532240467,0.004352724906782629,-0.011956842695852855,-0.01743452081795604,1.3724317043619756e-05,-0.012914255954417532,0.01636938795020996,-0.0018131622369129028,0.009545146469460114,-0.01569493384625507,-0.00767888838924221,-0.016910690443516826,0.019670459023953556,-0.015008352924709886,0.014584258725808095,0.01547798638179714,0.01691055789776121,-0.0006475496266811275,0.002745492151747702,0.014995298341315738,0.005679421832998386,-0.019279644762123623,-0.004934897475769825,0.01768199984765804,-0.02209884825101117,-0.014078830717822451,1.556543849023449e-05,-0.02261782259757009,0.0026423734025288106,0.02484755951291091,-0.005196989919950797,0.008896966214100207,-0.0024346872930227238,-0.0075146956033142805,0.006117671762246269,-0.0287667277586668,0.005860489312026468,-0.007734655846645032,0.008591753849506953,0.015002356849071892,-0.03166479500464341,-0.0020567886240458826,-0.0163964173715521,0.012729875707857585,0.007624081524839227,0.02498404438656791,-0.007336428821781864,0.003387691807770906,-0.0021726478819223847,0.01883819347725019,0.01685647433177289,0.007561708894097337,-0.00813337734868145,-0.024573277490978946,-0.024587151795194766,0.0075398437998878765,0.004244442595452477,0.0057289053021130935,0.017882808813555286,0.00583017309008001,0.002119997463015124,0.02190590798840354,0.044594889428053765,0.01713820087106712,-0.020227654754070432,-0.017146655725065837
Total Cholesterol (mg/dL)_value (mg/dL),-0.03436117918333156,0.0726766883263343,0.01816021873413584,-0.0342344710685017,0.07238314904813645,0.0068420621551318955,0.01712708690693881,-0.018133224279561662,-0.018844494889672752,-0.010795129557104457,0.0003965343179423387,0.03776393212678891,0.004892807246947969,-0.002284095295942008,0.019752430487264376,-0.011458697823217427,0.022817664669442548,0.00744187285063471,-0.0029682765342267585,0.03787822404199026,0.118331894626327,0.020583309135801472,-0.012733986651675215,0.020499293962940226,-0.015592323230668321,0.0028747311908075886,0.014488652544610717,0.020651277171260325,-0.002896385023852856,0.013008738491517994,-0.023984229459544922,0.03759769696825425,0.01082479045741071,-0.01960222336088812,-0.00839346207556151,0.05060222996063354,-0.015330334160655264,-0.0015195992742327456,1.0,0.02494958219997987,0.03186481885563515,0.05281224076447748,-0.02418637433563266,0.0011583920746377238,0.03213575165383526,0.022616015275258635,0.024403882189285565,0.010323441690167322,0.002637730453517465,-0.007134780891770918,-0.03506173257887749,0.023279326371963047,0.002803977723497158,-0.008743290950837963,-0.07354128190947698,-0.010118769702192424,0.004746582620187857,0.024213036321880134,0.021608831966210124,0.002006003722927875,-0.0402601029592311,-0.007272705222746308,0.0017582288541043009,0.01504881616249412,0.002355879946149315,-0.0449662541812658,-0.003676059283562253,-0.01339354018010167,0.0032372480655261607,0.0006856491440414667,-0.019558379637741166,-0.004251740046692021,0.025732507003271475,0.03629708381699167,0.024767820261941412,0.030768501818813937,0.012719452043652584,0.005519817581013243,0.004110202567096348,0.014754334764849152,-0.00047519792193497623,-0.014356518456831092,-0.025392558541435913,-0.003739627519315831,-0.00023764054131676751,-0.0052122161592922794,0.009453570795885846,-0.007633892022753017,0.04437118196677431,0.014597759905962022,0.03268759975581951,0.04134093929878743,0.027982040393845154,0.03745762698760972,0.018922854686413904,0.02231637954376257,-0.00875678178361585,0.02533889624319057,-0.015123365487570015,-0.0006306817688941478,0.008100330773964931,-0.009885765294290222,-0.006309853571025292,-0.00028477811409158965,0.027601128898090972,-0.0004392380605483579,-0.024933378273498716,-0.011765875569685988
Triglycerides (mg/dL)_value (mg/dL),0.011774413756155391,0.037765677778671465,-0.01498902404039826,0.01211177974999126,-0.0019802195385570996,-0.022581618234208987,-0.02048371011067425,0.017954959664374177,0.034574143936406065,0.002922897996724474,-0.035099190291853176,0.0271022992057713,0.001177738087835114,0.03018204729984215,0.014385413957509153,0.001452879734048991,-0.015003786859770768,0.008964149804962287,0.006374715702716636,-0.005222620401223773,0.027686516441670948,0.020580815898425607,0.024115220052133377,0.01708756395151849,0.02809464065738593,0.01025021629425014,-0.017130200928947747,-0.0003727512343724854,-0.024892703647613562,0.034438629641801645,0.02116939581877872,-0.008297509402855974,-0.008999532644840307,0.014963346404299487,0.02158550748472452,0.0007419783612628637,0.013894461322719653,-0.011476307951175612,0.02494958219997987,1.0,0.008898166742507535,0.00662292913058033,-0.019710270399686293,0.0038120579947649785,0.012120893453255531,0.0011934194113926123,0.005542746646557859,0.03219321801764313,-0.0034703775215529187,0.003103833465497289,-0.007821765887741812,0.009849445319094367,0.0015986763782538213,0.02553206204955315,-0.008673806340899159,-0.010900728559357356,0.018778433261923508,-0.011790916150831162,-0.015784064762218476,-0.00799998784296332,-0.009541129982613198,0.0051433907660853794,0.004893759606399545,-0.029372484850508175,-0.01912335559054438,-0.022115116453842378,-0.0039126560654458116,-0.002343432227621568,-0.01563108383868552,-0.030534341459790657,-0.024024443891357335,0.011213892861321146,0.014252118117833409,-0.019792514513501187,0.04031681944355933,-0.013466809915636738,0.027137240844693274,0.005910370616294815,0.004151629649869935,-0.0074423580821287635,0.012884934870579916,-0.0033301344759528585,0.0007059781843418669,0.01239309733904898,0.0023826951177806314,0.008869501399140367,-0.006340770361831226,0.02268403927923283,-0.0038938236500489273,0.023518979155041888,-0.00039999574016187607,-0.016117717385886406,0.005555136537593644,0.0005556547915065798,0.03637935762669706,-0.0039024895236265695,0.009234621528240413,0.0010506727434304952,0.025001153966028044,-0.003449676703335091,0.032672758569697355,-0.014364771769967583,0.012864067933100914,0.023196626896761805,0.030870147227479227,-0.0014013792911300059,0.024746612710489318,-0.013471531847398164
Urine Albumin (mg/dL)_value (mg/DL),0.00628013858249443,0.018111255511058192,0.017987383095240922,0.0014044590817771884,0.01604529290320663,0.02364285894932762,-0.005912069757233773,-0.002614167528915706,-0.011646900886089924,-0.019997682726165887,-0.0016373620306932059,-0.036253060394828555,0.027459162690561,0.013498643614193591,0.013907168837113366,-0.038523707360039364,-0.004697605698928474,0.009588749413661684,0.022062478389837086,-0.02523160728689512,-0.0003618567148419994,0.03711606791430339,0.01334764206793474,0.008134673728761433,-0.01359463018228702,0.03546454565330811,0.024340416205202196,0.004347171902040138,0.004020168748586532,0.024634431431839438,0.0034402718645132023,-0.007272778364295724,0.05331743511979078,0.023286029534922478,-0.005565143242881099,0.025035044171147044,-0.02104781261020678,-0.018616397681394458,0.03186481885563515,0.008898166742507535,1.0,0.012972743232661902,0.014522831152394734,0.00531737112068959,-0.0021256389617881474,0.010876362613883228,0.011100783024605062,-0.002443697889685586,0.0014846337705379335,-0.040520983631864085,0.023157002380141165,0.03495791493881616,-0.0012724065520140582,0.014956780413449814,-0.015218210600254878,0.009997933698310693,-0.008353299827068722,-0.04553433296113774,-0.05652432049835555,-0.030156556187920427,-0.014235296566579838,0.01418498109032408,-0.022178168307368858,0.000463145659020757,-0.006697402100297845,0.011713591951037971,0.03162841792170596,-0.010926581035392678,0.04542056371978965,-0.009400367282375088,0.031578990765391494,-5.6218321139635795e-05,0.028414513413600486,-0.01218539508524115,0.03075040869210106,0.014479588153940624,-0.01199565265344618,0.02194993165815985,0.020835681357023586,0.019591261882215338,-0.0056187543968208116,-0.012929696003335052,0.021863746147349955,0.028691419546414423,0.06499915737379668,0.018049022528464687,-0.00687535417733447,0.038201350247597236,0.01143867168656619,0.026277108403250676,0.0016674330100123654,-0.002414242532114735,0.025397261002132663,0.025328524690724608,-0.019382719246896028,-0.010444858914283412,-0.008493299210193175,0.011799775450558783,-0.006392854401145878,-0.011440893657278137,0.030460922419223206,0.04031395571147522,0.04842590149440671,0.039864263739394924,0.003646325041909725,0.01401918641026372,0.001427578759148006,-0.0038515068294568927
Urine Creatinine (mg/dL)_value (mg/DL),0.009739929625272625,0.0002581314706794104,-0.008186573278520615,-0.006084726482679104,0.023517392448905886,-0.005213227990899277,0.0092128547604047,-0.008392983753077623,0.0040393569948719305,-0.014738991485281119,0.01733801182764266,0.03578133465689852,-0.03882955687641457,0.002597319427575827,0.014950641040586065,-0.001715893754737143,0.010465849705216053,0.027507587972611817,-0.0093267779689774,-0.012099194619625107,0.030668386496128817,0.0009092382549795205,-0.012223834518194575,0.017507447060589265,-0.01478189830501075,0.013294595468580953,-0.0014789903221937737,-0.0020962185630421003,-0.004718492153126735,-0.0023575552590240855,0.0033003453725633713,0.025607249750044997,0.006682322513603073,0.001833485753274148,0.010934071757391691,-0.03145350304318005,0.010691203307390285,0.0047785566170972845,0.05281224076447748,0.00662292913058033,0.012972743232661902,1.0,0.011592277017337562,0.0017465986169608347,-0.004272223014644978,0.06111234690902145,-0.040732730902933674,0.008418453678177442,0.007867687128506875,-0.018279766723212045,0.032296149519213266,0.0010329169270352223,0.016456771447618004,0.03793295979012598,0.028944264014884095,0.004659503094181067,-0.01499508264378437,-0.03971402071014073,-0.05670607778277722,-0.04525282786962596,-0.004035541611442655,-0.05065219235517387,0.0030800475349264137,-0.01841594344746217,-0.024884886313707662,0.03260533675964274,0.016913595614201127,-0.023088035857297202,-0.048351470984933385,-0.002190320653678562,1.1439633764363558e-05,0.009494753420408647,0.015329907062587248,0.015320404129783728,-0.004197131239441982,0.004756459881280939,0.03988014970135826,-0.013963373491921022,-0.01725294585843502,-0.005898710102673949,0.002274797617945442,0.0033835182949177225,0.020300543527824417,0.030502272099242726,-0.0018629047319181158,0.0010299547171384205,0.010369372146886982,-0.006903920219332977,0.02034281182674754,0.0016575449924609007,0.006154929470260821,-0.0023456955562247673,-0.00430514822578719,-0.011069026453566467,0.018050241199015726,0.01353640164606223,0.013968129751849873,-0.01999311715171964,-0.005472629203539396,0.00243719151194741,0.009405787311166166,0.01727548202380605,-0.01634439168407273,0.0057214639866957654,-9.379883877569477e-05,0.005757017814045519,0.013179983780058102,-0.00014431061894797895
clock_visuospatial_executive_time_value,0.025153206634132324,-0.00010323878483260158,0.0004953136840299624,0.00579894243316923,0.0054905066620514805,0.032017355954379816,-0.0008439100010577108,0.0003216427079510844,0.0074935972366320215,-0.0062606477533591245,-0.013018851238022093,0.004238657669159445,-0.00017162395228050546,-0.023551493807836072,-0.022976865666512036,-0.005354441239883377,-0.015973440650902424,0.0011483647781704177,0.019124740591117094,0.0010179033805392983,-0.03039830242482559,0.01609362656231471,0.020992726228187902,0.009314397436832003,0.0235880006256339,-0.014480027165711897,-0.009355282936836566,0.004335496542481621,-0.005536325548096141,-0.011143967351250714,0.03576242932248979,0.028825525129523105,0.008961952312209656,-0.009308352273778707,-0.0044709993814816195,-0.011537014761243204,0.044201275322863914,0.001498965532240467,-0.02418637433563266,-0.019710270399686293,0.014522831152394734,0.011592277017337562,1.0,0.01972914429018827,-0.013309824534232927,0.02119593392576636,-0.018586730645041624,-0.004688893601160089,-0.002759489243787176,0.01719657283312915,0.0442090097492854,-0.006961693344692967,-0.0008245735381197392,0.05026937061171696,0.04399729975794172,-0.012308503100834771,0.0020739014419806495,-0.006477794808875081,0.006267469054067447,-0.0029901054724065955,-0.008473549525965726,0.016056601079395064,0.0339610919096192,0.00531155874832942,-0.014682638936843505,0.03576868084439874,0.027577754823585033,0.0308460125787917,-0.060738736537022546,0.008336713853349663,0.02695847899372007,-0.011609729072120155,0.020374589428472662,-0.0018120945737685312,-0.007440540730990151,-0.013750906796049388,-0.025770718491398774,0.006927611514921932,0.015241175236646854,-0.010221943035303325,0.007124372250272732,0.008002011820010698,0.03949024648704076,-0.008641242106015789,0.00402450651328873,0.03995744102316044,0.001975719399432183,-0.0019565627561450912,0.02242182205764352,0.0031520101731705038,0.011783335005138547,0.012256266595482023,-0.007744351439877458,-0.018027461936516023,-0.005133328814109293,-0.0026251740861866157,-0.006566238227340406,0.018201348107504657,-0.024314963401105158,0.012100295438381462,0.012593500995459786,0.009382467980263069,0.007950158737116955,0.01490645901732073,0.011940762119636558,-0.027187336930204704,0.022342554066784783,-0.005325502515631888
delayed_recall_with_no_clue_time_value,0.03215704374991622,-0.031763377229103794,0.03857751279100021,-0.015224164779437702,-0.041317733690079836,0.03590303041496843,-0.020477262444897074,0.004826771287443304,0.023193056639318286,0.008436178947450078,0.008247372883915501,-0.007903055596127612,0.0027641505164606437,0.04365510830444943,-0.028269092529326495,-0.005426961275345423,-0.023358785450287554,0.011670237827242403,0.01832938104442309,0.02692713811809935,0.0044375232768756176,0.029459641318512038,-0.0009928156008594078,-0.013956919330514843,-0.008667062214828287,0.012608520059435087,-0.014837211045570932,0.01744152660178507,0.011326462240152858,-0.0060005789571800135,-0.00945942489236939,0.04234775916783562,0.026561827393246303,0.004114945667052316,-0.0030282640496373287,0.0012604707530836624,-0.001858730619555047,0.004352724906782629,0.0011583920746377238,0.0038120579947649785,0.00531737112068959,0.0017465986169608347,0.01972914429018827,1.0,0.0027190001849485943,-0.007503737088199345,-0.003790340122492302,-0.003695896920051873,-0.010183463262345375,-0.028329240374013916,0.009671405047639503,0.009684448240332993,0.010124107795533095,0.024284218329674524,-0.025073505719613826,0.058387552011688715,-0.01841127865962716,-0.02716062609082166,-0.013284525855298985,-0.005032110128702532,-0.03433311770168694,-0.028779209745055,0.0058133124731112725,-0.01731664440318411,-0.008110195977914233,-0.006476871079483235,0.01057602394295386,-0.008566286226555517,-0.016287591761502147,-0.02445237090740631,0.02294397512343199,-0.0042308519095352595,-0.014634350492028452,0.009234115310532427,-0.028215139691620098,0.031067942853939642,-0.021856659845980533,0.033231319778802455,0.00023725734385427908,-0.015442318062523233,-0.03899382572809192,-0.004565545250774319,0.017758980316002416,-0.013181830124178817,0.04045199578902072,-0.011980333594856897,0.00903827815128621,-0.009060217713401356,-0.018289229835007137,-0.015112752073676261,0.011269068435155809,-0.01659769830428052,0.004320658173045617,0.001940403872985622,0.0065430960443205325,0.004292177762065265,-0.009832912150829065,0.007750281627423142,0.018867978666329277,0.004909904012840983,0.01966346551093,0.01206711467343727,0.012633120699820246,0.010404311361557497,-0.002665703349806339,-0.005403435684766394,0.017854041509468264,-0.036265236798847876
digitspan_time_value,0.0024773039598238985,-0.004292873341391855,-0.025555556513295524,0.01882583409412347,0.0274576622463181,0.0028114418421916233,0.000633260117090331,0.005134976072934182,-0.01901224209216488,-0.024047800759269766,-0.003079785770604999,0.037224465917186214,0.010188211250303636,0.017628978328842623,0.02867481408692811,-0.04903719907929158,0.043557169396921905,0.024567224488605315,0.03170699669877063,0.011831300486922052,0.043300884780787634,0.04183414138848782,0.037194700808303935,0.020298307173754495,0.052525958971261506,0.006264667274592067,0.014727625709172569,-0.005544687113677896,-0.02998491144325237,-0.004975110037783625,7.3779736992909e-05,0.016651569608035488,0.06132560764496771,0.030440452461220936,0.0226998876497756,-0.018820700204761603,-0.015984488095565498,-0.011956842695852855,0.03213575165383526,0.012120893453255531,-0.0021256389617881474,-0.004272223014644978,-0.013309824534232927,0.0027190001849485943,1.0,0.02405913288427955,0.03726138560443425,0.021613707903167818,-0.04282376990419088,0.012198713163404633,-0.008168774802676889,-0.03477941430071078,-0.0027038059317801644,-0.018548004952442115,-0.005006619238909641,-0.018333262738027007,0.021003077561052897,0.003816944887856397,-0.019711800921309978,0.0010341954597015432,0.021092984777867568,-0.05277605396076102,0.055985958337866445,0.004465409151203064,0.02790094718361883,-0.01989567511230604,-0.029042824392643735,0.031078804872713663,0.00621203431727694,-0.001294422436290418,-0.023829114039765457,-0.01517463078605785,0.025586202318336904,0.009568949770060493,0.03973235180698129,0.0018459603826573613,0.03708152958754024,0.0008074489007803459,-0.0030390411852223628,-0.013612895300915773,0.027703667616853462,-0.011095535296637718,0.017069625771004914,0.010997255356718444,0.011338150789340586,-0.01142851669704654,-0.02812875225830396,0.02230318077499978,-0.007197285339625522,0.003431627759315811,0.010179585699883987,0.01582121493199753,0.030314176243336096,0.01974151406644099,0.020094097175819645,0.013271312877229593,0.018564687235117328,0.023455452042543293,-0.012284140506721731,0.025931602842969727,0.003136395493540196,0.027042137690972544,-0.017344835711349198,0.003149165559692496,-0.0012530033856414913,-0.001116934451597693,-0.034721522220525644,0.012937611495883936
memory_trial1_time_value,-0.023517193021716367,0.010051537470957017,-0.021986261755726183,0.005826661967666026,0.004169185879558281,-0.002822752260286822,-0.008877023659704565,0.027615094199711546,0.014103934539789408,-0.02063670006163228,0.010566129509947862,0.019952419163099335,-0.005609528369580528,0.011983621688891407,0.017760539895037328,0.0067999262989456985,6.566297522512671e-05,0.020738166354631892,-0.0003953712936758849,0.035020343458533866,-0.006140577452310572,0.0009784431777649127,-0.00621530051167888,0.02408409887268763,0.009515962080561756,-0.009755063761979927,-0.01627864970655962,-0.021519029043592743,0.024859908148701686,0.026941889770653864,0.01845300504869261,0.007207221848653966,0.010988202336317407,0.04031769448090424,0.01545062652961497,0.008551666722985938,0.008030844171797358,-0.01743452081795604,0.022616015275258635,0.0011934194113926123,0.010876362613883228,0.06111234690902145,0.02119593392576636,-0.007503737088199345,0.02405913288427955,1.0,-0.0005910695349639374,0.018067656064972498,0.034715218537333795,-0.045453510131576925,0.01784420807842051,0.012659630629770888,-0.004977991632048364,0.03875581146002588,0.017885865810193597,0.02517550096054786,-0.01741938995956003,-0.06255391854454576,-0.07518423629867022,-0.016395579593598997,-0.027947164817867336,0.01562818990152782,-0.00930550272791254,-0.010369876432059161,-0.026653311951836827,0.023402962242176233,-0.001636528143911085,0.022484427252897496,-0.032334945977935986,-0.019438227315802685,0.00478937136426956,0.00038597074945202905,0.03542890758798363,-0.006187080635000511,0.0008203353978155637,0.03299523321273231,0.03198235585976589,0.007524461328817459,0.00735876852417699,0.01930299445652236,-0.009916788641078677,0.016964841787341405,-0.008817941621972547,-0.0034695627342635456,0.010032653544188015,0.0021024420891951772,-0.010858534339136505,0.013495338914460966,0.010115416827069101,-0.011020022526350367,0.022845100514755162,-0.008436052627766706,0.02249729817433634,0.005563953621124307,-0.0031477081256244097,0.01044362596728698,0.017397134701621374,0.01434052444239986,0.02685808241914917,-0.009561710883585739,-0.005054561674243667,-0.01283262344473562,0.009322745093392145,-0.00886521917595668,-0.025528070223595878,-0.002637949282486511,-0.05205558721778269,-0.022516598248145638
memory_trial2_time_value,-0.021055792235749014,0.015378665793534401,-0.004708365932116991,0.01748477329138126,0.06371888566733742,-0.02009883231872286,-0.0037802367709178345,0.02742628618077856,-0.03797091012435388,0.014710402411703552,-0.00705522074486664,0.012694480447591246,0.037919167069617864,0.01372000140983088,0.028172073858233677,-0.021209513643890236,0.03189053939046467,-0.02330894020992494,0.008954122899846729,-0.003217821326055164,-0.024098854959964108,0.01686551039965671,-0.001575477777546623,0.03315162763176089,-0.0006534540173178857,-0.02185639827511787,-0.02892697482764943,-0.01849236323884615,0.030358713145913936,0.0039891968692605554,0.018003985384412412,0.006882707568690718,-0.007511782853276924,0.03865323865420436,-0.01199601795739735,0.006772197129397802,0.0069653915707378845,1.3724317043619756e-05,0.024403882189285565,0.005542746646557859,0.011100783024605062,-0.040732730902933674,-0.018586730645041624,-0.003790340122492302,0.03726138560443425,-0.0005910695349639374,1.0,-0.009502807504629923,0.032142773315279934,-0.014552816832813372,-0.014356094649626366,0.018110009430049364,0.008826299655360475,-0.034461640464731304,-0.018093653329860127,0.0015994514564995222,-0.007493097744852141,-0.005984081410479524,-0.0754081116803023,-0.007183856727269254,-0.03949970279299388,-0.011010676252471744,-0.012568028897195063,-0.000761851158011826,0.03297955116691291,-0.0008203357492660482,-0.00774911442928712,0.012521806465811622,0.0490784092131493,0.03203118129277564,0.01537925289379587,-0.01636789087807949,0.02240285021180975,0.018239650817587324,0.02155486300484889,0.02733879009747495,0.020523648048664054,0.006871037205667952,0.054976178120044496,0.021234162127707214,0.049054306924923595,0.002338713718853273,0.008523159688011017,0.014325433178682359,0.03730895932785225,0.03220822269922984,0.010237771313626947,0.0011146499765864641,0.018522656157803838,0.030302394420890125,0.013821141610117977,0.023446528644225938,0.037163995672886724,0.011861994965668001,0.02110891258255534,0.016171736705811388,0.012764897085781761,0.008039223648882994,-0.008733272137671914,-0.01151830952440329,-0.0017468726576933989,0.004198000993338022,0.009284080958237068,0.02575895682041064,0.004893805264960869,0.018061879686263292,-0.008993464849738925,-0.022637116051760005
moca_abstraction_time_value,-0.0007466593416391504,-0.008113577059037648,0.000721217330491278,-0.015078409951826762,-0.005975197158273942,-0.04186584738346814,-0.004312256011531022,0.0026249347992023265,0.007450957327658766,0.04183791210750397,-0.009314508430007112,0.0042393461383278585,0.01840899335849928,0.011150899593515437,0.004716055920445038,-0.0020454829902740034,-0.024025494144790594,0.011808818755637213,-0.005811867127996311,-0.014435851390598765,0.023605843755143557,-0.03206081430804591,-0.038914689793463145,-0.00582569149604803,-0.0016359099165943886,0.005784015417158778,-0.002624090962873014,0.0003961527485002045,-0.004252367323086683,-0.016905407011736606,-0.004079752247296038,-0.0029864958538259666,-0.02577700820240224,-0.007787285836767389,0.010086827899884207,0.01536402149459385,0.012836579960355012,-0.012914255954417532,0.010323441690167322,0.03219321801764313,-0.002443697889685586,0.008418453678177442,-0.004688893601160089,-0.003695896920051873,0.021613707903167818,0.018067656064972498,-0.009502807504629923,1.0,-0.018270424911749798,-0.003455506405251143,0.01287913623677188,0.018878051629576495,-0.0030111576169150824,0.0018592687987861616,-0.012368377059273686,0.014526264880162182,-0.010570863104557184,-0.02123126931675488,-0.020179133932186694,-0.0297996457515207,0.00610949276407541,-0.0008824413289896653,-0.029810750667291292,-0.03792843757523343,0.011990515500559311,-0.020094956209874826,0.010861773984156263,-0.002107915108608946,0.005016860917190277,0.010529151779129803,-0.006386060397224556,0.009701635460282052,-0.011071529789529574,0.023239832487112394,0.008132404259629106,-0.007312893434468144,-0.00736069029453244,0.002520358968461816,-0.005423086309130461,-0.027203715942015948,-0.01896920877998296,0.038360342853001154,-0.00013952655685919434,0.026846689439856943,-0.0010898426909408856,-0.009492102521191707,-0.017916750698081112,0.008085186115189385,0.01641587902935551,-0.016725516682029026,0.058117088018920036,0.009963007992817801,-0.008520140415078294,0.007966499998955127,0.0336298352808694,-0.0029025149282627884,0.014970546111613693,0.023228376505393653,-0.0032971518193068527,0.0021189276971567777,0.023257699876480305,0.001819591153213516,0.006955523971520029,-0.017198003680312594,0.024944432154571625,-0.00024139495768484131,0.002044247796864769,-0.00475647523515174
moca_orientation_time_value,-0.004725611742939091,0.027479077783001415,0.021800237209170348,0.015693098614167855,0.00862600480163579,0.012652886306661129,0.0015168462859087221,-0.029598404372207312,0.01236998909464594,0.01893819320227908,0.01183510133643512,-0.0009343102161857596,-0.007949920288480072,0.006012531494729992,0.014335441917855959,0.00495440077318316,0.02682376690874448,-0.03290380378429333,-0.020603699094639986,-0.00237524337395469,0.010773427752411748,-0.01984980833368537,0.0032128148753060464,-0.009029350027169977,-0.009684323918564074,0.010394408278573868,-0.008291973370133921,-0.01051507959795823,-0.011723755789602372,0.025185873009284633,0.0051335233825907664,-0.0069337273327481,0.030623303830266457,0.01138663192893081,0.018773197621201134,-0.006920458434232412,-0.032351965557682466,0.01636938795020996,0.002637730453517465,-0.0034703775215529187,0.0014846337705379335,0.007867687128506875,-0.002759489243787176,-0.010183463262345375,-0.04282376990419088,0.034715218537333795,0.032142773315279934,-0.018270424911749798,1.0,0.0019162253484921424,0.03391668051829632,0.02616972258758574,-0.011463218884891744,0.004457082647162974,-0.007593487969989389,0.01520571480441675,0.010019940605558551,-0.018416479308658733,-0.009002231939893338,-0.009113749395968452,-0.020008871429749737,-0.020885091294851457,-0.009699804149526972,-0.019150430811533076,0.020617364999583235,-0.03578070786333569,0.032820906409385966,-0.026628534443119,0.009505887314031654,0.02197177438271108,0.019237101985661108,0.007556578798721165,0.012521059059132221,0.01722967337213498,0.010203369488896547,0.021184104469276176,0.006821589492808736,-0.017628977343072606,0.026247320230534266,0.012056953935108711,0.0011694665501377473,0.003322616203233627,0.046501916832540596,0.023599068911574667,0.03753775805437368,0.015679692502178988,0.000937444918747463,0.004313861746970302,-0.016680713934473464,-0.006766075442520703,0.004690133275719058,0.005249238292533526,0.02469278508493185,0.008389137427136168,0.01974351167559116,0.03681596825056957,0.002700962608863151,-0.00038590327248770655,-0.0006809204959289935,-0.007676959260423136,0.04091679048890289,-0.016663983589629297,0.007411239730464982,0.03920916496782791,-0.021644367001330166,-0.027646261472123738,-0.010347739358434768,-0.02531969707364825
moca_total_score_value,-0.0236131288526913,0.010267522244257189,0.0005200023837738378,-0.004573817133416247,-0.017902375906866785,0.0026305987863376296,0.025712329980081078,-0.010574708968741839,-0.004841314514160748,0.015080781265538782,-0.01905934663223095,0.01725638158856462,0.012484010980371262,0.007716912824856903,0.013764616991094044,0.01665258429659457,-0.015905009517399444,-0.010200776790100445,-0.013570609942721374,-0.02506045535220444,-0.01772309564599245,-2.6235397020371127e-05,-0.006224714370523523,0.006535811132739198,-0.001422129953873857,-0.004754533311394224,0.0055083968806529885,0.02189261716644273,0.03170183127483505,-0.0024054039623520812,-0.03874161527351269,0.0328348340173608,-0.009325413416220375,-0.008150456510057873,-0.006321020337201637,0.004626464041566959,-0.028893424732312992,-0.0018131622369129028,-0.007134780891770918,0.003103833465497289,-0.040520983631864085,-0.018279766723212045,0.01719657283312915,-0.028329240374013916,0.012198713163404633,-0.045453510131576925,-0.014552816832813372,-0.003455506405251143,0.0019162253484921424,1.0,-0.022776711856502478,-0.008042555915480294,-0.02575440594020776,-0.0031359300765474393,0.006896927983054004,0.00039060424359573935,-0.02092338748992084,0.030927729496164715,0.03315126250478209,0.021741454947425232,0.020275725022780473,-0.0199488195399866,0.036164242036742344,0.03628805376304625,0.012918237714216513,-0.012146091822325311,-0.031024590221563612,0.034701738491491156,0.004130188721010763,0.009082001855951908,-0.001709144510961389,-0.01258510277453301,0.020692027728389246,-0.0013977013247383804,-0.003355192823760714,-0.01873064573281553,-0.02180337404144903,-0.03135509771126492,-0.00991651414759174,-0.028876263667917044,-0.0033854337442131384,0.01047509187416024,-0.009215150925587346,0.015422314772909755,0.01922267377699002,0.0002190233924056958,-0.004673718186715042,0.009998230495774125,-0.0021116776608282066,-0.005928004111742906,-0.006005906989682352,-0.01843476893348033,-0.005728475546339376,0.003193610988333258,-0.00095580162987814,0.011705546467783481,-0.016985102667103878,0.025296858065446997,-0.007579673332664903,0.0045158741399201705,0.019364428508824073,-0.002041644591868612,-0.011783620200204186,-0.023716961411269492,0.008920391312118922,0.010784497300006152,0.0011957318187679783,0.02049548829804533
naming_time_value,-0.006570902805437432,0.02580001870803825,0.02076842199580228,0.0018807158634874517,0.002109913479496092,0.01637239332681286,-0.014898109678785588,0.03363610655429559,0.014533723605752436,-0.025948133205738,0.02393233127979518,-0.021380195706433704,-0.007863980691360607,0.016151603467215524,0.0010952169059151539,-0.005685281151215101,0.012917199933299529,0.007905085945199718,-0.00013857378068350202,0.016523302710350008,-0.012893013841244708,0.01600375178513888,-0.019499043748716395,0.01714374888027612,0.03640946437904062,-0.0011205199774327118,0.004554576581775477,-0.01205887747759894,-0.0077334452996517915,0.005554773715621603,0.015891594718336965,0.009311837587745524,-0.003866693328814152,-0.00024005601967935197,-0.02988586792943975,-0.04469586088534324,-0.0020060068348869728,0.009545146469460114,-0.03506173257887749,-0.007821765887741812,0.023157002380141165,0.032296149519213266,0.0442090097492854,0.009671405047639503,-0.008168774802676889,0.01784420807842051,-0.014356094649626366,0.01287913623677188,0.03391668051829632,-0.022776711856502478,1.0,0.02034454244661236,0.019475867707217417,0.07783178679425165,0.07536690577788303,0.004696928300561747,0.007634222033866028,-0.05075136781471561,-0.04424374754320554,0.0133015500664115,-0.03898996386815118,0.0062411379351793115,-0.02382710300847369,-0.04669196910512305,-0.0021119828035463125,0.043620104363949266,-0.0056908286774338375,0.036734600501860684,-0.02265863713462661,-0.004022048611763805,0.03792684682248355,0.019422779838981073,0.01348381644444909,-0.02264567597177792,0.016946894559978252,0.013593775358151785,0.01134379029777288,-0.026839470627207998,0.01074699707750029,0.011226927669047117,0.03447295509794515,-0.002901597484207149,0.011657704021288852,0.034919779612460115,0.025284586319590022,0.013284312570617638,-0.028035165207878472,0.017938711093363018,0.013542224021228651,0.0019800024953027526,0.010515341769780664,-0.01727449910139506,0.01972611483256632,0.005375643502618677,-0.020398983011596646,0.04119328793271288,0.01306070201027425,0.01950136559664581,-0.017228256165407307,0.026215943828276474,0.002026938884186359,0.007356658934970132,0.002945311125166751,-0.002330594361980219,-0.008137671103075726,0.0138856008010529,-0.01129350266917192,0.004987154559378384
repetition_time_value,-0.004320695821096483,-0.008765566263237578,0.010870016529966556,-0.01012303716851153,-0.00291047579041421,-0.006374965704381375,-0.017438388174519037,-0.019455213469014083,-0.00232027692801769,0.016583558110136176,0.0041750249571666734,0.01544814382300086,-0.010955866719115064,0.008621065976769862,-0.03227517742041202,-0.0029761503810970666,-0.008616223744254435,0.04419665910052165,-0.01178599883421464,-0.010975872978835349,0.020355607951026325,0.01321963660493091,0.013351714261388006,-0.004055209699595606,0.017662935556934815,-0.0028157267399156346,-0.009494660700549778,-0.005497736577987798,-0.016882173780852678,-0.007574082020731418,-0.002372464519563341,0.006396613446387893,0.002032241186276208,0.02919528600078104,-0.015678566632008853,-0.04435403786203744,-0.023384942401416843,-0.01569493384625507,0.023279326371963047,0.009849445319094367,0.03495791493881616,0.0010329169270352223,-0.006961693344692967,0.009684448240332993,-0.03477941430071078,0.012659630629770888,0.018110009430049364,0.018878051629576495,0.02616972258758574,-0.008042555915480294,0.02034454244661236,1.0,0.04420852903053507,0.020881445635943654,-0.0005233832707246148,0.046347434677289544,-0.00014778976974596746,-0.055309777213036294,-0.014327015953487213,-0.030419441842545653,-0.02292581033052573,-0.031059766488294862,-0.04302126696478212,-0.029793384414917762,-0.0059325033521798985,-0.027698238779492963,0.0077260240695405605,0.016136683421652937,0.005037772280054334,0.006553273103338672,0.02238927976869124,0.024466986756791948,-0.01258605559606965,-0.011682837064725065,-0.005730042781710965,0.00793924493225892,0.009018032092368525,0.028457899712084806,-0.019049988828751568,0.0012180870202650675,-0.009325432074046437,-0.005883384907032924,-0.01079929227831597,-0.016798100033520332,0.008101648084208931,0.0006611626679573996,0.034250080152963346,0.01766472529088389,-0.00181332536887714,-0.004740811433081554,-0.011834917679614943,0.015042035489893713,-0.0026545670675871603,-0.007430375933261292,-0.00808337501620452,0.03185381591659237,-0.025581688810601074,0.024271558429776557,-0.023674849624280223,-0.0029774887802033953,0.025690291772663874,-0.012146121536030502,0.0022236680665178566,-0.025241843303308375,-0.02460940046240334,-0.00847189787979584,0.008959800656654502,-0.008596145444869382
subtraction_time_value,0.03820097788058333,0.004545592783845258,0.002493039721455571,0.00609446389626148,-0.01736505642207091,0.02474839767236934,0.005642562552896791,0.023288773482157,0.026100957724067238,-0.031200160523188487,-0.01723592733301601,0.032840273401921014,0.0013069878516012606,0.009073870490042229,-0.0023667679244293934,-0.05112689169925932,0.008854285705301057,-0.006695874550526422,0.006626060753031201,-0.007610457014325412,0.012986671690849388,-0.0004159447382368934,0.00039440092331375346,-0.003763713697580868,0.00325288485053332,0.011303900017219842,0.006678018980585078,-0.011330004608442622,-0.01524642911544843,-0.008032975369922075,-0.020826675638930973,0.019573317231278895,0.0025752411830913566,-0.0117143696663969,-0.03164056591835971,-0.004130629311774447,0.011334577808136797,-0.00767888838924221,0.002803977723497158,0.0015986763782538213,-0.0012724065520140582,0.016456771447618004,-0.0008245735381197392,0.010124107795533095,-0.0027038059317801644,-0.004977991632048364,0.008826299655360475,-0.0030111576169150824,-0.011463218884891744,-0.02575440594020776,0.019475867707217417,0.04420852903053507,1.0,0.007529548718706559,0.009706868922155077,-0.0008850950274441451,-0.03203290288453539,-0.03943984217611139,-0.0402654147678521,-0.012766504930182256,0.005917062139991282,-0.01128369051569276,-0.03664798752302843,-0.06814270179506375,-0.012944355495557357,-0.002169064654963793,0.00043215238483223123,0.016767546472851398,-0.01138062939305547,-0.008043203326915556,0.025222985764733075,0.04265567691697578,0.01921799108579632,-0.016937899003720506,-0.010071576103444328,0.012615604875634713,0.009311840959915716,-0.03775508525545128,0.0032756639556383808,0.019169967949606938,-0.017158662213097968,-0.006572814552293418,0.04521822156471651,0.0015815506481713384,-0.026482122758112937,-0.004785527064525737,0.017319407264658908,0.012558226511500941,0.007389508459125487,-0.01500178289113512,0.0006908065421981431,-0.0020375743640651785,0.00845114652609137,0.030773586816550413,0.020404325867362808,0.023756604857925166,0.011091864544109806,-0.001706551782103974,0.04482230128859343,0.019901181386072227,0.00530824298474688,-0.01964474719443771,0.01474768584463728,-0.0022990656950357155,0.03197139151538889,0.019705823649666367,-0.0018161008012257825,0.010159776007682598
cube_visuospatial_executive_time_value,0.015631302048970855,-0.013682085346237325,0.020139080975797648,0.021113258605258926,-0.03485272091772542,-0.004659679251211282,-0.010060196803209468,0.02979339763182813,0.0022670185104813655,0.025425577895371934,-0.019887812214151333,0.026315409014103477,-0.01997347221412661,0.029801420450699004,-0.011272998758725589,0.02620356129637848,0.01588372073359597,0.04681000544207373,-0.020841672943064608,-0.008091173000303724,0.0027265544289442854,-0.018036495737260044,-0.01784387171057674,0.01360109384571803,0.01466010023368032,0.02555001222341675,0.024102756366039726,-0.014721080776721225,0.024682652316613783,-0.007403737714317748,0.009682398855494755,0.0015278264673878616,-0.015332870114499547,0.015754519004319328,0.004612040181979066,-0.008378785948298384,0.01598349543887717,-0.016910690443516826,-0.008743290950837963,0.02553206204955315,0.014956780413449814,0.03793295979012598,0.05026937061171696,0.024284218329674524,-0.018548004952442115,0.03875581146002588,-0.034461640464731304,0.0018592687987861616,0.004457082647162974,-0.0031359300765474393,0.07783178679425165,0.020881445635943654,0.007529548718706559,1.0,0.06065499058141124,0.010896751718929967,0.0007395803701681939,-0.11751379705569612,-0.10751919881585384,-0.00025994931289522697,-0.004835292508680906,-0.011206594629781052,-0.031209226802193134,-0.022082433741699204,-0.06582097894936643,0.011183351347556107,-0.005559748207817665,0.010874112213664869,-0.09651753556851651,-0.027087469260699652,0.031801475974866884,0.03543663988457883,-0.007313718173517202,-0.02944029103587426,0.0048244767808854555,-0.024789850266453525,-0.010840283153002584,-0.020784025152952707,-0.002353744757125105,-0.012582574954717518,0.03247139709700068,0.009721276228893868,0.024877699521080994,0.027844557639802987,0.0077386009110146136,-0.015303356425652979,-0.0003030896479183373,0.006016969563625475,-0.008374027197827582,0.017215276516690914,-0.00906163727925557,-0.018631986280698266,0.02198980026517194,-0.017681072959724802,-0.00559462968257883,0.003911800511208863,-0.005059559308131983,0.025399074332449895,0.019418681644385965,0.017863917049112117,-0.01676892832803835,0.010326614896274096,0.02055567110692467,0.006101031263737904,0.009532340498626512,0.017716646666113903,0.016179090746489017,0.00897478233382082
lettera_time_value,0.00925601755345369,0.033327799975712814,0.011115857535566534,0.01039646536645029,-0.0023849723729063156,-0.003736600790792173,0.023910114704973867,0.011396872421124749,0.00620538697417215,-0.009211882318997987,-0.01141742295470549,0.00015122205700159708,-0.00761538889834124,0.02207388383096703,-0.011316561013086885,0.006844825553935491,-0.0012123877783234815,-0.009673888740849856,0.025807371021619847,-0.011460115483651934,-0.017172379378187105,0.007532330712222343,-0.010386744242680523,0.006813394380184924,-0.025955970623166968,0.011196965439377505,0.003789424381946071,0.009188219791923104,-0.003916386338148125,-0.007830445772229216,0.01875044602766071,-0.032345735278751016,0.005730892319394774,0.0418819062721102,-0.01069989330998471,-0.006051247667564825,-0.009910751157177367,0.019670459023953556,-0.07354128190947698,-0.008673806340899159,-0.015218210600254878,0.028944264014884095,0.04399729975794172,-0.025073505719613826,-0.005006619238909641,0.017885865810193597,-0.018093653329860127,-0.012368377059273686,-0.007593487969989389,0.006896927983054004,0.07536690577788303,-0.0005233832707246148,0.009706868922155077,0.06065499058141124,1.0,0.04111419398092683,-0.002686555097734118,0.020171584952201543,-0.03858544331877332,0.010135776236606523,0.015590979779148422,-0.019952658731747723,0.022799503106753907,0.03216040446684285,-0.03803789360121445,0.06405114743017178,0.01678358983313601,0.040166486993674075,-0.09592291849329526,-0.00029512876570330466,-0.009349616297698515,-0.005211163262839751,0.006707394780362339,-0.011104579769154728,0.015793900128820114,0.014307489647010419,0.007424896261230799,-0.006394483989307001,-0.024722218835850927,0.013746458675218527,0.020713712414015248,0.0005572224312482603,-0.01567738679371996,0.031834348644082064,0.012895635549619115,-0.0006096227754624427,8.84873410917596e-05,0.027842903722816635,0.01557536575992427,-0.010590472057715712,-0.017762346544405196,-0.010226038055715606,0.026557669007372393,0.028832600726408673,-0.022725763719034058,0.019965729427979424,-0.005242216701194413,0.016776488760826217,0.009923402625645247,-0.0051907300604983435,-0.025404545855232046,0.024724035488490333,0.03353936130504331,-0.01548187234079101,0.018261859227021643,-0.005430597057131129,0.0005245100901000381,-0.010405251367900237
trails_visuospatial_executive_time_value,0.03388422839900841,0.025829716913367256,0.022959211051905085,-0.016534721857381182,-0.02181724564202287,0.025172459307341095,0.00729934053152936,-0.0033518680755103294,0.013298724474021265,0.015147798971139681,0.05119387863318947,0.023083641678569456,0.03257980942226805,0.043852865842821366,0.009936755143897462,-0.0044739723908494905,0.025243913455875986,-0.000863202955920432,0.00020304216217017333,0.007791444610572353,0.043546169089201656,0.028991734079883213,-0.0023851005371489705,-0.017658991250826272,-0.02243126592018716,0.008454261586629904,-0.013160725447397964,0.0022070983307200436,0.004863489578917691,-0.00735393065709155,-0.03603989242681374,-0.006429241087736978,0.00956253264309067,0.014702590231124572,0.022226555844715192,0.004793299458547121,-0.005916184860916987,-0.015008352924709886,-0.010118769702192424,-0.010900728559357356,0.009997933698310693,0.004659503094181067,-0.012308503100834771,0.058387552011688715,-0.018333262738027007,0.02517550096054786,0.0015994514564995222,0.014526264880162182,0.01520571480441675,0.00039060424359573935,0.004696928300561747,0.046347434677289544,-0.0008850950274441451,0.010896751718929967,0.04111419398092683,1.0,0.015423696586541497,0.008202504273487387,0.02098143412985975,-0.05956611711907323,-0.037005204207160185,-0.04328915814810148,-0.01626108192822222,0.012552238513291769,-0.005612619185431336,-0.035557263394608164,-0.007895503901811428,-0.04083462562735838,-0.018059474561879788,-0.015408494482189741,-0.020245899827839198,-7.25342610331e-05,-0.01778173805050692,0.01144125847914739,-0.02190787678926515,0.008323851287856425,0.008177403802966969,-0.010443400468675389,-0.011162544362917885,0.012535433510743566,-0.0013253698085420975,-0.006926920746788987,0.01406143969290501,0.007898539771356072,-0.006929523748456048,-0.003552799018783126,-0.0004906285099713698,-0.020540954691895374,0.024019890420570077,0.026289363686464434,-0.005393462007845064,0.026758275301668123,-0.001244314983260168,-0.005603422371626286,0.009529656785342356,0.016275950371360145,0.04528754859104661,0.007062750424430314,0.019203642655459416,0.008487999259016799,-0.032682145933940206,-0.02882634093689675,0.00354986982078225,-0.004668494982329515,-0.008118657553916867,-0.00954129075044804,0.009842380687177223,-0.005577168707926366
moca_combined_mis_score_value,-0.007691253763453195,0.02443007687089584,0.008381968054815142,0.005834935485332225,-0.00608855249860862,0.009495204479273404,0.009359145858633051,-0.0017262407390173137,-0.016509846919629843,0.00951359567868628,-0.006290117719847432,-0.008036141043598186,-0.01264708213379286,0.006607355173542068,-0.008996001616186196,0.02125705927650769,0.02845098247657904,0.0006194539143961979,0.02403960425519392,-0.006432128088988573,0.005954524174120279,-0.017173850747843167,0.03801784140363052,-0.009608536563376294,0.015632507473324522,-0.0030598776251871615,0.003331069406898517,-0.009123296916839415,-0.008510796376051556,-0.02857322663073255,0.008420569395626507,0.012309082436440667,0.0016403949787644622,-0.027897229675089962,-0.016129559877583084,0.02115877376058089,-0.026353553134982773,0.014584258725808095,0.004746582620187857,0.018778433261923508,-0.008353299827068722,-0.01499508264378437,0.0020739014419806495,-0.01841127865962716,0.021003077561052897,-0.01741938995956003,-0.007493097744852141,-0.010570863104557184,0.010019940605558551,-0.02092338748992084,0.007634222033866028,-0.00014778976974596746,-0.03203290288453539,0.0007395803701681939,-0.002686555097734118,0.015423696586541497,1.0,0.018549340036324805,0.012458847710038886,0.005026733639969512,0.0024971662237028257,0.008277864057688399,0.009438272855154297,0.03882881299872936,-0.026587125882795725,0.003320209351503127,0.0063783670091046435,-0.01246970775600003,-0.009963598721998528,-0.0057171960815374425,0.03651783085710847,-0.013103668612590623,-0.0038116327431170767,0.006041750234730699,0.029788368985728435,0.006502587386055656,-0.009829463223499008,-0.010483213473322914,0.002834011107388998,-0.017459763913617657,0.004468634501284935,0.006800658621860327,-0.013559186536230138,0.0014828160088297324,-0.010531249779478722,-0.036503294830494463,-0.005903013570593067,0.005942812105994111,0.021981829500115735,-0.015486962843167425,-0.004047913594455244,-0.02083207584976647,0.007553502747030892,-0.013645462275796183,0.006279500332504178,-0.031116896730504242,-0.0055898734852804135,-0.0226402251843459,-0.0021184344934719,-0.006394444189551275,-0.030205272455442918,-0.006043762499430669,0.0012708994445560899,0.005977742291519684,-0.043402049442076034,-0.012938755502049877,0.008020264301437244,0.014503525057186701
memory_trial1_value,-0.026559875621190474,0.014556893004828148,-0.02136485919002025,-0.01049220833769209,0.02918299247323235,-0.024634315512965552,0.011567850681896719,-0.009014133209210243,-0.010556731287797242,-0.004539762994481252,0.027676013263615063,0.031340655102358596,-0.01775868689888446,-0.032176013161322736,-0.010070509663779753,-0.010320191811286109,0.012487156838851425,-0.01913522492260846,-0.024081894499768493,0.016192384867475568,0.010052688766244182,0.012820386536067862,0.009390663072095075,0.0024477662760158023,-0.009247167753163246,-0.031152414580430166,0.009573894680013089,0.009772560270548118,-0.016222865446450054,0.005340495487450894,0.004488272600329211,-0.0051661487554216885,0.002911971639364945,-0.018878501265834666,0.041242502172977306,-0.009978381872553748,-0.023282624130886772,0.01547798638179714,0.024213036321880134,-0.011790916150831162,-0.04553433296113774,-0.03971402071014073,-0.006477794808875081,-0.02716062609082166,0.003816944887856397,-0.06255391854454576,-0.005984081410479524,-0.02123126931675488,-0.018416479308658733,0.030927729496164715,-0.05075136781471561,-0.055309777213036294,-0.03943984217611139,-0.11751379705569612,0.020171584952201543,0.008202504273487387,0.018549340036324805,1.0,0.18763254812382282,0.03136793332896398,0.04652797168353952,0.02747741058150665,0.03875702909266695,0.03931444216552411,0.05265914189020685,0.039424077301452816,-0.010965504263055969,-0.023012972466833922,-0.026748088101710515,0.03286388783321185,-0.004289673756293103,-0.05874629711578128,-0.01690526669994099,0.0068790655403681055,-0.01097408690699784,-0.020691969297359964,0.004518323984720743,-0.02824374926355782,-0.053586109933675366,-0.019666759788007034,-0.0034969141388630663,-0.0008540762616439162,-0.02192081811854298,-0.005632906736024934,-0.03454998297985458,0.005760488276471894,0.014406389889395218,-0.015967721866012165,-0.01887773315483417,-0.03426980322945907,-0.009335337010601345,0.03836099778742896,-0.02441668305597419,-0.01256122713491005,-0.006490685272795307,-0.016500880469345117,-0.002942919590419133,-0.05174333671953794,-0.03654140925645308,-0.003054068330181559,0.023965601303354987,-0.019008640284113743,-0.030197045479758263,-0.020671385901830253,0.008848178792654903,-0.012904349049336235,0.04334255348753236,-0.0069072254523614455
memory_trial2_value,-0.011045177017954084,0.007126232137178526,0.0038849296643233625,-0.03426600404358267,-0.020729780400539778,0.005691967743429432,0.005290088682943771,-0.03593339258487607,0.022338735146149622,-0.005787991750638623,0.033953230301302366,-0.020781201760273958,-0.017904936912893413,-0.015112054387615745,-0.009306092564434165,0.0420897016998735,-0.010825490976393529,-0.012211868333634891,-0.025182158840334607,-0.020909421315548342,-0.009223523462299568,-0.014685677060774836,0.005216405507034285,-0.012784173422472404,-0.00890780766934729,-0.013127090328193626,0.0008109210197173631,0.026941746614929877,-0.012318012797571623,-0.015792009018253877,-0.04242154954477938,0.0151867538631805,-0.021152829546953834,-0.04361961645682792,-0.00811406386858288,-0.009897963603757566,-0.04524631636392874,0.01691055789776121,0.021608831966210124,-0.015784064762218476,-0.05652432049835555,-0.05670607778277722,0.006267469054067447,-0.013284525855298985,-0.019711800921309978,-0.07518423629867022,-0.0754081116803023,-0.020179133932186694,-0.009002231939893338,0.03315126250478209,-0.04424374754320554,-0.014327015953487213,-0.0402654147678521,-0.10751919881585384,-0.03858544331877332,0.02098143412985975,0.012458847710038886,0.18763254812382282,1.0,0.03310450982127783,0.024368795503299064,0.021005400972373703,0.013991526079577123,0.024992889392505456,0.023793017584445877,-0.05408140060177565,-0.003969823623673692,-0.061127455766916174,-0.02157310891501762,-0.0524466575035583,-0.008055565900151758,-0.026009071113981014,-0.010183843363477834,0.0056952107232714055,-0.018621527409287384,-0.008332943270462814,0.002431077539293729,-0.030459429314017763,-0.020164654067102234,-0.00770437184099834,-0.019812719903110267,0.0009830335315796353,-0.0438332084583352,-0.011201715417529295,-0.03437691610125027,0.019102481622544902,0.025327310847508284,-0.0333626446271815,-0.02771391536284088,-0.016001214218306904,-0.0036610903234037787,0.011079901666038313,-0.035024923356540595,-0.02442053734443367,0.0018905403469316661,-0.01320079566249047,-0.01991152213387857,-0.0340062040076944,-0.020034955585392256,-0.024381216929460662,0.0021523640803651663,-0.03682780228333938,-0.014347088032530255,-0.02516119327176792,-0.007077394522470986,0.002695774753607458,0.011086415770736798,0.00389979820890021
moca_abstraction_value,-0.02199387508744643,-0.024175857709900776,-0.014473663429715638,0.002430317216501902,0.004328487805362068,-0.012768241049957869,0.03394008493695239,-0.006078495224900081,-0.0069724484880002305,-0.0022287105987666544,-0.001962638793317923,-0.027056121287270727,-0.005823902932926755,-0.03701456878329616,-0.020359698536357523,0.011233195571741947,-0.03767712362955469,-0.00402198060709013,-0.011287697442459292,0.007638103738107835,-0.010235833613861227,-0.009341902317394157,0.016986299872158626,0.0001740465180192942,0.02018442255148754,-0.02480915762158528,-0.044449681341798615,-0.0047832366338507164,0.016021597714861766,0.010165332460426694,0.015579922970431528,0.0502187087465404,0.0035615615853266474,-0.019301725884781438,-0.02922653401978285,0.006398151717340988,0.003876172093924102,-0.0006475496266811275,0.002006003722927875,-0.00799998784296332,-0.030156556187920427,-0.04525282786962596,-0.0029901054724065955,-0.005032110128702532,0.0010341954597015432,-0.016395579593598997,-0.007183856727269254,-0.0297996457515207,-0.009113749395968452,0.021741454947425232,0.0133015500664115,-0.030419441842545653,-0.012766504930182256,-0.00025994931289522697,0.010135776236606523,-0.05956611711907323,0.005026733639969512,0.03136793332896398,0.03310450982127783,1.0,0.0075113771576614105,0.059618253107956785,0.008959502807212959,0.009074441664952507,-0.01114382790560471,0.0019496857566034759,0.019698900194424617,0.00960381426581392,0.010905761300861752,0.04401247657096772,0.0498226994714283,-0.00818202897191817,-0.010481559569274346,-0.02790472804556425,-0.0017087350040836543,0.023810379831041444,-0.01744496935424047,0.01294293131127305,-0.019157207645036888,-0.022500052171173787,-0.014551903773119348,0.003669357408405342,-0.018140855408165877,-0.0025024820762990685,0.00533876411661024,0.010423014998242362,0.0021787083859257286,0.006495152092893601,-0.010953052524147995,-0.03382603605527525,-0.02685160706158937,-0.0060335512831778135,-0.002585399781592471,-0.018001944223187873,0.0031798072014382153,0.0043424128612956124,-0.02169366157958823,-0.013084649580060073,-0.007140947275177549,0.015984390750432214,0.00016463373169072073,-0.0009860030472243937,0.006396100295945311,0.016342715944252295,0.007103106439717995,-0.020472524137118524,-0.028636067049369766,-0.0006969243057416326
moca_orientation_value,-0.010331875854755587,0.009956469006458024,-0.02574291442219046,-0.00045766624513380265,0.01222108398417674,-0.025511470681273057,0.029318232802777178,-0.004782265877335328,-0.022421336014020667,0.011174536359024965,-0.007534040693198074,-0.00032101853949631883,-0.026269536000532258,-0.010981977433348304,0.005189522807765543,0.028427969963501696,0.015323027719844841,0.006385895917788111,0.003629848857400317,-0.008378598413344856,0.013996389437448303,-0.03357979674676579,0.0023931436089565526,-0.02881711373388923,0.036702687396708684,0.003946731137374207,-0.0019969119887695507,0.011537728133776768,0.01682327806744273,-0.011302874999327781,-0.005405236325643377,-0.04135764641450891,-0.002652644204418498,-0.03065982379490882,-0.007357145602380834,0.010794920151749661,-0.002674431945525514,0.002745492151747702,-0.0402601029592311,-0.009541129982613198,-0.014235296566579838,-0.004035541611442655,-0.008473549525965726,-0.03433311770168694,0.021092984777867568,-0.027947164817867336,-0.03949970279299388,0.00610949276407541,-0.020008871429749737,0.020275725022780473,-0.03898996386815118,-0.02292581033052573,0.005917062139991282,-0.004835292508680906,0.015590979779148422,-0.037005204207160185,0.0024971662237028257,0.04652797168353952,0.024368795503299064,0.0075113771576614105,1.0,0.05643910675751005,0.03069031947674915,0.00872371762047605,0.030369194809980543,0.02373826407686116,-0.029277661221905744,0.0320375925739983,0.000543102608161001,0.013874435499836902,-0.09554202480393567,-0.03380006675350813,0.013148903466408894,-0.00224736830798178,-0.016505230441186233,-0.004094633610514089,0.01319021755676614,0.006624335941475653,-0.02349040761185955,-0.006958539649487111,-0.01519821545710285,-0.008745777197250941,-0.0076320634165193395,-0.008630879496782226,-0.029794472359368177,0.013970427092775366,-0.03450886516330254,-0.0017526173788441845,-0.019242130030302868,0.00940107751278359,-0.01416492791378969,0.014319974311704821,-0.027626311569891288,0.015434608985059288,-0.008647270827032913,-0.0067716937363456785,0.014361796538602586,-0.010303048102239188,-0.00035379553824915744,-0.009136763489855442,0.015400919651495855,-0.03747850034642862,-0.0071638983637114274,0.011806282305000835,-0.006989515579129184,-0.0020579689529034266,-0.02034489070006285,0.018939020368167057
naming_value,-0.0007211885109478781,0.011204028619582942,0.008471879507554922,0.008141119801123897,0.03210179355236576,-0.036440227587433996,-0.014138184004170159,-0.0020781661679142973,0.004164787959093088,0.0016677605411695839,0.016578203511588886,-0.0025331768646801416,0.005121267187621378,0.01008346069009138,-0.030166105019799237,0.05401139086975104,-0.012233772337365383,-0.02939280799024943,-0.036724730681795034,0.025388685119636805,-0.005364386768803564,-0.0246751496363902,-0.030835223699998693,0.0008751637426598439,0.015815477329633044,0.005441820273056884,-0.0028547301816875996,-0.005068018437470218,-0.010528895176015322,-0.017855126421752965,0.022719179463626504,-0.032927153270728655,-0.0597129322610081,-0.008746963794898428,0.004428813972490978,-0.0076241605109480005,0.024658282937438714,0.014995298341315738,-0.007272705222746308,0.0051433907660853794,0.01418498109032408,-0.05065219235517387,0.016056601079395064,-0.028779209745055,-0.05277605396076102,0.01562818990152782,-0.011010676252471744,-0.0008824413289896653,-0.020885091294851457,-0.0199488195399866,0.0062411379351793115,-0.031059766488294862,-0.01128369051569276,-0.011206594629781052,-0.019952658731747723,-0.04328915814810148,0.008277864057688399,0.02747741058150665,0.021005400972373703,0.059618253107956785,0.05643910675751005,1.0,0.028659130988535352,-0.031676506769133916,-0.018148133682484125,0.035700989139516415,-0.0162155067559632,-0.03552914031307663,-0.005806327501331084,0.022382194123013583,-0.008964832926040896,-0.039225145077899905,-0.014910529819690875,-0.0013767315393825284,-0.03989598661017585,-0.025619529643849222,-0.021894036347068352,-0.015352589623650981,0.00016957083324074256,-0.03394125750628033,0.00808774434037071,-0.007610335898553763,-0.03825470458083822,0.0014337290804665845,-0.040566027947696474,0.023520551698177,0.016737710222921236,-0.021390486624494616,-0.018521685602062184,0.010838633172908528,0.0005462637745996877,0.024157226264184938,-0.0025769691462583324,-0.02447415149120942,-0.029255458705947805,-0.017757554320978836,-0.04087100853246747,-0.0357830834962394,0.00305013248114924,0.0031977430673403723,0.006888403123113439,-0.015386359050754595,0.012361846661966686,-0.03514792058903442,0.007458922413134334,-0.009357739055851619,0.0032204368194099745,-0.00025256637357713214
repetition_value,0.03926020557333069,-0.014018468658805397,-0.010003873674361383,0.0003431165486333008,-0.0029720017050049816,0.04150288377509024,-0.004481876592378661,-0.018563276487854857,-0.005175304888613775,-0.016565535014299804,0.006658911324942964,-0.01821223127575323,0.002929408710348426,-0.014875988313326982,-0.01318390376455143,0.009912614511720721,0.038537045186211816,0.021479814381571843,-0.0032806341677933375,-0.010847717676783436,-0.016337218404432197,0.014357533124326706,-0.014342926771169056,0.027431149324884312,0.014680220800036491,0.001246859948330029,-0.005441772270066228,0.021167613380756144,0.016022681348794213,-0.008428503400879406,-0.030394514684056743,0.02684028264103908,0.019334361601029745,0.0023907433921474368,-0.02403277210356472,-0.017602696857565877,-0.004317279342767566,0.005679421832998386,0.0017582288541043009,0.004893759606399545,-0.022178168307368858,0.0030800475349264137,0.0339610919096192,0.0058133124731112725,0.055985958337866445,-0.00930550272791254,-0.012568028897195063,-0.029810750667291292,-0.009699804149526972,0.036164242036742344,-0.02382710300847369,-0.04302126696478212,-0.03664798752302843,-0.031209226802193134,0.022799503106753907,-0.01626108192822222,0.009438272855154297,0.03875702909266695,0.013991526079577123,0.008959502807212959,0.03069031947674915,0.028659130988535352,1.0,-0.0006530972725895869,0.011829439797555038,0.0019072950904249957,0.021303743289681504,-0.10023767360592692,-0.013789257107292821,-0.013522584013771748,0.010925433557141699,-0.08727972527067118,0.03942499444428091,0.002027348982905205,0.017102023304490115,0.024236945694013995,-0.004185648739349323,-0.0008580541368103724,0.007320117231620463,0.026343244353787893,-0.022229700419949216,-0.005948945503153919,-0.009314989560082566,0.01870374622319208,0.005989994498390328,-0.013538551041073639,0.006782411497353166,-0.0026988094084164226,0.013863375018553916,-0.0035970674913079494,-0.005083018304222306,-0.008902310237844114,0.011195970267341029,0.009125208212907437,0.01753645676255473,0.001915870797456933,-0.0015155866971600144,0.005453248753608205,-0.006511064808303438,-0.015714150629152886,-5.579636413186581e-06,0.0043103248105310025,-0.038284235860617466,-0.00015743014728930663,0.047950970098330846,-0.010194628904930588,-0.002622632673203813,-0.022249079708487187
subtraction_value,0.012172419877699125,-0.0034047374529218347,-0.001795765203578065,-0.008160326186098698,0.019732538287895528,-0.03332693532857906,0.0034514256943198643,-0.00972019035422288,0.008904606704280052,-0.019467771675204214,0.004266465791525598,0.001173299221930024,0.01480652379530701,0.00113949380823943,-0.018832307749438795,0.025935634299590626,0.012193390074567798,-0.010067762923498315,-0.00038265224689829937,6.4672896411725625e-06,0.014417413856548556,-0.010883745841403903,0.004650411269886127,-0.00672926908174136,-0.0010463199697800711,0.03403214001527462,0.007886397773265262,0.01209283317134494,0.016173673413663617,0.030251389277342198,-0.021869403629592124,0.011477363801522951,-0.023684557306169134,0.00420079108213778,-0.01340925295089513,0.009280478430061375,-0.006869389257209212,-0.019279644762123623,0.01504881616249412,-0.029372484850508175,0.000463145659020757,-0.01841594344746217,0.00531155874832942,-0.01731664440318411,0.004465409151203064,-0.010369876432059161,-0.000761851158011826,-0.03792843757523343,-0.019150430811533076,0.03628805376304625,-0.04669196910512305,-0.029793384414917762,-0.06814270179506375,-0.022082433741699204,0.03216040446684285,0.012552238513291769,0.03882881299872936,0.03931444216552411,0.024992889392505456,0.009074441664952507,0.00872371762047605,-0.031676506769133916,-0.0006530972725895869,1.0,0.008020368050459132,-0.008644212742649645,-0.012799044975213822,0.04927822314735542,-0.02011654682360143,0.010104803799210133,-0.015259587600909631,-0.04669958907881976,0.016883119889480627,-0.0025107068947757454,-0.008063641009735676,-0.022441604249417185,0.007930673962453663,0.011469897677657905,0.0020211424425417793,0.005562149765259405,0.003834401931008277,0.010198915918008564,-0.006801096386243238,-0.0018563667863913053,-0.016658165496711667,0.009043188347070134,-0.006241103035433678,0.018766808581364758,0.008589416177916793,0.016975985495653406,-0.0021649573628225575,0.006727139604142274,0.02651457393332186,-0.005373958265030009,0.00410862501778519,0.0019081595306756668,-0.03512513737927235,-0.03785526562608206,0.017490168181923182,-0.010278670485483305,-0.020295429734963503,-0.004129022555364587,-0.002130032360536173,0.04348341472362778,0.0011975864777514131,-0.028621457722850154,-0.005850735447539198,0.00773898526499061
Rate,0.002749892214244401,-0.02037132548793,-0.0024972726194097366,0.008956931625034897,0.026725000804279146,-0.0030043655879951124,-0.011770398985742118,-0.02579467324940148,-0.006030352221283091,0.006187363960814865,0.0081637063780593,-0.002469010196785355,0.009687534372006043,-0.03341205123709524,0.0011615384540529948,-0.011231968451216455,0.005822000679618108,0.006207830194602408,0.010121398797570581,-0.010007571354358327,-0.026723939727165635,0.006496279908328723,0.011807741927201234,-0.016808946064899747,0.01800203556830907,-0.030490862630082907,-0.005079192103650276,-0.0209071640798334,-0.023460778072329883,0.013493907822185468,-0.026858667099894127,-0.012816146137728104,0.035594805376469724,-0.0027624537156208254,0.010392094837587015,0.001757362607257703,-0.015093262784348792,-0.004934897475769825,0.002355879946149315,-0.01912335559054438,-0.006697402100297845,-0.024884886313707662,-0.014682638936843505,-0.008110195977914233,0.02790094718361883,-0.026653311951836827,0.03297955116691291,0.011990515500559311,0.020617364999583235,0.012918237714216513,-0.0021119828035463125,-0.0059325033521798985,-0.012944355495557357,-0.06582097894936643,-0.03803789360121445,-0.005612619185431336,-0.026587125882795725,0.05265914189020685,0.023793017584445877,-0.01114382790560471,0.030369194809980543,-0.018148133682484125,0.011829439797555038,0.008020368050459132,1.0,-0.0008763618381473652,0.009282176788584279,0.005970445887517359,0.12002282846880943,0.024262356812921736,8.114125494164909e-05,-0.02603595247136327,0.003204551135201494,0.010527830407417322,0.005535806942672706,-0.01611265466790987,0.02004293384095551,-0.012304564953843635,-0.015866260977630723,0.008047390638076473,-0.017297859566417426,0.016095968615593242,-0.004384831633132716,0.01605329922582667,-0.00013312377154752332,0.0065392293714021275,-0.0029697194562891857,0.007557345978592068,0.0017619353290049093,0.0004941025835558956,0.012318385243966097,-0.005906279725381974,0.023709720263291767,-0.022790988388661504,0.00034590593601314295,0.031019882408754657,-0.005693971454978329,-0.019381812711529972,-0.025884365911967685,-0.03141633423433063,-0.010718398275488495,0.02147872496735996,0.01190064212122786,0.016805211384737725,-0.010222268019876071,0.001456377912145308,0.003911588988663992,-0.015241499819247675
PR,-0.01968684019901597,0.022869268525482146,-0.006196032193920172,0.018519925681794214,0.03422526086169521,0.007148497760506645,0.03015875269263435,-0.028441718016041014,-0.013102861165815348,0.008767786252800277,0.007065225829274692,-0.0007454043331977783,0.005671801239715255,-0.0011774428739298125,-0.016150893047215148,-0.020308324910906603,0.027875817509708974,0.009857062484930706,-0.005082821692568986,-0.022295803747541372,-0.022810273064576708,-0.013425700655256943,0.009109150438058522,0.0050991048900968046,0.009298832892019273,-0.006058515191789528,0.023374100225231557,0.009844414650511604,-0.02737511508937649,0.05483814255534128,-0.011080643922200104,-0.02825957166569572,0.01125423081369039,0.012032731159589307,0.01235905276162305,0.00024845828442067854,-0.005851936177043862,0.01768199984765804,-0.0449662541812658,-0.022115116453842378,0.011713591951037971,0.03260533675964274,0.03576868084439874,-0.006476871079483235,-0.01989567511230604,0.023402962242176233,-0.0008203357492660482,-0.020094956209874826,-0.03578070786333569,-0.012146091822325311,0.043620104363949266,-0.027698238779492963,-0.002169064654963793,0.011183351347556107,0.06405114743017178,-0.035557263394608164,0.003320209351503127,0.039424077301452816,-0.05408140060177565,0.0019496857566034759,0.02373826407686116,0.035700989139516415,0.0019072950904249957,-0.008644212742649645,-0.0008763618381473652,1.0,0.007369851218207999,0.0021120615190466834,0.010595692594819957,0.056248289241442914,0.024135898738092416,0.003327959892400457,0.014935634254251835,-0.0022799513007328797,-0.0130296313667092,0.026041415021162733,0.00501325672072553,0.005118507153885005,0.018319640398518498,-0.02391306187048447,0.025889571502253406,-0.007472983699925824,-0.013626424999680482,0.006762066678393185,-9.51218920869708e-05,0.003632576206420696,0.004544528281877572,0.004319302747600464,0.02182579518396568,0.0270302145988803,0.03436783967050026,0.01361301419618176,0.0008026788321199572,0.02611897080661415,0.02211018784318182,-0.028693717283259142,-0.0063525672672220005,0.0003942467340117495,-0.015110958790703326,-0.0038372319692735225,-0.007662577891624853,-0.004438998556512661,0.018796707675637035,0.013494874040781014,0.03047865761282343,-0.004537399182552963,-0.03824729218957573,-0.0077056675120248394
QRSD,0.006448745354050152,0.004762897246101092,-0.0009488399478832681,-0.02713406351783501,-0.031608950226292495,-0.01214943313447705,0.007715989826723914,-0.001295262161036165,-0.01987488747790179,0.0023561637246655854,-0.006160405214088973,0.00281260327064461,-0.002884983337215752,0.0025087880699517016,-0.004871928526843315,-0.024535439990277876,-0.03215678620062512,0.010241428356640393,0.004288288513812485,-0.010010748766301394,0.02021710990469045,0.01484578851829827,0.016757959718966015,-0.0037542872109298363,-0.007465571826299433,-0.004130603888314133,0.020662225764010396,-0.016463007420830126,-0.010403884354523359,-0.004921571704636242,0.0316098543502546,-0.023267227477203965,0.0004297576190843302,-0.00610269637124314,0.0032544286558208076,0.011417988882924215,0.005781966327412899,-0.02209884825101117,-0.003676059283562253,-0.0039126560654458116,0.03162841792170596,0.016913595614201127,0.027577754823585033,0.01057602394295386,-0.029042824392643735,-0.001636528143911085,-0.00774911442928712,0.010861773984156263,0.032820906409385966,-0.031024590221563612,-0.0056908286774338375,0.0077260240695405605,0.00043215238483223123,-0.005559748207817665,0.01678358983313601,-0.007895503901811428,0.0063783670091046435,-0.010965504263055969,-0.003969823623673692,0.019698900194424617,-0.029277661221905744,-0.0162155067559632,0.021303743289681504,-0.012799044975213822,0.009282176788584279,0.007369851218207999,1.0,-0.002978829517585243,-0.03400167438915126,-0.011636239691428183,0.056136899575546524,0.0052112804285323585,-0.026324864119083757,-0.019813592996891578,-0.00871464959704937,0.029867051302876275,0.027176579210234635,0.03023107035957053,0.018395885580213038,0.00941200900875967,-0.015537427002278621,0.010068046038187476,-0.007556532013029963,-0.001999525607689579,0.016065746257827244,-0.009966570420234818,-0.01689338800456518,0.015604343061554303,-0.009929567151181295,-0.014624131323263623,0.024355439179814305,0.004456851670826136,0.007784114603497864,0.01436744745443184,-0.004220553210717247,0.0144073625301497,-0.010006976880858501,0.0013197786682304377,-0.010391938626810246,-0.0027963714232860756,0.03057416063615861,0.013307025691592277,0.03736750078765353,0.005385494663464688,-0.01466423282902456,0.003115529087045512,-0.016843477265601304,-0.018831572255744167
QT,-0.008385387758914696,-0.0001743688463543143,0.008140177944060691,0.006999807361106657,0.030988838731624283,-0.016721664574204993,0.0006232031429600272,0.040445764627819736,-0.003803064154013433,0.01393082031523586,-0.0028864576124773542,0.01263452205957984,-0.009406105704613083,0.004209690224360913,-0.04087227527618615,-0.034915119250426625,0.012669235761923378,0.010347959402966558,0.010132277060186745,0.010853159858489203,0.003035613325346761,-0.04317628130404248,0.011954185029365539,-0.006952639202222624,0.01575451853071219,0.00099363617202789,-0.003646649655168938,-0.020966548691108595,-0.023751929513555235,0.04156416153511869,0.031997018436889624,0.01759805387633383,-0.01653775673854897,-0.0028174791560928577,-0.007007079605965328,0.025318943967997023,0.014497445795593165,-0.014078830717822451,-0.01339354018010167,-0.002343432227621568,-0.010926581035392678,-0.023088035857297202,0.0308460125787917,-0.008566286226555517,0.031078804872713663,0.022484427252897496,0.012521806465811622,-0.002107915108608946,-0.026628534443119,0.034701738491491156,0.036734600501860684,0.016136683421652937,0.016767546472851398,0.010874112213664869,0.040166486993674075,-0.04083462562735838,-0.01246970775600003,-0.023012972466833922,-0.061127455766916174,0.00960381426581392,0.0320375925739983,-0.03552914031307663,-0.10023767360592692,0.04927822314735542,0.005970445887517359,0.0021120615190466834,-0.002978829517585243,1.0,0.004115657195600304,-0.003980637880687629,-0.034308317913306074,0.03551978251479296,0.0398619469672942,0.009926621021469888,0.03598868695055554,-0.008902457868672239,0.05862164415406615,0.039814308442990706,0.02985472392898152,0.03789759576303544,0.01229102696578961,0.01514390995787539,0.012027376818182273,0.002660048978552101,-0.0022736451116762905,0.012344660786316694,0.020608210672178794,-0.0013757793239130042,0.0339752275628086,-0.01978338680083278,0.02136705679413278,0.017027198845381224,-0.0005110498028481656,0.006210739723300054,0.016723765572287674,0.013664654666656144,0.026840468839516365,0.024447313834145227,-0.006731143362930612,-0.008768691885038654,-0.0029866414880463945,0.02636255527321654,-0.002030261686291942,0.0030546991358370934,0.00519966646256813,0.00819681739215644,-0.018435497136081898,0.002988616309228465
QTc,-0.02245403225290202,-0.015635776710173667,0.010927822160279375,0.013599613854690131,0.02952540582447815,-0.00018784068315380421,-0.010945213348050573,-0.010089546259880584,0.00204017698330829,-0.0030612218814932133,0.01699531385379917,-0.03009033230276252,-0.023714328411482837,-0.028173133119377657,0.0035648734990653794,-0.0013297797253209382,0.023792061152067428,-0.002817747928800043,0.0021488070010842087,-0.023409232864116915,-0.03360436179943341,0.017389813580405287,0.020615037683756252,-0.013663827773968367,-0.00953873854328426,-0.015607580999615284,-0.0054732074945674095,-0.029087083620048068,0.004316114965539016,0.04404331919739022,-0.020758779037266094,-0.019083005715149735,0.01353441670532954,0.008447823233025125,0.030980020569943586,0.015265498408608065,0.004301733964334523,1.556543849023449e-05,0.0032372480655261607,-0.01563108383868552,0.04542056371978965,-0.048351470984933385,-0.060738736537022546,-0.016287591761502147,0.00621203431727694,-0.032334945977935986,0.0490784092131493,0.005016860917190277,0.009505887314031654,0.004130188721010763,-0.02265863713462661,0.005037772280054334,-0.01138062939305547,-0.09651753556851651,-0.09592291849329526,-0.018059474561879788,-0.009963598721998528,-0.026748088101710515,-0.02157310891501762,0.010905761300861752,0.000543102608161001,-0.005806327501331084,-0.013789257107292821,-0.02011654682360143,0.12002282846880943,0.010595692594819957,-0.03400167438915126,0.004115657195600304,1.0,0.06397144047047383,-0.006564178547257284,0.01547189439502788,0.02560581839624112,0.009368289605301673,-0.019709180103119568,0.008229043745467094,0.014065116447359586,-0.0005166296420446157,-0.010956615425015366,-0.00177903948543119,0.02230127007219793,-0.011728124807120857,-0.012930869526194426,0.005320117668070125,0.0008964652399702499,-0.0043172205798286106,-0.008008314747810063,0.00601651125066284,0.02103077144898394,0.0353428273905083,-0.0019305557671745585,0.015591248561756069,0.020429834321116804,0.004799739769240963,-0.004868258648439147,-0.013527802686898677,0.022793861450605347,-0.008165790914826745,-0.02326765782369798,-0.020302455684361478,0.003018623428812268,0.009640047033758833,-0.00032296944543219177,0.014071281498153376,-0.03436510032784926,-0.017941878473560605,0.0019179849479260833,-0.014039180203986604
P,-0.034190574112466725,-0.003980625219495577,-0.04464285855310037,0.009412332457344746,0.06543172598931316,-0.006835196310853362,0.024721483063894024,0.0007163871374561278,-0.027928489040173757,-0.003638749250867779,-0.006581346278683777,-0.029919288907131032,0.010366034491866957,-0.049273146345921115,-0.005488395773791232,-0.026741652342041553,0.007318671265136501,0.027657209079578048,0.0036402437877967623,0.014213322594580389,0.004707306089229344,-0.013745009064730843,0.012575061784368803,-0.024174066329471444,0.021675625289074185,-0.008230343530528317,0.0013829546975811222,0.012207439791008613,-0.015266140287142675,0.03303327418230587,0.005523201480292684,-0.026344537573927896,0.028521880257733192,0.009448385265615086,0.022896140791197235,0.004295807361809845,0.009374609775120212,-0.02261782259757009,0.0006856491440414667,-0.030534341459790657,-0.009400367282375088,-0.002190320653678562,0.008336713853349663,-0.02445237090740631,-0.001294422436290418,-0.019438227315802685,0.03203118129277564,0.010529151779129803,0.02197177438271108,0.009082001855951908,-0.004022048611763805,0.006553273103338672,-0.008043203326915556,-0.027087469260699652,-0.00029512876570330466,-0.015408494482189741,-0.0057171960815374425,0.03286388783321185,-0.0524466575035583,0.04401247657096772,0.013874435499836902,0.022382194123013583,-0.013522584013771748,0.010104803799210133,0.024262356812921736,0.056248289241442914,-0.011636239691428183,-0.003980637880687629,0.06397144047047383,1.0,-0.00023243060003053052,-0.000697842584600302,-0.010495683833475114,-0.015694388114816948,-0.013332364362268846,0.018767037761411632,0.02942754020383182,0.006790850140974125,0.01764404408772044,-0.020630844189482352,0.01685850765314095,-0.004191394316449204,-0.04026064208957078,0.011546729160834705,0.021807270380153617,0.010435034411078462,0.009001162341994754,-0.004421414026632524,0.00027239237754901445,-0.005967035685846045,-0.009541973569091,0.024126335992121002,0.009468661962522069,-0.019676315230667416,-0.0030867544725846443,-0.010000719979394775,-0.007064163479478838,-0.03384175496924183,0.007785298844853196,0.0008194432095600903,-0.0375646459971696,-0.01670925428692475,0.008800150960771183,0.013110573088188814,0.012158014118607178,0.01837778823213851,0.031458722099106454,0.021989017198335195
QRS,-0.004342114789349535,0.01089386183580385,0.0008315553661400023,-0.002655928820842136,-0.037657388238718933,0.03746331519500163,0.0021110216359156607,-0.009521595673945936,-0.0016700556258677844,0.013108945578619248,0.02286363484154142,-0.011867540119752105,-0.005219570797817203,-0.019885588874064934,0.010225321852608944,0.004038728141101637,-0.034707184379137085,-0.019972130713990788,-0.034229398193473315,0.009041615664468887,-0.02071558146444702,-0.012826290949516804,0.007075393970546852,0.014968702723043596,0.01731687006489542,0.004803501368037801,-0.011873160954959718,-0.010064265833354092,0.01784325614886578,0.020658415509654866,0.01012235535230684,0.0006450921388379024,0.03239581816633208,-0.017006489053579158,-0.031722643614020135,0.009825541241702405,-0.01919448561653127,0.0026423734025288106,-0.019558379637741166,-0.024024443891357335,0.031578990765391494,1.1439633764363558e-05,0.02695847899372007,0.02294397512343199,-0.023829114039765457,0.00478937136426956,0.01537925289379587,-0.006386060397224556,0.019237101985661108,-0.001709144510961389,0.03792684682248355,0.02238927976869124,0.025222985764733075,0.031801475974866884,-0.009349616297698515,-0.020245899827839198,0.03651783085710847,-0.004289673756293103,-0.008055565900151758,0.0498226994714283,-0.09554202480393567,-0.008964832926040896,0.010925433557141699,-0.015259587600909631,8.114125494164909e-05,0.024135898738092416,0.056136899575546524,-0.034308317913306074,-0.006564178547257284,-0.00023243060003053052,1.0,0.016185141213949712,-0.006754606635206397,0.010306023501618015,0.020679661252314893,0.01243576202021244,0.005168783154004059,-0.006596094014148414,-0.021907755428898334,0.005466004507636096,-0.030186909002752303,0.010514447741732078,-0.015892444352844023,-0.003612484718422688,0.016915425026656397,-0.020149155649159978,0.009456354421951337,-0.01021314291023058,-0.02597109761462238,-0.020263267516601034,0.0005460406184248366,-0.01844516603367161,-0.010962407141640308,-0.03815334922049229,-0.009070860352518013,-0.0017903249072884603,-0.008173243218984005,-0.01199016113284597,0.0007633072343796061,0.004499508231103335,0.018807203021824415,0.018561952725176765,0.008943892980514014,-0.007672616599178121,-0.004318923584166676,-0.007024562898051207,0.005833481597616805,0.014939333889518338
T,-0.005679099072839934,0.010543210904763255,0.01721587964701227,0.006093609189098592,-0.007220466407575075,-0.013729522177217174,-0.007758228721428432,0.04315238655205029,-0.00022989227678354705,0.006677772285917082,0.008617043729017266,-0.017033179599171673,-0.020120755760610905,0.01836085694218729,-0.01868471004048378,0.0050225568422949925,-0.01495664930129258,0.012029864449795185,0.010088831004294231,-0.0007758875390197829,0.015870578915733024,0.0038792883312804625,-0.02122231586593196,-0.016645983513809703,0.01514729173195004,0.0011270793799217098,0.017534728347987104,0.0034919707713496908,0.02589324874717365,0.029464571412390343,0.0027683944383121955,-0.011572874477768206,-0.005810494639993549,-0.02637207968915334,0.004782087643820265,0.015205785292794883,-0.008212418227231103,0.02484755951291091,-0.004251740046692021,0.011213892861321146,-5.6218321139635795e-05,0.009494753420408647,-0.011609729072120155,-0.0042308519095352595,-0.01517463078605785,0.00038597074945202905,-0.01636789087807949,0.009701635460282052,0.007556578798721165,-0.01258510277453301,0.019422779838981073,0.024466986756791948,0.04265567691697578,0.03543663988457883,-0.005211163262839751,-7.25342610331e-05,-0.013103668612590623,-0.05874629711578128,-0.026009071113981014,-0.00818202897191817,-0.03380006675350813,-0.039225145077899905,-0.08727972527067118,-0.04669958907881976,-0.02603595247136327,0.003327959892400457,0.0052112804285323585,0.03551978251479296,0.01547189439502788,-0.000697842584600302,0.016185141213949712,1.0,-0.0245792043474798,0.00027394942808740277,0.004975476520686451,-0.0012597041764684156,0.0019656827998938177,0.0011089444197515507,0.004930456010122727,-0.00218820997509201,-0.011201469593277552,-0.00042382615311970954,-0.007365758106551323,-0.020285785483723288,-0.015896424536481202,-0.009970829277810676,0.017105739743211952,0.005222194001014933,-0.03196025141343386,-0.029809152374451392,-0.0028727213708664057,-0.012464973609863556,0.004818089341360397,0.016495369822304744,0.004324709703653337,0.0013254706682875824,-0.009260250953786724,0.024501672643854958,-0.0015648597507812428,-0.016751291382253213,0.03741385302199164,0.024514355543470652,-0.0035560854490557263,-0.0005984669700583556,-0.004045276971849855,-0.029471510004639347,0.023818649794840396,-0.013731114441927192
Age-related macular degeneration,-0.005581262067851969,0.02648224258568589,-0.01963023362086509,-0.016962242527131053,0.08573828238219737,0.03841564445249868,0.020014328002416648,-0.007706003950239921,-0.036407882769835906,-0.037663527463704466,0.013396254705536681,-0.006089371818658104,0.0017268138724849784,0.005184996027029815,-0.004420479186995817,-0.03403828832827888,0.045677773950257766,0.0032850060719608943,0.009703809034896026,-0.007746528930485153,-0.008045474648968895,0.034232347396986405,0.0097068926496591,0.014032822378537708,-0.0005026379389401573,-0.011514225578649118,0.015596608085929196,0.01258829463583569,0.02110381037838269,0.032360190634974355,-0.018971953878716388,0.04670318608325246,0.014606806384475451,0.008299985164774582,-0.018013269992889727,0.021075781197603883,-0.004408572832222724,-0.005196989919950797,0.025732507003271475,0.014252118117833409,0.028414513413600486,0.015329907062587248,0.020374589428472662,-0.014634350492028452,0.025586202318336904,0.03542890758798363,0.02240285021180975,-0.011071529789529574,0.012521059059132221,0.020692027728389246,0.01348381644444909,-0.01258605559606965,0.01921799108579632,-0.007313718173517202,0.006707394780362339,-0.01778173805050692,-0.0038116327431170767,-0.01690526669994099,-0.010183843363477834,-0.010481559569274346,0.013148903466408894,-0.014910529819690875,0.03942499444428091,0.016883119889480627,0.003204551135201494,0.014935634254251835,-0.026324864119083757,0.0398619469672942,0.02560581839624112,-0.010495683833475114,-0.006754606635206397,-0.0245792043474798,1.0,0.005846247622430006,0.04949684634527217,0.039695472978002584,0.042109639684659,0.017166838717417213,0.037371612923709774,0.048662353425476416,0.018613378000507993,0.016927402562640966,0.026764409356171262,0.03385745821521659,0.024717657202661773,0.0007422804699568096,0.00011066611167366782,-0.008786177683969455,0.047038399094713856,0.08838465905115275,0.04800876495587228,0.03490579465258075,0.07103566290458839,0.049232205619996354,0.003047768413799334,0.016838051470867175,0.0017311264014142594,0.008692246942308286,0.016602343460862496,-0.02962710371648134,0.0010705038890887963,0.015947515455188122,0.014821991327002189,0.02595654638337183,-0.00387310529717444,-0.005583549549028992,-0.008437663372119118,-0.031628352727558914
Arthritis,-0.011717266943877029,0.02297052764164712,0.0015827728436004463,-0.01634251521233347,0.020655120511576905,-0.013184413701600962,0.022199486556705384,0.02487711198367268,-0.021600240735468346,-0.01632185864029835,-0.022028588520639106,-0.00883798212101411,0.0009518808698500659,0.016478377335185906,-0.005640556462555513,-0.017037648002673503,-0.02659272237865713,-0.004940021558487885,0.001364377802190744,-0.002545735369529669,0.007053934917521546,-0.00392919079669168,-0.019342199361540035,0.004145565638006399,-0.003981533384864102,0.005479810182954441,0.011354617191603598,0.0248018913512241,-0.0025595537329225464,0.015424185017856591,-0.0054498473078068085,0.027897731308291363,-0.011728688321447028,-0.00268919039259463,0.006947985035221049,0.012164086913047146,-0.0016937321361572054,0.008896966214100207,0.03629708381699167,-0.019792514513501187,-0.01218539508524115,0.015320404129783728,-0.0018120945737685312,0.009234115310532427,0.009568949770060493,-0.006187080635000511,0.018239650817587324,0.023239832487112394,0.01722967337213498,-0.0013977013247383804,-0.02264567597177792,-0.011682837064725065,-0.016937899003720506,-0.02944029103587426,-0.011104579769154728,0.01144125847914739,0.006041750234730699,0.0068790655403681055,0.0056952107232714055,-0.02790472804556425,-0.00224736830798178,-0.0013767315393825284,0.002027348982905205,-0.0025107068947757454,0.010527830407417322,-0.0022799513007328797,-0.019813592996891578,0.009926621021469888,0.009368289605301673,-0.015694388114816948,0.010306023501618015,0.00027394942808740277,0.005846247622430006,1.0,0.0033013222094780896,0.025772970219222858,0.006764583980444448,0.022100322058048166,0.005584221793342537,0.027934031400990038,-0.0057554887656657205,-0.011796251920834036,-0.00901710904496661,-0.021762699567824343,0.01836279361681258,-0.0026385968323527666,-0.013918605442494732,0.0020587795478336727,0.0561489963485131,-0.0017601111514282798,0.001472453469884261,0.025106162535262475,0.02073641124526783,0.00816343751700267,0.020691762545513633,0.011215845482825195,0.0019205955378564566,-0.029565742451860215,-0.010926555474196001,-0.009943188356552562,-0.002287810418286656,-0.014433503972098001,0.01610520907872863,0.005603865565739169,0.014109791475213143,0.028337649319264774,-0.013661530994600756,-0.01049133080848244
Cancer,-0.03769337318819203,0.07682123592419185,-0.018361800107784102,-0.02118554842221367,0.083886991625002,0.011572153483589358,-0.009918504451469126,0.035667365447813425,-0.0011502497436449708,-0.0006347033004028866,0.008951978924053255,0.03457850146537189,0.027093252864448254,0.0689791801525807,0.024942643541307385,-0.037947697537364135,0.06602148547962446,0.010377625655118001,0.012414836502752477,-0.01105894841032054,0.05143556335478452,0.006815361437989167,-0.008553927950359308,-0.0070952456915076775,0.013448424097471143,0.022661401484583895,0.006348837523501357,-0.036829375532179694,0.0033146263140018347,0.037851299715356716,0.007649113648391873,0.014827994738604779,-0.0003752973674398823,0.0085839945556039,-0.016823960541626628,0.018366898298144214,-0.0194825923408084,-0.0024346872930227238,0.024767820261941412,0.04031681944355933,0.03075040869210106,-0.004197131239441982,-0.007440540730990151,-0.028215139691620098,0.03973235180698129,0.0008203353978155637,0.02155486300484889,0.008132404259629106,0.010203369488896547,-0.003355192823760714,0.016946894559978252,-0.005730042781710965,-0.010071576103444328,0.0048244767808854555,0.015793900128820114,-0.02190787678926515,0.029788368985728435,-0.01097408690699784,-0.018621527409287384,-0.0017087350040836543,-0.016505230441186233,-0.03989598661017585,0.017102023304490115,-0.008063641009735676,0.005535806942672706,-0.0130296313667092,-0.00871464959704937,0.03598868695055554,-0.019709180103119568,-0.013332364362268846,0.020679661252314893,0.004975476520686451,0.04949684634527217,0.0033013222094780896,1.0,0.055045149792890415,0.054646851351798184,0.01736350005967841,0.038846924173264394,0.05937125486911558,0.01465027598254008,0.000842346033221834,0.02873883478662455,0.04557606485340849,0.023431946267348118,0.017406218382221787,0.007270308282151206,0.015278256756332688,0.08231717301741896,0.049597665205989266,0.037559067893166896,0.035305514638540265,0.05983611084783268,0.060070940801659346,0.009630812268654696,-0.006340720213146143,0.03750709355001312,0.023193451610300387,0.01150094310921984,-0.00011364244104101982,0.012578535777863227,0.04105291234022495,0.002668050996425885,-0.0057913090814624745,-0.008025513130978082,0.0008488717913227587,-0.026916055001088665,-0.0183864020399321
Cataracts (1+ eyes),-0.036874608004536236,0.04566059981624217,-0.022630147713705525,0.010689042866487489,0.08267803799500742,0.05531100017810838,0.007466502229838725,0.02729875012106403,-0.030609457075814354,-0.02175061224407202,0.02843113295049453,0.018280944179399457,6.327444402689834e-05,0.03623521304464049,0.01637455109263821,-0.047453994050722925,0.061024443163858924,0.023918162598590316,-0.010404177765418078,0.0006533736534849603,0.05492874487815933,-0.017233991716316007,-0.018006418445978264,0.024557086052560784,-0.026711664513076494,0.013513278260707879,-0.012576551828660108,-0.02149069508289554,-0.02212066460793608,0.02467780575673937,-0.03659592387623059,-0.0007871911336103155,0.02146709337672854,-0.00016797879025834314,-0.011287359711999054,0.02377375863787493,-0.006947775255097633,-0.0075146956033142805,0.030768501818813937,-0.013466809915636738,0.014479588153940624,0.004756459881280939,-0.013750906796049388,0.031067942853939642,0.0018459603826573613,0.03299523321273231,0.02733879009747495,-0.007312893434468144,0.021184104469276176,-0.01873064573281553,0.013593775358151785,0.00793924493225892,0.012615604875634713,-0.024789850266453525,0.014307489647010419,0.008323851287856425,0.006502587386055656,-0.020691969297359964,-0.008332943270462814,0.023810379831041444,-0.004094633610514089,-0.025619529643849222,0.024236945694013995,-0.022441604249417185,-0.01611265466790987,0.026041415021162733,0.029867051302876275,-0.008902457868672239,0.008229043745467094,0.018767037761411632,0.01243576202021244,-0.0012597041764684156,0.039695472978002584,0.025772970219222858,0.055045149792890415,1.0,0.02467696100029744,0.006619733629203347,0.019633492396815503,0.01731405945346148,0.010142463160848393,-0.002734819576522954,0.033967173684548144,0.001391330040945357,0.0006125390195041408,-0.031658220530959146,-0.008391487695879518,-0.0014857386835488466,0.04022444598535612,0.019333590703751322,0.0480010048291823,0.020304554233213437,0.028244061883052684,0.043745496476959515,0.012840417778815272,-0.0193839400659817,0.009893717133633172,-0.013018288964107252,0.0038105579377737593,0.015799195772703785,-9.371410149884042e-05,0.006845256204924634,0.027103539143860166,0.03249448019318872,0.03233619758755095,-0.012748958668166168,-0.06758868340104238,-0.008993118803529133
Chronic pullmonary problems,-0.0559326957653979,0.09379791480299171,0.0024054257676347987,-0.0011527624754079852,0.05047301422961044,-0.013064611242091823,0.0021860303710800146,0.04060248792680349,0.002753006021088167,0.010248034493804705,0.008430803900059555,0.002685346276180573,0.030140716147074243,0.056225818537988755,-0.01739852389956332,-0.01803512584432993,0.06455456426380299,0.004674095972498747,0.02900403310684951,0.0029364044343871388,0.09229507215146647,-0.010342022040378087,0.00535976906135602,0.031267082521471035,0.0005296317967795828,0.019428856413999416,-0.002471502151778152,-0.03219121509442738,0.01905187007858071,-0.013376056751369995,0.008634479764927844,0.026478791906691723,0.01588946087848675,0.01477926855808576,-0.02411687595593223,0.017204950524375588,0.010094420601913526,0.006117671762246269,0.012719452043652584,0.027137240844693274,-0.01199565265344618,0.03988014970135826,-0.025770718491398774,-0.021856659845980533,0.03708152958754024,0.03198235585976589,0.020523648048664054,-0.00736069029453244,0.006821589492808736,-0.02180337404144903,0.01134379029777288,0.009018032092368525,0.009311840959915716,-0.010840283153002584,0.007424896261230799,0.008177403802966969,-0.009829463223499008,0.004518323984720743,0.002431077539293729,-0.01744496935424047,0.01319021755676614,-0.021894036347068352,-0.004185648739349323,0.007930673962453663,0.02004293384095551,0.00501325672072553,0.027176579210234635,0.05862164415406615,0.014065116447359586,0.02942754020383182,0.005168783154004059,0.0019656827998938177,0.042109639684659,0.006764583980444448,0.054646851351798184,0.02467696100029744,1.0,0.041797678326907756,0.02901481699195414,0.024475917927822208,0.039789772979607875,0.0057730319312976055,0.00777784674729793,0.03292357959488722,0.013463165638355748,0.0033008075502575828,-0.019529940776512,0.02763487628935749,0.03650568180850039,0.04915861776705284,0.036032438565995195,0.0294747629612291,0.05435236144669463,0.07287468725803098,0.06506160556453905,0.04941309057077278,0.022645001706880056,0.03294847287137044,0.004355023546874538,0.013492584437044559,-0.0038048335767561165,0.02818660055834022,-0.015139147765418718,-0.006952915805699599,0.0077154628166134385,-0.02238841227707847,-0.03878477354448953,-0.02432316959718064
Circulation problems,-0.012605764753612029,0.029879050013666773,-0.010827740152701602,-0.040021199192224306,0.05285456070061228,-0.005736123097638685,0.016114820789091933,0.03676256235385725,0.020694942949605433,-0.006693558911405712,0.01362076422109269,0.018142180744769205,0.012236839777332763,0.012178893788651323,0.022680428067941093,-0.00860423976157291,0.03224279590149086,-0.004218592646161086,0.01365217886408859,0.004606442074793522,0.013097257348150848,0.02610741917606609,0.0020338896873244834,-0.00254040455660617,-0.014800157921829196,0.02531688154857349,0.005417453009052917,-0.008134024184610613,0.0041902433302453785,0.02233156047164284,-0.014076443609337855,0.007173708080713492,-0.011962060689269487,0.009396347438764125,-0.018708285751585934,0.005396789961423826,-0.009591236761541874,-0.0287667277586668,0.005519817581013243,0.005910370616294815,0.02194993165815985,-0.013963373491921022,0.006927611514921932,0.033231319778802455,0.0008074489007803459,0.007524461328817459,0.006871037205667952,0.002520358968461816,-0.017628977343072606,-0.03135509771126492,-0.026839470627207998,0.028457899712084806,-0.03775508525545128,-0.020784025152952707,-0.006394483989307001,-0.010443400468675389,-0.010483213473322914,-0.02824374926355782,-0.030459429314017763,0.01294293131127305,0.006624335941475653,-0.015352589623650981,-0.0008580541368103724,0.011469897677657905,-0.012304564953843635,0.005118507153885005,0.03023107035957053,0.039814308442990706,-0.0005166296420446157,0.006790850140974125,-0.006596094014148414,0.0011089444197515507,0.017166838717417213,0.022100322058048166,0.01736350005967841,0.006619733629203347,0.041797678326907756,1.0,0.05267561568650909,0.0205817707131906,0.00022477734597870568,-0.007126096322785981,0.03099941021895244,0.025369549893873578,0.04018613596004169,0.025839376486731506,-0.02926509949952109,0.0018902280788616508,0.04033341786748738,0.02494519808568962,0.04773990653773247,-0.016883873643159544,0.040435431021099574,0.02014964840328631,0.03717701303653973,0.026404326296945946,-0.013608801193055934,0.03791349578808656,-0.00015224432694495914,-0.004199087235800416,0.0006045296383380089,0.027362481878325996,0.009888689833985382,0.05062294498668907,-0.019496844974120117,-0.0649189979011261,-0.023027974213209228,-0.0027252839910758575
Diabetic retinopathy (1+),-0.01651073973517073,0.06952622545903303,-0.004721231379280122,0.0034164729340419946,0.024086326348720783,0.0164004884378485,0.0517767145537771,0.01629227302406135,0.004678579348444183,0.0033171715082705457,-0.022189380102132738,0.01963768350422276,0.035732432397439985,0.05615136325518021,0.011420857883453922,-0.01980279353994953,-0.0031370940404737437,0.03908750899461597,0.03781975157165589,-0.014316295756126725,0.035967784535730775,0.006517161817272226,-0.00911138298822155,0.018884061839470563,0.01514254388037129,0.025299150291107103,0.014564309246125121,0.008431493580261443,0.036119620226875516,0.045200668085578294,-0.010446670534256786,-0.013720378563455858,-0.00030549137380599226,-0.022921676462451964,0.006262230042937938,0.03190479835306116,0.004897025392267635,0.005860489312026468,0.004110202567096348,0.004151629649869935,0.020835681357023586,-0.01725294585843502,0.015241175236646854,0.00023725734385427908,-0.0030390411852223628,0.00735876852417699,0.054976178120044496,-0.005423086309130461,0.026247320230534266,-0.00991651414759174,0.01074699707750029,-0.019049988828751568,0.0032756639556383808,-0.002353744757125105,-0.024722218835850927,-0.011162544362917885,0.002834011107388998,-0.053586109933675366,-0.020164654067102234,-0.019157207645036888,-0.02349040761185955,0.00016957083324074256,0.007320117231620463,0.0020211424425417793,-0.015866260977630723,0.018319640398518498,0.018395885580213038,0.02985472392898152,-0.010956615425015366,0.01764404408772044,-0.021907755428898334,0.004930456010122727,0.037371612923709774,0.005584221793342537,0.038846924173264394,0.019633492396815503,0.02901481699195414,0.05267561568650909,1.0,0.05967090341783607,0.03534175406922062,0.047255526788514544,0.014917940896889373,0.029686957516791113,0.0293244997973047,-0.003602246258150745,-0.016520892788036323,0.0374488894874509,0.03658809090719131,0.02719114868710088,0.04298616020412677,0.041367014099696654,0.07103127699770864,0.04106777797073578,0.0639367317581442,0.038154933604098065,0.03701577828698254,0.028989788874594895,-0.006636108647819022,0.008745500989399945,-0.004927804403704121,-0.003250823989314315,0.002456647319444375,0.019142827064676824,0.02445113348712524,-0.004086062247971796,-0.028916630330484406,-0.04353133600414177
Digestive problems,-0.04762981623300152,0.0753565476285565,-0.006038785943385514,-0.03179006527483036,0.04889088789673196,0.007372865173144882,0.0214482608061865,0.01321669746356009,-0.0058778058716381955,0.002449652674498989,-0.022026795535514104,-0.006899503974335012,0.02407925572766235,0.026516287439762056,0.026655629422798633,-0.026695779410088195,0.0493303642147746,0.025622881386152957,0.020129573354876192,-0.0012491821272020075,0.057495198264645324,0.02648556808952318,0.0003120162744345544,0.007681118987807593,0.0333253777293403,0.03243852626548828,-0.007609597406004048,-0.015605446068511216,0.022005683605485507,-0.008553463409437809,0.021680513787101906,-0.005437358421081557,0.005256379768171336,-0.008529882237772922,0.021343950240167792,0.029124685458760076,0.007830624716655547,-0.007734655846645032,0.014754334764849152,-0.0074423580821287635,0.019591261882215338,-0.005898710102673949,-0.010221943035303325,-0.015442318062523233,-0.013612895300915773,0.01930299445652236,0.021234162127707214,-0.027203715942015948,0.012056953935108711,-0.028876263667917044,0.011226927669047117,0.0012180870202650675,0.019169967949606938,-0.012582574954717518,0.013746458675218527,0.012535433510743566,-0.017459763913617657,-0.019666759788007034,-0.00770437184099834,-0.022500052171173787,-0.006958539649487111,-0.03394125750628033,0.026343244353787893,0.005562149765259405,0.008047390638076473,-0.02391306187048447,0.00941200900875967,0.03789759576303544,-0.00177903948543119,-0.020630844189482352,0.005466004507636096,-0.00218820997509201,0.048662353425476416,0.027934031400990038,0.05937125486911558,0.01731405945346148,0.024475917927822208,0.0205817707131906,0.05967090341783607,1.0,0.016074985572714934,0.03781685770797873,0.030308056448771284,0.009063108367203292,0.03957791164869754,-0.0057586928958570085,0.019192656422688203,-0.0073045463514811665,0.03226333376441173,-0.013454668789229164,0.006733233050585405,0.04171028296018234,0.02773208353712838,0.04467985057862858,0.04562922051396561,0.028998747665639563,0.015853852836769218,0.019397732380854682,0.005108483347771584,-0.004096416177926766,0.014765528178751737,0.013744825003374764,0.02280590206606781,0.034232818558709584,0.007916780629832814,0.001765919990010874,-0.019074790487769683,-0.012640206398216659
Marijuana user,-0.027151190811753233,0.0449983897011211,0.01404431959512391,-0.0037707634624526937,0.018672876137475283,-0.016034201831553917,0.08174162712054271,0.024896694960165222,0.029461653032873195,0.03029439274667184,-0.03045689482703264,-0.0056737319910750905,-0.008664411898797533,0.03208184273523743,0.026119416647888135,-0.003243238147168123,0.012210284477304689,0.06674311009560636,0.023281405882737298,-0.027333503992268658,0.03884906158674997,-0.03209397382611573,-0.014097414382611008,0.011466626822462791,-0.002764806642411686,-0.004383376645383676,0.01494831340392535,0.02647582455967816,0.027147340812039733,0.014260205377574308,0.025440307209324085,0.02074432633630979,-0.01674700899410777,-0.012044427616266763,0.009173261264760058,-0.01825920690945868,0.07427304475965178,0.008591753849506953,-0.00047519792193497623,0.012884934870579916,-0.0056187543968208116,0.002274797617945442,0.007124372250272732,-0.03899382572809192,0.027703667616853462,-0.009916788641078677,0.049054306924923595,-0.01896920877998296,0.0011694665501377473,-0.0033854337442131384,0.03447295509794515,-0.009325432074046437,-0.017158662213097968,0.03247139709700068,0.020713712414015248,-0.0013253698085420975,0.004468634501284935,-0.0034969141388630663,-0.019812719903110267,-0.014551903773119348,-0.01519821545710285,0.00808774434037071,-0.022229700419949216,0.003834401931008277,-0.017297859566417426,0.025889571502253406,-0.015537427002278621,0.01229102696578961,0.02230127007219793,0.01685850765314095,-0.030186909002752303,-0.011201469593277552,0.018613378000507993,-0.0057554887656657205,0.01465027598254008,0.010142463160848393,0.039789772979607875,0.00022477734597870568,0.03534175406922062,0.016074985572714934,1.0,0.018800515798930755,0.024155504254795776,0.06195507636124904,0.014771109725865676,-0.019848277595541395,-0.027533676639918254,0.024910348843994692,0.0069533250347076445,-0.0016344931498383968,0.04246961384766805,0.02964855148735131,0.028084601479629632,0.016138247868005776,0.03471236015130463,0.03189912036306881,0.0539381890116104,0.03224664341535459,-0.0040852179694166706,0.05689101324666474,0.02513325974936461,0.021668313123839978,0.03339292934197301,0.02586420353585566,-0.010192086670201352,-0.010686907561943012,-0.014917902125561138,-0.003637728515438627
Dry eye (1+),-0.03793206899884092,0.040510370610500085,-0.028263341108372222,0.013714430996204294,0.004546210102957476,-0.06390672695459786,0.0063784046396793675,-0.0170746057470383,0.0030047239725460874,0.015595225412282558,0.016056813758734412,-0.009003111816779206,0.020022408615176315,0.04201767579605574,0.016433388784238185,-0.014957140379690913,0.006738273524850786,-0.0005415172015346218,0.007238458945563126,0.020639411541320374,-1.570693849304623e-05,0.00688184050900307,-0.010910577837632732,-0.03661496767611796,-0.0036733846058957338,-0.002082430628009876,0.018737202809417947,-0.04013532221238363,0.0045188942217153395,-0.0017450417231029893,0.01752351601679855,-0.017904680586702394,0.024381422540117235,0.013211536695421794,0.028027332980414113,0.009582857562027355,0.010785830163128333,0.015002356849071892,-0.014356518456831092,-0.0033301344759528585,-0.012929696003335052,0.0033835182949177225,0.008002011820010698,-0.004565545250774319,-0.011095535296637718,0.016964841787341405,0.002338713718853273,0.038360342853001154,0.003322616203233627,0.01047509187416024,-0.002901597484207149,-0.005883384907032924,-0.006572814552293418,0.009721276228893868,0.0005572224312482603,-0.006926920746788987,0.006800658621860327,-0.0008540762616439162,0.0009830335315796353,0.003669357408405342,-0.008745777197250941,-0.007610335898553763,-0.005948945503153919,0.010198915918008564,0.016095968615593242,-0.007472983699925824,0.010068046038187476,0.01514390995787539,-0.011728124807120857,-0.004191394316449204,0.010514447741732078,-0.00042382615311970954,0.016927402562640966,-0.011796251920834036,0.000842346033221834,-0.002734819576522954,0.0057730319312976055,-0.007126096322785981,0.047255526788514544,0.03781685770797873,0.018800515798930755,1.0,0.012896652474024732,0.013744729363701299,0.0025853809482661756,-0.010219627951724675,0.006200662301892299,0.02248422021293136,-0.017887082511965084,0.005468067942876594,-0.006626093782502745,0.019365991358695486,0.0010835148408392396,0.024437881935095433,-0.0005551830971590751,0.025107077536379793,0.007948387083950386,0.020555970984461287,-0.011923516462942941,0.018435465459355132,0.004310162890528129,0.018601061806174553,0.01533351196776132,0.016708576112936264,-0.0023246467049473063,-0.008868288724583194,-0.004894915775122838,0.006745277706199347
Glaucoma (1+),-0.013975974852467819,0.0038445894434449,0.0014572464195205857,-0.01890258218956093,0.019818948301777873,-0.0045489966555496255,0.03897295252266087,0.02145191533888284,-0.0020650791689731844,0.013784351005878263,0.013307508977538032,-0.00832126733476325,0.011641739762934143,0.02010656498029929,0.01845863146250555,-0.017282008737604226,0.0018248253331826349,0.004145580298440786,0.041787108364987384,0.01702609610753014,0.032193249426703936,0.008233633630058584,0.009069249403581996,0.03228187906675646,-0.00647681840900555,-0.006966625805093248,0.03407099400915361,0.0010550491358686403,-0.011960858189158373,0.018978192438900147,0.004288143122088996,-0.01538539119763873,0.03118253521173971,-0.01658513862351383,0.008112533666888196,0.013798345696830826,0.023801499558549846,-0.03166479500464341,-0.025392558541435913,0.0007059781843418669,0.021863746147349955,0.020300543527824417,0.03949024648704076,0.017758980316002416,0.017069625771004914,-0.008817941621972547,0.008523159688011017,-0.00013952655685919434,0.046501916832540596,-0.009215150925587346,0.011657704021288852,-0.01079929227831597,0.04521822156471651,0.024877699521080994,-0.01567738679371996,0.01406143969290501,-0.013559186536230138,-0.02192081811854298,-0.0438332084583352,-0.018140855408165877,-0.0076320634165193395,-0.03825470458083822,-0.009314989560082566,-0.006801096386243238,-0.004384831633132716,-0.013626424999680482,-0.007556532013029963,0.012027376818182273,-0.012930869526194426,-0.04026064208957078,-0.015892444352844023,-0.007365758106551323,0.026764409356171262,-0.00901710904496661,0.02873883478662455,0.033967173684548144,0.00777784674729793,0.03099941021895244,0.014917940896889373,0.030308056448771284,0.024155504254795776,0.012896652474024732,1.0,0.04119566776482263,0.06461142006632857,-0.0176733717887285,-0.03321914317190762,0.021075845701557867,0.029243006390960703,0.0191117800014222,0.02529685114848889,0.007390034696178086,0.03455799069631264,0.029362103234824088,0.04817831327558374,0.001039601857707829,0.04391123326827178,0.03632501744412392,0.007441269552410293,0.049121616787244936,0.01080386699606995,0.056768103690143075,0.028193003316587265,0.051063342185880004,0.010839867742192755,-0.009031846321239233,-0.020616527388678738,-0.017781642604462473
Hearing impairment,0.0034930806755123405,0.014306214734045185,-0.029653706215020226,0.0026497590623704333,0.012070723790514402,0.012970230482548044,0.046549271039077425,0.014403884599388019,-0.001419551360460608,-0.007700415981715233,0.006708441889101959,-0.010804853161587477,0.007276125124718831,0.009665900249850487,0.03714391438740716,-0.0034661021926156057,0.02327942271275665,0.026420626958778122,0.023384741751170397,-0.013180436895715955,-0.012209152081485038,-0.009757642056784302,-0.022730882000937848,0.008397253870576004,0.011060764983734216,-0.016802265958723576,-0.023577841487116027,-0.019930886205380353,0.00037500320368098603,0.02085275314923591,-0.008312940340028304,0.004461302241832509,-0.0067392176817246225,-0.004793564398119635,-0.019273571879660445,-0.012066759569171201,0.04427446539850469,-0.0020567886240458826,-0.003739627519315831,0.01239309733904898,0.028691419546414423,0.030502272099242726,-0.008641242106015789,-0.013181830124178817,0.010997255356718444,-0.0034695627342635456,0.014325433178682359,0.026846689439856943,0.023599068911574667,0.015422314772909755,0.034919779612460115,-0.016798100033520332,0.0015815506481713384,0.027844557639802987,0.031834348644082064,0.007898539771356072,0.0014828160088297324,-0.005632906736024934,-0.011201715417529295,-0.0025024820762990685,-0.008630879496782226,0.0014337290804665845,0.01870374622319208,-0.0018563667863913053,0.01605329922582667,0.006762066678393185,-0.001999525607689579,0.002660048978552101,0.005320117668070125,0.011546729160834705,-0.003612484718422688,-0.020285785483723288,0.03385745821521659,-0.021762699567824343,0.04557606485340849,0.001391330040945357,0.03292357959488722,0.025369549893873578,0.029686957516791113,0.009063108367203292,0.06195507636124904,0.013744729363701299,0.04119566776482263,1.0,0.05102175614636,0.0005222432281248992,-0.0003720284125456915,0.055756091615109846,0.026919271320319498,0.028185532882974106,-0.012626897486596237,-0.004025224944333247,0.019106318040501075,0.013279953854761627,0.035578963948204916,0.022021464348132926,0.05039774533138177,0.03676947504456838,-0.02424891013479973,0.030946640484375947,0.006368599609428614,0.058805457579497955,0.019943575863705196,0.03929616082353193,0.023026642136636875,-0.01051253369119159,-0.016409744378288144,-0.003086778043137303
Heart attack,-0.02068754310234854,0.0031438046151103897,-0.008586730779363047,-0.007666448058021452,0.03370193170366772,0.017100007125633507,0.03796303113534394,-0.026994707122616902,0.0021694812603115904,0.007132121838304609,0.04070707941430496,-0.007172343970694913,-0.013840189600729623,0.016111345094575843,0.032182207092882394,-0.01733510543580061,-0.0013497678858027135,0.023619021454022664,0.04201970294075145,-0.06866619885703089,0.012219359924378666,0.04001302571971708,0.023493755061881946,0.0018515228407389418,-0.02363515169348272,0.039371763149033026,-0.003380230294929114,-0.005694123957712968,-0.008565162655803982,0.047476118761653745,0.005839906779508588,0.01234574508114773,0.023870169541153417,0.018559171525885407,-0.04491743731981714,-0.005493903617245047,0.024692597517256696,-0.0163964173715521,-0.00023764054131676751,0.0023826951177806314,0.06499915737379668,-0.0018629047319181158,0.00402450651328873,0.04045199578902072,0.011338150789340586,0.010032653544188015,0.03730895932785225,-0.0010898426909408856,0.03753775805437368,0.01922267377699002,0.025284586319590022,0.008101648084208931,-0.026482122758112937,0.0077386009110146136,0.012895635549619115,-0.006929523748456048,-0.010531249779478722,-0.03454998297985458,-0.03437691610125027,0.00533876411661024,-0.029794472359368177,-0.040566027947696474,0.005989994498390328,-0.016658165496711667,-0.00013312377154752332,-9.51218920869708e-05,0.016065746257827244,-0.0022736451116762905,0.0008964652399702499,0.021807270380153617,0.016915425026656397,-0.015896424536481202,0.024717657202661773,0.01836279361681258,0.023431946267348118,0.0006125390195041408,0.013463165638355748,0.04018613596004169,0.0293244997973047,0.03957791164869754,0.014771109725865676,0.0025853809482661756,0.06461142006632857,0.05102175614636,1.0,0.04576658124023282,-0.004930721116362738,0.08697496371112369,0.004487386275946575,0.011174023754019819,-0.019095733006776004,-0.0021979741000138224,0.008706191050683421,0.012311082134773492,0.012110444614591973,0.01674599064119219,0.04718457649305343,0.032476089720301964,-0.007615472397901339,0.02442948483496474,0.010706747825389613,0.07870599058234208,0.04818554457178343,0.0498706746772998,-0.009210995236305567,-0.021892690691157412,0.007183170273295486,0.006254881060693483
High blood cholesterol,0.00827515721453688,-0.011880473709664843,-0.009500452415029097,-0.010214934446906914,-0.01267840641769543,-0.011045720448106797,-0.00028065162186044365,-0.023067495422039938,0.0026645979664948667,-0.005750030787982627,-0.00612903824991692,-0.009047643859238777,-0.020979498180813846,-0.007627796066132391,-0.02929337130093314,0.015988078581396958,0.01034556703590166,-0.0034480417229786607,0.005039954400059002,0.007253041511905304,0.015558196351831356,0.002041175101504254,0.025724554873389517,-0.02614046894005617,0.009413060879328517,0.013588481414523627,0.0004973593650914689,-0.012666748970611208,0.0066632725504759075,0.0016907588865804836,-0.01220448863076112,-0.007770796251271449,0.01082603938113706,0.024098908765281944,-0.023919912083234168,-0.01537152477279087,0.0031995681164367347,0.012729875707857585,-0.0052122161592922794,0.008869501399140367,0.018049022528464687,0.0010299547171384205,0.03995744102316044,-0.011980333594856897,-0.01142851669704654,0.0021024420891951772,0.03220822269922984,-0.009492102521191707,0.015679692502178988,0.0002190233924056958,0.013284312570617638,0.0006611626679573996,-0.004785527064525737,-0.015303356425652979,-0.0006096227754624427,-0.003552799018783126,-0.036503294830494463,0.005760488276471894,0.019102481622544902,0.010423014998242362,0.013970427092775366,0.023520551698177,-0.013538551041073639,0.009043188347070134,0.0065392293714021275,0.003632576206420696,-0.009966570420234818,0.012344660786316694,-0.0043172205798286106,0.010435034411078462,-0.020149155649159978,-0.009970829277810676,0.0007422804699568096,-0.0026385968323527666,0.017406218382221787,-0.031658220530959146,0.0033008075502575828,0.025839376486731506,-0.003602246258150745,-0.0057586928958570085,-0.019848277595541395,-0.010219627951724675,-0.0176733717887285,0.0005222432281248992,0.04576658124023282,1.0,-0.011789724174615077,0.01736823073726267,-0.0016601267612625624,0.01130654931806367,-0.003582535186929269,-0.008484737728229308,-0.03560483101252808,-0.029954597408376065,0.02240702366218864,0.00886387179586096,-0.00243922856636579,-0.005797873470775571,-0.015812700636436534,0.0036522196153069403,-0.007985418105713548,0.022589380602266045,-0.010346154237631335,-0.0037665283446541645,-0.0016924210323163206,-0.031699929520798815,-0.0027042199582722488,-0.00530709662458602
High blood pressure,0.036731560102094635,-0.006353887974522239,-0.0069175516745668105,-0.012107784480483965,-0.009520483225436905,0.006870815702808128,-0.023042200453873903,0.0019926140255149163,0.015369624723846953,-0.007793104482810091,0.01338456334625168,0.015612188214096465,-0.018095654561006716,-0.002679908971724609,-0.006356398545461436,0.015022475813067107,0.02888457350248167,0.004398176825724577,-0.00435751239152287,0.0012445271035925465,-0.031088161658767363,0.008718312204903971,0.0029287608112452445,0.042533651095076445,-0.007332966317952301,-0.030159378633929985,0.006249149459457315,0.02477015306868326,0.008849995909795797,-0.019612291264276657,0.0053790693206226285,-0.012794218526411914,0.01499098138865441,-0.010487571057862636,-0.03286350255775124,-0.005976862506625375,-0.015029080733492727,0.007624081524839227,0.009453570795885846,-0.006340770361831226,-0.00687535417733447,0.010369372146886982,0.001975719399432183,0.00903827815128621,-0.02812875225830396,-0.010858534339136505,0.010237771313626947,-0.017916750698081112,0.000937444918747463,-0.004673718186715042,-0.028035165207878472,0.034250080152963346,0.017319407264658908,-0.0003030896479183373,8.84873410917596e-05,-0.0004906285099713698,-0.005903013570593067,0.014406389889395218,0.025327310847508284,0.0021787083859257286,-0.03450886516330254,0.016737710222921236,0.006782411497353166,-0.006241103035433678,-0.0029697194562891857,0.004544528281877572,-0.01689338800456518,0.020608210672178794,-0.008008314747810063,0.009001162341994754,0.009456354421951337,0.017105739743211952,0.00011066611167366782,-0.013918605442494732,0.007270308282151206,-0.008391487695879518,-0.019529940776512,-0.02926509949952109,-0.016520892788036323,0.019192656422688203,-0.027533676639918254,0.006200662301892299,-0.03321914317190762,-0.0003720284125456915,-0.004930721116362738,-0.011789724174615077,1.0,-0.02685133365205401,0.010164420197362072,0.010339450095994435,-0.029723246937458026,0.03328801258624197,-0.003020772206188232,-0.007000876754635222,0.0023565372783683185,-0.01930955294980375,-0.046831180088086254,-0.010496914065600048,0.03369771149504075,-0.02168079296989158,-0.0019208935542244974,-0.0189341024324204,-0.023039629082840116,-0.02232817218983511,0.009519593797509475,0.016759199121231284,-0.0014043300248007585,-0.0016303283711869066
Kidney problems,-0.015087277748568379,0.037248373817490424,-0.03362908338950613,0.010164552648213346,-0.0007007702489937394,-0.016675569680838075,0.020639467837917338,0.018026327120193454,0.01606992269306223,0.003935494113651718,0.005882965210304911,-0.06178796977205514,0.0006844221570142872,0.007968554234182657,0.03038280305319769,-0.027720704397187167,0.024930162183533434,0.009188124534899483,0.005550001472422621,-0.004657366096772308,-0.022735491545379436,0.030759573743357794,0.03179389111167212,-0.015232468343342647,0.0065254299252815486,0.026643786647857336,0.0022285981687279123,0.0050239411873142185,0.0009367767202797275,0.023250329263277646,0.018511502649904307,0.013767684817727771,0.04570963791452724,0.014824750272445087,-0.015759805950419405,0.006181517447037796,0.00982997298258051,0.02498404438656791,-0.007633892022753017,0.02268403927923283,0.038201350247597236,-0.006903920219332977,-0.0019565627561450912,-0.009060217713401356,0.02230318077499978,0.013495338914460966,0.0011146499765864641,0.008085186115189385,0.004313861746970302,0.009998230495774125,0.017938711093363018,0.01766472529088389,0.012558226511500941,0.006016969563625475,0.027842903722816635,-0.020540954691895374,0.005942812105994111,-0.015967721866012165,-0.0333626446271815,0.006495152092893601,-0.0017526173788441845,-0.021390486624494616,-0.0026988094084164226,0.018766808581364758,0.007557345978592068,0.004319302747600464,0.015604343061554303,-0.0013757793239130042,0.00601651125066284,-0.004421414026632524,-0.01021314291023058,0.005222194001014933,-0.008786177683969455,0.0020587795478336727,0.015278256756332688,-0.0014857386835488466,0.02763487628935749,0.0018902280788616508,0.0374488894874509,-0.0073045463514811665,0.024910348843994692,0.02248422021293136,0.021075845701557867,0.055756091615109846,0.08697496371112369,0.01736823073726267,-0.02685133365205401,1.0,0.012102071085277952,-0.0266044877208653,-0.0009777265399417074,-0.0012297173168741736,0.013563766514062566,0.011187036075760362,0.00348869459158718,-0.003977330817845688,0.003900332869415371,0.008568584005687897,-0.004925179897393701,0.038088822163788005,0.03511814891881296,0.07201493910605118,0.05134142137001394,0.035476491720027134,-0.005729593298880731,0.0029165600869783463,-0.005758333312343355,0.020964927008448243
Low blood pressure,0.00865037942366111,0.037510570357285083,-0.00296464190384795,0.010910059654131835,0.043246189636664455,0.0585012980042303,0.01651728988750228,-0.0022377728975531085,-0.004232417712431079,-0.054966374150554206,-0.0007792682300012915,0.008494914479659277,0.014302787007323937,0.016931556336746357,-0.005258698859283716,-0.004894377025097406,0.06292798410826231,-0.0009201921907883154,0.014388306255509827,0.007247144003332409,0.03729209719083082,0.013183445900441038,0.02557930501886595,0.01630025538584074,0.005041275130226662,0.019435775760818518,0.008427874843853675,-0.004680595898387513,-0.027066392957776127,0.012598726883058468,-0.01522549930610079,0.05612393621861923,-0.003162528419059039,0.01643052862633295,-0.03399653380319581,-0.002137579841566827,0.002619427073468193,-0.007336428821781864,0.04437118196677431,-0.0038938236500489273,0.01143867168656619,0.02034281182674754,0.02242182205764352,-0.018289229835007137,-0.007197285339625522,0.010115416827069101,0.018522656157803838,0.01641587902935551,-0.016680713934473464,-0.0021116776608282066,0.013542224021228651,-0.00181332536887714,0.007389508459125487,-0.008374027197827582,0.01557536575992427,0.024019890420570077,0.021981829500115735,-0.01887773315483417,-0.02771391536284088,-0.010953052524147995,-0.019242130030302868,-0.018521685602062184,0.013863375018553916,0.008589416177916793,0.0017619353290049093,0.02182579518396568,-0.009929567151181295,0.0339752275628086,0.02103077144898394,0.00027239237754901445,-0.02597109761462238,-0.03196025141343386,0.047038399094713856,0.0561489963485131,0.08231717301741896,0.04022444598535612,0.03650568180850039,0.04033341786748738,0.03658809090719131,0.03226333376441173,0.0069533250347076445,-0.017887082511965084,0.029243006390960703,0.026919271320319498,0.004487386275946575,-0.0016601267612625624,0.010164420197362072,0.012102071085277952,1.0,0.04145298847679815,0.029017527782166,0.02507933637929874,0.05132198635357881,0.021807661329364982,0.05514404571515141,0.03643766776729619,-0.0004331394550404586,0.0012844632567485471,-0.006678717520122754,0.014635084236556881,0.031518565271458854,0.0008579143456938647,0.026696346668322882,-0.006541016144759152,0.015827997556479415,-0.029418835589842908,-0.08151671009442042,-0.01555330392855387
Mild cognitive impairmen,-0.016619189626525827,0.0075031227547532305,0.01706090832220566,-0.016119799450320146,0.07141343987329651,0.023823551331468833,-0.0010131663404804037,0.013898745410332074,-0.031464190384130446,-0.048336137900115754,-0.003275048518875846,-0.011889326148318115,0.02122571774956949,0.02017833364418699,-0.010723069871281599,0.004328969913724441,0.0190224625498018,-0.0011420860778878427,0.00023519484937719492,-0.0019412157140077217,0.026743116591146917,0.050216084573221645,-0.007306790587924308,0.019290963631637476,0.006608706705645127,0.008694657213789073,-0.014299420350294563,-0.021800447434164646,-0.0051483196281607935,-0.011889330757136187,-0.03389830001418118,0.009308010861410422,0.01588221028822513,-0.0010618469279284513,-0.019966989509156572,-0.01597207933270557,0.021717776775931643,0.003387691807770906,0.014597759905962022,0.023518979155041888,0.026277108403250676,0.0016575449924609007,0.0031520101731705038,-0.015112752073676261,0.003431627759315811,-0.011020022526350367,0.030302394420890125,-0.016725516682029026,-0.006766075442520703,-0.005928004111742906,0.0019800024953027526,-0.004740811433081554,-0.01500178289113512,0.017215276516690914,-0.010590472057715712,0.026289363686464434,-0.015486962843167425,-0.03426980322945907,-0.016001214218306904,-0.03382603605527525,0.00940107751278359,0.010838633172908528,-0.0035970674913079494,0.016975985495653406,0.0004941025835558956,0.0270302145988803,-0.014624131323263623,-0.01978338680083278,0.0353428273905083,-0.005967035685846045,-0.020263267516601034,-0.029809152374451392,0.08838465905115275,-0.0017601111514282798,0.049597665205989266,0.019333590703751322,0.04915861776705284,0.02494519808568962,0.02719114868710088,-0.013454668789229164,-0.0016344931498383968,0.005468067942876594,0.0191117800014222,0.028185532882974106,0.011174023754019819,0.01130654931806367,0.010339450095994435,-0.0266044877208653,0.04145298847679815,1.0,0.019154745187851294,-0.010623853673838446,0.014221062169699867,0.031572045121894855,0.011918180536331938,0.015707563530861817,-0.010661468390469095,0.012235299258927312,0.004486589435278871,-0.010357592838876972,-0.004947082392874086,0.01711671082923322,0.016288114809672086,-0.02157251483493327,-0.021339848970259548,-0.014913905830424373,-0.012644973734157964,-0.0358626741853352
Multiple sclerosis,-0.040606572580990465,0.024466141700943335,-0.024142492026181645,0.014818519611304086,0.038549767531412926,0.03769210364661172,0.017020258640753894,-0.013087684101656002,-0.00845170593946656,0.010825737644482206,0.016532862169700513,0.03720331824626901,0.02187040560126852,0.020022100663333837,-0.004696589019133462,0.006739478072396206,-0.001136359016288101,0.02170545598900252,0.007738269486879618,0.011410819144055315,-0.0005872604111839002,-0.012675649526479617,0.011857767679659674,0.018290868876155747,0.013750197393575896,0.013639228538350286,0.02535497844611492,-0.009146677812537488,-0.002218139393144378,0.011496718501008847,-0.008950250974067365,0.052470289326919,0.015027696560385446,0.032662497714658394,-0.004994919865040005,0.029901809675760404,0.005116614620983149,-0.0021726478819223847,0.03268759975581951,-0.00039999574016187607,0.0016674330100123654,0.006154929470260821,0.011783335005138547,0.011269068435155809,0.010179585699883987,0.022845100514755162,0.013821141610117977,0.058117088018920036,0.004690133275719058,-0.006005906989682352,0.010515341769780664,-0.011834917679614943,0.0006908065421981431,-0.00906163727925557,-0.017762346544405196,-0.005393462007845064,-0.004047913594455244,-0.009335337010601345,-0.0036610903234037787,-0.02685160706158937,-0.01416492791378969,0.0005462637745996877,-0.005083018304222306,-0.0021649573628225575,0.012318385243966097,0.03436783967050026,0.024355439179814305,0.02136705679413278,-0.0019305557671745585,-0.009541973569091,0.0005460406184248366,-0.0028727213708664057,0.04800876495587228,0.001472453469884261,0.037559067893166896,0.0480010048291823,0.036032438565995195,0.04773990653773247,0.04298616020412677,0.006733233050585405,0.04246961384766805,-0.006626093782502745,0.02529685114848889,-0.012626897486596237,-0.019095733006776004,-0.003582535186929269,-0.029723246937458026,-0.0009777265399417074,0.029017527782166,0.019154745187851294,1.0,0.0075403893423860524,0.025351707535643198,0.03215428041489182,0.024066868802453026,0.021525914739235926,-0.015370185928528849,0.01338373754747582,-0.01990071752939384,0.026380254703242245,0.01216772641266749,0.015822983473984188,0.01992519096223243,0.01760230828159904,0.00788469358300106,0.000592939913134838,-0.050453266840991336,-0.02723201128872137
Obesity,-0.07613980959791408,0.04355823333046672,-0.013096789450191932,-0.03119842862848119,0.06858258795156251,-0.0334030679077521,0.043508058055109114,0.01837231649735964,-0.02034914735866341,-0.007629501100889719,0.032712520932195246,0.009713696898905664,0.031077484252457082,0.038756461040649365,0.0009865863013896544,-0.01821047260990715,0.020514584313112077,0.013673441707062067,0.014560430383613324,0.0036743374479477264,0.04006119240215303,0.017487271239248953,0.016997828038176434,-0.015534077766570226,0.00029328360410645006,-0.010679291825568468,-0.005847398300935164,0.022485910934385837,0.013040296660304759,0.001120269963148715,0.049722538669519714,-0.011329911574655115,-0.006759244565081092,-0.005477862030798635,0.01810926318066527,0.04768495813657519,-0.016073352132437758,0.01883819347725019,0.04134093929878743,-0.016117717385886406,-0.002414242532114735,-0.0023456955562247673,0.012256266595482023,-0.01659769830428052,0.01582121493199753,-0.008436052627766706,0.023446528644225938,0.009963007992817801,0.005249238292533526,-0.01843476893348033,-0.01727449910139506,0.015042035489893713,-0.0020375743640651785,-0.018631986280698266,-0.010226038055715606,0.026758275301668123,-0.02083207584976647,0.03836099778742896,0.011079901666038313,-0.0060335512831778135,0.014319974311704821,0.024157226264184938,-0.008902310237844114,0.006727139604142274,-0.005906279725381974,0.01361301419618176,0.004456851670826136,0.017027198845381224,0.015591248561756069,0.024126335992121002,-0.01844516603367161,-0.012464973609863556,0.03490579465258075,0.025106162535262475,0.035305514638540265,0.020304554233213437,0.0294747629612291,-0.016883873643159544,0.041367014099696654,0.04171028296018234,0.02964855148735131,0.019365991358695486,0.007390034696178086,-0.004025224944333247,-0.0021979741000138224,-0.008484737728229308,0.03328801258624197,-0.0012297173168741736,0.02507933637929874,-0.010623853673838446,0.0075403893423860524,1.0,0.035337468396968344,0.037920447888415004,0.01351172965625214,0.00999728289811765,0.019730748162513762,0.00978124636827634,-0.007511076129263719,-0.014142994481988806,-0.02087570713065381,0.001378530179374426,0.010389633324006428,-0.009463118245065131,0.0019443358334295508,-0.016911730227219934,-0.026398238055791726,-0.0036626189634285976
Osteoporosis,-0.04262567463980623,0.07030265009969909,0.012798466114306323,-0.023420579682371993,0.04304603110138309,-0.012784569870737717,0.012356617935122674,0.03503342595154123,-0.03630757535902778,0.04385154855582574,-0.02077908983134832,0.004298606136480673,0.02986037354559194,0.06976864897112361,0.026563264419308827,0.007145428124237956,0.02743010879869243,0.0006094137079901303,0.015547309503099002,-0.006177104961416394,0.05254864787983822,-0.029689715547536584,-0.02322147678338673,0.006898744703417851,0.02200486792686064,0.0035235898901428025,0.028861058707438648,-0.005488867786994037,0.001603682060067979,0.027488107539564523,0.012996420303143059,0.024604338150336184,-0.01412397008705834,0.001895215172043231,-0.0017946038665581593,0.03168963937981943,0.011399467397251874,0.01685647433177289,0.027982040393845154,0.005555136537593644,0.025397261002132663,-0.00430514822578719,-0.007744351439877458,0.004320658173045617,0.030314176243336096,0.02249729817433634,0.037163995672886724,-0.008520140415078294,0.02469278508493185,-0.005728475546339376,0.01972611483256632,-0.0026545670675871603,0.00845114652609137,0.02198980026517194,0.026557669007372393,-0.001244314983260168,0.007553502747030892,-0.02441668305597419,-0.035024923356540595,-0.002585399781592471,-0.027626311569891288,-0.0025769691462583324,0.011195970267341029,0.02651457393332186,0.023709720263291767,0.0008026788321199572,0.007784114603497864,-0.0005110498028481656,0.020429834321116804,0.009468661962522069,-0.010962407141640308,0.004818089341360397,0.07103566290458839,0.02073641124526783,0.05983611084783268,0.028244061883052684,0.05435236144669463,0.040435431021099574,0.07103127699770864,0.02773208353712838,0.028084601479629632,0.0010835148408392396,0.03455799069631264,0.019106318040501075,0.008706191050683421,-0.03560483101252808,-0.003020772206188232,0.013563766514062566,0.05132198635357881,0.014221062169699867,0.025351707535643198,0.035337468396968344,1.0,0.04242058717296461,0.07176350797941256,0.012901578223471563,0.04241860296193245,0.010055908051565796,-0.02291253013494789,0.019880507830540444,0.01687233017968855,0.008896058256976664,0.0031256231246911924,-0.01187752274811857,0.0006462882897871654,0.009097422523801168,-0.006573296186818572,-0.015152315314373024
Other heart issues (pacemaker),-0.04196435302835595,0.0943282604583453,-0.017095319263483094,-0.0383333854911475,0.07314539739566682,-0.022775798002856396,0.036247938340558346,0.016992140465528792,-0.009158971712893819,0.05593959872869141,0.01240754326575172,0.01004650366199838,0.03191318622250364,0.05763565875095934,-0.0013169806790195627,-0.006682931026935807,0.032393830674477805,0.012395775258201758,-0.007547370078476657,0.015708902451783385,0.08261256970023668,-0.0012993128279902776,0.014960083671251566,-0.016244361091321876,0.006295647550511288,0.03094890167251855,0.03036674127913103,0.007394055706514796,0.006568100858359727,0.007716315337341294,-0.018472057171755162,0.008915025844704704,-0.015451160970787976,0.003632010397309324,0.0016666479330713657,-0.001626651453696419,-0.0015897573407496492,0.007561708894097337,0.03745762698760972,0.0005556547915065798,0.025328524690724608,-0.011069026453566467,-0.018027461936516023,0.001940403872985622,0.01974151406644099,0.005563953621124307,0.011861994965668001,0.007966499998955127,0.008389137427136168,0.003193610988333258,0.005375643502618677,-0.007430375933261292,0.030773586816550413,-0.017681072959724802,0.028832600726408673,-0.005603422371626286,-0.013645462275796183,-0.01256122713491005,-0.02442053734443367,-0.018001944223187873,0.015434608985059288,-0.02447415149120942,0.009125208212907437,-0.005373958265030009,-0.022790988388661504,0.02611897080661415,0.01436744745443184,0.006210739723300054,0.004799739769240963,-0.019676315230667416,-0.03815334922049229,0.016495369822304744,0.049232205619996354,0.00816343751700267,0.060070940801659346,0.043745496476959515,0.07287468725803098,0.02014964840328631,0.04106777797073578,0.04467985057862858,0.016138247868005776,0.024437881935095433,0.029362103234824088,0.013279953854761627,0.012311082134773492,-0.029954597408376065,-0.007000876754635222,0.011187036075760362,0.021807661329364982,0.031572045121894855,0.03215428041489182,0.037920447888415004,0.04242058717296461,1.0,0.07374041685015147,0.03487533196046055,0.05295327361072406,0.02961057178886414,0.024817709567835255,-0.0024720096611577274,-0.005576080687050579,-0.003173946673123364,0.00014217928521801995,0.0023680778738879504,0.02202683370590416,0.010126925925732933,-0.045005758923813144,-0.0026613169544731806
Other neurological conditions,-0.020959155006082857,0.10218673837276995,-0.005554025298249588,-0.009880786524721186,0.03910064502814661,-0.014473872487381011,0.027687064360438145,0.0086294915475152,0.020794203426366786,0.006158956312188421,-0.028210924787812886,0.04455715533854382,0.004042038650772705,0.06052960690647841,0.014392018013256716,0.005056228188856095,0.01317662268986278,0.003799038421480092,0.03819619906928277,-0.0011884810192969917,0.052098243315372814,0.005140968644923339,-0.0283554309608165,0.011339015175097158,0.005552851193900161,0.037238815708069306,0.05831700692924619,0.008356547032232228,0.029873115027077058,0.00935209321332541,0.0183297997587722,0.016951734164570118,-0.02180030114707654,0.018737978006468384,0.01285252692145324,0.015888682146395394,-0.004272308309811108,-0.00813337734868145,0.018922854686413904,0.03637935762669706,-0.019382719246896028,0.018050241199015726,-0.005133328814109293,0.0065430960443205325,0.020094097175819645,-0.0031477081256244097,0.02110891258255534,0.0336298352808694,0.01974351167559116,-0.00095580162987814,-0.020398983011596646,-0.00808337501620452,0.020404325867362808,-0.00559462968257883,-0.022725763719034058,0.009529656785342356,0.006279500332504178,-0.006490685272795307,0.0018905403469316661,0.0031798072014382153,-0.008647270827032913,-0.029255458705947805,0.01753645676255473,0.00410862501778519,0.00034590593601314295,0.02211018784318182,-0.004220553210717247,0.016723765572287674,-0.004868258648439147,-0.0030867544725846443,-0.009070860352518013,0.004324709703653337,0.003047768413799334,0.020691762545513633,0.009630812268654696,0.012840417778815272,0.06506160556453905,0.03717701303653973,0.0639367317581442,0.04562922051396561,0.03471236015130463,-0.0005551830971590751,0.04817831327558374,0.035578963948204916,0.012110444614591973,0.02240702366218864,0.0023565372783683185,0.00348869459158718,0.05514404571515141,0.011918180536331938,0.024066868802453026,0.01351172965625214,0.07176350797941256,0.07374041685015147,1.0,0.034149521600662834,0.049104799687523674,0.01956906365498475,0.016405152656332897,0.01868490620116097,0.01765168003050315,0.006428630413449411,0.017277631872925928,-0.013654089902987346,0.007621597963320053,-0.007716804017710827,-0.016375152551861217,-0.01257788920142802
Parkinson's disease,-0.014721162451601046,0.0461342430930278,0.006815717023173678,-0.0074475744569799255,0.008529176391628134,0.021479807590633795,0.04480429753088472,0.0019151177629862712,0.016412054801452646,0.015333873444105429,-0.008624478923369528,0.003904991518386563,-0.0033111223413030263,0.02699689137929835,0.01925899155993721,-0.01624802781137747,0.029581192581846116,0.005784989257840613,0.016966001689471558,-0.019993733142693728,0.06722416938066249,-0.01611740814214689,0.0054332907678496176,-0.02414527721614564,-0.02291870487628479,0.012292811114895488,0.007470373378126761,-0.007454688495679613,0.0027695686694470287,0.019028535245465616,0.025464307672761973,-0.0024277886450130687,0.01876705579835741,0.005622483515136051,0.011290491153591058,0.004291575861265638,-0.022007740555013908,-0.024573277490978946,0.02231637954376257,-0.0039024895236265695,-0.010444858914283412,0.01353640164606223,-0.0026251740861866157,0.004292177762065265,0.013271312877229593,0.01044362596728698,0.016171736705811388,-0.0029025149282627884,0.03681596825056957,0.011705546467783481,0.04119328793271288,0.03185381591659237,0.023756604857925166,0.003911800511208863,0.019965729427979424,0.016275950371360145,-0.031116896730504242,-0.016500880469345117,-0.01320079566249047,0.0043424128612956124,-0.0067716937363456785,-0.017757554320978836,0.001915870797456933,0.0019081595306756668,0.031019882408754657,-0.028693717283259142,0.0144073625301497,0.013664654666656144,-0.013527802686898677,-0.010000719979394775,-0.0017903249072884603,0.0013254706682875824,0.016838051470867175,0.011215845482825195,-0.006340720213146143,-0.0193839400659817,0.04941309057077278,0.026404326296945946,0.038154933604098065,0.028998747665639563,0.03189912036306881,0.025107077536379793,0.001039601857707829,0.022021464348132926,0.01674599064119219,0.00886387179586096,-0.01930955294980375,-0.003977330817845688,0.03643766776729619,0.015707563530861817,0.021525914739235926,0.00999728289811765,0.012901578223471563,0.03487533196046055,0.034149521600662834,1.0,0.0029731958477247906,0.02650200476372348,0.014929093987320214,0.008924011627486824,0.003532358529806929,0.02177773601533837,0.020196111797417142,0.02373395544277264,-0.004306242027065129,-0.0052855120487345884,0.0009990675319300206,-0.020287028862530962
Retinal vascular occlusion,0.02014872146159049,0.052297110864766065,0.01122205375534305,0.01968574914474397,-0.021562309091076412,0.002429267314425016,0.03394168408389213,0.015387315375745211,-0.017251614593385336,0.01662199333389135,-0.0049037185061880356,0.0019828728440289055,0.010437744315657868,0.029241704904770755,0.03951926418458889,-0.003039181871006038,0.009307947284591375,0.010240132179629144,0.0015185519532804083,0.006596982581497084,0.02419179364853401,0.004940524586514996,-0.01202961985598592,-0.0016819669791937044,0.011123608435686603,0.01823817383262881,-0.011218096216553227,-0.007508579020580955,0.01584417235029949,-0.0006743300665212574,0.004559541848689688,-0.002589626995473601,-0.007330645369704902,-0.0368052734448278,0.0374778943502898,0.01116787875982475,0.024601087556522638,-0.024587151795194766,-0.00875678178361585,0.009234621528240413,-0.008493299210193175,0.013968129751849873,-0.006566238227340406,-0.009832912150829065,0.018564687235117328,0.017397134701621374,0.012764897085781761,0.014970546111613693,0.002700962608863151,-0.016985102667103878,0.01306070201027425,-0.025581688810601074,0.011091864544109806,-0.005059559308131983,-0.005242216701194413,0.04528754859104661,-0.0055898734852804135,-0.002942919590419133,-0.01991152213387857,-0.02169366157958823,0.014361796538602586,-0.04087100853246747,-0.0015155866971600144,-0.03512513737927235,-0.005693971454978329,-0.0063525672672220005,-0.010006976880858501,0.026840468839516365,0.022793861450605347,-0.007064163479478838,-0.008173243218984005,-0.009260250953786724,0.0017311264014142594,0.0019205955378564566,0.03750709355001312,0.009893717133633172,0.022645001706880056,-0.013608801193055934,0.03701577828698254,0.015853852836769218,0.0539381890116104,0.007948387083950386,0.04391123326827178,0.05039774533138177,0.04718457649305343,-0.00243922856636579,-0.046831180088086254,0.003900332869415371,-0.0004331394550404586,-0.010661468390469095,-0.015370185928528849,0.019730748162513762,0.04241860296193245,0.05295327361072406,0.049104799687523674,0.0029731958477247906,1.0,0.022055560513142967,0.007446842132617747,0.005838749295565188,0.011919220385997506,0.0392276475812005,0.03480563032911095,0.018167542046227357,-0.013722386322103618,0.022379901165911396,-0.003139742723801234,0.02812604491378614
Stroke,-0.012801983168887986,0.022487676893937044,0.005720232590350725,-0.02329698910285908,0.016363802371912164,0.012110156485279399,0.02788312759938265,0.030027488401532805,-0.03398682222890254,0.012317710048720962,0.017117498407147155,0.021293495014050912,0.012261906109901589,0.03781412038115345,-0.006923033561215305,0.008545668356580967,0.022703992288094253,0.04513556668298847,0.03029869242051892,0.009720878520128397,0.010183885009493202,0.0031460739669444716,-0.004528546644753262,-0.028645648824665658,0.02019802775541211,0.033710945201186435,-0.006676254013918264,-0.023920164070968288,0.01247741205268426,0.0031786715345210976,-0.0018403897100345097,-0.006777567951794914,-0.011793934114141025,0.0128686041196577,-0.016833617560972527,0.014289879701867412,0.024525677360484888,0.0075398437998878765,0.02533889624319057,0.0010506727434304952,0.011799775450558783,-0.01999311715171964,0.018201348107504657,0.007750281627423142,0.023455452042543293,0.01434052444239986,0.008039223648882994,0.023228376505393653,-0.00038590327248770655,0.025296858065446997,0.01950136559664581,0.024271558429776557,-0.001706551782103974,0.025399074332449895,0.016776488760826217,0.007062750424430314,-0.0226402251843459,-0.05174333671953794,-0.0340062040076944,-0.013084649580060073,-0.010303048102239188,-0.0357830834962394,0.005453248753608205,-0.03785526562608206,-0.019381812711529972,0.0003942467340117495,0.0013197786682304377,0.024447313834145227,-0.008165790914826745,-0.03384175496924183,-0.01199016113284597,0.024501672643854958,0.008692246942308286,-0.029565742451860215,0.023193451610300387,-0.013018288964107252,0.03294847287137044,0.03791349578808656,0.028989788874594895,0.019397732380854682,0.03224664341535459,0.020555970984461287,0.03632501744412392,0.03676947504456838,0.032476089720301964,-0.005797873470775571,-0.010496914065600048,0.008568584005687897,0.0012844632567485471,0.012235299258927312,0.01338373754747582,0.00978124636827634,0.010055908051565796,0.02961057178886414,0.01956906365498475,0.02650200476372348,0.022055560513142967,1.0,0.018162291790178257,0.01879092691931181,0.021628683817738237,0.03610513703002935,0.02043746497878169,0.015414008904258213,-0.013935850110041604,-0.00326473712274819,-0.026361871236314272,-0.02589137122210048
Type 2 Diabetes,0.042082700832514294,-0.002900502315547046,-0.01658905303129459,-0.02222495517317625,0.008326877484991587,-0.004158784785146147,-0.0021594921407415394,0.02891223460314191,-0.00711850024792614,-0.0034973752207378022,0.010082168984359681,-0.011615929412327258,-0.028998621892747503,0.007314520484013366,0.01682977010802841,0.005928118406268895,0.02701110054568436,-0.02446423779936822,-0.0033537786854542432,0.0034154056053907556,0.014129637833079644,0.020225118391714807,-0.0013307182783082053,-0.024275425696114336,-0.018920727829878036,0.013659364773195015,0.025171724839145072,0.0003400343852005698,0.018166756421991732,-0.01660301913021399,-0.02028103295703209,-0.0007367505713845896,-0.0027034535812738396,-0.0026589435107786745,-0.003541457994988871,-0.013730394042072545,0.0030274433257683484,0.004244442595452477,-0.015123365487570015,0.025001153966028044,-0.006392854401145878,-0.005472629203539396,-0.024314963401105158,0.018867978666329277,-0.012284140506721731,0.02685808241914917,-0.008733272137671914,-0.0032971518193068527,-0.0006809204959289935,-0.007579673332664903,-0.017228256165407307,-0.023674849624280223,0.04482230128859343,0.019418681644385965,0.009923402625645247,0.019203642655459416,-0.0021184344934719,-0.03654140925645308,-0.020034955585392256,-0.007140947275177549,-0.00035379553824915744,0.00305013248114924,-0.006511064808303438,0.017490168181923182,-0.025884365911967685,-0.015110958790703326,-0.010391938626810246,-0.006731143362930612,-0.02326765782369798,0.007785298844853196,0.0007633072343796061,-0.0015648597507812428,0.016602343460862496,-0.010926555474196001,0.01150094310921984,0.0038105579377737593,0.004355023546874538,-0.00015224432694495914,-0.006636108647819022,0.005108483347771584,-0.0040852179694166706,-0.011923516462942941,0.007441269552410293,-0.02424891013479973,-0.007615472397901339,-0.015812700636436534,0.03369771149504075,-0.004925179897393701,-0.006678717520122754,0.004486589435278871,-0.01990071752939384,-0.007511076129263719,-0.02291253013494789,0.024817709567835255,0.016405152656332897,0.014929093987320214,0.007446842132617747,0.018162291790178257,1.0,-0.030579608858178967,0.0012220201543681952,0.0001151537450932842,0.024311326311803057,-0.01987638447617479,0.001029379110768604,0.03300604583818241,-0.02390716109987018,-0.010813688959628026
Urinary problems,0.015522283012780759,-0.011997298485924186,-0.004025203183092863,-0.006412569880824985,-0.028497608234751975,-0.007578555893937092,0.042497373061303675,0.0006767605999977727,0.012486012035231298,0.03367031941307,-0.02239116215630667,-0.02102314836975879,-0.010116652047894643,0.0029826727182306924,0.010410415339417122,0.009268562374191765,-0.0034988171161133338,0.0060959729818322725,0.04198150428046909,-0.016355042270527875,-0.010025558958160749,0.002079784284070261,0.0038946492670263178,-0.01635116528943775,0.0013544337010773242,0.03351545581298655,0.020697622543204387,-0.007160061658861924,0.003494311225907656,0.01763824729145984,-0.02048081471488638,0.014080840441991127,-0.024436692978869717,-0.004195747024641869,-0.023956018066555666,-0.01658173542298539,0.018207878513328214,0.0057289053021130935,-0.0006306817688941478,-0.003449676703335091,-0.011440893657278137,0.00243719151194741,0.012100295438381462,0.004909904012840983,0.025931602842969727,-0.009561710883585739,-0.01151830952440329,0.0021189276971567777,-0.007676959260423136,0.0045158741399201705,0.026215943828276474,-0.0029774887802033953,0.019901181386072227,0.017863917049112117,-0.0051907300604983435,0.008487999259016799,-0.006394444189551275,-0.003054068330181559,-0.024381216929460662,0.015984390750432214,-0.009136763489855442,0.0031977430673403723,-0.015714150629152886,-0.010278670485483305,-0.03141633423433063,-0.0038372319692735225,-0.0027963714232860756,-0.008768691885038654,-0.020302455684361478,0.0008194432095600903,0.004499508231103335,-0.016751291382253213,-0.02962710371648134,-0.009943188356552562,-0.00011364244104101982,0.015799195772703785,0.013492584437044559,-0.004199087235800416,0.008745500989399945,-0.004096416177926766,0.05689101324666474,0.018435465459355132,0.049121616787244936,0.030946640484375947,0.02442948483496474,0.0036522196153069403,-0.02168079296989158,0.038088822163788005,0.014635084236556881,-0.010357592838876972,0.026380254703242245,-0.014142994481988806,0.019880507830540444,-0.0024720096611577274,0.01868490620116097,0.008924011627486824,0.005838749295565188,0.01879092691931181,-0.030579608858178967,1.0,0.01330135081908499,0.008387462832360509,0.012999525460943065,0.01575735949173721,-0.0029681630740657013,0.003154853575598928,-0.014018071560482551,-0.0036543182833569704
ABNORMAL,-0.007280405042199266,0.03860118505091583,-0.029582318226016917,0.001006673771531151,0.008434856047997328,-0.016801415987553886,0.014963433873379428,-0.03415955594472853,0.008860756172958164,0.017212045432022007,0.03872393442480825,0.00639990292358629,0.013719290250926795,0.02790326017070073,0.020555772307615197,-0.059263701476355304,0.021443079633581184,0.039245370943991144,0.01968097298848674,0.030997785761861588,0.008622363222171334,-0.027362544930145102,0.016146658242198474,-0.012500496400091241,-0.0030459521509470728,0.027007094490247727,0.004340279978583873,-0.013051513937441634,-0.0022846550160667937,0.030435105215279812,0.002348119659559661,-0.005773924319673103,0.0246660403578221,0.010536779690637727,-0.004975416711405507,0.004611741269361052,-0.008612665538375905,0.017882808813555286,0.008100330773964931,0.032672758569697355,0.030460922419223206,0.009405787311166166,0.012593500995459786,0.01966346551093,0.003136395493540196,-0.005054561674243667,-0.0017468726576933989,0.023257699876480305,0.04091679048890289,0.019364428508824073,0.002026938884186359,0.025690291772663874,0.00530824298474688,-0.01676892832803835,-0.025404545855232046,-0.032682145933940206,-0.030205272455442918,0.023965601303354987,0.0021523640803651663,0.00016463373169072073,0.015400919651495855,0.006888403123113439,-5.579636413186581e-06,-0.020295429734963503,-0.010718398275488495,-0.007662577891624853,0.03057416063615861,-0.0029866414880463945,0.003018623428812268,-0.0375646459971696,0.018807203021824415,0.03741385302199164,0.0010705038890887963,-0.002287810418286656,0.012578535777863227,-9.371410149884042e-05,-0.0038048335767561165,0.0006045296383380089,-0.004927804403704121,0.014765528178751737,0.02513325974936461,0.004310162890528129,0.01080386699606995,0.006368599609428614,0.010706747825389613,-0.007985418105713548,-0.0019208935542244974,0.03511814891881296,0.031518565271458854,-0.004947082392874086,0.01216772641266749,-0.02087570713065381,0.01687233017968855,-0.005576080687050579,0.01765168003050315,0.003532358529806929,0.011919220385997506,0.021628683817738237,0.0012220201543681952,0.01330135081908499,1.0,0.0034123646899969985,0.04669304482235301,0.019985603291704502,0.01156098947616687,0.0010480405976634514,0.019268460078957935,-0.003202377893754195
BORDERLINE,-0.014535279421062192,0.013949448419124495,-0.014430712594667024,0.009910400972396231,0.03363696166963491,0.004732888504560263,0.03185549621942512,-0.012733484762496524,0.01644207147625083,-0.016207994432358125,0.015145355148157897,-0.017954604928784156,0.02153094450273372,0.014466786969966717,0.01701114706866925,-0.019674566428074018,0.015025081903133869,0.022171452245993182,0.04280331458619195,-0.0032918486884206126,-0.007472447356970741,0.03243099648103788,0.02453968770697977,-0.008529716396261308,0.015917417660066834,0.009659720684148207,0.011328984506359017,0.0002811814488077665,0.029804557698400333,0.015490658945522155,0.0012593276257688213,0.02138977676701836,0.022088638869507734,-0.0029657981491368304,0.028856562135627442,0.022281597146053923,0.024324853615426592,0.00583017309008001,-0.009885765294290222,-0.014364771769967583,0.04031395571147522,0.01727548202380605,0.009382467980263069,0.01206711467343727,0.027042137690972544,-0.01283262344473562,0.004198000993338022,0.001819591153213516,-0.016663983589629297,-0.002041644591868612,0.007356658934970132,-0.012146121536030502,-0.01964474719443771,0.010326614896274096,0.024724035488490333,-0.02882634093689675,-0.006043762499430669,-0.019008640284113743,-0.03682780228333938,-0.0009860030472243937,-0.03747850034642862,-0.015386359050754595,0.0043103248105310025,-0.004129022555364587,0.02147872496735996,-0.004438998556512661,0.013307025691592277,0.02636255527321654,0.009640047033758833,-0.01670925428692475,0.018561952725176765,0.024514355543470652,0.015947515455188122,-0.014433503972098001,0.04105291234022495,0.006845256204924634,0.02818660055834022,0.027362481878325996,-0.003250823989314315,0.013744825003374764,0.021668313123839978,0.018601061806174553,0.056768103690143075,0.058805457579497955,0.07870599058234208,0.022589380602266045,-0.0189341024324204,0.07201493910605118,0.0008579143456938647,0.01711671082923322,0.015822983473984188,0.001378530179374426,0.008896058256976664,-0.003173946673123364,0.006428630413449411,0.02177773601533837,0.0392276475812005,0.03610513703002935,0.0001151537450932842,0.008387462832360509,0.0034123646899969985,1.0,0.07680514180358461,0.013361967617806935,0.006304599787506346,0.020481031198518983,-0.02546860901338862,-0.014592494861237091
NORMAL,-0.026442611419753497,-0.004120834349530651,-0.0016830122355386144,-0.01962416580474585,0.007516312796816762,-0.012015469568431365,0.015124393644107125,-0.0188025399612937,0.004949052304849352,0.01596990963496524,0.01822410872471339,-0.04079920333535851,0.01730925123118257,0.0327712680625021,-0.013710807620677445,-0.01328841120586372,0.03137841415283924,0.026834625191140504,0.032704286998063284,0.001290847080551707,0.033575183791317235,0.026819925345731722,0.008353638522787017,-0.0064621147972356305,-0.0010425448443365693,-0.005019353072285271,-0.0018625325022093133,0.014446416367966416,0.002930254020487433,0.009201381499719361,0.0038876152635652344,-0.02138450989715145,0.0629271798674035,0.005419201370860143,0.008138955102541218,-0.007632282646769507,-0.0003237683429201139,0.002119997463015124,-0.006309853571025292,0.012864067933100914,0.04842590149440671,-0.01634439168407273,0.007950158737116955,0.012633120699820246,-0.017344835711349198,0.009322745093392145,0.009284080958237068,0.006955523971520029,0.007411239730464982,-0.011783620200204186,0.002945311125166751,0.0022236680665178566,0.01474768584463728,0.02055567110692467,0.03353936130504331,0.00354986982078225,0.0012708994445560899,-0.030197045479758263,-0.014347088032530255,0.006396100295945311,-0.0071638983637114274,0.012361846661966686,-0.038284235860617466,-0.002130032360536173,0.01190064212122786,0.018796707675637035,0.03736750078765353,-0.002030261686291942,-0.00032296944543219177,0.008800150960771183,0.008943892980514014,-0.0035560854490557263,0.014821991327002189,0.01610520907872863,0.002668050996425885,0.027103539143860166,-0.015139147765418718,0.009888689833985382,0.002456647319444375,0.02280590206606781,0.03339292934197301,0.01533351196776132,0.028193003316587265,0.019943575863705196,0.04818554457178343,-0.010346154237631335,-0.023039629082840116,0.05134142137001394,0.026696346668322882,0.016288114809672086,0.01992519096223243,0.010389633324006428,0.0031256231246911924,0.00014217928521801995,0.017277631872925928,0.020196111797417142,0.03480563032911095,0.02043746497878169,0.024311326311803057,0.012999525460943065,0.04669304482235301,0.07680514180358461,1.0,0.02499666274174707,-0.023344126340999465,0.00028079715231812426,-0.010653344624543667,0.025595687915339095
OTHERWISE NORMAL,-0.022340962538287677,0.012723320839288253,0.009431700798810883,0.014626246589112546,0.03873748526506939,-0.025674210076330944,0.012792665911203083,-0.013310209420219718,-0.006709725636566132,0.00981462486697151,0.008395669501427196,-0.026846772991608446,-0.01934857808705683,0.022056704906936533,0.01815055436528568,0.003663220772397898,0.0028868828304038294,0.015361564036880488,0.010747481189591379,-0.003422657968633285,0.000571504685872938,0.019313597751263567,-0.006924882147193944,-0.01738039932149278,0.023573691867610515,0.03601973993353094,-0.0037604325016840656,-0.019028945381276488,0.011446793548296301,0.03312751168265333,-0.005546160457737221,-0.03139445832199744,0.04341318883294611,0.017294230740719077,0.006631781235874115,0.020480385274964513,0.004690090841816208,0.02190590798840354,-0.00028477811409158965,0.023196626896761805,0.039864263739394924,0.0057214639866957654,0.01490645901732073,0.010404311361557497,0.003149165559692496,-0.00886521917595668,0.02575895682041064,-0.017198003680312594,0.03920916496782791,-0.023716961411269492,-0.002330594361980219,-0.025241843303308375,-0.0022990656950357155,0.006101031263737904,-0.01548187234079101,-0.004668494982329515,0.005977742291519684,-0.020671385901830253,-0.02516119327176792,0.016342715944252295,0.011806282305000835,-0.03514792058903442,-0.00015743014728930663,0.04348341472362778,0.016805211384737725,0.013494874040781014,0.005385494663464688,0.0030546991358370934,0.014071281498153376,0.013110573088188814,-0.007672616599178121,-0.0005984669700583556,0.02595654638337183,0.005603865565739169,-0.0057913090814624745,0.03249448019318872,-0.006952915805699599,0.05062294498668907,0.019142827064676824,0.034232818558709584,0.02586420353585566,0.016708576112936264,0.051063342185880004,0.03929616082353193,0.0498706746772998,-0.0037665283446541645,-0.02232817218983511,0.035476491720027134,-0.006541016144759152,-0.02157251483493327,0.01760230828159904,-0.009463118245065131,-0.01187752274811857,0.0023680778738879504,-0.013654089902987346,0.02373395544277264,0.018167542046227357,0.015414008904258213,-0.01987638447617479,0.01575735949173721,0.019985603291704502,0.013361967617806935,0.02499666274174707,1.0,-0.014521203268621049,-0.014758967890103149,-0.007660747164026686,-0.006986683707727847
cube_visuospatial_executive_value,-0.004001896996423151,-0.018640656257957224,-0.008561990154643555,0.017440208839655535,0.018525780068943745,-0.014597865696697415,0.03406777212209394,-0.0074513446081116525,-0.0014755127162912557,0.0030564570408212768,-0.015053446926069311,-0.013941039781070983,0.025884888450135035,0.0033267653977024406,0.006782954775352581,-0.037646394679372835,-0.02398990765402299,-0.0018141779241601765,-0.00652484835024314,-0.012346076637004684,0.011125060971327006,-0.013920012043378751,-0.005310028549152683,0.026937835391298154,0.0035178117524635806,-0.01793352702063844,-0.0029736293199522164,0.022422535016152653,-0.009577626141791029,0.02210915321805974,-0.019194505136458363,-0.010608799412991749,-0.011635445002333997,-0.037496590357216066,-0.04028047885057058,0.027830329405134205,0.004575152857427817,0.044594889428053765,0.027601128898090972,0.030870147227479227,0.003646325041909725,-9.379883877569477e-05,0.011940762119636558,-0.002665703349806339,-0.0012530033856414913,-0.025528070223595878,0.004893805264960869,0.024944432154571625,-0.021644367001330166,0.008920391312118922,-0.008137671103075726,-0.02460940046240334,0.03197139151538889,0.009532340498626512,0.018261859227021643,-0.008118657553916867,-0.043402049442076034,0.008848178792654903,-0.007077394522470986,0.007103106439717995,-0.006989515579129184,0.007458922413134334,0.047950970098330846,0.0011975864777514131,-0.010222268019876071,0.03047865761282343,-0.01466423282902456,0.00519966646256813,-0.03436510032784926,0.012158014118607178,-0.004318923584166676,-0.004045276971849855,-0.00387310529717444,0.014109791475213143,-0.008025513130978082,0.03233619758755095,0.0077154628166134385,-0.019496844974120117,0.02445113348712524,0.007916780629832814,-0.010192086670201352,-0.0023246467049473063,0.010839867742192755,0.023026642136636875,-0.009210995236305567,-0.0016924210323163206,0.009519593797509475,-0.005729593298880731,0.015827997556479415,-0.021339848970259548,0.00788469358300106,0.0019443358334295508,0.0006462882897871654,0.02202683370590416,0.007621597963320053,-0.004306242027065129,-0.013722386322103618,-0.013935850110041604,0.001029379110768604,-0.0029681630740657013,0.01156098947616687,0.006304599787506346,-0.023344126340999465,-0.014521203268621049,1.0,0.02463742893955735,-0.02019189571363988,0.0001101942118931051
fluency_language_value,0.008756668091290352,0.005707421390648956,0.015152665499616642,0.0035441729694643603,0.004509658837168289,-0.005699188564507138,0.0019125020941522968,-0.014838601352490138,0.0011794478612964698,0.02036634767179533,0.014781112149853093,0.008067687451210807,0.003050953636526101,0.019844546157551355,0.04200812563452953,0.012813155184245185,-0.046127988477874866,0.016141106599403755,0.018168225918925782,-0.015504909231675022,-0.0032279535735780574,0.010073205579827924,0.021204145806180148,-0.009822543293550931,-0.027861905052414503,0.004508622300888597,0.007538751406409941,-0.0224162771631822,-0.0013786901384615115,0.0025580484974920235,0.010266681633682799,-0.007626205047573573,0.014191093211346562,0.0015401455452856408,0.03045214732284533,0.007012846754172084,-0.011992193992726543,0.01713820087106712,-0.0004392380605483579,-0.0014013792911300059,0.01401918641026372,0.005757017814045519,-0.027187336930204704,-0.005403435684766394,-0.001116934451597693,-0.002637949282486511,0.018061879686263292,-0.00024139495768484131,-0.027646261472123738,0.010784497300006152,0.0138856008010529,-0.00847189787979584,0.019705823649666367,0.017716646666113903,-0.005430597057131129,-0.00954129075044804,-0.012938755502049877,-0.012904349049336235,0.002695774753607458,-0.020472524137118524,-0.0020579689529034266,-0.009357739055851619,-0.010194628904930588,-0.028621457722850154,0.001456377912145308,-0.004537399182552963,0.003115529087045512,0.00819681739215644,-0.017941878473560605,0.01837778823213851,-0.007024562898051207,-0.029471510004639347,-0.005583549549028992,0.028337649319264774,0.0008488717913227587,-0.012748958668166168,-0.02238841227707847,-0.0649189979011261,-0.004086062247971796,0.001765919990010874,-0.010686907561943012,-0.008868288724583194,-0.009031846321239233,-0.01051253369119159,-0.021892690691157412,-0.031699929520798815,0.016759199121231284,0.0029165600869783463,-0.029418835589842908,-0.014913905830424373,0.000592939913134838,-0.016911730227219934,0.009097422523801168,0.010126925925732933,-0.007716804017710827,-0.0052855120487345884,0.022379901165911396,-0.00326473712274819,0.03300604583818241,0.003154853575598928,0.0010480405976634514,0.020481031198518983,0.00028079715231812426,-0.014758967890103149,0.02463742893955735,1.0,0.012338998851188606,-0.005084782200517286
lettera_value,0.028905028442159305,-0.032836741669572476,0.02181067244322913,0.009342281815962234,-0.0752862135570804,-0.03941978733620837,-0.02281263099907591,-0.030863938950851755,0.022048976412068964,0.02209824187341532,-0.00849291930147812,-0.03692242416587585,-0.005391415068811982,-0.04140661759863325,0.0041785183442145084,0.008040527259561182,-0.036082383193608215,0.00038785200176470616,-0.029523191327793217,-0.024647936268042524,-0.025750252839818112,-0.007502847576766777,0.006396899868525537,-0.03758315244429294,-0.003486684234252064,-0.030149385801110276,-0.026597085108368054,0.01735326088411589,-0.012677623773400358,-0.029988008068109976,0.01982687779250755,-0.022273851719454122,0.02242376502941491,-0.012708719760212006,0.012566222659872117,-0.024406981621133365,-0.005911194492602798,-0.020227654754070432,-0.024933378273498716,0.024746612710489318,0.001427578759148006,0.013179983780058102,0.022342554066784783,0.017854041509468264,-0.034721522220525644,-0.05205558721778269,-0.008993464849738925,0.002044247796864769,-0.010347739358434768,0.0011957318187679783,-0.01129350266917192,0.008959800656654502,-0.0018161008012257825,0.016179090746489017,0.0005245100901000381,0.009842380687177223,0.008020264301437244,0.04334255348753236,0.011086415770736798,-0.028636067049369766,-0.02034489070006285,0.0032204368194099745,-0.002622632673203813,-0.005850735447539198,0.003911588988663992,-0.03824729218957573,-0.016843477265601304,-0.018435497136081898,0.0019179849479260833,0.031458722099106454,0.005833481597616805,0.023818649794840396,-0.008437663372119118,-0.013661530994600756,-0.026916055001088665,-0.06758868340104238,-0.03878477354448953,-0.023027974213209228,-0.028916630330484406,-0.019074790487769683,-0.014917902125561138,-0.004894915775122838,-0.020616527388678738,-0.016409744378288144,0.007183170273295486,-0.0027042199582722488,-0.0014043300248007585,-0.005758333312343355,-0.08151671009442042,-0.012644973734157964,-0.050453266840991336,-0.026398238055791726,-0.006573296186818572,-0.045005758923813144,-0.016375152551861217,0.0009990675319300206,-0.003139742723801234,-0.026361871236314272,-0.02390716109987018,-0.014018071560482551,0.019268460078957935,-0.02546860901338862,-0.010653344624543667,-0.007660747164026686,-0.02019189571363988,0.012338998851188606,1.0,0.0381441938274611
trails_visuospatial_executive_value,0.011018359865155234,0.006338746871672272,-0.027670249670177345,0.013129161343460703,-0.025617352337504885,-0.024217797132538674,-0.003701099362889882,-0.010539057517252582,-0.0016222546634490549,0.02764507191849576,-0.020827984770934106,-0.01938141185773213,-0.019013028850455763,0.012637881270855118,-0.020601835526944324,0.01689898093068908,-0.009926316056203113,-0.007118568236798177,-0.024202686022293602,0.0032768329291801546,-0.009567222978454052,-0.02126718154738355,-0.0053102665801986835,0.009962301049925744,0.019035361645802377,-0.01737545700331154,-0.003272297668718238,0.03688201335478086,-0.016107849623044377,0.016993973998486667,0.03403908266712873,-0.006015085968748674,-0.000870854994290476,-0.02607736090508776,0.03265814089172541,-0.0018388762201097793,-0.011203279959470557,-0.017146655725065837,-0.011765875569685988,-0.013471531847398164,-0.0038515068294568927,-0.00014431061894797895,-0.005325502515631888,-0.036265236798847876,0.012937611495883936,-0.022516598248145638,-0.022637116051760005,-0.00475647523515174,-0.02531969707364825,0.02049548829804533,0.004987154559378384,-0.008596145444869382,0.010159776007682598,0.00897478233382082,-0.010405251367900237,-0.005577168707926366,0.014503525057186701,-0.0069072254523614455,0.00389979820890021,-0.0006969243057416326,0.018939020368167057,-0.00025256637357713214,-0.022249079708487187,0.00773898526499061,-0.015241499819247675,-0.0077056675120248394,-0.018831572255744167,0.002988616309228465,-0.014039180203986604,0.021989017198335195,0.014939333889518338,-0.013731114441927192,-0.031628352727558914,-0.01049133080848244,-0.0183864020399321,-0.008993118803529133,-0.02432316959718064,-0.0027252839910758575,-0.04353133600414177,-0.012640206398216659,-0.003637728515438627,0.006745277706199347,-0.017781642604462473,-0.003086778043137303,0.006254881060693483,-0.00530709662458602,-0.0016303283711869066,0.020964927008448243,-0.01555330392855387,-0.0358626741853352,-0.02723201128872137,-0.0036626189634285976,-0.015152315314373024,-0.0026613169544731806,-0.01257788920142802,-0.020287028862530962,0.02812604491378614,-0.02589137122210048,-0.010813688959628026,-0.0036543182833569704,-0.003202377893754195,-0.014592494861237091,0.025595687915339095,-0.006986683707727847,0.0001101942118931051,-0.005084782200517286,0.0381441938274611,1.0
