,heart_rate_mean,blood_glucose_mean,resp_rate_mean,stress_mean,blood_glucose_std,total_steps,resting_heart_rate,total_kcal,sleep_light_hrs,sleep_deep_hrs,sleep_rem_hrs,sleep_awake_hrs,act_generic_hrs,act_running_hrs,act_walking_hrs,act_sedentary_hrs,A/G Ratio_value,ALT (IU/L)_value (IU/L),AST (IU/L)_value (IU/L),Albumin (g/dL)_value (g/dL),Alkaline Phosphatase (IU/L)_value (IU/L),BUN (mg/dL)_value (mg/dL),BUN/Creatinine ratio_value,Bilirubin Total (mg/dL)_value (mg/dL),C-Peptide (ng/mL)_value (ng/mL),CRP - HS (mg/L)_value (mg/L),Calcium (mg/dL)_value (mg/dL),"Carbon Dioxide, Total (mEq/L)_value (mEq/L)",Chloride (mEq/L)_value (mEq/L),Creatinine (mg/dL)_value (md/dL),"Globulin, Total (g/dL)_value (g/dL)",Glucose (mg/dL)_value (mg/dL),HDL Cholesterol (mg/dL)_value (mg/dL),INSULIN (ng/mL)_value (ng/mL),LDL Cholesterol Calculation (mg/dL)_value (mg/dL),Potassium (mEq/L)_value (mEq/L),"Protein, Total (g/dL)_value (g/dL)",Sodium (mEq/L)_value (mEq/L),Total Cholesterol (mg/dL)_value (mg/dL),Triglycerides (mg/dL)_value (mg/dL),Urine Albumin (mg/dL)_value (mg/DL),Urine Creatinine (mg/dL)_value (mg/DL),clock_visuospatial_executive_time_value,delayed_recall_with_no_clue_time_value,digitspan_time_value,memory_trial1_time_value,memory_trial2_time_value,moca_abstraction_time_value,moca_orientation_time_value,moca_total_score_value,naming_time_value,repetition_time_value,subtraction_time_value,cube_visuospatial_executive_time_value,lettera_time_value,trails_visuospatial_executive_time_value,moca_combined_mis_score_value,memory_trial1_value,memory_trial2_value,moca_abstraction_value,moca_orientation_value,naming_value,repetition_value,subtraction_value,Rate,PR,QRSD,QT,QTc,P,QRS,T,Age-related macular degeneration,Arthritis,Cancer,Cataracts (1+ eyes),Chronic pullmonary problems,Circulation problems,Diabetic retinopathy (1+),Digestive problems,Marijuana user,Dry eye (1+),Glaucoma (1+),Hearing impairment,Heart attack,High blood cholesterol,High blood pressure,Kidney problems,Low blood pressure,Mild cognitive impairmen,Multiple sclerosis,Obesity,Osteoporosis,Other heart issues (pacemaker),Other neurological conditions,Parkinson's disease,Retinal vascular occlusion,Stroke,Type 2 Diabetes,Urinary problems,ABNORMAL,BORDERLINE,NORMAL,OTHERWISE NORMAL,cube_visuospatial_executive_value,fluency_language_value,lettera_value,trails_visuospatial_executive_value
heart_rate_mean,1.0,0.17245577200880285,0.1682611750842799,0.879031538401477,0.13970361506388643,0.5094813217933623,0.97009802666909,0.5532205949075727,-0.3148753443327387,0.11806123421629494,-0.168646732344633,0.05277218016776899,0.6238551914675489,-0.02134304905197422,0.025957934977682704,-0.3741377385588803,-0.21159377529901585,0.02931145459625068,-0.07259881220227546,-0.09494502073919239,0.11194167353792153,-0.08450575357536681,-0.11635011283070262,-0.2003767521767441,0.09327758926575214,0.1436667596268162,0.007305759099043381,-0.06772746739754844,-0.0998538296541727,-0.002628118164126177,0.2063221699608583,0.17538019273733135,-0.08809770450841657,0.14445841231951165,-0.04367667627993639,-0.054121575541881996,0.12882121130011964,-0.09140986521289052,-0.04202801475363895,0.08739858591708542,0.06024751407865541,0.09186021046656384,0.021377117064351588,-0.06620327627423062,-0.015309382535991315,-0.03886665691146604,-0.07495787017501511,-0.003710253842505011,0.006207096685888589,-0.018752199960226392,-0.005240212547855883,-0.02188903617196761,0.15109582938893357,0.08959541905485098,-0.07955141583761528,-0.03063161198489305,0.020141632674551737,0.04361847166241045,0.031863954407776326,-0.11152552692734057,0.006061091002667529,0.025856261838547306,2.185585565325662e-05,-0.06794703492661462,0.7134583072775874,-0.13858603227255079,-0.12817953365418647,-0.573214502412138,0.2365336608231733,0.06359345767342021,0.04138054007932616,-0.07785871664076134,-0.01206101926408219,-0.012828204063753821,-0.022917052458567955,-0.07843188727800145,0.0543788018331517,0.04474507637180031,0.11093645374770987,-0.028513588269113394,0.008764388353434266,0.012448942749036278,0.03145282089969095,-0.0970962697276175,-0.04958143863184085,0.06234341011456294,0.058215788101241506,0.0057818978896671085,-0.0302938007089566,-0.037146337976847854,-0.029545416483144283,0.17524988605424852,0.009631254117449617,-0.048947554776809954,-0.026867727329888128,-0.043388341761159785,-0.017132298244682865,-0.036934812449814516,0.23327810258493123,-0.06559358075394724,-0.09070167751511983,0.01956462931767671,0.04065374833387552,0.0458464329842617,-0.15578622758793248,0.0016204519727265594,0.03733447378952333,-0.008994924356451238
blood_glucose_mean,0.17245577200880285,1.0,0.11625400606981673,0.18415556820073636,0.6774308835190771,-0.029784832996460845,0.20188609477191546,0.002607561653736242,-0.06642590459401762,0.06629427820627584,-0.11435128143549463,0.04851747090435509,0.09435622180344751,-0.06814660316492847,-0.12039225892605473,0.04648036481149777,-0.1462276786188792,0.13657561670136933,0.08914085205466293,-0.06791185914893678,0.1139937025578982,0.1504271645515198,-0.010670278157754856,-0.03446283895998694,0.08177417434840073,0.1508234054918046,0.010905884407351135,-0.06506339616048669,-0.16443757499041245,0.17860629931211505,0.14292766484714994,0.6351771717981115,-0.22863085649324408,0.1418614850812344,-0.18038779092206303,0.03540835261891901,0.0880070683514331,-0.15939204722318837,-0.1673921382427385,0.20142385647840233,0.10320749221276881,-0.006937957765192703,0.0177630848990555,0.1098138645120983,0.03059127349873356,0.019983079565261817,0.020762110158397948,0.04495293795644475,0.0608727419449562,-0.14411270702864704,-0.00893404949413283,0.05400159780003968,0.005830141183705384,-0.017408554614309683,-0.0010350853605024374,0.013483549097119126,-0.09726390662377847,-0.03525301793829364,-0.09918734446667722,-0.06138833986920386,-0.0353083160289079,-0.05276761221549226,-0.06903838458668139,-0.014163395522634101,0.2213346713458166,0.0692554367907169,0.09424124618769819,-0.11807727352131646,0.14578507589325967,-0.06441204488874684,-0.12108366074704814,-0.08646076206446394,0.015469645269334427,0.04507440727174425,0.06189302764855834,0.133382687626089,-0.03150423631120802,0.005925373976621462,0.1844036968744863,-0.018815944991248935,-0.1101235183206441,0.041903891599734774,0.07977125562315762,0.05205722876623111,0.057214502728486584,0.12847483828258646,0.2101277741353191,0.14078549026561643,0.018028090647063927,0.005646234383562257,0.11463778858719492,0.1251221923401634,-0.05696908787788943,0.06862671017717209,-0.02254682467896525,-0.0031249911740805743,0.027197701232462693,0.064175472605226,0.5026259759630264,-0.013955256921088054,0.044963494515801644,0.056955579106806944,-0.08008223117860519,-0.01096431811688517,-0.06387143177531444,-0.03126392285928069,-0.07622972912274455,-0.05388557749146049
resp_rate_mean,0.1682611750842799,0.11625400606981673,1.0,0.1477192776157297,0.12311020169197956,0.038695601705608755,0.1783971190644982,0.062474696072996015,-0.05234562363630538,0.12107594153594162,-0.12508785726720054,0.03751730902938171,0.12612330539107489,0.005631104114742642,-0.061613340164828966,-0.02237034611237273,-0.05507665302032307,0.0035042224480053884,-0.027334846718502132,-0.11532402175758545,0.025070298714055136,0.07071227723297506,-0.03976290228594375,-0.0030934251625886733,0.16957356939542728,0.1315490310339288,-0.030963474718224967,-0.06330884026961078,-0.02047955594336673,0.09961210572170942,0.02079580888869527,0.0543103064996802,-0.16520699165425315,0.11078276982015149,-0.1560517753044206,0.013607610720429405,-0.04793717905662348,-0.030184432410988893,-0.1869677496666002,0.007309063239357423,0.007276349698896301,0.045780641715312625,0.059786582220240185,0.07816792503215186,0.004927700065782121,0.014914229920865742,-0.06012008166833223,0.0393776337707208,0.029815618265896827,-0.08807451644161764,-0.013351171526125223,-0.009572728612558836,0.06373454332716948,0.09540287864102429,-0.08022685781261162,0.010674424341896048,-0.06383227017574618,-0.004864642625297976,0.009550743642564618,-0.07130120057244549,-0.14347830289764954,0.03014070876223699,0.041790112007696646,-0.048570683389428645,0.10206539546418841,-0.04855679257886732,0.04416073502727291,-0.05366074578428847,0.056466596744871374,-0.068234632781419,-0.059486323138779745,-0.06402662804591237,0.06530836085980733,0.08485584795567609,-0.0017008766500433673,0.050102771095882126,0.1001059619306007,0.07093658966989448,0.03967193326148442,0.03834636265745469,0.04502870595114145,-0.05481026514817804,0.03520672579388882,0.05363891347708277,0.09593077910688563,0.11080697504343891,0.14640353938481382,0.07976908504846524,-0.03804754632593163,0.0017254514816853917,-0.03048775806148556,0.04713773431290354,-0.011552499682728439,0.11480832880953953,-0.06442959599199355,0.14619228950649862,0.04132545619355475,0.014363190345542254,0.15439148147001128,0.004076119206954968,0.015668472961651112,-0.017616451157797537,-0.001238705858740157,-0.0026928542491959037,-0.00621890829182386,-0.04559758572833602,-0.018528438718824477,-0.06112093455286139
stress_mean,0.879031538401477,0.18415556820073636,0.1477192776157297,1.0,0.1392830435081537,0.41564567918373896,0.8661553144104035,0.44107283491058474,-0.36094524608901796,0.16731729923629332,-0.20648171701815213,0.06547800449831033,0.5095094559146687,-0.033044334792746884,-0.006047785559920432,-0.2829070034129087,-0.188491509812822,0.026884321025571766,-0.059798923631124275,-0.09918063575312337,0.09209062910434038,-0.032321126566503204,-0.05422103588214596,-0.16139920793747545,0.08919422985154751,0.10244508313226483,0.016056568666685273,-0.04094368236453815,-0.09771885819080275,0.011177690799029624,0.18130949106642458,0.17086223202997677,-0.05439090999913179,0.13598049302393245,-0.03689371835631218,-0.05982330741347204,0.10413337732991043,-0.04783964191017921,-0.04120750098544277,0.04169790349304388,0.07830708913331454,0.09738667911131434,0.028631491807546462,-0.05279424491898215,-0.02199082044187975,-0.04254161251903736,-0.08910638175634501,0.012758158000102077,0.015445661568986276,-0.02900203445679747,0.0009596486102372161,-0.02651194690654855,0.14767159962002058,0.10188023926757449,-0.10124042257871402,-0.0360769451135978,0.024655755498247584,0.0053975528349437885,0.05779307891651619,-0.11831156225321154,-0.031676249072914255,0.017705730655482012,0.004897745519379933,-0.0632658381586112,0.6112320817779587,-0.08680113132742404,-0.11440690136556406,-0.4900139850447751,0.1991876755798175,0.03803942835821283,0.008582105404274785,-0.10392040384937493,-0.00010525078503523751,-0.014847682414836088,-0.01353445577676419,-0.06588762295202409,0.041392973201581106,0.056407406515367964,0.06278789859937939,-0.039433748812096256,-0.028206679486814483,0.0644288347351072,0.06340846789930467,-0.09204967248255623,-0.054050777151211066,0.07875366932496718,0.08908106104382278,0.021452489503146398,0.006723971868162681,-0.01620854147497664,-0.01689586379353093,0.17260135922387934,0.01664401422523861,-0.035710655772908155,-0.031089645569526116,-0.05707292480337262,-0.002623748056526438,0.0006096957094643932,0.22763830955673114,-0.03389408966267531,-0.08517049063497652,0.01684855584856537,0.01891175248538342,0.06554116669065124,-0.14978029282235086,0.011358829344164033,0.03551446497565146,0.009009896136320937
blood_glucose_std,0.13970361506388643,0.6774308835190771,0.12311020169197956,0.1392830435081537,1.0,-0.025281882541486427,0.16486108825294282,-0.009099142679147238,-0.06575517253100926,0.026306571817346528,-0.12546407698941917,0.056571659745580496,0.08507082176811145,-0.07094173318079094,-0.10953361964273312,0.0431863299262189,-0.1363665544861222,0.115024683735819,0.1255136870046297,-0.13330502130918848,0.15337147802775286,0.19670504555824617,-0.007256673785265928,-0.05916372616774424,0.07213139778084937,0.11746595431795595,-0.057542870892816386,-0.10206273007968751,-0.07368923690650367,0.2277764298217337,0.1066472088274961,0.4529629239062451,-0.1660371281881521,0.12700059995899188,-0.23658337312073896,0.04002010967817887,0.01806617376439421,-0.06301279484593099,-0.22191884128119724,0.11752565836174662,0.1385689573159716,0.0027256752294672272,-0.007003765401782782,0.15138865107705712,0.037278485813476654,0.0037769483237899584,0.0395046493792145,0.05390838178808857,0.05948034609215701,-0.15057184587260977,0.011114691799890754,0.0711183734137767,0.01701981561377631,0.019842643203996976,-0.02199523228140798,0.010627418630604653,-0.11893365774639192,-0.0385949454305237,-0.0726758133836865,-0.0836328486017699,-0.10593751751197202,-0.0777687382038744,-0.06527356071683899,-0.033791381340908214,0.18902210422709992,0.06671073003383632,0.10611972380758272,-0.0878513979925619,0.14338867089405524,-0.025359928128843256,-0.10900218241125977,-0.04600293197854276,0.07565170099412989,0.09618349854977715,0.05128529794913139,0.1523843404516027,-0.0014313591275923816,0.01837836806328123,0.28167192448210004,0.024399707700019434,-0.0966651201253849,0.06064314463007441,0.10974340932704722,0.07647493001856448,0.10769155810539591,0.1294574672700216,0.24705626374943962,0.22657659708782737,0.001756708489750929,0.02055568049228467,0.11519249921961199,0.09113309803454854,0.03342790997649342,0.07618415374986154,-0.039260039766619,0.025230155755554293,0.014552182261763916,0.07421885313734929,0.504688891125532,0.01627354519614879,0.04496125637465572,0.04951075971297341,-0.10409490754882705,0.021596591127001904,-0.09896253978028166,0.030737425414558803,-0.07449651892726575,-0.034843784759826614
total_steps,0.5094813217933623,-0.029784832996460845,0.038695601705608755,0.41564567918373896,-0.025281882541486427,1.0,0.348090909495955,0.8790088088150004,-0.19602582155571563,0.010350406776765858,-0.0983301717576553,-0.07360404697404387,0.5979642801828041,0.156101828380167,0.6605412748563123,-0.8780993264590763,-0.06585005417366215,0.021504789872374967,-0.0058634392392419,0.03530477740320199,0.017684698295378363,-0.10053301123183575,-0.01470110361862864,-0.10077973348240842,-0.030504077865332685,0.004019693719768854,0.031311705243654474,-0.00468075366042507,-0.034362299718486596,-0.10225917656163595,0.08638703570904338,-0.007373517801493988,0.0391291241943035,0.012900650907503303,0.051203997236891376,-0.043993582169734376,0.0971759156761423,-0.05144665346089384,0.05539112742282916,0.0012273128116667047,-0.005868009513894551,-0.0017426851512555418,0.027248550703376048,-0.07818726986522712,0.02114600348080115,-0.030782055828827763,0.0021392161960498007,0.020114885105617,-0.0064389615110104,0.02737855606091712,0.009846102954016629,0.023103671226651492,0.08417965996148412,0.048149248139558114,0.005175688328020108,0.009551421486339574,0.0427366635226123,0.03840811639217778,-0.006909047166495903,-0.05536240212634854,0.04628806854317523,0.038587436056348935,-0.02082487867257261,-0.07587481453234482,0.2608419150726686,-0.08321858357703772,-0.09680298301356213,-0.22926823797594545,0.03558976039944829,0.026296822624952223,0.0863556601113288,-0.031983099679049505,-0.03518698944941616,-0.04388361809887554,-0.06493552103038919,-0.13491878134254906,-0.039463338714836114,-0.03397613884786012,-0.031876112238122783,-0.01716227036046633,0.06817088837059175,-0.0031957915993902166,-0.035329676607028536,-0.10549254661703258,-0.08378503435450896,-0.04027657835130452,-0.06340606308246632,-0.07553027661171835,-0.04050286511695271,-0.04762976068845896,-0.022210753207819112,-0.019581001022976295,-0.07330879297313242,-0.09377443449156878,-0.050976938741792995,-0.05203106628602266,0.01720922635953081,-0.07324993714883234,-0.001628898087629718,-0.06952025981928589,-0.05855930874447013,0.005770786726943214,-0.00062201784588199,0.06483253688864717,-0.024729740186593446,0.030446621775111336,0.019013378278834966,-0.009922414050786144
resting_heart_rate,0.97009802666909,0.20188609477191546,0.1783971190644982,0.8661553144104035,0.16486108825294282,0.348090909495955,1.0,0.39732076073169365,-0.3103904269417727,0.12908351094911302,-0.17308238280979657,0.07327081303902651,0.5177078706003405,-0.07018555451633578,-0.11388394573515528,-0.19908378094855278,-0.22957905175661686,0.025187699431509326,-0.08241090254344277,-0.11979996449229054,0.12885187364214684,-0.06972341409424739,-0.1265009225302841,-0.20751200517849658,0.1130396337473833,0.17144536458771267,0.0035847012279847817,-0.06950347864416347,-0.1036570193149323,0.02225596304352808,0.21875628062859934,0.19377901822751453,-0.10626014390772115,0.16237023207964188,-0.05850872242191373,-0.04890203621977734,0.12556279322904249,-0.08774645584360181,-0.06053357382278085,0.0888670002614124,0.07332825955830335,0.10846036809859437,0.026196497612042322,-0.05471660470010427,-0.018653385227607608,-0.04841429727743846,-0.08889025917378551,0.000590872811178592,0.008822556621905914,-0.033634670475411285,-0.0010284721965167787,-0.03298793565788382,0.15843663564621988,0.09973457663270871,-0.0956607422285272,-0.024176435097967745,0.010982680172994847,0.0370626149438349,0.03921579548019719,-0.12026044069053396,-0.0008588013388654103,0.013945375495633712,0.00670215756582488,-0.06357606993772567,0.727552694509318,-0.1315200331467731,-0.12560776151240208,-0.5790785915574218,0.2568057612372997,0.06687554266062963,0.02352476861853077,-0.0822268150804014,0.0002304015440892867,0.0010424057896807398,-0.016322998842563465,-0.04827495383095661,0.0772166783638521,0.06043392380683762,0.1319925902190276,-0.021823018945699976,-0.010779788732724725,0.02797856669088443,0.04569737075968212,-0.08673903066305287,-0.030390368619912143,0.08724082385544565,0.0904646115224009,0.02538093745467693,-0.024971025294642617,-0.025608909747991078,-0.023661073048064706,0.2096686788287371,0.0281208431529933,-0.033343405216335095,-0.013065658234663265,-0.035274242470254895,-0.01883203110725859,-0.02028285859948887,0.26592844572327556,-0.05562629224182277,-0.08660976441687539,0.021456852704646315,0.051041922834831485,0.02803338644367,-0.17451338111953885,-0.0012744991519786182,0.032060819528118054,-0.01199280522531757
total_kcal,0.5532205949075727,0.002607561653736242,0.062474696072996015,0.44107283491058474,-0.009099142679147238,0.8790088088150004,0.39732076073169365,1.0,-0.16022166109164476,0.03563979812453253,-0.04890639900181092,-0.05503371774791316,0.6357919174132188,0.11648361967867618,0.5771790663553186,-0.8306481403666014,-0.08019539808594318,0.026037846138781805,-0.01889334844044757,0.021961430252322493,0.017135592095891303,-0.10195876883867439,-0.04904603667762669,-0.08229178903237046,0.008223721358671868,0.0013580536871350946,0.030301484985561514,-0.015790742641736476,-0.05474114779993855,-0.0801194519480638,0.09504331593223002,0.017187761156623804,-0.00654275717486905,0.03940358215849803,0.00668726171607333,-0.05347907674211931,0.09718870086622651,-0.055411173161458986,0.009628296559932525,0.025114063427737556,-0.016663958299171368,0.000505209948914123,0.02593816408469006,-0.0724459436293344,0.007701514160769494,0.0012988054465091587,-0.012925407300160181,-0.011599185516573783,0.003243419222709636,0.0342578726315827,-0.016112647781223514,0.016433142995100406,0.0723417989873749,0.03753494056211613,-0.003307782086905706,-0.005832007497087174,0.033123217929653344,0.042145600857207276,-0.01350223537707453,-0.04094205288761048,0.02773057583255987,0.04362693781895177,0.002028718888355377,-0.0470981845789579,0.2977481262527871,-0.09625558272551843,-0.0743274466089973,-0.25281320509041005,0.056853901085561286,0.02018872464549998,0.06067133407730263,-0.04950952575636293,-0.038639695054438386,-0.048132057777820626,-0.038371907317777856,-0.1255940482288641,-0.03095952602398057,-0.01370128224090237,-0.03153802176135726,-0.02741393611451895,0.04070668611075111,-0.012213873211745576,-0.025926407754178222,-0.09305959893845427,-0.08053586719607048,-0.03346869327176554,-0.04066486509465615,-0.06349548768588871,-0.03251927884669894,-0.0449585486343224,-0.028245414987320375,0.005682684393746296,-0.07024827695622403,-0.08574355087329644,-0.03556948002322349,-0.02385595598775031,-0.014441273783595004,-0.0648723902103336,0.029344225043156466,-0.07410935370638388,-0.05416740027508861,0.016746062382347184,0.002280367835213099,0.047518759904306186,-0.03600301327466198,0.02161164211170698,0.0315849573856606,0.0035592345142893564
sleep_light_hrs,-0.3148753443327387,-0.06642590459401762,-0.05234562363630538,-0.36094524608901796,-0.06575517253100926,-0.19602582155571563,-0.3103904269417727,-0.16022166109164476,1.0,0.04567895753586768,0.2142559705316984,0.030796368077234963,-0.16912010771356176,-0.030454777298071705,-0.07699087637705784,0.1594109832708342,0.044185419523524214,-0.0500666565548371,-0.026072630206285176,0.059906331288821967,-0.010646881592622632,0.001685841181518078,0.021116626287010717,0.04427920791815021,-0.05442647470416099,-0.036814534656865544,0.01445434786982213,0.0256326965294868,0.019396025623558816,0.007146696144171438,-0.020335945045469803,-0.02734079832490128,0.0550683854220631,-0.06870672967191034,0.009427393807324705,0.03194961063730522,0.01642195244145625,0.014030898449929344,0.027151708290196645,-0.005959211232508411,-0.028649384285264368,-0.012388955834477052,0.002400454269915507,0.030871761914214015,0.040304962462942046,-0.00772540602072001,0.03770362456281338,0.029479209233962814,0.05905892253114129,0.015804810796764414,0.017737629552469457,0.0026364239687630586,0.0010739781369011752,-0.029333702808236304,0.04711486046778692,0.0229552232251579,0.035628443828697724,0.004257455223502785,-0.032890139755053234,0.017194336662374646,0.030229649425448108,-0.009084384682030917,-0.028149164104428692,0.06206247446763125,-0.16781847830351637,-0.016033052867965865,0.03073193143458241,0.13122845246621723,-0.055068503343008564,-0.00047436279694164515,0.018178956035077357,0.04536264392308522,0.024770596494470998,0.040984115379249,0.03446364936574153,0.040458232227716676,-0.001430960602299279,0.0037818648983170403,-0.005526383575738869,0.032689505629258604,-0.007297687620873486,0.018537218623479484,0.024171498340441397,0.0225999452743154,0.014238008024867833,-0.020934925853536318,-0.02274918751329507,0.019982382066532016,0.044812441070466384,0.07593317073542018,0.023297578926567288,-0.05200840184496231,0.02869233382961968,0.01645546136471728,0.059250231676985766,0.0017595511864908324,0.001053509497104882,0.025395994030301728,-0.04521583150309204,0.03984493885588786,0.029287757869000803,0.032120551210069,-0.033209003157835634,-0.02399087527257376,0.03820369627043824,-0.008950988219893576,-0.028031660988549405,0.02848274537454937
sleep_deep_hrs,0.11806123421629494,0.06629427820627584,0.12107594153594162,0.16731729923629332,0.026306571817346528,0.010350406776765858,0.12908351094911302,0.03563979812453253,0.04567895753586768,1.0,-0.18401287787104598,-0.19617808584539323,0.03968221622798182,-0.024633597727413737,-0.019895789428478756,-0.00533327528075302,-0.02461027262004608,0.042633223287856126,0.02546559447084097,-0.023831209587152822,0.019343550032923918,0.013768640792792353,-0.0008162127276869785,-0.03188475794413148,0.050081815887390385,0.009586617917665019,-0.001042372365125981,-0.01026998135231016,-0.052379771693664194,0.035805988190769265,0.025462352900277204,0.03868240320704391,-0.010235482202115002,0.05057660970801727,-0.01870020112394745,0.006958106842725419,0.008919453188504593,-0.039872243866720274,-0.01633615834842363,0.012011679593126868,0.014077176388883356,0.003840478734231834,0.014643496177636627,-0.019151479687883444,-0.008498493108345493,-0.02601965670578619,-0.05436435062783157,0.007029516975414434,0.007766283063325181,0.043246185638583165,-0.014774518370787736,-0.05262070310610862,0.04335236686377266,0.031297894532350615,-0.060611259427483646,0.003996615643835638,0.02207197068059627,0.02751730132294535,0.0708035906282896,0.010258712389714179,-0.017235098488939372,0.03340845024201091,0.09693003432549215,0.017032974777539595,0.10493793144822876,-0.02392725396702348,-0.038694394926028844,-0.09365409305671096,0.024299993038377522,-0.026737917189003632,-0.026880282221989037,-0.054086783711343844,0.04821389360611332,0.016291695043494623,0.030834332001759408,0.00901632951367184,0.0426926559913168,0.03534535026986137,-0.009887359032263588,0.051445521078544255,-0.003456602836292961,0.042912250137865295,0.045712784179253216,0.010888563614871482,-0.03177268706740748,0.02318059634937807,0.017688604481010204,0.00951861858452569,0.003745811040071266,-0.0066672707044189245,-0.0002879837245715937,0.05891706001560152,0.04005199671002776,0.015239984242813438,0.0238812767643338,-0.013573864998915499,0.031669585081691744,0.0384310571041228,0.050541343607529265,0.02443607768165669,-0.028131703179905113,-0.035350487606738576,0.02332920397529969,0.03616346934085529,-0.01994883858255583,0.03245473952304967,0.005659640807882643,0.035397304120302675
sleep_rem_hrs,-0.168646732344633,-0.11435128143549463,-0.12508785726720054,-0.20648171701815213,-0.12546407698941917,-0.0983301717576553,-0.17308238280979657,-0.04890639900181092,0.2142559705316984,-0.18401287787104598,1.0,-0.27342744008899084,-0.12270764129618715,0.028663914430855617,0.012825916811791765,0.057949956820468836,0.12270292908719592,-0.06072463565902956,-0.03378091899248166,0.11774900072828037,-0.11390366185567449,-0.11831758886998216,-0.003076416458464505,0.017235733686201325,-0.04828737189638548,-0.10845140374061818,0.04599778953450977,0.021414865597162522,0.040243886255171196,-0.10440682195298272,-0.101069942294485,-0.08701862171386812,0.0744263357527717,-0.03433040769925379,0.08775155067699916,0.0009963836544224533,-0.02206670208895768,0.01633366290246036,0.10752858272564203,0.016335488262841168,-0.057642787594954906,-0.08220845881765212,-0.0656455018626331,-0.053086829072116655,-0.03204312096998761,-0.02430087326672774,-0.0033441057884678145,-0.044561776424644456,-0.032882257921801425,0.10493396655778334,-0.005239670753737653,-0.03576051000554114,-0.07720859354331046,-0.09779144708609884,0.032178419959140836,-0.03776489359627556,0.050369281093231105,0.07677281474195775,0.004909926519737947,0.08203270808019357,0.0026944111296702076,0.03292146337109138,0.004963897016173439,0.0826420381148805,-0.11748323378447956,-0.057614068635033995,-0.03815887303638133,0.06409062650676346,-0.056301677946344116,-0.009902812920571314,0.05587209232725826,0.0564752506343814,-0.01301389071809443,-0.026073226328001586,0.01016506469969878,-0.036676572499650756,-0.028507362550241677,-0.028491102760809316,-0.03897596719182192,0.0016402815151920526,-0.01841396728027034,0.02533927292105371,0.02569492536352593,0.004768167012265659,-0.05435802400381019,-0.040509661204613204,-0.1695111866668768,-0.07914932997125648,0.03704206396051362,-0.016291314974838184,0.016904794327401433,-0.09060319949555047,-0.005789271657478364,-0.0301426689862671,0.022364724605633077,-0.02163106691289169,-0.04376323951087645,-0.0009854108173162578,-0.12516586916492745,-0.039860110346044544,-0.037109889837858935,0.050267677841106854,0.010209947934553437,-0.008614612920189234,0.0796015886727188,0.009737978891155675,0.0347853602597994,0.06120046450921567
sleep_awake_hrs,0.05277218016776899,0.04851747090435509,0.03751730902938171,0.06547800449831033,0.056571659745580496,-0.07360404697404387,0.07327081303902651,-0.05503371774791316,0.030796368077234963,-0.19617808584539323,-0.27342744008899084,1.0,0.051114543536263796,-0.056458036765832845,-0.16185017351373798,0.10380761518687114,-0.10895760978103901,-0.016027034334976487,-0.045304817373904106,-0.1410791508691705,0.09149042026176853,0.12254572784039701,-0.00010941920321895679,0.02985196509768634,0.043514213526724556,0.08214927612429025,-0.013656016750640668,-0.042491961097279006,0.04384457995589894,0.11844514563944263,0.06443777225853656,0.07081727684073574,-0.048914491977364076,0.028881672813681716,-0.09354213481934909,0.05073829586925995,-0.02395594950933495,0.023825358845870035,-0.09731492951681395,0.0039611782262494654,0.09545521716784405,0.1285256538075841,0.010809618784169526,0.07155573357688207,0.04780959619005118,0.00021384890041020537,0.021081927811811233,0.00801140116302992,0.03333053287208002,-0.11048609402166398,0.050128797455395814,0.026028112774108318,0.04157424342198665,0.059913046748989965,-0.009118515564592401,-0.02540824024970441,-0.05904419446984505,-0.03334481040358915,-0.03445140986119616,-0.06656531670981933,-0.053963765641791596,-0.09866183077137944,-0.04260539084977688,-0.02488226324939554,0.08634699642912198,0.025899191694556525,0.010417171405278921,-0.056198129489298546,0.033562323145593945,0.013877598530131183,-0.03997625709096519,-0.020026309381465122,-0.004493854766469435,0.06379293609371174,0.028715615927589026,0.09808294542270621,-0.00856115178457727,0.03915747717127473,0.09829526310457529,0.019265893361542868,0.0005005804811665127,-0.022535611327292798,0.047088625010502545,0.0018460005966054612,0.04587807197064422,0.025141067042065243,0.10866904920870524,0.10333349034248888,-0.043662528128977154,0.020180194156955638,-0.033715002288796696,0.10178783567388294,0.044418922387658356,0.048538138598628724,0.0559317973073512,0.028898613634369654,-0.028891449733965555,0.006664298661608739,0.10592512535654146,0.034084818653657006,0.004718387832390603,0.009247999129800222,-0.009575023978220996,-0.0025255282760166934,-0.052308009341476815,-0.008425279752325003,-0.006674184634379211,-0.053723571098973265
act_generic_hrs,0.6238551914675489,0.09435622180344751,0.12612330539107489,0.5095094559146687,0.08507082176811145,0.5979642801828041,0.5177078706003405,0.6357919174132188,-0.16912010771356176,0.03968221622798182,-0.12270764129618715,0.051114543536263796,1.0,0.007512581182281317,0.022783016379732294,-0.5866174165863296,-0.13238761351268338,0.052250023078793076,-0.012383050624513012,-0.04987314807025439,0.05126637879641928,-0.07168691400271528,-0.08406875966174547,-0.07756904159711923,0.07480046828453914,0.062171699946807865,0.015150069693129738,-0.03620619412999366,-0.09005164173286595,-0.02390582712279532,0.13572181479351444,0.0953940154473801,-0.08736953444363105,0.07920067098397911,-0.06850154433032349,-0.04645681548399122,0.09198922681904748,-0.07714303891502465,-0.0701603290744801,0.06853737077087406,0.02654126574235423,0.0930273222240233,-0.0006797840540261601,-0.011711612134561566,0.0023749952229418663,-0.020401495761167097,-0.008024233276795332,0.023435746924530435,0.06873300261621561,-0.017095877861721228,-0.003284327270715911,0.04610986877740359,0.09589892814315516,0.07867429354635394,-0.03028363698982566,-0.030544282046596163,-0.02051795203659788,0.05223631938056452,-0.020890532306372618,-0.08275932973901863,0.017587276530829907,0.03521321985276754,0.020768089359076907,-0.04662855053423675,0.42989032813369055,-0.09632721068402508,-0.06893315437519129,-0.3297587894868521,0.10434433293558044,0.028704234803994436,0.03418630524170734,-0.06117748703658055,-0.018855445274388215,-0.0097739069160223,-0.015371662409564123,-0.10473925908599722,-0.0008341518248619776,-0.013836835564919669,0.01037564727823779,-0.04125726082698692,0.015232638231397644,-0.002514043866086798,-0.021196761322244254,-0.07786011618095467,-0.04170123624596184,7.01631077924768e-05,0.04271614948652983,0.0017341823764758766,-0.022539618548846497,-0.03195362727443991,-0.026968514621523533,0.07738510030270977,-0.06143735290726113,-0.028926088047727862,-0.025803503695285553,0.0005386286039968576,-0.027898138224610146,-0.0497695657471236,0.14213790501542037,-0.062110879403802215,-0.04266619628797781,-0.006426591314525107,-0.02782867530798368,0.08610253234538587,-0.08955308801081678,0.010154387751357366,-0.001198068099072904,-0.0011608995143419381
act_running_hrs,-0.02134304905197422,-0.06814660316492847,0.005631104114742642,-0.033044334792746884,-0.07094173318079094,0.156101828380167,-0.07018555451633578,0.11648361967867618,-0.030454777298071705,-0.024633597727413737,0.028663914430855617,-0.056458036765832845,0.007512581182281317,1.0,0.10085353845275082,-0.13390627112868375,0.05034542002875507,0.005456995356379772,0.012272947429226872,0.006778532949039783,-0.048352040870463416,-0.03467273385633234,0.01952226132857312,0.015072645913459465,-0.07405542804297686,-0.04857775863600735,0.001801497684994947,0.07156264346364796,0.00919331341694557,-0.04990251990658376,-0.05312567770379965,-0.043932854941771196,0.03264049852350692,-0.05935343374262229,0.03813661554655034,0.0182158539565153,-0.043348413194362535,0.014824155114021468,0.029922466346073262,-0.04287459494677031,-0.022014900091217617,-0.05683007608487457,0.00876349544911488,-0.050280541738181486,-0.04314283630924283,-0.021989303051343823,-0.01247254768204325,-0.049636055163032274,-0.056725956397684296,0.052924556531574206,0.02362507646858238,-0.029433699693283827,-0.07265136973943662,-0.05113424294894937,0.008092996927838327,-0.013524264181119124,0.031142711017805955,-0.014051326833229275,0.037642988317634386,0.045403337764472994,0.011137000916584948,-0.015752878491672655,0.026444293183912705,0.03176012611965038,-0.08683079252870052,-0.03994773832307927,-0.04708236110145187,0.048487895101448235,-0.06637351073823618,0.03917508365149037,0.0683250629971026,0.025361309076120976,-0.01866276069819339,-0.031053294101143995,-0.019790869333675104,-0.06961117028157965,-0.0403446390141987,-0.03066847398109308,-0.03781479449293002,-0.01662371969920286,0.06857632908256066,-0.032887428771674464,-0.01881928237696222,-0.04698104706532009,-0.03945581418631529,-0.040180139300932914,-0.11377624692206936,-0.05233652157440616,-0.027099994089810592,-0.03201319280516982,-0.009626713783809058,-0.0842937227658713,-0.052455505721280125,-0.035049648962948494,0.017510134186207733,-0.015819517630035425,0.061988246003934704,-0.042702914584604394,-0.0744595311414779,-0.05171095107987798,0.010618004728435106,0.0018067771393192715,-0.024670800490941582,0.013257080169535107,0.0694426283867044,-0.03206494360433295,0.033609263837801856,0.008748393372700882
act_walking_hrs,0.025957934977682704,-0.12039225892605473,-0.061613340164828966,-0.006047785559920432,-0.10953361964273312,0.6605412748563123,-0.11388394573515528,0.5771790663553186,-0.07699087637705784,-0.019895789428478756,0.012825916811791765,-0.16185017351373798,0.022783016379732294,0.10085353845275082,1.0,-0.8215744106621309,0.08983230715744688,0.01276988026659283,0.038555519011899825,0.10990638577919942,-0.06810620261945825,-0.06064141612445867,0.06571813627044787,0.009645451121801953,-0.11012114275308546,-0.10062341395598284,0.005270914201921566,0.02644516649671349,0.02345451745619133,-0.11285461788955138,-0.06571002332549461,-0.07988617570765001,0.11246491670837415,-0.07217708244318176,0.08699493001072477,-0.034281923345460374,0.004866753658128715,-0.008944686472031652,0.1009910363092155,-0.0373801689091585,-0.04582642797737833,-0.11548892763817703,-0.0027050535926287584,-0.07942699977090201,0.0053071213170154865,0.031180852769484894,0.012101636492567588,-0.021273108460398104,-0.07386339906368418,0.06587339717351963,-0.027448120794997644,0.004821661155079174,-0.029393266264559233,-0.052082439780532806,0.03187830406310588,0.007030316011343826,0.049333540916446955,0.03158403055880629,-0.002804029210211921,0.03535109303652319,0.041774176560703896,0.011941501012015888,-0.021022092126230362,-0.022575782913814922,-0.09303080067621525,-0.015666149165856996,-0.027914459735748125,0.039532776199762185,-0.07908442336329649,-0.007514857725892827,0.06656203743688134,0.0016656991064015927,-0.03798186955799723,-0.07904256154016247,-0.0642093589841736,-0.08383045399398524,-0.06867895195257993,-0.04215389284913126,-0.0774952156896648,-0.018798612112400543,0.04376225238219839,-0.02676268265383608,-0.049444090941193564,-0.041241318143152815,-0.07333464722856388,-0.046368444980998805,-0.11976382143681875,-0.11190851427403271,-0.02582396311358761,-0.06341834017488941,0.012068600470332166,-0.16298533639757845,-0.053971672787462587,-0.07877426720692216,-0.07830628035085685,-0.050767307848095716,0.02048441490214627,-0.057867427563255504,-0.13941423176546308,-0.04445477095535727,-0.039476612816550675,0.0012514609773127952,0.008433616940183979,0.03609137712308039,0.06841605448725727,0.04743172632392934,0.02748830219401393,0.0008017417520231603
act_sedentary_hrs,-0.3741377385588803,0.04648036481149777,-0.02237034611237273,-0.2829070034129087,0.0431863299262189,-0.8780993264590763,-0.19908378094855278,-0.8306481403666014,0.1594109832708342,-0.00533327528075302,0.057949956820468836,0.10380761518687114,-0.5866174165863296,-0.13390627112868375,-0.8215744106621309,1.0,0.0005353246731593507,-0.04020946564551108,-0.024559705445564285,-0.06037342742533816,0.027986154478221493,0.09114486531881341,-0.0060372936281359165,0.035553181447406663,0.04962258896660527,0.04792856801148002,-0.012966985441656219,-0.004181978712547051,0.03185993001598368,0.10672535869344449,-0.021696792671975104,0.012148148175769513,-0.042330408726982426,0.015898882816583176,-0.032868410170128974,0.05305413801556675,-0.054077573754320124,0.05029310776644315,-0.04276568274511494,-0.006788131193287986,0.02285655809728427,0.04275109296289565,0.0021183012647966533,0.07293197545489745,-0.0035618902765561992,-0.012400812267915767,-0.004624857322917986,0.0062147433432374385,0.02307494079639538,-0.045810583963249406,0.022771297213970657,-0.028686256444704464,-0.02729165497585429,-0.0003138096092441395,-0.008836728884404593,0.012340600612632199,-0.029518878811403446,-0.054378792910300795,0.012303922359438252,0.016376274816909415,-0.04411768995068527,-0.028810407211021193,0.0038253447908953107,0.043067458499846716,-0.16514389274849942,0.06924275734886429,0.06387390494157981,0.15317384669910192,0.0075721442165916746,-0.012167446840445167,-0.07625747105464835,0.032190658513401374,0.04212986115038277,0.0706043492709224,0.06129056711785741,0.13027720856421826,0.05762414656143732,0.04326285695740535,0.05825575040999298,0.03933936427309275,-0.0471457041262884,0.024510035645558387,0.052722594063174665,0.07965907503643795,0.08455855819559221,0.03918109430413864,0.07753508822419665,0.09154273754165532,0.034872200291134366,0.07065775225431671,0.006071168421711338,0.09113989861233457,0.08084146887152639,0.08147456158392788,0.07674653617591577,0.04127812107284569,-0.0035872175760562866,0.0768506785317057,0.034931911663470844,0.07347993835359334,0.05545638042799414,0.002552039920043576,0.010222044715182448,-0.0785597952255215,-0.0075407591787227364,-0.04232904843080602,-0.023022914248338907,-0.00044329486736417164
A/G Ratio_value,-0.21159377529901585,-0.1462276786188792,-0.05507665302032307,-0.188491509812822,-0.1363665544861222,-0.06585005417366215,-0.22957905175661686,-0.08019539808594318,0.044185419523524214,-0.02461027262004608,0.12270292908719592,-0.10895760978103901,-0.13238761351268338,0.05034542002875507,0.08983230715744688,0.0005353246731593507,1.0,0.11958632590132799,0.07773281254396414,0.4514259272774931,-0.19252197777426416,-0.02789799207834053,0.12347264881778477,0.27096002683410486,-0.05364483416173873,-0.3193996465055877,0.07080833223268701,0.12092557593999792,0.06624600981880348,-0.14729062276924926,-0.9057193658370678,-0.1361707768626534,0.07724464684021388,-0.1267060595147081,-0.025450990942989152,0.024606574648972257,-0.5455521732765879,0.15306222886855236,0.01718677432483376,0.027131072405625966,-0.113363073207851,-0.15368686534680173,-0.12307624994064219,-0.0793321203238966,-0.06765100771084606,0.033439931153028006,0.017904628276804613,-0.07502033010997596,-0.02630488458098188,0.17242291643811344,-0.02111304339846564,-0.03115081520768282,-0.18361921316265445,-0.2462360497374517,0.014738216900419725,-0.09555316198389101,0.07645325562593638,0.06603552596801196,0.05112852493379224,0.12768566233367662,-0.03015889601690685,0.08202176793980451,0.09898121808802661,0.15403939569227612,-0.1809883582831802,0.04206024074004975,0.01221068027228934,0.08603385708330048,-0.13402647586107522,-0.02080231476238671,0.009783065782827085,0.09739716145548753,0.019981185324705934,-0.024618024907225384,0.1185572460149444,0.05432739004628607,-0.11006601998759198,-0.051733136378042735,-0.07194453480841011,-0.009138464390483013,0.10083384533948446,-0.0001284159123618364,-0.045070768884655464,0.1417353490310636,-0.04470213517156702,-0.005218456841244907,-0.06581571923329951,-0.09012502418115781,0.06124374969599935,-0.02365723723642389,0.028529165774567815,-0.21102080593997527,0.027837677604514804,0.04807262338255171,0.04280472744931073,-0.012102729971642724,0.010288472629911297,-0.03492395428927342,-0.1474435155835845,0.007948911559069313,0.060471459964023484,-0.062170707894928595,-0.00726308008566638,-0.012398805112929874,0.223492389248972,0.08805635817351526,0.015152573811509083,0.08538689889835543
ALT (IU/L)_value (IU/L),0.02931145459625068,0.13657561670136933,0.0035042224480053884,0.026884321025571766,0.115024683735819,0.021504789872374967,0.025187699431509326,0.026037846138781805,-0.0500666565548371,0.042633223287856126,-0.06072463565902956,-0.016027034334976487,0.052250023078793076,0.005456995356379772,0.01276988026659283,-0.04020946564551108,0.11958632590132799,1.0,0.80164759558068,0.08504824390221886,0.14608160765829048,0.01545912635910014,-0.03599512356653101,0.08727983688051462,0.15147077340678256,-0.10343122825667636,-0.009382198008794498,-0.02396678595403708,0.013601045196213742,0.03877232859794656,-0.10590463871039266,0.08895261931020783,-0.12261272452526344,0.12420948564926922,-0.16464578282543957,0.03927046794529334,-0.04520478379538188,-0.009364906746108308,-0.13736452182841288,0.12874394636221692,0.09454010877837755,-0.042395258186294554,-0.020271663458584978,0.023268868965125863,-0.04875212247834195,-0.017242795457579212,-0.07393526645770385,-0.02093357927199106,0.008419965701210943,-0.0046921763174289765,-0.023009579139138744,0.0016254337757985254,-0.044666518042533285,-0.07482049538533907,-0.045865526291726244,-0.021608295168200224,0.027280535487423287,0.016880571068568773,0.021867776994617658,0.034971567803936086,0.0409018944515375,-0.002478981996945719,0.012067075056349581,0.00599232825467383,0.08276834513700937,-0.009958042245686825,0.00895755041035304,-0.09196485502009233,-0.010658665789125199,-0.033744230352897246,-0.0010187359718333592,-0.019259945208968433,-0.06533025405868684,-0.031550756622599915,-0.015316778564561756,-0.05143960543216887,-0.09726698226349753,-0.05276022887282175,-0.07328891567474981,0.023869318334258333,0.015339021022666401,-0.010075619591956691,-0.05310212135959803,-0.021758104248237396,-0.012678085944884402,0.05259324497164141,0.078905530137062,0.014798113183527965,-0.022359046059025986,-0.022934765247417215,0.08019107749587132,0.11142335755368613,-0.1289006502367325,0.007923379705321733,-0.04308625966476777,-0.04988188092429099,-0.02065293244945728,-0.008485890021850412,0.047218726661179086,0.0017873737465370892,-0.011090839189435143,0.009635952942681613,-0.04268257190364362,0.05226687752469286,0.01276204678697855,-0.012405518845651133,0.010779760939745463,0.02025621300165148
AST (IU/L)_value (IU/L),-0.07259881220227546,0.08914085205466293,-0.027334846718502132,-0.059798923631124275,0.1255136870046297,-0.0058634392392419,-0.08241090254344277,-0.01889334844044757,-0.026072630206285176,0.02546559447084097,-0.03378091899248166,-0.045304817373904106,-0.012383050624513012,0.012272947429226872,0.038555519011899825,-0.024559705445564285,0.07773281254396414,0.80164759558068,1.0,0.10138207082706178,0.09875910801601477,0.026720783954874896,-0.019880445127433845,0.10028077675302774,0.05925348059327399,-0.11251663157498681,0.027886485361640536,0.01736951855292244,-0.03295446468051829,0.02960580602514293,-0.044690423772199034,-0.004190449671293179,0.01780497297662177,0.043622970237117184,-0.1486829203528404,0.005066034426605614,0.01865232904369533,0.016513737527204975,-0.08904665166964842,0.0796261980778625,0.047890237196918005,-0.09533844624664253,-0.012765943799382373,0.008507857043866942,-0.007260143712087956,-0.001421871434974006,-0.057751424919397214,-0.033402095279293526,0.0009244369802261914,-0.013725470305248236,-0.014879189954725605,0.0040330232843293614,-0.04479260262588849,-0.0332726246760243,-0.004164287675713297,-0.004079793611165605,0.03676987443840693,0.014249836390255136,0.0161858339929423,-0.0017054202173984409,-0.004449532847077564,-0.060591812026984083,0.010825228162277909,-0.009029218817572944,-0.0012214646075392967,0.05313932655186962,0.012706858923593098,0.036805644312241814,0.0432829283988529,-0.0054264454658239,0.013472914012642253,0.020033873091464698,-0.06308954873092897,0.014378760239589977,0.03428628634612982,0.037541581684405634,-0.07118677914278194,-0.049403941863916764,-0.0522693390242427,0.028669247763602492,-0.006927578004018343,0.01391991804888899,-0.04709959366190756,0.024011654475659804,-0.013404977161424492,0.024139297502807102,0.028917258403939806,-0.009932355869386582,0.01013002757391177,0.017743373088487873,0.16077292507107796,-0.005580887314317124,-0.04943624876657836,0.004760932023652973,-0.06252581923180724,-0.009523281097847253,0.021870061098253547,-0.015602282787570287,-0.01627504553663629,0.0161847295634806,0.029382039306583806,0.020373456528314363,-0.06789751147971759,0.023740783485883557,0.01103275587096722,0.034687247171767646,0.01934614947188734,-0.006493278859232919
Albumin (g/dL)_value (g/dL),-0.09494502073919239,-0.06791185914893678,-0.11532402175758545,-0.09918063575312337,-0.13330502130918848,0.03530477740320199,-0.11979996449229054,0.021961430252322493,0.059906331288821967,-0.023831209587152822,0.11774900072828037,-0.1410791508691705,-0.04987314807025439,0.006778532949039783,0.10990638577919942,-0.06037342742533816,0.4514259272774931,0.08504824390221886,0.10138207082706178,1.0,-0.13350508759172564,-0.15661696045359857,0.018502200084062097,0.25769285118147606,-0.18543429875089115,-0.22909486843128643,0.5415734976980724,0.15398336853922617,-0.2126746812171066,-0.18831721431988052,-0.12002179860099126,-0.07727054440486744,0.1146351389132081,-0.1313700542856426,0.12926306000007345,-0.049063458314421896,0.46931131165327733,0.05076175988173372,0.16461323992560967,0.04132757417075789,-0.1929221633145601,-0.18313506054486275,-0.013140815865306384,-0.09888787838768293,0.030334247758184194,0.059211831346172056,0.0577165391673198,-0.03787296709887794,-0.035279897846840214,0.16424546978054458,-0.040203830899537864,-0.02343042071218314,-0.051446864726625186,-0.15559635657868648,0.07733744172125871,-0.014479714932688986,0.0914250723826553,0.040933828818245685,0.005004787563038857,0.09793767463398999,0.025422811070632587,0.06510446589746488,-0.016958570304347595,0.12344656558253346,-0.07067825257872573,0.02813443587289039,-0.02892054832198125,-0.03249383285506562,-0.13423588408535217,-0.038813928840906446,0.031143668613613486,0.03202420829682842,-0.07179103045059289,-0.11056048679318342,0.022981647952697953,-0.11334754343182347,-0.1683537061298768,-0.11809432540902416,-0.11048231210569887,-0.07630394539906125,0.06193408483075357,0.017346094558704346,-0.038674690190438565,-0.0398636569599266,-0.08534410164255236,-0.027119010915845232,-0.05416251993653505,-0.18056618141151634,0.022927449877874678,-0.050807108816591236,0.030232101066586345,-0.1906327990456918,-0.09956206618098544,-0.07921955395496597,0.02637965796431011,-0.054544824769710405,0.015854016414560308,-0.0706167256378949,-0.13987516822706864,-0.09101690973923283,0.01772246260337075,-0.032591135435240025,0.04750728437149584,-0.04667039641088722,0.1820683358908008,0.08180936553021355,0.025688927323368048,0.058708163594678446
Alkaline Phosphatase (IU/L)_value (IU/L),0.11194167353792153,0.1139937025578982,0.025070298714055136,0.09209062910434038,0.15337147802775286,0.017684698295378363,0.12885187364214684,0.017135592095891303,-0.010646881592622632,0.019343550032923918,-0.11390366185567449,0.09149042026176853,0.05126637879641928,-0.048352040870463416,-0.06810620261945825,0.027986154478221493,-0.19252197777426416,0.14608160765829048,0.09875910801601477,-0.13350508759172564,1.0,0.07328889201528804,-0.03252360136059961,-0.11555058814129329,0.012428163145640653,0.15818177614852263,0.025526398415259947,-0.011408489955917134,-0.05087985581463259,0.07118094123154763,0.17344090411665863,0.08795923389709746,-0.0684136839823651,0.0069618006930109175,-0.012983047714532188,0.11429218465511047,0.07736140802088506,0.0032923657374978096,-0.02626232244922733,0.02030339261166926,0.06219582371189573,0.09441299577912664,0.008082714913400076,-0.011238461629816789,0.026421130612492506,-0.06430137856314853,-0.060824919472135905,0.08087338138708898,0.037726249757591965,-0.14326349993600476,-0.045949083987589616,0.009896590070446446,0.14773388131450566,0.07504637000341821,-0.06729270033814629,-0.008191646214397852,-0.010753198762458645,-0.04492393444613186,-0.02060934474159566,-0.1553240824167062,-0.06207444713651322,-0.06298494129107322,-0.019406371273662282,-0.13371366271553764,0.11640468451982543,-0.008809697795503333,-0.02777505250343355,-0.07465559502453627,0.07132589149557099,-0.07525142223012954,-0.1103701676364978,-0.0675396386149443,0.026631981674134338,0.11774760191951289,0.0060682043591674655,0.05638437027808994,-0.008317340499630085,0.036179018461340244,0.11950032764621886,0.127979976448865,0.02216131201845235,0.09653803286278502,0.1161337963725716,0.014826908779820534,0.08043328841541,0.05915036581463849,0.05930009678651175,0.06832059739915662,-0.02018573689469124,0.018907061417983487,-0.052901964940266825,0.16643060236113885,0.03399268335286239,-0.03219498285625481,0.059141555329992726,-0.03652193934298968,0.04072779031928973,-0.011518251619222717,0.1575306914409655,0.015397131718704236,0.007330269573743915,0.07801248257883578,0.01636894409811342,-0.09028020905808119,-0.16570173664219373,0.005729661555436915,-0.10656599315002797,-0.06610806956616291
BUN (mg/dL)_value (mg/dL),-0.08450575357536681,0.1504271645515198,0.07071227723297506,-0.032321126566503204,0.19670504555824617,-0.10053301123183575,-0.06972341409424739,-0.10195876883867439,0.001685841181518078,0.013768640792792353,-0.11831758886998216,0.12254572784039701,-0.07168691400271528,-0.03467273385633234,-0.06064141612445867,0.09114486531881341,-0.02789799207834053,0.01545912635910014,0.026720783954874896,-0.15661696045359857,0.07328889201528804,1.0,0.48189750399347264,-0.06294760145972392,0.17989975823478913,0.04066888610489514,-0.06931937432904879,-0.2318707143558551,0.08009822334926903,0.6596843445556777,-0.008140639403461205,0.09190318687701908,-0.06638600548660792,-0.009838984694304196,-0.23988338721025543,0.26324025302278176,-0.0974625302359634,-0.03960733534643985,-0.21260825150760324,0.03714477882260811,0.15413310672938335,-0.06605508067225208,-0.040478067534331794,0.15070290601509906,0.04424052010886534,-0.012787948694535074,0.08789209527246611,-0.0017896358640699184,0.018079287101097085,-0.1764911883834956,0.016760796670345152,0.0408352624179958,-0.0014584955140232866,0.047008195673845184,0.05218985266487895,0.03865549963485755,-0.12755285210290662,-0.13190500129838928,-0.08626915281354991,0.012285942924971573,0.006247023376574979,-0.1265215307875895,-0.07497688609557358,0.0057920525562391596,-0.003177555941869605,0.14976515143611402,0.1432020292409676,0.05642298455188069,0.053442680652767666,-0.009017597305062087,-0.04419830005837001,0.03946054965964043,0.06535160231776359,0.0759322668701141,0.12829250742000176,0.22488423066754235,-0.011182147662974531,0.1505205935274148,0.19759808881509583,-0.007878888430667799,-0.010814411254171178,-0.03281744974030965,0.02231434868658048,0.1936929204622546,0.16124840600413073,0.08396452826110544,0.219231958568069,0.3907237970233115,0.024231450703884053,0.060604608324110736,0.0014002295709787801,-0.017298879686030735,0.02443256774413815,0.12835544783875205,-0.007201009613257094,0.044490082436841195,0.10144840777106238,0.13312684964650764,0.2152582975367824,0.11244309831437897,0.09071663385256,-0.0071630945032383235,-0.029318706445802572,-0.06847890205528318,-0.04708430231612719,-0.057309763597962325,-0.036828129920370364,-0.12497022568171089
BUN/Creatinine ratio_value,-0.11635011283070262,-0.010670278157754856,-0.03976290228594375,-0.05422103588214596,-0.007256673785265928,-0.01470110361862864,-0.1265009225302841,-0.04904603667762669,0.021116626287010717,-0.0008162127276869785,-0.003076416458464505,-0.00010941920321895679,-0.08406875966174547,0.01952226132857312,0.06571813627044787,-0.0060372936281359165,0.12347264881778477,-0.03599512356653101,-0.019880445127433845,0.018502200084062097,-0.03252360136059961,0.48189750399347264,1.0,-0.0470177768477091,0.025768193703881514,-0.03519798378613219,0.027029809086606724,-0.010202146835983167,0.033470813428280205,-0.22886514119074586,-0.1256299590384096,-0.008080875775670116,0.18829089240418628,-0.007703125141958376,-0.02068807602011481,0.1196171830181726,-0.10108464253164841,-0.011879763173434045,0.05092526747345801,-0.0003260532005036556,-0.06692913138113496,-0.17463475057666966,-0.01794631426077011,-0.0020486629228117837,0.05730206641813894,-0.027784718405319986,0.10385123972827752,0.018230804379341367,-0.01938858195829584,-0.01961562865159254,0.10893955656921663,0.045618610288313974,-0.039756505710018424,-0.004349708936003164,0.11261653914389806,0.0390870662262126,0.029856927286234146,-0.07679249752105202,-0.025070137203963314,0.04273050415780718,0.008817525157203328,-0.048754001856573116,-0.052279119338029215,0.06751599964553767,-0.09305251927947505,0.07894935368018133,-0.015857109072997196,0.09102810717090885,-0.0023322483922542645,0.02523317654177039,0.039870690966701004,0.11394908050678589,-0.01027908175167126,0.10595031586364195,0.08921488904648858,0.1020158612106437,-0.04420958442601323,-0.0021457029148494295,0.0014866034890132762,-0.07900176337791912,-0.04353781250706174,0.056533915789137926,0.018902708485306657,0.09512395794193365,-0.026195666378844133,0.002408411363161318,-0.029261328165742968,-0.056325224082886656,-0.0018032185738767075,0.07741096007645763,-0.021049437471639846,-0.10574446406585321,0.08126060646956731,0.026117220465339555,-0.01591017591174417,-0.020769648109301892,-0.008125650229014543,0.006721344637137438,-0.03161577987453234,0.04641321421419421,0.012798930074033729,-0.026733933465561476,0.0037163944395096054,0.002648708770871286,0.09334240779736415,-0.09736287290129622,-0.024391386409209133,-0.05580723934875133
Bilirubin Total (mg/dL)_value (mg/dL),-0.2003767521767441,-0.03446283895998694,-0.0030934251625886733,-0.16139920793747545,-0.05916372616774424,-0.10077973348240842,-0.20751200517849658,-0.08229178903237046,0.04427920791815021,-0.03188475794413148,0.017235733686201325,0.02985196509768634,-0.07756904159711923,0.015072645913459465,0.009645451121801953,0.035553181447406663,0.27096002683410486,0.08727983688051462,0.10028077675302774,0.25769285118147606,-0.11555058814129329,-0.06294760145972392,-0.0470177768477091,1.0,-0.09233759048394763,-0.16602513534643146,0.09792922387202317,0.12875342659944788,-0.06446070585609266,-0.04471612689340322,-0.17671460641372552,-0.05518138754788587,-0.022685834689258465,-0.09614481205548699,-0.11509761335482795,0.004019865627758092,-0.00873287057093842,0.010655560282242823,-0.11835731977005695,-0.03604724828182756,-0.09005375296949747,-0.02641790391283597,-0.04428080732356935,0.06039836884245225,0.014225110600658637,0.02778158383671462,0.07530232311971044,-0.038246132709839585,0.05230453693778104,0.00855635241137143,0.0025781351127401315,0.03884107790381565,-0.13192581487385657,-0.11751533881301875,0.07609319105408816,-0.0057240940663401425,-0.028716650003806802,-0.04459764520448544,-0.03813247174349582,0.03503647135584888,-0.07517927221368591,-0.020489518957658593,0.02433684801246751,0.04284645122427079,-0.1361993791055091,0.13718264899241342,0.11248367263480617,0.10253313150696791,-0.06981694779049477,0.0030551670172771096,-0.06811444509611783,0.027253793735866873,-0.005612241098903011,-0.0952702126738754,0.09117151567815153,-0.010279523592757038,-0.03904075751100711,-0.06661664168374061,-0.04552611401387428,0.005182349052613864,-0.01711793343980287,-0.05591031417532666,-0.0752285349292518,0.13781425198073272,0.021096939236545743,0.010279649601726308,-0.02959386323400258,-0.03693824285336975,0.04014113746191723,-0.04488918747465985,-0.017549693829166872,-0.13326102333816964,-0.09864696866626348,0.09719231000456076,-0.006233769570029781,-0.010484678096511317,0.010764481097283904,-0.02890167800414424,-0.054747027881897864,-0.04600345415996611,0.06027144637005773,-0.05529336872509012,-0.06329483452379467,0.0440377557280932,0.14471948698030312,-0.001253791874469327,0.025370330818895222,0.07560190900805082
C-Peptide (ng/mL)_value (ng/mL),0.09327758926575214,0.08177417434840073,0.16957356939542728,0.08919422985154751,0.07213139778084937,-0.030504077865332685,0.1130396337473833,0.008223721358671868,-0.05442647470416099,0.050081815887390385,-0.04828737189638548,0.043514213526724556,0.07480046828453914,-0.07405542804297686,-0.11012114275308546,0.04962258896660527,-0.05364483416173873,0.15147077340678256,0.05925348059327399,-0.18543429875089115,0.012428163145640653,0.17989975823478913,0.025768193703881514,-0.09233759048394763,1.0,0.05799002934929722,-0.05118649192624002,-0.14368767699373317,0.11142803445555705,0.123565803953079,-0.022405341328960098,0.22249649577246433,-0.3106184974924068,0.7473095201061344,-0.17891965678048896,-0.065510615813871,-0.1267511418568232,0.046238049940172575,-0.17329119219699,0.25054787829118813,-0.007044426575890581,0.0930259125605806,-0.010638005632089746,0.052839127924562204,-0.05608400864624171,-0.034924573408310206,-0.04533689321954842,-0.04699076358743752,-0.015883627025795193,-0.04779742573169508,-0.019131230179918825,-0.02792617521314939,-0.02278080461329786,0.05121779190550312,-0.03908594620261614,-0.029376781740894392,-0.05714432825747576,-0.03375464532235688,-0.022057906081233137,-0.00478093334140061,0.08433119343962153,-0.03177007887908158,0.04809025753688079,-0.032111558559731024,0.1789858461337991,-0.015381821065683194,0.027991813255165823,-0.12706497057847443,0.08369111967528453,-0.03905816486010267,-0.050777599734790214,-0.07321717763189922,0.022219863874739215,0.0660253156852036,0.09449121142721155,0.07067573669398697,-0.018724806257241818,0.14688570765135775,-0.06656893068578668,-0.032432838758935864,0.012983490909583645,-0.049334613266650236,0.00360626446793266,0.08759158388927708,0.12271985775393597,0.09232249163188123,0.1301297215685426,0.09721570480198397,0.006601768379002737,0.06812074010382325,0.0035556507137417866,0.22780369009239007,-0.062366888286100264,0.0539403108850037,-0.001307323725047817,0.20576973725798353,0.018680889548868734,0.043898288208273045,0.11448588148800923,0.045520881309301056,0.005126328630967091,-0.017930081232982197,0.01366160185758279,-0.006478689764364385,-0.04033360423979731,-0.025939707881465657,0.037796818416112335,-0.05545688703132393
CRP - HS (mg/L)_value (mg/L),0.1436667596268162,0.1508234054918046,0.1315490310339288,0.10244508313226483,0.11746595431795595,0.004019693719768854,0.17144536458771267,0.0013580536871350946,-0.036814534656865544,0.009586617917665019,-0.10845140374061818,0.08214927612429025,0.062171699946807865,-0.04857775863600735,-0.10062341395598284,0.04792856801148002,-0.3193996465055877,-0.10343122825667636,-0.11251663157498681,-0.22909486843128643,0.15818177614852263,0.04066888610489514,-0.03519798378613219,-0.16602513534643146,0.05799002934929722,1.0,-0.03320079488448473,-0.011725348676134686,-0.1375738404546221,0.0635637976388973,0.2860205241697666,0.08381889603872182,-0.08515769136306924,0.09670365850574877,0.028955600899496996,-0.05689274197506189,0.12243071415301092,-0.07587990774198523,-0.008098595856182304,-0.009667670498547744,0.04252525978808011,0.2192728343434814,0.006198168421553599,0.051774085153364374,-0.03307569027386532,-0.04556945167543685,-0.09519350317368666,0.015359693211075767,-0.030664578889479023,-0.028916470426800393,-0.019620511375428817,-0.025563812669783356,0.11886048786646002,0.09290599123190581,-0.07952012178719732,-0.011546959915834355,-0.051749193742368735,0.023429639110916375,0.015379515806997677,-0.058679169796047315,-0.018374897737999447,-0.00658993272373561,0.05344947502465887,-0.047458136290990986,0.1627195754894727,-0.08673977202036447,0.02323355726051386,-0.10701860839109033,0.07895286942238983,-0.03431450154259653,-0.09078565145079937,-0.10551787078191102,-0.004260900931479849,0.06674059787287485,-0.060417567450195525,-0.032584579280614055,0.10756883964791213,0.03999888000352541,0.13099373793904562,0.033773604670016825,-0.040173942478458194,-0.03737908980507123,0.028916417878038735,-0.0720329035761971,0.12685779544562747,0.016319522981893417,0.10796943943780475,0.14877590276093847,-0.042530900113218695,0.005485717719937897,-0.021465926333826338,0.27182675735006945,-0.008017764835433856,-0.061067223013645096,-0.026641952465795003,0.00910541066189984,-0.004749368528167201,0.07161150910200065,0.1606945562088651,-0.06547336903391479,0.03204284038368968,0.03409240901484246,-0.04653638672111875,-0.014136436578220024,-0.0687347524736118,-0.04407796014446018,-0.010510454856073593,-0.008291113267349425
Calcium (mg/dL)_value (mg/dL),0.007305759099043381,0.010905884407351135,-0.030963474718224967,0.016056568666685273,-0.057542870892816386,0.031311705243654474,0.0035847012279847817,0.030301484985561514,0.01445434786982213,-0.001042372365125981,0.04599778953450977,-0.013656016750640668,0.015150069693129738,0.001801497684994947,0.005270914201921566,-0.012966985441656219,0.07080833223268701,-0.009382198008794498,0.027886485361640536,0.5415734976980724,0.025526398415259947,-0.06931937432904879,0.027029809086606724,0.09792922387202317,-0.05118649192624002,-0.03320079488448473,1.0,0.2531467935250372,-0.2680398844137468,-0.10586612293957956,0.13216185923421045,-0.04623030923978937,0.12226845936698887,-0.049986206809374684,0.11995989140988306,0.1252605768781097,0.4295352004555237,0.10440344453829609,0.1681067198548574,0.07628361060333674,-0.045597673078534115,-0.0484086841404829,0.007905015964730646,-0.07127300481024941,0.010944504394851413,-0.034099035541912105,-0.022490287059822825,-0.01687488526037721,0.017954647410115807,0.10542210743541507,0.02719846371706096,-0.04838148278846026,-0.01059407151092572,-0.004932959399099816,-0.011781978581926018,0.029982960826312566,0.06700854548915214,0.04222753095060842,0.022846449572379128,0.0295424151050842,-0.01947770918265828,0.024590032859501645,0.04560332888955692,0.07368246977253175,0.0014697833836941057,0.018665815272830448,-0.08192938089225314,-0.09376544593959796,-0.11615537282390734,-0.045697660468433265,-0.06013023211913588,-0.022952798308916354,-0.0810351256163363,0.0013587819965903414,-0.04141704892759974,-0.019447141433909174,-0.10798635965443885,-0.05617315774358381,-0.06076897861188716,-0.01933888141024196,0.025775205643191707,0.09786764990822527,0.011695428397154721,-0.06898494216472524,-0.013253548841873965,0.04139624041112616,0.008718058895276807,-0.10750566643659827,0.006381539025766068,-0.024744941922326288,-0.012788936268412144,-0.0011825490734662285,-0.02303767521673975,-0.014190781753406743,0.05152594254434302,-0.01155045013565532,-0.003693561569686571,-0.0561411375659561,-0.014705029993010649,-0.0849525422364063,0.009171450358674319,0.019447874126027394,0.03682385936920785,-0.06725998609290508,0.03628404142525082,0.09587678288524214,-0.02215719870473808,0.04711294580741319
"Carbon Dioxide, Total (mEq/L)_value (mEq/L)",-0.06772746739754844,-0.06506339616048669,-0.06330884026961078,-0.04094368236453815,-0.10206273007968751,-0.00468075366042507,-0.06950347864416347,-0.015790742641736476,0.0256326965294868,-0.01026998135231016,0.021414865597162522,-0.042491961097279006,-0.03620619412999366,0.07156264346364796,0.02644516649671349,-0.004181978712547051,0.12092557593999792,-0.02396678595403708,0.01736951855292244,0.15398336853922617,-0.011408489955917134,-0.2318707143558551,-0.010202146835983167,0.12875342659944788,-0.14368767699373317,-0.011725348676134686,0.2531467935250372,1.0,-0.4461898492481987,-0.22085573400038552,-0.05512239974859017,-0.15155525194033878,0.1883261182530722,-0.12723860689443053,0.10439670484441213,-0.10319595740493576,0.0396753074298158,0.19828091475660092,0.10661679511349342,-0.15941256195549086,-0.20670964913671622,0.01776486590326252,-0.0129351841177347,-0.06146043951178117,0.038949093080695094,0.00735347843319056,0.06957456972407335,0.0013642498325109075,0.02912021297954223,0.06145328008732039,0.03865669441511165,-0.010482589296067851,-0.0911826617387339,0.040878123193846094,0.015966855535155113,-0.01187028035450147,0.06865176870961595,-0.02467189823811723,0.04605847825196085,-0.03751971647104551,-0.035776509184675426,-0.03520025187327644,0.039558811163822025,0.012509272884254397,-0.08544725700853104,-0.009734649839522444,0.016115717817024557,0.1062495693490927,0.04500547539277735,0.06382023419987343,0.0768845186116044,0.08116038728088679,0.007547898369279914,0.02981446247725306,-0.06303747944084331,-0.03669565806096657,0.04812747799384937,-0.08374702276328479,-0.10006997071595095,0.04436091412595948,-0.02986981118590837,0.036089410771856074,0.053336014949813895,-0.017412787258306778,-0.06695761450027574,-0.03744836502232461,-0.06577873989116735,-0.16401868271177458,-0.006061122907715897,0.032266608173239265,-0.07324564576039873,-0.10558596250133027,0.017224746858039663,-0.0208729506604374,0.016655269493155815,-0.06616493802697333,-0.021909405076604667,-0.02612984683226471,-0.17747092106672802,-0.053900084524734236,0.0024687880303466245,0.0160392293184517,0.008498326045894284,-0.025354274040793493,0.05037882597238349,0.0265976497384019,-0.03187944114645122,0.02398284303889675
Chloride (mEq/L)_value (mEq/L),-0.0998538296541727,-0.16443757499041245,-0.02047955594336673,-0.09771885819080275,-0.07368923690650367,-0.034362299718486596,-0.1036570193149323,-0.05474114779993855,0.019396025623558816,-0.052379771693664194,0.040243886255171196,0.04384457995589894,-0.09005164173286595,0.00919331341694557,0.02345451745619133,0.03185993001598368,0.06624600981880348,0.013601045196213742,-0.03295446468051829,-0.2126746812171066,-0.05087985581463259,0.08009822334926903,0.033470813428280205,-0.06446070585609266,0.11142803445555705,-0.1375738404546221,-0.2680398844137468,-0.4461898492481987,1.0,-0.011621404228636103,-0.2018257187028597,-0.1010143116705825,-0.0937197713199267,0.045284851499484566,0.005110655159231049,0.13352798474286998,-0.3020310987504607,0.5616964133774814,-0.027049886861152332,0.013901515520028575,0.11267212541953739,0.0636443637236278,-0.009575688999632341,0.029337505811251618,0.012951926177215174,0.010401574810351411,0.04150918507038423,0.0067400475247033406,-0.018223548142735115,-0.05336027534454167,-0.004196932362607628,0.07044367278612293,0.004884477371308117,-0.06310793887169484,0.028536619037986006,-0.01800590915713141,-0.06084847612911706,-0.02852335186265497,-0.05152999383735043,0.017062182994308457,-0.02622777493251105,-0.011091621449055615,-0.05887625549412816,-0.035470663520177956,-0.09860781753873574,0.027351836209370223,-0.05561125399299649,0.014746570626715907,-0.12221636799419139,0.04418267336529308,0.017684906616491684,0.03541476114863103,0.02713465488365697,-0.030799771343387176,0.01971084184903589,-0.009900704594100218,-0.06243504405849682,0.06728516819296679,-0.033461629090285765,-0.03258604322821384,0.10023865312968888,-0.061488626804470696,0.007020095878453022,-0.0042784676089813916,0.011070087867982513,-0.030356283152333016,-0.1118309093530643,0.08618516399724427,0.001543177286176362,-0.08351952732947283,0.01513588759862976,-0.08294264421742645,0.008130461483289634,0.03596261084382617,-0.010031218092971682,0.02688679492233155,0.029997368082699104,-0.026708945254021735,-0.12290008661833215,0.0697911453435092,-0.011237030763059189,0.008339097916620056,-0.013375373353880065,0.021167348651566466,-0.015144937545162523,0.05418345156332,0.03458113383175629,0.03464233087618212
Creatinine (mg/dL)_value (md/dL),-0.002628118164126177,0.17860629931211505,0.09961210572170942,0.011177690799029624,0.2277764298217337,-0.10225917656163595,0.02225596304352808,-0.0801194519480638,0.007146696144171438,0.035805988190769265,-0.10440682195298272,0.11844514563944263,-0.02390582712279532,-0.04990251990658376,-0.11285461788955138,0.10672535869344449,-0.14729062276924926,0.03877232859794656,0.02960580602514293,-0.18831721431988052,0.07118094123154763,0.6596843445556777,-0.22886514119074586,-0.04471612689340322,0.123565803953079,0.0635637976388973,-0.10586612293957956,-0.22085573400038552,-0.011621404228636103,1.0,0.11582922022877692,0.09443635517792835,-0.19138003193629538,-0.016427515784718582,-0.21417986190734367,0.16451197025002912,-0.005457436497544844,-0.0833818997296779,-0.2382578867135117,0.03530998111479446,0.26292794801028624,0.04524666735071898,-0.03653311616588642,0.17748125344132454,-0.004861277337368206,0.000591683838261061,0.008241966052742664,-0.023173168771103727,0.07060568144896104,-0.17182536790251768,-0.04959224579234229,-0.014352989941307709,0.019552641590967305,0.06885584089840478,-0.025168561180829965,0.0336800327623485,-0.1562509242489389,-0.06836022842288182,-0.05715126771269151,-0.009235283278313708,-0.005986915664244034,-0.07762752220583298,-0.056102500413819,-0.04637027076647024,0.07688743957202615,0.05228738074423421,0.15410056122659865,-0.001383496954775921,0.0893979493240377,-0.0461186096969892,-0.10627380821554208,-0.043044531404711026,0.16233109068312174,0.03196053604950463,0.07238920852565245,0.164771941385459,0.05156403873375907,0.16544860797694544,0.1731472308768225,0.06878773152493318,-0.011721691437142618,-0.04685143066320748,0.01152199980800827,0.15597097052736347,0.1689653760429475,0.09656727538197585,0.24668871335283246,0.4884750179059207,0.06636093388523485,0.07267981207471229,0.011661043533167824,0.04425714767485425,-0.01344183405676045,0.12865119852155318,0.00509254666420238,0.05294930430923788,0.1807889129278118,0.2102995632261383,0.2559518366323685,0.11601382787697397,0.09908583829344621,0.012188348190435528,-0.05229385732689478,-0.06875274559552827,-0.12677882286697784,-0.004748539580803717,-0.0018076479532632354,-0.09705954785024765
"Globulin, Total (g/dL)_value (g/dL)",0.2063221699608583,0.14292766484714994,0.02079580888869527,0.18130949106642458,0.1066472088274961,0.08638703570904338,0.21875628062859934,0.09504331593223002,-0.020335945045469803,0.025462352900277204,-0.101069942294485,0.06443777225853656,0.13572181479351444,-0.05312567770379965,-0.06571002332549461,-0.021696792671975104,-0.9057193658370678,-0.10590463871039266,-0.044690423772199034,-0.12002179860099126,0.17344090411665863,-0.008140639403461205,-0.1256299590384096,-0.17671460641372552,-0.022405341328960098,0.2860205241697666,0.13216185923421045,-0.05512239974859017,-0.2018257187028597,0.11582922022877692,1.0,0.12796542716236978,-0.04025777255103016,0.0811863078718831,0.06753549579088335,-0.04890932730488764,0.8203219760963587,-0.17003277197692648,0.03273185243565209,-0.02529984157744069,0.04477257105809608,0.08756528414941041,0.15867020974304888,0.06435471645868233,0.06325616415179217,-0.01555779701370006,0.006293747334295805,0.058254106429134034,0.01310656396436644,-0.12371463706886845,0.021299908109562907,0.007987004858648472,0.19372123930401733,0.2432619292796414,0.0015907073994043985,0.11444340621652487,-0.05729665458997262,-0.0586265795418211,-0.050624090818479135,-0.12146278724027217,0.05090478534395246,-0.07083255457625309,-0.09590112623393139,-0.11798187017028311,0.18175302963199455,-0.03444016400273752,-0.02966853713980778,-0.11937069705047482,0.08863950727687185,0.037541711500587466,-0.02050086991357203,-0.0963214111604681,-0.05647630750782162,-0.006246878270951313,-0.10724353750564675,-0.08722842488254362,0.07931817131072945,0.030907366981837384,0.05001236954780927,-0.0165944718690021,-0.08964546495603969,0.006046981894045396,0.040257984094359434,-0.15486623892521176,0.008333324128411082,-0.0009440192068860617,0.06189400378471604,0.032174574148687775,-0.05183289117206846,0.0033513286174652076,-0.02542370879409253,0.15868805502274558,-0.07726134462252537,-0.08509291684390687,-0.027914307912812495,-0.021131075837721915,-0.003922600808502808,0.027079770355016578,0.11102390456612443,-0.05453943702942048,-0.04365582158028068,0.04684340173668114,0.018712183706797357,-0.007505137346573186,-0.1824749422657978,-0.04399830591744414,-0.0007930161216169118,-0.07591095329780138
Glucose (mg/dL)_value (mg/dL),0.17538019273733135,0.6351771717981115,0.0543103064996802,0.17086223202997677,0.4529629239062451,-0.007373517801493988,0.19377901822751453,0.017187761156623804,-0.02734079832490128,0.03868240320704391,-0.08701862171386812,0.07081727684073574,0.0953940154473801,-0.043932854941771196,-0.07988617570765001,0.012148148175769513,-0.1361707768626534,0.08895261931020783,-0.004190449671293179,-0.07727054440486744,0.08795923389709746,0.09190318687701908,-0.008080875775670116,-0.05518138754788587,0.22249649577246433,0.08381889603872182,-0.04623030923978937,-0.15155525194033878,-0.1010143116705825,0.09443635517792835,0.12796542716236978,1.0,-0.22304685129364205,0.26213538295450994,-0.13100226678098512,0.055220474169278326,0.06930749712119356,-0.19964767828327235,-0.1345738211748393,0.16043496954585648,-0.0011426872837690205,0.011497256390158398,0.011207540298532905,0.12823961495267908,0.04344281944607423,0.03142904428391393,0.09599485882799146,0.035261116344866325,0.09722939307733894,-0.1518099749656971,0.006667391736525182,0.07879137756113488,-0.00577263555390619,-0.013716486951114467,0.02107120094150556,0.007097904346456012,-0.10641404028769046,-0.04175461827746064,-0.11597337636397695,-0.0256383251522263,0.01219046389752856,-0.07536973212977356,-0.07310351201662643,0.0011060528834145214,0.27770887746616374,0.02277852308804922,-0.015606947747780462,-0.2147428038585842,0.08560422188284891,-0.024483770952081263,-0.03879147042390425,-0.09179737136191471,0.06624434461579212,0.03360371845551023,0.012810132421722985,0.17213739915536894,-0.044563237302089574,0.01623764247137595,0.2636047394995756,-0.039691825117393234,-0.012088601613951738,0.020020851618167076,0.08897635416900562,0.020727772047936615,0.04166124244784056,0.06599942206721307,0.10078129146201721,0.052769374908139516,-0.010898186001865857,0.024289680696650214,0.15964098653596054,0.09049775705655141,-0.030290448426080207,0.05051932925424697,-0.020834555004467837,0.04432185688166967,0.0033604515111439392,0.041649543066620255,0.4109070943253465,0.07440003270824051,0.013007732287870782,0.07193482984274249,-0.060998829226414295,-0.00665591875593168,-0.06910998203095807,-0.03396610708322588,-0.060320049498647346,-0.10269386471295941
HDL Cholesterol (mg/dL)_value (mg/dL),-0.08809770450841657,-0.22863085649324408,-0.16520699165425315,-0.05439090999913179,-0.1660371281881521,0.0391291241943035,-0.10626014390772115,-0.00654275717486905,0.0550683854220631,-0.010235482202115002,0.0744263357527717,-0.048914491977364076,-0.08736953444363105,0.03264049852350692,0.11246491670837415,-0.042330408726982426,0.07724464684021388,-0.12261272452526344,0.01780497297662177,0.1146351389132081,-0.0684136839823651,-0.06638600548660792,0.18829089240418628,-0.022685834689258465,-0.3106184974924068,-0.08515769136306924,0.12226845936698887,0.1883261182530722,-0.0937197713199267,-0.19138003193629538,-0.04025777255103016,-0.22304685129364205,1.0,-0.2739612268345763,0.24789332946928644,0.01802494670569764,0.030229650523601784,0.07462274896759256,0.4619462302849128,-0.31416150959488975,-0.08015875999454411,-0.1716776883642683,-0.042167019889385926,-0.11513522299640601,0.0025729978948334713,-0.016432989733097095,-0.0002918400138198222,-0.00973487368113375,-0.03438327584315221,0.1137130995849919,0.08222797317673264,-0.02242121460276846,0.005739854373013146,-0.0013397805246149227,0.06894028296871162,-0.028213287908389343,0.09701822572038243,0.030683335025533574,0.0644267327429136,0.016042061926232757,0.013103838444625244,0.010526956297335771,-0.0034835230423760593,0.025752393809486122,-0.13486930558711088,-0.08723975023754338,-0.09914931308651358,0.124909732087979,-0.004668111314633652,0.02280896054083208,0.07812054089158592,0.10518587709569778,-0.04125408984143562,0.01720876683161151,0.002193446368325452,0.004840567785545958,0.03280542312357824,-0.026065519373316585,-0.1260809471787134,0.027106393622440758,0.01493298848367748,0.11653066554821948,0.01166094568873607,-0.005471945377547829,-0.15386849736076905,-0.1768536283114185,-0.16696930325720297,-0.0999822101443621,0.09039759435834568,0.0537615803329009,-0.03745600537697979,-0.2259027725748044,0.22160973726782796,-0.10805923673929609,0.019363016709690047,-0.0652499186814468,-0.041129280903105546,-0.08086085954834588,-0.3113789216538302,-0.039764965880896404,-0.027762044171745087,-0.02596014227962207,0.02250397484060484,0.028983027811540184,0.0931732726193885,0.062008294609651286,0.04912812256793996,0.03281270433112552
INSULIN (ng/mL)_value (ng/mL),0.14445841231951165,0.1418614850812344,0.11078276982015149,0.13598049302393245,0.12700059995899188,0.012900650907503303,0.16237023207964188,0.03940358215849803,-0.06870672967191034,0.05057660970801727,-0.03433040769925379,0.028881672813681716,0.07920067098397911,-0.05935343374262229,-0.07217708244318176,0.015898882816583176,-0.1267060595147081,0.12420948564926922,0.043622970237117184,-0.1313700542856426,0.0069618006930109175,-0.009838984694304196,-0.007703125141958376,-0.09614481205548699,0.7473095201061344,0.09670365850574877,-0.049986206809374684,-0.12723860689443053,0.045284851499484566,-0.016427515784718582,0.0811863078718831,0.26213538295450994,-0.2739612268345763,1.0,-0.10036199681371406,-0.10411850783974756,-0.00346567317716341,-0.06414676117854662,-0.0780425302551871,0.33186582470653886,0.18462322445338908,0.10910596687820172,0.059494225726519356,0.06394118454910364,-0.02843818386582887,-0.02585033763099022,-0.030822130221263063,-0.02910007106452391,-0.02130110769832454,-0.07253911428510465,0.015570805199878426,-0.008557309401581278,0.025131038734914075,0.02386115282831179,-0.024434421829456727,-0.04601240546418592,-0.038798387559941167,-0.046141481282567065,-0.04304585123907593,-0.035434308297537784,0.0593414922824447,-0.07698167679302528,0.0026887823736681613,-0.031550748054153144,0.1924841747782565,-0.04668533706741947,-0.030722715373964083,-0.1762406298316538,0.032365037131294225,-0.0342524663482311,-0.026276918748615076,-0.07061337292025799,-0.013212628999951988,0.03373849868695637,0.03726075410674321,0.021438187935999577,0.013701354947336238,0.07552014381908524,-0.02471167857779201,-0.021359338753329182,-0.01389181175979916,-0.018506375662573505,0.05580322608091463,0.015804502150183385,0.00970912719508322,0.050447660144575794,0.09678593523092476,0.07189792582961407,-0.0275617881665322,0.07639474100674391,0.0670849789253223,0.20409203760667602,-0.07501996025475285,-0.019956911147621225,-0.038110986889282744,0.17750875700039762,-0.0041475108312310875,0.025819012540370896,0.11796471253226465,0.016209803754067355,-0.04088808161660058,-0.031082165273111757,0.03433069316513201,0.03554606627736388,-0.038479886475810944,-0.012701754507590163,0.014756457607961584,-0.05824296708024806
LDL Cholesterol Calculation (mg/dL)_value (mg/dL),-0.04367667627993639,-0.18038779092206303,-0.1560517753044206,-0.03689371835631218,-0.23658337312073896,0.051203997236891376,-0.05850872242191373,0.00668726171607333,0.009427393807324705,-0.01870020112394745,0.08775155067699916,-0.09354213481934909,-0.06850154433032349,0.03813661554655034,0.08699493001072477,-0.032868410170128974,-0.025450990942989152,-0.16464578282543957,-0.1486829203528404,0.12926306000007345,-0.012983047714532188,-0.23988338721025543,-0.02068807602011481,-0.11509761335482795,-0.17891965678048896,0.028955600899496996,0.11995989140988306,0.10439670484441213,0.005110655159231049,-0.21417986190734367,0.06753549579088335,-0.13100226678098512,0.24789332946928644,-0.10036199681371406,1.0,-0.021235865442861844,0.13453436890277615,0.0331815277568216,0.9207326456323957,-0.03709303962218979,-0.09107409811093972,-0.010468727754984995,0.0664599996351112,-0.1714298946618928,0.035417648067819926,0.0074505705107209405,-0.006618356782559645,-0.041964363489869365,-0.04424950326345729,0.1777287284204901,0.06341859236467776,0.037328991410347116,0.06295734476317433,0.03058594433391803,0.08253592192961293,0.02723283840356609,0.1385719929887803,0.05243933321863022,0.10497676709295121,0.1259194511306732,0.09760777334853614,0.04162036601557119,0.0084423952519547,0.022667918443940355,-0.12534064941149653,-0.10420405686226758,-0.08082808452415076,0.06929915059299196,-0.06506822307887294,0.03320813098753068,0.10268478912746287,0.04461305328225904,-0.05909517278915552,-0.09657492153481322,-0.13486998059467123,-0.1312289111810277,-0.04381466322775595,-0.06904901740774444,-0.14985002288371835,0.024670675071391333,0.014312454826418805,0.08529822481257661,-0.014521934463255464,-0.13146206321859952,-0.16753098142990905,-0.03322145644795049,-0.2606865453634759,-0.16074318121332629,-0.009746113709365336,0.029146214219048287,-0.056404473409597936,-0.07743587886339169,0.0019849149182533036,-0.1708165009456024,0.04211272054893889,-0.09242560387794406,-0.025281419634050364,-0.13073945478268,-0.37667035545866073,-0.04194660712828379,-0.081852106147403,-0.020670613298972317,0.111797912736338,-0.010233068963547287,0.07480687342923481,0.09286340251520347,0.10170327380304811,0.06520810272123494
Potassium (mEq/L)_value (mEq/L),-0.054121575541881996,0.03540835261891901,0.013607610720429405,-0.05982330741347204,0.04002010967817887,-0.043993582169734376,-0.04890203621977734,-0.05347907674211931,0.03194961063730522,0.006958106842725419,0.0009963836544224533,0.05073829586925995,-0.04645681548399122,0.0182158539565153,-0.034281923345460374,0.05305413801556675,0.024606574648972257,0.03927046794529334,0.005066034426605614,-0.049063458314421896,0.11429218465511047,0.26324025302278176,0.1196171830181726,0.004019865627758092,-0.065510615813871,-0.05689274197506189,0.1252605768781097,-0.10319595740493576,0.13352798474286998,0.16451197025002912,-0.04890932730488764,0.055220474169278326,0.01802494670569764,-0.10411850783974756,-0.021235865442861844,1.0,-0.07176681131740054,-0.034250237487480434,-0.001315896409123858,0.02979565523189504,0.08665666346956973,-0.05870695359183092,-0.01859411840536462,0.02743663229662576,0.007851756515313406,-0.05968791387807748,0.035102094592618274,0.050408506308289296,0.0956311096286606,-0.013557296627056292,0.025359550029924394,0.020329465039287755,-0.04881117951022662,0.014739200066645815,0.04876708229737599,0.0362802937783032,0.0007643715543793401,-0.031539563941628504,-0.01858523807563118,0.08591883590709182,-0.0038539216210804043,0.02252054190216552,-0.01338649459087803,0.008637475886008918,-0.09641508947969446,0.02087526973491062,-0.043388517968435555,-0.0027344384602798473,-0.14721940213335563,-0.058713739566006715,-0.0973523639421805,-0.028449123552677688,-0.05668913969113871,0.08310177299934812,0.055037406531160904,0.08761711014234505,-0.049179314353367004,0.007267333413431282,0.08760469981639347,0.048242841284110764,0.08547089627430592,-0.02504940208786502,0.02737548304782162,0.14544683023718558,0.015721452698839247,-0.045700501434159095,-0.10054665950388927,0.12077433536084418,0.092410953760615,-0.009175090609028783,0.02197584733610149,-0.06129831139138977,-0.04959400272435026,0.06541177486343276,0.06535215151526522,0.016432069735190277,0.05093681341363435,-0.015474391562960873,0.0012583938993033028,0.055283971471609794,0.02837434510988038,-0.014425309492885414,0.048238716061930184,-0.07481218158003242,0.04515869820197083,-0.02663869516866404,-0.02758895093161053,-0.0190078602833904
"Protein, Total (g/dL)_value (g/dL)",0.12882121130011964,0.0880070683514331,-0.04793717905662348,0.10413337732991043,0.01806617376439421,0.0971759156761423,0.12556279322904249,0.09718870086622651,0.01642195244145625,0.008919453188504593,-0.02206670208895768,-0.02395594950933495,0.09198922681904748,-0.043348413194362535,0.004866753658128715,-0.054077573754320124,-0.5455521732765879,-0.04520478379538188,0.01865232904369533,0.46931131165327733,0.07736140802088506,-0.0974625302359634,-0.10108464253164841,-0.00873287057093842,-0.1267511418568232,0.12243071415301092,0.4295352004555237,0.0396753074298158,-0.3020310987504607,-0.005457436497544844,0.8203219760963587,0.06930749712119356,0.030229650523601784,-0.00346567317716341,0.13453436890277615,-0.07176681131740054,1.0,-0.12199563656587013,0.12394187781243964,0.00130415875919146,-0.07131241515597535,-0.02761188347820027,0.13356121799639137,0.0002751413989170344,0.07373851924448582,0.020271857885200684,0.03884659937325009,0.02999750565441102,-0.008665759764747604,-0.0154232642546788,-0.004214598976781701,-0.006393332248705981,0.14267097365460923,0.12673855669568465,0.04596636055687295,0.09345184127389015,0.0017036695142162545,-0.0285655475387709,-0.04214514028686413,-0.0516180077732115,0.059923118592976436,-0.025498417325995896,-0.09506971243303745,-0.03382705282985303,0.1209471477494506,-0.01442593608692477,-0.043049200856852335,-0.12489435466442976,0.0015127603525945312,0.0110325512975073,-0.00029393977096768624,-0.06722621707039012,-0.09158994234377552,-0.06924652309438599,-0.08215015198395825,-0.1428820992795994,-0.026432342255555217,-0.04053920583753598,-0.019160999364075247,-0.05871628377372853,-0.04405814456462771,0.01537106223758707,0.013528784527742133,-0.1607118138248272,-0.041751673028706526,-0.01646201517324536,0.023851197003636745,-0.07539999717888256,-0.03289568290678632,-0.02628737695129916,-0.005197743487936626,0.031329958782972504,-0.12607540791314814,-0.12132266386713698,-0.009632300200815702,-0.050216728886200074,0.0056439567258726574,-0.016593469026603528,0.0181742408433572,-0.10094254791422178,-0.028620903560389693,0.02289079667580951,0.044011125958903816,-0.033560775874650076,-0.05742120016443611,0.007992767981104256,0.014093164608924397,-0.03370015598213326
Sodium (mEq/L)_value (mEq/L),-0.09140986521289052,-0.15939204722318837,-0.030184432410988893,-0.04783964191017921,-0.06301279484593099,-0.05144665346089384,-0.08774645584360181,-0.055411173161458986,0.014030898449929344,-0.039872243866720274,0.01633366290246036,0.023825358845870035,-0.07714303891502465,0.014824155114021468,-0.008944686472031652,0.05029310776644315,0.15306222886855236,-0.009364906746108308,0.016513737527204975,0.05076175988173372,0.0032923657374978096,-0.03960733534643985,-0.011879763173434045,0.010655560282242823,0.046238049940172575,-0.07587990774198523,0.10440344453829609,0.19828091475660092,0.5616964133774814,-0.0833818997296779,-0.17003277197692648,-0.19964767828327235,0.07462274896759256,-0.06414676117854662,0.0331815277568216,-0.034250237487480434,-0.12199563656587013,1.0,0.03164536760032903,-0.07570379274678364,-0.06919381092769417,0.07607381548654735,-0.018003580100688994,0.02537672166322155,-0.0002406546158602607,0.07234202150549844,0.043663344732458254,0.02569539397290665,0.010788563067470728,0.020728289044913847,0.012552013342290981,0.015543937483527798,-0.01097671694319386,-0.010381219129247582,-0.03386325149822868,0.035758045811748344,-0.016307167097486117,-0.05693187519724334,-0.040811648774011576,-0.03291765822729288,-0.08380490089232398,-0.045247791740265525,0.011265158926782468,0.013059076784524627,-0.07673540860779543,0.053693647953646624,0.005240339776529251,0.051434771800187844,-0.019489781853919638,0.05671828997200657,-0.0360850398185852,0.0021690188731206127,0.07569288279312825,0.004128524922635429,0.051999772827678745,-0.02591808167173207,-0.03552886962742922,0.021411852996413995,-0.08202531276361083,-0.02202499241978186,0.028617822596122902,-0.005073855800242115,0.08239434630911949,0.010275366622661812,0.022854309603118614,0.0014538139511263096,-0.04874867411014403,0.011396976379804373,0.023248785520859346,-0.04853416849693454,0.00046276068395228505,-0.08352052773136645,0.05168820117628417,0.02416414184046094,0.022237551247077332,-0.018154924966514212,0.04974828471660918,-0.024141282064029844,-0.16210888113461108,0.015977924997504684,0.03710631346710095,0.001293696728640958,-0.008293740507589529,-0.0355338970943359,0.011550087143886363,0.1409162863911619,0.011690367833557853,0.06016168130189926
Total Cholesterol (mg/dL)_value (mg/dL),-0.04202801475363895,-0.1673921382427385,-0.1869677496666002,-0.04120750098544277,-0.22191884128119724,0.05539112742282916,-0.06053357382278085,0.009628296559932525,0.027151708290196645,-0.01633615834842363,0.10752858272564203,-0.09731492951681395,-0.0701603290744801,0.029922466346073262,0.1009910363092155,-0.04276568274511494,0.01718677432483376,-0.13736452182841288,-0.08904665166964842,0.16461323992560967,-0.02626232244922733,-0.21260825150760324,0.05092526747345801,-0.11835731977005695,-0.17329119219699,-0.008098595856182304,0.1681067198548574,0.10661679511349342,-0.027049886861152332,-0.2382578867135117,0.03273185243565209,-0.1345738211748393,0.4619462302849128,-0.0780425302551871,0.9207326456323957,-0.001315896409123858,0.12394187781243964,0.03164536760032903,1.0,0.17606559346186781,-0.01819609536707101,-0.07548191845322698,0.038154572463845696,-0.18138636053189022,0.05683429930363551,0.0026139284781878263,0.01811445387936704,-0.04685068337956185,-0.0282534241920295,0.19841840076671363,0.061913704155722615,0.04375408392644404,0.04474522945823123,0.012360578082666386,0.12692714729873314,0.0040910719586891384,0.15581200570390383,0.058516077918271514,0.09678446224906856,0.13084487560822453,0.08596323464943795,0.05663851104898516,0.0004393262557211232,0.020906998177199064,-0.10260388337971545,-0.12905123450751962,-0.09534266119908631,0.07458570102184177,-0.021790337723748283,0.02900004723725314,0.11633621377005876,0.07028427765311945,-0.058416985708722495,-0.07313648135642233,-0.1093207362128054,-0.08146660250242144,-0.024539791290581037,-0.06196659246705275,-0.17248903093218376,0.03465821378825884,0.03801743668802502,0.10340755184599493,-0.020701985514645062,-0.0974580455714792,-0.19013755319181222,-0.0432349182151969,-0.2660012397705256,-0.1632031468811221,0.0160191461652309,0.035162984324269564,-0.05837793297085802,-0.10239698828051995,0.08258732659240908,-0.165345313513465,0.07881251732771292,-0.08927242788313162,-0.04697889621168527,-0.14700188560537703,-0.39486246200033726,-0.05466718517989146,-0.07350094939453859,-0.04577053126705537,0.11615928697460332,-0.004398587327199009,0.10360183354857991,0.10866361453027372,0.11325993216687044,0.08249922366797226
Triglycerides (mg/dL)_value (mg/dL),0.08739858591708542,0.20142385647840233,0.007309063239357423,0.04169790349304388,0.11752565836174662,0.0012273128116667047,0.0888670002614124,0.025114063427737556,-0.005959211232508411,0.012011679593126868,0.016335488262841168,0.0039611782262494654,0.06853737077087406,-0.04287459494677031,-0.0373801689091585,-0.006788131193287986,0.027131072405625966,0.12874394636221692,0.0796261980778625,0.04132757417075789,0.02030339261166926,0.03714477882260811,-0.0003260532005036556,-0.03604724828182756,0.25054787829118813,-0.009667670498547744,0.07628361060333674,-0.15941256195549086,0.013901515520028575,0.03530998111479446,-0.02529984157744069,0.16043496954585648,-0.31416150959488975,0.33186582470653886,-0.03709303962218979,0.02979565523189504,0.00130415875919146,-0.07570379274678364,0.17606559346186781,1.0,0.3730853669928002,-0.011076120636843935,-0.008143772172561665,0.010681782342142575,0.0789595725161368,0.005453430169382789,0.06810671834005645,-0.02323870398036102,0.06386616714812582,0.028398907618821242,-0.059682599149253786,0.04987942034062829,-0.03117100361554724,-0.036409916600093496,0.10740721054421347,-0.020847067267903693,0.01588090662179747,0.01119853970732782,-0.041281329235894,0.060423543013258384,0.005317093166087596,0.0580547057363824,-0.021853025099089835,-0.022575540558453785,0.15980614920978856,-0.0333853322587864,0.027413579549050278,-0.08893233410423304,0.10527002891101588,-0.02495796289635788,0.00337279563476153,-0.01876657928031636,0.016801938294749567,-0.008319225948997989,0.011015319077770109,0.08691393080274158,0.013618229103815205,0.008755465815314596,-0.014587201032303798,0.0027227933366566525,0.0470825625770537,-0.037049202507348125,-0.036041719013852856,0.041976576229382244,0.010244507304263002,0.1397930148153047,0.037888156816043,0.03000416357937693,-0.027167442491219322,-0.02776935158378485,0.005060638489988668,0.12860935809330734,0.0004806870822395912,0.046228322971215166,0.097252420097115,0.035830943677349236,-0.032649494374176656,-0.021159541603670402,0.10371628964953057,-0.020691842977825,0.016661764703330004,-0.06103365813186748,0.03150598453795347,-0.004582527459714852,0.029801151902150984,0.028547357164728632,0.03218751107623202,0.046492470896633255
Urine Albumin (mg/dL)_value (mg/DL),0.06024751407865541,0.10320749221276881,0.007276349698896301,0.07830708913331454,0.1385689573159716,-0.005868009513894551,0.07332825955830335,-0.016663958299171368,-0.028649384285264368,0.014077176388883356,-0.057642787594954906,0.09545521716784405,0.02654126574235423,-0.022014900091217617,-0.04582642797737833,0.02285655809728427,-0.113363073207851,0.09454010877837755,0.047890237196918005,-0.1929221633145601,0.06219582371189573,0.15413310672938335,-0.06692913138113496,-0.09005375296949747,-0.007044426575890581,0.04252525978808011,-0.045597673078534115,-0.20670964913671622,0.11267212541953739,0.26292794801028624,0.04477257105809608,-0.0011426872837690205,-0.08015875999454411,0.18462322445338908,-0.09107409811093972,0.08665666346956973,-0.07131241515597535,-0.06919381092769417,-0.01819609536707101,0.3730853669928002,1.0,0.01889008203042177,-0.007639398490645535,0.006994175358175094,0.021044505763962933,-0.014117798316468377,-0.039157596431581794,-0.014578733503727145,-0.01359915886706883,-0.017040505918463414,-0.03469537562997999,-0.023108051415818287,0.000918015082708156,0.016850029102825594,0.010505954340536394,-0.0034668246176484323,0.006350498598687833,0.027399335406826424,0.014387612339886469,0.0044371279603440126,-0.004207591374903922,0.009812426802410217,-0.031687388865814625,-0.03186859890293467,0.08782050569791357,-0.027496150582171038,0.015146038492471016,-0.06719876726843421,0.021300095404151228,-0.03454004120303158,-0.06204034298332096,-0.01862526165138813,0.015088168665089326,-0.03580390691961729,-0.02921901057755277,0.06464749999947106,0.07482611974891974,0.027571270181775184,0.04091114673746239,-0.01680171555764904,-0.028361006400057332,-0.028008654020030433,-0.011382541950985545,-0.021089116813366098,0.012091919721376763,0.044902958291658884,0.09487140615520594,0.2060905820849892,-0.009537513960180653,0.003584038593159812,-0.007610248758853394,0.06306190370494678,-0.018254146800537135,-0.01339087134298954,-0.025041821430991765,0.031616235589011846,0.030020922240987877,0.010949098809721461,0.11418262055587074,0.0282431584291736,-0.021732721316072335,-0.03183649551432332,-0.03255127764744842,0.0874165565340381,0.008492973588721905,0.03453569023363864,0.007980040793338854,-0.03081304763266816
Urine Creatinine (mg/dL)_value (mg/DL),0.09186021046656384,-0.006937957765192703,0.045780641715312625,0.09738667911131434,0.0027256752294672272,-0.0017426851512555418,0.10846036809859437,0.000505209948914123,-0.012388955834477052,0.003840478734231834,-0.08220845881765212,0.1285256538075841,0.0930273222240233,-0.05683007608487457,-0.11548892763817703,0.04275109296289565,-0.15368686534680173,-0.042395258186294554,-0.09533844624664253,-0.18313506054486275,0.09441299577912664,-0.06605508067225208,-0.17463475057666966,-0.02641790391283597,0.0930259125605806,0.2192728343434814,-0.0484086841404829,0.01776486590326252,0.0636443637236278,0.04524666735071898,0.08756528414941041,0.011497256390158398,-0.1716776883642683,0.10910596687820172,-0.010468727754984995,-0.05870695359183092,-0.02761188347820027,0.07607381548654735,-0.07548191845322698,-0.011076120636843935,0.01889008203042177,1.0,0.12424417051384071,0.06797822226253639,-0.037704849278498175,-0.08218881764651616,-0.05827211204739177,0.08739754059279442,0.01514020884021324,-0.07317404004900335,0.03179549988945444,-0.021142557068127323,0.10948220643496748,0.14695889841743104,-0.0735469107702551,0.012360664589487052,-0.05014909775017378,0.019506452989577906,0.022032911349974028,-0.12366291618362305,0.004378346751398731,-0.037523596041480686,0.03603390399855448,-0.06963836193242653,0.09171499671473649,0.021154633766188927,-0.07773182124541177,-0.0824819412936176,0.002546141585935268,-0.01696345219852225,-0.06499359789839347,-0.08105731158514975,0.04681575606179616,0.03906496343409134,-0.08217605981506118,0.008436265979213174,0.047944575215075017,-0.011863745674399143,0.0150709274758353,0.027970177398632726,-0.0013088852956771983,-0.00668074957962611,-0.0064180925575003,-0.061561477358402464,0.10504128521821478,-0.02614143870008638,0.08091295593942546,0.06599068687053902,-0.013757657633151567,-0.005026956590808569,0.005460790943192585,0.14494982937247794,0.012026492809928591,0.06194201706851085,0.0010512447236009715,0.04888757089361454,-0.0266060135917091,0.007437459966664811,0.08523875213934691,0.014641860067928997,-0.03535264845439399,0.04485014233999714,0.005793932269321581,-0.0013923755193319994,-0.1813204383039278,-0.026533212587850477,0.026269880414133785,0.009082073468784747
clock_visuospatial_executive_time_value,0.021377117064351588,0.0177630848990555,0.059786582220240185,0.028631491807546462,-0.007003765401782782,0.027248550703376048,0.026196497612042322,0.02593816408469006,0.002400454269915507,0.014643496177636627,-0.0656455018626331,0.010809618784169526,-0.0006797840540261601,0.00876349544911488,-0.0027050535926287584,0.0021183012647966533,-0.12307624994064219,-0.020271663458584978,-0.012765943799382373,-0.013140815865306384,0.008082714913400076,-0.040478067534331794,-0.01794631426077011,-0.04428080732356935,-0.010638005632089746,0.006198168421553599,0.007905015964730646,-0.0129351841177347,-0.009575688999632341,-0.03653311616588642,0.15867020974304888,0.011207540298532905,-0.042167019889385926,0.059494225726519356,0.0664599996351112,-0.01859411840536462,0.13356121799639137,-0.018003580100688994,0.038154572463845696,-0.008143772172561665,-0.007639398490645535,0.12424417051384071,1.0,0.12060389944768056,0.2280100403730011,0.06042682106222344,0.14032968515418276,0.05522872738132455,0.14654860099420705,-0.12717651976836367,0.14651422329720323,0.16179185542115632,0.357972788382931,0.35130038843574407,0.10504922989745252,0.2562287360129009,-0.01864169273845148,-0.17505006505074208,-0.07546873387898677,-0.09256975536867569,-0.0016512221367729302,0.003286590754190447,-0.14369919196889752,-0.06409518590080948,0.02255441787753384,-0.03569108841029118,-0.08821815441337788,-0.04482624540257982,-0.04368630770496466,0.007636442201613089,-0.014711606215956831,0.0043581517809278755,-0.09942972195219048,0.006057510061972792,-0.08824363727715179,0.017689135142920538,-0.013209824155526675,0.10315134016048207,-0.023385273238568784,-0.020649718840781955,-0.0627614846893728,0.028351509171793358,0.0011658168976800556,-0.08325212789861546,0.02400107531725694,-0.025760575537042085,0.03359910964665212,-0.1043117417084064,0.04331148188353885,0.017657459124291393,0.005964631994288005,-0.005969017571976871,0.05258560024746016,-0.05995731252007902,0.13268639522798342,0.132412561099965,-0.01156867096518262,0.014979388313318855,0.019154322340831545,0.0021340383469427332,-0.018346369353218678,0.0163933028366974,-0.008251339002240383,0.017307127175971774,-0.019261625468170212,-0.09524727951212929,0.00510573094826385,-0.05275876625930242
delayed_recall_with_no_clue_time_value,-0.06620327627423062,0.1098138645120983,0.07816792503215186,-0.05279424491898215,0.15138865107705712,-0.07818726986522712,-0.05471660470010427,-0.0724459436293344,0.030871761914214015,-0.019151479687883444,-0.053086829072116655,0.07155573357688207,-0.011711612134561566,-0.050280541738181486,-0.07942699977090201,0.07293197545489745,-0.0793321203238966,0.023268868965125863,0.008507857043866942,-0.09888787838768293,-0.011238461629816789,0.15070290601509906,-0.0020486629228117837,0.06039836884245225,0.052839127924562204,0.051774085153364374,-0.07127300481024941,-0.06146043951178117,0.029337505811251618,0.17748125344132454,0.06435471645868233,0.12823961495267908,-0.11513522299640601,0.06394118454910364,-0.1714298946618928,0.02743663229662576,0.0002751413989170344,0.02537672166322155,-0.18138636053189022,0.010681782342142575,0.006994175358175094,0.06797822226253639,0.12060389944768056,1.0,0.2002371299418313,0.029269020739222943,0.23688295818511712,0.19285212200106758,0.2756599626001117,-0.5593331021480885,0.12091957577153283,0.16040511492845652,0.19626986979754205,0.1222048322637431,0.16338002544908117,0.1963522641914172,-0.6953729756333259,-0.25155897306429165,-0.367342521233682,-0.13725962005083459,-0.20493255952618752,-0.043227033149812674,-0.1438082369157613,-0.03840491602599942,0.038773344485007404,0.1487266539328239,0.0789661251534815,-0.057068143735773375,-0.027306167164568726,-0.04861521832306409,-0.160698574659022,-0.00971940505035774,0.05634746401086321,0.043755825014524685,0.032384854144108584,0.09100602988866766,0.026607098883494655,0.07232335777734045,0.10597893240407574,0.0012799555305291234,-0.003139647152784203,-0.012997424030288442,0.029235304294071274,0.09109890069542215,0.09124969518568818,0.009244483237001543,0.1570915960396311,0.08804734265301692,-0.0699551356024303,0.0537722752288561,0.108032468338525,-0.01870346550837136,0.028490052917356214,0.055958635496126154,-0.018954972097895026,-0.020079337050971556,-0.036124175265136046,0.03576575283891337,0.18813926170969864,0.06599634591860133,0.08450899318221698,0.012887014751611183,-0.04019239568563998,-0.06553269796187938,-0.1035996668908212,-0.17620512933471372,-0.18556478336827495,-0.1583731625993549
digitspan_time_value,-0.015309382535991315,0.03059127349873356,0.004927700065782121,-0.02199082044187975,0.037278485813476654,0.02114600348080115,-0.018653385227607608,0.007701514160769494,0.040304962462942046,-0.008498493108345493,-0.03204312096998761,0.04780959619005118,0.0023749952229418663,-0.04314283630924283,0.0053071213170154865,-0.0035618902765561992,-0.06765100771084606,-0.04875212247834195,-0.007260143712087956,0.030334247758184194,0.026421130612492506,0.04424052010886534,0.05730206641813894,0.014225110600658637,-0.05608400864624171,-0.03307569027386532,0.010944504394851413,0.038949093080695094,0.012951926177215174,-0.004861277337368206,0.06325616415179217,0.04344281944607423,0.0025729978948334713,-0.02843818386582887,0.035417648067819926,0.007851756515313406,0.07373851924448582,-0.0002406546158602607,0.05683429930363551,0.0789595725161368,0.021044505763962933,-0.037704849278498175,0.2280100403730011,0.2002371299418313,1.0,0.09844349905865724,0.3948965323936387,0.07588583007448799,0.21659505631033185,-0.23838748115347247,0.17936448188007195,0.3971403047906083,0.25857341394134997,0.12722025561985636,0.4474184701510498,0.15432965332910875,-0.12163750617189621,-0.12029225889804078,-0.18744434914271263,-0.10328447370897774,-0.12162975414933581,-0.06843908322124935,-0.2417181648996702,-0.10859948470980463,0.053324130752559734,-0.0016932437760128162,0.05813123668264437,0.003752756665202521,0.0867727322753873,0.00964996965842518,0.028884429478866856,0.029034857947919584,-0.026427876659364948,0.057988990371319556,0.05276365450114037,0.020617836577974145,-0.007665368901070066,-0.02974126025586201,0.09203358037402923,0.013875639379996899,0.029664596414847463,0.08005660497425666,-0.032253051447874354,0.016371349126818754,-0.03585725262404302,-0.008289202183444014,0.040242346195342366,-0.03572674732889199,-0.006805295778278336,0.015280809917685823,0.0240644546781563,-0.08619386032833647,0.013555784013786862,-0.06850555896247133,0.02400788148292039,-0.032895895347139915,-0.01018068001922414,0.022892367942666234,-0.03182088629052698,0.01007159604908583,0.04218665561526242,-0.06340951073308161,0.05213509221753835,-0.05541244119822886,0.0011517075386300942,-0.05620113648305118,-0.07090141758778924,-0.04576327248855441
memory_trial1_time_value,-0.03886665691146604,0.019983079565261817,0.014914229920865742,-0.04254161251903736,0.0037769483237899584,-0.030782055828827763,-0.04841429727743846,0.0012988054465091587,-0.00772540602072001,-0.02601965670578619,-0.02430087326672774,0.00021384890041020537,-0.020401495761167097,-0.021989303051343823,0.031180852769484894,-0.012400812267915767,0.033439931153028006,-0.017242795457579212,-0.001421871434974006,0.059211831346172056,-0.06430137856314853,-0.012787948694535074,-0.027784718405319986,0.02778158383671462,-0.034924573408310206,-0.04556945167543685,-0.034099035541912105,0.00735347843319056,0.010401574810351411,0.000591683838261061,-0.01555779701370006,0.03142904428391393,-0.016432989733097095,-0.02585033763099022,0.0074505705107209405,-0.05968791387807748,0.020271857885200684,0.07234202150549844,0.0026139284781878263,0.005453430169382789,-0.014117798316468377,-0.08218881764651616,0.06042682106222344,0.029269020739222943,0.09844349905865724,1.0,0.16865983940876303,0.047281718932296726,0.0780824471247045,-0.010612550924307558,0.055015555792480464,0.12591414009186233,0.04486647130134126,0.029550020447633246,0.10260701375012576,0.06660851102169246,-0.0012232913381945915,-0.16194747635921464,-0.13442636288210166,-0.0027700922376671907,-0.05121911317101255,-0.031297023242749966,-0.14254883770372961,0.008107059818291901,-0.06460887702933603,0.06898284222264588,0.21442792245126477,0.10834817712444067,0.034847098633009506,0.01385606070242946,-0.10281394358204958,0.0359928539537352,0.0020707609451040406,-0.03802507506638019,0.0007837897985831945,0.0018770025648292155,-0.019346681056176825,-0.02010638862341259,0.014964254813917884,-0.009785106653850014,-0.02860642754182915,-0.009258462444984293,0.0413713169423,-0.00495110965104942,-0.012416943597772526,-0.05198254659099013,0.032319649520199785,-0.057470623098101234,0.14075201057466374,0.0009299506763398611,-0.02038833909414013,-0.06136682708699063,0.021493388401229774,-0.018930712518789486,0.0572794420348743,0.010345302660573293,0.015781409287664454,0.040697015642499924,-0.006748541413148905,-0.018044871373973263,0.07865414430370476,-0.02580687499776832,-0.04064959230425997,-0.026596647315886297,0.029737547839188725,0.03005147106267775,0.0009701139320571065,-0.00977113911496387
memory_trial2_time_value,-0.07495787017501511,0.020762110158397948,-0.06012008166833223,-0.08910638175634501,0.0395046493792145,0.0021392161960498007,-0.08889025917378551,-0.012925407300160181,0.03770362456281338,-0.05436435062783157,-0.0033441057884678145,0.021081927811811233,-0.008024233276795332,-0.01247254768204325,0.012101636492567588,-0.004624857322917986,0.017904628276804613,-0.07393526645770385,-0.057751424919397214,0.0577165391673198,-0.060824919472135905,0.08789209527246611,0.10385123972827752,0.07530232311971044,-0.04533689321954842,-0.09519350317368666,-0.022490287059822825,0.06957456972407335,0.04150918507038423,0.008241966052742664,0.006293747334295805,0.09599485882799146,-0.0002918400138198222,-0.030822130221263063,-0.006618356782559645,0.035102094592618274,0.03884659937325009,0.043663344732458254,0.01811445387936704,0.06810671834005645,-0.039157596431581794,-0.05827211204739177,0.14032968515418276,0.23688295818511712,0.3948965323936387,0.16865983940876303,1.0,0.08577104057212007,0.2189517016450056,-0.2264705062457997,0.14674649944144683,0.427589799743254,0.07714383631141215,0.12119716927037275,0.45018283595820535,0.18330641451280047,-0.11047345240877736,-0.2801421936374558,-0.3712961430328968,-0.08053246187720167,-0.1711311520463829,-0.09611080664389614,-0.316150218807428,-0.030109269097995002,-0.04139639304690165,0.052800677789575215,0.014129573513238784,-0.00885292546961843,-0.07439237066174809,0.04732632779168049,0.03895147536972184,0.12021683633475698,0.04091486411194011,-0.00931323292243732,0.005948068598081069,0.13308915829670454,0.0013775274411106178,-0.021987330518628948,0.11635740261991254,-0.04129132492684031,0.04756571690790717,0.06229616658941665,0.018517845490580363,0.06513956003868779,0.07128005851555198,-0.03575397384180813,-0.028499948270367833,-0.00034889756857841946,-0.03808267911143295,0.03112482072369942,0.027611129283433327,-0.1462295321008452,0.0378023388498173,-0.01612839333044596,0.04093178238458688,-0.05557576592506353,-0.034898697580417706,-0.024989935587490186,-0.012949518477900707,0.05373499787892173,-0.004527840962443214,0.03946526241487587,-0.04365339107719734,0.02130091747475923,0.03487378501121445,-0.10729382295575404,-0.09491176153502093,-0.07024603365400116
moca_abstraction_time_value,-0.003710253842505011,0.04495293795644475,0.0393776337707208,0.012758158000102077,0.05390838178808857,0.020114885105617,0.000590872811178592,-0.011599185516573783,0.029479209233962814,0.007029516975414434,-0.044561776424644456,0.00801140116302992,0.023435746924530435,-0.049636055163032274,-0.021273108460398104,0.0062147433432374385,-0.07502033010997596,-0.02093357927199106,-0.033402095279293526,-0.03787296709887794,0.08087338138708898,-0.0017896358640699184,0.018230804379341367,-0.038246132709839585,-0.04699076358743752,0.015359693211075767,-0.01687488526037721,0.0013642498325109075,0.0067400475247033406,-0.023173168771103727,0.058254106429134034,0.035261116344866325,-0.00973487368113375,-0.02910007106452391,-0.041964363489869365,0.050408506308289296,0.02999750565441102,0.02569539397290665,-0.04685068337956185,-0.02323870398036102,-0.014578733503727145,0.08739754059279442,0.05522872738132455,0.19285212200106758,0.07588583007448799,0.047281718932296726,0.08577104057212007,1.0,0.20189814745703846,-0.17790985804757914,0.07419724191108695,0.09410843302490955,0.10816020149509296,0.11605173193561209,0.0676313105719545,0.26813487039105083,-0.08527137401976355,-0.1696251721495829,-0.040753172133215256,-0.249316644031546,-0.024553111771726182,-0.05248935384187511,-0.08190247762976731,-0.1212428180952164,-0.01358331483609746,0.10804012364155091,-0.02934092827702169,0.01612518334524997,-0.005960293565285751,-0.027082121282233012,-0.04086340321864716,0.05250304677913363,-0.01108936149250426,0.007694850901254315,-0.07579764496074182,0.030766387328057407,-0.02350741642969765,-0.021949517001075485,0.0096685288071886,-0.03777189984383409,-0.06152488525762515,0.014937637960459351,0.018917296386633965,-0.025841018735728437,0.11635700235461585,0.020533804996002773,0.04433569346657921,-0.048318170328149015,-0.024557964330419884,-0.022513405461931257,-0.025876535478668663,-0.06982089715036804,0.04579498705933157,0.03265859274443411,0.014704633336553613,-0.012674162521741422,-0.0056686923148104055,-0.025615827178549225,0.07385698468344498,-0.051673266342736154,-0.01932576038408355,0.004583957562240265,0.013717849292184761,0.003852823200865583,-0.052540236846892886,-0.06896342985843906,-0.11479742267793636,-0.02639113433458523
moca_orientation_time_value,0.006207096685888589,0.0608727419449562,0.029815618265896827,0.015445661568986276,0.05948034609215701,-0.0064389615110104,0.008822556621905914,0.003243419222709636,0.05905892253114129,0.007766283063325181,-0.032882257921801425,0.03333053287208002,0.06873300261621561,-0.056725956397684296,-0.07386339906368418,0.02307494079639538,-0.02630488458098188,0.008419965701210943,0.0009244369802261914,-0.035279897846840214,0.037726249757591965,0.018079287101097085,-0.01938858195829584,0.05230453693778104,-0.015883627025795193,-0.030664578889479023,0.017954647410115807,0.02912021297954223,-0.018223548142735115,0.07060568144896104,0.01310656396436644,0.09722939307733894,-0.03438327584315221,-0.02130110769832454,-0.04424950326345729,0.0956311096286606,-0.008665759764747604,0.010788563067470728,-0.0282534241920295,0.06386616714812582,-0.01359915886706883,0.01514020884021324,0.14654860099420705,0.2756599626001117,0.21659505631033185,0.0780824471247045,0.2189517016450056,0.20189814745703846,1.0,-0.2565774213049844,0.13867023080361746,0.23247293481764372,0.13162106994643202,0.10813206340018253,0.2533710356953498,0.2090927526273761,-0.11250487197962379,-0.15222375021200257,-0.18066469486904735,-0.10150315495458503,-0.2714007231648097,-0.07991821649296155,-0.14578669573461087,-0.053082875017935786,0.016107267427554296,0.10186106732192607,0.009399593894894216,0.017007407055868923,0.014492551334469549,-0.05180008965943674,-0.0907510598361925,0.04756413308762208,0.05264306998793097,0.10978681624329029,-0.016858625721364717,0.023726912476056284,0.04345629740469764,0.031710478408255374,0.0738009721907883,0.05803588517481946,0.06298382124022985,-0.0016655385085320286,0.015371372339821984,0.010634763001071211,0.044484220796509544,-0.014525437386250688,0.04585433489298185,0.015071624940467744,0.010597075756297328,0.07865667260443332,0.025020021864967372,-0.03295471591332086,0.04371314968181386,0.06323547656590678,0.06013887871740992,-0.009525660186502756,-0.01443942406405611,-0.014281042421837047,0.06175936306164484,0.05787596510111695,0.02652863185281365,0.03973449273316617,-0.006618222529229267,-0.05628689058379412,-0.018186308911596775,-0.18841724210852046,-0.09964560426968479,-0.11543720515942113
moca_total_score_value,-0.018752199960226392,-0.14411270702864704,-0.08807451644161764,-0.02900203445679747,-0.15057184587260977,0.02737855606091712,-0.033634670475411285,0.0342578726315827,0.015804810796764414,0.043246185638583165,0.10493396655778334,-0.11048609402166398,-0.017095877861721228,0.052924556531574206,0.06587339717351963,-0.045810583963249406,0.17242291643811344,-0.0046921763174289765,-0.013725470305248236,0.16424546978054458,-0.14326349993600476,-0.1764911883834956,-0.01961562865159254,0.00855635241137143,-0.04779742573169508,-0.028916470426800393,0.10542210743541507,0.06145328008732039,-0.05336027534454167,-0.17182536790251768,-0.12371463706886845,-0.1518099749656971,0.1137130995849919,-0.07253911428510465,0.1777287284204901,-0.013557296627056292,-0.0154232642546788,0.020728289044913847,0.19841840076671363,0.028398907618821242,-0.017040505918463414,-0.07317404004900335,-0.12717651976836367,-0.5593331021480885,-0.23838748115347247,-0.010612550924307558,-0.2264705062457997,-0.17790985804757914,-0.2565774213049844,1.0,-0.14120070603294183,-0.2025712939677246,-0.25307952266005523,-0.15360109132054073,-0.12247279579142271,-0.25316369422098584,0.6159768555065265,0.41772327077243365,0.3844609711054053,0.451555004020037,0.23002089609226778,0.4393696266257798,0.49090398203023633,0.4275315996340485,-0.0781822223673214,-0.10308836470081496,-0.040775035957085204,0.05122465306800717,-0.03281781537566188,0.019361144989573767,0.10116224363476697,0.025340874755670772,-0.11194131903423177,-0.07098736268456877,0.030353059710186505,-0.12595463318114863,0.0016342668307067407,-0.08482564950220924,-0.12259739974271965,-0.025164828019459417,0.0054133665174003354,-0.029572507190969634,-0.07705123989616258,-0.06998117819956472,-0.08143493229888187,-0.08853075950718273,-0.17884425742291274,-0.09368589063291566,0.050191616254113953,-0.07413072165070722,-0.10697645006218014,-0.011137206889551571,-0.09092952861756716,-0.04754250732562279,-0.026491181550770265,-0.004259368204348442,-0.03403019407733774,-0.08435125287291843,-0.22775197317031046,-0.07609400882635053,-0.009391869674915282,-0.06417169113738148,0.03965306447362363,0.019621626281783693,0.41118474206882444,0.3918767243563136,0.30813540301902015,0.4431787686471584
naming_time_value,-0.005240212547855883,-0.00893404949413283,-0.013351171526125223,0.0009596486102372161,0.011114691799890754,0.009846102954016629,-0.0010284721965167787,-0.016112647781223514,0.017737629552469457,-0.014774518370787736,-0.005239670753737653,0.050128797455395814,-0.003284327270715911,0.02362507646858238,-0.027448120794997644,0.022771297213970657,-0.02111304339846564,-0.023009579139138744,-0.014879189954725605,-0.040203830899537864,-0.045949083987589616,0.016760796670345152,0.10893955656921663,0.0025781351127401315,-0.019131230179918825,-0.019620511375428817,0.02719846371706096,0.03865669441511165,-0.004196932362607628,-0.04959224579234229,0.021299908109562907,0.006667391736525182,0.08222797317673264,0.015570805199878426,0.06341859236467776,0.025359550029924394,-0.004214598976781701,0.012552013342290981,0.061913704155722615,-0.059682599149253786,-0.03469537562997999,0.03179549988945444,0.14651422329720323,0.12091957577153283,0.17936448188007195,0.055015555792480464,0.14674649944144683,0.07419724191108695,0.13867023080361746,-0.14120070603294183,1.0,0.1792073438189459,0.13476046989747767,0.14848387123158774,0.13243755612830269,0.17017699222334717,-0.049676944993279966,-0.14230392269830477,-0.11950006855407137,-0.054326694991162806,-0.052373850503634946,-0.21158952888702653,-0.1484506043394804,-0.030973204307848726,-0.024121375092213283,-0.0003159609750836082,-0.03990751806112086,-0.030691506186981406,-0.08121369203353292,0.07320202316424818,0.034959056759664354,0.017976534848584268,0.034587233707447124,-0.011104704690648937,-0.034123427344985274,0.06276520860499776,0.0016436596678754808,-0.05596785512258899,0.029259942807260044,-0.009741546132114497,-0.08661109454170202,0.04152679917513708,0.03381315561497951,-0.0053441827402226135,-0.015775193858281505,-0.021778638375733322,-0.0018761196289566644,-0.03900936233017984,0.08186503809112071,0.12830721004034779,0.08439497215391763,-0.03289048327870805,0.0933003506669181,-0.028772582512892282,0.01592606965068138,0.03463956215614152,0.05243880469340002,0.053775080805170336,-0.035450340044335636,0.007717995005605191,-0.06255086974226974,0.025953053793663364,0.06516517134880724,-0.019499175667581508,-0.06854836934425576,-0.0918053074138684,-0.08215289313876616,-0.01547507038377055
repetition_time_value,-0.02188903617196761,0.05400159780003968,-0.009572728612558836,-0.02651194690654855,0.0711183734137767,0.023103671226651492,-0.03298793565788382,0.016433142995100406,0.0026364239687630586,-0.05262070310610862,-0.03576051000554114,0.026028112774108318,0.04610986877740359,-0.029433699693283827,0.004821661155079174,-0.028686256444704464,-0.03115081520768282,0.0016254337757985254,0.0040330232843293614,-0.02343042071218314,0.009896590070446446,0.0408352624179958,0.045618610288313974,0.03884107790381565,-0.02792617521314939,-0.025563812669783356,-0.04838148278846026,-0.010482589296067851,0.07044367278612293,-0.014352989941307709,0.007987004858648472,0.07879137756113488,-0.02242121460276846,-0.008557309401581278,0.037328991410347116,0.020329465039287755,-0.006393332248705981,0.015543937483527798,0.04375408392644404,0.04987942034062829,-0.023108051415818287,-0.021142557068127323,0.16179185542115632,0.16040511492845652,0.3971403047906083,0.12591414009186233,0.427589799743254,0.09410843302490955,0.23247293481764372,-0.2025712939677246,0.1792073438189459,1.0,0.15275304462584685,0.05004684010372978,0.4207798472215905,0.1580464139285262,-0.05786660656724432,-0.159200498694628,-0.18404615015754727,-0.02386295611937465,-0.0934587038569384,-0.09990110120424751,-0.31798956732073846,-0.06140916872554745,-0.02567955653279209,0.030907615595973218,-0.009513148621577117,0.008677670192771946,-0.04159297813873639,-0.02382952431806689,0.006730236463665879,0.0874502833247661,-0.02611219539528975,-0.013353459329538029,0.0031959664422391855,0.07147106894883856,0.003926228178782751,0.024018200670712902,0.09732524354042142,-0.009265129107557116,-0.01603971050166367,0.051786987510858314,-0.01464946766498289,0.020280029305628392,0.1107373291002301,-0.010941280967790455,-0.02444303132099463,-0.020727247923249783,-0.06262334883810942,0.00679044630241354,-0.00438185634033928,-0.11701748474526825,0.04064546699867662,-0.010280137078376935,0.014315905573046846,-0.034758370562622286,-0.007660918178639328,-0.04032719179409446,0.013857162585548071,0.021013958409514828,-0.022129632709820532,-0.011295421174555521,0.0019674386619487278,0.033058119038122905,-0.013120817444982221,-0.09946623782000147,-0.08099884533662936,-0.057463362160882325
subtraction_time_value,0.15109582938893357,0.005830141183705384,0.06373454332716948,0.14767159962002058,0.01701981561377631,0.08417965996148412,0.15843663564621988,0.0723417989873749,0.0010739781369011752,0.04335236686377266,-0.07720859354331046,0.04157424342198665,0.09589892814315516,-0.07265136973943662,-0.029393266264559233,-0.02729165497585429,-0.18361921316265445,-0.044666518042533285,-0.04479260262588849,-0.051446864726625186,0.14773388131450566,-0.0014584955140232866,-0.039756505710018424,-0.13192581487385657,-0.02278080461329786,0.11886048786646002,-0.01059407151092572,-0.0911826617387339,0.004884477371308117,0.019552641590967305,0.19372123930401733,-0.00577263555390619,0.005739854373013146,0.025131038734914075,0.06295734476317433,-0.04881117951022662,0.14267097365460923,-0.01097671694319386,0.04474522945823123,-0.03117100361554724,0.000918015082708156,0.10948220643496748,0.357972788382931,0.19626986979754205,0.25857341394134997,0.04486647130134126,0.07714383631141215,0.10816020149509296,0.13162106994643202,-0.25307952266005523,0.13476046989747767,0.15275304462584685,1.0,0.2086843501209008,0.015065708822331958,0.17266497481313692,-0.1269368009169095,-0.16953704536438435,-0.10517841480040833,-0.18894154330815707,-0.022998604363364976,-0.050031174946166414,-0.17582769314610405,-0.15776927330242385,0.1543437389520159,0.017831951557791416,-0.08034013652546272,-0.15436085685489187,-0.004672123865554796,0.00037184286123617764,-0.06448508423564625,-0.13552645877426656,0.00041242136762360707,0.01922061913155532,-0.09082551792242065,0.014104568393058296,0.020667656768129077,0.07827416164940361,0.08243880451066661,-0.009957274536017467,-0.0016977104065157196,0.06743789518912971,0.029565796404024562,-0.04830521094445979,0.02623351431329139,0.03074913202440468,0.09492251099956006,-0.05282484253872688,0.009628456624071108,0.05296842422397702,0.02966225251645197,0.0554569346099627,0.03029723665771874,-0.06542001244908022,0.04691489205808837,-0.029507087073096357,-0.01123438723166217,-0.023204594693976555,0.08335617370403059,0.03666685793152842,0.01876885159701127,0.03159093408514342,-0.0002801502156473932,-0.047515219152793844,-0.14285690849325228,-0.1225718223969968,-0.06350426632924135,-0.05345214758839849
cube_visuospatial_executive_time_value,0.08959541905485098,-0.017408554614309683,0.09540287864102429,0.10188023926757449,0.019842643203996976,0.048149248139558114,0.09973457663270871,0.03753494056211613,-0.029333702808236304,0.031297894532350615,-0.09779144708609884,0.059913046748989965,0.07867429354635394,-0.05113424294894937,-0.052082439780532806,-0.0003138096092441395,-0.2462360497374517,-0.07482049538533907,-0.0332726246760243,-0.15559635657868648,0.07504637000341821,0.047008195673845184,-0.004349708936003164,-0.11751533881301875,0.05121779190550312,0.09290599123190581,-0.004932959399099816,0.040878123193846094,-0.06310793887169484,0.06885584089840478,0.2432619292796414,-0.013716486951114467,-0.0013397805246149227,0.02386115282831179,0.03058594433391803,0.014739200066645815,0.12673855669568465,-0.010381219129247582,0.012360578082666386,-0.036409916600093496,0.016850029102825594,0.14695889841743104,0.35130038843574407,0.1222048322637431,0.12722025561985636,0.029550020447633246,0.12119716927037275,0.11605173193561209,0.10813206340018253,-0.15360109132054073,0.14848387123158774,0.05004684010372978,0.2086843501209008,1.0,0.061139081027790344,0.24032322827370722,-0.08637821751469604,-0.10876860748723631,-0.10439533170645673,-0.1319509830834038,-0.008811107584504471,-0.03100440630118522,-0.11085940263206588,-0.13205066731272713,0.039403094444109436,0.011509497007824904,-0.10870581594190928,-0.04736394593907434,-0.0160762925492469,0.0021102031426730367,-0.07632071620916824,-0.033018261414471034,0.0024088170521420005,0.07361998196687505,-0.0660008573276399,0.09793636134488773,0.06317990646448304,0.07856324772801694,0.022784080908379453,-0.0040986493409117,-0.03465154879766248,-0.010476809960997329,0.07169972677291929,-0.0586369878164798,0.03384571981003423,0.03111749911461656,0.09616624199836958,-0.0005104678364360076,-0.011043097161690284,-0.008793417035787607,0.05797767501933841,0.07622137125109053,0.051297385825732435,0.017308900698975616,0.01621517582130827,0.05242164813764761,0.024338815374886656,0.040150628958287596,0.05947107850360808,0.017305959261684423,0.05123900597365994,0.005459827643598986,-0.042620969563416,-0.01768085049370612,-0.2346812533478714,-0.039858822669713086,-0.016683212778873833,-0.1293024046649801
lettera_time_value,-0.07955141583761528,-0.0010350853605024374,-0.08022685781261162,-0.10124042257871402,-0.02199523228140798,0.005175688328020108,-0.0956607422285272,-0.003307782086905706,0.04711486046778692,-0.060611259427483646,0.032178419959140836,-0.009118515564592401,-0.03028363698982566,0.008092996927838327,0.03187830406310588,-0.008836728884404593,0.014738216900419725,-0.045865526291726244,-0.004164287675713297,0.07733744172125871,-0.06729270033814629,0.05218985266487895,0.11261653914389806,0.07609319105408816,-0.03908594620261614,-0.07952012178719732,-0.011781978581926018,0.015966855535155113,0.028536619037986006,-0.025168561180829965,0.0015907073994043985,0.02107120094150556,0.06894028296871162,-0.024434421829456727,0.08253592192961293,0.04876708229737599,0.04596636055687295,-0.03386325149822868,0.12692714729873314,0.10740721054421347,0.010505954340536394,-0.0735469107702551,0.10504922989745252,0.16338002544908117,0.4474184701510498,0.10260701375012576,0.45018283595820535,0.0676313105719545,0.2533710356953498,-0.12247279579142271,0.13243755612830269,0.4207798472215905,0.015065708822331958,0.061139081027790344,1.0,0.16533575546508023,-0.03933040448367565,-0.056801861300504145,-0.09362114715129827,0.02380742869215621,-0.07247202739709845,-0.0561392280593434,-0.1972011733833004,0.004426699301185044,-0.026142605375555426,0.010428871064495622,-0.0086364988801216,-0.01829180245634016,-0.0668031530232307,0.06121047061439246,0.07912239538543647,0.15580095182032988,0.022441039454609072,-0.025471371475865194,0.013658996608246349,0.0021072711663538235,-0.033802484670404094,-0.04749699374474739,-0.002580679219766355,-0.06196014817768288,0.11228252308792906,0.018395858167795154,-0.05652509652084942,0.051152142749840514,-0.015351207080560984,-0.07937710232217124,-0.09429045995748102,-0.030459685208790287,-0.05705403107567831,-0.0007882081374516561,0.018339924915570203,-0.2041112748041667,0.0072636488314630635,-0.047438687936883155,0.0340736129586325,-0.018030765238342364,-0.021897624465369855,-0.03038582759229556,-0.13037466021385977,-0.007855361766842053,-0.018560292916217695,-0.024637182401937414,0.03516038058782251,0.0031241075923975677,0.05780163427432404,-0.10898739211976745,-0.12079622413244467,-0.06079391815749893
trails_visuospatial_executive_time_value,-0.03063161198489305,0.013483549097119126,0.010674424341896048,-0.0360769451135978,0.010627418630604653,0.009551421486339574,-0.024176435097967745,-0.005832007497087174,0.0229552232251579,0.003996615643835638,-0.03776489359627556,-0.02540824024970441,-0.030544282046596163,-0.013524264181119124,0.007030316011343826,0.012340600612632199,-0.09555316198389101,-0.021608295168200224,-0.004079793611165605,-0.014479714932688986,-0.008191646214397852,0.03865549963485755,0.0390870662262126,-0.0057240940663401425,-0.029376781740894392,-0.011546959915834355,0.029982960826312566,-0.01187028035450147,-0.01800590915713141,0.0336800327623485,0.11444340621652487,0.007097904346456012,-0.028213287908389343,-0.04601240546418592,0.02723283840356609,0.0362802937783032,0.09345184127389015,0.035758045811748344,0.0040910719586891384,-0.020847067267903693,-0.0034668246176484323,0.012360664589487052,0.2562287360129009,0.1963522641914172,0.15432965332910875,0.06660851102169246,0.18330641451280047,0.26813487039105083,0.2090927526273761,-0.25316369422098584,0.17017699222334717,0.1580464139285262,0.17266497481313692,0.24032322827370722,0.16533575546508023,1.0,-0.09104670509009119,-0.21815682300671654,-0.09966984035119475,-0.13209621500936203,-0.05122639684448592,-0.17689495621420315,-0.13316001535830355,-0.0915042751358854,-0.03751585303825974,0.028505288568827194,-0.032366889654810306,-0.0050348372742483535,-0.05354157906819722,-0.04463420354552357,-0.07716629633524286,0.08433372728116965,0.044914912660385976,-0.015828367031307244,0.009389928308843136,0.07442051900430216,0.01544460312763505,0.04946747453171565,0.028580910583538975,-0.0296342487106811,-0.021946002329776077,0.009090109243756351,0.0846266003845641,-0.02394259238365931,0.11925087204922462,0.030435341597939095,0.011969971688438637,-0.0354458621719466,-0.042219805536528925,-0.0295049109674219,-0.015069211659939848,-0.03416944784079926,0.016265615149654914,-0.023169939251653084,-0.00903040885864722,-0.007264347701321635,0.08261631090621609,0.015615430827113405,0.05284086946815827,0.03969601384048446,0.06242706824205518,0.05241479164922997,-0.08273852759659715,-0.02486485942559966,-0.06196976634155483,-0.12395837962376881,-0.177594555048342,-0.19678413648850412
moca_combined_mis_score_value,0.020141632674551737,-0.09726390662377847,-0.06383227017574618,0.024655755498247584,-0.11893365774639192,0.0427366635226123,0.010982680172994847,0.033123217929653344,0.035628443828697724,0.02207197068059627,0.050369281093231105,-0.05904419446984505,-0.02051795203659788,0.031142711017805955,0.049333540916446955,-0.029518878811403446,0.07645325562593638,0.027280535487423287,0.03676987443840693,0.0914250723826553,-0.010753198762458645,-0.12755285210290662,0.029856927286234146,-0.028716650003806802,-0.05714432825747576,-0.051749193742368735,0.06700854548915214,0.06865176870961595,-0.06084847612911706,-0.1562509242489389,-0.05729665458997262,-0.10641404028769046,0.09701822572038243,-0.038798387559941167,0.1385719929887803,0.0007643715543793401,0.0017036695142162545,-0.016307167097486117,0.15581200570390383,0.01588090662179747,0.006350498598687833,-0.05014909775017378,-0.01864169273845148,-0.6953729756333259,-0.12163750617189621,-0.0012232913381945915,-0.11047345240877736,-0.08527137401976355,-0.11250487197962379,0.6159768555065265,-0.049676944993279966,-0.05786660656724432,-0.1269368009169095,-0.08637821751469604,-0.03933040448367565,-0.09104670509009119,1.0,0.21128311678128467,0.3859897827204857,0.1377878933847574,0.10973881086034905,0.08521271309109274,0.11080489767702527,0.36685358397160667,-0.07593691819951777,-0.09230700527631397,-0.07731569121477784,0.061657028209346834,-0.017909778976011603,0.05422925487676171,0.13858871066746037,0.08114993763393315,-0.07020754193789817,-0.03616510536328331,0.00339152373812748,-0.09936065385270948,-0.01288020876200373,-0.039103685708889675,-0.11244034001922854,-0.018345671223224936,0.03149443252657731,-0.0017662019262017746,-0.05897098209556363,-0.11688726044537999,-0.05768981174195801,-0.07555304062364661,-0.1715545603313706,-0.0972546361823444,0.0864783153608548,-0.011804268414966021,-0.11004241139866053,-0.01636579219776691,-0.023362783018802694,-0.05841354905333383,-0.011407970635775883,0.010106104895709808,0.02062527378680731,-0.021521617058867605,-0.1558262344595579,-0.04109635486613333,-0.04546055983376759,-0.03837898077691607,0.06334774925295904,0.0148627028478711,0.12955406889066576,0.1373202345395719,0.16971237591726107,0.1367872499920942
memory_trial1_value,0.04361847166241045,-0.03525301793829364,-0.004864642625297976,0.0053975528349437885,-0.0385949454305237,0.03840811639217778,0.0370626149438349,0.042145600857207276,0.004257455223502785,0.02751730132294535,0.07677281474195775,-0.03334481040358915,0.05223631938056452,-0.014051326833229275,0.03158403055880629,-0.054378792910300795,0.06603552596801196,0.016880571068568773,0.014249836390255136,0.040933828818245685,-0.04492393444613186,-0.13190500129838928,-0.07679249752105202,-0.04459764520448544,-0.03375464532235688,0.023429639110916375,0.04222753095060842,-0.02467189823811723,-0.02852335186265497,-0.06836022842288182,-0.0586265795418211,-0.04175461827746064,0.030683335025533574,-0.046141481282567065,0.05243933321863022,-0.031539563941628504,-0.0285655475387709,-0.05693187519724334,0.058516077918271514,0.01119853970732782,0.027399335406826424,0.019506452989577906,-0.17505006505074208,-0.25155897306429165,-0.12029225889804078,-0.16194747635921464,-0.2801421936374558,-0.1696251721495829,-0.15222375021200257,0.41772327077243365,-0.14230392269830477,-0.159200498694628,-0.16953704536438435,-0.10876860748723631,-0.056801861300504145,-0.21815682300671654,0.21128311678128467,1.0,0.4484755137874512,0.18913085034446347,0.17035132414556584,0.2059514755940718,0.3552012163088712,0.1705456863173458,0.03850811001999309,-0.1298629366608301,-0.11959571828136403,-0.07278262236783384,-0.0456344354019901,-0.044223931764341966,0.0698399226703462,0.007814502738746112,-0.04752395858267371,-0.04729373050654567,-0.012549449597029213,-0.11078341501890286,-0.07787941288600123,-0.04339275045942826,-0.061359001125640585,0.03546135945872929,0.04788226683995343,-0.025174400863228363,-0.05046816814083805,-0.09065793470119664,-0.07375214467827522,-0.05374402526262561,-0.1114136204053336,0.004389251454967808,0.0003419047750124521,-0.08506518787268147,0.01783777158291066,0.049008795839446576,-0.07809333433972211,-0.002249986162868775,-0.009286747040747069,-0.07713121988771927,-0.16727176561552215,-0.04567281302704359,-0.10278516323172947,0.017502507712476113,-0.0754745520076591,0.007862636966218162,0.08600188120907733,-0.012539604590364349,0.11199402030551982,0.19525889701886093,0.17938423105842435,0.19402742271547915
memory_trial2_value,0.031863954407776326,-0.09918734446667722,0.009550743642564618,0.05779307891651619,-0.0726758133836865,-0.006909047166495903,0.03921579548019719,-0.01350223537707453,-0.032890139755053234,0.0708035906282896,0.004909926519737947,-0.03445140986119616,-0.020890532306372618,0.037642988317634386,-0.002804029210211921,0.012303922359438252,0.05112852493379224,0.021867776994617658,0.0161858339929423,0.005004787563038857,-0.02060934474159566,-0.08626915281354991,-0.025070137203963314,-0.03813247174349582,-0.022057906081233137,0.015379515806997677,0.022846449572379128,0.04605847825196085,-0.05152999383735043,-0.05715126771269151,-0.050624090818479135,-0.11597337636397695,0.0644267327429136,-0.04304585123907593,0.10497676709295121,-0.01858523807563118,-0.04214514028686413,-0.040811648774011576,0.09678446224906856,-0.041281329235894,0.014387612339886469,0.022032911349974028,-0.07546873387898677,-0.367342521233682,-0.18744434914271263,-0.13442636288210166,-0.3712961430328968,-0.040753172133215256,-0.18066469486904735,0.3844609711054053,-0.11950006855407137,-0.18404615015754727,-0.10517841480040833,-0.10439533170645673,-0.09362114715129827,-0.09966984035119475,0.3859897827204857,0.4484755137874512,1.0,0.11754725151499451,0.08962251342144154,0.09843189466960271,0.29528401587126973,0.09378464994841408,-0.02049166088986421,-0.07038675570217003,-0.06730875348841248,-0.004360065953171188,-0.026261031462750398,-0.06651493589983586,0.040471130608447876,0.04015346698073069,-0.005375676711971456,-0.045601600719656604,0.015340218750326089,-0.08152959422610659,0.005863021749402812,-0.03515702302209302,-0.08289029316470216,0.04998218163876489,0.06551020741598994,-0.008816580138466423,-0.025538830846842345,-0.12107077764645229,-0.06937526346469129,0.01866304624567846,-0.04657348398166659,-0.036708890050909826,0.033467196493725884,0.0032127469080794513,-0.09722758862112367,0.031059015782172454,0.005997366407961464,-0.02281218649038977,0.04122815054043433,0.02703204078993459,-0.03153732126773171,-0.018239088406884398,-0.08969468301149713,-0.06552185374645837,-0.06320535503556737,-0.04055033797537285,0.05211694142651648,0.04988528978195556,0.06427464032183187,0.1230518768942845,0.16032258762854637,0.13370865241081364
moca_abstraction_value,-0.11152552692734057,-0.06138833986920386,-0.07130120057244549,-0.11831156225321154,-0.0836328486017699,-0.05536240212634854,-0.12026044069053396,-0.04094205288761048,0.017194336662374646,0.010258712389714179,0.08203270808019357,-0.06656531670981933,-0.08275932973901863,0.045403337764472994,0.03535109303652319,0.016376274816909415,0.12768566233367662,0.034971567803936086,-0.0017054202173984409,0.09793767463398999,-0.1553240824167062,0.012285942924971573,0.04273050415780718,0.03503647135584888,-0.00478093334140061,-0.058679169796047315,0.0295424151050842,-0.03751971647104551,0.017062182994308457,-0.009235283278313708,-0.12146278724027217,-0.0256383251522263,0.016042061926232757,-0.035434308297537784,0.1259194511306732,0.08591883590709182,-0.0516180077732115,-0.03291765822729288,0.13084487560822453,0.060423543013258384,0.0044371279603440126,-0.12366291618362305,-0.09256975536867569,-0.13725962005083459,-0.10328447370897774,-0.0027700922376671907,-0.08053246187720167,-0.249316644031546,-0.10150315495458503,0.451555004020037,-0.054326694991162806,-0.02386295611937465,-0.18894154330815707,-0.1319509830834038,0.02380742869215621,-0.13209621500936203,0.1377878933847574,0.18913085034446347,0.11754725151499451,1.0,0.11520634384501012,0.30799969901561064,0.23340452996088215,0.16920635632507897,-0.12479937444319864,-0.038425064744794596,0.002196077117240656,0.10602621970367417,-0.02925215174520357,-0.09346114686041002,-0.0006149373743951622,0.033796806110026334,-0.017460538648489177,-0.022134266966609417,0.10221697514570094,0.007097875324243216,-0.001982012471173278,-0.033778821787781584,-0.05007854169176466,-0.024442161098607546,0.04926385796133933,-0.01945064008924481,-0.09712785728180826,-0.013619443577658031,-0.06217669650565415,0.0012624742592926036,-0.07049243274792594,0.022428515550719424,0.02636368673428802,0.03886702845598433,0.025324110819912104,0.025298078525716944,-0.057668331243356234,-0.03597920954482887,-0.008626029474955832,-0.015721899844895092,0.02480971072865692,0.015002447421951342,-0.1176329105087422,-0.01867138832468874,-0.017983343995171878,-0.0707871709631711,0.036943762974766814,0.03810545147170916,0.20678682685616792,0.05297785550705053,0.10614290194104731,0.23054309623504138
moca_orientation_value,0.006061091002667529,-0.0353083160289079,-0.14347830289764954,-0.031676249072914255,-0.10593751751197202,0.04628806854317523,-0.0008588013388654103,0.02773057583255987,0.030229649425448108,-0.017235098488939372,0.0026944111296702076,-0.053963765641791596,0.017587276530829907,0.011137000916584948,0.041774176560703896,-0.04411768995068527,-0.03015889601690685,0.0409018944515375,-0.004449532847077564,0.025422811070632587,-0.06207444713651322,0.006247023376574979,0.008817525157203328,-0.07517927221368591,0.08433119343962153,-0.018374897737999447,-0.01947770918265828,-0.035776509184675426,-0.02622777493251105,-0.005986915664244034,0.05090478534395246,0.01219046389752856,0.013103838444625244,0.0593414922824447,0.09760777334853614,-0.0038539216210804043,0.059923118592976436,-0.08380490089232398,0.08596323464943795,0.005317093166087596,-0.004207591374903922,0.004378346751398731,-0.0016512221367729302,-0.20493255952618752,-0.12162975414933581,-0.05121911317101255,-0.1711311520463829,-0.024553111771726182,-0.2714007231648097,0.23002089609226778,-0.052373850503634946,-0.0934587038569384,-0.022998604363364976,-0.008811107584504471,-0.07247202739709845,-0.05122639684448592,0.10973881086034905,0.17035132414556584,0.08962251342144154,0.11520634384501012,1.0,0.09373029746619344,0.053767939438023424,0.0665717948483257,0.013187320607123477,-0.024173073148381248,-0.061701083599962736,-0.009214948555814869,0.002621655108453469,-0.046582600600064375,0.059609441205776104,-0.021065065304420733,-0.10068158526484382,-0.04416896055959534,-0.05059950932185006,0.00922247721358805,0.0364843237020473,-0.030093421195037905,-0.156733890517035,0.00614240354490169,-0.10252233380830096,0.0041779148131762985,-0.09339930961688728,-0.07642580250536442,-0.035074771239339136,-0.030716461113664852,-0.0001152960946843308,-0.026639893481633134,0.00785685326798491,-0.02075504618368927,0.017091187671401137,0.03064621260847976,-0.04527596671597905,-0.042686802821077154,-0.012394523194553475,0.019351488476252444,0.016744020161341463,0.05205274508411688,-0.10305355245837357,0.05211929252622929,-0.0006864112219175647,-0.1085546993317475,0.02363036203357292,0.06324706823268673,0.03156294170855908,0.08325363151774409,0.023671554465960778,0.040961553872491716
naming_value,0.025856261838547306,-0.05276761221549226,0.03014070876223699,0.017705730655482012,-0.0777687382038744,0.038587436056348935,0.013945375495633712,0.04362693781895177,-0.009084384682030917,0.03340845024201091,0.03292146337109138,-0.09866183077137944,0.03521321985276754,-0.015752878491672655,0.011941501012015888,-0.028810407211021193,0.08202176793980451,-0.002478981996945719,-0.060591812026984083,0.06510446589746488,-0.06298494129107322,-0.1265215307875895,-0.048754001856573116,-0.020489518957658593,-0.03177007887908158,-0.00658993272373561,0.024590032859501645,-0.03520025187327644,-0.011091621449055615,-0.07762752220583298,-0.07083255457625309,-0.07536973212977356,0.010526956297335771,-0.07698167679302528,0.04162036601557119,0.02252054190216552,-0.025498417325995896,-0.045247791740265525,0.05663851104898516,0.0580547057363824,0.009812426802410217,-0.037523596041480686,0.003286590754190447,-0.043227033149812674,-0.06843908322124935,-0.031297023242749966,-0.09611080664389614,-0.05248935384187511,-0.07991821649296155,0.4393696266257798,-0.21158952888702653,-0.09990110120424751,-0.050031174946166414,-0.03100440630118522,-0.0561392280593434,-0.17689495621420315,0.08521271309109274,0.2059514755940718,0.09843189466960271,0.30799969901561064,0.09373029746619344,1.0,0.22573514913523016,0.11063911335719745,0.007900106859116171,-0.032179371153959496,0.012402193671172207,0.014212863310322739,0.04026046453314409,-0.015214339419604445,-0.01484392901148077,0.01820263919836759,-0.09980920546497357,-0.006886510847818843,0.044693911733461926,-0.11260225927928547,0.054411448935551,0.02354198177128573,-0.12098065153523489,-0.0028825975712886602,0.030174142287463804,-0.050013649770702065,-0.10653788584545919,-0.053993277444434204,-0.036069393186169516,-0.07488584265434071,-0.11425621602937053,-0.05775183939882383,0.03932697219731112,-0.022602766171363243,-0.04426828758523639,0.03414161160649044,-0.021779580473144974,0.01399702755054081,-0.0033880750858613982,-0.06004198637517176,0.023436776938490687,-0.030177306851616237,-0.08684525723358581,-0.040863118853866384,0.08082698141832136,-0.03078911825031125,-0.003789283739459722,-0.06574985502146856,0.16386575348483062,0.13628801586827646,0.12856326872041943,0.23030314766802334
repetition_value,2.185585565325662e-05,-0.06903838458668139,0.041790112007696646,0.004897745519379933,-0.06527356071683899,-0.02082487867257261,0.00670215756582488,0.002028718888355377,-0.028149164104428692,0.09693003432549215,0.004963897016173439,-0.04260539084977688,0.020768089359076907,0.026444293183912705,-0.021022092126230362,0.0038253447908953107,0.09898121808802661,0.012067075056349581,0.010825228162277909,-0.016958570304347595,-0.019406371273662282,-0.07497688609557358,-0.052279119338029215,0.02433684801246751,0.04809025753688079,0.05344947502465887,0.04560332888955692,0.039558811163822025,-0.05887625549412816,-0.056102500413819,-0.09590112623393139,-0.07310351201662643,-0.0034835230423760593,0.0026887823736681613,0.0084423952519547,-0.01338649459087803,-0.09506971243303745,0.011265158926782468,0.0004393262557211232,-0.021853025099089835,-0.031687388865814625,0.03603390399855448,-0.14369919196889752,-0.1438082369157613,-0.2417181648996702,-0.14254883770372961,-0.316150218807428,-0.08190247762976731,-0.14578669573461087,0.49090398203023633,-0.1484506043394804,-0.31798956732073846,-0.17582769314610405,-0.11085940263206588,-0.1972011733833004,-0.13316001535830355,0.11080489767702527,0.3552012163088712,0.29528401587126973,0.23340452996088215,0.053767939438023424,0.22573514913523016,1.0,0.14867151695656905,-0.01637382286551958,-0.04581506704640304,-0.049081007894296515,-0.014976441769659435,-0.03892346156933471,0.006103982558022874,-0.003642376133623519,-0.05323642565696394,0.001005615286950211,-0.005837114049108417,0.03974205287922441,-0.00869536783152285,0.021393704850230944,0.03088128928924365,-0.06207095519354924,0.024370475352945793,0.09039700715670972,-0.00937572079439364,-0.02380070301251698,-0.007858893893688223,-0.025972097823820723,0.025898830930724124,0.01095277642932991,-0.01384120420010627,-0.02293633773498077,-0.04518846782817423,-0.03786405236434642,0.10639163613682466,-0.07712943297885866,0.017446147416371592,0.06838222163451603,0.04268925547588256,-0.03709493268508043,-0.06045658716841778,-0.0483991220407358,-0.017360642585284813,0.0034229035714952952,-0.008996206196199768,0.0350599142883077,-0.03536430686761354,0.07826326248263722,0.1618972835783967,0.1865285971460633,0.14043308640801852
subtraction_value,-0.06794703492661462,-0.014163395522634101,-0.048570683389428645,-0.0632658381586112,-0.033791381340908214,-0.07587481453234482,-0.06357606993772567,-0.0470981845789579,0.06206247446763125,0.017032974777539595,0.0826420381148805,-0.02488226324939554,-0.04662855053423675,0.03176012611965038,-0.022575782913814922,0.043067458499846716,0.15403939569227612,0.00599232825467383,-0.009029218817572944,0.12344656558253346,-0.13371366271553764,0.0057920525562391596,0.06751599964553767,0.04284645122427079,-0.032111558559731024,-0.047458136290990986,0.07368246977253175,0.012509272884254397,-0.035470663520177956,-0.04637027076647024,-0.11798187017028311,0.0011060528834145214,0.025752393809486122,-0.031550748054153144,0.022667918443940355,0.008637475886008918,-0.03382705282985303,0.013059076784524627,0.020906998177199064,-0.022575540558453785,-0.03186859890293467,-0.06963836193242653,-0.06409518590080948,-0.03840491602599942,-0.10859948470980463,0.008107059818291901,-0.030109269097995002,-0.1212428180952164,-0.053082875017935786,0.4275315996340485,-0.030973204307848726,-0.06140916872554745,-0.15776927330242385,-0.13205066731272713,0.004426699301185044,-0.0915042751358854,0.36685358397160667,0.1705456863173458,0.09378464994841408,0.16920635632507897,0.0665717948483257,0.11063911335719745,0.14867151695656905,1.0,-0.06546861512611128,0.029103049701340405,-0.04329269478745702,-0.00812594452396232,-0.10718015413726631,-0.0071630661222194135,0.06079591236278712,0.026231754760082174,-0.05248518187299572,-0.02732370900921565,0.017428692825742952,-0.03713329003391453,-0.002690567251290028,-0.01131103518867368,-0.042117357882651814,-0.06488802130440824,-0.008092915003050859,-0.07575520803647819,-0.07365955365770703,0.030289884645593415,0.0286515506386596,-0.091586546745985,-0.06686388037014557,-0.006031808895925895,0.02342161410822514,0.009782456212059193,0.03928755041671568,-0.04897211344853098,-0.09638469766641111,0.08042090074356555,-0.00543345696669659,-0.018615729624136497,-0.10710225766760859,-0.02846300195962289,-0.07206416498934153,0.015474183799207177,-0.0021244162200547314,0.015568643637819476,0.007891039848033705,-0.018900215181392874,0.1042343301831456,0.04865921986789123,0.039110120209670675,0.1284094064974646
Rate,0.7134583072775874,0.2213346713458166,0.10206539546418841,0.6112320817779587,0.18902210422709992,0.2608419150726686,0.727552694509318,0.2977481262527871,-0.16781847830351637,0.10493793144822876,-0.11748323378447956,0.08634699642912198,0.42989032813369055,-0.08683079252870052,-0.09303080067621525,-0.16514389274849942,-0.1809883582831802,0.08276834513700937,-0.0012214646075392967,-0.07067825257872573,0.11640468451982543,-0.003177555941869605,-0.09305251927947505,-0.1361993791055091,0.1789858461337991,0.1627195754894727,0.0014697833836941057,-0.08544725700853104,-0.09860781753873574,0.07688743957202615,0.18175302963199455,0.27770887746616374,-0.13486930558711088,0.1924841747782565,-0.12534064941149653,-0.09641508947969446,0.1209471477494506,-0.07673540860779543,-0.10260388337971545,0.15980614920978856,0.08782050569791357,0.09171499671473649,0.02255441787753384,0.038773344485007404,0.053324130752559734,-0.06460887702933603,-0.04139639304690165,-0.01358331483609746,0.016107267427554296,-0.0781822223673214,-0.024121375092213283,-0.02567955653279209,0.1543437389520159,0.039403094444109436,-0.026142605375555426,-0.03751585303825974,-0.07593691819951777,0.03850811001999309,-0.02049166088986421,-0.12479937444319864,0.013187320607123477,0.007900106859116171,-0.01637382286551958,-0.06546861512611128,1.0,-0.13527415795852246,-0.08737983861330122,-0.7367387370554833,0.40768217648796123,0.12700785181468108,0.03234174634434757,-0.010269517668094589,0.05789257791358159,-0.011599302486311953,0.008687954252696159,-0.0015379133651111708,0.03254646849400287,0.04262272420734987,0.15965230443811512,-0.019715314860745625,-0.020318322694774453,0.011590200482663559,0.05657533834241196,-0.008079091317656373,0.014186482597179131,0.09565440035598534,0.11571626350224024,0.049505050977594424,-0.00692497018261253,-0.030551826266255595,-0.007357870078150939,0.1609990116340359,0.026844775356074234,-0.0035299132837421665,0.026155430277397786,-0.013176512746992566,-0.05075037243842196,0.002227755031876133,0.267716170468799,-0.016812250918124532,-0.0009149362667592359,0.003193257729488242,0.009660270823723017,-0.012184023851873288,-0.16438934114002518,0.012562368354122062,-0.03317367130118554,-0.020563074152998104
PR,-0.13858603227255079,0.0692554367907169,-0.04855679257886732,-0.08680113132742404,0.06671073003383632,-0.08321858357703772,-0.1315200331467731,-0.09625558272551843,-0.016033052867965865,-0.02392725396702348,-0.057614068635033995,0.025899191694556525,-0.09632721068402508,-0.03994773832307927,-0.015666149165856996,0.06924275734886429,0.04206024074004975,-0.009958042245686825,0.05313932655186962,0.02813443587289039,-0.008809697795503333,0.14976515143611402,0.07894935368018133,0.13718264899241342,-0.015381821065683194,-0.08673977202036447,0.018665815272830448,-0.009734649839522444,0.027351836209370223,0.05228738074423421,-0.03444016400273752,0.02277852308804922,-0.08723975023754338,-0.04668533706741947,-0.10420405686226758,0.02087526973491062,-0.01442593608692477,0.053693647953646624,-0.12905123450751962,-0.0333853322587864,-0.027496150582171038,0.021154633766188927,-0.03569108841029118,0.1487266539328239,-0.0016932437760128162,0.06898284222264588,0.052800677789575215,0.10804012364155091,0.10186106732192607,-0.10308836470081496,-0.0003159609750836082,0.030907615595973218,0.017831951557791416,0.011509497007824904,0.010428871064495622,0.028505288568827194,-0.09230700527631397,-0.1298629366608301,-0.07038675570217003,-0.038425064744794596,-0.024173073148381248,-0.032179371153959496,-0.04581506704640304,0.029103049701340405,-0.13527415795852246,1.0,0.17827263314790215,0.1263791410430259,-0.03093168741835071,-0.08096070166001622,-0.08693471703729001,-0.10546353980323095,-0.05825895545805458,0.03891907788311267,0.04306075772805946,0.08082929682504891,0.014239311527307964,-0.0003193080667272272,0.044520700348355854,-0.0022918704298749946,-0.019460040380464328,-0.009100448168366547,0.0030082221032072974,0.05978493073891404,0.03921405328057243,0.0877958249295807,0.12194551848516699,0.025648587837077862,0.015093287978551691,-0.010580300330774107,0.009637327147139371,0.009895078378077335,0.009656936962422244,0.08361136479669692,-0.03855379289061063,0.00786257545762876,0.021678705209336287,-0.017004422469616746,0.10767795556174987,0.07386368777480844,0.21225027620837397,-0.01810573028394819,-0.10910434208449935,-0.11443947685939106,-0.012458083087137303,-0.1083285167797615,-0.08097816956691013,-0.014301263691730272
QRSD,-0.12817953365418647,0.09424124618769819,0.04416073502727291,-0.11440690136556406,0.10611972380758272,-0.09680298301356213,-0.12560776151240208,-0.0743274466089973,0.03073193143458241,-0.038694394926028844,-0.03815887303638133,0.010417171405278921,-0.06893315437519129,-0.04708236110145187,-0.027914459735748125,0.06387390494157981,0.01221068027228934,0.00895755041035304,0.012706858923593098,-0.02892054832198125,-0.02777505250343355,0.1432020292409676,-0.015857109072997196,0.11248367263480617,0.027991813255165823,0.02323355726051386,-0.08192938089225314,0.016115717817024557,-0.05561125399299649,0.15410056122659865,-0.02966853713980778,-0.015606947747780462,-0.09914931308651358,-0.030722715373964083,-0.08082808452415076,-0.043388517968435555,-0.043049200856852335,0.005240339776529251,-0.09534266119908631,0.027413579549050278,0.015146038492471016,-0.07773182124541177,-0.08821815441337788,0.0789661251534815,0.05813123668264437,0.21442792245126477,0.014129573513238784,-0.02934092827702169,0.009399593894894216,-0.040775035957085204,-0.03990751806112086,-0.009513148621577117,-0.08034013652546272,-0.10870581594190928,-0.0086364988801216,-0.032366889654810306,-0.07731569121477784,-0.11959571828136403,-0.06730875348841248,0.002196077117240656,-0.061701083599962736,0.012402193671172207,-0.049081007894296515,-0.04329269478745702,-0.08737983861330122,0.17827263314790215,1.0,0.3399133054665087,0.3387666091064987,-0.05642768521114306,-0.1802158103106704,0.008710659840202632,0.03368888177791524,-0.015094154835417347,0.15608726904004724,0.04936131502836578,-0.0008438060555053549,0.02704015446985343,0.07814677402588056,0.009608393036174327,-0.05634476644942609,0.004354308188640687,-0.025356663000219153,0.08941436575256902,0.0797693469920502,-0.0027405446053971735,0.10263134329381685,0.09937516952202037,0.08383424756078153,0.0018134598908825183,-0.02719770436085968,0.05093833802878566,-0.06974128212162878,0.15144447248985557,0.0069973993715119615,0.10818544946254925,-0.012987356210581549,0.08560999425095009,0.12628077362572926,-0.03000496541621443,0.37189900888545585,-0.09108222693479524,-0.21918590484523903,-0.12121728155319093,0.10888260502112214,-0.028353371619104995,-0.03093096975212464,-0.0037227503889984692
QT,-0.573214502412138,-0.11807727352131646,-0.05366074578428847,-0.4900139850447751,-0.0878513979925619,-0.22926823797594545,-0.5790785915574218,-0.25281320509041005,0.13122845246621723,-0.09365409305671096,0.06409062650676346,-0.056198129489298546,-0.3297587894868521,0.048487895101448235,0.039532776199762185,0.15317384669910192,0.08603385708330048,-0.09196485502009233,0.036805644312241814,-0.03249383285506562,-0.07465559502453627,0.05642298455188069,0.09102810717090885,0.10253313150696791,-0.12706497057847443,-0.10701860839109033,-0.09376544593959796,0.1062495693490927,0.014746570626715907,-0.001383496954775921,-0.11937069705047482,-0.2147428038585842,0.124909732087979,-0.1762406298316538,0.06929915059299196,-0.0027344384602798473,-0.12489435466442976,0.051434771800187844,0.07458570102184177,-0.08893233410423304,-0.06719876726843421,-0.0824819412936176,-0.04482624540257982,-0.057068143735773375,0.003752756665202521,0.10834817712444067,-0.00885292546961843,0.01612518334524997,0.017007407055868923,0.05122465306800717,-0.030691506186981406,0.008677670192771946,-0.15436085685489187,-0.04736394593907434,-0.01829180245634016,-0.0050348372742483535,0.061657028209346834,-0.07278262236783384,-0.004360065953171188,0.10602621970367417,-0.009214948555814869,0.014212863310322739,-0.014976441769659435,-0.00812594452396232,-0.7367387370554833,0.1263791410430259,0.3399133054665087,1.0,0.30058232338257074,-0.09756222280391605,-0.12283305969737911,0.07101969093330976,-0.01604310430827558,0.06472868718955631,0.07290902601487548,0.058214704489064656,0.0364022444052303,0.007888661151892625,-0.09950569394210287,0.017916057183174575,-0.024582059373654517,0.04037565654274735,-0.06715831282548125,0.07311228338189518,0.03813190865340353,-0.09838430175260192,-0.020767462146199216,-0.02304467780069494,0.05941732156280753,0.038400415448109064,-0.05076193087891517,-0.11240295720733205,0.022156597240496255,0.06721650418528329,-0.0004257686304188864,0.03203026548076985,0.02217430650759091,0.05751535387764931,-0.16333140016434797,-0.01601148710041036,0.1366762399883064,-0.017000937456605282,-0.09628689542582415,-0.04062258247137742,0.17303613416741886,-0.026906112608539312,0.06233956917323861,0.002188407783001211
QTc,0.2365336608231733,0.14578507589325967,0.056466596744871374,0.1991876755798175,0.14338867089405524,0.03558976039944829,0.2568057612372997,0.056853901085561286,-0.055068503343008564,0.024299993038377522,-0.056301677946344116,0.033562323145593945,0.10434433293558044,-0.06637351073823618,-0.07908442336329649,0.0075721442165916746,-0.13402647586107522,-0.010658665789125199,0.0432829283988529,-0.13423588408535217,0.07132589149557099,0.053442680652767666,-0.0023322483922542645,-0.06981694779049477,0.08369111967528453,0.07895286942238983,-0.11615537282390734,0.04500547539277735,-0.12221636799419139,0.0893979493240377,0.08863950727687185,0.08560422188284891,-0.004668111314633652,0.032365037131294225,-0.06506822307887294,-0.14721940213335563,0.0015127603525945312,-0.019489781853919638,-0.021790337723748283,0.10527002891101588,0.021300095404151228,0.002546141585935268,-0.04368630770496466,-0.027306167164568726,0.0867727322753873,0.034847098633009506,-0.07439237066174809,-0.005960293565285751,0.014492551334469549,-0.03281781537566188,-0.08121369203353292,-0.04159297813873639,-0.004672123865554796,-0.0160762925492469,-0.0668031530232307,-0.05354157906819722,-0.017909778976011603,-0.0456344354019901,-0.026261031462750398,-0.02925215174520357,0.002621655108453469,0.04026046453314409,-0.03892346156933471,-0.10718015413726631,0.40768217648796123,-0.03093168741835071,0.3387666091064987,0.30058232338257074,1.0,0.042726598492911716,-0.11435364624357323,0.0848578210993928,0.07056449190967772,0.07956334198631593,0.11774556469852368,0.08584468426013436,0.0975913628707357,0.08264241889410007,0.09334210732624444,0.004680348767272806,-0.06355974044511836,0.07787588875213125,-0.006379207950651588,0.07996960172674508,0.07348610197995459,0.023573747785155256,0.12024380268695772,0.013711823430535054,0.06801773858593387,0.01425722709259959,-0.07440702100094039,0.09501141022218132,0.08525934565463222,0.08404194886973632,0.04076953018940872,0.004344545054861624,-0.04248392329037771,0.09091128882872472,0.15011230680377224,-0.05004156925114058,0.1867239483521913,-0.015678307788884547,-0.10165344566276373,-0.09462496598587,-0.0039048375867818375,-0.014114020833145469,0.049967707885791184,-0.017145046859515952
P,0.06359345767342021,-0.06441204488874684,-0.068234632781419,0.03803942835821283,-0.025359928128843256,0.026296822624952223,0.06687554266062963,0.02018872464549998,-0.00047436279694164515,-0.026737917189003632,-0.009902812920571314,0.013877598530131183,0.028704234803994436,0.03917508365149037,-0.007514857725892827,-0.012167446840445167,-0.02080231476238671,-0.033744230352897246,-0.0054264454658239,-0.038813928840906446,-0.07525142223012954,-0.009017597305062087,0.02523317654177039,0.0030551670172771096,-0.03905816486010267,-0.03431450154259653,-0.045697660468433265,0.06382023419987343,0.04418267336529308,-0.0461186096969892,0.037541711500587466,-0.024483770952081263,0.02280896054083208,-0.0342524663482311,0.03320813098753068,-0.058713739566006715,0.0110325512975073,0.05671828997200657,0.02900004723725314,-0.02495796289635788,-0.03454004120303158,-0.01696345219852225,0.007636442201613089,-0.04861521832306409,0.00964996965842518,0.01385606070242946,0.04732632779168049,-0.027082121282233012,-0.05180008965943674,0.019361144989573767,0.07320202316424818,-0.02382952431806689,0.00037184286123617764,0.0021102031426730367,0.06121047061439246,-0.04463420354552357,0.05422925487676171,-0.044223931764341966,-0.06651493589983586,-0.09346114686041002,-0.046582600600064375,-0.015214339419604445,0.006103982558022874,-0.0071630661222194135,0.12700785181468108,-0.08096070166001622,-0.05642768521114306,-0.09756222280391605,0.042726598492911716,1.0,0.22396610702787817,0.3068369640549335,0.0700626460311552,-0.0915566407783404,-0.06618508516978401,0.017600494134760822,0.02117264438766117,0.015759720467093546,0.05514344153591437,-0.005337345216907645,-0.020996702109869106,-0.01483631499443166,0.029991423978264542,-0.04053269243265355,-0.03519287827944761,-0.025248747336181578,-0.060615229661765684,-0.03294393375238829,0.048211604473939365,0.02310180998796851,0.012955781013770117,-0.1371578440333598,-0.012157050994683734,-0.029995581353129006,-0.008617643344632652,0.004546399659456341,-0.008650688376839416,-0.004749711121208084,-0.11127971053078542,0.009870982226645432,0.02528989609684069,-0.1071883981011052,0.044553649268755796,0.00851084228104287,-0.01877790813673228,0.10331515604877392,0.022774125605918294,-0.03494987558360712
QRS,0.04138054007932616,-0.12108366074704814,-0.059486323138779745,0.008582105404274785,-0.10900218241125977,0.0863556601113288,0.02352476861853077,0.06067133407730263,0.018178956035077357,-0.026880282221989037,0.05587209232725826,-0.03997625709096519,0.03418630524170734,0.0683250629971026,0.06656203743688134,-0.07625747105464835,0.009783065782827085,-0.0010187359718333592,0.013472914012642253,0.031143668613613486,-0.1103701676364978,-0.04419830005837001,0.039870690966701004,-0.06811444509611783,-0.050777599734790214,-0.09078565145079937,-0.06013023211913588,0.0768845186116044,0.017684906616491684,-0.10627380821554208,-0.02050086991357203,-0.03879147042390425,0.07812054089158592,-0.026276918748615076,0.10268478912746287,-0.0973523639421805,-0.00029393977096768624,-0.0360850398185852,0.11633621377005876,0.00337279563476153,-0.06204034298332096,-0.06499359789839347,-0.014711606215956831,-0.160698574659022,0.028884429478866856,-0.10281394358204958,0.03895147536972184,-0.04086340321864716,-0.0907510598361925,0.10116224363476697,0.034959056759664354,0.006730236463665879,-0.06448508423564625,-0.07632071620916824,0.07912239538543647,-0.07716629633524286,0.13858871066746037,0.0698399226703462,0.040471130608447876,-0.0006149373743951622,0.059609441205776104,-0.01484392901148077,-0.003642376133623519,0.06079591236278712,0.03234174634434757,-0.08693471703729001,-0.1802158103106704,-0.12283305969737911,-0.11435364624357323,0.22396610702787817,1.0,0.14255305779950314,-0.005203338842133816,-0.10545779151987072,-0.08667174557988898,-0.12312271843853036,-0.054944520020040535,-0.049484290670873315,-0.05459375115826641,0.0020796710674347175,-0.023414071620258155,-0.032946321741329394,-0.06931371169201846,-0.06609522250443958,-0.11138295769871745,-0.009110367862881148,-0.15392968924278605,-0.06765370484341918,-0.08728436020384266,0.016287477206918154,0.008983899251623559,-0.12550748633750441,-0.023980456356477494,-0.060899183431843425,-0.030720003789562765,0.051856897654929734,-0.0030993831920124084,-0.06051308750925921,-0.14397242274502853,-0.03592954488988336,-0.24933161001268225,0.021787272415550014,0.11383967987733745,0.1498128725420446,0.06181648108589116,0.057845415194304244,0.023519807482532774,0.05885107230004596
T,-0.07785871664076134,-0.08646076206446394,-0.06402662804591237,-0.10392040384937493,-0.04600293197854276,-0.031983099679049505,-0.0822268150804014,-0.04950952575636293,0.04536264392308522,-0.054086783711343844,0.0564752506343814,-0.020026309381465122,-0.06117748703658055,0.025361309076120976,0.0016656991064015927,0.032190658513401374,0.09739716145548753,-0.019259945208968433,0.020033873091464698,0.03202420829682842,-0.0675396386149443,0.03946054965964043,0.11394908050678589,0.027253793735866873,-0.07321717763189922,-0.10551787078191102,-0.022952798308916354,0.08116038728088679,0.03541476114863103,-0.043044531404711026,-0.0963214111604681,-0.09179737136191471,0.10518587709569778,-0.07061337292025799,0.04461305328225904,-0.028449123552677688,-0.06722621707039012,0.0021690188731206127,0.07028427765311945,-0.01876657928031636,-0.01862526165138813,-0.08105731158514975,0.0043581517809278755,-0.00971940505035774,0.029034857947919584,0.0359928539537352,0.12021683633475698,0.05250304677913363,0.04756413308762208,0.025340874755670772,0.017976534848584268,0.0874502833247661,-0.13552645877426656,-0.033018261414471034,0.15580095182032988,0.08433372728116965,0.08114993763393315,0.007814502738746112,0.04015346698073069,0.033796806110026334,-0.021065065304420733,0.01820263919836759,-0.05323642565696394,0.026231754760082174,-0.010269517668094589,-0.10546353980323095,0.008710659840202632,0.07101969093330976,0.0848578210993928,0.3068369640549335,0.14255305779950314,1.0,0.04374599108825436,-0.048926357552238675,-0.013416950382285617,0.028565611138064648,-0.02072989529269553,-0.0295069286147342,-0.0347626989271307,0.01947040237299275,0.07192184239249938,0.03367629622783388,-0.031373376367512376,-0.01913771164363858,0.09219595235830813,-0.04406090709949285,-0.07492628676260624,-0.01632016389015252,0.09420396090576096,0.05662985862691047,-0.02108420774708023,-0.1724286766429471,-0.00025688896359693286,0.02038762604230335,-0.05032912833674079,-0.03104749993711559,-0.06527009980501124,0.017193390374287767,-0.09422472961648476,0.01627473341728386,0.10013503498411877,-0.1815274121680698,0.022531558775605993,0.005413815069006342,0.04718922994527543,0.019202409553857526,-0.01632635759884779,0.007934736178057874
Age-related macular degeneration,-0.01206101926408219,0.015469645269334427,0.06530836085980733,-0.00010525078503523751,0.07565170099412989,-0.03518698944941616,0.0002304015440892867,-0.038639695054438386,0.024770596494470998,0.04821389360611332,-0.01301389071809443,-0.004493854766469435,-0.018855445274388215,-0.01866276069819339,-0.03798186955799723,0.04212986115038277,0.019981185324705934,-0.06533025405868684,-0.06308954873092897,-0.07179103045059289,0.026631981674134338,0.06535160231776359,-0.01027908175167126,-0.005612241098903011,0.022219863874739215,-0.004260900931479849,-0.0810351256163363,0.007547898369279914,0.02713465488365697,0.16233109068312174,-0.05647630750782162,0.06624434461579212,-0.04125408984143562,-0.013212628999951988,-0.05909517278915552,-0.05668913969113871,-0.09158994234377552,0.07569288279312825,-0.058416985708722495,0.016801938294749567,0.015088168665089326,0.04681575606179616,-0.09942972195219048,0.05634746401086321,-0.026427876659364948,0.0020707609451040406,0.04091486411194011,-0.01108936149250426,0.05264306998793097,-0.11194131903423177,0.034587233707447124,-0.02611219539528975,0.00041242136762360707,0.0024088170521420005,0.022441039454609072,0.044914912660385976,-0.07020754193789817,-0.04752395858267371,-0.005375676711971456,-0.017460538648489177,-0.10068158526484382,-0.09980920546497357,0.001005615286950211,-0.05248518187299572,0.05789257791358159,-0.05825895545805458,0.03368888177791524,-0.01604310430827558,0.07056449190967772,0.0700626460311552,-0.005203338842133816,0.04374599108825436,1.0,0.043283564465422586,0.04658053237030893,0.16160822869556893,-0.028946435481545473,0.02638140881463113,0.15632905443151865,0.04626196819561595,0.029954300949221038,0.10098035718818436,0.1392560435165939,0.08211787010598653,0.007203315652707198,-0.04629967715589202,0.02989087472207659,0.07368769238918298,0.03945033675740309,-0.0035398000422738577,0.09596701807005507,-0.024617838353093124,0.1445044271288588,0.0328508023210856,0.0342233153334682,0.046554966327820135,0.08571071372898592,0.12929880559934262,0.03788194716365574,0.09483358554627634,0.08688740410780783,0.03397662842821565,-0.058213351016552575,-0.06564496930304002,-0.04025385395992715,-0.07341044590437956,-0.07191639385333867,-0.07259113611894004
Arthritis,-0.012828204063753821,0.04507440727174425,0.08485584795567609,-0.014847682414836088,0.09618349854977715,-0.04388361809887554,0.0010424057896807398,-0.048132057777820626,0.040984115379249,0.016291695043494623,-0.026073226328001586,0.06379293609371174,-0.0097739069160223,-0.031053294101143995,-0.07904256154016247,0.0706043492709224,-0.024618024907225384,-0.031550756622599915,0.014378760239589977,-0.11056048679318342,0.11774760191951289,0.0759322668701141,0.10595031586364195,-0.0952702126738754,0.0660253156852036,0.06674059787287485,0.0013587819965903414,0.02981446247725306,-0.030799771343387176,0.03196053604950463,-0.006246878270951313,0.03360371845551023,0.01720876683161151,0.03373849868695637,-0.09657492153481322,0.08310177299934812,-0.06924652309438599,0.004128524922635429,-0.07313648135642233,-0.008319225948997989,-0.03580390691961729,0.03906496343409134,0.006057510061972792,0.043755825014524685,0.057988990371319556,-0.03802507506638019,-0.00931323292243732,0.007694850901254315,0.10978681624329029,-0.07098736268456877,-0.011104704690648937,-0.013353459329538029,0.01922061913155532,0.07361998196687505,-0.025471371475865194,-0.015828367031307244,-0.03616510536328331,-0.04729373050654567,-0.045601600719656604,-0.022134266966609417,-0.04416896055959534,-0.006886510847818843,-0.005837114049108417,-0.02732370900921565,-0.011599302486311953,0.03891907788311267,-0.015094154835417347,0.06472868718955631,0.07956334198631593,-0.0915566407783404,-0.10545779151987072,-0.048926357552238675,0.043283564465422586,1.0,0.09537859085864489,0.16214661459905647,0.1438359701976432,0.10077351805928134,0.007768621694193529,0.10124266603591457,0.013920604296869598,0.11474387274306003,0.05158000320704317,0.13177810872944015,0.0140617857898681,0.0951408108550977,0.14123666334432072,0.09739668568485987,0.07460671178499112,0.1261399276965023,-0.01692691834679607,0.1700600240599737,0.22025436218506297,0.02403725920461009,0.1189748431473171,-0.03638921560410246,0.02830975976782576,0.07862037297552513,0.14609376000001678,0.13576039771191378,0.005795265458126381,0.026263983196691917,-0.004971982174976506,-0.022742735344838796,-0.07620992590480595,-0.052252653681180795,0.03986085081667513,-0.04125636250613633
Cancer,-0.022917052458567955,0.06189302764855834,-0.0017008766500433673,-0.01353445577676419,0.05128529794913139,-0.06493552103038919,-0.016322998842563465,-0.038371907317777856,0.03446364936574153,0.030834332001759408,0.01016506469969878,0.028715615927589026,-0.015371662409564123,-0.019790869333675104,-0.0642093589841736,0.06129056711785741,0.1185572460149444,-0.015316778564561756,0.03428628634612982,0.022981647952697953,0.0060682043591674655,0.12829250742000176,0.08921488904648858,0.09117151567815153,0.09449121142721155,-0.060417567450195525,-0.04141704892759974,-0.06303747944084331,0.01971084184903589,0.07238920852565245,-0.10724353750564675,0.012810132421722985,0.002193446368325452,0.03726075410674321,-0.13486998059467123,0.055037406531160904,-0.08215015198395825,0.051999772827678745,-0.1093207362128054,0.011015319077770109,-0.02921901057755277,-0.08217605981506118,-0.08824363727715179,0.032384854144108584,0.05276365450114037,0.0007837897985831945,0.005948068598081069,-0.07579764496074182,-0.016858625721364717,0.030353059710186505,-0.034123427344985274,0.0031959664422391855,-0.09082551792242065,-0.0660008573276399,0.013658996608246349,0.009389928308843136,0.00339152373812748,-0.012549449597029213,0.015340218750326089,0.10221697514570094,-0.05059950932185006,0.044693911733461926,0.03974205287922441,0.017428692825742952,0.008687954252696159,0.04306075772805946,0.15608726904004724,0.07290902601487548,0.11774556469852368,-0.06618508516978401,-0.08667174557988898,-0.013416950382285617,0.04658053237030893,0.09537859085864489,1.0,0.21280372777148163,0.015609165311864076,0.05746242333527777,0.013074568424879073,0.002259636899780364,0.00920278707909438,-0.010618727359352887,-0.005438316795119028,0.2386071242016647,0.013046318443454094,0.017683716640372334,0.026092564578936744,0.10896202528575678,0.04101855211548911,0.0453201947704182,0.028404396823532487,-0.06654821518926046,0.07456355412331381,0.05336622984970054,0.06085865995924158,0.009702855443309386,0.08636320767667445,0.061083936346583025,0.004477404271490136,0.08946591541344842,0.06594894847373543,0.06235309626910674,-0.08911495984954516,-0.030074772261908914,0.08606521014091563,0.007411141228244493,-0.02146998840149221,0.010145878184204869
Cataracts (1+ eyes),-0.07843188727800145,0.133382687626089,0.050102771095882126,-0.06588762295202409,0.1523843404516027,-0.13491878134254906,-0.04827495383095661,-0.1255940482288641,0.040458232227716676,0.00901632951367184,-0.036676572499650756,0.09808294542270621,-0.10473925908599722,-0.06961117028157965,-0.08383045399398524,0.13027720856421826,0.05432739004628607,-0.05143960543216887,0.037541581684405634,-0.11334754343182347,0.05638437027808994,0.22488423066754235,0.1020158612106437,-0.010279523592757038,0.07067573669398697,-0.032584579280614055,-0.019447141433909174,-0.03669565806096657,-0.009900704594100218,0.164771941385459,-0.08722842488254362,0.17213739915536894,0.004840567785545958,0.021438187935999577,-0.1312289111810277,0.08761711014234505,-0.1428820992795994,-0.02591808167173207,-0.08146660250242144,0.08691393080274158,0.06464749999947106,0.008436265979213174,0.017689135142920538,0.09100602988866766,0.020617836577974145,0.0018770025648292155,0.13308915829670454,0.030766387328057407,0.023726912476056284,-0.12595463318114863,0.06276520860499776,0.07147106894883856,0.014104568393058296,0.09793636134488773,0.0021072711663538235,0.07442051900430216,-0.09936065385270948,-0.11078341501890286,-0.08152959422610659,0.007097875324243216,0.00922247721358805,-0.11260225927928547,-0.00869536783152285,-0.03713329003391453,-0.0015379133651111708,0.08082929682504891,0.04936131502836578,0.058214704489064656,0.08584468426013436,0.017600494134760822,-0.12312271843853036,0.028565611138064648,0.16160822869556893,0.16214661459905647,0.21280372777148163,1.0,0.0995742684617204,0.07975175440166118,0.2257712216577334,0.09630988754442216,-0.07138853497376497,0.15124890672449323,0.13230354599654637,0.17489583416945692,0.09880005730916819,0.16965236917092402,0.20815631398183218,0.11342224332474865,0.014174568196170552,0.11865619951748288,0.05905558010579045,-0.0236632824773151,0.22244089895532523,0.13590203636157291,0.05531259577841915,0.028447994042364876,-0.0032500417928806634,0.09488103256514695,0.1765843257841337,0.1713706427306092,0.09545965271293397,0.04962376301091468,-0.0440036230102254,-0.1041559837318556,-0.07002579359433779,-0.05738143979337545,-0.10171823038880988,-0.0743549721807481
Chronic pullmonary problems,0.0543788018331517,-0.03150423631120802,0.1001059619306007,0.041392973201581106,-0.0014313591275923816,-0.039463338714836114,0.0772166783638521,-0.03095952602398057,-0.001430960602299279,0.0426926559913168,-0.028507362550241677,-0.00856115178457727,-0.0008341518248619776,-0.0403446390141987,-0.06867895195257993,0.05762414656143732,-0.11006601998759198,-0.09726698226349753,-0.07118677914278194,-0.1683537061298768,-0.008317340499630085,-0.011182147662974531,-0.04420958442601323,-0.03904075751100711,-0.018724806257241818,0.10756883964791213,-0.10798635965443885,0.04812747799384937,-0.06243504405849682,0.05156403873375907,0.07931817131072945,-0.044563237302089574,0.03280542312357824,0.013701354947336238,-0.04381466322775595,-0.049179314353367004,-0.026432342255555217,-0.03552886962742922,-0.024539791290581037,0.013618229103815205,0.07482611974891974,0.047944575215075017,-0.013209824155526675,0.026607098883494655,-0.007665368901070066,-0.019346681056176825,0.0013775274411106178,-0.02350741642969765,0.04345629740469764,0.0016342668307067407,0.0016436596678754808,0.003926228178782751,0.020667656768129077,0.06317990646448304,-0.033802484670404094,0.01544460312763505,-0.01288020876200373,-0.07787941288600123,0.005863021749402812,-0.001982012471173278,0.0364843237020473,0.054411448935551,0.021393704850230944,-0.002690567251290028,0.03254646849400287,0.014239311527307964,-0.0008438060555053549,0.0364022444052303,0.0975913628707357,0.02117264438766117,-0.054944520020040535,-0.02072989529269553,-0.028946435481545473,0.1438359701976432,0.015609165311864076,0.0995742684617204,1.0,0.09008174941357999,0.021684953210918873,0.08197970670271165,-0.0816566923891167,0.020651110351904232,0.05355845332732394,0.056986245413862185,0.052457900094941716,0.012220677977777476,0.10219255074011531,0.12669670880732567,0.05714989535187063,0.07306951743074883,-0.030411978803542277,0.08383899021814716,0.15339466440479524,-0.013586968809555627,-0.020018005193943453,-0.03443394740445976,0.030955318011577557,0.09939686089323593,-0.030668726824997477,0.059611117444489964,0.09835580258865802,-0.09856611411232111,0.019718585689596235,-0.05703114110791326,-0.015474875468857561,-0.0011773373489466347,0.005853225524703976,0.01175021992264509
Circulation problems,0.04474507637180031,0.005925373976621462,0.07093658966989448,0.056407406515367964,0.01837836806328123,-0.03397613884786012,0.06043392380683762,-0.01370128224090237,0.0037818648983170403,0.03534535026986137,-0.028491102760809316,0.03915747717127473,-0.013836835564919669,-0.03066847398109308,-0.04215389284913126,0.04326285695740535,-0.051733136378042735,-0.05276022887282175,-0.049403941863916764,-0.11809432540902416,0.036179018461340244,0.1505205935274148,-0.0021457029148494295,-0.06661664168374061,0.14688570765135775,0.03999888000352541,-0.05617315774358381,-0.08374702276328479,0.06728516819296679,0.16544860797694544,0.030907366981837384,0.01623764247137595,-0.026065519373316585,0.07552014381908524,-0.06904901740774444,0.007267333413431282,-0.04053920583753598,0.021411852996413995,-0.06196659246705275,0.008755465815314596,0.027571270181775184,-0.011863745674399143,0.10315134016048207,0.07232335777734045,-0.02974126025586201,-0.02010638862341259,-0.021987330518628948,-0.021949517001075485,0.031710478408255374,-0.08482564950220924,-0.05596785512258899,0.024018200670712902,0.07827416164940361,0.07856324772801694,-0.04749699374474739,0.04946747453171565,-0.039103685708889675,-0.04339275045942826,-0.03515702302209302,-0.033778821787781584,-0.030093421195037905,0.02354198177128573,0.03088128928924365,-0.01131103518867368,0.04262272420734987,-0.0003193080667272272,0.02704015446985343,0.007888661151892625,0.08264241889410007,0.015759720467093546,-0.049484290670873315,-0.0295069286147342,0.02638140881463113,0.10077351805928134,0.05746242333527777,0.07975175440166118,0.09008174941357999,1.0,0.11062260975033164,0.0035201876915844856,-0.03899753936503597,0.01859524801680714,0.023225593845625937,-0.023963264142048916,0.07320405058027732,0.027647193547335962,0.04689101342586316,0.06956224309242987,0.0769500528858962,-0.0029225489615733236,-0.020608171239479105,0.12100315682863706,0.09439234175462195,0.08942951857146127,0.13841773323426018,0.0790894967319948,0.07434093487686695,0.09422408914096739,0.08359145443075978,0.05383960993024148,0.015546050580156338,0.05761693768807847,-0.03781959972704343,-0.02353571948226395,-0.1528099328780223,-0.07391812624521218,0.021995676110476203,-0.060998910948126366
Diabetic retinopathy (1+),0.11093645374770987,0.1844036968744863,0.03967193326148442,0.06278789859937939,0.28167192448210004,-0.031876112238122783,0.1319925902190276,-0.03153802176135726,-0.005526383575738869,-0.009887359032263588,-0.03897596719182192,0.09829526310457529,0.01037564727823779,-0.03781479449293002,-0.0774952156896648,0.05825575040999298,-0.07194453480841011,-0.07328891567474981,-0.0522693390242427,-0.11048231210569887,0.11950032764621886,0.19759808881509583,0.0014866034890132762,-0.04552611401387428,-0.06656893068578668,0.13099373793904562,-0.06076897861188716,-0.10006997071595095,-0.033461629090285765,0.1731472308768225,0.05001236954780927,0.2636047394995756,-0.1260809471787134,-0.02471167857779201,-0.14985002288371835,0.08760469981639347,-0.019160999364075247,-0.08202531276361083,-0.17248903093218376,-0.014587201032303798,0.04091114673746239,0.0150709274758353,-0.023385273238568784,0.10597893240407574,0.09203358037402923,0.014964254813917884,0.11635740261991254,0.0096685288071886,0.0738009721907883,-0.12259739974271965,0.029259942807260044,0.09732524354042142,0.08243880451066661,0.022784080908379453,-0.002580679219766355,0.028580910583538975,-0.11244034001922854,-0.061359001125640585,-0.08289029316470216,-0.05007854169176466,-0.156733890517035,-0.12098065153523489,-0.06207095519354924,-0.042117357882651814,0.15965230443811512,0.044520700348355854,0.07814677402588056,-0.09950569394210287,0.09334210732624444,0.05514344153591437,-0.05459375115826641,-0.0347626989271307,0.15632905443151865,0.007768621694193529,0.013074568424879073,0.2257712216577334,0.021684953210918873,0.11062260975033164,1.0,0.005161754214450273,0.00028535366294081717,-0.02385699611610527,0.16726925722007743,-0.05552417441303286,0.16013026107792405,0.019802363149689275,0.14994448044189868,0.14757279452856875,-0.05035441551260421,-0.03977781820340121,0.11385496207971728,0.02886132207066903,0.05425200776007509,0.08195376627568975,-0.03397934054244688,-0.018193184564180048,-0.015741789036820875,0.031902438421540266,0.2577067116696614,0.018990063129700977,0.07180038736340819,0.08316494138960641,-0.0805950554548753,-0.063321221481136,-0.08951246919778703,-0.023137652474440176,-0.1002291497958199,-0.022231383533990016
Digestive problems,-0.028513588269113394,-0.018815944991248935,0.03834636265745469,-0.039433748812096256,0.024399707700019434,-0.01716227036046633,-0.021823018945699976,-0.02741393611451895,0.032689505629258604,0.051445521078544255,0.0016402815151920526,0.019265893361542868,-0.04125726082698692,-0.01662371969920286,-0.018798612112400543,0.03933936427309275,-0.009138464390483013,0.023869318334258333,0.028669247763602492,-0.07630394539906125,0.127979976448865,-0.007878888430667799,-0.07900176337791912,0.005182349052613864,-0.032432838758935864,0.033773604670016825,-0.01933888141024196,0.04436091412595948,-0.03258604322821384,0.06878773152493318,-0.0165944718690021,-0.039691825117393234,0.027106393622440758,-0.021359338753329182,0.024670675071391333,0.048242841284110764,-0.05871628377372853,-0.02202499241978186,0.03465821378825884,0.0027227933366566525,-0.01680171555764904,0.027970177398632726,-0.020649718840781955,0.0012799555305291234,0.013875639379996899,-0.009785106653850014,-0.04129132492684031,-0.03777189984383409,0.05803588517481946,-0.025164828019459417,-0.009741546132114497,-0.009265129107557116,-0.009957274536017467,-0.0040986493409117,-0.06196014817768288,-0.0296342487106811,-0.018345671223224936,0.03546135945872929,0.04998218163876489,-0.024442161098607546,0.00614240354490169,-0.0028825975712886602,0.024370475352945793,-0.06488802130440824,-0.019715314860745625,-0.0022918704298749946,0.009608393036174327,0.017916057183174575,0.004680348767272806,-0.005337345216907645,0.0020796710674347175,0.01947040237299275,0.04626196819561595,0.10124266603591457,0.002259636899780364,0.09630988754442216,0.08197970670271165,0.0035201876915844856,0.005161754214450273,1.0,0.06541959189974769,0.16881721732206045,0.010169829480893717,0.09293627277517766,-0.038705794652371825,0.01914770301156729,-0.042959197723080336,0.1069340744596816,0.11941217976479622,0.06035256572025,-0.04208539124056699,0.04010668983890471,0.11202268116652145,0.03570383756641806,0.17239764212263284,-0.03535627383380496,0.0084146161554973,0.06121037897076019,-0.000227433022546559,0.16810038689252346,-0.04236047033988485,0.01964632432217109,0.02005143384786978,0.011668802671537772,-0.036187530682300934,0.054279758338023766,0.03619797535472785,0.029442216402724146
Marijuana user,0.008764388353434266,-0.1101235183206441,0.04502870595114145,-0.028206679486814483,-0.0966651201253849,0.06817088837059175,-0.010779788732724725,0.04070668611075111,-0.007297687620873486,-0.003456602836292961,-0.01841396728027034,0.0005005804811665127,0.015232638231397644,0.06857632908256066,0.04376225238219839,-0.0471457041262884,0.10083384533948446,0.015339021022666401,-0.006927578004018343,0.06193408483075357,0.02216131201845235,-0.010814411254171178,-0.04353781250706174,-0.01711793343980287,0.012983490909583645,-0.040173942478458194,0.025775205643191707,-0.02986981118590837,0.10023865312968888,-0.011721691437142618,-0.08964546495603969,-0.012088601613951738,0.01493298848367748,-0.01389181175979916,0.014312454826418805,0.08547089627430592,-0.04405814456462771,0.028617822596122902,0.03801743668802502,0.0470825625770537,-0.028361006400057332,-0.0013088852956771983,-0.0627614846893728,-0.003139647152784203,0.029664596414847463,-0.02860642754182915,0.04756571690790717,-0.06152488525762515,0.06298382124022985,0.0054133665174003354,-0.08661109454170202,-0.01603971050166367,-0.0016977104065157196,-0.03465154879766248,0.11228252308792906,-0.021946002329776077,0.03149443252657731,0.04788226683995343,0.06551020741598994,0.04926385796133933,-0.10252233380830096,0.030174142287463804,0.09039700715670972,-0.008092915003050859,-0.020318322694774453,-0.019460040380464328,-0.05634476644942609,-0.024582059373654517,-0.06355974044511836,-0.020996702109869106,-0.023414071620258155,0.07192184239249938,0.029954300949221038,0.013920604296869598,0.00920278707909438,-0.07138853497376497,-0.0816566923891167,-0.03899753936503597,0.00028535366294081717,0.06541959189974769,1.0,0.014520386725560348,-0.01947286134010191,-0.02714820446048025,-0.01883649917876201,-0.027637093488953338,-0.044364840953395795,-0.029981771489164304,-0.056302513810878925,0.012913902077328626,0.05781855303949459,-0.0338838894247853,0.005967572726834786,0.04687106512331478,0.034366783609413046,-0.027095396056942292,-0.02344449412321554,-0.014930567345677801,-0.09706397109367802,-0.018385789232634793,-0.006120027898756402,-0.0420716966258631,0.11972732709612931,-0.09057369717182895,0.048522164683822776,-0.019174614347398367,0.03847717489506706,-0.08821705793884413
Dry eye (1+),0.012448942749036278,0.041903891599734774,-0.05481026514817804,0.0644288347351072,0.06064314463007441,-0.0031957915993902166,0.02797856669088443,-0.012213873211745576,0.018537218623479484,0.042912250137865295,0.02533927292105371,-0.022535611327292798,-0.002514043866086798,-0.032887428771674464,-0.02676268265383608,0.024510035645558387,-0.0001284159123618364,-0.010075619591956691,0.01391991804888899,0.017346094558704346,0.09653803286278502,-0.03281744974030965,0.056533915789137926,-0.05591031417532666,-0.049334613266650236,-0.03737908980507123,0.09786764990822527,0.036089410771856074,-0.061488626804470696,-0.04685143066320748,0.006046981894045396,0.020020851618167076,0.11653066554821948,-0.018506375662573505,0.08529822481257661,-0.02504940208786502,0.01537106223758707,-0.005073855800242115,0.10340755184599493,-0.037049202507348125,-0.028008654020030433,-0.00668074957962611,0.028351509171793358,-0.012997424030288442,0.08005660497425666,-0.009258462444984293,0.06229616658941665,0.014937637960459351,-0.0016655385085320286,-0.029572507190969634,0.04152679917513708,0.051786987510858314,0.06743789518912971,-0.010476809960997329,0.018395858167795154,0.009090109243756351,-0.0017662019262017746,-0.025174400863228363,-0.008816580138466423,-0.01945064008924481,0.0041779148131762985,-0.050013649770702065,-0.00937572079439364,-0.07575520803647819,0.011590200482663559,-0.009100448168366547,0.004354308188640687,0.04037565654274735,0.07787588875213125,-0.01483631499443166,-0.032946321741329394,0.03367629622783388,0.10098035718818436,0.11474387274306003,-0.010618727359352887,0.15124890672449323,0.020651110351904232,0.01859524801680714,-0.02385699611610527,0.16881721732206045,0.014520386725560348,1.0,0.0826657567522428,0.06737465117968897,-0.006865927112319372,0.02136022635904787,-0.0008223705530208433,-0.0009778240830325613,0.08767106458135708,0.09596093919208307,-0.005423227410114289,0.042681270981925395,0.12314215650202151,0.01094726639169095,0.11446280338698471,-0.012966092733136972,-0.054084713177386924,0.026054601113425013,0.09048400195199235,0.11428944680189104,0.0015362974474708178,0.016679096790181695,0.07992193999334984,-0.10356696225699581,-0.020412688622507683,0.034425389679335144,-0.04193959727930715,-0.0023827967451022164
Glaucoma (1+),0.03145282089969095,0.07977125562315762,0.03520672579388882,0.06340846789930467,0.10974340932704722,-0.035329676607028536,0.04569737075968212,-0.025926407754178222,0.024171498340441397,0.045712784179253216,0.02569492536352593,0.047088625010502545,-0.021196761322244254,-0.01881928237696222,-0.049444090941193564,0.052722594063174665,-0.045070768884655464,-0.05310212135959803,-0.04709959366190756,-0.038674690190438565,0.1161337963725716,0.02231434868658048,0.018902708485306657,-0.0752285349292518,0.00360626446793266,0.028916417878038735,0.011695428397154721,0.053336014949813895,0.007020095878453022,0.01152199980800827,0.040257984094359434,0.08897635416900562,0.01166094568873607,0.05580322608091463,-0.014521934463255464,0.02737548304782162,0.013528784527742133,0.08239434630911949,-0.020701985514645062,-0.036041719013852856,-0.011382541950985545,-0.0064180925575003,0.0011658168976800556,0.029235304294071274,-0.032253051447874354,0.0413713169423,0.018517845490580363,0.018917296386633965,0.015371372339821984,-0.07705123989616258,0.03381315561497951,-0.01464946766498289,0.029565796404024562,0.07169972677291929,-0.05652509652084942,0.0846266003845641,-0.05897098209556363,-0.05046816814083805,-0.025538830846842345,-0.09712785728180826,-0.09339930961688728,-0.10653788584545919,-0.02380070301251698,-0.07365955365770703,0.05657533834241196,0.0030082221032072974,-0.025356663000219153,-0.06715831282548125,-0.006379207950651588,0.029991423978264542,-0.06931371169201846,-0.031373376367512376,0.1392560435165939,0.05158000320704317,-0.005438316795119028,0.13230354599654637,0.05355845332732394,0.023225593845625937,0.16726925722007743,0.010169829480893717,-0.01947286134010191,0.0826657567522428,1.0,0.013891172079574405,0.031715359995890625,0.036796361261521214,0.03152743783817797,0.03928499112751089,-0.06897313317810486,0.039036241048820905,-0.02308231065342488,0.012604223911440362,0.13101260723377225,0.02626658953626637,0.09931253630530787,-0.026134934400284898,0.07405477920215095,0.08854836883151067,0.10931638224927338,0.018667195293595507,0.043694266771230075,0.027606808247517378,-0.033670656172556976,-0.036740016894306296,-0.02100762417898496,0.012741770154368545,0.006482294178934667,-0.05394353750878819
Hearing impairment,-0.0970962697276175,0.05205722876623111,0.05363891347708277,-0.09204967248255623,0.07647493001856448,-0.10549254661703258,-0.08673903066305287,-0.09305959893845427,0.0225999452743154,0.010888563614871482,0.004768167012265659,0.0018460005966054612,-0.07786011618095467,-0.04698104706532009,-0.041241318143152815,0.07965907503643795,0.1417353490310636,-0.021758104248237396,0.024011654475659804,-0.0398636569599266,0.014826908779820534,0.1936929204622546,0.09512395794193365,0.13781425198073272,0.08759158388927708,-0.0720329035761971,-0.06898494216472524,-0.017412787258306778,-0.0042784676089813916,0.15597097052736347,-0.15486623892521176,0.020727772047936615,-0.005471945377547829,0.015804502150183385,-0.13146206321859952,0.14544683023718558,-0.1607118138248272,0.010275366622661812,-0.0974580455714792,0.041976576229382244,-0.021089116813366098,-0.061561477358402464,-0.08325212789861546,0.09109890069542215,0.016371349126818754,-0.00495110965104942,0.06513956003868779,-0.025841018735728437,0.010634763001071211,-0.06998117819956472,-0.0053441827402226135,0.020280029305628392,-0.04830521094445979,-0.0586369878164798,0.051152142749840514,-0.02394259238365931,-0.11688726044537999,-0.09065793470119664,-0.12107077764645229,-0.013619443577658031,-0.07642580250536442,-0.053993277444434204,-0.007858893893688223,0.030289884645593415,-0.008079091317656373,0.05978493073891404,0.08941436575256902,0.07311228338189518,0.07996960172674508,-0.04053269243265355,-0.06609522250443958,-0.01913771164363858,0.08211787010598653,0.13177810872944015,0.2386071242016647,0.17489583416945692,0.056986245413862185,-0.023963264142048916,-0.05552417441303286,0.09293627277517766,-0.02714820446048025,0.06737465117968897,0.013891172079574405,1.0,0.053718664329472476,-0.03496405597568503,0.020276314538979014,0.10075547950081463,0.04227680466119803,0.2472202032347512,-0.03065762557693111,-0.0488099454665653,0.04870807397711271,0.11653805148680325,0.1318284876105336,0.08496019177666615,0.030367721023347668,0.12210791581293019,0.03099775710288348,0.14676984994935965,0.01825606008394559,0.023282563339696583,-0.015772413138098556,-0.023048820835861586,-0.0007601383570069347,-0.025500997249175105,-0.03975686128882274,-0.014581387918857307
Heart attack,-0.04958143863184085,0.057214502728486584,0.09593077910688563,-0.054050777151211066,0.10769155810539591,-0.08378503435450896,-0.030390368619912143,-0.08053586719607048,0.014238008024867833,-0.03177268706740748,-0.05435802400381019,0.04587807197064422,-0.04170123624596184,-0.03945581418631529,-0.07333464722856388,0.08455855819559221,-0.04470213517156702,-0.012678085944884402,-0.013404977161424492,-0.08534410164255236,0.08043328841541,0.16124840600413073,-0.026195666378844133,0.021096939236545743,0.12271985775393597,0.12685779544562747,-0.013253548841873965,-0.06695761450027574,0.011070087867982513,0.1689653760429475,0.008333324128411082,0.04166124244784056,-0.15386849736076905,0.00970912719508322,-0.16753098142990905,0.015721452698839247,-0.041751673028706526,0.022854309603118614,-0.19013755319181222,0.010244507304263002,0.012091919721376763,0.10504128521821478,0.02400107531725694,0.09124969518568818,-0.03585725262404302,-0.012416943597772526,0.07128005851555198,0.11635700235461585,0.044484220796509544,-0.08143493229888187,-0.015775193858281505,0.1107373291002301,0.02623351431329139,0.03384571981003423,-0.015351207080560984,0.11925087204922462,-0.05768981174195801,-0.07375214467827522,-0.06937526346469129,-0.06217669650565415,-0.035074771239339136,-0.036069393186169516,-0.025972097823820723,0.0286515506386596,0.014186482597179131,0.03921405328057243,0.0797693469920502,0.03813190865340353,0.07348610197995459,-0.03519287827944761,-0.11138295769871745,0.09219595235830813,0.007203315652707198,0.0140617857898681,0.013046318443454094,0.09880005730916819,0.052457900094941716,0.07320405058027732,0.16013026107792405,-0.038705794652371825,-0.01883649917876201,-0.006865927112319372,0.031715359995890625,0.053718664329472476,1.0,0.11964380366899059,0.17671834283267573,0.13831613442160787,0.030040057160371714,0.03660336227776029,-0.017161899432370637,0.07657235633468648,-0.008366513554052163,0.342296578358579,-0.008791026658853984,0.07681402749051296,-0.016813295578245145,0.11596275363832044,0.1801024185414106,0.05064374467757653,0.11152428525036309,0.02579468557801912,-0.042069636110337066,-0.10574915174416782,-0.10680781665610044,-0.018940574518416894,-0.03550703020180833,-0.026666722657434614
High blood cholesterol,0.06234341011456294,0.12847483828258646,0.11080697504343891,0.07875366932496718,0.1294574672700216,-0.04027657835130452,0.08724082385544565,-0.03346869327176554,-0.020934925853536318,0.02318059634937807,-0.040509661204613204,0.025141067042065243,7.01631077924768e-05,-0.040180139300932914,-0.046368444980998805,0.03918109430413864,-0.005218456841244907,0.05259324497164141,0.024139297502807102,-0.027119010915845232,0.05915036581463849,0.08396452826110544,0.002408411363161318,0.010279649601726308,0.09232249163188123,0.016319522981893417,0.04139624041112616,-0.03744836502232461,-0.030356283152333016,0.09656727538197585,-0.0009440192068860617,0.06599942206721307,-0.1768536283114185,0.050447660144575794,-0.03322145644795049,-0.045700501434159095,-0.01646201517324536,0.0014538139511263096,-0.0432349182151969,0.1397930148153047,0.044902958291658884,-0.02614143870008638,-0.025760575537042085,0.009244483237001543,-0.008289202183444014,-0.05198254659099013,-0.03575397384180813,0.020533804996002773,-0.014525437386250688,-0.08853075950718273,-0.021778638375733322,-0.010941280967790455,0.03074913202440468,0.03111749911461656,-0.07937710232217124,0.030435341597939095,-0.07555304062364661,-0.05374402526262561,0.01866304624567846,0.0012624742592926036,-0.030716461113664852,-0.07488584265434071,0.025898830930724124,-0.091586546745985,0.09565440035598534,0.0877958249295807,-0.0027405446053971735,-0.09838430175260192,0.023573747785155256,-0.025248747336181578,-0.009110367862881148,-0.04406090709949285,-0.04629967715589202,0.0951408108550977,0.017683716640372334,0.16965236917092402,0.012220677977777476,0.027647193547335962,0.019802363149689275,0.01914770301156729,-0.027637093488953338,0.02136022635904787,0.036796361261521214,-0.03496405597568503,0.11964380366899059,1.0,0.3077676310637747,0.0545328099594107,0.01805984868140532,0.006137093616025649,0.018831115245881904,0.13576623808044727,0.07444710623025044,0.14237611181790866,0.028575284216432226,-0.007555196896251705,0.07097348979100093,0.07927634312152641,0.19912091076823948,0.01726082012415833,0.053726427677235684,-0.005801697099809986,-0.02990418163141135,-0.025451605401821464,-0.07794957528834086,0.0062244722086772205,0.04521470151567944,-0.02331678168870849
High blood pressure,0.058215788101241506,0.2101277741353191,0.14640353938481382,0.08908106104382278,0.24705626374943962,-0.06340606308246632,0.0904646115224009,-0.04066486509465615,-0.02274918751329507,0.017688604481010204,-0.1695111866668768,0.10866904920870524,0.04271614948652983,-0.11377624692206936,-0.11976382143681875,0.07753508822419665,-0.06581571923329951,0.078905530137062,0.028917258403939806,-0.05416251993653505,0.05930009678651175,0.219231958568069,-0.029261328165742968,-0.02959386323400258,0.1301297215685426,0.10796943943780475,0.008718058895276807,-0.06577873989116735,-0.1118309093530643,0.24668871335283246,0.06189400378471604,0.10078129146201721,-0.16696930325720297,0.09678593523092476,-0.2606865453634759,-0.10054665950388927,0.023851197003636745,-0.04874867411014403,-0.2660012397705256,0.037888156816043,0.09487140615520594,0.08091295593942546,0.03359910964665212,0.1570915960396311,0.040242346195342366,0.032319649520199785,-0.028499948270367833,0.04433569346657921,0.04585433489298185,-0.17884425742291274,-0.0018761196289566644,-0.02444303132099463,0.09492251099956006,0.09616624199836958,-0.09429045995748102,0.011969971688438637,-0.1715545603313706,-0.1114136204053336,-0.04657348398166659,-0.07049243274792594,-0.0001152960946843308,-0.11425621602937053,0.01095277642932991,-0.06686388037014557,0.11571626350224024,0.12194551848516699,0.10263134329381685,-0.020767462146199216,0.12024380268695772,-0.060615229661765684,-0.15392968924278605,-0.07492628676260624,0.02989087472207659,0.14123666334432072,0.026092564578936744,0.20815631398183218,0.10219255074011531,0.04689101342586316,0.14994448044189868,-0.042959197723080336,-0.044364840953395795,-0.0008223705530208433,0.03152743783817797,0.020276314538979014,0.17671834283267573,0.3077676310637747,1.0,0.1601648495499967,-0.053789821228429624,0.08511289564295284,0.06943591730129774,0.20370242187842932,0.058860282893051216,0.07895299550498859,-0.012530200589894519,0.07861878175631294,0.013199877280079413,0.14842327234643324,0.3251966224667666,0.06672466321660378,0.13492620685497955,-0.048512000445344004,-0.0959747866687678,-0.0132177035207146,-0.12236092960626993,-0.034431882731349964,-0.04527732653527744,-0.0686664920230024
Kidney problems,0.0057818978896671085,0.14078549026561643,0.07976908504846524,0.021452489503146398,0.22657659708782737,-0.07553027661171835,0.02538093745467693,-0.06349548768588871,0.019982382066532016,0.00951861858452569,-0.07914932997125648,0.10333349034248888,0.0017341823764758766,-0.05233652157440616,-0.11190851427403271,0.09154273754165532,-0.09012502418115781,0.014798113183527965,-0.009932355869386582,-0.18056618141151634,0.06832059739915662,0.3907237970233115,-0.056325224082886656,-0.03693824285336975,0.09721570480198397,0.14877590276093847,-0.10750566643659827,-0.16401868271177458,0.08618516399724427,0.4884750179059207,0.032174574148687775,0.052769374908139516,-0.0999822101443621,0.07189792582961407,-0.16074318121332629,0.12077433536084418,-0.07539999717888256,0.011396976379804373,-0.1632031468811221,0.03000416357937693,0.2060905820849892,0.06599068687053902,-0.1043117417084064,0.08804734265301692,-0.03572674732889199,-0.057470623098101234,-0.00034889756857841946,-0.048318170328149015,0.015071624940467744,-0.09368589063291566,-0.03900936233017984,-0.020727247923249783,-0.05282484253872688,-0.0005104678364360076,-0.030459685208790287,-0.0354458621719466,-0.0972546361823444,0.004389251454967808,-0.036708890050909826,0.022428515550719424,-0.026639893481633134,-0.05775183939882383,-0.01384120420010627,-0.006031808895925895,0.049505050977594424,0.025648587837077862,0.09937516952202037,-0.02304467780069494,0.013711823430535054,-0.03294393375238829,-0.06765370484341918,-0.01632016389015252,0.07368769238918298,0.09739668568485987,0.10896202528575678,0.11342224332474865,0.12669670880732567,0.06956224309242987,0.14757279452856875,0.1069340744596816,-0.029981771489164304,-0.0009778240830325613,0.03928499112751089,0.10075547950081463,0.13831613442160787,0.0545328099594107,0.1601648495499967,1.0,0.07139131510665082,-0.006982836363134215,0.05511064479609301,0.043250694457361794,-0.02229042218791243,0.11416169990682468,-0.0037851446646234316,0.04195136882925345,0.04800010158563586,0.12760355560794784,0.23168024218178646,0.10158844820570731,0.04436791492576954,0.07147656969664773,-0.06794782841455199,-0.03548875281650979,-0.059194174914782176,-0.000946014277239821,-0.08366551038746951,-0.04114830505852068
Low blood pressure,-0.0302938007089566,0.018028090647063927,-0.03804754632593163,0.006723971868162681,0.001756708489750929,-0.04050286511695271,-0.024971025294642617,-0.03251927884669894,0.044812441070466384,0.003745811040071266,0.03704206396051362,-0.043662528128977154,-0.022539618548846497,-0.027099994089810592,-0.02582396311358761,0.034872200291134366,0.06124374969599935,-0.022359046059025986,0.01013002757391177,0.022927449877874678,-0.02018573689469124,0.024231450703884053,-0.0018032185738767075,0.04014113746191723,0.006601768379002737,-0.042530900113218695,0.006381539025766068,-0.006061122907715897,0.001543177286176362,0.06636093388523485,-0.05183289117206846,-0.010898186001865857,0.09039759435834568,-0.0275617881665322,-0.009746113709365336,0.092410953760615,-0.03289568290678632,0.023248785520859346,0.0160191461652309,-0.027167442491219322,-0.009537513960180653,-0.013757657633151567,0.04331148188353885,-0.0699551356024303,-0.006805295778278336,0.14075201057466374,-0.03808267911143295,-0.024557964330419884,0.010597075756297328,0.050191616254113953,0.08186503809112071,-0.06262334883810942,0.009628456624071108,-0.011043097161690284,-0.05705403107567831,-0.042219805536528925,0.0864783153608548,0.0003419047750124521,0.033467196493725884,0.02636368673428802,0.00785685326798491,0.03932697219731112,-0.02293633773498077,0.02342161410822514,-0.00692497018261253,0.015093287978551691,0.08383424756078153,0.05941732156280753,0.06801773858593387,0.048211604473939365,-0.08728436020384266,0.09420396090576096,0.03945033675740309,0.07460671178499112,0.04101855211548911,0.014174568196170552,0.05714989535187063,0.0769500528858962,-0.05035441551260421,0.11941217976479622,-0.056302513810878925,0.08767106458135708,-0.06897313317810486,0.04227680466119803,0.030040057160371714,0.01805984868140532,-0.053789821228429624,0.07139131510665082,1.0,0.03611778812236278,-0.01890797777177403,0.027692211398849243,0.09834601823532614,0.0667789541003876,0.11452511155785403,-0.02140854813571438,-0.018523906419361434,0.09610763148142129,-0.01648312787621618,0.11717340517261804,0.06789839380655929,0.004589612294576443,-0.018687981770920396,-0.06295918529429954,-0.01461983302550091,0.02269179067923698,0.039662372758734285,0.09943722195494928
Mild cognitive impairmen,-0.037146337976847854,0.005646234383562257,0.0017254514816853917,-0.01620854147497664,0.02055568049228467,-0.04762976068845896,-0.025608909747991078,-0.0449585486343224,0.07593317073542018,-0.0066672707044189245,-0.016291314974838184,0.020180194156955638,-0.03195362727443991,-0.03201319280516982,-0.06341834017488941,0.07065775225431671,-0.02365723723642389,-0.022934765247417215,0.017743373088487873,-0.050807108816591236,0.018907061417983487,0.060604608324110736,0.07741096007645763,-0.04488918747465985,0.06812074010382325,0.005485717719937897,-0.024744941922326288,0.032266608173239265,-0.08351952732947283,0.07267981207471229,0.0033513286174652076,0.024289680696650214,0.0537615803329009,0.07639474100674391,0.029146214219048287,-0.009175090609028783,-0.02628737695129916,-0.04853416849693454,0.035162984324269564,-0.02776935158378485,0.003584038593159812,-0.005026956590808569,0.017657459124291393,0.0537722752288561,0.015280809917685823,0.0009299506763398611,0.03112482072369942,-0.022513405461931257,0.07865667260443332,-0.07413072165070722,0.12830721004034779,0.00679044630241354,0.05296842422397702,-0.008793417035787607,-0.0007882081374516561,-0.0295049109674219,-0.011804268414966021,-0.08506518787268147,0.0032127469080794513,0.03886702845598433,-0.02075504618368927,-0.022602766171363243,-0.04518846782817423,0.009782456212059193,-0.030551826266255595,-0.010580300330774107,0.0018134598908825183,0.038400415448109064,0.01425722709259959,0.02310180998796851,0.016287477206918154,0.05662985862691047,-0.0035398000422738577,0.1261399276965023,0.0453201947704182,0.11865619951748288,0.07306951743074883,-0.0029225489615733236,-0.03977781820340121,0.06035256572025,0.012913902077328626,0.09596093919208307,0.039036241048820905,0.2472202032347512,0.03660336227776029,0.006137093616025649,0.08511289564295284,-0.006982836363134215,0.03611778812236278,1.0,0.11993614872227441,0.04964700022597896,0.10227358384398061,0.08336636740533296,0.1545298756349068,-0.015530570745369772,-0.013437942512625338,0.10688036425765846,-0.002955869915042398,0.15282787449050814,-0.0487141569662802,0.010546056518503386,-0.005163793885570664,0.05437371326744041,-0.08384549057965958,-0.03023789261593255,0.035910666487379284,-0.12934870903424386
Multiple sclerosis,-0.029545416483144283,0.11463778858719492,-0.03048775806148556,-0.01689586379353093,0.11519249921961199,-0.022210753207819112,-0.023661073048064706,-0.028245414987320375,0.023297578926567288,-0.0002879837245715937,0.016904794327401433,-0.033715002288796696,-0.026968514621523533,-0.009626713783809058,0.012068600470332166,0.006071168421711338,0.028529165774567815,0.08019107749587132,0.16077292507107796,0.030232101066586345,-0.052901964940266825,0.0014002295709787801,-0.021049437471639846,-0.017549693829166872,0.0035556507137417866,-0.021465926333826338,-0.012788936268412144,-0.07324564576039873,0.01513588759862976,0.011661043533167824,-0.02542370879409253,0.15964098653596054,-0.03745600537697979,0.0670849789253223,-0.056404473409597936,0.02197584733610149,-0.005197743487936626,0.00046276068395228505,-0.05837793297085802,0.005060638489988668,-0.007610248758853394,0.005460790943192585,0.005964631994288005,0.108032468338525,0.0240644546781563,-0.02038833909414013,0.027611129283433327,-0.025876535478668663,0.025020021864967372,-0.10697645006218014,0.08439497215391763,-0.00438185634033928,0.02966225251645197,0.05797767501933841,0.018339924915570203,-0.015069211659939848,-0.11004241139866053,0.01783777158291066,-0.09722758862112367,0.025324110819912104,0.017091187671401137,-0.04426828758523639,-0.03786405236434642,0.03928755041671568,-0.007357870078150939,0.009637327147139371,-0.02719770436085968,-0.05076193087891517,-0.07440702100094039,0.012955781013770117,0.008983899251623559,-0.02108420774708023,0.09596701807005507,-0.01692691834679607,0.028404396823532487,0.05905558010579045,-0.030411978803542277,-0.020608171239479105,0.11385496207971728,-0.04208539124056699,0.05781855303949459,-0.005423227410114289,-0.02308231065342488,-0.03065762557693111,-0.017161899432370637,0.018831115245881904,0.06943591730129774,0.05511064479609301,-0.01890797777177403,0.11993614872227441,1.0,-0.006774819422794391,-0.027618116437126798,0.042118171593029934,-0.023335702429727836,-0.006273545474183631,-0.005428232150293273,-0.0180134225347259,0.04655622203166739,0.02704655072887739,-0.0014170035841304406,-0.028582578422006184,0.005284720790493804,0.01914038253198293,-0.052044592867952974,0.009389647285384668,-0.12822297489962234,-0.0857300757715616
Obesity,0.17524988605424852,0.1251221923401634,0.04713773431290354,0.17260135922387934,0.09113309803454854,-0.019581001022976295,0.2096686788287371,0.005682684393746296,-0.05200840184496231,0.05891706001560152,-0.09060319949555047,0.10178783567388294,0.07738510030270977,-0.0842937227658713,-0.16298533639757845,0.09113989861233457,-0.21102080593997527,0.11142335755368613,-0.005580887314317124,-0.1906327990456918,0.16643060236113885,-0.017298879686030735,-0.10574446406585321,-0.13326102333816964,0.22780369009239007,0.27182675735006945,-0.0011825490734662285,-0.10558596250133027,-0.08294264421742645,0.04425714767485425,0.15868805502274558,0.09049775705655141,-0.2259027725748044,0.20409203760667602,-0.07743587886339169,-0.06129831139138977,0.031329958782972504,-0.08352052773136645,-0.10239698828051995,0.12860935809330734,0.06306190370494678,0.14494982937247794,-0.005969017571976871,-0.01870346550837136,-0.08619386032833647,-0.06136682708699063,-0.1462295321008452,-0.06982089715036804,-0.03295471591332086,-0.011137206889551571,-0.03289048327870805,-0.11701748474526825,0.0554569346099627,0.07622137125109053,-0.2041112748041667,-0.03416944784079926,-0.01636579219776691,0.049008795839446576,0.031059015782172454,0.025298078525716944,0.03064621260847976,0.03414161160649044,0.10639163613682466,-0.04897211344853098,0.1609990116340359,0.009895078378077335,0.05093833802878566,-0.11240295720733205,0.09501141022218132,-0.1371578440333598,-0.12550748633750441,-0.1724286766429471,-0.024617838353093124,0.1700600240599737,-0.06654821518926046,-0.0236632824773151,0.08383899021814716,0.12100315682863706,0.02886132207066903,0.04010668983890471,-0.0338838894247853,0.042681270981925395,0.012604223911440362,-0.0488099454665653,0.07657235633468648,0.13576623808044727,0.20370242187842932,0.043250694457361794,0.027692211398849243,0.04964700022597896,-0.006774819422794391,1.0,-0.0029814393300913256,-0.00314268582486972,0.04987447673563154,0.011002769214003663,-0.010599180760429316,0.02048203073594143,0.21035536856496423,0.06873118856665467,0.012258027916384945,-0.032103662531010296,0.04214956618137788,-0.03473290619430097,-0.17699620324375687,-0.027863046931591445,0.05064805766215911,0.006017149054593077
Osteoporosis,0.009631254117449617,-0.05696908787788943,-0.011552499682728439,0.01664401422523861,0.03342790997649342,-0.07330879297313242,0.0281208431529933,-0.07024827695622403,0.02869233382961968,0.04005199671002776,-0.005789271657478364,0.044418922387658356,-0.06143735290726113,-0.052455505721280125,-0.053971672787462587,0.08084146887152639,0.027837677604514804,-0.1289006502367325,-0.04943624876657836,-0.09956206618098544,0.03399268335286239,0.02443256774413815,0.08126060646956731,-0.09864696866626348,-0.062366888286100264,-0.008017764835433856,-0.02303767521673975,0.017224746858039663,0.008130461483289634,-0.01344183405676045,-0.07726134462252537,-0.030290448426080207,0.22160973726782796,-0.07501996025475285,0.0019849149182533036,-0.04959400272435026,-0.12607540791314814,0.05168820117628417,0.08258732659240908,0.0004806870822395912,-0.018254146800537135,0.012026492809928591,0.05258560024746016,0.028490052917356214,0.013555784013786862,0.021493388401229774,0.0378023388498173,0.04579498705933157,0.04371314968181386,-0.09092952861756716,0.0933003506669181,0.04064546699867662,0.03029723665771874,0.051297385825732435,0.0072636488314630635,0.016265615149654914,-0.023362783018802694,-0.07809333433972211,0.005997366407961464,-0.057668331243356234,-0.04527596671597905,-0.021779580473144974,-0.07712943297885866,-0.09638469766641111,0.026844775356074234,0.009656936962422244,-0.06974128212162878,0.022156597240496255,0.08525934565463222,-0.012157050994683734,-0.023980456356477494,-0.00025688896359693286,0.1445044271288588,0.22025436218506297,0.07456355412331381,0.22244089895532523,0.15339466440479524,0.09439234175462195,0.05425200776007509,0.11202268116652145,0.005967572726834786,0.12314215650202151,0.13101260723377225,0.04870807397711271,-0.008366513554052163,0.07444710623025044,0.058860282893051216,-0.02229042218791243,0.09834601823532614,0.10227358384398061,-0.027618116437126798,-0.0029814393300913256,1.0,0.017549884083872196,0.14649006247984467,-0.0312705981728324,0.04747727618110382,0.07871838821454022,-0.015226979474689841,0.19166828132559716,-0.037368482705671384,0.08775717358130199,-0.02691682382041109,0.0020780803168323927,-0.06873378225480331,-0.0453642214320565,0.014711209574037407,0.0025859550527676132
Other heart issues (pacemaker),-0.048947554776809954,0.06862671017717209,0.11480832880953953,-0.035710655772908155,0.07618415374986154,-0.09377443449156878,-0.033343405216335095,-0.08574355087329644,0.01645546136471728,0.015239984242813438,-0.0301426689862671,0.048538138598628724,-0.028926088047727862,-0.035049648962948494,-0.07877426720692216,0.08147456158392788,0.04807262338255171,0.007923379705321733,0.004760932023652973,-0.07921955395496597,-0.03219498285625481,0.12835544783875205,0.026117220465339555,0.09719231000456076,0.0539403108850037,-0.061067223013645096,-0.014190781753406743,-0.0208729506604374,0.03596261084382617,0.12865119852155318,-0.08509291684390687,0.05051932925424697,-0.10805923673929609,-0.019956911147621225,-0.1708165009456024,0.06541177486343276,-0.12132266386713698,0.02416414184046094,-0.165345313513465,0.046228322971215166,-0.01339087134298954,0.06194201706851085,-0.05995731252007902,0.055958635496126154,-0.06850555896247133,-0.018930712518789486,-0.01612839333044596,0.03265859274443411,0.06323547656590678,-0.04754250732562279,-0.028772582512892282,-0.010280137078376935,-0.06542001244908022,0.017308900698975616,-0.047438687936883155,-0.023169939251653084,-0.05841354905333383,-0.002249986162868775,-0.02281218649038977,-0.03597920954482887,-0.042686802821077154,0.01399702755054081,0.017446147416371592,0.08042090074356555,-0.0035299132837421665,0.08361136479669692,0.15144447248985557,0.06721650418528329,0.08404194886973632,-0.029995581353129006,-0.060899183431843425,0.02038762604230335,0.0328508023210856,0.02403725920461009,0.05336622984970054,0.13590203636157291,-0.013586968809555627,0.08942951857146127,0.08195376627568975,0.03570383756641806,0.04687106512331478,0.01094726639169095,0.02626658953626637,0.11653805148680325,0.342296578358579,0.14237611181790866,0.07895299550498859,0.11416169990682468,0.0667789541003876,0.08336636740533296,0.042118171593029934,-0.00314268582486972,0.017549884083872196,1.0,0.019050947881093634,0.014463198620962871,0.03511521519400249,0.1302738152310957,0.10690986252847352,0.09853566197409858,0.10266189975620477,0.0339288762030359,-0.026862866284508485,-0.11873569615414734,-0.047566508443141683,-0.025573737096463055,0.04383635378831423,-0.08368210376876418
Other neurological conditions,-0.026867727329888128,-0.02254682467896525,-0.06442959599199355,-0.031089645569526116,-0.039260039766619,-0.050976938741792995,-0.013065658234663265,-0.03556948002322349,0.059250231676985766,0.0238812767643338,0.022364724605633077,0.0559317973073512,-0.025803503695285553,0.017510134186207733,-0.07830628035085685,0.07674653617591577,0.04280472744931073,-0.04308625966476777,-0.06252581923180724,0.02637965796431011,0.059141555329992726,-0.007201009613257094,-0.01591017591174417,-0.006233769570029781,-0.001307323725047817,-0.026641952465795003,0.05152594254434302,0.016655269493155815,-0.010031218092971682,0.00509254666420238,-0.027914307912812495,-0.020834555004467837,0.019363016709690047,-0.038110986889282744,0.04211272054893889,0.06535215151526522,-0.009632300200815702,0.022237551247077332,0.07881251732771292,0.097252420097115,-0.025041821430991765,0.0010512447236009715,0.13268639522798342,-0.018954972097895026,0.02400788148292039,0.0572794420348743,0.04093178238458688,0.014704633336553613,0.06013887871740992,-0.026491181550770265,0.01592606965068138,0.014315905573046846,0.04691489205808837,0.01621517582130827,0.0340736129586325,-0.00903040885864722,-0.011407970635775883,-0.009286747040747069,0.04122815054043433,-0.008626029474955832,-0.012394523194553475,-0.0033880750858613982,0.06838222163451603,-0.00543345696669659,0.026155430277397786,-0.03855379289061063,0.0069973993715119615,-0.0004257686304188864,0.04076953018940872,-0.008617643344632652,-0.030720003789562765,-0.05032912833674079,0.0342233153334682,0.1189748431473171,0.06085865995924158,0.05531259577841915,-0.020018005193943453,0.13841773323426018,-0.03397934054244688,0.17239764212263284,0.034366783609413046,0.11446280338698471,0.09931253630530787,0.1318284876105336,-0.008791026658853984,0.028575284216432226,-0.012530200589894519,-0.0037851446646234316,0.11452511155785403,0.1545298756349068,-0.023335702429727836,0.04987447673563154,0.14649006247984467,0.019050947881093634,1.0,-0.026421837109059713,-0.02286169220505624,0.06937331555024503,-0.006408256671545376,0.03231481704383407,0.004976510871917083,0.06882878641302481,0.001928353646194575,-0.06409571436688097,-0.014693268047279932,-0.0899594385989043,-0.0005973795522890365,-0.004811976795708359
Parkinson's disease,-0.043388341761159785,-0.0031249911740805743,0.14619228950649862,-0.05707292480337262,0.025230155755554293,-0.05203106628602266,-0.035274242470254895,-0.02385595598775031,0.0017595511864908324,-0.013573864998915499,-0.02163106691289169,0.028898613634369654,0.0005386286039968576,-0.015819517630035425,-0.050767307848095716,0.04127812107284569,-0.012102729971642724,-0.04988188092429099,-0.009523281097847253,-0.054544824769710405,-0.03652193934298968,0.044490082436841195,-0.020769648109301892,-0.010484678096511317,0.20576973725798353,0.00910541066189984,-0.01155045013565532,-0.06616493802697333,0.02688679492233155,0.05294930430923788,-0.021131075837721915,0.04432185688166967,-0.0652499186814468,0.17750875700039762,-0.09242560387794406,0.016432069735190277,-0.050216728886200074,-0.018154924966514212,-0.08927242788313162,0.035830943677349236,0.031616235589011846,0.04888757089361454,0.132412561099965,-0.020079337050971556,-0.032895895347139915,0.010345302660573293,-0.05557576592506353,-0.012674162521741422,-0.009525660186502756,-0.004259368204348442,0.03463956215614152,-0.034758370562622286,-0.029507087073096357,0.05242164813764761,-0.018030765238342364,-0.007264347701321635,0.010106104895709808,-0.07713121988771927,0.02703204078993459,-0.015721899844895092,0.019351488476252444,-0.06004198637517176,0.04268925547588256,-0.018615729624136497,-0.013176512746992566,0.00786257545762876,0.10818544946254925,0.03203026548076985,0.004344545054861624,0.004546399659456341,0.051856897654929734,-0.03104749993711559,0.046554966327820135,-0.03638921560410246,0.009702855443309386,0.028447994042364876,-0.03443394740445976,0.0790894967319948,-0.018193184564180048,-0.03535627383380496,-0.027095396056942292,-0.012966092733136972,-0.026134934400284898,0.08496019177666615,0.07681402749051296,-0.007555196896251705,0.07861878175631294,0.04195136882925345,-0.02140854813571438,-0.015530570745369772,-0.006273545474183631,0.011002769214003663,-0.0312705981728324,0.014463198620962871,-0.026421837109059713,1.0,-0.0061461130684671164,-0.02039568842731183,0.0268434993515342,-0.004971670430123065,0.06650683379020828,-0.032362609760617445,-0.05358345351644273,0.007297969550136882,0.02273076297985276,0.024068836476506875,0.016424465009288694,-0.15030428925164505
Retinal vascular occlusion,-0.017132298244682865,0.027197701232462693,0.04132545619355475,-0.002623748056526438,0.014552182261763916,0.01720922635953081,-0.01883203110725859,-0.014441273783595004,0.001053509497104882,0.031669585081691744,-0.04376323951087645,-0.028891449733965555,-0.027898138224610146,0.061988246003934704,0.02048441490214627,-0.0035872175760562866,0.010288472629911297,-0.02065293244945728,0.021870061098253547,0.015854016414560308,0.04072779031928973,0.10144840777106238,-0.008125650229014543,0.010764481097283904,0.018680889548868734,-0.004749368528167201,-0.003693561569686571,-0.021909405076604667,0.029997368082699104,0.1807889129278118,-0.003922600808502808,0.0033604515111439392,-0.041129280903105546,-0.0041475108312310875,-0.025281419634050364,0.05093681341363435,0.0056439567258726574,0.04974828471660918,-0.04697889621168527,-0.032649494374176656,0.030020922240987877,-0.0266060135917091,-0.01156867096518262,-0.036124175265136046,-0.01018068001922414,0.015781409287664454,-0.034898697580417706,-0.0056686923148104055,-0.01443942406405611,-0.03403019407733774,0.05243880469340002,-0.007660918178639328,-0.01123438723166217,0.024338815374886656,-0.021897624465369855,0.08261631090621609,0.02062527378680731,-0.16727176561552215,-0.03153732126773171,0.02480971072865692,0.016744020161341463,0.023436776938490687,-0.03709493268508043,-0.10710225766760859,-0.05075037243842196,0.021678705209336287,-0.012987356210581549,0.02217430650759091,-0.04248392329037771,-0.008650688376839416,-0.0030993831920124084,-0.06527009980501124,0.08571071372898592,0.02830975976782576,0.08636320767667445,-0.0032500417928806634,0.030955318011577557,0.07434093487686695,-0.015741789036820875,0.0084146161554973,-0.02344449412321554,-0.054084713177386924,0.07405477920215095,0.030367721023347668,-0.016813295578245145,0.07097348979100093,0.013199877280079413,0.04800010158563586,-0.018523906419361434,-0.013437942512625338,-0.005428232150293273,-0.010599180760429316,0.04747727618110382,0.03511521519400249,-0.02286169220505624,-0.0061461130684671164,1.0,0.18172201791906994,-0.006556097947997742,0.02173597476487874,0.038656511107190906,-0.028001990181291965,-0.04636348398184672,0.02852349359371889,0.0021158103754646373,-0.03607801887294004,0.014211391211185807,-0.08905711697440223
Stroke,-0.036934812449814516,0.064175472605226,0.014363190345542254,0.0006096957094643932,0.07421885313734929,-0.07324993714883234,-0.02028285859948887,-0.0648723902103336,0.025395994030301728,0.0384310571041228,-0.0009854108173162578,0.006664298661608739,-0.0497695657471236,-0.042702914584604394,-0.057867427563255504,0.0768506785317057,-0.03492395428927342,-0.008485890021850412,-0.015602282787570287,-0.0706167256378949,-0.011518251619222717,0.13312684964650764,0.006721344637137438,-0.02890167800414424,0.043898288208273045,0.07161150910200065,-0.0561411375659561,-0.02612984683226471,-0.026708945254021735,0.2102995632261383,0.027079770355016578,0.041649543066620255,-0.08086085954834588,0.025819012540370896,-0.13073945478268,-0.015474391562960873,-0.016593469026603528,-0.024141282064029844,-0.14700188560537703,-0.021159541603670402,0.010949098809721461,0.007437459966664811,0.014979388313318855,0.03576575283891337,0.022892367942666234,0.040697015642499924,-0.024989935587490186,-0.025615827178549225,-0.014281042421837047,-0.08435125287291843,0.053775080805170336,-0.04032719179409446,-0.023204594693976555,0.040150628958287596,-0.03038582759229556,0.015615430827113405,-0.021521617058867605,-0.04567281302704359,-0.018239088406884398,0.015002447421951342,0.05205274508411688,-0.030177306851616237,-0.06045658716841778,-0.02846300195962289,0.002227755031876133,-0.017004422469616746,0.08560999425095009,0.05751535387764931,0.09091128882872472,-0.004749711121208084,-0.06051308750925921,0.017193390374287767,0.12929880559934262,0.07862037297552513,0.061083936346583025,0.09488103256514695,0.09939686089323593,0.09422408914096739,0.031902438421540266,0.06121037897076019,-0.014930567345677801,0.026054601113425013,0.08854836883151067,0.12210791581293019,0.11596275363832044,0.07927634312152641,0.14842327234643324,0.12760355560794784,0.09610763148142129,0.10688036425765846,-0.0180134225347259,0.02048203073594143,0.07871838821454022,0.1302738152310957,0.06937331555024503,-0.02039568842731183,0.18172201791906994,1.0,0.0704241538160806,0.12012774677249008,0.10455594198562489,-0.02377816196692084,-0.06441925085648427,-0.03248456595993937,-0.13744471449032705,-0.029282228065679632,0.0214838295371961,-0.028774756492766413
Type 2 Diabetes,0.23327810258493123,0.5026259759630264,0.15439148147001128,0.22763830955673114,0.504688891125532,-0.001628898087629718,0.26592844572327556,0.029344225043156466,-0.04521583150309204,0.050541343607529265,-0.12516586916492745,0.10592512535654146,0.14213790501542037,-0.0744595311414779,-0.13941423176546308,0.034931911663470844,-0.1474435155835845,0.047218726661179086,-0.01627504553663629,-0.13987516822706864,0.1575306914409655,0.2152582975367824,-0.03161577987453234,-0.054747027881897864,0.11448588148800923,0.1606945562088651,-0.014705029993010649,-0.17747092106672802,-0.12290008661833215,0.2559518366323685,0.11102390456612443,0.4109070943253465,-0.3113789216538302,0.11796471253226465,-0.37667035545866073,0.0012583938993033028,0.0181742408433572,-0.16210888113461108,-0.39486246200033726,0.10371628964953057,0.11418262055587074,0.08523875213934691,0.019154322340831545,0.18813926170969864,-0.03182088629052698,-0.006748541413148905,-0.012949518477900707,0.07385698468344498,0.06175936306164484,-0.22775197317031046,-0.035450340044335636,0.013857162585548071,0.08335617370403059,0.05947107850360808,-0.13037466021385977,0.05284086946815827,-0.1558262344595579,-0.10278516323172947,-0.08969468301149713,-0.1176329105087422,-0.10305355245837357,-0.08684525723358581,-0.0483991220407358,-0.07206416498934153,0.267716170468799,0.10767795556174987,0.12628077362572926,-0.16333140016434797,0.15011230680377224,-0.11127971053078542,-0.14397242274502853,-0.09422472961648476,0.03788194716365574,0.14609376000001678,0.004477404271490136,0.1765843257841337,-0.030668726824997477,0.08359145443075978,0.2577067116696614,-0.000227433022546559,-0.09706397109367802,0.09048400195199235,0.10931638224927338,0.03099775710288348,0.1801024185414106,0.19912091076823948,0.3251966224667666,0.23168024218178646,-0.01648312787621618,-0.002955869915042398,0.04655622203166739,0.21035536856496423,-0.015226979474689841,0.10690986252847352,-0.006408256671545376,0.0268434993515342,-0.006556097947997742,0.0704241538160806,1.0,0.01689824454149683,0.07981814939347098,0.06559984021243659,-0.10771971801342124,-0.028505784990887347,-0.15035814221664043,-0.059722438577427886,-0.10764229951290373,-0.08709017593448781
Urinary problems,-0.06559358075394724,-0.013955256921088054,0.004076119206954968,-0.03389408966267531,0.01627354519614879,-0.06952025981928589,-0.05562629224182277,-0.07410935370638388,0.03984493885588786,0.02443607768165669,-0.039860110346044544,0.034084818653657006,-0.062110879403802215,-0.05171095107987798,-0.04445477095535727,0.07347993835359334,0.007948911559069313,0.0017873737465370892,0.0161847295634806,-0.09101690973923283,0.015397131718704236,0.11244309831437897,0.04641321421419421,-0.04600345415996611,0.045520881309301056,-0.06547336903391479,-0.0849525422364063,-0.053900084524734236,0.0697911453435092,0.11601382787697397,-0.05453943702942048,0.07440003270824051,-0.039764965880896404,0.016209803754067355,-0.04194660712828379,0.055283971471609794,-0.10094254791422178,0.015977924997504684,-0.05466718517989146,-0.020691842977825,0.0282431584291736,0.014641860067928997,0.0021340383469427332,0.06599634591860133,0.01007159604908583,-0.018044871373973263,0.05373499787892173,-0.051673266342736154,0.05787596510111695,-0.07609400882635053,0.007717995005605191,0.021013958409514828,0.03666685793152842,0.017305959261684423,-0.007855361766842053,0.03969601384048446,-0.04109635486613333,0.017502507712476113,-0.06552185374645837,-0.01867138832468874,0.05211929252622929,-0.040863118853866384,-0.017360642585284813,0.015474183799207177,-0.016812250918124532,0.07386368777480844,-0.03000496541621443,-0.01601148710041036,-0.05004156925114058,0.009870982226645432,-0.03592954488988336,0.01627473341728386,0.09483358554627634,0.13576039771191378,0.08946591541344842,0.1713706427306092,0.059611117444489964,0.05383960993024148,0.018990063129700977,0.16810038689252346,-0.018385789232634793,0.11428944680189104,0.018667195293595507,0.14676984994935965,0.05064374467757653,0.01726082012415833,0.06672466321660378,0.10158844820570731,0.11717340517261804,0.15282787449050814,0.02704655072887739,0.06873118856665467,0.19166828132559716,0.09853566197409858,0.03231481704383407,-0.004971670430123065,0.02173597476487874,0.12012774677249008,0.01689824454149683,1.0,-0.0116510930303629,0.031672593060781434,0.0210472299196569,-0.03534161392320951,-0.0507152058717955,0.036505759870601895,-0.0801219330441409,-0.051531518533692484
ABNORMAL,-0.09070167751511983,0.044963494515801644,0.015668472961651112,-0.08517049063497652,0.04496125637465572,-0.05855930874447013,-0.08660976441687539,-0.05416740027508861,0.029287757869000803,-0.028131703179905113,-0.037109889837858935,0.004718387832390603,-0.04266619628797781,0.010618004728435106,-0.039476612816550675,0.05545638042799414,0.060471459964023484,-0.011090839189435143,0.029382039306583806,0.01772246260337075,0.007330269573743915,0.09071663385256,0.012798930074033729,0.06027144637005773,0.005126328630967091,0.03204284038368968,0.009171450358674319,0.0024687880303466245,-0.011237030763059189,0.09908583829344621,-0.04365582158028068,0.013007732287870782,-0.027762044171745087,-0.04088808161660058,-0.081852106147403,0.02837434510988038,-0.028620903560389693,0.03710631346710095,-0.07350094939453859,0.016661764703330004,-0.021732721316072335,-0.03535264845439399,-0.018346369353218678,0.08450899318221698,0.04218665561526242,0.07865414430370476,-0.004527840962443214,-0.01932576038408355,0.02652863185281365,-0.009391869674915282,-0.06255086974226974,-0.022129632709820532,0.01876885159701127,0.05123900597365994,-0.018560292916217695,0.06242706824205518,-0.04546055983376759,-0.0754745520076591,-0.06320535503556737,-0.017983343995171878,-0.0006864112219175647,0.08082698141832136,0.0034229035714952952,-0.0021244162200547314,-0.0009149362667592359,0.21225027620837397,0.37189900888545585,0.1366762399883064,0.1867239483521913,0.02528989609684069,-0.24933161001268225,0.10013503498411877,0.08688740410780783,0.005795265458126381,0.06594894847373543,0.09545965271293397,0.09835580258865802,0.015546050580156338,0.07180038736340819,-0.04236047033988485,-0.006120027898756402,0.0015362974474708178,0.043694266771230075,0.01825606008394559,0.11152428525036309,0.053726427677235684,0.13492620685497955,0.04436791492576954,0.06789839380655929,-0.0487141569662802,-0.0014170035841304406,0.012258027916384945,-0.037368482705671384,0.10266189975620477,0.004976510871917083,0.06650683379020828,0.038656511107190906,0.10455594198562489,0.07981814939347098,-0.0116510930303629,1.0,-0.29375721074187816,-0.48637999108657254,-0.3997239436000473,0.011962625476659619,0.03454791485869202,-0.026066017889756165,-0.037450339907121245
BORDERLINE,0.01956462931767671,0.056955579106806944,-0.017616451157797537,0.01684855584856537,0.04951075971297341,0.005770786726943214,0.021456852704646315,0.016746062382347184,0.032120551210069,-0.035350487606738576,0.050267677841106854,0.009247999129800222,-0.006426591314525107,0.0018067771393192715,0.0012514609773127952,0.002552039920043576,-0.062170707894928595,0.009635952942681613,0.020373456528314363,-0.032591135435240025,0.07801248257883578,-0.0071630945032383235,-0.026733933465561476,-0.05529336872509012,-0.017930081232982197,0.03409240901484246,0.019447874126027394,0.0160392293184517,0.008339097916620056,0.012188348190435528,0.04684340173668114,0.07193482984274249,-0.02596014227962207,-0.031082165273111757,-0.020670613298972317,-0.014425309492885414,0.02289079667580951,0.001293696728640958,-0.04577053126705537,-0.06103365813186748,-0.03183649551432332,0.04485014233999714,0.0163933028366974,0.012887014751611183,-0.06340951073308161,-0.02580687499776832,0.03946526241487587,0.004583957562240265,0.03973449273316617,-0.06417169113738148,0.025953053793663364,-0.011295421174555521,0.03159093408514342,0.005459827643598986,-0.024637182401937414,0.05241479164922997,-0.03837898077691607,0.007862636966218162,-0.04055033797537285,-0.0707871709631711,-0.1085546993317475,-0.03078911825031125,-0.008996206196199768,0.015568643637819476,0.003193257729488242,-0.01810573028394819,-0.09108222693479524,-0.017000937456605282,-0.015678307788884547,-0.1071883981011052,0.021787272415550014,-0.1815274121680698,0.03397662842821565,0.026263983196691917,0.06235309626910674,0.04962376301091468,-0.09856611411232111,0.05761693768807847,0.08316494138960641,0.01964632432217109,-0.0420716966258631,0.016679096790181695,0.027606808247517378,0.023282563339696583,0.02579468557801912,-0.005801697099809986,-0.048512000445344004,0.07147656969664773,0.004589612294576443,0.010546056518503386,-0.028582578422006184,-0.032103662531010296,0.08775717358130199,0.0339288762030359,0.06882878641302481,-0.032362609760617445,-0.028001990181291965,-0.02377816196692084,0.06559984021243659,0.031672593060781434,-0.29375721074187816,1.0,-0.2441288213432363,-0.2006335313994877,-0.04927253147098006,-0.07573591824093591,-0.09004994621343428,0.02377703983778882
NORMAL,0.04065374833387552,-0.08008223117860519,-0.001238705858740157,0.01891175248538342,-0.10409490754882705,-0.00062201784588199,0.051041922834831485,0.002280367835213099,-0.033209003157835634,0.02332920397529969,0.010209947934553437,-0.009575023978220996,-0.02782867530798368,-0.024670800490941582,0.008433616940183979,0.010222044715182448,-0.00726308008566638,-0.04268257190364362,-0.06789751147971759,0.04750728437149584,0.01636894409811342,-0.029318706445802572,0.0037163944395096054,-0.06329483452379467,0.01366160185758279,-0.04653638672111875,0.03682385936920785,0.008498326045894284,-0.013375373353880065,-0.05229385732689478,0.018712183706797357,-0.060998829226414295,0.02250397484060484,0.03433069316513201,0.111797912736338,0.048238716061930184,0.044011125958903816,-0.008293740507589529,0.11615928697460332,0.03150598453795347,-0.03255127764744842,0.005793932269321581,-0.008251339002240383,-0.04019239568563998,0.05213509221753835,-0.04064959230425997,-0.04365339107719734,0.013717849292184761,-0.006618222529229267,0.03965306447362363,0.06516517134880724,0.0019674386619487278,-0.0002801502156473932,-0.042620969563416,0.03516038058782251,-0.08273852759659715,0.06334774925295904,0.08600188120907733,0.05211694142651648,0.036943762974766814,0.02363036203357292,-0.003789283739459722,0.0350599142883077,0.007891039848033705,0.009660270823723017,-0.10910434208449935,-0.21918590484523903,-0.09628689542582415,-0.10165344566276373,0.044553649268755796,0.11383967987733745,0.022531558775605993,-0.058213351016552575,-0.004971982174976506,-0.08911495984954516,-0.0440036230102254,0.019718585689596235,-0.03781959972704343,-0.0805950554548753,0.02005143384786978,0.11972732709612931,0.07992193999334984,-0.033670656172556976,-0.015772413138098556,-0.042069636110337066,-0.02990418163141135,-0.0959747866687678,-0.06794782841455199,-0.018687981770920396,-0.005163793885570664,0.005284720790493804,0.04214956618137788,-0.02691682382041109,-0.026862866284508485,0.001928353646194575,-0.05358345351644273,-0.04636348398184672,-0.06441925085648427,-0.10771971801342124,0.0210472299196569,-0.48637999108657254,-0.2441288213432363,1.0,-0.3321931569519716,0.02287736518278653,-0.0024334601461740136,0.08500533480371679,0.009436191153566002
OTHERWISE NORMAL,0.0458464329842617,-0.01096431811688517,-0.0026928542491959037,0.06554116669065124,0.021596591127001904,0.06483253688864717,0.02803338644367,0.047518759904306186,-0.02399087527257376,0.03616346934085529,-0.008614612920189234,-0.0025255282760166934,0.08610253234538587,0.013257080169535107,0.03609137712308039,-0.0785597952255215,-0.012398805112929874,0.05226687752469286,0.023740783485883557,-0.04667039641088722,-0.09028020905808119,-0.06847890205528318,0.002648708770871286,0.0440377557280932,-0.006478689764364385,-0.014136436578220024,-0.06725998609290508,-0.025354274040793493,0.021167348651566466,-0.06875274559552827,-0.007505137346573186,-0.00665591875593168,0.028983027811540184,0.03554606627736388,-0.010233068963547287,-0.07481218158003242,-0.033560775874650076,-0.0355338970943359,-0.004398587327199009,-0.004582527459714852,0.0874165565340381,-0.0013923755193319994,0.017307127175971774,-0.06553269796187938,-0.05541244119822886,-0.026596647315886297,0.02130091747475923,0.003852823200865583,-0.05628689058379412,0.019621626281783693,-0.019499175667581508,0.033058119038122905,-0.047515219152793844,-0.01768085049370612,0.0031241075923975677,-0.02486485942559966,0.0148627028478711,-0.012539604590364349,0.04988528978195556,0.03810545147170916,0.06324706823268673,-0.06574985502146856,-0.03536430686761354,-0.018900215181392874,-0.012184023851873288,-0.11443947685939106,-0.12121728155319093,-0.04062258247137742,-0.09462496598587,0.00851084228104287,0.1498128725420446,0.005413815069006342,-0.06564496930304002,-0.022742735344838796,-0.030074772261908914,-0.1041559837318556,-0.05703114110791326,-0.02353571948226395,-0.063321221481136,0.011668802671537772,-0.09057369717182895,-0.10356696225699581,-0.036740016894306296,-0.023048820835861586,-0.10574915174416782,-0.025451605401821464,-0.0132177035207146,-0.03548875281650979,-0.06295918529429954,0.05437371326744041,0.01914038253198293,-0.03473290619430097,0.0020780803168323927,-0.11873569615414734,-0.06409571436688097,0.007297969550136882,0.02852349359371889,-0.03248456595993937,-0.028505784990887347,-0.03534161392320951,-0.3997239436000473,-0.2006335313994877,-0.3321931569519716,1.0,0.0008716734893874109,0.023813356354245665,0.010297287447109258,0.014237513489429112
cube_visuospatial_executive_value,-0.15578622758793248,-0.06387143177531444,-0.00621890829182386,-0.14978029282235086,-0.09896253978028166,-0.024729740186593446,-0.17451338111953885,-0.03600301327466198,0.03820369627043824,-0.01994883858255583,0.0796015886727188,-0.052308009341476815,-0.08955308801081678,0.0694426283867044,0.06841605448725727,-0.0075407591787227364,0.223492389248972,0.01276204678697855,0.01103275587096722,0.1820683358908008,-0.16570173664219373,-0.04708430231612719,0.09334240779736415,0.14471948698030312,-0.04033360423979731,-0.0687347524736118,0.03628404142525082,0.05037882597238349,-0.015144937545162523,-0.12677882286697784,-0.1824749422657978,-0.06910998203095807,0.0931732726193885,-0.038479886475810944,0.07480687342923481,0.04515869820197083,-0.05742120016443611,0.011550087143886363,0.10360183354857991,0.029801151902150984,0.008492973588721905,-0.1813204383039278,-0.019261625468170212,-0.1035996668908212,0.0011517075386300942,0.029737547839188725,0.03487378501121445,-0.052540236846892886,-0.018186308911596775,0.41118474206882444,-0.06854836934425576,-0.013120817444982221,-0.14285690849325228,-0.2346812533478714,0.05780163427432404,-0.06196976634155483,0.12955406889066576,0.11199402030551982,0.06427464032183187,0.20678682685616792,0.03156294170855908,0.16386575348483062,0.07826326248263722,0.1042343301831456,-0.16438934114002518,-0.012458083087137303,0.10888260502112214,0.17303613416741886,-0.0039048375867818375,-0.01877790813673228,0.06181648108589116,0.04718922994527543,-0.04025385395992715,-0.07620992590480595,0.08606521014091563,-0.07002579359433779,-0.015474875468857561,-0.1528099328780223,-0.08951246919778703,-0.036187530682300934,0.048522164683822776,-0.020412688622507683,-0.02100762417898496,-0.0007601383570069347,-0.10680781665610044,-0.07794957528834086,-0.12236092960626993,-0.059194174914782176,-0.01461983302550091,-0.08384549057965958,-0.052044592867952974,-0.17699620324375687,-0.06873378225480331,-0.047566508443141683,-0.014693268047279932,0.02273076297985276,0.0021158103754646373,-0.13744471449032705,-0.15035814221664043,-0.0507152058717955,0.011962625476659619,-0.04927253147098006,0.02287736518278653,0.0008716734893874109,1.0,0.10298626622174235,0.07490156181485902,0.1584056107848545
fluency_language_value,0.0016204519727265594,-0.03126392285928069,-0.04559758572833602,0.011358829344164033,0.030737425414558803,0.030446621775111336,-0.0012744991519786182,0.02161164211170698,-0.008950988219893576,0.03245473952304967,0.009737978891155675,-0.008425279752325003,0.010154387751357366,-0.03206494360433295,0.04743172632392934,-0.04232904843080602,0.08805635817351526,-0.012405518845651133,0.034687247171767646,0.08180936553021355,0.005729661555436915,-0.057309763597962325,-0.09736287290129622,-0.001253791874469327,-0.025939707881465657,-0.04407796014446018,0.09587678288524214,0.0265976497384019,0.05418345156332,-0.004748539580803717,-0.04399830591744414,-0.03396610708322588,0.062008294609651286,-0.012701754507590163,0.09286340251520347,-0.02663869516866404,0.007992767981104256,0.1409162863911619,0.10866361453027372,0.028547357164728632,0.03453569023363864,-0.026533212587850477,-0.09524727951212929,-0.17620512933471372,-0.05620113648305118,0.03005147106267775,-0.10729382295575404,-0.06896342985843906,-0.18841724210852046,0.3918767243563136,-0.0918053074138684,-0.09946623782000147,-0.1225718223969968,-0.039858822669713086,-0.10898739211976745,-0.12395837962376881,0.1373202345395719,0.19525889701886093,0.1230518768942845,0.05297785550705053,0.08325363151774409,0.13628801586827646,0.1618972835783967,0.04865921986789123,0.012562368354122062,-0.1083285167797615,-0.028353371619104995,-0.026906112608539312,-0.014114020833145469,0.10331515604877392,0.057845415194304244,0.019202409553857526,-0.07341044590437956,-0.052252653681180795,0.007411141228244493,-0.05738143979337545,-0.0011773373489466347,-0.07391812624521218,-0.023137652474440176,0.054279758338023766,-0.019174614347398367,0.034425389679335144,0.012741770154368545,-0.025500997249175105,-0.018940574518416894,0.0062244722086772205,-0.034431882731349964,-0.000946014277239821,0.02269179067923698,-0.03023789261593255,0.009389647285384668,-0.027863046931591445,-0.0453642214320565,-0.025573737096463055,-0.0899594385989043,0.024068836476506875,-0.03607801887294004,-0.029282228065679632,-0.059722438577427886,0.036505759870601895,0.03454791485869202,-0.07573591824093591,-0.0024334601461740136,0.023813356354245665,0.10298626622174235,1.0,0.14949442453444386,0.11351271307804489
lettera_value,0.03733447378952333,-0.07622972912274455,-0.018528438718824477,0.03551446497565146,-0.07449651892726575,0.019013378278834966,0.032060819528118054,0.0315849573856606,-0.028031660988549405,0.005659640807882643,0.0347853602597994,-0.006674184634379211,-0.001198068099072904,0.033609263837801856,0.02748830219401393,-0.023022914248338907,0.015152573811509083,0.010779760939745463,0.01934614947188734,0.025688927323368048,-0.10656599315002797,-0.036828129920370364,-0.024391386409209133,0.025370330818895222,0.037796818416112335,-0.010510454856073593,-0.02215719870473808,-0.03187944114645122,0.03458113383175629,-0.0018076479532632354,-0.0007930161216169118,-0.060320049498647346,0.04912812256793996,0.014756457607961584,0.10170327380304811,-0.02758895093161053,0.014093164608924397,0.011690367833557853,0.11325993216687044,0.03218751107623202,0.007980040793338854,0.026269880414133785,0.00510573094826385,-0.18556478336827495,-0.07090141758778924,0.0009701139320571065,-0.09491176153502093,-0.11479742267793636,-0.09964560426968479,0.30813540301902015,-0.08215289313876616,-0.08099884533662936,-0.06350426632924135,-0.016683212778873833,-0.12079622413244467,-0.177594555048342,0.16971237591726107,0.17938423105842435,0.16032258762854637,0.10614290194104731,0.023671554465960778,0.12856326872041943,0.1865285971460633,0.039110120209670675,-0.03317367130118554,-0.08097816956691013,-0.03093096975212464,0.06233956917323861,0.049967707885791184,0.022774125605918294,0.023519807482532774,-0.01632635759884779,-0.07191639385333867,0.03986085081667513,-0.02146998840149221,-0.10171823038880988,0.005853225524703976,0.021995676110476203,-0.1002291497958199,0.03619797535472785,0.03847717489506706,-0.04193959727930715,0.006482294178934667,-0.03975686128882274,-0.03550703020180833,0.04521470151567944,-0.04527732653527744,-0.08366551038746951,0.039662372758734285,0.035910666487379284,-0.12822297489962234,0.05064805766215911,0.014711209574037407,0.04383635378831423,-0.0005973795522890365,0.016424465009288694,0.014211391211185807,0.0214838295371961,-0.10764229951290373,-0.0801219330441409,-0.026066017889756165,-0.09004994621343428,0.08500533480371679,0.010297287447109258,0.07490156181485902,0.14949442453444386,1.0,0.08080214529018614
trails_visuospatial_executive_value,-0.008994924356451238,-0.05388557749146049,-0.06112093455286139,0.009009896136320937,-0.034843784759826614,-0.009922414050786144,-0.01199280522531757,0.0035592345142893564,0.02848274537454937,0.035397304120302675,0.06120046450921567,-0.053723571098973265,-0.0011608995143419381,0.008748393372700882,0.0008017417520231603,-0.00044329486736417164,0.08538689889835543,0.02025621300165148,-0.006493278859232919,0.058708163594678446,-0.06610806956616291,-0.12497022568171089,-0.05580723934875133,0.07560190900805082,-0.05545688703132393,-0.008291113267349425,0.04711294580741319,0.02398284303889675,0.03464233087618212,-0.09705954785024765,-0.07591095329780138,-0.10269386471295941,0.03281270433112552,-0.05824296708024806,0.06520810272123494,-0.0190078602833904,-0.03370015598213326,0.06016168130189926,0.08249922366797226,0.046492470896633255,-0.03081304763266816,0.009082073468784747,-0.05275876625930242,-0.1583731625993549,-0.04576327248855441,-0.00977113911496387,-0.07024603365400116,-0.02639113433458523,-0.11543720515942113,0.4431787686471584,-0.01547507038377055,-0.057463362160882325,-0.05345214758839849,-0.1293024046649801,-0.06079391815749893,-0.19678413648850412,0.1367872499920942,0.19402742271547915,0.13370865241081364,0.23054309623504138,0.040961553872491716,0.23030314766802334,0.14043308640801852,0.1284094064974646,-0.020563074152998104,-0.014301263691730272,-0.0037227503889984692,0.002188407783001211,-0.017145046859515952,-0.03494987558360712,0.05885107230004596,0.007934736178057874,-0.07259113611894004,-0.04125636250613633,0.010145878184204869,-0.0743549721807481,0.01175021992264509,-0.060998910948126366,-0.022231383533990016,0.029442216402724146,-0.08821705793884413,-0.0023827967451022164,-0.05394353750878819,-0.014581387918857307,-0.026666722657434614,-0.02331678168870849,-0.0686664920230024,-0.04114830505852068,0.09943722195494928,-0.12934870903424386,-0.0857300757715616,0.006017149054593077,0.0025859550527676132,-0.08368210376876418,-0.004811976795708359,-0.15030428925164505,-0.08905711697440223,-0.028774756492766413,-0.08709017593448781,-0.051531518533692484,-0.037450339907121245,0.02377703983778882,0.009436191153566002,0.014237513489429112,0.1584056107848545,0.11351271307804489,0.08080214529018614,1.0
