,heart_rate_mean,blood_glucose_mean,resp_rate_mean,stress_mean,blood_glucose_std,total_steps,resting_heart_rate,total_kcal,sleep_light_hrs,sleep_deep_hrs,sleep_rem_hrs,sleep_awake_hrs,act_generic_hrs,act_running_hrs,act_walking_hrs,act_sedentary_hrs,A/G Ratio_value,ALT (IU/L)_value (IU/L),AST (IU/L)_value (IU/L),Albumin (g/dL)_value (g/dL),Alkaline Phosphatase (IU/L)_value (IU/L),BUN (mg/dL)_value (mg/dL),BUN/Creatinine ratio_value,Bilirubin Total (mg/dL)_value (mg/dL),C-Peptide (ng/mL)_value (ng/mL),CRP - HS (mg/L)_value (mg/L),Calcium (mg/dL)_value (mg/dL),"Carbon Dioxide, Total (mEq/L)_value (mEq/L)",Chloride (mEq/L)_value (mEq/L),Creatinine (mg/dL)_value (md/dL),"Globulin, Total (g/dL)_value (g/dL)",Glucose (mg/dL)_value (mg/dL),HDL Cholesterol (mg/dL)_value (mg/dL),INSULIN (ng/mL)_value (ng/mL),LDL Cholesterol Calculation (mg/dL)_value (mg/dL),Potassium (mEq/L)_value (mEq/L),"Protein, Total (g/dL)_value (g/dL)",Sodium (mEq/L)_value (mEq/L),Total Cholesterol (mg/dL)_value (mg/dL),Triglycerides (mg/dL)_value (mg/dL),Urine Albumin (mg/dL)_value (mg/DL),Urine Creatinine (mg/dL)_value (mg/DL),clock_visuospatial_executive_time_value,delayed_recall_with_no_clue_time_value,digitspan_time_value,memory_trial1_time_value,memory_trial2_time_value,moca_abstraction_time_value,moca_orientation_time_value,moca_total_score_value,naming_time_value,repetition_time_value,subtraction_time_value,cube_visuospatial_executive_time_value,lettera_time_value,trails_visuospatial_executive_time_value,moca_combined_mis_score_value,memory_trial1_value,memory_trial2_value,moca_abstraction_value,moca_orientation_value,naming_value,repetition_value,subtraction_value,Rate,PR,QRSD,QT,QTc,P,QRS,T,Age-related macular degeneration,Arthritis,Cancer,Cataracts (1+ eyes),Chronic pullmonary problems,Circulation problems,Diabetic retinopathy (1+),Digestive problems,Marijuana user,Dry eye (1+),Glaucoma (1+),Hearing impairment,Heart attack,High blood cholesterol,High blood pressure,Kidney problems,Low blood pressure,Mild cognitive impairmen,Multiple sclerosis,Obesity,Osteoporosis,Other heart issues (pacemaker),Other neurological conditions,Parkinson's disease,Retinal vascular occlusion,Stroke,Type 2 Diabetes,Urinary problems,ABNORMAL,BORDERLINE,NORMAL,OTHERWISE NORMAL,cube_visuospatial_executive_value,fluency_language_value,lettera_value,trails_visuospatial_executive_value
heart_rate_mean,1.0,0.17245577200880285,0.16826117508427965,0.8790315384014752,0.1397036150638868,0.5094813217933631,0.970098026669094,0.5532205949075757,-0.3148753443327393,0.11806123421629465,-0.1686467323446321,0.05277218016776863,0.6238551914675488,-0.02134304905197342,0.02595793497768256,-0.3741377385588808,-0.21159377529901643,0.029311454596250574,-0.0725988122022752,-0.09494502073919145,0.11194167353792155,-0.08450575357536722,-0.11635011283070319,-0.20037675217674308,0.09327758926575158,0.14366675962681666,0.007305759099044587,-0.06772746739754837,-0.09985382965417164,-0.002628118164126386,0.20632216996085762,0.175380192737331,-0.0880977045084159,0.14445841231951165,-0.04367667627993628,-0.05412157554188086,0.1288212113001198,-0.09140986521288906,-0.04202801475363883,0.08739858591708574,0.060247514078656,0.09186021046656441,0.021377117064351504,-0.06620327627422937,-0.015309382535990956,-0.03886665691146642,-0.0749578701750149,-0.003710253842505074,0.006207096685888476,-0.01875219996022652,-0.0052402125478560125,-0.02188903617196753,0.15109582938893296,0.08959541905485079,-0.0795514158376154,-0.030631611984892195,0.020141632674551935,0.043618471662409765,0.03186395440777628,-0.11152552692734063,0.006061091002667312,0.0258562618385474,2.18558556535417e-05,-0.06794703492661464,0.7134583072775831,-0.1385860322725511,-0.12817953365418655,-0.5732145024121383,0.23653366082317318,0.06359345767342164,0.04138054007932688,-0.07785871664076031,-0.012061019264081334,-0.012828204063754345,-0.02291705245856754,-0.07843188727800113,0.05437880183315204,0.04474507637179997,0.11093645374770951,-0.028513588269113956,0.0087643883534345,0.012448942749035666,0.03145282089969079,-0.09709626972761852,-0.0495814386318412,0.062343410114563465,0.05821578810124093,0.005781897889667427,-0.030293800708956996,-0.03714633797684745,-0.02954541648314343,0.1752498860542496,0.009631254117449636,-0.04894755477681057,-0.026867727329889096,-0.04338834176115956,-0.017132298244682435,-0.03693481244981524,0.23327810258493079,-0.0655935807539476,-0.0907016775151196,0.01956462931767448,0.040653748333876985,0.04584643298426201,-0.15578622758793245,0.0016204519727269927,0.03733447378952309,-0.008994924356451403
blood_glucose_mean,0.17245577200880285,1.0,0.11625400606981633,0.18415556820073625,0.6774308835190735,-0.029784832996460713,0.20188609477191571,0.002607561653736543,-0.06642590459401768,0.06629427820627569,-0.1143512814354949,0.04851747090435506,0.0943562218034479,-0.0681466031649282,-0.12039225892605447,0.046480364811497685,-0.14622767861887936,0.13657561670136978,0.08914085205466289,-0.06791185914893641,0.11399370255789812,0.1504271645515204,-0.010670278157754624,-0.03446283895998703,0.0817741743484006,0.1508234054918051,0.0109058844073514,-0.06506339616048755,-0.16443757499041337,0.17860629931211489,0.14292766484714986,0.6351771717981083,-0.2286308564932452,0.1418614850812342,-0.18038779092206414,0.03540835261891874,0.08800706835143288,-0.15939204722318676,-0.16739213824273766,0.20142385647840155,0.10320749221276847,-0.006937957765192666,0.017763084899055412,0.10981386451209826,0.030591273498733567,0.019983079565261675,0.020762110158398,0.04495293795644445,0.06087274194495647,-0.14411270702864773,-0.008934049494132847,0.054001597800039644,0.005830141183705432,-0.01740855461430976,-0.0010350853605022446,0.013483549097119322,-0.09726390662377853,-0.03525301793829378,-0.09918734446667644,-0.061388339869204,-0.035308316028909006,-0.05276761221549208,-0.06903838458668114,-0.014163395522633848,0.22133467134581666,0.06925543679071668,0.09424124618769773,-0.11807727352131707,0.1457850758932605,-0.06441204488874668,-0.121083660747048,-0.08646076206446374,0.015469645269334763,0.04507440727174436,0.06189302764855856,0.13338268762608876,-0.03150423631120806,0.005925373976621115,0.18440369687448502,-0.018815944991249018,-0.11012351832064426,0.04190389159973451,0.07977125562315762,0.05205722876623047,0.05721450272848668,0.12847483828258602,0.21012777413531963,0.14078549026561643,0.01802809064706361,0.005646234383562166,0.11463778858719552,0.12512219234016367,-0.056969087877889416,0.06862671017717185,-0.022546824678965634,-0.0031249911740804746,0.027197701232462835,0.06417547260522571,0.5026259759630264,-0.013955256921088306,0.04496349451580175,0.05695557910680659,-0.08008223117860469,-0.010964318116884988,-0.06387143177531403,-0.03126392285928076,-0.07622972912274423,-0.05388557749146073
resp_rate_mean,0.16826117508427965,0.11625400606981633,1.0,0.1477192776157294,0.12311020169197878,0.03869560170560942,0.17839711906449854,0.062474696072996445,-0.05234562363630498,0.12107594153594124,-0.12508785726720045,0.037517309029381864,0.12612330539107508,0.005631104114743276,-0.06161334016482848,-0.022370346112373558,-0.05507665302032309,0.003504222448005763,-0.027334846718502108,-0.11532402175758459,0.025070298714054914,0.07071227723297521,-0.03976290228594369,-0.0030934251625889865,0.1695735693954269,0.1315490310339286,-0.03096347471822518,-0.06330884026961067,-0.020479555943367745,0.09961210572170945,0.02079580888869512,0.05431030649968012,-0.16520699165425323,0.11078276982015146,-0.1560517753044208,0.013607610720428565,-0.047937179056623536,-0.030184432410990548,-0.1869677496665996,0.00730906323935768,0.007276349698896681,0.0457806417153126,0.05978658222024001,0.07816792503215246,0.0049277000657822236,0.014914229920865446,-0.06012008166833224,0.03937763377072042,0.029815618265897115,-0.08807451644161732,-0.013351171526125168,-0.009572728612558548,0.063734543327169,0.09540287864102419,-0.08022685781261149,0.010674424341896355,-0.06383227017574619,-0.004864642625298066,0.009550743642565142,-0.07130120057244525,-0.14347830289765032,0.030140708762237386,0.041790112007696126,-0.048570683389428645,0.10206539546418862,-0.0485567925788675,0.04416073502727311,-0.05366074578428874,0.056466596744872234,-0.06823463278141807,-0.05948632313877955,-0.064026628045912,0.06530836085980736,0.08485584795567576,-0.0017008766500434813,0.050102771095881835,0.10010596193060012,0.07093658966989394,0.039671933261484216,0.03834636265745445,0.045028705951141855,-0.05481026514817862,0.03520672579388851,0.0536389134770821,0.09593077910688531,0.11080697504343834,0.14640353938481343,0.07976908504846544,-0.03804754632593177,0.0017254514816853834,-0.030487758061485033,0.047137734312904016,-0.011552499682728696,0.114808328809539,-0.06442959599199437,0.14619228950649907,0.0413254561935549,0.014363190345541656,0.15439148147001067,0.0040761192069546145,0.01566847296165097,-0.01761645115779877,-0.0012387058587393384,-0.002692854249195647,-0.006218908291823358,-0.04559758572833619,-0.018528438718824612,-0.06112093455286173
stress_mean,0.8790315384014752,0.18415556820073625,0.1477192776157294,1.0,0.13928304350815357,0.41564567918373946,0.8661553144104017,0.44107283491058585,-0.36094524608901796,0.16731729923629315,-0.20648171701815182,0.06547800449831004,0.5095094559146693,-0.0330443347927468,-0.006047785559920429,-0.2829070034129092,-0.18849150981282128,0.026884321025571915,-0.05979892363112422,-0.09918063575312337,0.09209062910434036,-0.03232112656650291,-0.05422103588214603,-0.16139920793747542,0.089194229851547,0.10244508313226475,0.016056568666686286,-0.04094368236453835,-0.09771885819080314,0.01117769079902964,0.18130949106642366,0.1708622320299771,-0.05439090999913198,0.13598049302393225,-0.03689371835631221,-0.05982330741347094,0.10413337732990996,-0.04783964191017723,-0.04120750098544276,0.04169790349304406,0.07830708913331504,0.09738667911131439,0.02863149180754654,-0.05279424491898197,-0.021990820441879656,-0.04254161251903753,-0.08910638175634522,0.012758158000102158,0.015445661568986288,-0.029002034456797617,0.0009596486102373057,-0.02651194690654817,0.14767159962001983,0.10188023926757418,-0.10124042257871362,-0.03607694511359755,0.024655755498247438,0.005397552834943583,0.05779307891651654,-0.11831156225321136,-0.03167624907291415,0.017705730655481932,0.0048977455193799126,-0.06326583815861103,0.6112320817779566,-0.08680113132742455,-0.11440690136556422,-0.4900139850447753,0.1991876755798186,0.038039428358212876,0.008582105404274782,-0.10392040384937422,-0.00010525078503514194,-0.01484768241483606,-0.01353445577676411,-0.06588762295202386,0.04139297320158105,0.056407406515367825,0.06278789859937933,-0.03943374881209637,-0.028206679486814306,0.06442883473510702,0.06340846789930454,-0.09204967248255619,-0.05405077715121086,0.07875366932496738,0.08908106104382275,0.02145248950314642,0.006723971868162665,-0.016208541474976662,-0.01689586379353088,0.17260135922387898,0.016644014225238587,-0.0357106557729081,-0.03108964556952613,-0.05707292480337286,-0.0026237480565264,0.0006096957094643234,0.22763830955673045,-0.03389408966267496,-0.08517049063497649,0.0168485558485652,0.018911752485383567,0.06554116669065137,-0.14978029282235,0.01135882934416407,0.03551446497565163,0.00900989613632084
blood_glucose_std,0.1397036150638868,0.6774308835190735,0.12311020169197878,0.13928304350815357,1.0,-0.025281882541486445,0.16486108825294346,-0.00909914267914726,-0.06575517253100914,0.026306571817346438,-0.1254640769894189,0.056571659745580385,0.08507082176811184,-0.07094173318079115,-0.10953361964273303,0.04318632992621879,-0.13636655448612167,0.11502468373581834,0.1255136870046295,-0.13330502130918828,0.1533714780277527,0.19670504555824653,-0.007256673785265833,-0.059163726167744124,0.07213139778084934,0.11746595431795527,-0.05754287089281663,-0.10206273007968814,-0.07368923690650384,0.22777642982173385,0.10664720882749595,0.4529629239062439,-0.16603712818815242,0.1270005999589914,-0.236583373120739,0.0400201096781789,0.018066173764393945,-0.06301279484592918,-0.2219188412811974,0.1175256583617465,0.13856895731597105,0.002725675229467255,-0.007003765401782788,0.1513886510770573,0.03727848581347664,0.003776948323790094,0.03950464937921446,0.05390838178808866,0.05948034609215686,-0.150571845872609,0.01111469179989085,0.07111837341377683,0.017019815613776565,0.019842643203996993,-0.021995232281407994,0.010627418630604596,-0.11893365774639143,-0.03859494543052395,-0.07267581338368588,-0.08363284860177012,-0.1059375175119727,-0.0777687382038748,-0.06527356071683892,-0.03379138134090819,0.18902210422710025,0.06671073003383647,0.10611972380758275,-0.08785139799256254,0.14338867089405558,-0.025359928128843415,-0.1090021824112602,-0.046002931978542556,0.07565170099412999,0.09618349854977744,0.05128529794913136,0.1523843404516027,-0.0014313591275924818,0.018378368063281202,0.28167192448210016,0.024399707700019504,-0.09666512012538472,0.060643144630074655,0.10974340932704679,0.07647493001856479,0.10769155810539616,0.12945746727002194,0.2470562637494391,0.22657659708782713,0.0017567084897509115,0.020555680492284758,0.1151924992196117,0.09113309803454887,0.03342790997649347,0.07618415374986151,-0.03926003976661898,0.025230155755554512,0.014552182261763958,0.07421885313734937,0.5046888911255323,0.016273545196148837,0.04496125637465565,0.04951075971297366,-0.10409490754882691,0.021596591127002095,-0.09896253978028166,0.03073742541455872,-0.07449651892726537,-0.03484378475982634
total_steps,0.5094813217933631,-0.029784832996460713,0.03869560170560942,0.41564567918373946,-0.025281882541486445,1.0,0.3480909094959562,0.8790088088150012,-0.19602582155571602,0.010350406776765773,-0.0983301717576554,-0.07360404697404418,0.5979642801828045,0.15610182838016678,0.6605412748563115,-0.8780993264590787,-0.0658500541736625,0.021504789872374867,-0.005863439239241985,0.03530477740320252,0.01768469829537833,-0.10053301123183563,-0.014701103618628664,-0.10077973348240829,-0.030504077865332747,0.004019693719768906,0.031311705243654696,-0.004680753660424936,-0.03436229971848642,-0.10225917656163608,0.08638703570904331,-0.007373517801493989,0.039129124194303554,0.012900650907503291,0.05120399723689177,-0.04399358216973394,0.09717591567614259,-0.05144665346089164,0.05539112742282934,0.0012273128116667442,-0.005868009513894601,-0.0017426851512555325,0.027248550703376204,-0.07818726986522714,0.021146003480801152,-0.03078205582882761,0.002139216196049769,0.020114885105617094,-0.006438961511010493,0.027378556060917075,0.00984610295401662,0.023103671226651586,0.08417965996148381,0.0481492481395582,0.005175688328020041,0.009551421486339529,0.04273666352261241,0.03840811639217767,-0.006909047166496139,-0.05536240212634832,0.046288068543175596,0.03858743605634892,-0.020824878672572544,-0.07587481453234465,0.2608419150726683,-0.08321858357703792,-0.09680298301356215,-0.22926823797594595,0.0355897603994479,0.026296822624952174,0.08635566011132922,-0.031983099679049526,-0.03518698944941618,-0.043883618098875504,-0.06493552103038894,-0.134918781342549,-0.03946333871483632,-0.03397613884786005,-0.031876112238122846,-0.017162270360466282,0.06817088837059196,-0.0031957915993901364,-0.03532967660702844,-0.10549254661703204,-0.08378503435450936,-0.04027657835130451,-0.06340606308246662,-0.07553027661171853,-0.04050286511695275,-0.04762976068845907,-0.0222107532078193,-0.01958100102297641,-0.07330879297313268,-0.09377443449156907,-0.05097693874179304,-0.052031066286023046,0.017209226359530774,-0.07324993714883274,-0.0016288980876296593,-0.06952025981928606,-0.058559308744470316,0.005770786726943285,-0.000622017845882007,0.0648325368886473,-0.024729740186593477,0.030446621775111416,0.019013378278835095,-0.009922414050786131
resting_heart_rate,0.970098026669094,0.20188609477191571,0.17839711906449854,0.8661553144104017,0.16486108825294346,0.3480909094959562,1.0,0.3973207607316944,-0.31039042694177227,0.1290835109491133,-0.1730823828097967,0.07327081303902726,0.5177078706003428,-0.07018555451633676,-0.11388394573515502,-0.199083780948552,-0.2295790517566175,0.02518769943150903,-0.08241090254344302,-0.11979996449229065,0.1288518736421476,-0.0697234140942476,-0.12650092253028405,-0.2075120051784959,0.1130396337473829,0.17144536458771256,0.0035847012279862376,-0.06950347864416298,-0.10365701931493332,0.022255963043528174,0.21875628062859956,0.1937790182275146,-0.10626014390772169,0.162370232079641,-0.05850872242191356,-0.04890203621977682,0.12556279322904199,-0.08774645584360181,-0.06053357382278094,0.08886700026141198,0.07332825955830288,0.10846036809859474,0.02619649761204263,-0.05471660470010528,-0.018653385227607466,-0.04841429727743813,-0.08889025917378617,0.0005908728111783296,0.008822556621905724,-0.033634670475411126,-0.0010284721965167205,-0.03298793565788392,0.15843663564622137,0.0997345766327092,-0.09566074222852687,-0.02417643509796845,0.01098268017299473,0.03706261494383585,0.03921579548019847,-0.12026044069053364,-0.0008588013388653037,0.013945375495633065,0.006702157565825168,-0.06357606993772535,0.7275526945093184,-0.13152003314677257,-0.12560776151240252,-0.5790785915574233,0.2568057612373018,0.06687554266062792,0.02352476861853047,-0.0822268150804017,0.00023040154408850649,0.001042405789681425,-0.016322998842563715,-0.0482749538309564,0.07721667836385189,0.06043392380683807,0.13199259021902782,-0.021823018945699782,-0.010779788732725335,0.027978566690884808,0.0456973707596821,-0.08673903066305233,-0.030390368619912275,0.08724082385544597,0.09046461152240112,0.025380937454676886,-0.02497102529464274,-0.025608909747991137,-0.023661073048065473,0.20966867882873833,0.028120843152992982,-0.03334340521633539,-0.01306565823466267,-0.03527424247025521,-0.01883203110725889,-0.020282858599488685,0.2659284457232756,-0.05562629224182243,-0.08660976441687585,0.02145685270464782,0.05104192283483113,0.028033386443669636,-0.17451338111953857,-0.001274499151978519,0.03206081952811876,-0.011992805225316724
total_kcal,0.5532205949075757,0.002607561653736543,0.062474696072996445,0.44107283491058585,-0.00909914267914726,0.8790088088150012,0.3973207607316944,1.0,-0.16022166109164462,0.035639798124532295,-0.048906399001811325,-0.05503371774791337,0.6357919174132209,0.11648361967867654,0.5771790663553162,-0.8306481403666042,-0.08019539808594305,0.026037846138781743,-0.01889334844044765,0.021961430252323114,0.017135592095891397,-0.10195876883867443,-0.049046036677626643,-0.08229178903237089,0.00822372135867191,0.0013580536871350454,0.030301484985561802,-0.015790742641736532,-0.05474114779993855,-0.08011945194806368,0.0950433159322295,0.01718776115662385,-0.006542757174868915,0.039403582158498145,0.006687261716073418,-0.05347907674211862,0.09718870086622648,-0.05541117316145692,0.009628296559932532,0.025114063427737733,-0.01666395829917128,0.0005052099489141262,0.025938164084690126,-0.07244594362933432,0.0077015141607694616,0.0012988054465091889,-0.012925407300160214,-0.011599185516573756,0.003243419222709611,0.03425787263158266,-0.016112647781223434,0.01643314299510043,0.07234179898737518,0.03753494056211618,-0.003307782086905712,-0.005832007497087176,0.03312321792965339,0.042145600857207186,-0.01350223537707466,-0.040942052887610575,0.027730575832560334,0.04362693781895158,0.0020287188883552957,-0.04709818457895801,0.2977481262527871,-0.096255582725519,-0.07432744660899748,-0.25281320509040944,0.05685390108556153,0.020188724645499975,0.06067133407730275,-0.04950952575636273,-0.03863969505443858,-0.048132057777820626,-0.03837190731777802,-0.12559404822886439,-0.03095952602398067,-0.013701282240902326,-0.031538021761357206,-0.027413936114518887,0.04070668611075131,-0.0122138732117456,-0.025926407754178152,-0.09305959893845456,-0.08053586719607052,-0.033468693271765604,-0.0406648650946562,-0.06349548768588865,-0.032519278846698856,-0.04495854863432239,-0.0282454149873205,0.005682684393746314,-0.07024827695622382,-0.08574355087329635,-0.03556948002322355,-0.023855955987750255,-0.014441273783594995,-0.06487239021033371,0.029344225043156508,-0.0741093537063839,-0.05416740027508878,0.01674606238234719,0.0022803678352131106,0.047518759904306235,-0.0360030132746621,0.021611642111706936,0.03158495738566051,0.00355923451428926
sleep_light_hrs,-0.3148753443327393,-0.06642590459401768,-0.05234562363630498,-0.36094524608901796,-0.06575517253100914,-0.19602582155571602,-0.31039042694177227,-0.16022166109164462,1.0,0.045678957535867634,0.21425597053169856,0.030796368077234994,-0.1691201077135623,-0.030454777298071688,-0.07699087637705743,0.1594109832708329,0.04418541952352397,-0.05006665655483722,-0.026072630206284978,0.05990633128882136,-0.010646881592622675,0.0016858411815178585,0.021116626287010366,0.04427920791814984,-0.05442647470416086,-0.03681453465686538,0.014454347869821596,0.025632696529487003,0.019396025623559337,0.00714669614417153,-0.020335945045469636,-0.027340798324901282,0.05506838542206318,-0.06870672967191045,0.009427393807324642,0.03194961063730506,0.01642195244145666,0.014030898449928563,0.027151708290196634,-0.005959211232508456,-0.02864938428526436,-0.012388955834477178,0.0024004542699155845,0.03087176191421421,0.04030496246294225,-0.007725406020719983,0.03770362456281363,0.02947920923396267,0.05905892253114151,0.015804810796764435,0.017737629552469415,0.0026364239687630105,0.0010739781369013947,-0.029333702808236217,0.04711486046778692,0.02295522322515799,0.03562844382869745,0.004257455223503052,-0.03289013975505339,0.01719433666237474,0.030229649425447917,-0.00908438468203104,-0.028149164104428484,0.0620624744676308,-0.16781847830351537,-0.016033052867965955,0.03073193143458267,0.13122845246621714,-0.0550685033430094,-0.0004743627969417516,0.018178956035077284,0.04536264392308514,0.024770596494470873,0.040984115379248974,0.03446364936574152,0.04045823222771696,-0.0014309606022993339,0.003781864898317071,-0.00552638357573881,0.032689505629258334,-0.007297687620873559,0.018537218623479575,0.024171498340441362,0.02259994527431526,0.014238008024867752,-0.02093492585353616,-0.022749187513294758,0.019982382066531953,0.04481244107046639,0.07593317073541976,0.023297578926567197,-0.05200840184496254,0.028692333829619533,0.016455461364717004,0.05925023167698538,0.0017595511864907931,0.0010535094971048718,0.0253959940303017,-0.04521583150309219,0.039844938855887795,0.029287757869000765,0.03212055121006879,-0.033209003157835364,-0.023990875272573764,0.03820369627043807,-0.008950988219893447,-0.028031660988549603,0.028482745374549322
sleep_deep_hrs,0.11806123421629465,0.06629427820627569,0.12107594153594124,0.16731729923629315,0.026306571817346438,0.010350406776765773,0.1290835109491133,0.035639798124532295,0.045678957535867634,1.0,-0.18401287787104573,-0.19617808584539367,0.03968221622798181,-0.024633597727413727,-0.019895789428478715,-0.005333275280752922,-0.024610272620046045,0.04263322328785607,0.025465594470840812,-0.0238312095871531,0.019343550032923856,0.01376864079279242,-0.0008162127276868333,-0.03188475794413146,0.0500818158873902,0.009586617917665024,-0.0010423723651244898,-0.010269981352310099,-0.05237977169366448,0.035805988190769356,0.025462352900277346,0.038682403207043886,-0.010235482202114982,0.05057660970801725,-0.018700201123947394,0.006958106842725493,0.008919453188504557,-0.03987224386672158,-0.016336158348423644,0.012011679593126762,0.014077176388883374,0.003840478734231881,0.014643496177636588,-0.01915147968788361,-0.008498493108345587,-0.026019656705786227,-0.05436435062783186,0.007029516975414615,0.007766283063325195,0.04324618563858311,-0.014774518370787719,-0.05262070310610879,0.04335236686377258,0.031297894532350684,-0.06061125942748345,0.003996615643835573,0.02207197068059614,0.027517301322945286,0.07080359062828918,0.010258712389714163,-0.01723509848893927,0.033408450242010806,0.09693003432549196,0.017032974777539633,0.10493793144822788,-0.023927253967023585,-0.038694394926028976,-0.09365409305671066,0.024299993038377647,-0.02673791718900346,-0.026880282221989054,-0.05408678371134342,0.048213893606113216,0.016291695043494613,0.03083433200175936,0.009016329513671791,0.04269265599131689,0.03534535026986121,-0.009887359032263584,0.05144552107854416,-0.0034566028362929928,0.042912250137865246,0.04571278417925307,0.010888563614871498,-0.03177268706740732,0.023180596349377924,0.0176886044810101,0.009518618584525781,0.0037458110400713225,-0.006667270704418918,-0.0002879837245716868,0.058917060015601624,0.040051996710027696,0.01523998424281355,0.023881276764333874,-0.013573864998915483,0.03166958508169163,0.03843105710412276,0.05054134360752911,0.02443607768165655,-0.028131703179905123,-0.03535048760673843,0.02332920397529939,0.03616346934085528,-0.019948838582555826,0.032454739523049635,0.005659640807882756,0.03539730412030254
sleep_rem_hrs,-0.1686467323446321,-0.1143512814354949,-0.12508785726720045,-0.20648171701815182,-0.1254640769894189,-0.0983301717576554,-0.1730823828097967,-0.048906399001811325,0.21425597053169856,-0.18401287787104573,1.0,-0.27342744008899067,-0.12270764129618703,0.028663914430855537,0.012825916811791745,0.05794995682046883,0.12270292908719588,-0.060724635659029386,-0.033780918992481555,0.11774900072827972,-0.11390366185567452,-0.11831758886998214,-0.003076416458464422,0.017235733686201186,-0.04828737189638498,-0.1084514037406182,0.045997789534508955,0.021414865597162398,0.040243886255170634,-0.10440682195298275,-0.1010699422944846,-0.08701862171386775,0.0744263357527718,-0.03433040769925355,0.0877515506769991,0.000996383654422131,-0.022066702088957686,0.016333662902459703,0.10752858272564163,0.016335488262841095,-0.05764278759495482,-0.08220845881765214,-0.06564550186263311,-0.0530868290721167,-0.03204312096998804,-0.024300873266727724,-0.00334410578846775,-0.044561776424644116,-0.03288225792180145,0.10493396655778277,-0.005239670753737577,-0.035760510005541264,-0.07720859354331033,-0.09779144708609859,0.03217841995914071,-0.037764893596275675,0.05036928109323085,0.0767728147419576,0.0049099265197380644,0.08203270808019325,0.002694411129670047,0.03292146337109144,0.0049638970161733935,0.08264203811488065,-0.11748323378447932,-0.05761406863503397,-0.03815887303638113,0.06409062650676349,-0.05630167794634388,-0.00990281292057122,0.0558720923272582,0.056475250634381274,-0.013013890718094346,-0.026073226328001707,0.010165064699698766,-0.03667657249965087,-0.028507362550241507,-0.028491102760809208,-0.0389759671918219,0.0016402815151921504,-0.018413967280270335,0.02533927292105359,0.025694925363525845,0.0047681670122656575,-0.054358024003810006,-0.04050966120461319,-0.16951118666687626,-0.07914932997125632,0.03704206396051367,-0.01629131497483816,0.016904794327401468,-0.09060319949555105,-0.005789271657478367,-0.030142668986266826,0.022364724605633105,-0.021631066912891718,-0.043763239510876246,-0.0009854108173161702,-0.12516586916492736,-0.039860110346044454,-0.037109889837858755,0.0502676778411068,0.01020994793455321,-0.008614612920189158,0.07960158867271874,0.009737978891155559,0.03478536025979921,0.061200464509215256
sleep_awake_hrs,0.05277218016776863,0.04851747090435506,0.037517309029381864,0.06547800449831004,0.056571659745580385,-0.07360404697404418,0.07327081303902726,-0.05503371774791337,0.030796368077234994,-0.19617808584539367,-0.27342744008899067,1.0,0.05111454353626422,-0.056458036765832754,-0.16185017351373832,0.10380761518687087,-0.10895760978103947,-0.016027034334976507,-0.04530481737390419,-0.14107915086917022,0.09149042026176822,0.12254572784039662,-0.00010941920321894893,0.029851965097686447,0.04351421352672444,0.08214927612429006,-0.01365601675064162,-0.04249196109727896,0.04384457995589791,0.11844514563944204,0.06443777225853627,0.07081727684073585,-0.04891449197736434,0.028881672813681664,-0.09354213481934856,0.05073829586925985,-0.023955949509335207,0.02382535884587036,-0.09731492951681368,0.003961178226249363,0.0954552171678439,0.12852565380758413,0.010809618784169635,0.07155573357688243,0.04780959619005102,0.00021384890041025226,0.021081927811811257,0.008011401163029943,0.033330532872080106,-0.1104860940216638,0.050128797455395925,0.0260281127741083,0.04157424342198661,0.059913046748990194,-0.009118515564592252,-0.025408240249704585,-0.05904419446984506,-0.03334481040358883,-0.03445140986119602,-0.0665653167098197,-0.05396376564179207,-0.0986618307713791,-0.04260539084977687,-0.024882263249395454,0.08634699642912148,0.025899191694556702,0.010417171405278836,-0.056198129489298844,0.03356232314559407,0.013877598530131043,-0.03997625709096543,-0.020026309381465116,-0.004493854766469554,0.06379293609371181,0.02871561592758906,0.09808294542270618,-0.008561151784577321,0.03915747717127447,0.09829526310457522,0.019265893361542923,0.0005005804811664844,-0.022535611327292777,0.047088625010502524,0.0018460005966055495,0.045878071970644224,0.025141067042065184,0.10866904920870525,0.10333349034248888,-0.043662528128977245,0.020180194156955693,-0.03371500228879666,0.10178783567388336,0.04441892238765826,0.04853813859862874,0.055931797307351386,0.02889861363436959,-0.028891449733965603,0.006664298661608736,0.10592512535654122,0.03408481865365712,0.004718387832390575,0.009247999129800446,-0.00957502397822107,-0.0025255282760167793,-0.05230800934147676,-0.008425279752324957,-0.006674184634379181,-0.053723571098973126
act_generic_hrs,0.6238551914675488,0.0943562218034479,0.12612330539107508,0.5095094559146693,0.08507082176811184,0.5979642801828045,0.5177078706003428,0.6357919174132209,-0.1691201077135623,0.03968221622798181,-0.12270764129618703,0.05111454353626422,1.0,0.007512581182281207,0.02278301637973249,-0.5866174165863319,-0.13238761351268438,0.05225002307879317,-0.0123830506245131,-0.049873148070253906,0.051266378796419515,-0.07168691400271515,-0.08406875966174554,-0.07756904159711955,0.07480046828453908,0.0621716999468079,0.015150069693130621,-0.03620619412999347,-0.0900516417328674,-0.0239058271227954,0.1357218147935143,0.09539401544738044,-0.08736953444363166,0.07920067098397915,-0.06850154433032361,-0.04645681548399161,0.09198922681904721,-0.07714303891502651,-0.07016032907448058,0.0685373707708744,0.026541265742354218,0.09302732222402374,-0.0006797840540261592,-0.011711612134561627,0.0023749952229418446,-0.02040149576116721,-0.008024233276795526,0.02343574692453052,0.06873300261621562,-0.017095877861721218,-0.003284327270716026,0.046109868777403556,0.09589892814315536,0.078674293546354,-0.030283636989825787,-0.030544282046596122,-0.020517952036597734,0.052236319380564805,-0.02089053230637321,-0.08275932973901873,0.01758727653082978,0.035213219852767666,0.020768089359076886,-0.046628550534236896,0.42989032813368877,-0.09632721068402496,-0.06893315437519122,-0.3297587894868544,0.10434433293558057,0.028704234803994547,0.034186305241707425,-0.06117748703658091,-0.018855445274388257,-0.009773906916022273,-0.015371662409564264,-0.10473925908599768,-0.0008341518248620018,-0.013836835564919618,0.010375647278237855,-0.04125726082698691,0.015232638231397701,-0.0025140438660867805,-0.02119676132224433,-0.0778601161809553,-0.041701236245962114,7.016310779247732e-05,0.042716149486529825,0.0017341823764758918,-0.02253961854884647,-0.03195362727443999,-0.026968514621523717,0.0773851003027104,-0.06143735290726092,-0.02892608804772784,-0.025803503695285605,0.0005386286039968536,-0.02789813822461012,-0.04976956574712384,0.14213790501542056,-0.062110879403802,-0.042666196287978186,-0.006426591314525065,-0.027828675307983747,0.08610253234538646,-0.08955308801081727,0.010154387751357439,-0.0011980680990727518,-0.0011608995143419021
act_running_hrs,-0.02134304905197342,-0.0681466031649282,0.005631104114743276,-0.0330443347927468,-0.07094173318079115,0.15610182838016678,-0.07018555451633676,0.11648361967867654,-0.030454777298071688,-0.024633597727413727,0.028663914430855537,-0.056458036765832754,0.007512581182281207,1.0,0.10085353845275025,-0.1339062711286823,0.05034542002875527,0.005456995356379675,0.012272947429226798,0.006778532949040891,-0.04835204087046315,-0.03467273385633225,0.01952226132857303,0.015072645913459632,-0.074055428042977,-0.04857775863600753,0.0018014976849957463,0.07156264346364834,0.009193313416945124,-0.0499025199065837,-0.05312567770379974,-0.04393285494177115,0.032640498523506964,-0.05935343374262205,0.038136615546550345,0.018215853956516304,-0.04334841319436237,0.01482415511402295,0.029922466346073272,-0.04287459494677017,-0.02201490009121759,-0.05683007608487471,0.008763495449115007,-0.05028054173818146,-0.04314283630924284,-0.021989303051343816,-0.01247254768204342,-0.04963605516303246,-0.056725956397684324,0.05292455653157408,0.02362507646858248,-0.029433699693283442,-0.07265136973943666,-0.051134242948949526,0.008092996927838284,-0.013524264181119216,0.03114271101780615,-0.014051326833229728,0.03764298831763396,0.045403337764472744,0.011137000916584391,-0.01575287849167313,0.02644429318391248,0.03176012611965037,-0.08683079252870048,-0.03994773832307899,-0.0470823611014523,0.04848789510144822,-0.06637351073823601,0.03917508365149039,0.06832506299710245,0.02536130907612078,-0.018662760698193365,-0.031053294101143988,-0.019790869333675173,-0.06961117028157968,-0.04034463901419882,-0.030668473981093018,-0.03781479449292993,-0.016623719699202903,0.06857632908256049,-0.032887428771674596,-0.018819282376962263,-0.04698104706531986,-0.03945581418631528,-0.040180139300932956,-0.11377624692206961,-0.05233652157440588,-0.02709999408981058,-0.032013192805169705,-0.009626713783809039,-0.08429372276587135,-0.052455505721280195,-0.03504964896294846,0.017510134186207758,-0.015819517630035394,0.0619882460039346,-0.04270291458460425,-0.07445953114147742,-0.05171095107987773,0.010618004728435163,0.001806777139319164,-0.02467080049094156,0.013257080169535097,0.06944262838670408,-0.03206494360433281,0.03360926383780225,0.008748393372700844
act_walking_hrs,0.02595793497768256,-0.12039225892605447,-0.06161334016482848,-0.006047785559920429,-0.10953361964273303,0.6605412748563115,-0.11388394573515502,0.5771790663553162,-0.07699087637705743,-0.019895789428478715,0.012825916811791745,-0.16185017351373832,0.02278301637973249,0.10085353845275025,1.0,-0.8215744106621264,0.08983230715744706,0.01276988026659279,0.03855551901189968,0.10990638577919884,-0.06810620261945789,-0.06064141612445844,0.06571813627044738,0.00964545112180188,-0.1101211427530852,-0.1006234139559827,0.005270914201920186,0.0264451664967134,0.02345451745619183,-0.1128546178895507,-0.065710023325494,-0.07988617570764986,0.11246491670837429,-0.07217708244318145,0.08699493001072475,-0.03428192334545998,0.004866753658128676,-0.008944686472028769,0.10099103630921492,-0.037380168909158344,-0.04582642797737804,-0.11548892763817631,-0.0027050535926288004,-0.07942699977090185,0.005307121317015346,0.031180852769484912,0.012101636492567692,-0.02127310846039792,-0.07386339906368408,0.06587339717351919,-0.02744812079499762,0.004821661155079215,-0.029393266264559327,-0.05208243978053264,0.03187830406310559,0.0070303160113438035,0.049333540916446664,0.031584030558806105,-0.0028040292102119667,0.03535109303652305,0.04177417656070427,0.011941501012015819,-0.02102209212623042,-0.022575782913814863,-0.09303080067621494,-0.015666149165857096,-0.027914459735748028,0.03953277619976222,-0.0790844233632962,-0.007514857725892727,0.06656203743688123,0.0016656991064015435,-0.03798186955799708,-0.07904256154016255,-0.06420935898417361,-0.0838304539939848,-0.0686789519525795,-0.0421538928491311,-0.07749521568966435,-0.018798612112400467,0.04376225238219836,-0.02676268265383607,-0.049444090941193466,-0.041241318143153065,-0.07333464722856362,-0.04636844498099866,-0.11976382143681821,-0.11190851427403258,-0.02582396311358751,-0.06341834017488926,0.012068600470332147,-0.1629853363975792,-0.053971672787462295,-0.07877426720692163,-0.07830628035085656,-0.05076730784809572,0.020484414902146163,-0.05786742756325548,-0.1394142317654623,-0.04445477095535722,-0.03947661281655056,0.0012514609773128722,0.008433616940183887,0.03609137712308045,0.06841605448725732,0.047431726323928954,0.027488302194013697,0.000801741752023067
act_sedentary_hrs,-0.3741377385588808,0.046480364811497685,-0.022370346112373558,-0.2829070034129092,0.04318632992621879,-0.8780993264590787,-0.199083780948552,-0.8306481403666042,0.1594109832708329,-0.005333275280752922,0.05794995682046883,0.10380761518687087,-0.5866174165863319,-0.1339062711286823,-0.8215744106621264,1.0,0.0005353246731589605,-0.040209465645510624,-0.024559705445564035,-0.0603734274253391,0.027986154478221295,0.09114486531881379,-0.006037293628135602,0.035553181447405977,0.0496225889666058,0.04792856801147969,-0.012966985441655917,-0.00418197871254763,0.031859930015984694,0.10672535869344453,-0.021696792671974614,0.012148148175769494,-0.04233040872698221,0.01589888281658402,-0.03286841017012938,0.05305413801556672,-0.05407757375431985,0.05029310776644197,-0.042765682745114664,-0.006788131193287416,0.022856558097284894,0.04275109296289566,0.002118301264796357,0.07293197545489837,-0.0035618902765562725,-0.012400812267916296,-0.004624857322917794,0.006214743343237614,0.023074940796395518,-0.04581058396324934,0.022771297213970577,-0.028686256444704156,-0.02729165497585456,-0.00031380960924434894,-0.008836728884404234,0.012340600612632483,-0.029518878811403568,-0.054378792910301545,0.01230392235943779,0.01637627481690953,-0.04411768995068582,-0.02881040721102079,0.003825344790895332,0.04306745849984662,-0.16514389274849894,0.06924275734886366,0.06387390494157982,0.1531738466991012,0.00757214421659195,-0.012167446840444103,-0.07625747105464833,0.0321906585134012,0.042129861150383245,0.0706043492709225,0.061290567117857436,0.1302772085642179,0.057624146561437946,0.04326285695740516,0.05825575040999317,0.03933936427309245,-0.047145704126288025,0.024510035645557825,0.05272259406317434,0.07965907503643718,0.08455855819559253,0.03918109430413825,0.07753508822419591,0.09154273754165614,0.03487220029113455,0.07065775225431653,0.006071168421711882,0.09113989861233508,0.08084146887152673,0.08147456158392818,0.07674653617591494,0.04127812107284544,-0.003587217576056348,0.07685067853170538,0.03493191166347059,0.07347993835359279,0.055456380427994195,0.0025520399200423963,0.010222044715183023,-0.07855979522552142,-0.007540759178722937,-0.04232904843080587,-0.023022914248339042,-0.0004432948673648098
A/G Ratio_value,-0.21159377529901643,-0.14622767861887936,-0.05507665302032309,-0.18849150981282128,-0.13636655448612167,-0.0658500541736625,-0.2295790517566175,-0.08019539808594305,0.04418541952352397,-0.024610272620046045,0.12270292908719588,-0.10895760978103947,-0.13238761351268438,0.05034542002875527,0.08983230715744706,0.0005353246731589605,1.0,0.1195863259013282,0.07773281254396426,0.4514259272774956,-0.1925219777742653,-0.027897992078341108,0.12347264881778457,0.27096002683410564,-0.053644834161739104,-0.3193996465055887,0.0708083322326872,0.12092557593999854,0.0662460098188039,-0.1472906227692497,-0.9057193658370687,-0.13617077686265364,0.07724464684021412,-0.12670605951470765,-0.025450990942989762,0.02460657464897179,-0.5455521732765873,0.1530622288685495,0.017186774324833648,0.027131072405626268,-0.11336307320785073,-0.15368686534680204,-0.12307624994064242,-0.07933212032389676,-0.06765100771084559,0.03343993115302797,0.017904628276805164,-0.07502033010997625,-0.026304884580981847,0.17242291643811342,-0.02111304339846581,-0.03115081520768273,-0.1836192131626551,-0.24623604973745225,0.01473821690041971,-0.09555316198389126,0.07645325562593606,0.06603552596801189,0.05112852493379255,0.1276856623336768,-0.030158896016906533,0.08202176793980506,0.09898121808802686,0.1540393956922767,-0.1809883582831793,0.04206024074004943,0.012210680272289531,0.08603385708329964,-0.13402647586107488,-0.02080231476238634,0.009783065782827303,0.09739716145548784,0.019981185324706288,-0.024618024907225568,0.11855724601494506,0.05432739004628646,-0.11006601998759212,-0.051733136378042666,-0.07194453480840984,-0.009138464390483436,0.100833845339485,-0.00012841591236195446,-0.04507076888465525,0.14173534903106325,-0.0447021351715678,-0.005218456841244558,-0.0658157192332995,-0.09012502418115774,0.061243749695999085,-0.023657237236423937,0.028529165774568252,-0.21102080593997652,0.027837677604514655,0.04807262338255132,0.04280472744931025,-0.012102729971642714,0.01028847262991155,-0.03492395428927384,-0.14744351558358493,0.007948911559069129,0.06047145996402322,-0.06217070789492982,-0.00726308008566545,-0.012398805112929965,0.2234923892489718,0.08805635817351525,0.015152573811508748,0.08538689889835582
ALT (IU/L)_value (IU/L),0.029311454596250574,0.13657561670136978,0.003504222448005763,0.026884321025571915,0.11502468373581834,0.021504789872374867,0.02518769943150903,0.026037846138781743,-0.05006665655483722,0.04263322328785607,-0.060724635659029386,-0.016027034334976507,0.05225002307879317,0.005456995356379675,0.01276988026659279,-0.040209465645510624,0.1195863259013282,1.0,0.8016475955806781,0.08504824390221855,0.14608160765829045,0.015459126359099896,-0.03599512356653131,0.08727983688051483,0.15147077340678258,-0.1034312282566754,-0.009382198008794373,-0.02396678595403693,0.013601045196214523,0.03877232859794635,-0.10590463871039171,0.08895261931020772,-0.12261272452526353,0.12420948564926909,-0.16464578282543904,0.03927046794529377,-0.04520478379538116,-0.009364906746107965,-0.13736452182841286,0.12874394636221645,0.09454010877837712,-0.04239525818629471,-0.0202716634585849,0.02326886896512593,-0.048752122478341646,-0.017242795457579112,-0.07393526645770433,-0.020933579271991142,0.00841996570121089,-0.004692176317429094,-0.0230095791391388,0.0016254337757983872,-0.04466651804253317,-0.07482049538533901,-0.04586552629172622,-0.02160829516820034,0.02728053548742333,0.016880571068568797,0.021867776994617238,0.034971567803936066,0.04090189445153797,-0.0024789819969459684,0.012067075056349737,0.005992328254673676,0.08276834513700944,-0.009958042245686622,0.00895755041035308,-0.09196485502009194,-0.010658665789126165,-0.03374423035289752,-0.0010187359718333625,-0.01925994520896852,-0.06533025405868685,-0.031550756622599783,-0.01531677856456168,-0.05143960543216886,-0.09726698226349774,-0.052760228872821585,-0.07328891567474984,0.02386931833425835,0.01533902102266634,-0.010075619591956516,-0.05310212135959802,-0.02175810424823739,-0.012678085944884574,0.0525932449716415,0.07890553013706222,0.014798113183527981,-0.02235904605902604,-0.02293476524741711,0.08019107749587108,0.11142335755368625,-0.12890065023673192,0.00792337970532151,-0.04308625966476785,-0.049881880924291105,-0.020652932449457317,-0.00848589002185044,0.04721872666117928,0.001787373746537263,-0.01109083918943521,0.009635952942681776,-0.042682571903643454,0.0522668775246926,0.01276204678697831,-0.01240551884565097,0.010779760939745364,0.020256213001651507
AST (IU/L)_value (IU/L),-0.0725988122022752,0.08914085205466289,-0.027334846718502108,-0.05979892363112422,0.1255136870046295,-0.005863439239241985,-0.08241090254344302,-0.01889334844044765,-0.026072630206284978,0.025465594470840812,-0.033780918992481555,-0.04530481737390419,-0.0123830506245131,0.012272947429226798,0.03855551901189968,-0.024559705445564035,0.07773281254396426,0.8016475955806781,1.0,0.10138207082706265,0.09875910801601454,0.02672078395487505,-0.01988044512743356,0.10028077675302739,0.059253480593273816,-0.11251663157498723,0.027886485361640383,0.01736951855292248,-0.03295446468051818,0.02960580602514273,-0.04469042377219883,-0.004190449671293194,0.017804972976621685,0.043622970237117,-0.1486829203528406,0.005066034426605376,0.018652329043695064,0.016513737527202612,-0.08904665166964912,0.07962619807786259,0.04789023719691776,-0.09533844624664252,-0.012765943799382416,0.008507857043866744,-0.007260143712088254,-0.0014218714349740426,-0.05775142491939761,-0.03340209527929351,0.0009244369802261895,-0.013725470305248084,-0.014879189954725513,0.004033023284329228,-0.044792602625888495,-0.033272624676024216,-0.004164287675713426,-0.004079793611165646,0.036769874438407006,0.014249836390255038,0.016185833992941934,-0.0017054202173984393,-0.00444953284707758,-0.06059181202698402,0.010825228162277854,-0.009029218817572808,-0.0012214646075393244,0.05313932655186955,0.012706858923593137,0.03680564431224224,0.04328292839885277,-0.005426445465823826,0.013472914012642286,0.020033873091464545,-0.06308954873092895,0.01437876023958991,0.034286286346129846,0.03754158168440584,-0.07118677914278185,-0.04940394186391663,-0.052269339024242856,0.02866924776360248,-0.006927578004018341,0.013919918048888813,-0.047099593661907566,0.024011654475659863,-0.013404977161424315,0.024139297502807053,0.02891725840393974,-0.009932355869386598,0.010130027573911833,0.017743373088487766,0.16077292507107754,-0.005580887314317133,-0.049436248766578476,0.004760932023653149,-0.0625258192318073,-0.009523281097847253,0.02187006109825355,-0.015602282787570278,-0.01627504553663636,0.01618472956348046,0.029382039306583865,0.020373456528314345,-0.06789751147971776,0.02374078348588375,0.011032755870967236,0.03468724717176754,0.019346149471887453,-0.00649327885923297
Albumin (g/dL)_value (g/dL),-0.09494502073919145,-0.06791185914893641,-0.11532402175758459,-0.09918063575312337,-0.13330502130918828,0.03530477740320252,-0.11979996449229065,0.021961430252323114,0.05990633128882136,-0.0238312095871531,0.11774900072827972,-0.14107915086917022,-0.049873148070253906,0.006778532949040891,0.10990638577919884,-0.0603734274253391,0.4514259272774956,0.08504824390221855,0.10138207082706265,1.0,-0.13350508759172597,-0.15661696045359808,0.018502200084061296,0.25769285118147595,-0.1854342987508891,-0.2290948684312851,0.5415734976980725,0.15398336853922545,-0.21267468121710653,-0.18831721431988002,-0.12002179860099131,-0.07727054440486689,0.11463513891320799,-0.13137005428564244,0.1292630600000727,-0.04906345831442193,0.46931131165327516,0.05076175988173491,0.1646132399256083,0.04132757417075789,-0.19292216331456016,-0.18313506054486328,-0.013140815865306804,-0.09888787838768257,0.030334247758185506,0.05921183134617186,0.05771653916732012,-0.03787296709887841,-0.03527989784684004,0.16424546978054289,-0.04020383089953801,-0.023430420712181717,-0.051446864726625276,-0.15559635657868653,0.07733744172126002,-0.014479714932689377,0.09142507238265424,0.04093382881824569,0.005004787563039034,0.09793767463399065,0.025422811070631515,0.065104465897465,-0.016958570304347765,0.1234465655825324,-0.07067825257872506,0.028134435872890984,-0.028920548321981706,-0.03249383285506588,-0.13423588408535134,-0.038813928840906994,0.031143668613613257,0.032024208296827464,-0.07179103045059312,-0.11056048679318302,0.022981647952697647,-0.11334754343182382,-0.16835370612987657,-0.11809432540902472,-0.11048231210569898,-0.07630394539906209,0.06193408483075413,0.017346094558703812,-0.03867469019043859,-0.039863656959926386,-0.08534410164255252,-0.027119010915845367,-0.05416251993653458,-0.18056618141151487,0.02292744987787455,-0.05080710881659144,0.03023210106658656,-0.19063279904569091,-0.09956206618098488,-0.07921955395496652,0.02637965796431049,-0.054544824769710426,0.01585401641456061,-0.07061672563789492,-0.13987516822706897,-0.09101690973923228,0.01772246260337038,-0.03259113543524002,0.04750728437149647,-0.04667039641088776,0.1820683358908002,0.08180936553021396,0.025688927323367954,0.05870816359467808
Alkaline Phosphatase (IU/L)_value (IU/L),0.11194167353792155,0.11399370255789812,0.025070298714054914,0.09209062910434036,0.1533714780277527,0.01768469829537833,0.1288518736421476,0.017135592095891397,-0.010646881592622675,0.019343550032923856,-0.11390366185567452,0.09149042026176822,0.051266378796419515,-0.04835204087046315,-0.06810620261945789,0.027986154478221295,-0.1925219777742653,0.14608160765829045,0.09875910801601454,-0.13350508759172597,1.0,0.07328889201528785,-0.03252360136059942,-0.11555058814129299,0.012428163145640625,0.15818177614852277,0.025526398415258167,-0.011408489955917488,-0.05087985581463187,0.07118094123154745,0.17344090411665844,0.08795923389709699,-0.06841368398236533,0.0069618006930110875,-0.012983047714532271,0.1142921846551096,0.07736140802088504,0.0032923657374990803,-0.02626232244922722,0.02030339261166919,0.062195823711895894,0.09441299577912678,0.008082714913399992,-0.011238461629816822,0.026421130612492322,-0.06430137856314838,-0.06082491947213602,0.08087338138708934,0.037726249757592215,-0.14326349993600465,-0.04594908398758968,0.009896590070446349,0.14773388131450488,0.07504637000341824,-0.06729270033814672,-0.008191646214397724,-0.010753198762458413,-0.04492393444613236,-0.02060934474159593,-0.15532408241670648,-0.062074447136513854,-0.06298494129107313,-0.019406371273662307,-0.13371366271553728,0.11640468451982475,-0.008809697795503377,-0.027775052503433303,-0.07465559502453634,0.0713258914955706,-0.07525142223012905,-0.11037016763649769,-0.06753963861494355,0.026631981674134577,0.11774760191951253,0.006068204359167525,0.056384370278090123,-0.008317340499629853,0.036179018461340015,0.11950032764621833,0.1279799764488655,0.02216131201845246,0.09653803286278505,0.11613379637257097,0.014826908779820284,0.08043328841541018,0.059150365814637944,0.0593000967865115,0.06832059739915666,-0.02018573689469115,0.018907061417983435,-0.052901964940266534,0.16643060236113935,0.03399268335286236,-0.03219498285625474,0.05914155532999266,-0.036521939342989654,0.040727790319289865,-0.011518251619222784,0.15753069144096615,0.015397131718704108,0.0073302695737440466,0.07801248257883545,0.01636894409811349,-0.09028020905808126,-0.16570173664219257,0.005729661555436807,-0.10656599315002795,-0.06610806956616257
BUN (mg/dL)_value (mg/dL),-0.08450575357536722,0.1504271645515204,0.07071227723297521,-0.03232112656650291,0.19670504555824653,-0.10053301123183563,-0.0697234140942476,-0.10195876883867443,0.0016858411815178585,0.01376864079279242,-0.11831758886998214,0.12254572784039662,-0.07168691400271515,-0.03467273385633225,-0.06064141612445844,0.09114486531881379,-0.027897992078341108,0.015459126359099896,0.02672078395487505,-0.15661696045359808,0.07328889201528785,1.0,0.481897503993469,-0.06294760145972368,0.17989975823478765,0.040668886104895254,-0.0693193743290503,-0.23187071435585435,0.08009822334926993,0.6596843445556747,-0.008140639403461322,0.09190318687701847,-0.06638600548660815,-0.009838984694304304,-0.23988338721025543,0.26324025302278126,-0.09746253023596312,-0.039607335346440765,-0.21260825150760276,0.03714477882260801,0.1541331067293832,-0.06605508067225235,-0.04047806753433171,0.15070290601509936,0.044240520108865596,-0.012787948694535013,0.0878920952724664,-0.001789635864070141,0.018079287101097165,-0.17649118838349467,0.01676079667034518,0.040835262417995774,-0.0014584955140231092,0.04700819567384518,0.052189852664879015,0.03865549963485761,-0.12755285210290596,-0.13190500129838936,-0.08626915281355103,0.012285942924971675,0.006247023376574716,-0.1265215307875894,-0.07497688609557322,0.005792052556238911,-0.0031775559418699174,0.14976515143611435,0.14320202924096756,0.05642298455188103,0.05344268065276566,-0.00901759730506234,-0.04419830005836989,0.03946054965964011,0.06535160231776331,0.07593226687011434,0.1282925074200017,0.2248842306675421,-0.01118214766297452,0.1505205935274145,0.19759808881509647,-0.007878888430667802,-0.010814411254171536,-0.03281744974030973,0.02231434868658051,0.19369292046225428,0.16124840600413168,0.08396452826110531,0.2192319585680683,0.39072379702331195,0.024231450703883974,0.060604608324110444,0.0014002295709786862,-0.017298879686030624,0.024432567744138028,0.1283554478387518,-0.007201009613257074,0.044490082436841424,0.1014484077710619,0.13312684964650814,0.215258297536782,0.11244309831437918,0.09071663385255987,-0.007163094503238197,-0.029318706445802336,-0.06847890205528374,-0.04708430231612707,-0.05730976359796198,-0.036828129920370656,-0.12497022568171091
BUN/Creatinine ratio_value,-0.11635011283070319,-0.010670278157754624,-0.03976290228594369,-0.05422103588214603,-0.007256673785265833,-0.014701103618628664,-0.12650092253028405,-0.049046036677626643,0.021116626287010366,-0.0008162127276868333,-0.003076416458464422,-0.00010941920321894893,-0.08406875966174554,0.01952226132857303,0.06571813627044738,-0.006037293628135602,0.12347264881778457,-0.03599512356653131,-0.01988044512743356,0.018502200084061296,-0.03252360136059942,0.481897503993469,1.0,-0.047017776847708734,0.02576819370388106,-0.035197983786131995,0.027029809086607102,-0.010202146835982577,0.03347081342828125,-0.22886514119074564,-0.12562995903840868,-0.008080875775670139,0.18829089240418595,-0.007703125141958611,-0.020688076020114642,0.11961718301817201,-0.1010846425316478,-0.011879763173434628,0.050925267473457984,-0.0003260532005038444,-0.06692913138113506,-0.17463475057667005,-0.017946314260770143,-0.0020486629228118067,0.05730206641813897,-0.027784718405319847,0.10385123972827745,0.018230804379341273,-0.01938858195829567,-0.019615628651592647,0.1089395565692166,0.045618610288313786,-0.039756505710017986,-0.0043497089360031065,0.11261653914389771,0.039087066226212726,0.029856927286233906,-0.0767924975210516,-0.025070137203963956,0.042730504157807436,0.008817525157203607,-0.048754001856573415,-0.05227911933802869,0.06751599964553721,-0.0930525192794749,0.07894935368018142,-0.01585710907299696,0.09102810717090917,-0.0023322483922558297,0.025233176541770007,0.039870690966700845,0.11394908050678497,-0.01027908175167142,0.10595031586364202,0.08921488904648817,0.10201586121064403,-0.044209584426013235,-0.002145702914849295,0.0014866034890133675,-0.07900176337791895,-0.04353781250706165,0.0565339157891379,0.018902708485306615,0.0951239579419337,-0.026195666378844313,0.002408411363161479,-0.029261328165742596,-0.05632522408288664,-0.0018032185738768392,0.07741096007645748,-0.021049437471639815,-0.10574446406585329,0.08126060646956688,0.026117220465339232,-0.01591017591174386,-0.02076964810930206,-0.008125650229014658,0.006721344637137524,-0.031615779874532145,0.04641321421419414,0.012798930074033642,-0.026733933465561226,0.0037163944395097567,0.002648708770871086,0.09334240779736352,-0.09736287290129558,-0.02439138640920935,-0.05580723934875117
Bilirubin Total (mg/dL)_value (mg/dL),-0.20037675217674308,-0.03446283895998703,-0.0030934251625889865,-0.16139920793747542,-0.059163726167744124,-0.10077973348240829,-0.2075120051784959,-0.08229178903237089,0.04427920791814984,-0.03188475794413146,0.017235733686201186,0.029851965097686447,-0.07756904159711955,0.015072645913459632,0.00964545112180188,0.035553181447405977,0.27096002683410564,0.08727983688051483,0.10028077675302739,0.25769285118147595,-0.11555058814129299,-0.06294760145972368,-0.047017776847708734,1.0,-0.09233759048394709,-0.16602513534643057,0.09792922387202116,0.12875342659944675,-0.06446070585609263,-0.04471612689340295,-0.17671460641372524,-0.055181387547885624,-0.022685834689258652,-0.0961448120554867,-0.11509761335482806,0.004019865627756842,-0.008732870570938623,0.010655560282241346,-0.1183573197700567,-0.0360472482818277,-0.09005375296949732,-0.026417903912835897,-0.04428080732356932,0.06039836884245216,0.014225110600658524,0.027781583836714807,0.07530232311971027,-0.03824613270983962,0.05230453693778097,0.008556352411371477,0.0025781351127402317,0.038841077903815656,-0.13192581487385546,-0.1175153388130185,0.07609319105408825,-0.005724094066340125,-0.0287166500038069,-0.04459764520448501,-0.03813247174349518,0.035036471355848434,-0.0751792722136864,-0.020489518957658437,0.024336848012467365,0.042846451224270644,-0.13619937910550856,0.13718264899241303,0.11248367263480638,0.10253313150696784,-0.06981694779049424,0.0030551670172770345,-0.06811444509611796,0.027253793735866783,-0.005612241098903119,-0.09527021267387532,0.09117151567815154,-0.010279523592757026,-0.03904075751100731,-0.06661664168374007,-0.04552611401387402,0.005182349052613815,-0.01711793343980287,-0.055910314175326666,-0.07522853492925166,0.13781425198073222,0.021096939236545764,0.01027964960172638,-0.029593863234002205,-0.036938242853369684,0.040141137461917296,-0.04488918747465986,-0.017549693829166702,-0.13326102333816967,-0.09864696866626331,0.09719231000456074,-0.006233769570029609,-0.010484678096511256,0.010764481097283868,-0.02890167800414406,-0.05474702788189758,-0.04600345415996603,0.06027144637005777,-0.05529336872509019,-0.06329483452379436,0.04403775572809294,0.14471948698030254,-0.0012537918744693532,0.02537033081889499,0.07560190900805078
C-Peptide (ng/mL)_value (ng/mL),0.09327758926575158,0.0817741743484006,0.1695735693954269,0.089194229851547,0.07213139778084934,-0.030504077865332747,0.1130396337473829,0.00822372135867191,-0.05442647470416086,0.0500818158873902,-0.04828737189638498,0.04351421352672444,0.07480046828453908,-0.074055428042977,-0.1101211427530852,0.0496225889666058,-0.053644834161739104,0.15147077340678258,0.059253480593273816,-0.1854342987508891,0.012428163145640625,0.17989975823478765,0.02576819370388106,-0.09233759048394709,1.0,0.057990029349296986,-0.051186491926240335,-0.14368767699373225,0.11142803445555745,0.1235658039530785,-0.02240534132895985,0.22249649577246394,-0.3106184974924056,0.7473095201061344,-0.17891965678048852,-0.06551061581387108,-0.12675114185682243,0.04623804994017304,-0.1732911921969894,0.25054787829118663,-0.007044426575890524,0.09302591256058085,-0.010638005632089735,0.052839127924561795,-0.05608400864624137,-0.03492457340831021,-0.04533689321954849,-0.04699076358743739,-0.015883627025795096,-0.0477974257316949,-0.01913123017991889,-0.027926175213149305,-0.02278080461329786,0.051217791905502824,-0.039085946202616365,-0.02937678174089438,-0.05714432825747508,-0.033754645322357,-0.022057906081233872,-0.004780933341400348,0.08433119343962156,-0.03177007887908171,0.048090257536880655,-0.032111558559731246,0.17898584613379862,-0.015381821065682894,0.027991813255165577,-0.1270649705784736,0.08369111967528309,-0.039058164860102815,-0.05077759973478991,-0.07321717763189887,0.022219863874739093,0.06602531568520342,0.09449121142721136,0.0706757366939867,-0.018724806257241634,0.14688570765135692,-0.06656893068578655,-0.03243283875893582,0.012983490909583586,-0.049334613266650014,0.0036062644679326905,0.08759158388927683,0.12271985775393626,0.09232249163188137,0.13012972156854224,0.09721570480198394,0.006601768379002853,0.06812074010382305,0.003555650713741708,0.2278036900923897,-0.06236688828610021,0.053940310885003805,-0.0013073237250477835,0.2057697372579831,0.0186808895488687,0.04389828820827289,0.11448588148800859,0.04552088130930079,0.00512632863096715,-0.01793008123298217,0.01366160185758258,-0.0064786897643643445,-0.040333604239797295,-0.025939707881465515,0.03779681841611217,-0.05545688703132377
CRP - HS (mg/L)_value (mg/L),0.14366675962681666,0.1508234054918051,0.1315490310339286,0.10244508313226475,0.11746595431795527,0.004019693719768906,0.17144536458771256,0.0013580536871350454,-0.03681453465686538,0.009586617917665024,-0.1084514037406182,0.08214927612429006,0.0621716999468079,-0.04857775863600753,-0.1006234139559827,0.04792856801147969,-0.3193996465055887,-0.1034312282566754,-0.11251663157498723,-0.2290948684312851,0.15818177614852277,0.040668886104895254,-0.035197983786131995,-0.16602513534643057,0.057990029349296986,1.0,-0.03320079488448405,-0.011725348676134641,-0.13757384045462426,0.06356379763889711,0.2860205241697651,0.08381889603872186,-0.08515769136306936,0.09670365850574841,0.028955600899496944,-0.05689274197506199,0.12243071415301013,-0.07587990774198702,-0.008098595856182132,-0.009667670498547764,0.04252525978808008,0.21927283434348138,0.00619816842155356,0.05177408515336442,-0.03307569027386544,-0.045569451675436745,-0.09519350317368669,0.015359693211075772,-0.030664578889479058,-0.02891647042680025,-0.01962051137542879,-0.025563812669783238,0.1188604878664596,0.09290599123190518,-0.0795201217871972,-0.011546959915834328,-0.05174919374236856,0.023429639110916393,0.015379515806997875,-0.05867916979604704,-0.018374897738000932,-0.006589932723735323,0.05344947502465853,-0.04745813629099089,0.1627195754894731,-0.08673977202036451,0.023233557260513644,-0.10701860839108979,0.07895286942239033,-0.03431450154259661,-0.09078565145079899,-0.10551787078191038,-0.004260900931479867,0.06674059787287474,-0.060417567450195254,-0.03258457928061402,0.10756883964791168,0.03999888000352534,0.13099373793904515,0.03377360467001674,-0.040173942478458034,-0.0373790898050711,0.028916417878038714,-0.07203290357619718,0.12685779544562767,0.01631952298189328,0.10796943943780438,0.14877590276093824,-0.042530900113218514,0.0054857177199378795,-0.021465926333826286,0.2718267573500686,-0.008017764835433785,-0.06106722301364504,-0.02664195246579503,0.009105410661899889,-0.004749368528167205,0.07161150910200023,0.16069455620886497,-0.06547336903391461,0.03204284038368975,0.0340924090148425,-0.04653638672111869,-0.014136436578219941,-0.06873475247361174,-0.04407796014445998,-0.010510454856073296,-0.008291113267349338
Calcium (mg/dL)_value (mg/dL),0.007305759099044587,0.0109058844073514,-0.03096347471822518,0.016056568666686286,-0.05754287089281663,0.031311705243654696,0.0035847012279862376,0.030301484985561802,0.014454347869821596,-0.0010423723651244898,0.045997789534508955,-0.01365601675064162,0.015150069693130621,0.0018014976849957463,0.005270914201920186,-0.012966985441655917,0.0708083322326872,-0.009382198008794373,0.027886485361640383,0.5415734976980725,0.025526398415258167,-0.0693193743290503,0.027029809086607102,0.09792922387202116,-0.051186491926240335,-0.03320079488448405,1.0,0.25314679352503816,-0.26803988441374704,-0.1058661229395814,0.1321618592342107,-0.04623030923978993,0.12226845936699023,-0.049986206809373976,0.11995989140988429,0.12526057687811007,0.4295352004555231,0.10440344453829797,0.1681067198548588,0.07628361060333719,-0.045597673078534316,-0.04840868414048163,0.00790501596473095,-0.07127300481025037,0.010944504394850322,-0.03409903554191366,-0.022490287059821954,-0.016874885260377295,0.017954647410115224,0.10542210743541681,0.02719846371706057,-0.04838148278846058,-0.010594071510925432,-0.004932959399099808,-0.01178197858192649,0.029982960826312886,0.06700854548915372,0.042227530950608175,0.02284644957238015,0.0295424151050839,-0.019477709182659467,0.024590032859502977,0.045603328889558696,0.07368246977253289,0.001469783383695661,0.018665815272829015,-0.08192938089225323,-0.0937654459395995,-0.11615537282390603,-0.04569766046843011,-0.06013023211913375,-0.022952798308915216,-0.08103512561633441,0.0013587819965900918,-0.041417048927598725,-0.019447141433908733,-0.10798635965443841,-0.05617315774358349,-0.060768978611886765,-0.01933888141024375,0.025775205643191943,0.09786764990822513,0.011695428397155488,-0.06898494216472661,-0.013253548841874805,0.04139624041112702,0.008718058895275892,-0.1075056664365982,0.006381539025765575,-0.024744941922325032,-0.012788936268411818,-0.001182549073465461,-0.023037675216739006,-0.014190781753407515,0.051525942544341494,-0.011550450135655777,-0.0036935615696866682,-0.05614113756595684,-0.014705029993011692,-0.08495254223640829,0.009171450358674504,0.019447874126024608,0.036823859369209226,-0.0672599860929045,0.036284041425250275,0.09587678288524325,-0.02215719870473795,0.04711294580741297
"Carbon Dioxide, Total (mEq/L)_value (mEq/L)",-0.06772746739754837,-0.06506339616048755,-0.06330884026961067,-0.04094368236453835,-0.10206273007968814,-0.004680753660424936,-0.06950347864416298,-0.015790742641736532,0.025632696529487003,-0.010269981352310099,0.021414865597162398,-0.04249196109727896,-0.03620619412999347,0.07156264346364834,0.0264451664967134,-0.00418197871254763,0.12092557593999854,-0.02396678595403693,0.01736951855292248,0.15398336853922545,-0.011408489955917488,-0.23187071435585435,-0.010202146835982577,0.12875342659944675,-0.14368767699373225,-0.011725348676134641,0.25314679352503816,1.0,-0.4461898492481994,-0.22085573400038608,-0.05512239974859004,-0.1515552519403388,0.18832611825307258,-0.12723860689443017,0.10439670484441249,-0.10319595740493678,0.03967530742981538,0.19828091475659812,0.10661679511349387,-0.15941256195549133,-0.20670964913671655,0.017764865903262754,-0.012935184117734654,-0.06146043951178162,0.03894909308069414,0.007353478433190382,0.06957456972407332,0.0013642498325112085,0.029120212979542134,0.06145328008732047,0.03865669441511185,-0.010482589296068536,-0.09118266173873373,0.04087812319384667,0.015966855535154856,-0.011870280354501626,0.06865176870961578,-0.024671898238117426,0.04605847825196106,-0.037519716471045586,-0.03577650918467547,-0.03520025187327593,0.039558811163821976,0.01250927288425481,-0.0854472570085309,-0.009734649839522555,0.01611571781702453,0.10624956934909305,0.045005475392777786,0.06382023419987386,0.07688451861160477,0.0811603872808865,0.007547898369280142,0.029814462477252886,-0.06303747944084354,-0.03669565806096664,0.048127477993849546,-0.08374702276328488,-0.10006997071595122,0.04436091412595972,-0.02986981118590848,0.03608941077185582,0.05333601494981422,-0.017412787258306615,-0.06695761450027551,-0.037448365022324515,-0.0657787398911674,-0.16401868271177478,-0.0060611229077155,0.032266608173239494,-0.07324564576039867,-0.10558596250133048,0.01722474685803996,-0.020872950660436693,0.016655269493155746,-0.06616493802697306,-0.021909405076604514,-0.02612984683226451,-0.17747092106672857,-0.05390008452473437,0.0024687880303468288,0.016039229318452013,0.00849832604589373,-0.025354274040793427,0.05037882597238366,0.026597649738401556,-0.03187944114645107,0.023982843038896636
Chloride (mEq/L)_value (mEq/L),-0.09985382965417164,-0.16443757499041337,-0.020479555943367745,-0.09771885819080314,-0.07368923690650384,-0.03436229971848642,-0.10365701931493332,-0.05474114779993855,0.019396025623559337,-0.05237977169366448,0.040243886255170634,0.04384457995589791,-0.0900516417328674,0.009193313416945124,0.02345451745619183,0.031859930015984694,0.0662460098188039,0.013601045196214523,-0.03295446468051818,-0.21267468121710653,-0.05087985581463187,0.08009822334926993,0.03347081342828125,-0.06446070585609263,0.11142803445555745,-0.13757384045462426,-0.26803988441374704,-0.4461898492481994,1.0,-0.011621404228635899,-0.20182571870285843,-0.10101431167058288,-0.09371977131992644,0.04528485149948565,0.005110655159230826,0.13352798474287292,-0.3020310987504578,0.5616964133774808,-0.02704988686115235,0.013901515520030154,0.11267212541953943,0.06364436372362765,-0.009575688999632641,0.029337505811252555,0.012951926177213248,0.010401574810351373,0.04150918507038413,0.006740047524705102,-0.01822354814273468,-0.05336027534454157,-0.0041969323626070455,0.07044367278612164,0.004884477371306277,-0.06310793887169411,0.028536619037985267,-0.0180059091571301,-0.06084847612911589,-0.028523351862656574,-0.05152999383735133,0.01706218299430851,-0.026227774932508382,-0.011091621449055284,-0.05887625549412869,-0.035470663520177775,-0.0986078175387361,0.027351836209368506,-0.05561125399299458,0.014746570626716263,-0.12221636799419117,0.044182673365294696,0.017684906616491178,0.035414761148631735,0.027134654883658862,-0.030799771343390087,0.01971084184903643,-0.009900704594100028,-0.06243504405849609,0.06728516819296534,-0.0334616290902862,-0.03258604322821329,0.10023865312969064,-0.06148862680447144,0.007020095878452572,-0.004278467608982251,0.011070087867983667,-0.03035628315233369,-0.11183090935306543,0.0861851639972441,0.0015431772861770388,-0.08351952732947314,0.015135887598631059,-0.08294264421742785,0.008130461483290101,0.03596261084382817,-0.010031218092972109,0.026886794922332077,0.029997368082699653,-0.02670894525402165,-0.12290008661833209,0.06979114534350812,-0.011237030763058382,0.008339097916618968,-0.013375373353881085,0.021167348651567417,-0.01514493754516107,0.05418345156331827,0.03458113383175642,0.03464233087618047
Creatinine (mg/dL)_value (md/dL),-0.002628118164126386,0.17860629931211489,0.09961210572170945,0.01117769079902964,0.22777642982173385,-0.10225917656163608,0.022255963043528174,-0.08011945194806368,0.00714669614417153,0.035805988190769356,-0.10440682195298275,0.11844514563944204,-0.0239058271227954,-0.0499025199065837,-0.1128546178895507,0.10672535869344453,-0.1472906227692497,0.03877232859794635,0.02960580602514273,-0.18831721431988002,0.07118094123154745,0.6596843445556747,-0.22886514119074564,-0.04471612689340295,0.1235658039530785,0.06356379763889711,-0.1058661229395814,-0.22085573400038608,-0.011621404228635899,1.0,0.11582922022877627,0.09443635517792776,-0.19138003193629477,-0.016427515784718592,-0.21417986190734284,0.16451197025002837,-0.005457436497544889,-0.08338189972967784,-0.2382578867135107,0.03530998111479426,0.2629279480102868,0.04524666735071894,-0.03653311616588648,0.1774812534413242,-0.004861277337368373,0.0005916838382610381,0.008241966052742578,-0.023173168771103626,0.07060568144896083,-0.1718253679025173,-0.049592245792342025,-0.014352989941307596,0.019552641590967108,0.06885584089840456,-0.02516856118082993,0.03368003276234827,-0.15625092424893802,-0.06836022842288154,-0.057151267712691585,-0.009235283278313602,-0.005986915664244418,-0.07762752220583294,-0.05610250041381878,-0.0463702707664701,0.0768874395720253,0.05228738074423425,0.15410056122659765,-0.0013834969547758108,0.0893979493240369,-0.04611860969698922,-0.10627380821554207,-0.043044531404711074,0.16233109068312182,0.031960536049504586,0.07238920852565246,0.16477194138545911,0.05156403873375894,0.16544860797694458,0.17314723087682118,0.0687877315249333,-0.011721691437142596,-0.04685143066320751,0.01152199980800826,0.15597097052736256,0.16896537604294723,0.0965672753819756,0.24668871335283096,0.4884750179059212,0.06636093388523463,0.07267981207471219,0.011661043533167749,0.044257147674854155,-0.013441834056760395,0.12865119852155313,0.005092546664202455,0.05294930430923789,0.18078891292781119,0.21029956322613966,0.25595183663236765,0.1160138278769732,0.09908583829344615,0.012188348190435534,-0.05229385732689465,-0.06875274559552844,-0.1267788228669775,-0.004748539580803721,-0.0018076479532632636,-0.09705954785024751
"Globulin, Total (g/dL)_value (g/dL)",0.20632216996085762,0.14292766484714986,0.02079580888869512,0.18130949106642366,0.10664720882749595,0.08638703570904331,0.21875628062859956,0.0950433159322295,-0.020335945045469636,0.025462352900277346,-0.1010699422944846,0.06443777225853627,0.1357218147935143,-0.05312567770379974,-0.065710023325494,-0.021696792671974614,-0.9057193658370687,-0.10590463871039171,-0.04469042377219883,-0.12002179860099131,0.17344090411665844,-0.008140639403461322,-0.12562995903840868,-0.17671460641372524,-0.02240534132895985,0.2860205241697651,0.1321618592342107,-0.05512239974859004,-0.20182571870285843,0.11582922022877627,1.0,0.1279654271623684,-0.040257772551029844,0.08118630787188306,0.06753549579088314,-0.048909327304886945,0.8203219760963569,-0.1700327719769226,0.032731852435652006,-0.025299841577440415,0.04477257105809594,0.08756528414941046,0.15867020974304882,0.06435471645868236,0.06325616415179135,-0.015557797013700017,0.0062937473342957705,0.058254106429134506,0.013106563964366366,-0.12371463706886787,0.02129990810956299,0.00798700485864832,0.19372123930401586,0.2432619292796411,0.0015907073994039828,0.11444340621652474,-0.05729665458997194,-0.05862657954182127,-0.05062409081847915,-0.12146278724027171,0.05090478534395172,-0.07083255457625318,-0.09590112623393066,-0.11798187017028255,0.18175302963199325,-0.03444016400273767,-0.02966853713980762,-0.11937069705047457,0.08863950727687131,0.03754171150058781,-0.02050086991357191,-0.09632141116046732,-0.05647630750782111,-0.006246878270951573,-0.10724353750564629,-0.08722842488254345,0.07931817131072934,0.030907366981837124,0.05001236954780905,-0.01659447186900198,-0.0896454649560399,0.006046981894045276,0.040257984094359406,-0.15486623892521184,0.008333324128411175,-0.0009440192068861115,0.06189400378471574,0.03217457414868749,-0.05183289117206821,0.003351328617465231,-0.025423708794092413,0.15868805502274588,-0.07726134462252536,-0.08509291684390675,-0.02791430791281256,-0.021131075837721836,-0.003922600808502689,0.02707977035501646,0.11102390456612435,-0.05453943702942048,-0.043655821580280585,0.04684340173668094,0.01871218370679734,-0.007505137346573162,-0.18247494226579716,-0.043998305917444414,-0.0007930161216165951,-0.07591095329780126
Glucose (mg/dL)_value (mg/dL),0.175380192737331,0.6351771717981083,0.05431030649968012,0.1708622320299771,0.4529629239062439,-0.007373517801493989,0.1937790182275146,0.01718776115662385,-0.027340798324901282,0.038682403207043886,-0.08701862171386775,0.07081727684073585,0.09539401544738044,-0.04393285494177115,-0.07988617570764986,0.012148148175769494,-0.13617077686265364,0.08895261931020772,-0.004190449671293194,-0.07727054440486689,0.08795923389709699,0.09190318687701847,-0.008080875775670139,-0.055181387547885624,0.22249649577246394,0.08381889603872186,-0.04623030923978993,-0.1515552519403388,-0.10101431167058288,0.09443635517792776,0.1279654271623684,1.0,-0.2230468512936432,0.2621353829545099,-0.1310022667809853,0.055220474169278125,0.06930749712119344,-0.19964767828326968,-0.13457382117483882,0.1604349695458564,-0.0011426872837690524,0.01149725639015835,0.011207540298532987,0.1282396149526788,0.04344281944607419,0.03142904428391401,0.09599485882799198,0.03526111634486619,0.09722939307733894,-0.15180997496569693,0.006667391736525183,0.07879137756113488,-0.005772635553906016,-0.013716486951114618,0.021071200941505608,0.007097904346456026,-0.10641404028769039,-0.04175461827746084,-0.11597337636397614,-0.02563832515222647,0.012190463897527584,-0.07536973212977345,-0.07310351201662642,0.0011060528834145988,0.27770887746616196,0.02277852308804912,-0.015606947747780478,-0.21474280385858327,0.08560422188284872,-0.024483770952081322,-0.03879147042390429,-0.09179737136191396,0.0662443446157922,0.033603718455510224,0.01281013242172286,0.17213739915536885,-0.04456323730208964,0.016237642471375862,0.26360473949957447,-0.03969182511739307,-0.01208860161395166,0.02002085161816709,0.08897635416900507,0.020727772047936657,0.041661242447840155,0.06599942206721277,0.1007812914620169,0.05276937490813938,-0.010898186001866117,0.024289680696650186,0.15964098653596034,0.09049775705655165,-0.03029044842608013,0.05051932925424684,-0.020834555004467896,0.04432185688166958,0.0033604515111438724,0.04164954306662008,0.41090709432534656,0.07440003270824058,0.013007732287870832,0.07193482984274255,-0.060998829226413934,-0.0066559187559317055,-0.06910998203095774,-0.03396610708322578,-0.06032004949864697,-0.10269386471295908
HDL Cholesterol (mg/dL)_value (mg/dL),-0.0880977045084159,-0.2286308564932452,-0.16520699165425323,-0.05439090999913198,-0.16603712818815242,0.039129124194303554,-0.10626014390772169,-0.006542757174868915,0.05506838542206318,-0.010235482202114982,0.0744263357527718,-0.04891449197736434,-0.08736953444363166,0.032640498523506964,0.11246491670837429,-0.04233040872698221,0.07724464684021412,-0.12261272452526353,0.017804972976621685,0.11463513891320799,-0.06841368398236533,-0.06638600548660815,0.18829089240418595,-0.022685834689258652,-0.3106184974924056,-0.08515769136306936,0.12226845936699023,0.18832611825307258,-0.09371977131992644,-0.19138003193629477,-0.040257772551029844,-0.2230468512936432,1.0,-0.27396122683457724,0.24789332946928794,0.01802494670569797,0.030229650523602176,0.0746227489675919,0.46194623028491316,-0.3141615095948911,-0.08015875999454375,-0.17167768836426853,-0.04216701988938602,-0.11513522299640598,0.0025729978948335302,-0.016432989733097075,-0.00029184001381966815,-0.009734873681133824,-0.0343832758431523,0.11371309958499211,0.08222797317673314,-0.02242121460276834,0.005739854373013142,-0.0013397805246150656,0.06894028296871203,-0.028213287908389267,0.09701822572038256,0.030683335025533377,0.06442673274291319,0.016042061926232823,0.013103838444625239,0.010526956297335896,-0.0034835230423760606,0.02575239380948619,-0.13486930558711055,-0.08723975023754356,-0.09914931308651388,0.1249097320879792,-0.004668111314634195,0.022808960540832434,0.07812054089158635,0.10518587709569753,-0.04125408984143527,0.017208766831611298,0.0021934463683255536,0.0048405677855460315,0.032805423123578335,-0.026065519373316602,-0.1260809471787136,0.027106393622440658,0.014932988483677604,0.1165306655482201,0.011660945688736041,-0.005471945377548158,-0.15386849736077002,-0.17685362831141918,-0.16696930325720397,-0.09998221014436266,0.09039759435834563,0.053761580332901,-0.03745600537697967,-0.22590277257480668,0.22160973726782798,-0.10805923673929635,0.019363016709689915,-0.06524991868144665,-0.041129280903105477,-0.08086085954834672,-0.31137892165383096,-0.03976496588089665,-0.0277620441717451,-0.02596014227962275,0.022503974840605206,0.02898302781154043,0.09317327261938851,0.06200829460965141,0.04912812256794037,0.03281270433112552
INSULIN (ng/mL)_value (ng/mL),0.14445841231951165,0.1418614850812342,0.11078276982015146,0.13598049302393225,0.1270005999589914,0.012900650907503291,0.162370232079641,0.039403582158498145,-0.06870672967191045,0.05057660970801725,-0.03433040769925355,0.028881672813681664,0.07920067098397915,-0.05935343374262205,-0.07217708244318145,0.01589888281658402,-0.12670605951470765,0.12420948564926909,0.043622970237117,-0.13137005428564244,0.0069618006930110875,-0.009838984694304304,-0.007703125141958611,-0.0961448120554867,0.7473095201061344,0.09670365850574841,-0.049986206809373976,-0.12723860689443017,0.04528485149948565,-0.016427515784718592,0.08118630787188306,0.2621353829545099,-0.27396122683457724,1.0,-0.1003619968137136,-0.10411850783974663,-0.0034656731771630857,-0.06414676117854261,-0.078042530255187,0.33186582470653897,0.184623224453389,0.10910596687820141,0.059494225726519266,0.06394118454910361,-0.02843818386582866,-0.02585033763099014,-0.030822130221263074,-0.02910007106452384,-0.02130110769832455,-0.07253911428510476,0.015570805199878425,-0.008557309401581175,0.025131038734913846,0.023861152828311756,-0.02443442182945692,-0.046012405464185724,-0.03879838755994086,-0.0461414812825676,-0.04304585123907605,-0.03543430829753742,0.059341492282445424,-0.07698167679302549,0.002688782373668123,-0.03155074805415329,0.1924841747782554,-0.046685337067419355,-0.030722715373963982,-0.17624062983165378,0.032365037131293614,-0.03425246634823107,-0.026276918748615128,-0.07061337292025781,-0.013212628999952004,0.033738498686956345,0.03726075410674327,0.021438187935999595,0.013701354947336122,0.0755201438190851,-0.024711678577791985,-0.0213593387533291,-0.013891811759799113,-0.01850637566257342,0.05580322608091417,0.015804502150183242,0.009709127195083133,0.05044766014457577,0.0967859352309241,0.07189792582961398,-0.027561788166532222,0.0763947410067436,0.06708497892532214,0.20409203760667555,-0.07501996025475269,-0.019956911147621114,-0.03811098688928278,0.1775087570003988,-0.004147510831231073,0.025819012540370813,0.11796471253226387,0.016209803754067453,-0.04088808161660052,-0.0310821652731118,0.034330693165131924,0.035546066277363904,-0.038479886475810916,-0.012701754507590047,0.014756457607961636,-0.058242967080248
LDL Cholesterol Calculation (mg/dL)_value (mg/dL),-0.04367667627993628,-0.18038779092206414,-0.1560517753044208,-0.03689371835631221,-0.236583373120739,0.05120399723689177,-0.05850872242191356,0.006687261716073418,0.009427393807324642,-0.018700201123947394,0.0877515506769991,-0.09354213481934856,-0.06850154433032361,0.038136615546550345,0.08699493001072475,-0.03286841017012938,-0.025450990942989762,-0.16464578282543904,-0.1486829203528406,0.1292630600000727,-0.012983047714532271,-0.23988338721025543,-0.020688076020114642,-0.11509761335482806,-0.17891965678048852,0.028955600899496944,0.11995989140988429,0.10439670484441249,0.005110655159230826,-0.21417986190734284,0.06753549579088314,-0.1310022667809853,0.24789332946928794,-0.1003619968137136,1.0,-0.02123586544286212,0.1345343689027753,0.03318152775682041,0.9207326456323969,-0.0370930396221899,-0.0910740981109396,-0.010468727754984891,0.06645999963511146,-0.17142989466189332,0.0354176480678197,0.007450570510720815,-0.0066183567825596566,-0.04196436348986929,-0.04424950326345737,0.17772872842048854,0.0634185923646777,0.037328991410346776,0.06295734476317442,0.030585944333917852,0.08253592192961262,0.027232838403566172,0.13857199298878,0.05243933321863011,0.10497676709295096,0.12591945113067315,0.0976077733485364,0.041620366015571404,0.008442395251954737,0.022667918443940543,-0.12534064941149622,-0.1042040568622675,-0.08082808452415034,0.06929915059299155,-0.0650682230788731,0.033208130987531066,0.10268478912746287,0.04461305328225903,-0.05909517278915512,-0.09657492153481309,-0.1348699805946708,-0.13122891118102772,-0.04381466322775571,-0.06904901740774431,-0.1498500228837176,0.024670675071391368,0.014312454826418788,0.08529822481257644,-0.014521934463255446,-0.13146206321860032,-0.16753098142990863,-0.033221456447950506,-0.2606865453634745,-0.16074318121332634,-0.009746113709365279,0.029146214219048255,-0.05640447340959809,-0.07743587886339154,0.00198491491825327,-0.17081650094560144,0.04211272054893873,-0.09242560387794434,-0.02528141963405015,-0.13073945478268,-0.3766703554586589,-0.04194660712828375,-0.08185210614740317,-0.020670613298972608,0.11179791273633805,-0.010233068963547148,0.07480687342923487,0.09286340251520395,0.10170327380304807,0.06520810272123469
Potassium (mEq/L)_value (mEq/L),-0.05412157554188086,0.03540835261891874,0.013607610720428565,-0.05982330741347094,0.0400201096781789,-0.04399358216973394,-0.04890203621977682,-0.05347907674211862,0.03194961063730506,0.006958106842725493,0.000996383654422131,0.05073829586925985,-0.04645681548399161,0.018215853956516304,-0.03428192334545998,0.05305413801556672,0.02460657464897179,0.03927046794529377,0.005066034426605376,-0.04906345831442193,0.1142921846551096,0.26324025302278126,0.11961718301817201,0.004019865627756842,-0.06551061581387108,-0.05689274197506199,0.12526057687811007,-0.10319595740493678,0.13352798474287292,0.16451197025002837,-0.048909327304886945,0.055220474169278125,0.01802494670569797,-0.10411850783974663,-0.02123586544286212,1.0,-0.07176681131739901,-0.034250237487476215,-0.0013158964091239175,0.029795655231895826,0.0866566634695707,-0.058706953591830285,-0.018594118405364977,0.027436632296627197,0.007851756515312813,-0.05968791387807816,0.03510209459261889,0.05040850630828921,0.09563110962866067,-0.013557296627056377,0.025359550029924037,0.020329465039287092,-0.04881117951022655,0.014739200066645442,0.04876708229737537,0.036280293778304454,0.0007643715543799183,-0.03153956394162996,-0.01858523807563183,0.08591883590709182,-0.003853921621080123,0.022520541902166027,-0.013386494590877982,0.008637475886008992,-0.0964150894796936,0.020875269734908896,-0.04338851796843509,-0.0027344384602808578,-0.14721940213335594,-0.05871373956600475,-0.09735236394217957,-0.02844912355267691,-0.05668913969113737,0.08310177299934683,0.055037406531161286,0.08761711014234523,-0.049179314353366546,0.007267333413430956,0.0876046998163938,0.04824284128411066,0.08547089627430655,-0.02504940208786591,0.02737548304782151,0.14544683023718416,0.015721452698839056,-0.04570050143415893,-0.1005466595038899,0.12077433536084492,0.09241095376061485,-0.00917509060902889,0.021975847336102892,-0.06129831139138923,-0.04959400272435045,0.06541177486343258,0.06535215151526393,0.016432069735190274,0.05093681341363447,-0.015474391562961976,0.0012583938993032079,0.05528397147160873,0.028374345109880416,-0.014425309492888356,0.04823871606193186,-0.07481218158003154,0.04515869820197083,-0.026638695168664142,-0.027588950931610595,-0.019007860283390972
"Protein, Total (g/dL)_value (g/dL)",0.1288212113001198,0.08800706835143288,-0.047937179056623536,0.10413337732990996,0.018066173764393945,0.09717591567614259,0.12556279322904199,0.09718870086622648,0.01642195244145666,0.008919453188504557,-0.022066702088957686,-0.023955949509335207,0.09198922681904721,-0.04334841319436237,0.004866753658128676,-0.05407757375431985,-0.5455521732765873,-0.04520478379538116,0.018652329043695064,0.46931131165327516,0.07736140802088504,-0.09746253023596312,-0.1010846425316478,-0.008732870570938623,-0.12675114185682243,0.12243071415301013,0.4295352004555231,0.03967530742981538,-0.3020310987504578,-0.005457436497544889,0.8203219760963569,0.06930749712119344,0.030229650523602176,-0.0034656731771630857,0.1345343689027753,-0.07176681131739901,1.0,-0.12199563656586489,0.12394187781243954,0.0013041587591916123,-0.07131241515597496,-0.027611883478200372,0.13356121799639184,0.0002751413989170962,0.07373851924448445,0.02027185788520048,0.038846599373249815,0.029997505654411356,-0.008665759764747656,-0.015423264254678578,-0.004214598976781428,-0.006393332248706264,0.1426709736546079,0.12673855669568415,0.04596636055687239,0.09345184127388999,0.0017036695142167112,-0.028565547538771087,-0.04214514028686416,-0.051618007773211586,0.059923118592976034,-0.025498417325995722,-0.09506971243303705,-0.03382705282985259,0.12094714774945023,-0.014425936086925351,-0.04304920085685227,-0.12489435466442982,0.0015127603525948823,0.011032551297508188,-0.000293939770967703,-0.06722621707038906,-0.09158994234377513,-0.06924652309438656,-0.08215015198395799,-0.14288209927959886,-0.0264323422555549,-0.04053920583753592,-0.01916099936407519,-0.058716283773728145,-0.04405814456462753,0.015371062237586868,0.013528784527742178,-0.1607118138248274,-0.04175167302870618,-0.01646201517324564,0.023851197003636068,-0.07539999717888252,-0.03289568290678587,-0.026287376951299173,-0.00519774348793642,0.03132995878297216,-0.1260754079131475,-0.12132266386713621,-0.00963230020081573,-0.05021672888620022,0.005643956725872519,-0.016593469026603656,0.01817424084335722,-0.10094254791422126,-0.028620903560389363,0.022890796675809396,0.044011125958903496,-0.0335607758746497,-0.057421200164435734,0.007992767981103804,0.014093164608924673,-0.03370015598213356
Sodium (mEq/L)_value (mEq/L),-0.09140986521288906,-0.15939204722318676,-0.030184432410990548,-0.04783964191017723,-0.06301279484592918,-0.05144665346089164,-0.08774645584360181,-0.05541117316145692,0.014030898449928563,-0.03987224386672158,0.016333662902459703,0.02382535884587036,-0.07714303891502651,0.01482415511402295,-0.008944686472028769,0.05029310776644197,0.1530622288685495,-0.009364906746107965,0.016513737527202612,0.05076175988173491,0.0032923657374990803,-0.039607335346440765,-0.011879763173434628,0.010655560282241346,0.04623804994017304,-0.07587990774198702,0.10440344453829797,0.19828091475659812,0.5616964133774808,-0.08338189972967784,-0.1700327719769226,-0.19964767828326968,0.0746227489675919,-0.06414676117854261,0.03318152775682041,-0.034250237487476215,-0.12199563656586489,1.0,0.03164536760032852,-0.07570379274677896,-0.06919381092769006,0.07607381548654714,-0.018003580100689642,0.02537672166322682,-0.00024065461586271126,0.07234202150549775,0.043663344732459204,0.025695393972908768,0.010788563067473163,0.020728289044911887,0.012552013342290792,0.015543937483525542,-0.010976716943194529,-0.010381219129249095,-0.033863251498230836,0.03575804581175308,-0.016307167097485704,-0.05693187519724677,-0.040811648774013,-0.032917658227291466,-0.08380490089232057,-0.045247791740264894,0.011265158926780662,0.013059076784523777,-0.07673540860779472,0.05369364795364094,0.005240339776533224,0.05143477180018641,-0.019489781853921802,0.05671828997200975,-0.03608503981858604,0.002169018873123881,0.07569288279313195,0.004128524922631415,0.05199977282767844,-0.02591808167173124,-0.03552886962742755,0.021411852996411917,-0.08202531276361111,-0.02202499241978119,0.02861782259612592,-0.005073855800244757,0.08239434630911978,0.010275366622655638,0.02285430960311883,0.0014538139511264048,-0.04874867411014457,0.011396976379804939,0.023248785520858458,-0.048534168496936154,0.0004627606839555284,-0.08352052773136553,0.05168820117628414,0.0241641418404612,0.022237551247075004,-0.018154924966512047,0.049748284716610226,-0.024141282064032932,-0.16210888113461025,0.015977924997501537,0.03710631346710206,0.0012936967286329534,-0.008293740507586347,-0.03553389709433397,0.011550087143889824,0.14091628639115783,0.011690367833557445,0.06016168130189601
Total Cholesterol (mg/dL)_value (mg/dL),-0.04202801475363883,-0.16739213824273766,-0.1869677496665996,-0.04120750098544276,-0.2219188412811974,0.05539112742282934,-0.06053357382278094,0.009628296559932532,0.027151708290196634,-0.016336158348423644,0.10752858272564163,-0.09731492951681368,-0.07016032907448058,0.029922466346073272,0.10099103630921492,-0.042765682745114664,0.017186774324833648,-0.13736452182841286,-0.08904665166964912,0.1646132399256083,-0.02626232244922722,-0.21260825150760276,0.050925267473457984,-0.1183573197700567,-0.1732911921969894,-0.008098595856182132,0.1681067198548588,0.10661679511349387,-0.02704988686115235,-0.2382578867135107,0.032731852435652006,-0.13457382117483882,0.46194623028491316,-0.078042530255187,0.9207326456323969,-0.0013158964091239175,0.12394187781243954,0.03164536760032852,1.0,0.1760655934618674,-0.018196095367071098,-0.07548191845322705,0.038154572463845564,-0.18138636053188983,0.05683429930363576,0.0026139284781879104,0.018114453879366978,-0.046850683379561886,-0.028253424192029298,0.19841840076671327,0.061913704155722886,0.043754083926443935,0.044745229458231124,0.012360578082666367,0.1269271472987334,0.004091071958689033,0.1558120057039029,0.058516077918271465,0.09678446224906713,0.13084487560822405,0.08596323464943821,0.056638511048985256,0.00043932625572111093,0.02090699817719906,-0.1026038833797151,-0.1290512345075193,-0.09534266119908659,0.07458570102184152,-0.021790337723748512,0.029000047237253062,0.1163362137700588,0.07028427765311915,-0.058416985708722335,-0.07313648135642249,-0.10932073621280503,-0.08146660250242152,-0.024539791290581207,-0.06196659246705252,-0.17248903093218373,0.034658213788258924,0.038017436688025236,0.10340755184599494,-0.020701985514645027,-0.09745804557147919,-0.1901375531918119,-0.04323491821519687,-0.26600123977052553,-0.16320314688112228,0.01601914616523092,0.03516298432426943,-0.05837793297085802,-0.10239698828052014,0.08258732659240928,-0.16534531351346593,0.0788125173277133,-0.08927242788313158,-0.046978896211685287,-0.1470018856053767,-0.3948624620003379,-0.0546671851798914,-0.07350094939453856,-0.04577053126705533,0.11615928697460283,-0.004398587327199001,0.10360183354857957,0.1086636145302743,0.11325993216687026,0.08249922366797233
Triglycerides (mg/dL)_value (mg/dL),0.08739858591708574,0.20142385647840155,0.00730906323935768,0.04169790349304406,0.1175256583617465,0.0012273128116667442,0.08886700026141198,0.025114063427737733,-0.005959211232508456,0.012011679593126762,0.016335488262841095,0.003961178226249363,0.0685373707708744,-0.04287459494677017,-0.037380168909158344,-0.006788131193287416,0.027131072405626268,0.12874394636221645,0.07962619807786259,0.04132757417075789,0.02030339261166919,0.03714477882260801,-0.0003260532005038444,-0.0360472482818277,0.25054787829118663,-0.009667670498547764,0.07628361060333719,-0.15941256195549133,0.013901515520030154,0.03530998111479426,-0.025299841577440415,0.1604349695458564,-0.3141615095948911,0.33186582470653897,-0.0370930396221899,0.029795655231895826,0.0013041587591916123,-0.07570379274677896,0.1760655934618674,1.0,0.37308536699279954,-0.011076120636843875,-0.008143772172561778,0.01068178234214272,0.07895957251613664,0.005453430169382717,0.06810671834005666,-0.023238703980361024,0.0638661671481256,0.028398907618821356,-0.05968259914925415,0.04987942034062816,-0.031171003615547175,-0.03640991660009363,0.10740721054421377,-0.020847067267903616,0.015880906621797718,0.011198539707327362,-0.04128132923589407,0.06042354301325806,0.0053170931660882865,0.05805470573638194,-0.02185302509908974,-0.022575540558454003,0.15980614920978786,-0.03338533225878664,0.02741357954905022,-0.08893233410423274,0.1052700289110164,-0.02495796289635743,0.0033727956347615845,-0.018766579280316224,0.0168019382947497,-0.00831922594899808,0.011015319077770144,0.08691393080274139,0.013618229103815266,0.008755465815314502,-0.014587201032303654,0.002722793336656598,0.04708256257705379,-0.037049202507348215,-0.03604171901385303,0.041976576229381946,0.010244507304263045,0.13979301481530393,0.037888156816042934,0.030004163579376852,-0.027167442491219433,-0.027769351583784855,0.005060638489988765,0.1286093580933081,0.0004806870822395734,0.04622832297121534,0.0972524200971152,0.03583094367734923,-0.03264949437417643,-0.02115954160367058,0.10371628964953053,-0.02069184297782497,0.016661764703330046,-0.061033658131868056,0.031505984537953474,-0.004582527459714769,0.029801151902150765,0.028547357164728573,0.03218751107623204,0.046492470896633
Urine Albumin (mg/dL)_value (mg/DL),0.060247514078656,0.10320749221276847,0.007276349698896681,0.07830708913331504,0.13856895731597105,-0.005868009513894601,0.07332825955830288,-0.01666395829917128,-0.02864938428526436,0.014077176388883374,-0.05764278759495482,0.0954552171678439,0.026541265742354218,-0.02201490009121759,-0.04582642797737804,0.022856558097284894,-0.11336307320785073,0.09454010877837712,0.04789023719691776,-0.19292216331456016,0.062195823711895894,0.1541331067293832,-0.06692913138113506,-0.09005375296949732,-0.007044426575890524,0.04252525978808008,-0.045597673078534316,-0.20670964913671655,0.11267212541953943,0.2629279480102868,0.04477257105809594,-0.0011426872837690524,-0.08015875999454375,0.184623224453389,-0.0910740981109396,0.0866566634695707,-0.07131241515597496,-0.06919381092769006,-0.018196095367071098,0.37308536699279954,1.0,0.018890082030421872,-0.007639398490645537,0.006994175358175224,0.02104450576396294,-0.01411779831646832,-0.039157596431581704,-0.01457873350372713,-0.013599158867068814,-0.017040505918463334,-0.03469537562997998,-0.023108051415818225,0.000918015082708123,0.016850029102825632,0.010505954340536252,-0.0034668246176484214,0.006350498598687967,0.027399335406826125,0.014387612339886325,0.004437127960344128,-0.0042075913749029204,0.00981242680240984,-0.0316873888658144,-0.03186859890293486,0.08782050569791286,-0.02749615058217094,0.015146038492470865,-0.06719876726843413,0.021300095404150964,-0.03454004120303161,-0.06204034298332094,-0.018625261651388263,0.015088168665089332,-0.035803906919617226,-0.029219010577552624,0.06464749999947104,0.07482611974891966,0.027571270181775204,0.040911146737462434,-0.016801715557648995,-0.028361006400057363,-0.028008654020030246,-0.011382541950985526,-0.021089116813366112,0.0120919197213768,0.044902958291658815,0.09487140615520587,0.2060905820849883,-0.009537513960180603,0.003584038593159829,-0.007610248758853368,0.06306190370494696,-0.018254146800537076,-0.013390871342989568,-0.025041821430991727,0.03161623558901179,0.030020922240987756,0.01094909880972145,0.11418262055587056,0.028243158429173583,-0.021732721316072248,-0.031836495514323396,-0.03255127764744848,0.08741655653403818,0.008492973588721829,0.034535690233638526,0.007980040793338805,-0.030813047632668508
Urine Creatinine (mg/dL)_value (mg/DL),0.09186021046656441,-0.006937957765192666,0.0457806417153126,0.09738667911131439,0.002725675229467255,-0.0017426851512555325,0.10846036809859474,0.0005052099489141262,-0.012388955834477178,0.003840478734231881,-0.08220845881765214,0.12852565380758413,0.09302732222402374,-0.05683007608487471,-0.11548892763817631,0.04275109296289566,-0.15368686534680204,-0.04239525818629471,-0.09533844624664252,-0.18313506054486328,0.09441299577912678,-0.06605508067225235,-0.17463475057667005,-0.026417903912835897,0.09302591256058085,0.21927283434348138,-0.04840868414048163,0.017764865903262754,0.06364436372362765,0.04524666735071894,0.08756528414941046,0.01149725639015835,-0.17167768836426853,0.10910596687820141,-0.010468727754984891,-0.058706953591830285,-0.027611883478200372,0.07607381548654714,-0.07548191845322705,-0.011076120636843875,0.018890082030421872,1.0,0.12424417051384094,0.06797822226253701,-0.03770484927849782,-0.08218881764651673,-0.05827211204739196,0.08739754059279442,0.015140208840213326,-0.07317404004900381,0.0317954998894543,-0.021142557068127444,0.10948220643496831,0.14695889841743073,-0.07354691077025494,0.012360664589487166,-0.05014909775017359,0.01950645298957785,0.02203291134997397,-0.12366291618362227,0.0043783467513989136,-0.037523596041480624,0.036033903998554474,-0.06963836193242683,0.09171499671473646,0.021154633766188865,-0.0777318212454119,-0.0824819412936172,0.0025461415859350414,-0.016963452198522317,-0.06499359789839378,-0.08105731158514909,0.04681575606179625,0.03906496343409148,-0.08217605981506117,0.008436265979213162,0.04794457521507504,-0.011863745674399124,0.015070927475835246,0.02797017739863261,-0.0013088852956772482,-0.006680749579626142,-0.0064180925575003074,-0.061561477358402665,0.10504128521821486,-0.026141438700086304,0.08091295593942535,0.06599068687053922,-0.013757657633151558,-0.005026956590808489,0.00546079094319263,0.14494982937247813,0.012026492809928608,0.06194201706851093,0.0010512447236009266,0.04888757089361485,-0.026606013591709197,0.0074374599666648215,0.08523875213934731,0.014641860067929082,-0.03535264845439407,0.044850142339997186,0.005793932269321566,-0.0013923755193320712,-0.1813204383039272,-0.026533212587850397,0.02626988041413369,0.009082073468784752
clock_visuospatial_executive_time_value,0.021377117064351504,0.017763084899055412,0.05978658222024001,0.02863149180754654,-0.007003765401782788,0.027248550703376204,0.02619649761204263,0.025938164084690126,0.0024004542699155845,0.014643496177636588,-0.06564550186263311,0.010809618784169635,-0.0006797840540261592,0.008763495449115007,-0.0027050535926288004,0.002118301264796357,-0.12307624994064242,-0.0202716634585849,-0.012765943799382416,-0.013140815865306804,0.008082714913399992,-0.04047806753433171,-0.017946314260770143,-0.04428080732356932,-0.010638005632089735,0.00619816842155356,0.00790501596473095,-0.012935184117734654,-0.009575688999632641,-0.03653311616588648,0.15867020974304882,0.011207540298532987,-0.04216701988938602,0.059494225726519266,0.06645999963511146,-0.018594118405364977,0.13356121799639184,-0.018003580100689642,0.038154572463845564,-0.008143772172561778,-0.007639398490645537,0.12424417051384094,1.0,0.12060389944768085,0.2280100403730006,0.060426821062223676,0.1403296851541834,0.05522872738132448,0.14654860099420766,-0.12717651976836333,0.14651422329720387,0.16179185542115626,0.35797278838293184,0.3513003884357449,0.10504922989745244,0.2562287360129025,-0.01864169273845163,-0.17505006505074172,-0.07546873387898675,-0.0925697553686756,-0.0016512221367729907,0.0032865907541903957,-0.14369919196889747,-0.06409518590080976,0.02255441787753414,-0.035691088410291415,-0.08821815441337823,-0.04482624540258034,-0.04368630770496407,0.007636442201613123,-0.014711606215956761,0.004358151780927854,-0.09942972195219062,0.006057510061972896,-0.08824363727715183,0.01768913514292059,-0.013209824155526809,0.10315134016048222,-0.02338527323856881,-0.020649718840782167,-0.0627614846893729,0.028351509171793292,0.0011658168976800313,-0.08325212789861562,0.024001075317256926,-0.02576057553704208,0.03359910964665217,-0.10431174170840667,0.04331148188353892,0.017657459124291463,0.005964631994288009,-0.005969017571976872,0.05258560024746011,-0.059957312520079235,0.1326863952279828,0.1324125610999652,-0.011568670965182675,0.014979388313318853,0.019154322340831496,0.002134038346942721,-0.01834636935321881,0.01639330283669739,-0.008251339002240208,0.017307127175971892,-0.019261625468169962,-0.0952472795121295,0.005105730948263952,-0.05275876625930235
delayed_recall_with_no_clue_time_value,-0.06620327627422937,0.10981386451209826,0.07816792503215246,-0.05279424491898197,0.1513886510770573,-0.07818726986522714,-0.05471660470010528,-0.07244594362933432,0.03087176191421421,-0.01915147968788361,-0.0530868290721167,0.07155573357688243,-0.011711612134561627,-0.05028054173818146,-0.07942699977090185,0.07293197545489837,-0.07933212032389676,0.02326886896512593,0.008507857043866744,-0.09888787838768257,-0.011238461629816822,0.15070290601509936,-0.0020486629228118067,0.06039836884245216,0.052839127924561795,0.05177408515336442,-0.07127300481025037,-0.06146043951178162,0.029337505811252555,0.1774812534413242,0.06435471645868236,0.1282396149526788,-0.11513522299640598,0.06394118454910361,-0.17142989466189332,0.027436632296627197,0.0002751413989170962,0.02537672166322682,-0.18138636053188983,0.01068178234214272,0.006994175358175224,0.06797822226253701,0.12060389944768085,1.0,0.20023712994183152,0.029269020739223117,0.2368829581851172,0.19285212200106797,0.275659962600112,-0.5593331021480887,0.12091957577153357,0.16040511492845635,0.19626986979754185,0.12220483226374335,0.16338002544908123,0.19635226419141769,-0.6953729756333267,-0.2515589730642933,-0.3673425212336821,-0.13725962005083564,-0.20493255952618755,-0.043227033149813174,-0.14380823691576153,-0.03840491602599953,0.038773344485007806,0.14872665393282367,0.07896612515348092,-0.057068143735773944,-0.027306167164567803,-0.048615218323064265,-0.1606985746590217,-0.009719405050357639,0.05634746401086351,0.04375582501452466,0.032384854144108584,0.09100602988866713,0.026607098883494742,0.07232335777734056,0.10597893240407573,0.001279955530529156,-0.0031396471527841223,-0.012997424030288475,0.029235304294071326,0.09109890069542201,0.09124969518568855,0.009244483237001448,0.15709159603963077,0.08804734265301707,-0.0699551356024302,0.05377227522885616,0.10803246833852483,-0.018703465508371465,0.028490052917356182,0.05595863549612606,-0.018954972097895068,-0.02007933705097154,-0.03612417526513605,0.0357657528389135,0.18813926170969897,0.06599634591860108,0.08450899318221766,0.012887014751611015,-0.04019239568563979,-0.06553269796187945,-0.10359966689082103,-0.176205129334714,-0.18556478336827395,-0.15837316259935472
digitspan_time_value,-0.015309382535990956,0.030591273498733567,0.0049277000657822236,-0.021990820441879656,0.03727848581347664,0.021146003480801152,-0.018653385227607466,0.0077015141607694616,0.04030496246294225,-0.008498493108345587,-0.03204312096998804,0.04780959619005102,0.0023749952229418446,-0.04314283630924284,0.005307121317015346,-0.0035618902765562725,-0.06765100771084559,-0.048752122478341646,-0.007260143712088254,0.030334247758185506,0.026421130612492322,0.044240520108865596,0.05730206641813897,0.014225110600658524,-0.05608400864624137,-0.03307569027386544,0.010944504394850322,0.03894909308069414,0.012951926177213248,-0.004861277337368373,0.06325616415179135,0.04344281944607419,0.0025729978948335302,-0.02843818386582866,0.0354176480678197,0.007851756515312813,0.07373851924448445,-0.00024065461586271126,0.05683429930363576,0.07895957251613664,0.02104450576396294,-0.03770484927849782,0.2280100403730006,0.20023712994183152,1.0,0.0984434990586573,0.39489653239363914,0.07588583007448788,0.21659505631033285,-0.23838748115347191,0.17936448188007134,0.3971403047906063,0.25857341394135014,0.12722025561985603,0.4474184701510496,0.15432965332910936,-0.12163750617189559,-0.12029225889804065,-0.1874443491427116,-0.10328447370897739,-0.12162975414933597,-0.06843908322124909,-0.24171816489966982,-0.10859948470980336,0.053324130752560046,-0.0016932437760130232,0.058131236682644166,0.003752756665202215,0.08677273227538969,0.009649969658425388,0.02888442947886672,0.029034857947919754,-0.02642787665936463,0.057988990371319465,0.0527636545011403,0.020617836577973923,-0.007665368901070137,-0.029741260255861848,0.09203358037402873,0.013875639379996958,0.029664596414847495,0.0800566049742566,-0.032253051447874305,0.01637134912681869,-0.0358572526240428,-0.008289202183444155,0.04024234619534221,-0.0357267473288921,-0.006805295778278336,0.015280809917685717,0.024064454678156412,-0.08619386032833672,0.013555784013786884,-0.06850555896247097,0.024007881482920337,-0.03289589534713999,-0.01018068001922418,0.02289236794266597,-0.03182088629052712,0.010071596049085677,0.042186655615262504,-0.06340951073308179,0.0521350922175383,-0.05541244119822852,0.0011517075386302629,-0.056201136483051466,-0.07090141758778848,-0.045763272488554434
memory_trial1_time_value,-0.03886665691146642,0.019983079565261675,0.014914229920865446,-0.04254161251903753,0.003776948323790094,-0.03078205582882761,-0.04841429727743813,0.0012988054465091889,-0.007725406020719983,-0.026019656705786227,-0.024300873266727724,0.00021384890041025226,-0.02040149576116721,-0.021989303051343816,0.031180852769484912,-0.012400812267916296,0.03343993115302797,-0.017242795457579112,-0.0014218714349740426,0.05921183134617186,-0.06430137856314838,-0.012787948694535013,-0.027784718405319847,0.027781583836714807,-0.03492457340831021,-0.045569451675436745,-0.03409903554191366,0.007353478433190382,0.010401574810351373,0.0005916838382610381,-0.015557797013700017,0.03142904428391401,-0.016432989733097075,-0.02585033763099014,0.007450570510720815,-0.05968791387807816,0.02027185788520048,0.07234202150549775,0.0026139284781879104,0.005453430169382717,-0.01411779831646832,-0.08218881764651673,0.060426821062223676,0.029269020739223117,0.0984434990586573,1.0,0.16865983940876428,0.047281718932296594,0.07808244712470437,-0.010612550924307495,0.055015555792480415,0.12591414009186247,0.044866471301341505,0.029550020447633215,0.10260701375012556,0.06660851102169235,-0.001223291338194814,-0.16194747635921392,-0.13442636288210116,-0.0027700922376672848,-0.05121911317101327,-0.0312970232427497,-0.142548837703729,0.008107059818291946,-0.06460887702933578,0.06898284222264565,0.2144279224512642,0.10834817712444073,0.03484709863301009,0.013856060702429455,-0.10281394358204957,0.03599285395373502,0.002070760945104026,-0.03802507506638019,0.000783789798583189,0.001877002564829204,-0.019346681056176884,-0.020106388623412626,0.014964254813917869,-0.009785106653849997,-0.028606427541829054,-0.00925846244498426,0.041371316942299875,-0.00495110965104946,-0.012416943597772553,-0.05198254659098998,0.0323196495201996,-0.05747062309810118,0.1407520105746638,0.0009299506763398397,-0.02038833909414016,-0.061366827086990684,0.02149338840122987,-0.01893071251878959,0.057279442034874666,0.010345302660573298,0.015781409287664434,0.04069701564249993,-0.006748541413148818,-0.01804487137397323,0.0786541443037047,-0.025806874997768355,-0.04064959230426003,-0.02659664731588648,0.029737547839188767,0.030051471062677734,0.0009701139320570189,-0.009771139114963833
memory_trial2_time_value,-0.0749578701750149,0.020762110158398,-0.06012008166833224,-0.08910638175634522,0.03950464937921446,0.002139216196049769,-0.08889025917378617,-0.012925407300160214,0.03770362456281363,-0.05436435062783186,-0.00334410578846775,0.021081927811811257,-0.008024233276795526,-0.01247254768204342,0.012101636492567692,-0.004624857322917794,0.017904628276805164,-0.07393526645770433,-0.05775142491939761,0.05771653916732012,-0.06082491947213602,0.0878920952724664,0.10385123972827745,0.07530232311971027,-0.04533689321954849,-0.09519350317368669,-0.022490287059821954,0.06957456972407332,0.04150918507038413,0.008241966052742578,0.0062937473342957705,0.09599485882799198,-0.00029184001381966815,-0.030822130221263074,-0.0066183567825596566,0.03510209459261889,0.038846599373249815,0.043663344732459204,0.018114453879366978,0.06810671834005666,-0.039157596431581704,-0.05827211204739196,0.1403296851541834,0.2368829581851172,0.39489653239363914,0.16865983940876428,1.0,0.08577104057212033,0.21895170164500644,-0.22647050624579998,0.14674649944144783,0.42758979974325456,0.07714383631141236,0.12119716927037347,0.45018283595820496,0.18330641451280094,-0.11047345240877747,-0.2801421936374571,-0.371296143032899,-0.08053246187720207,-0.17113115204638285,-0.09611080664389635,-0.31615021880743,-0.03010926909799485,-0.04139639304690135,0.052800677789574986,0.0141295735132388,-0.008852925469618474,-0.07439237066174771,0.04732632779168066,0.03895147536972192,0.12021683633475669,0.0409148641119402,-0.009313232922437416,0.005948068598081143,0.1330891582967047,0.0013775274411106696,-0.021987330518629028,0.11635740261991333,-0.04129132492684028,0.04756571690790719,0.06229616658941728,0.01851784549058051,0.06513956003868787,0.07128005851555241,-0.03575397384180814,-0.02849994827036782,-0.00034889756857850446,-0.038082679111433246,0.031124820723699508,0.02761112928343346,-0.14622953210084558,0.03780233884981748,-0.016128393330446054,0.04093178238458695,-0.05557576592506391,-0.03489869758041768,-0.02498993558749044,-0.012949518477900848,0.05373499787892192,-0.0045278409624431885,0.03946526241487623,-0.04365339107719757,0.021300917474759325,0.034873785011214624,-0.1072938229557542,-0.09491176153502068,-0.07024603365400131
moca_abstraction_time_value,-0.003710253842505074,0.04495293795644445,0.03937763377072042,0.012758158000102158,0.05390838178808866,0.020114885105617094,0.0005908728111783296,-0.011599185516573756,0.02947920923396267,0.007029516975414615,-0.044561776424644116,0.008011401163029943,0.02343574692453052,-0.04963605516303246,-0.02127310846039792,0.006214743343237614,-0.07502033010997625,-0.020933579271991142,-0.03340209527929351,-0.03787296709887841,0.08087338138708934,-0.001789635864070141,0.018230804379341273,-0.03824613270983962,-0.04699076358743739,0.015359693211075772,-0.016874885260377295,0.0013642498325112085,0.006740047524705102,-0.023173168771103626,0.058254106429134506,0.03526111634486619,-0.009734873681133824,-0.02910007106452384,-0.04196436348986929,0.05040850630828921,0.029997505654411356,0.025695393972908768,-0.046850683379561886,-0.023238703980361024,-0.01457873350372713,0.08739754059279442,0.05522872738132448,0.19285212200106797,0.07588583007448788,0.047281718932296594,0.08577104057212033,1.0,0.2018981474570377,-0.177909858047579,0.07419724191108674,0.09410843302490964,0.1081602014950931,0.11605173193561258,0.0676313105719542,0.26813487039105166,-0.08527137401976348,-0.1696251721495831,-0.04075317213321529,-0.24931664403154463,-0.02455311177172524,-0.052489353841875475,-0.08190247762976696,-0.12124281809521656,-0.01358331483609774,0.10804012364155084,-0.02934092827702161,0.01612518334525038,-0.005960293565287085,-0.027082121282233054,-0.040863403218647176,0.05250304677913309,-0.011089361492504222,0.00769485090125415,-0.07579764496074172,0.03076638732805734,-0.023507416429697583,-0.021949517001075575,0.009668528807188553,-0.03777189984383391,-0.06152488525762524,0.014937637960459249,0.01891729638663387,-0.02584101873572847,0.11635700235461609,0.02053380499600286,0.0443356934665793,-0.04831817032814906,-0.024557964330419842,-0.02251340546193123,-0.025876535478668528,-0.06982089715036824,0.04579498705933148,0.03265859274443422,0.014704633336553512,-0.012674162521741389,-0.005668692314810412,-0.025615827178549273,0.07385698468344495,-0.05167326634273607,-0.01932576038408361,0.004583957562240053,0.013717849292184718,0.003852823200865558,-0.05254023684689216,-0.06896342985843885,-0.11479742267793583,-0.026391134334585262
moca_orientation_time_value,0.006207096685888476,0.06087274194495647,0.029815618265897115,0.015445661568986288,0.05948034609215686,-0.006438961511010493,0.008822556621905724,0.003243419222709611,0.05905892253114151,0.007766283063325195,-0.03288225792180145,0.033330532872080106,0.06873300261621562,-0.056725956397684324,-0.07386339906368408,0.023074940796395518,-0.026304884580981847,0.00841996570121089,0.0009244369802261895,-0.03527989784684004,0.037726249757592215,0.018079287101097165,-0.01938858195829567,0.05230453693778097,-0.015883627025795096,-0.030664578889479058,0.017954647410115224,0.029120212979542134,-0.01822354814273468,0.07060568144896083,0.013106563964366366,0.09722939307733894,-0.0343832758431523,-0.02130110769832455,-0.04424950326345737,0.09563110962866067,-0.008665759764747656,0.010788563067473163,-0.028253424192029298,0.0638661671481256,-0.013599158867068814,0.015140208840213326,0.14654860099420766,0.275659962600112,0.21659505631033285,0.07808244712470437,0.21895170164500644,0.2018981474570377,1.0,-0.25657742130498473,0.1386702308036185,0.23247293481764414,0.13162106994643213,0.10813206340018319,0.2533710356953494,0.20909275262737703,-0.11250487197962343,-0.15222375021200313,-0.18066469486904746,-0.10150315495458487,-0.2714007231648082,-0.07991821649296203,-0.14578669573461148,-0.05308287501793585,0.01610726742755427,0.10186106732192597,0.009399593894894018,0.017007407055869,0.014492551334469977,-0.05180008965943692,-0.09075105983619255,0.04756413308762199,0.05264306998793119,0.10978681624329012,-0.016858625721364782,0.023726912476056232,0.04345629740469766,0.03171047840825527,0.07380097219078845,0.05803588517481936,0.06298382124022975,-0.0016655385085320845,0.015371372339821906,0.010634763001071313,0.04448422079650954,-0.014525437386250782,0.04585433489298185,0.01507162494046779,0.010597075756297378,0.07865667260443333,0.02502002186496747,-0.03295471591332108,0.04371314968181402,0.06323547656590713,0.060138878717410055,-0.009525660186502824,-0.014439424064056097,-0.014281042421837047,0.06175936306164489,0.057875965101117165,0.026528631852813903,0.03973449273316659,-0.006618222529229398,-0.05628689058379428,-0.018186308911596855,-0.18841724210851984,-0.09964560426968436,-0.11543720515942149
moca_total_score_value,-0.01875219996022652,-0.14411270702864773,-0.08807451644161732,-0.029002034456797617,-0.150571845872609,0.027378556060917075,-0.033634670475411126,0.03425787263158266,0.015804810796764435,0.04324618563858311,0.10493396655778277,-0.1104860940216638,-0.017095877861721218,0.05292455653157408,0.06587339717351919,-0.04581058396324934,0.17242291643811342,-0.004692176317429094,-0.013725470305248084,0.16424546978054289,-0.14326349993600465,-0.17649118838349467,-0.019615628651592647,0.008556352411371477,-0.0477974257316949,-0.02891647042680025,0.10542210743541681,0.06145328008732047,-0.05336027534454157,-0.1718253679025173,-0.12371463706886787,-0.15180997496569693,0.11371309958499211,-0.07253911428510476,0.17772872842048854,-0.013557296627056377,-0.015423264254678578,0.020728289044911887,0.19841840076671327,0.028398907618821356,-0.017040505918463334,-0.07317404004900381,-0.12717651976836333,-0.5593331021480887,-0.23838748115347191,-0.010612550924307495,-0.22647050624579998,-0.177909858047579,-0.25657742130498473,1.0,-0.14120070603294216,-0.2025712939677248,-0.25307952266005446,-0.1536010913205402,-0.12247279579142244,-0.25316369422098417,0.6159768555065206,0.41772327077243576,0.3844609711054026,0.45155500402003595,0.23002089609226656,0.4393696266257773,0.4909039820302339,0.4275315996340476,-0.07818222236732106,-0.10308836470081477,-0.04077503595708491,0.051224653068007435,-0.03281781537566203,0.01936114498957368,0.10116224363476685,0.02534087475567059,-0.11194131903423124,-0.07098736268456884,0.030353059710186304,-0.12595463318114852,0.0016342668307067598,-0.0848256495022086,-0.12259739974271944,-0.025164828019459178,0.005413366517400443,-0.029572507190969346,-0.07705123989616239,-0.06998117819956463,-0.0814349322988817,-0.08853075950718235,-0.1788442574229116,-0.09368589063291595,0.0501916162541138,-0.07413072165070692,-0.10697645006217966,-0.011137206889551556,-0.09092952861756688,-0.047542507325622735,-0.026491181550770116,-0.004259368204348341,-0.034030194077337615,-0.08435125287291789,-0.22775197317030915,-0.07609400882635055,-0.009391869674915104,-0.06417169113738153,0.03965306447362338,0.019621626281783613,0.41118474206882233,0.391876724356312,0.30813540301901865,0.4431787686471569
naming_time_value,-0.0052402125478560125,-0.008934049494132847,-0.013351171526125168,0.0009596486102373057,0.01111469179989085,0.00984610295401662,-0.0010284721965167205,-0.016112647781223434,0.017737629552469415,-0.014774518370787719,-0.005239670753737577,0.050128797455395925,-0.003284327270716026,0.02362507646858248,-0.02744812079499762,0.022771297213970577,-0.02111304339846581,-0.0230095791391388,-0.014879189954725513,-0.04020383089953801,-0.04594908398758968,0.01676079667034518,0.1089395565692166,0.0025781351127402317,-0.01913123017991889,-0.01962051137542879,0.02719846371706057,0.03865669441511185,-0.0041969323626070455,-0.049592245792342025,0.02129990810956299,0.006667391736525183,0.08222797317673314,0.015570805199878425,0.0634185923646777,0.025359550029924037,-0.004214598976781428,0.012552013342290792,0.061913704155722886,-0.05968259914925415,-0.03469537562997998,0.0317954998894543,0.14651422329720387,0.12091957577153357,0.17936448188007134,0.055015555792480415,0.14674649944144783,0.07419724191108674,0.1386702308036185,-0.14120070603294216,1.0,0.17920734381894557,0.13476046989747795,0.14848387123158782,0.1324375561283026,0.17017699222334792,-0.049676944993280354,-0.1423039226983048,-0.11950006855407182,-0.05432669499116288,-0.05237385050363519,-0.21158952888702587,-0.14845060433948065,-0.030973204307848817,-0.024121375092213033,-0.0003159609750834315,-0.03990751806112117,-0.03069150618698141,-0.0812136920335333,0.07320202316424791,0.03495905675966449,0.01797653484858411,0.03458723370744685,-0.01110470469064887,-0.03412342734498528,0.06276520860499797,0.001643659667875343,-0.05596785512258887,0.029259942807259867,-0.00974154613211455,-0.08661109454170221,0.04152679917513708,0.03381315561497935,-0.005344182740222647,-0.01577519385828173,-0.0217786383757332,-0.0018761196289565477,-0.03900936233017989,0.08186503809112065,0.12830721004034779,0.08439497215391739,-0.03289048327870798,0.09330035066691769,-0.02877258251289251,0.015926069650681392,0.03463956215614143,0.052438804693399864,0.05377508080517018,-0.03545034004433551,0.007717995005605297,-0.06255086974227,0.025953053793663448,0.06516517134880723,-0.019499175667581733,-0.06854836934425572,-0.09180530741386816,-0.08215289313876595,-0.01547507038377042
repetition_time_value,-0.02188903617196753,0.054001597800039644,-0.009572728612558548,-0.02651194690654817,0.07111837341377683,0.023103671226651586,-0.03298793565788392,0.01643314299510043,0.0026364239687630105,-0.05262070310610879,-0.035760510005541264,0.0260281127741083,0.046109868777403556,-0.029433699693283442,0.004821661155079215,-0.028686256444704156,-0.03115081520768273,0.0016254337757983872,0.004033023284329228,-0.023430420712181717,0.009896590070446349,0.040835262417995774,0.045618610288313786,0.038841077903815656,-0.027926175213149305,-0.025563812669783238,-0.04838148278846058,-0.010482589296068536,0.07044367278612164,-0.014352989941307596,0.00798700485864832,0.07879137756113488,-0.02242121460276834,-0.008557309401581175,0.037328991410346776,0.020329465039287092,-0.006393332248706264,0.015543937483525542,0.043754083926443935,0.04987942034062816,-0.023108051415818225,-0.021142557068127444,0.16179185542115626,0.16040511492845635,0.3971403047906063,0.12591414009186247,0.42758979974325456,0.09410843302490964,0.23247293481764414,-0.2025712939677248,0.17920734381894557,1.0,0.15275304462584635,0.05004684010372949,0.42077984722159045,0.15804641392852564,-0.05786660656724446,-0.15920049869462952,-0.18404615015754555,-0.02386295611937487,-0.0934587038569397,-0.09990110120424694,-0.3179895673207364,-0.06140916872554714,-0.02567955653279179,0.03090761559597312,-0.00951314862157704,0.008677670192771499,-0.04159297813873508,-0.023829524318066946,0.006730236463665764,0.08745028332476573,-0.026112195395289767,-0.013353459329537978,0.0031959664422390732,0.07147106894883837,0.003926228178782692,0.024018200670712905,0.09732524354042124,-0.009265129107557186,-0.01603971050166361,0.05178698751085826,-0.014649467664982832,0.02028002930562807,0.1107373291002302,-0.010941280967790403,-0.024443031320994277,-0.020727247923249613,-0.06262334883810966,0.006790446302413475,-0.0043818563403390425,-0.11701748474526777,0.04064546699867672,-0.010280137078376893,0.014315905573046845,-0.03475837056262228,-0.007660918178639122,-0.04032719179409457,0.01385716258554819,0.021013958409514866,-0.022129632709820494,-0.011295421174555753,0.001967438661949045,0.033058119038122794,-0.013120817444982199,-0.09946623782000141,-0.08099884533662935,-0.057463362160882374
subtraction_time_value,0.15109582938893296,0.005830141183705432,0.063734543327169,0.14767159962001983,0.017019815613776565,0.08417965996148381,0.15843663564622137,0.07234179898737518,0.0010739781369013947,0.04335236686377258,-0.07720859354331033,0.04157424342198661,0.09589892814315536,-0.07265136973943666,-0.029393266264559327,-0.02729165497585456,-0.1836192131626551,-0.04466651804253317,-0.044792602625888495,-0.051446864726625276,0.14773388131450488,-0.0014584955140231092,-0.039756505710017986,-0.13192581487385546,-0.02278080461329786,0.1188604878664596,-0.010594071510925432,-0.09118266173873373,0.004884477371306277,0.019552641590967108,0.19372123930401586,-0.005772635553906016,0.005739854373013142,0.025131038734913846,0.06295734476317442,-0.04881117951022655,0.1426709736546079,-0.010976716943194529,0.044745229458231124,-0.031171003615547175,0.000918015082708123,0.10948220643496831,0.35797278838293184,0.19626986979754185,0.25857341394135014,0.044866471301341505,0.07714383631141236,0.1081602014950931,0.13162106994643213,-0.25307952266005446,0.13476046989747795,0.15275304462584635,1.0,0.2086843501209001,0.015065708822332132,0.1726649748131352,-0.12693680091690934,-0.1695370453643836,-0.10517841480040728,-0.188941543308157,-0.022998604363365628,-0.050031174946166275,-0.17582769314610355,-0.1577692733024233,0.15434373895201609,0.017831951557791412,-0.08034013652546267,-0.15436085685489281,-0.00467212386555265,0.000371842861236065,-0.06448508423564632,-0.13552645877426572,0.00041242136762352467,0.019220619131555403,-0.09082551792242027,0.014104568393058133,0.020667656768128918,0.07827416164940366,0.08243880451066635,-0.00995727453601747,-0.0016977104065157274,0.06743789518912961,0.029565796404024562,-0.04830521094445979,0.026233514313291333,0.030749132024404595,0.09492251099955994,-0.05282484253872674,0.009628456624071025,0.05296842422397685,0.02966225251645194,0.055456934609962844,0.030297236657718645,-0.06542001244908034,0.046914892058088166,-0.02950708707309621,-0.011234387231662164,-0.023204594693976555,0.08335617370403035,0.03666685793152846,0.018768851597011207,0.031590934085143504,-0.0002801502156473902,-0.04751521915279366,-0.14285690849325225,-0.1225718223969967,-0.06350426632924085,-0.053452147588398134
cube_visuospatial_executive_time_value,0.08959541905485079,-0.01740855461430976,0.09540287864102419,0.10188023926757418,0.019842643203996993,0.0481492481395582,0.0997345766327092,0.03753494056211618,-0.029333702808236217,0.031297894532350684,-0.09779144708609859,0.059913046748990194,0.078674293546354,-0.051134242948949526,-0.05208243978053264,-0.00031380960924434894,-0.24623604973745225,-0.07482049538533901,-0.033272624676024216,-0.15559635657868653,0.07504637000341824,0.04700819567384518,-0.0043497089360031065,-0.1175153388130185,0.051217791905502824,0.09290599123190518,-0.004932959399099808,0.04087812319384667,-0.06310793887169411,0.06885584089840456,0.2432619292796411,-0.013716486951114618,-0.0013397805246150656,0.023861152828311756,0.030585944333917852,0.014739200066645442,0.12673855669568415,-0.010381219129249095,0.012360578082666367,-0.03640991660009363,0.016850029102825632,0.14695889841743073,0.3513003884357449,0.12220483226374335,0.12722025561985603,0.029550020447633215,0.12119716927037347,0.11605173193561258,0.10813206340018319,-0.1536010913205402,0.14848387123158782,0.05004684010372949,0.2086843501209001,1.0,0.061139081027790476,0.2403232282737076,-0.08637821751469589,-0.10876860748723577,-0.10439533170645611,-0.1319509830834036,-0.008811107584504341,-0.03100440630118518,-0.11085940263206556,-0.13205066731272727,0.03940309444410914,0.011509497007825097,-0.10870581594190894,-0.047363945939074184,-0.0160762925492477,0.0021102031426730654,-0.07632071620916824,-0.03301826141447093,0.0024088170521420313,0.0736199819668752,-0.06600085732763983,0.09793636134488776,0.06317990646448314,0.07856324772801664,0.022784080908379467,-0.004098649340911729,-0.0346515487976624,-0.010476809960997417,0.07169972677291968,-0.05863698781647995,0.0338457198100343,0.031117499114616608,0.09616624199836937,-0.0005104678364360463,-0.011043097161690307,-0.00879341703578761,0.05797767501933826,0.0762213712510909,0.0512973858257323,0.01730890069897554,0.016215175821308186,0.05242164813764801,0.024338815374886715,0.04015062895828752,0.059471078503608374,0.017305959261684326,0.0512390059736602,0.005459827643598887,-0.0426209695634159,-0.01768085049370612,-0.23468125334787102,-0.03985882266971314,-0.01668321277887394,-0.12930240466498039
lettera_time_value,-0.0795514158376154,-0.0010350853605022446,-0.08022685781261149,-0.10124042257871362,-0.021995232281407994,0.005175688328020041,-0.09566074222852687,-0.003307782086905712,0.04711486046778692,-0.06061125942748345,0.03217841995914071,-0.009118515564592252,-0.030283636989825787,0.008092996927838284,0.03187830406310559,-0.008836728884404234,0.01473821690041971,-0.04586552629172622,-0.004164287675713426,0.07733744172126002,-0.06729270033814672,0.052189852664879015,0.11261653914389771,0.07609319105408825,-0.039085946202616365,-0.0795201217871972,-0.01178197858192649,0.015966855535154856,0.028536619037985267,-0.02516856118082993,0.0015907073994039828,0.021071200941505608,0.06894028296871203,-0.02443442182945692,0.08253592192961262,0.04876708229737537,0.04596636055687239,-0.033863251498230836,0.1269271472987334,0.10740721054421377,0.010505954340536252,-0.07354691077025494,0.10504922989745244,0.16338002544908123,0.4474184701510496,0.10260701375012556,0.45018283595820496,0.0676313105719542,0.2533710356953494,-0.12247279579142244,0.1324375561283026,0.42077984722159045,0.015065708822332132,0.061139081027790476,1.0,0.1653357554650805,-0.03933040448367554,-0.056801861300503964,-0.09362114715129842,0.023807428692155883,-0.07247202739709861,-0.05613922805934348,-0.1972011733833001,0.004426699301185326,-0.02614260537555522,0.010428871064495658,-0.008636498880121586,-0.018291802456340395,-0.06680315302323002,0.06121047061439208,0.0791223953854365,0.15580095182032946,0.022441039454609076,-0.025471371475864993,0.013658996608246364,0.002107271166353877,-0.03380248467040402,-0.047496993744747036,-0.002580679219766368,-0.06196014817768278,0.11228252308792852,0.018395858167795296,-0.056525096520849166,0.05115214274984061,-0.015351207080561093,-0.079377102322171,-0.0942904599574806,-0.03045968520879037,-0.057054031075678524,-0.000788208137451534,0.018339924915570165,-0.2041112748041663,0.007263648831463226,-0.04743868793688314,0.0340736129586326,-0.018030765238342517,-0.02189762446536992,-0.030385827592295498,-0.13037466021385963,-0.007855361766841968,-0.01856029291621764,-0.024637182401937283,0.035160380587822414,0.003124107592397526,0.05780163427432376,-0.10898739211976717,-0.1207962241324447,-0.06079391815749877
trails_visuospatial_executive_time_value,-0.030631611984892195,0.013483549097119322,0.010674424341896355,-0.03607694511359755,0.010627418630604596,0.009551421486339529,-0.02417643509796845,-0.005832007497087176,0.02295522322515799,0.003996615643835573,-0.037764893596275675,-0.025408240249704585,-0.030544282046596122,-0.013524264181119216,0.0070303160113438035,0.012340600612632483,-0.09555316198389126,-0.02160829516820034,-0.004079793611165646,-0.014479714932689377,-0.008191646214397724,0.03865549963485761,0.039087066226212726,-0.005724094066340125,-0.02937678174089438,-0.011546959915834328,0.029982960826312886,-0.011870280354501626,-0.0180059091571301,0.03368003276234827,0.11444340621652474,0.007097904346456026,-0.028213287908389267,-0.046012405464185724,0.027232838403566172,0.036280293778304454,0.09345184127388999,0.03575804581175308,0.004091071958689033,-0.020847067267903616,-0.0034668246176484214,0.012360664589487166,0.2562287360129025,0.19635226419141769,0.15432965332910936,0.06660851102169235,0.18330641451280094,0.26813487039105166,0.20909275262737703,-0.25316369422098417,0.17017699222334792,0.15804641392852564,0.1726649748131352,0.2403232282737076,0.1653357554650805,1.0,-0.091046705090091,-0.21815682300671718,-0.09966984035119501,-0.132096215009362,-0.05122639684448494,-0.17689495621420379,-0.13316001535830288,-0.0915042751358854,-0.037515853038259335,0.02850528856882708,-0.0323668896548103,-0.005034837274248488,-0.05354157906819689,-0.044634203545523284,-0.07716629633524313,0.08433372728116938,0.04491491266038594,-0.015828367031307314,0.009389928308843262,0.0744205190043023,0.015444603127635103,0.04946747453171567,0.028580910583538875,-0.029634248710681214,-0.021946002329776084,0.009090109243756356,0.08462660038456445,-0.023942592383659304,0.11925087204922506,0.03043534159793901,0.011969971688438608,-0.03544586217194675,-0.04221980553652898,-0.02950491096742179,-0.015069211659939807,-0.03416944784079938,0.016265615149655067,-0.02316993925165312,-0.009030408858647256,-0.007264347701321649,0.08261631090621621,0.015615430827113386,0.05284086946815852,0.039696013840484434,0.06242706824205555,0.052414791649229964,-0.08273852759659735,-0.024864859425599767,-0.06196976634155463,-0.12395837962376899,-0.17759455504834187,-0.19678413648850476
moca_combined_mis_score_value,0.020141632674551935,-0.09726390662377853,-0.06383227017574619,0.024655755498247438,-0.11893365774639143,0.04273666352261241,0.01098268017299473,0.03312321792965339,0.03562844382869745,0.02207197068059614,0.05036928109323085,-0.05904419446984506,-0.020517952036597734,0.03114271101780615,0.049333540916446664,-0.029518878811403568,0.07645325562593606,0.02728053548742333,0.036769874438407006,0.09142507238265424,-0.010753198762458413,-0.12755285210290596,0.029856927286233906,-0.0287166500038069,-0.05714432825747508,-0.05174919374236856,0.06700854548915372,0.06865176870961578,-0.06084847612911589,-0.15625092424893802,-0.05729665458997194,-0.10641404028769039,0.09701822572038256,-0.03879838755994086,0.13857199298878,0.0007643715543799183,0.0017036695142167112,-0.016307167097485704,0.1558120057039029,0.015880906621797718,0.006350498598687967,-0.05014909775017359,-0.01864169273845163,-0.6953729756333267,-0.12163750617189559,-0.001223291338194814,-0.11047345240877747,-0.08527137401976348,-0.11250487197962343,0.6159768555065206,-0.049676944993280354,-0.05786660656724446,-0.12693680091690934,-0.08637821751469589,-0.03933040448367554,-0.091046705090091,1.0,0.21128311678128392,0.3859897827204849,0.1377878933847568,0.10973881086034944,0.08521271309109292,0.11080489767702477,0.36685358397160384,-0.07593691819951709,-0.09230700527631389,-0.07731569121477712,0.061657028209346716,-0.017909778976011894,0.054229254876762105,0.13858871066746065,0.08114993763393248,-0.07020754193789767,-0.03616510536328319,0.0033915237381275105,-0.09936065385270931,-0.012880208762003511,-0.03910368570888961,-0.11244034001922808,-0.018345671223224908,0.03149443252657753,-0.0017662019262021313,-0.058970982095563444,-0.11688726044538003,-0.057689811741957794,-0.0755530406236462,-0.1715545603313703,-0.09725463618234399,0.08647831536085444,-0.011804268414966087,-0.11004241139865967,-0.01636579219776688,-0.02336278301880256,-0.0584135490533335,-0.011407970635775977,0.010106104895709914,0.02062527378680738,-0.021521617058867643,-0.15582623445955757,-0.04109635486613353,-0.04546055983376766,-0.03837898077691639,0.06334774925295902,0.014862702847871227,0.12955406889066545,0.1373202345395715,0.16971237591726038,0.13678724999209282
memory_trial1_value,0.043618471662409765,-0.03525301793829378,-0.004864642625298066,0.005397552834943583,-0.03859494543052395,0.03840811639217767,0.03706261494383585,0.042145600857207186,0.004257455223503052,0.027517301322945286,0.0767728147419576,-0.03334481040358883,0.052236319380564805,-0.014051326833229728,0.031584030558806105,-0.054378792910301545,0.06603552596801189,0.016880571068568797,0.014249836390255038,0.04093382881824569,-0.04492393444613236,-0.13190500129838936,-0.0767924975210516,-0.04459764520448501,-0.033754645322357,0.023429639110916393,0.042227530950608175,-0.024671898238117426,-0.028523351862656574,-0.06836022842288154,-0.05862657954182127,-0.04175461827746084,0.030683335025533377,-0.0461414812825676,0.05243933321863011,-0.03153956394162996,-0.028565547538771087,-0.05693187519724677,0.058516077918271465,0.011198539707327362,0.027399335406826125,0.01950645298957785,-0.17505006505074172,-0.2515589730642933,-0.12029225889804065,-0.16194747635921392,-0.2801421936374571,-0.1696251721495831,-0.15222375021200313,0.41772327077243576,-0.1423039226983048,-0.15920049869462952,-0.1695370453643836,-0.10876860748723577,-0.056801861300503964,-0.21815682300671718,0.21128311678128392,1.0,0.4484755137874515,0.18913085034446256,0.17035132414556417,0.20595147559407206,0.35520121630887014,0.17054568631734687,0.03850811001999288,-0.12986293666083,-0.11959571828136448,-0.0727826223678338,-0.04563443540198958,-0.04422393176434284,0.06983992267034657,0.007814502738745809,-0.047523958582674226,-0.04729373050654535,-0.012549449597029328,-0.11078341501890344,-0.07787941288600117,-0.04339275045942804,-0.0613590011256409,0.03546135945872955,0.04788226683995294,-0.025174400863228173,-0.050468168140837946,-0.09065793470119611,-0.07375214467827557,-0.05374402526262555,-0.11141362040533331,0.004389251454967722,0.00034190477501247577,-0.08506518787268151,0.01783777158290996,0.049008795839446714,-0.07809333433972225,-0.0022499861628689417,-0.00928674704074684,-0.07713121988771954,-0.1672717656155225,-0.04567281302704345,-0.1027851632317296,0.017502507712476415,-0.07547455200765912,0.007862636966219213,0.08600188120907727,-0.012539604590364595,0.11199402030552005,0.19525889701886018,0.17938423105842366,0.19402742271547993
memory_trial2_value,0.03186395440777628,-0.09918734446667644,0.009550743642565142,0.05779307891651654,-0.07267581338368588,-0.006909047166496139,0.03921579548019847,-0.01350223537707466,-0.03289013975505339,0.07080359062828918,0.0049099265197380644,-0.03445140986119602,-0.02089053230637321,0.03764298831763396,-0.0028040292102119667,0.01230392235943779,0.05112852493379255,0.021867776994617238,0.016185833992941934,0.005004787563039034,-0.02060934474159593,-0.08626915281355103,-0.025070137203963956,-0.03813247174349518,-0.022057906081233872,0.015379515806997875,0.02284644957238015,0.04605847825196106,-0.05152999383735133,-0.057151267712691585,-0.05062409081847915,-0.11597337636397614,0.06442673274291319,-0.04304585123907605,0.10497676709295096,-0.01858523807563183,-0.04214514028686416,-0.040811648774013,0.09678446224906713,-0.04128132923589407,0.014387612339886325,0.02203291134997397,-0.07546873387898675,-0.3673425212336821,-0.1874443491427116,-0.13442636288210116,-0.371296143032899,-0.04075317213321529,-0.18066469486904746,0.3844609711054026,-0.11950006855407182,-0.18404615015754555,-0.10517841480040728,-0.10439533170645611,-0.09362114715129842,-0.09966984035119501,0.3859897827204849,0.4484755137874515,1.0,0.1175472515149939,0.08962251342144029,0.09843189466960214,0.2952840158712681,0.0937846499484139,-0.02049166088986348,-0.07038675570216946,-0.06730875348841185,-0.004360065953171731,-0.02626103146274988,-0.06651493589983641,0.04047113060844742,0.04015346698073068,-0.005375676711971732,-0.045601600719656334,0.015340218750326168,-0.08152959422610592,0.005863021749402754,-0.035157023022092636,-0.08289029316470209,0.049982181638764986,0.06551020741599,-0.008816580138465709,-0.02553883084684198,-0.1210707776464521,-0.06937526346469164,0.01866304624567887,-0.046573483981666004,-0.036708890050909916,0.03346719649372564,0.0032127469080795203,-0.09722758862112367,0.031059015782172576,0.0059973664079612425,-0.02281218649039058,0.04122815054043458,0.02703204078993506,-0.031537321267731164,-0.018239088406884412,-0.08969468301149698,-0.0655218537464578,-0.06320535503556708,-0.04055033797537283,0.05211694142651668,0.04988528978195516,0.06427464032183212,0.12305187689428396,0.16032258762854615,0.13370865241081412
moca_abstraction_value,-0.11152552692734063,-0.061388339869204,-0.07130120057244525,-0.11831156225321136,-0.08363284860177012,-0.05536240212634832,-0.12026044069053364,-0.040942052887610575,0.01719433666237474,0.010258712389714163,0.08203270808019325,-0.0665653167098197,-0.08275932973901873,0.045403337764472744,0.03535109303652305,0.01637627481690953,0.1276856623336768,0.034971567803936066,-0.0017054202173984393,0.09793767463399065,-0.15532408241670648,0.012285942924971675,0.042730504157807436,0.035036471355848434,-0.004780933341400348,-0.05867916979604704,0.0295424151050839,-0.037519716471045586,0.01706218299430851,-0.009235283278313602,-0.12146278724027171,-0.02563832515222647,0.016042061926232823,-0.03543430829753742,0.12591945113067315,0.08591883590709182,-0.051618007773211586,-0.032917658227291466,0.13084487560822405,0.06042354301325806,0.004437127960344128,-0.12366291618362227,-0.0925697553686756,-0.13725962005083564,-0.10328447370897739,-0.0027700922376672848,-0.08053246187720207,-0.24931664403154463,-0.10150315495458487,0.45155500402003595,-0.05432669499116288,-0.02386295611937487,-0.188941543308157,-0.1319509830834036,0.023807428692155883,-0.132096215009362,0.1377878933847568,0.18913085034446256,0.1175472515149939,1.0,0.11520634384501116,0.3079996990156097,0.23340452996088107,0.1692063563250793,-0.12479937444319818,-0.038425064744794894,0.0021960771172408558,0.10602621970367405,-0.029252151745202806,-0.09346114686040956,-0.0006149373743950462,0.03379680611002629,-0.017460538648488948,-0.022134266966609622,0.10221697514570066,0.0070978753242431115,-0.001982012471173046,-0.03377882178778183,-0.05007854169176463,-0.024442161098607414,0.049263857961339565,-0.019450640089245047,-0.0971278572818076,-0.013619443577657781,-0.0621766965056539,0.001262474259292495,-0.07049243274792599,0.02242851555071961,0.026363686734288103,0.0388670284559843,0.025324110819912045,0.025298078525716895,-0.05766833124335624,-0.03597920954482851,-0.008626029474956018,-0.01572189984489502,0.024809710728656918,0.015002447421951294,-0.11763291050874183,-0.018671388324688808,-0.01798334399517177,-0.07078717096317164,0.03694376297476637,0.03810545147170924,0.20678682685616753,0.052977855507050205,0.10614290194104696,0.2305430962350408
moca_orientation_value,0.006061091002667312,-0.035308316028909006,-0.14347830289765032,-0.03167624907291415,-0.1059375175119727,0.046288068543175596,-0.0008588013388653037,0.027730575832560334,0.030229649425447917,-0.01723509848893927,0.002694411129670047,-0.05396376564179207,0.01758727653082978,0.011137000916584391,0.04177417656070427,-0.04411768995068582,-0.030158896016906533,0.04090189445153797,-0.00444953284707758,0.025422811070631515,-0.062074447136513854,0.006247023376574716,0.008817525157203607,-0.0751792722136864,0.08433119343962156,-0.018374897738000932,-0.019477709182659467,-0.03577650918467547,-0.026227774932508382,-0.005986915664244418,0.05090478534395172,0.012190463897527584,0.013103838444625239,0.059341492282445424,0.0976077733485364,-0.003853921621080123,0.059923118592976034,-0.08380490089232057,0.08596323464943821,0.0053170931660882865,-0.0042075913749029204,0.0043783467513989136,-0.0016512221367729907,-0.20493255952618755,-0.12162975414933597,-0.05121911317101327,-0.17113115204638285,-0.02455311177172524,-0.2714007231648082,0.23002089609226656,-0.05237385050363519,-0.0934587038569397,-0.022998604363365628,-0.008811107584504341,-0.07247202739709861,-0.05122639684448494,0.10973881086034944,0.17035132414556417,0.08962251342144029,0.11520634384501116,1.0,0.09373029746619425,0.05376793943802329,0.06657179484832577,0.013187320607122745,-0.02417307314838224,-0.0617010835999618,-0.00921494855581482,0.0026216551084516206,-0.04658260060006249,0.059609441205776825,-0.021065065304420223,-0.10068158526484217,-0.044168960559597154,-0.050599509321849555,0.009222477213588036,0.036484323702047614,-0.030093421195039043,-0.15673389051703573,0.00614240354490122,-0.10252233380830024,0.004177914813174693,-0.09339930961688776,-0.07642580250536508,-0.035074771239339934,-0.03071646111366483,-0.0001152960946850334,-0.026639893481633453,0.007856853267984723,-0.020755046183689212,0.01709118767140173,0.030646212608479002,-0.0452759667159794,-0.042686802821076904,-0.012394523194554988,0.019351488476252846,0.016744020161341855,0.05205274508411589,-0.10305355245837439,0.05211929252622801,-0.0006864112219180501,-0.10855469933174919,0.02363036203357367,0.06324706823268768,0.03156294170856024,0.08325363151774377,0.023671554465960195,0.0409615538724912
naming_value,0.0258562618385474,-0.05276761221549208,0.030140708762237386,0.017705730655481932,-0.0777687382038748,0.03858743605634892,0.013945375495633065,0.04362693781895158,-0.00908438468203104,0.033408450242010806,0.03292146337109144,-0.0986618307713791,0.035213219852767666,-0.01575287849167313,0.011941501012015819,-0.02881040721102079,0.08202176793980506,-0.0024789819969459684,-0.06059181202698402,0.065104465897465,-0.06298494129107313,-0.1265215307875894,-0.048754001856573415,-0.020489518957658437,-0.03177007887908171,-0.006589932723735323,0.024590032859502977,-0.03520025187327593,-0.011091621449055284,-0.07762752220583294,-0.07083255457625318,-0.07536973212977345,0.010526956297335896,-0.07698167679302549,0.041620366015571404,0.022520541902166027,-0.025498417325995722,-0.045247791740264894,0.056638511048985256,0.05805470573638194,0.00981242680240984,-0.037523596041480624,0.0032865907541903957,-0.043227033149813174,-0.06843908322124909,-0.0312970232427497,-0.09611080664389635,-0.052489353841875475,-0.07991821649296203,0.4393696266257773,-0.21158952888702587,-0.09990110120424694,-0.050031174946166275,-0.03100440630118518,-0.05613922805934348,-0.17689495621420379,0.08521271309109292,0.20595147559407206,0.09843189466960214,0.3079996990156097,0.09373029746619425,1.0,0.225735149135229,0.11063911335719723,0.007900106859116083,-0.03217937115395924,0.012402193671172262,0.014212863310323077,0.04026046453314399,-0.015214339419604987,-0.014843929011480968,0.018202639198367516,-0.0998092054649733,-0.006886510847818595,0.04469391173346169,-0.1126022592792854,0.054411448935551034,0.02354198177128589,-0.12098065153523505,-0.0028825975712882886,0.030174142287463478,-0.05001364977070184,-0.10653788584545895,-0.05399327744443382,-0.036069393186169446,-0.07488584265434015,-0.11425621602937035,-0.057751839398823744,0.039326972197311114,-0.02260276617136314,-0.044268287585236966,0.034141611606490284,-0.021779580473144933,0.01399702755054089,-0.0033880750858611927,-0.06004198637517191,0.023436776938490524,-0.03017730685161598,-0.08684525723358548,-0.04086311885386619,0.08082698141832155,-0.030789118250310502,-0.003789283739460188,-0.06574985502146875,0.16386575348482932,0.1362880158682762,0.1285632687204196,0.2303031476680242
repetition_value,2.18558556535417e-05,-0.06903838458668114,0.041790112007696126,0.0048977455193799126,-0.06527356071683892,-0.020824878672572544,0.006702157565825168,0.0020287188883552957,-0.028149164104428484,0.09693003432549196,0.0049638970161733935,-0.04260539084977687,0.020768089359076886,0.02644429318391248,-0.02102209212623042,0.003825344790895332,0.09898121808802686,0.012067075056349737,0.010825228162277854,-0.016958570304347765,-0.019406371273662307,-0.07497688609557322,-0.05227911933802869,0.024336848012467365,0.048090257536880655,0.05344947502465853,0.045603328889558696,0.039558811163821976,-0.05887625549412869,-0.05610250041381878,-0.09590112623393066,-0.07310351201662642,-0.0034835230423760606,0.002688782373668123,0.008442395251954737,-0.013386494590877982,-0.09506971243303705,0.011265158926780662,0.00043932625572111093,-0.02185302509908974,-0.0316873888658144,0.036033903998554474,-0.14369919196889747,-0.14380823691576153,-0.24171816489966982,-0.142548837703729,-0.31615021880743,-0.08190247762976696,-0.14578669573461148,0.4909039820302339,-0.14845060433948065,-0.3179895673207364,-0.17582769314610355,-0.11085940263206556,-0.1972011733833001,-0.13316001535830288,0.11080489767702477,0.35520121630887014,0.2952840158712681,0.23340452996088107,0.05376793943802329,0.225735149135229,1.0,0.14867151695656927,-0.016373822865519125,-0.045815067046402896,-0.0490810078942962,-0.01497644176965923,-0.0389234615693342,0.0061039825580229525,-0.0036423761336235407,-0.053236425656963786,0.001005615286950349,-0.005837114049108571,0.03974205287922433,-0.008695367831522874,0.021393704850230854,0.03088128928924356,-0.06207095519354908,0.024370475352945793,0.09039700715671006,-0.00937572079439356,-0.023800703012516876,-0.007858893893688192,-0.025972097823820532,0.02589883093072404,0.010952776429329725,-0.013841204200106228,-0.02293633773498038,-0.04518846782817422,-0.03786405236434645,0.10639163613682456,-0.0771294329788581,0.01744614741637164,0.0683822216345158,0.04268925547588249,-0.03709493268508052,-0.06045658716841775,-0.04839912204073566,-0.017360642585284643,0.003422903571495287,-0.00899620619619975,0.03505991428830758,-0.03536430686761344,0.0782632624826367,0.16189728357839547,0.18652859714606307,0.1404330864080181
subtraction_value,-0.06794703492661464,-0.014163395522633848,-0.048570683389428645,-0.06326583815861103,-0.03379138134090819,-0.07587481453234465,-0.06357606993772535,-0.04709818457895801,0.0620624744676308,0.017032974777539633,0.08264203811488065,-0.024882263249395454,-0.046628550534236896,0.03176012611965037,-0.022575782913814863,0.04306745849984662,0.1540393956922767,0.005992328254673676,-0.009029218817572808,0.1234465655825324,-0.13371366271553728,0.005792052556238911,0.06751599964553721,0.042846451224270644,-0.032111558559731246,-0.04745813629099089,0.07368246977253289,0.01250927288425481,-0.035470663520177775,-0.0463702707664701,-0.11798187017028255,0.0011060528834145988,0.02575239380948619,-0.03155074805415329,0.022667918443940543,0.008637475886008992,-0.03382705282985259,0.013059076784523777,0.02090699817719906,-0.022575540558454003,-0.03186859890293486,-0.06963836193242683,-0.06409518590080976,-0.03840491602599953,-0.10859948470980336,0.008107059818291946,-0.03010926909799485,-0.12124281809521656,-0.05308287501793585,0.4275315996340476,-0.030973204307848817,-0.06140916872554714,-0.1577692733024233,-0.13205066731272727,0.004426699301185326,-0.0915042751358854,0.36685358397160384,0.17054568631734687,0.0937846499484139,0.1692063563250793,0.06657179484832577,0.11063911335719723,0.14867151695656927,1.0,-0.06546861512611113,0.029103049701340675,-0.04329269478745718,-0.008125944523962227,-0.10718015413726711,-0.007163066122219861,0.06079591236278712,0.026231754760081757,-0.05248518187299573,-0.027323709009215248,0.017428692825742897,-0.03713329003391461,-0.002690567251290241,-0.011311035188673501,-0.042117357882651626,-0.0648880213044083,-0.008092915003050875,-0.0757552080364781,-0.07365955365770681,0.03028988464559345,0.028651550638659602,-0.09158654674598525,-0.06686388037014544,-0.006031808895925924,0.023421614108224915,0.009782456212059356,0.03928755041671555,-0.048972113448530884,-0.09638469766641093,0.0804209007435651,-0.005433456966696435,-0.018615729624136504,-0.10710225766760847,-0.0284630019596228,-0.07206416498934172,0.015474183799207373,-0.002124416220054988,0.015568643637819774,0.007891039848033786,-0.018900215181393013,0.10423433018314542,0.04865921986789118,0.03911012020967038,0.1284094064974642
Rate,0.7134583072775831,0.22133467134581666,0.10206539546418862,0.6112320817779566,0.18902210422710025,0.2608419150726683,0.7275526945093184,0.2977481262527871,-0.16781847830351537,0.10493793144822788,-0.11748323378447932,0.08634699642912148,0.42989032813368877,-0.08683079252870048,-0.09303080067621494,-0.16514389274849894,-0.1809883582831793,0.08276834513700944,-0.0012214646075393244,-0.07067825257872506,0.11640468451982475,-0.0031775559418699174,-0.0930525192794749,-0.13619937910550856,0.17898584613379862,0.1627195754894731,0.001469783383695661,-0.0854472570085309,-0.0986078175387361,0.0768874395720253,0.18175302963199325,0.27770887746616196,-0.13486930558711055,0.1924841747782554,-0.12534064941149622,-0.0964150894796936,0.12094714774945023,-0.07673540860779472,-0.1026038833797151,0.15980614920978786,0.08782050569791286,0.09171499671473646,0.02255441787753414,0.038773344485007806,0.053324130752560046,-0.06460887702933578,-0.04139639304690135,-0.01358331483609774,0.01610726742755427,-0.07818222236732106,-0.024121375092213033,-0.02567955653279179,0.15434373895201609,0.03940309444410914,-0.02614260537555522,-0.037515853038259335,-0.07593691819951709,0.03850811001999288,-0.02049166088986348,-0.12479937444319818,0.013187320607122745,0.007900106859116083,-0.016373822865519125,-0.06546861512611113,1.0,-0.1352741579585222,-0.08737983861330076,-0.7367387370554824,0.407682176487961,0.12700785181468,0.032341746344347375,-0.010269517668094476,0.057892577913581725,-0.011599302486311774,0.008687954252696252,-0.001537913365111002,0.03254646849400281,0.04262272420735001,0.1596523044381145,-0.01971531486074597,-0.020318322694774568,0.01159020048266357,0.05657533834241166,-0.008079091317656835,0.01418648259717847,0.09565440035598513,0.11571626350223937,0.04950505097759435,-0.006924970182612803,-0.030551826266255327,-0.007357870078150704,0.16099901163403627,0.026844775356074144,-0.00352991328374275,0.026155430277397432,-0.013176512746992565,-0.05075037243842172,0.002227755031875907,0.26771617046879786,-0.016812250918124348,-0.0009149362667593962,0.0031932577294875534,0.009660270823723545,-0.012184023851873248,-0.16438934114002518,0.012562368354122184,-0.033173671301185044,-0.020563074152997716
PR,-0.1385860322725511,0.06925543679071668,-0.0485567925788675,-0.08680113132742455,0.06671073003383647,-0.08321858357703792,-0.13152003314677257,-0.096255582725519,-0.016033052867965955,-0.023927253967023585,-0.05761406863503397,0.025899191694556702,-0.09632721068402496,-0.03994773832307899,-0.015666149165857096,0.06924275734886366,0.04206024074004943,-0.009958042245686622,0.05313932655186955,0.028134435872890984,-0.008809697795503377,0.14976515143611435,0.07894935368018142,0.13718264899241303,-0.015381821065682894,-0.08673977202036451,0.018665815272829015,-0.009734649839522555,0.027351836209368506,0.05228738074423425,-0.03444016400273767,0.02277852308804912,-0.08723975023754356,-0.046685337067419355,-0.1042040568622675,0.020875269734908896,-0.014425936086925351,0.05369364795364094,-0.1290512345075193,-0.03338533225878664,-0.02749615058217094,0.021154633766188865,-0.035691088410291415,0.14872665393282367,-0.0016932437760130232,0.06898284222264565,0.052800677789574986,0.10804012364155084,0.10186106732192597,-0.10308836470081477,-0.0003159609750834315,0.03090761559597312,0.017831951557791412,0.011509497007825097,0.010428871064495658,0.02850528856882708,-0.09230700527631389,-0.12986293666083,-0.07038675570216946,-0.038425064744794894,-0.02417307314838224,-0.03217937115395924,-0.045815067046402896,0.029103049701340675,-0.1352741579585222,1.0,0.17827263314790195,0.12637914104302636,-0.030931687418350354,-0.08096070166001633,-0.08693471703729058,-0.10546353980323034,-0.05825895545805454,0.03891907788311276,0.04306075772805922,0.08082929682504897,0.01423931152730794,-0.0003193080667271248,0.044520700348356056,-0.0022918704298748893,-0.019460040380464415,-0.009100448168366545,0.003008222103207193,0.05978493073891447,0.039214053280572786,0.08779582492958071,0.1219455184851663,0.025648587837078105,0.015093287978551638,-0.010580300330774195,0.009637327147139364,0.009895078378077304,0.009656936962422312,0.08361136479669709,-0.038553792890610415,0.007862575457628765,0.021678705209336274,-0.017004422469616642,0.10767795556174999,0.07386368777480871,0.21225027620837483,-0.018105730283947834,-0.10910434208449941,-0.11443947685939086,-0.012458083087137174,-0.10832851677976081,-0.08097816956691022,-0.014301263691730204
QRSD,-0.12817953365418655,0.09424124618769773,0.04416073502727311,-0.11440690136556422,0.10611972380758275,-0.09680298301356215,-0.12560776151240252,-0.07432744660899748,0.03073193143458267,-0.038694394926028976,-0.03815887303638113,0.010417171405278836,-0.06893315437519122,-0.0470823611014523,-0.027914459735748028,0.06387390494157982,0.012210680272289531,0.00895755041035308,0.012706858923593137,-0.028920548321981706,-0.027775052503433303,0.14320202924096756,-0.01585710907299696,0.11248367263480638,0.027991813255165577,0.023233557260513644,-0.08192938089225323,0.01611571781702453,-0.05561125399299458,0.15410056122659765,-0.02966853713980762,-0.015606947747780478,-0.09914931308651388,-0.030722715373963982,-0.08082808452415034,-0.04338851796843509,-0.04304920085685227,0.005240339776533224,-0.09534266119908659,0.02741357954905022,0.015146038492470865,-0.0777318212454119,-0.08821815441337823,0.07896612515348092,0.058131236682644166,0.2144279224512642,0.0141295735132388,-0.02934092827702161,0.009399593894894018,-0.04077503595708491,-0.03990751806112117,-0.00951314862157704,-0.08034013652546267,-0.10870581594190894,-0.008636498880121586,-0.0323668896548103,-0.07731569121477712,-0.11959571828136448,-0.06730875348841185,0.0021960771172408558,-0.0617010835999618,0.012402193671172262,-0.0490810078942962,-0.04329269478745718,-0.08737983861330076,0.17827263314790195,1.0,0.33991330546650744,0.3387666091064973,-0.05642768521114311,-0.18021581031067063,0.008710659840202374,0.03368888177791523,-0.015094154835417466,0.15608726904004688,0.04936131502836582,-0.000843806055505364,0.02704015446985329,0.07814677402587984,0.009608393036174398,-0.05634476644942597,0.00435430818864044,-0.025356663000219094,0.08941436575256913,0.07976934699204981,-0.0027405446053972945,0.10263134329381675,0.09937516952202036,0.08383424756078148,0.001813459890882537,-0.02719770436085981,0.05093833802878528,-0.06974128212162867,0.15144447248985587,0.006997399371511889,0.10818544946254936,-0.01298735621058149,0.08560999425095023,0.12628077362572926,-0.030004965416214384,0.3718990088854554,-0.09108222693479513,-0.21918590484523867,-0.121217281553191,0.10888260502112158,-0.02835337161910502,-0.030930969752124345,-0.00372275038899851
QT,-0.5732145024121383,-0.11807727352131707,-0.05366074578428874,-0.4900139850447753,-0.08785139799256254,-0.22926823797594595,-0.5790785915574233,-0.25281320509040944,0.13122845246621714,-0.09365409305671066,0.06409062650676349,-0.056198129489298844,-0.3297587894868544,0.04848789510144822,0.03953277619976222,0.1531738466991012,0.08603385708329964,-0.09196485502009194,0.03680564431224224,-0.03249383285506588,-0.07465559502453634,0.05642298455188103,0.09102810717090917,0.10253313150696784,-0.1270649705784736,-0.10701860839108979,-0.0937654459395995,0.10624956934909305,0.014746570626716263,-0.0013834969547758108,-0.11937069705047457,-0.21474280385858327,0.1249097320879792,-0.17624062983165378,0.06929915059299155,-0.0027344384602808578,-0.12489435466442982,0.05143477180018641,0.07458570102184152,-0.08893233410423274,-0.06719876726843413,-0.0824819412936172,-0.04482624540258034,-0.057068143735773944,0.003752756665202215,0.10834817712444073,-0.008852925469618474,0.01612518334525038,0.017007407055869,0.051224653068007435,-0.03069150618698141,0.008677670192771499,-0.15436085685489281,-0.047363945939074184,-0.018291802456340395,-0.005034837274248488,0.061657028209346716,-0.0727826223678338,-0.004360065953171731,0.10602621970367405,-0.00921494855581482,0.014212863310323077,-0.01497644176965923,-0.008125944523962227,-0.7367387370554824,0.12637914104302636,0.33991330546650744,1.0,0.30058232338256946,-0.09756222280391608,-0.12283305969737987,0.07101969093330958,-0.016043104308275824,0.06472868718955611,0.07290902601487541,0.0582147044890644,0.03640224440523038,0.00788866115189253,-0.09950569394210283,0.017916057183174603,-0.024582059373654357,0.04037565654274748,-0.06715831282548103,0.07311228338189556,0.038131908653404316,-0.09838430175260189,-0.020767462146199307,-0.02304467780069504,0.05941732156280767,0.03840041544810909,-0.050761930878915125,-0.1124029572073326,0.022156597240495995,0.06721650418528374,-0.00042576863041871276,0.0320302654807699,0.022174306507590925,0.05751535387764975,-0.16333140016434788,-0.01601148710041049,0.13667623998830664,-0.01700093745660479,-0.09628689542582493,-0.04062258247137743,0.17303613416741861,-0.026906112608539395,0.06233956917323785,0.002188407783001203
QTc,0.23653366082317318,0.1457850758932605,0.056466596744872234,0.1991876755798186,0.14338867089405558,0.0355897603994479,0.2568057612373018,0.05685390108556153,-0.0550685033430094,0.024299993038377647,-0.05630167794634388,0.03356232314559407,0.10434433293558057,-0.06637351073823601,-0.0790844233632962,0.00757214421659195,-0.13402647586107488,-0.010658665789126165,0.04328292839885277,-0.13423588408535134,0.0713258914955706,0.05344268065276566,-0.0023322483922558297,-0.06981694779049424,0.08369111967528309,0.07895286942239033,-0.11615537282390603,0.045005475392777786,-0.12221636799419117,0.0893979493240369,0.08863950727687131,0.08560422188284872,-0.004668111314634195,0.032365037131293614,-0.0650682230788731,-0.14721940213335594,0.0015127603525948823,-0.019489781853921802,-0.021790337723748512,0.1052700289110164,0.021300095404150964,0.0025461415859350414,-0.04368630770496407,-0.027306167164567803,0.08677273227538969,0.03484709863301009,-0.07439237066174771,-0.005960293565287085,0.014492551334469977,-0.03281781537566203,-0.0812136920335333,-0.04159297813873508,-0.00467212386555265,-0.0160762925492477,-0.06680315302323002,-0.05354157906819689,-0.017909778976011894,-0.04563443540198958,-0.02626103146274988,-0.029252151745202806,0.0026216551084516206,0.04026046453314399,-0.0389234615693342,-0.10718015413726711,0.407682176487961,-0.030931687418350354,0.3387666091064973,0.30058232338256946,1.0,0.042726598492910946,-0.11435364624357333,0.08485782109939181,0.07056449190967659,0.07956334198631655,0.11774556469852386,0.08584468426013425,0.09759136287073505,0.08264241889410057,0.09334210732624458,0.004680348767271873,-0.0635597404451186,0.07787588875213168,-0.006379207950651633,0.07996960172674412,0.07348610197995267,0.02357374778515608,0.1202438026869587,0.013711823430534604,0.06801773858593248,0.014257227092599734,-0.07440702100094043,0.09501141022218247,0.08525934565463185,0.08404194886973373,0.040769530189408425,0.004344545054861568,-0.042483923290377194,0.09091128882872428,0.1501123068037721,-0.05004156925114022,0.18672394835219072,-0.015678307788885366,-0.1016534456627616,-0.0946249659858704,-0.0039048375867821944,-0.014114020833144208,0.04996770788579063,-0.01714504685951524
P,0.06359345767342164,-0.06441204488874668,-0.06823463278141807,0.038039428358212876,-0.025359928128843415,0.026296822624952174,0.06687554266062792,0.020188724645499975,-0.0004743627969417516,-0.02673791718900346,-0.00990281292057122,0.013877598530131043,0.028704234803994547,0.03917508365149039,-0.007514857725892727,-0.012167446840444103,-0.02080231476238634,-0.03374423035289752,-0.005426445465823826,-0.038813928840906994,-0.07525142223012905,-0.00901759730506234,0.025233176541770007,0.0030551670172770345,-0.039058164860102815,-0.03431450154259661,-0.04569766046843011,0.06382023419987386,0.044182673365294696,-0.04611860969698922,0.03754171150058781,-0.024483770952081322,0.022808960540832434,-0.03425246634823107,0.033208130987531066,-0.05871373956600475,0.011032551297508188,0.05671828997200975,0.029000047237253062,-0.02495796289635743,-0.03454004120303161,-0.016963452198522317,0.007636442201613123,-0.048615218323064265,0.009649969658425388,0.013856060702429455,0.04732632779168066,-0.027082121282233054,-0.05180008965943692,0.01936114498957368,0.07320202316424791,-0.023829524318066946,0.000371842861236065,0.0021102031426730654,0.06121047061439208,-0.044634203545523284,0.054229254876762105,-0.04422393176434284,-0.06651493589983641,-0.09346114686040956,-0.04658260060006249,-0.015214339419604987,0.0061039825580229525,-0.007163066122219861,0.12700785181468,-0.08096070166001633,-0.05642768521114311,-0.09756222280391608,0.042726598492910946,1.0,0.2239661070278787,0.3068369640549312,0.07006264603115528,-0.09155664077834055,-0.06618508516978376,0.01760049413476088,0.021172644387661265,0.015759720467093508,0.055143441535914405,-0.005337345216907697,-0.02099670210986912,-0.014836314994431648,0.029991423978264507,-0.04053269243265371,-0.03519287827944768,-0.025248747336181532,-0.06061522966176576,-0.032943933752388486,0.04821160447393916,0.02310180998796849,0.012955781013770205,-0.13715784403336,-0.012157050994683699,-0.029995581353128915,-0.008617643344632735,0.0045463996594563676,-0.00865068837683939,-0.0047497111212081115,-0.1112797105307855,0.009870982226645404,0.02528989609684087,-0.10718839810110552,0.04455364926875591,0.008510842281042794,-0.01877790813673246,0.10331515604877411,0.02277412560591843,-0.03494987558360731
QRS,0.04138054007932688,-0.121083660747048,-0.05948632313877955,0.008582105404274782,-0.1090021824112602,0.08635566011132922,0.02352476861853047,0.06067133407730275,0.018178956035077284,-0.026880282221989054,0.0558720923272582,-0.03997625709096543,0.034186305241707425,0.06832506299710245,0.06656203743688123,-0.07625747105464833,0.009783065782827303,-0.0010187359718333625,0.013472914012642286,0.031143668613613257,-0.11037016763649769,-0.04419830005836989,0.039870690966700845,-0.06811444509611796,-0.05077759973478991,-0.09078565145079899,-0.06013023211913375,0.07688451861160477,0.017684906616491178,-0.10627380821554207,-0.02050086991357191,-0.03879147042390429,0.07812054089158635,-0.026276918748615128,0.10268478912746287,-0.09735236394217957,-0.000293939770967703,-0.03608503981858604,0.1163362137700588,0.0033727956347615845,-0.06204034298332094,-0.06499359789839378,-0.014711606215956761,-0.1606985746590217,0.02888442947886672,-0.10281394358204957,0.03895147536972192,-0.040863403218647176,-0.09075105983619255,0.10116224363476685,0.03495905675966449,0.006730236463665764,-0.06448508423564632,-0.07632071620916824,0.0791223953854365,-0.07716629633524313,0.13858871066746065,0.06983992267034657,0.04047113060844742,-0.0006149373743950462,0.059609441205776825,-0.014843929011480968,-0.0036423761336235407,0.06079591236278712,0.032341746344347375,-0.08693471703729058,-0.18021581031067063,-0.12283305969737987,-0.11435364624357333,0.2239661070278787,1.0,0.1425530577995024,-0.005203338842133869,-0.10545779151987054,-0.08667174557988858,-0.12312271843852975,-0.054944520020040535,-0.049484290670873045,-0.0545937511582665,0.0020796710674347266,-0.023414071620258194,-0.03294632174132934,-0.06931371169201872,-0.06609522250443989,-0.11138295769871746,-0.009110367862881207,-0.1539296892427863,-0.06765370484341911,-0.08728436020384281,0.016287477206918158,0.008983899251623483,-0.12550748633750414,-0.023980456356477463,-0.060899183431843376,-0.030720003789562786,0.05185689765492958,-0.003099383192012397,-0.0605130875092591,-0.14397242274502858,-0.03592954488988323,-0.24933161001268364,0.02178727241555009,0.11383967987733705,0.14981287254204503,0.06181648108589126,0.057845415194304084,0.02351980748253279,0.05885107230004586
T,-0.07785871664076031,-0.08646076206446374,-0.064026628045912,-0.10392040384937422,-0.046002931978542556,-0.031983099679049526,-0.0822268150804017,-0.04950952575636273,0.04536264392308514,-0.05408678371134342,0.056475250634381274,-0.020026309381465116,-0.06117748703658091,0.02536130907612078,0.0016656991064015435,0.0321906585134012,0.09739716145548784,-0.01925994520896852,0.020033873091464545,0.032024208296827464,-0.06753963861494355,0.03946054965964011,0.11394908050678497,0.027253793735866783,-0.07321717763189887,-0.10551787078191038,-0.022952798308915216,0.0811603872808865,0.035414761148631735,-0.043044531404711074,-0.09632141116046732,-0.09179737136191396,0.10518587709569753,-0.07061337292025781,0.04461305328225903,-0.02844912355267691,-0.06722621707038906,0.002169018873123881,0.07028427765311915,-0.018766579280316224,-0.018625261651388263,-0.08105731158514909,0.004358151780927854,-0.009719405050357639,0.029034857947919754,0.03599285395373502,0.12021683633475669,0.05250304677913309,0.04756413308762199,0.02534087475567059,0.01797653484858411,0.08745028332476573,-0.13552645877426572,-0.03301826141447093,0.15580095182032946,0.08433372728116938,0.08114993763393248,0.007814502738745809,0.04015346698073068,0.03379680611002629,-0.021065065304420223,0.018202639198367516,-0.053236425656963786,0.026231754760081757,-0.010269517668094476,-0.10546353980323034,0.008710659840202374,0.07101969093330958,0.08485782109939181,0.3068369640549312,0.1425530577995024,1.0,0.04374599108825404,-0.04892635755223842,-0.01341695038228558,0.02856561113806452,-0.020729895292695574,-0.029506928614733974,-0.034762698927130464,0.01947040237299267,0.07192184239249912,0.0336762962278337,-0.0313733763675121,-0.019137711643638564,0.09219595235830762,-0.04406090709949273,-0.07492628676260571,-0.01632016389015255,0.0942039609057603,0.056629858626910015,-0.021084207747080135,-0.17242867664294625,-0.0002568889635969746,0.02038762604230316,-0.050329128336740664,-0.03104749993711548,-0.06527009980501108,0.01719339037428774,-0.09422472961648408,0.016274733417283714,0.10013503498411859,-0.18152741216807,0.022531558775606014,0.005413815069006285,0.04718922994527504,0.019202409553857495,-0.016326357598847627,0.007934736178057891
Age-related macular degeneration,-0.012061019264081334,0.015469645269334763,0.06530836085980736,-0.00010525078503514194,0.07565170099412999,-0.03518698944941618,0.00023040154408850649,-0.03863969505443858,0.024770596494470873,0.048213893606113216,-0.013013890718094346,-0.004493854766469554,-0.018855445274388257,-0.018662760698193365,-0.03798186955799708,0.042129861150383245,0.019981185324706288,-0.06533025405868685,-0.06308954873092895,-0.07179103045059312,0.026631981674134577,0.06535160231776331,-0.01027908175167142,-0.005612241098903119,0.022219863874739093,-0.004260900931479867,-0.08103512561633441,0.007547898369280142,0.027134654883658862,0.16233109068312182,-0.05647630750782111,0.0662443446157922,-0.04125408984143527,-0.013212628999952004,-0.05909517278915512,-0.05668913969113737,-0.09158994234377513,0.07569288279313195,-0.058416985708722335,0.0168019382947497,0.015088168665089332,0.04681575606179625,-0.09942972195219062,0.05634746401086351,-0.02642787665936463,0.002070760945104026,0.0409148641119402,-0.011089361492504222,0.05264306998793119,-0.11194131903423124,0.03458723370744685,-0.026112195395289767,0.00041242136762352467,0.0024088170521420313,0.022441039454609076,0.04491491266038594,-0.07020754193789767,-0.047523958582674226,-0.005375676711971732,-0.017460538648488948,-0.10068158526484217,-0.0998092054649733,0.001005615286950349,-0.05248518187299573,0.057892577913581725,-0.05825895545805454,0.03368888177791523,-0.016043104308275824,0.07056449190967659,0.07006264603115528,-0.005203338842133869,0.04374599108825404,1.0,0.04328356446542252,0.04658053237030873,0.16160822869556915,-0.028946435481545445,0.02638140881463101,0.15632905443151754,0.04626196819561577,0.02995430094922115,0.10098035718818413,0.13925604351659424,0.08211787010598638,0.00720331565270713,-0.04629967715589199,0.029890874722076365,0.07368769238918274,0.039450336757403136,-0.0035398000422738043,0.09596701807005532,-0.024617838353093092,0.1445044271288582,0.03285080232108564,0.03422331533346835,0.04655496632782004,0.08571071372898571,0.12929880559934281,0.03788194716365571,0.09483358554627602,0.08688740410780803,0.03397662842821561,-0.0582133510165524,-0.06564496930304019,-0.04025385395992718,-0.0734104459043798,-0.07191639385333842,-0.07259113611894018
Arthritis,-0.012828204063754345,0.04507440727174436,0.08485584795567576,-0.01484768241483606,0.09618349854977744,-0.043883618098875504,0.001042405789681425,-0.048132057777820626,0.040984115379248974,0.016291695043494613,-0.026073226328001707,0.06379293609371181,-0.009773906916022273,-0.031053294101143988,-0.07904256154016255,0.0706043492709225,-0.024618024907225568,-0.031550756622599783,0.01437876023958991,-0.11056048679318302,0.11774760191951253,0.07593226687011434,0.10595031586364202,-0.09527021267387532,0.06602531568520342,0.06674059787287474,0.0013587819965900918,0.029814462477252886,-0.030799771343390087,0.031960536049504586,-0.006246878270951573,0.033603718455510224,0.017208766831611298,0.033738498686956345,-0.09657492153481309,0.08310177299934683,-0.06924652309438656,0.004128524922631415,-0.07313648135642249,-0.00831922594899808,-0.035803906919617226,0.03906496343409148,0.006057510061972896,0.04375582501452466,0.057988990371319465,-0.03802507506638019,-0.009313232922437416,0.00769485090125415,0.10978681624329012,-0.07098736268456884,-0.01110470469064887,-0.013353459329537978,0.019220619131555403,0.0736199819668752,-0.025471371475864993,-0.015828367031307314,-0.03616510536328319,-0.04729373050654535,-0.045601600719656334,-0.022134266966609622,-0.044168960559597154,-0.006886510847818595,-0.005837114049108571,-0.027323709009215248,-0.011599302486311774,0.03891907788311276,-0.015094154835417466,0.06472868718955611,0.07956334198631655,-0.09155664077834055,-0.10545779151987054,-0.04892635755223842,0.04328356446542252,1.0,0.09537859085864465,0.1621466145990559,0.143835970197643,0.10077351805928124,0.007768621694193517,0.10124266603591461,0.013920604296869492,0.1147438727430603,0.051580003207043444,0.13177810872944032,0.014061785789868065,0.0951408108550977,0.14123666334431975,0.09739668568485985,0.07460671178499133,0.12613992769650204,-0.016926918346796074,0.1700600240599739,0.22025436218506375,0.024037259204609862,0.11897484314731736,-0.03638921560410256,0.028309759767825907,0.07862037297552513,0.14609376000001725,0.13576039771191387,0.005795265458126366,0.026263983196691938,-0.004971982174976467,-0.022742735344838873,-0.0762099259048059,-0.05225265368118091,0.039860850816675224,-0.04125636250613615
Cancer,-0.02291705245856754,0.06189302764855856,-0.0017008766500434813,-0.01353445577676411,0.05128529794913136,-0.06493552103038894,-0.016322998842563715,-0.03837190731777802,0.03446364936574152,0.03083433200175936,0.010165064699698766,0.02871561592758906,-0.015371662409564264,-0.019790869333675173,-0.06420935898417361,0.061290567117857436,0.11855724601494506,-0.01531677856456168,0.034286286346129846,0.022981647952697647,0.006068204359167525,0.1282925074200017,0.08921488904648817,0.09117151567815154,0.09449121142721136,-0.060417567450195254,-0.041417048927598725,-0.06303747944084354,0.01971084184903643,0.07238920852565246,-0.10724353750564629,0.01281013242172286,0.0021934463683255536,0.03726075410674327,-0.1348699805946708,0.055037406531161286,-0.08215015198395799,0.05199977282767844,-0.10932073621280503,0.011015319077770144,-0.029219010577552624,-0.08217605981506117,-0.08824363727715183,0.032384854144108584,0.0527636545011403,0.000783789798583189,0.005948068598081143,-0.07579764496074172,-0.016858625721364782,0.030353059710186304,-0.03412342734498528,0.0031959664422390732,-0.09082551792242027,-0.06600085732763983,0.013658996608246364,0.009389928308843262,0.0033915237381275105,-0.012549449597029328,0.015340218750326168,0.10221697514570066,-0.050599509321849555,0.04469391173346169,0.03974205287922433,0.017428692825742897,0.008687954252696252,0.04306075772805922,0.15608726904004688,0.07290902601487541,0.11774556469852386,-0.06618508516978376,-0.08667174557988858,-0.01341695038228558,0.04658053237030873,0.09537859085864465,1.0,0.21280372777148104,0.015609165311864064,0.05746242333527757,0.013074568424879092,0.0022596368997803164,0.009202787079094334,-0.010618727359352893,-0.005438316795119016,0.23860712420166455,0.01304631844345408,0.017683716640372313,0.026092564578936727,0.1089620252857566,0.04101855211548911,0.045320194770418314,0.02840439682353252,-0.06654821518926048,0.07456355412331366,0.05336622984970077,0.06085865995924155,0.009702855443309396,0.08636320767667433,0.06108393634658273,0.004477404271490131,0.08946591541344835,0.0659489484737353,0.06235309626910671,-0.08911495984954516,-0.030074772261908935,0.0860652101409156,0.00741114122824446,-0.02146998840149206,0.010145878184204845
Cataracts (1+ eyes),-0.07843188727800113,0.13338268762608876,0.050102771095881835,-0.06588762295202386,0.1523843404516027,-0.134918781342549,-0.0482749538309564,-0.12559404822886439,0.04045823222771696,0.009016329513671791,-0.03667657249965087,0.09808294542270618,-0.10473925908599768,-0.06961117028157968,-0.0838304539939848,0.1302772085642179,0.05432739004628646,-0.05143960543216886,0.03754158168440584,-0.11334754343182382,0.056384370278090123,0.2248842306675421,0.10201586121064403,-0.010279523592757026,0.0706757366939867,-0.03258457928061402,-0.019447141433908733,-0.03669565806096664,-0.009900704594100028,0.16477194138545911,-0.08722842488254345,0.17213739915536885,0.0048405677855460315,0.021438187935999595,-0.13122891118102772,0.08761711014234523,-0.14288209927959886,-0.02591808167173124,-0.08146660250242152,0.08691393080274139,0.06464749999947104,0.008436265979213162,0.01768913514292059,0.09100602988866713,0.020617836577973923,0.001877002564829204,0.1330891582967047,0.03076638732805734,0.023726912476056232,-0.12595463318114852,0.06276520860499797,0.07147106894883837,0.014104568393058133,0.09793636134488776,0.002107271166353877,0.0744205190043023,-0.09936065385270931,-0.11078341501890344,-0.08152959422610592,0.0070978753242431115,0.009222477213588036,-0.1126022592792854,-0.008695367831522874,-0.03713329003391461,-0.001537913365111002,0.08082929682504897,0.04936131502836582,0.0582147044890644,0.08584468426013425,0.01760049413476088,-0.12312271843852975,0.02856561113806452,0.16160822869556915,0.1621466145990559,0.21280372777148104,1.0,0.09957426846172066,0.07975175440166118,0.22577122165773353,0.09630988754442228,-0.07138853497376484,0.15124890672449356,0.13230354599654545,0.17489583416945692,0.0988000573091684,0.16965236917092422,0.20815631398183207,0.11342224332474864,0.014174568196170714,0.11865619951748362,0.059055580105790574,-0.023663282477315202,0.22244089895532518,0.1359020363615733,0.0553125957784193,0.02844799404236506,-0.0032500417928806933,0.09488103256514718,0.17658432578413422,0.17137064273060887,0.09545965271293397,0.049623763010914916,-0.0440036230102254,-0.1041559837318556,-0.0700257935943375,-0.05738143979337542,-0.10171823038880995,-0.07435497218074792
Chronic pullmonary problems,0.05437880183315204,-0.03150423631120806,0.10010596193060012,0.04139297320158105,-0.0014313591275924818,-0.03946333871483632,0.07721667836385189,-0.03095952602398067,-0.0014309606022993339,0.04269265599131689,-0.028507362550241507,-0.008561151784577321,-0.0008341518248620018,-0.04034463901419882,-0.0686789519525795,0.057624146561437946,-0.11006601998759212,-0.09726698226349774,-0.07118677914278185,-0.16835370612987657,-0.008317340499629853,-0.01118214766297452,-0.044209584426013235,-0.03904075751100731,-0.018724806257241634,0.10756883964791168,-0.10798635965443841,0.048127477993849546,-0.06243504405849609,0.05156403873375894,0.07931817131072934,-0.04456323730208964,0.032805423123578335,0.013701354947336122,-0.04381466322775571,-0.049179314353366546,-0.0264323422555549,-0.03552886962742755,-0.024539791290581207,0.013618229103815266,0.07482611974891966,0.04794457521507504,-0.013209824155526809,0.026607098883494742,-0.007665368901070137,-0.019346681056176884,0.0013775274411106696,-0.023507416429697583,0.04345629740469766,0.0016342668307067598,0.001643659667875343,0.003926228178782692,0.020667656768128918,0.06317990646448314,-0.03380248467040402,0.015444603127635103,-0.012880208762003511,-0.07787941288600117,0.005863021749402754,-0.001982012471173046,0.036484323702047614,0.054411448935551034,0.021393704850230854,-0.002690567251290241,0.03254646849400281,0.01423931152730794,-0.000843806055505364,0.03640224440523038,0.09759136287073505,0.021172644387661265,-0.054944520020040535,-0.020729895292695574,-0.028946435481545445,0.143835970197643,0.015609165311864064,0.09957426846172066,1.0,0.09008174941357949,0.021684953210918793,0.08197970670271182,-0.08165669238911656,0.020651110351904232,0.053558453327323875,0.056986245413862144,0.05245790009494195,0.012220677977777455,0.10219255074011548,0.12669670880732603,0.05714989535187059,0.07306951743074865,-0.030411978803542333,0.08383899021814731,0.15339466440479615,-0.013586968809555507,-0.02001800519394351,-0.03443394740445983,0.03095531801157757,0.09939686089323589,-0.03066872682499742,0.05961111744449003,0.09835580258865821,-0.09856611411232127,0.019718585689596065,-0.05703114110791354,-0.015474875468857554,-0.0011773373489466867,0.005853225524703881,0.011750219922644946
Circulation problems,0.04474507637179997,0.005925373976621115,0.07093658966989394,0.056407406515367825,0.018378368063281202,-0.03397613884786005,0.06043392380683807,-0.013701282240902326,0.003781864898317071,0.03534535026986121,-0.028491102760809208,0.03915747717127447,-0.013836835564919618,-0.030668473981093018,-0.0421538928491311,0.04326285695740516,-0.051733136378042666,-0.052760228872821585,-0.04940394186391663,-0.11809432540902472,0.036179018461340015,0.1505205935274145,-0.002145702914849295,-0.06661664168374007,0.14688570765135692,0.03999888000352534,-0.05617315774358349,-0.08374702276328488,0.06728516819296534,0.16544860797694458,0.030907366981837124,0.016237642471375862,-0.026065519373316602,0.0755201438190851,-0.06904901740774431,0.007267333413430956,-0.04053920583753592,0.021411852996411917,-0.06196659246705252,0.008755465815314502,0.027571270181775204,-0.011863745674399124,0.10315134016048222,0.07232335777734056,-0.029741260255861848,-0.020106388623412626,-0.021987330518629028,-0.021949517001075575,0.03171047840825527,-0.0848256495022086,-0.05596785512258887,0.024018200670712905,0.07827416164940366,0.07856324772801664,-0.047496993744747036,0.04946747453171567,-0.03910368570888961,-0.04339275045942804,-0.035157023022092636,-0.03377882178778183,-0.030093421195039043,0.02354198177128589,0.03088128928924356,-0.011311035188673501,0.04262272420735001,-0.0003193080667271248,0.02704015446985329,0.00788866115189253,0.08264241889410057,0.015759720467093508,-0.049484290670873045,-0.029506928614733974,0.02638140881463101,0.10077351805928124,0.05746242333527757,0.07975175440166118,0.09008174941357949,1.0,0.1106226097503312,0.00352018769158448,-0.03899753936503587,0.018595248016807068,0.023225593845625836,-0.023963264142048794,0.07320405058027743,0.027647193547335944,0.046891013425862986,0.06956224309242968,0.07695005288589603,-0.0029225489615732777,-0.020608171239479042,0.12100315682863709,0.09439234175462212,0.0894295185714605,0.13841773323426027,0.07908949673199475,0.07434093487686674,0.09422408914096705,0.08359145443075962,0.05383960993024125,0.015546050580156276,0.057616937688078525,-0.03781959972704333,-0.023535719482263937,-0.15280993287802183,-0.07391812624521209,0.02199567611047629,-0.06099891094812618
Diabetic retinopathy (1+),0.11093645374770951,0.18440369687448502,0.039671933261484216,0.06278789859937933,0.28167192448210016,-0.031876112238122846,0.13199259021902782,-0.031538021761357206,-0.00552638357573881,-0.009887359032263584,-0.0389759671918219,0.09829526310457522,0.010375647278237855,-0.03781479449292993,-0.07749521568966435,0.05825575040999317,-0.07194453480840984,-0.07328891567474984,-0.052269339024242856,-0.11048231210569898,0.11950032764621833,0.19759808881509647,0.0014866034890133675,-0.04552611401387402,-0.06656893068578655,0.13099373793904515,-0.060768978611886765,-0.10006997071595122,-0.0334616290902862,0.17314723087682118,0.05001236954780905,0.26360473949957447,-0.1260809471787136,-0.024711678577791985,-0.1498500228837176,0.0876046998163938,-0.01916099936407519,-0.08202531276361111,-0.17248903093218373,-0.014587201032303654,0.040911146737462434,0.015070927475835246,-0.02338527323856881,0.10597893240407573,0.09203358037402873,0.014964254813917869,0.11635740261991333,0.009668528807188553,0.07380097219078845,-0.12259739974271944,0.029259942807259867,0.09732524354042124,0.08243880451066635,0.022784080908379467,-0.002580679219766368,0.028580910583538875,-0.11244034001922808,-0.0613590011256409,-0.08289029316470209,-0.05007854169176463,-0.15673389051703573,-0.12098065153523505,-0.06207095519354908,-0.042117357882651626,0.1596523044381145,0.044520700348356056,0.07814677402587984,-0.09950569394210283,0.09334210732624458,0.055143441535914405,-0.0545937511582665,-0.034762698927130464,0.15632905443151754,0.007768621694193517,0.013074568424879092,0.22577122165773353,0.021684953210918793,0.1106226097503312,1.0,0.005161754214450311,0.0002853536629408138,-0.023856996116105218,0.16726925722007716,-0.05552417441303285,0.16013026107792366,0.0198023631496891,0.1499444804418981,0.14757279452856892,-0.05035441551260403,-0.03977781820340125,0.11385496207971718,0.02886132207066911,0.05425200776007526,0.08195376627568957,-0.03397934054244682,-0.018193184564179996,-0.01574178903682082,0.03190243842154033,0.2577067116696622,0.018990063129700918,0.07180038736340776,0.08316494138960662,-0.08059505545487552,-0.06332122148113611,-0.08951246919778696,-0.023137652474440353,-0.10022914979581968,-0.022231383533989957
Digestive problems,-0.028513588269113956,-0.018815944991249018,0.03834636265745445,-0.03943374881209637,0.024399707700019504,-0.017162270360466282,-0.021823018945699782,-0.027413936114518887,0.032689505629258334,0.05144552107854416,0.0016402815151921504,0.019265893361542923,-0.04125726082698691,-0.016623719699202903,-0.018798612112400467,0.03933936427309245,-0.009138464390483436,0.02386931833425835,0.02866924776360248,-0.07630394539906209,0.1279799764488655,-0.007878888430667802,-0.07900176337791895,0.005182349052613815,-0.03243283875893582,0.03377360467001674,-0.01933888141024375,0.04436091412595972,-0.03258604322821329,0.0687877315249333,-0.01659447186900198,-0.03969182511739307,0.027106393622440658,-0.0213593387533291,0.024670675071391368,0.04824284128411066,-0.058716283773728145,-0.02202499241978119,0.034658213788258924,0.002722793336656598,-0.016801715557648995,0.02797017739863261,-0.020649718840782167,0.001279955530529156,0.013875639379996958,-0.009785106653849997,-0.04129132492684028,-0.03777189984383391,0.05803588517481936,-0.025164828019459178,-0.00974154613211455,-0.009265129107557186,-0.00995727453601747,-0.004098649340911729,-0.06196014817768278,-0.029634248710681214,-0.018345671223224908,0.03546135945872955,0.049982181638764986,-0.024442161098607414,0.00614240354490122,-0.0028825975712882886,0.024370475352945793,-0.0648880213044083,-0.01971531486074597,-0.0022918704298748893,0.009608393036174398,0.017916057183174603,0.004680348767271873,-0.005337345216907697,0.0020796710674347266,0.01947040237299267,0.04626196819561577,0.10124266603591461,0.0022596368997803164,0.09630988754442228,0.08197970670271182,0.00352018769158448,0.005161754214450311,1.0,0.06541959189974786,0.16881721732205948,0.010169829480893752,0.09293627277517776,-0.038705794652372026,0.0191477030115673,-0.04295919772308068,0.10693407445968202,0.11941217976479651,0.06035256572025,-0.04208539124056692,0.04010668983890495,0.1120226811665217,0.03570383756641797,0.1723976421226328,-0.035356273833805095,0.008414616155497235,0.06121037897076014,-0.00022743302254657775,0.16810038689252352,-0.04236047033988497,0.019646324322171005,0.020051433847869907,0.011668802671537795,-0.03618753068230094,0.0542797583380238,0.03619797535472738,0.029442216402724156
Marijuana user,0.0087643883534345,-0.11012351832064426,0.045028705951141855,-0.028206679486814306,-0.09666512012538472,0.06817088837059196,-0.010779788732725335,0.04070668611075131,-0.007297687620873559,-0.0034566028362929928,-0.018413967280270335,0.0005005804811664844,0.015232638231397701,0.06857632908256049,0.04376225238219836,-0.047145704126288025,0.100833845339485,0.01533902102266634,-0.006927578004018341,0.06193408483075413,0.02216131201845246,-0.010814411254171536,-0.04353781250706165,-0.01711793343980287,0.012983490909583586,-0.040173942478458034,0.025775205643191943,-0.02986981118590848,0.10023865312969064,-0.011721691437142596,-0.0896454649560399,-0.01208860161395166,0.014932988483677604,-0.013891811759799113,0.014312454826418788,0.08547089627430655,-0.04405814456462753,0.02861782259612592,0.038017436688025236,0.04708256257705379,-0.028361006400057363,-0.0013088852956772482,-0.0627614846893729,-0.0031396471527841223,0.029664596414847495,-0.028606427541829054,0.04756571690790719,-0.06152488525762524,0.06298382124022975,0.005413366517400443,-0.08661109454170221,-0.01603971050166361,-0.0016977104065157274,-0.0346515487976624,0.11228252308792852,-0.021946002329776084,0.03149443252657753,0.04788226683995294,0.06551020741599,0.049263857961339565,-0.10252233380830024,0.030174142287463478,0.09039700715671006,-0.008092915003050875,-0.020318322694774568,-0.019460040380464415,-0.05634476644942597,-0.024582059373654357,-0.0635597404451186,-0.02099670210986912,-0.023414071620258194,0.07192184239249912,0.02995430094922115,0.013920604296869492,0.009202787079094334,-0.07138853497376484,-0.08165669238911656,-0.03899753936503587,0.0002853536629408138,0.06541959189974786,1.0,0.014520386725560353,-0.01947286134010184,-0.027148204460480302,-0.018836499178761998,-0.027637093488953317,-0.044364840953395726,-0.029981771489164248,-0.056302513810878876,0.012913902077328643,0.05781855303949457,-0.033883889424785305,0.0059675727268347885,0.04687106512331476,0.03436678360941296,-0.027095396056942323,-0.023444494123215528,-0.014930567345677895,-0.0970639710936779,-0.018385789232634807,-0.0061200278987563975,-0.04207169662586324,0.119727327096129,-0.09057369717182907,0.04852216468382268,-0.01917461434739829,0.038477174895066815,-0.08821705793884414
Dry eye (1+),0.012448942749035666,0.04190389159973451,-0.05481026514817862,0.06442883473510702,0.060643144630074655,-0.0031957915993901364,0.027978566690884808,-0.0122138732117456,0.018537218623479575,0.042912250137865246,0.02533927292105359,-0.022535611327292777,-0.0025140438660867805,-0.032887428771674596,-0.02676268265383607,0.024510035645557825,-0.00012841591236195446,-0.010075619591956516,0.013919918048888813,0.017346094558703812,0.09653803286278505,-0.03281744974030973,0.0565339157891379,-0.055910314175326666,-0.049334613266650014,-0.0373790898050711,0.09786764990822513,0.03608941077185582,-0.06148862680447144,-0.04685143066320751,0.006046981894045276,0.02002085161816709,0.1165306655482201,-0.01850637566257342,0.08529822481257644,-0.02504940208786591,0.015371062237586868,-0.005073855800244757,0.10340755184599494,-0.037049202507348215,-0.028008654020030246,-0.006680749579626142,0.028351509171793292,-0.012997424030288475,0.0800566049742566,-0.00925846244498426,0.06229616658941728,0.014937637960459249,-0.0016655385085320845,-0.029572507190969346,0.04152679917513708,0.05178698751085826,0.06743789518912961,-0.010476809960997417,0.018395858167795296,0.009090109243756356,-0.0017662019262021313,-0.025174400863228173,-0.008816580138465709,-0.019450640089245047,0.004177914813174693,-0.05001364977070184,-0.00937572079439356,-0.0757552080364781,0.01159020048266357,-0.009100448168366545,0.00435430818864044,0.04037565654274748,0.07787588875213168,-0.014836314994431648,-0.03294632174132934,0.0336762962278337,0.10098035718818413,0.1147438727430603,-0.010618727359352893,0.15124890672449356,0.020651110351904232,0.018595248016807068,-0.023856996116105218,0.16881721732205948,0.014520386725560353,1.0,0.08266575675224279,0.06737465117968866,-0.006865927112319396,0.021360226359047958,-0.00082237055302081,-0.0009778240830325237,0.08767106458135715,0.09596093919208304,-0.005423227410114259,0.04268127098192547,0.12314215650202155,0.010947266391690889,0.11446280338698472,-0.012966092733137053,-0.05408471317738682,0.026054601113424888,0.09048400195199231,0.11428944680189124,0.001536297447470752,0.016679096790181674,0.07992193999334977,-0.10356696225699626,-0.020412688622507582,0.034425389679335144,-0.04193959727930714,-0.00238279674510212
Glaucoma (1+),0.03145282089969079,0.07977125562315762,0.03520672579388851,0.06340846789930454,0.10974340932704679,-0.03532967660702844,0.0456973707596821,-0.025926407754178152,0.024171498340441362,0.04571278417925307,0.025694925363525845,0.047088625010502524,-0.02119676132224433,-0.018819282376962263,-0.049444090941193466,0.05272259406317434,-0.04507076888465525,-0.05310212135959802,-0.047099593661907566,-0.03867469019043859,0.11613379637257097,0.02231434868658051,0.018902708485306615,-0.07522853492925166,0.0036062644679326905,0.028916417878038714,0.011695428397155488,0.05333601494981422,0.007020095878452572,0.01152199980800826,0.040257984094359406,0.08897635416900507,0.011660945688736041,0.05580322608091417,-0.014521934463255446,0.02737548304782151,0.013528784527742178,0.08239434630911978,-0.020701985514645027,-0.03604171901385303,-0.011382541950985526,-0.0064180925575003074,0.0011658168976800313,0.029235304294071326,-0.032253051447874305,0.041371316942299875,0.01851784549058051,0.01891729638663387,0.015371372339821906,-0.07705123989616239,0.03381315561497935,-0.014649467664982832,0.029565796404024562,0.07169972677291968,-0.056525096520849166,0.08462660038456445,-0.058970982095563444,-0.050468168140837946,-0.02553883084684198,-0.0971278572818076,-0.09339930961688776,-0.10653788584545895,-0.023800703012516876,-0.07365955365770681,0.05657533834241166,0.003008222103207193,-0.025356663000219094,-0.06715831282548103,-0.006379207950651633,0.029991423978264507,-0.06931371169201872,-0.0313733763675121,0.13925604351659424,0.051580003207043444,-0.005438316795119016,0.13230354599654545,0.053558453327323875,0.023225593845625836,0.16726925722007716,0.010169829480893752,-0.01947286134010184,0.08266575675224279,1.0,0.013891172079574382,0.03171535999589048,0.036796361261521,0.03152743783817793,0.03928499112751092,-0.0689731331781045,0.03903624104882078,-0.02308231065342487,0.012604223911440383,0.1310126072337717,0.026266589536266403,0.09931253630530804,-0.026134934400284835,0.07405477920215094,0.08854836883151083,0.10931638224927304,0.018667195293595472,0.043694266771229964,0.0276068082475172,-0.03367065617255689,-0.03674001689430631,-0.021007624178985048,0.012741770154368549,0.006482294178934727,-0.053943537508787935
Hearing impairment,-0.09709626972761852,0.05205722876623047,0.0536389134770821,-0.09204967248255619,0.07647493001856479,-0.10549254661703204,-0.08673903066305233,-0.09305959893845456,0.02259994527431526,0.010888563614871498,0.0047681670122656575,0.0018460005966055495,-0.0778601161809553,-0.04698104706531986,-0.041241318143153065,0.07965907503643718,0.14173534903106325,-0.02175810424823739,0.024011654475659863,-0.039863656959926386,0.014826908779820284,0.19369292046225428,0.0951239579419337,0.13781425198073222,0.08759158388927683,-0.07203290357619718,-0.06898494216472661,-0.017412787258306615,-0.004278467608982251,0.15597097052736256,-0.15486623892521184,0.020727772047936657,-0.005471945377548158,0.015804502150183242,-0.13146206321860032,0.14544683023718416,-0.1607118138248274,0.010275366622655638,-0.09745804557147919,0.041976576229381946,-0.021089116813366112,-0.061561477358402665,-0.08325212789861562,0.09109890069542201,0.01637134912681869,-0.00495110965104946,0.06513956003868787,-0.02584101873572847,0.010634763001071313,-0.06998117819956463,-0.005344182740222647,0.02028002930562807,-0.04830521094445979,-0.05863698781647995,0.05115214274984061,-0.023942592383659304,-0.11688726044538003,-0.09065793470119611,-0.1210707776464521,-0.013619443577657781,-0.07642580250536508,-0.05399327744443382,-0.007858893893688192,0.03028988464559345,-0.008079091317656835,0.05978493073891447,0.08941436575256913,0.07311228338189556,0.07996960172674412,-0.04053269243265371,-0.06609522250443989,-0.019137711643638564,0.08211787010598638,0.13177810872944032,0.23860712420166455,0.17489583416945692,0.056986245413862144,-0.023963264142048794,-0.05552417441303285,0.09293627277517776,-0.027148204460480302,0.06737465117968866,0.013891172079574382,1.0,0.05371866432947275,-0.034964055975684666,0.020276314538979028,0.10075547950081486,0.042276804661198084,0.24722020323475197,-0.030657625576931094,-0.048809945466565204,0.04870807397711277,0.1165380514868033,0.13182848761053365,0.08496019177666643,0.03036772102334771,0.12210791581293032,0.03099775710288328,0.14676984994935954,0.018256060083945556,0.023282563339696607,-0.015772413138098525,-0.02304882083586167,-0.0007601383570067653,-0.02550099724917508,-0.0397568612888229,-0.014581387918857136
Heart attack,-0.0495814386318412,0.05721450272848668,0.09593077910688531,-0.05405077715121086,0.10769155810539616,-0.08378503435450936,-0.030390368619912275,-0.08053586719607052,0.014238008024867752,-0.03177268706740732,-0.054358024003810006,0.045878071970644224,-0.041701236245962114,-0.03945581418631528,-0.07333464722856362,0.08455855819559253,-0.0447021351715678,-0.012678085944884574,-0.013404977161424315,-0.08534410164255252,0.08043328841541018,0.16124840600413168,-0.026195666378844313,0.021096939236545764,0.12271985775393626,0.12685779544562767,-0.013253548841874805,-0.06695761450027551,0.011070087867983667,0.16896537604294723,0.008333324128411175,0.041661242447840155,-0.15386849736077002,0.009709127195083133,-0.16753098142990863,0.015721452698839056,-0.04175167302870618,0.02285430960311883,-0.1901375531918119,0.010244507304263045,0.0120919197213768,0.10504128521821486,0.024001075317256926,0.09124969518568855,-0.0358572526240428,-0.012416943597772553,0.07128005851555241,0.11635700235461609,0.04448422079650954,-0.0814349322988817,-0.01577519385828173,0.1107373291002302,0.026233514313291333,0.0338457198100343,-0.015351207080561093,0.11925087204922506,-0.057689811741957794,-0.07375214467827557,-0.06937526346469164,-0.0621766965056539,-0.035074771239339934,-0.036069393186169446,-0.025972097823820532,0.028651550638659602,0.01418648259717847,0.039214053280572786,0.07976934699204981,0.038131908653404316,0.07348610197995267,-0.03519287827944768,-0.11138295769871746,0.09219595235830762,0.00720331565270713,0.014061785789868065,0.01304631844345408,0.0988000573091684,0.05245790009494195,0.07320405058027743,0.16013026107792366,-0.038705794652372026,-0.018836499178761998,-0.006865927112319396,0.03171535999589048,0.05371866432947275,1.0,0.11964380366899081,0.17671834283267607,0.13831613442160814,0.030040057160371704,0.0366033622777602,-0.017161899432370637,0.07657235633468663,-0.008366513554052131,0.34229657835858024,-0.008791026658853998,0.07681402749051315,-0.016813295578245138,0.11596275363832104,0.18010241854141001,0.050643744677576444,0.11152428525036301,0.025794685578019165,-0.042069636110337115,-0.10574915174416752,-0.10680781665610027,-0.018940574518416936,-0.03550703020180875,-0.026666722657434527
High blood cholesterol,0.062343410114563465,0.12847483828258602,0.11080697504343834,0.07875366932496738,0.12945746727002194,-0.04027657835130451,0.08724082385544597,-0.033468693271765604,-0.02093492585353616,0.023180596349377924,-0.04050966120461319,0.025141067042065184,7.016310779247732e-05,-0.040180139300932956,-0.04636844498099866,0.03918109430413825,-0.005218456841244558,0.0525932449716415,0.024139297502807053,-0.027119010915845367,0.059150365814637944,0.08396452826110531,0.002408411363161479,0.01027964960172638,0.09232249163188137,0.01631952298189328,0.04139624041112702,-0.037448365022324515,-0.03035628315233369,0.0965672753819756,-0.0009440192068861115,0.06599942206721277,-0.17685362831141918,0.05044766014457577,-0.033221456447950506,-0.04570050143415893,-0.01646201517324564,0.0014538139511264048,-0.04323491821519687,0.13979301481530393,0.044902958291658815,-0.026141438700086304,-0.02576057553704208,0.009244483237001448,-0.008289202183444155,-0.05198254659098998,-0.03575397384180814,0.02053380499600286,-0.014525437386250782,-0.08853075950718235,-0.0217786383757332,-0.010941280967790403,0.030749132024404595,0.031117499114616608,-0.079377102322171,0.03043534159793901,-0.0755530406236462,-0.05374402526262555,0.01866304624567887,0.001262474259292495,-0.03071646111366483,-0.07488584265434015,0.02589883093072404,-0.09158654674598525,0.09565440035598513,0.08779582492958071,-0.0027405446053972945,-0.09838430175260189,0.02357374778515608,-0.025248747336181532,-0.009110367862881207,-0.04406090709949273,-0.04629967715589199,0.0951408108550977,0.017683716640372313,0.16965236917092422,0.012220677977777455,0.027647193547335944,0.0198023631496891,0.0191477030115673,-0.027637093488953317,0.021360226359047958,0.036796361261521,-0.034964055975684666,0.11964380366899081,1.0,0.30776763106377514,0.054532809959410726,0.01805984868140527,0.006137093616025671,0.01883111524588177,0.13576623808044777,0.07444710623025008,0.14237611181790805,0.028575284216432288,-0.0075551968962516685,0.07097348979100089,0.07927634312152684,0.19912091076823893,0.017260820124158343,0.05372642767723546,-0.005801697099809744,-0.029904181631411467,-0.02545160540182148,-0.07794957528834034,0.006224472208677121,0.0452147015156795,-0.023316781688708318
High blood pressure,0.05821578810124093,0.21012777413531963,0.14640353938481343,0.08908106104382275,0.2470562637494391,-0.06340606308246662,0.09046461152240112,-0.0406648650946562,-0.022749187513294758,0.0176886044810101,-0.16951118666687626,0.10866904920870525,0.042716149486529825,-0.11377624692206961,-0.11976382143681821,0.07753508822419591,-0.0658157192332995,0.07890553013706222,0.02891725840393974,-0.05416251993653458,0.0593000967865115,0.2192319585680683,-0.029261328165742596,-0.029593863234002205,0.13012972156854224,0.10796943943780438,0.008718058895275892,-0.0657787398911674,-0.11183090935306543,0.24668871335283096,0.06189400378471574,0.1007812914620169,-0.16696930325720397,0.0967859352309241,-0.2606865453634745,-0.1005466595038899,0.023851197003636068,-0.04874867411014457,-0.26600123977052553,0.037888156816042934,0.09487140615520587,0.08091295593942535,0.03359910964665217,0.15709159603963077,0.04024234619534221,0.0323196495201996,-0.02849994827036782,0.0443356934665793,0.04585433489298185,-0.1788442574229116,-0.0018761196289565477,-0.024443031320994277,0.09492251099955994,0.09616624199836937,-0.0942904599574806,0.011969971688438608,-0.1715545603313703,-0.11141362040533331,-0.046573483981666004,-0.07049243274792599,-0.0001152960946850334,-0.11425621602937035,0.010952776429329725,-0.06686388037014544,0.11571626350223937,0.1219455184851663,0.10263134329381675,-0.020767462146199307,0.1202438026869587,-0.06061522966176576,-0.1539296892427863,-0.07492628676260571,0.029890874722076365,0.14123666334431975,0.026092564578936727,0.20815631398183207,0.10219255074011548,0.046891013425862986,0.1499444804418981,-0.04295919772308068,-0.044364840953395726,-0.00082237055302081,0.03152743783817793,0.020276314538979028,0.17671834283267607,0.30776763106377514,1.0,0.16016484954999666,-0.05378982122842958,0.08511289564295267,0.06943591730129768,0.20370242187842916,0.05886028289305138,0.07895299550498856,-0.012530200589894566,0.07861878175631287,0.01319987728007934,0.14842327234643404,0.3251966224667661,0.06672466321660393,0.13492620685497952,-0.048512000445343796,-0.09597478666876763,-0.01321770352071464,-0.12236092960626907,-0.03443188273134996,-0.04527732653527737,-0.06866649202300219
Kidney problems,0.005781897889667427,0.14078549026561643,0.07976908504846544,0.02145248950314642,0.22657659708782713,-0.07553027661171853,0.025380937454676886,-0.06349548768588865,0.019982382066531953,0.009518618584525781,-0.07914932997125632,0.10333349034248888,0.0017341823764758918,-0.05233652157440588,-0.11190851427403258,0.09154273754165614,-0.09012502418115774,0.014798113183527981,-0.009932355869386598,-0.18056618141151487,0.06832059739915666,0.39072379702331195,-0.05632522408288664,-0.036938242853369684,0.09721570480198394,0.14877590276093824,-0.1075056664365982,-0.16401868271177478,0.0861851639972441,0.4884750179059212,0.03217457414868749,0.05276937490813938,-0.09998221014436266,0.07189792582961398,-0.16074318121332634,0.12077433536084492,-0.07539999717888252,0.011396976379804939,-0.16320314688112228,0.030004163579376852,0.2060905820849883,0.06599068687053922,-0.10431174170840667,0.08804734265301707,-0.0357267473288921,-0.05747062309810118,-0.00034889756857850446,-0.04831817032814906,0.01507162494046779,-0.09368589063291595,-0.03900936233017989,-0.020727247923249613,-0.05282484253872674,-0.0005104678364360463,-0.03045968520879037,-0.03544586217194675,-0.09725463618234399,0.004389251454967722,-0.036708890050909916,0.02242851555071961,-0.026639893481633453,-0.057751839398823744,-0.013841204200106228,-0.006031808895925924,0.04950505097759435,0.025648587837078105,0.09937516952202036,-0.02304467780069504,0.013711823430534604,-0.032943933752388486,-0.06765370484341911,-0.01632016389015255,0.07368769238918274,0.09739668568485985,0.1089620252857566,0.11342224332474864,0.12669670880732603,0.06956224309242968,0.14757279452856892,0.10693407445968202,-0.029981771489164248,-0.0009778240830325237,0.03928499112751092,0.10075547950081486,0.13831613442160814,0.054532809959410726,0.16016484954999666,1.0,0.07139131510665073,-0.006982836363134183,0.055110644796093386,0.043250694457362,-0.022290422187912443,0.11416169990682463,-0.0037851446646234065,0.04195136882925361,0.04800010158563558,0.1276035556079476,0.23168024218178682,0.10158844820570755,0.0443679149257697,0.07147656969664741,-0.06794782841455198,-0.03548875281650979,-0.05919417491478201,-0.0009460142772398393,-0.08366551038746946,-0.04114830505852064
Low blood pressure,-0.030293800708956996,0.01802809064706361,-0.03804754632593177,0.006723971868162665,0.0017567084897509115,-0.04050286511695275,-0.02497102529464274,-0.032519278846698856,0.04481244107046639,0.0037458110400713225,0.03704206396051367,-0.043662528128977245,-0.02253961854884647,-0.02709999408981058,-0.02582396311358751,0.03487220029113455,0.061243749695999085,-0.02235904605902604,0.010130027573911833,0.02292744987787455,-0.02018573689469115,0.024231450703883974,-0.0018032185738768392,0.040141137461917296,0.006601768379002853,-0.042530900113218514,0.006381539025765575,-0.0060611229077155,0.0015431772861770388,0.06636093388523463,-0.05183289117206821,-0.010898186001866117,0.09039759435834563,-0.027561788166532222,-0.009746113709365279,0.09241095376061485,-0.03289568290678587,0.023248785520858458,0.01601914616523092,-0.027167442491219433,-0.009537513960180603,-0.013757657633151558,0.04331148188353892,-0.0699551356024302,-0.006805295778278336,0.1407520105746638,-0.038082679111433246,-0.024557964330419842,0.010597075756297378,0.0501916162541138,0.08186503809112065,-0.06262334883810966,0.009628456624071025,-0.011043097161690307,-0.057054031075678524,-0.04221980553652898,0.08647831536085444,0.00034190477501247577,0.03346719649372564,0.026363686734288103,0.007856853267984723,0.039326972197311114,-0.02293633773498038,0.023421614108224915,-0.006924970182612803,0.015093287978551638,0.08383424756078148,0.05941732156280767,0.06801773858593248,0.04821160447393916,-0.08728436020384281,0.0942039609057603,0.039450336757403136,0.07460671178499133,0.04101855211548911,0.014174568196170714,0.05714989535187059,0.07695005288589603,-0.05035441551260403,0.11941217976479651,-0.056302513810878876,0.08767106458135715,-0.0689731331781045,0.042276804661198084,0.030040057160371704,0.01805984868140527,-0.05378982122842958,0.07139131510665073,1.0,0.03611778812236292,-0.01890797777177399,0.027692211398849382,0.09834601823532617,0.0667789541003876,0.11452511155785458,-0.021408548135714436,-0.01852390641936147,0.09610763148142136,-0.016483127876216263,0.11717340517261822,0.06789839380655907,0.004589612294576419,-0.018687981770920386,-0.06295918529429939,-0.014619833025501008,0.02269179067923702,0.0396623727587342,0.09943722195494947
Mild cognitive impairmen,-0.03714633797684745,0.005646234383562166,0.0017254514816853834,-0.016208541474976662,0.020555680492284758,-0.04762976068845907,-0.025608909747991137,-0.04495854863432239,0.07593317073541976,-0.006667270704418918,-0.01629131497483816,0.020180194156955693,-0.03195362727443999,-0.032013192805169705,-0.06341834017488926,0.07065775225431653,-0.023657237236423937,-0.02293476524741711,0.017743373088487766,-0.05080710881659144,0.018907061417983435,0.060604608324110444,0.07741096007645748,-0.04488918747465986,0.06812074010382305,0.0054857177199378795,-0.024744941922325032,0.032266608173239494,-0.08351952732947314,0.07267981207471219,0.003351328617465231,0.024289680696650186,0.053761580332901,0.0763947410067436,0.029146214219048255,-0.00917509060902889,-0.026287376951299173,-0.048534168496936154,0.03516298432426943,-0.027769351583784855,0.003584038593159829,-0.005026956590808489,0.017657459124291463,0.05377227522885616,0.015280809917685717,0.0009299506763398397,0.031124820723699508,-0.02251340546193123,0.07865667260443333,-0.07413072165070692,0.12830721004034779,0.006790446302413475,0.05296842422397685,-0.00879341703578761,-0.000788208137451534,-0.02950491096742179,-0.011804268414966087,-0.08506518787268151,0.0032127469080795203,0.0388670284559843,-0.020755046183689212,-0.02260276617136314,-0.04518846782817422,0.009782456212059356,-0.030551826266255327,-0.010580300330774195,0.001813459890882537,0.03840041544810909,0.014257227092599734,0.02310180998796849,0.016287477206918158,0.056629858626910015,-0.0035398000422738043,0.12613992769650204,0.045320194770418314,0.11865619951748362,0.07306951743074865,-0.0029225489615732777,-0.03977781820340125,0.06035256572025,0.012913902077328643,0.09596093919208304,0.03903624104882078,0.24722020323475197,0.0366033622777602,0.006137093616025671,0.08511289564295267,-0.006982836363134183,0.03611778812236292,1.0,0.11993614872227429,0.049647000225979274,0.10227358384398062,0.0833663674053325,0.154529875634906,-0.015530570745369772,-0.013437942512625268,0.10688036425765851,-0.002955869915042371,0.1528278744905078,-0.048714156966280224,0.01054605651850336,-0.005163793885570624,0.054373713267440456,-0.08384549057965947,-0.030237892615932405,0.035910666487379415,-0.1293487090342438
Multiple sclerosis,-0.02954541648314343,0.11463778858719552,-0.030487758061485033,-0.01689586379353088,0.1151924992196117,-0.0222107532078193,-0.023661073048065473,-0.0282454149873205,0.023297578926567197,-0.0002879837245716868,0.016904794327401468,-0.03371500228879666,-0.026968514621523717,-0.009626713783809039,0.012068600470332147,0.006071168421711882,0.028529165774568252,0.08019107749587108,0.16077292507107754,0.03023210106658656,-0.052901964940266534,0.0014002295709786862,-0.021049437471639815,-0.017549693829166702,0.003555650713741708,-0.021465926333826286,-0.012788936268411818,-0.07324564576039867,0.015135887598631059,0.011661043533167749,-0.025423708794092413,0.15964098653596034,-0.03745600537697967,0.06708497892532214,-0.05640447340959809,0.021975847336102892,-0.00519774348793642,0.0004627606839555284,-0.05837793297085802,0.005060638489988765,-0.007610248758853368,0.00546079094319263,0.005964631994288009,0.10803246833852483,0.024064454678156412,-0.02038833909414016,0.02761112928343346,-0.025876535478668528,0.02502002186496747,-0.10697645006217966,0.08439497215391739,-0.0043818563403390425,0.02966225251645194,0.05797767501933826,0.018339924915570165,-0.015069211659939807,-0.11004241139865967,0.01783777158290996,-0.09722758862112367,0.025324110819912045,0.01709118767140173,-0.044268287585236966,-0.03786405236434645,0.03928755041671555,-0.007357870078150704,0.009637327147139364,-0.02719770436085981,-0.050761930878915125,-0.07440702100094043,0.012955781013770205,0.008983899251623483,-0.021084207747080135,0.09596701807005532,-0.016926918346796074,0.02840439682353252,0.059055580105790574,-0.030411978803542333,-0.020608171239479042,0.11385496207971718,-0.04208539124056692,0.05781855303949457,-0.005423227410114259,-0.02308231065342487,-0.030657625576931094,-0.017161899432370637,0.01883111524588177,0.06943591730129768,0.055110644796093386,-0.01890797777177399,0.11993614872227429,1.0,-0.006774819422794409,-0.02761811643712669,0.042118171593029705,-0.02333570242972779,-0.00627354547418361,-0.005428232150293249,-0.018013422534725876,0.04655622203166745,0.02704655072887747,-0.0014170035841303775,-0.02858257842200614,0.005284720790493776,0.019140382531982893,-0.05204459286795302,0.009389647285384668,-0.1282229748996222,-0.08573007577156155
Obesity,0.1752498860542496,0.12512219234016367,0.047137734312904016,0.17260135922387898,0.09113309803454887,-0.01958100102297641,0.20966867882873833,0.005682684393746314,-0.05200840184496254,0.058917060015601624,-0.09060319949555105,0.10178783567388336,0.0773851003027104,-0.08429372276587135,-0.1629853363975792,0.09113989861233508,-0.21102080593997652,0.11142335755368625,-0.005580887314317133,-0.19063279904569091,0.16643060236113935,-0.017298879686030624,-0.10574446406585329,-0.13326102333816967,0.2278036900923897,0.2718267573500686,-0.001182549073465461,-0.10558596250133048,-0.08294264421742785,0.044257147674854155,0.15868805502274588,0.09049775705655165,-0.22590277257480668,0.20409203760667555,-0.07743587886339154,-0.06129831139138923,0.03132995878297216,-0.08352052773136553,-0.10239698828052014,0.1286093580933081,0.06306190370494696,0.14494982937247813,-0.005969017571976872,-0.018703465508371465,-0.08619386032833672,-0.061366827086990684,-0.14622953210084558,-0.06982089715036824,-0.03295471591332108,-0.011137206889551556,-0.03289048327870798,-0.11701748474526777,0.055456934609962844,0.0762213712510909,-0.2041112748041663,-0.03416944784079938,-0.01636579219776688,0.049008795839446714,0.031059015782172576,0.025298078525716895,0.030646212608479002,0.034141611606490284,0.10639163613682456,-0.048972113448530884,0.16099901163403627,0.009895078378077304,0.05093833802878528,-0.1124029572073326,0.09501141022218247,-0.13715784403336,-0.12550748633750414,-0.17242867664294625,-0.024617838353093092,0.1700600240599739,-0.06654821518926048,-0.023663282477315202,0.08383899021814731,0.12100315682863709,0.02886132207066911,0.04010668983890495,-0.033883889424785305,0.04268127098192547,0.012604223911440383,-0.048809945466565204,0.07657235633468663,0.13576623808044777,0.20370242187842916,0.043250694457362,0.027692211398849382,0.049647000225979274,-0.006774819422794409,1.0,-0.0029814393300913403,-0.003142685824869723,0.04987447673563174,0.0110027692140037,-0.010599180760429348,0.020482030735941518,0.21035536856496465,0.06873118856665483,0.012258027916384933,-0.03210366253101031,0.042149566181378016,-0.03473290619430123,-0.17699620324375762,-0.027863046931591605,0.05064805766215953,0.006017149054593031
Osteoporosis,0.009631254117449636,-0.056969087877889416,-0.011552499682728696,0.016644014225238587,0.03342790997649347,-0.07330879297313268,0.028120843152992982,-0.07024827695622382,0.028692333829619533,0.040051996710027696,-0.005789271657478367,0.04441892238765826,-0.06143735290726092,-0.052455505721280195,-0.053971672787462295,0.08084146887152673,0.027837677604514655,-0.12890065023673192,-0.049436248766578476,-0.09956206618098488,0.03399268335286236,0.024432567744138028,0.08126060646956688,-0.09864696866626331,-0.06236688828610021,-0.008017764835433785,-0.023037675216739006,0.01722474685803996,0.008130461483290101,-0.013441834056760395,-0.07726134462252536,-0.03029044842608013,0.22160973726782798,-0.07501996025475269,0.00198491491825327,-0.04959400272435045,-0.1260754079131475,0.05168820117628414,0.08258732659240928,0.0004806870822395734,-0.018254146800537076,0.012026492809928608,0.05258560024746011,0.028490052917356182,0.013555784013786884,0.02149338840122987,0.03780233884981748,0.04579498705933148,0.04371314968181402,-0.09092952861756688,0.09330035066691769,0.04064546699867672,0.030297236657718645,0.0512973858257323,0.007263648831463226,0.016265615149655067,-0.02336278301880256,-0.07809333433972225,0.0059973664079612425,-0.05766833124335624,-0.0452759667159794,-0.021779580473144933,-0.0771294329788581,-0.09638469766641093,0.026844775356074144,0.009656936962422312,-0.06974128212162867,0.022156597240495995,0.08525934565463185,-0.012157050994683699,-0.023980456356477463,-0.0002568889635969746,0.1445044271288582,0.22025436218506375,0.07456355412331366,0.22244089895532518,0.15339466440479615,0.09439234175462212,0.05425200776007526,0.1120226811665217,0.0059675727268347885,0.12314215650202155,0.1310126072337717,0.04870807397711277,-0.008366513554052131,0.07444710623025008,0.05886028289305138,-0.022290422187912443,0.09834601823532617,0.10227358384398062,-0.02761811643712669,-0.0029814393300913403,1.0,0.017549884083872286,0.14649006247984478,-0.03127059817283249,0.04747727618110395,0.07871838821454007,-0.015226979474689784,0.19166828132559674,-0.037368482705671224,0.08775717358130203,-0.026916823820411166,0.0020780803168323264,-0.06873378225480306,-0.045364221432056276,0.014711209574037357,0.002585955052767527
Other heart issues (pacemaker),-0.04894755477681057,0.06862671017717185,0.114808328809539,-0.0357106557729081,0.07618415374986151,-0.09377443449156907,-0.03334340521633539,-0.08574355087329635,0.016455461364717004,0.01523998424281355,-0.030142668986266826,0.04853813859862874,-0.02892608804772784,-0.03504964896294846,-0.07877426720692163,0.08147456158392818,0.04807262338255132,0.00792337970532151,0.004760932023653149,-0.07921955395496652,-0.03219498285625474,0.1283554478387518,0.026117220465339232,0.09719231000456074,0.053940310885003805,-0.06106722301364504,-0.014190781753407515,-0.020872950660436693,0.03596261084382817,0.12865119852155313,-0.08509291684390675,0.05051932925424684,-0.10805923673929635,-0.019956911147621114,-0.17081650094560144,0.06541177486343258,-0.12132266386713621,0.0241641418404612,-0.16534531351346593,0.04622832297121534,-0.013390871342989568,0.06194201706851093,-0.059957312520079235,0.05595863549612606,-0.06850555896247097,-0.01893071251878959,-0.016128393330446054,0.03265859274443422,0.06323547656590713,-0.047542507325622735,-0.02877258251289251,-0.010280137078376893,-0.06542001244908034,0.01730890069897554,-0.04743868793688314,-0.02316993925165312,-0.0584135490533335,-0.0022499861628689417,-0.02281218649039058,-0.03597920954482851,-0.042686802821076904,0.01399702755054089,0.01744614741637164,0.0804209007435651,-0.00352991328374275,0.08361136479669709,0.15144447248985587,0.06721650418528374,0.08404194886973373,-0.029995581353128915,-0.060899183431843376,0.02038762604230316,0.03285080232108564,0.024037259204609862,0.05336622984970077,0.1359020363615733,-0.013586968809555507,0.0894295185714605,0.08195376627568957,0.03570383756641797,0.04687106512331476,0.010947266391690889,0.026266589536266403,0.1165380514868033,0.34229657835858024,0.14237611181790805,0.07895299550498856,0.11416169990682463,0.0667789541003876,0.0833663674053325,0.042118171593029705,-0.003142685824869723,0.017549884083872286,1.0,0.019050947881093523,0.014463198620962903,0.03511521519400249,0.13027381523109577,0.10690986252847319,0.09853566197409838,0.10266189975620477,0.03392887620303594,-0.026862866284508454,-0.11873569615414789,-0.047566508443141683,-0.025573737096462965,0.04383635378831394,-0.08368210376876425
Other neurological conditions,-0.026867727329889096,-0.022546824678965634,-0.06442959599199437,-0.03108964556952613,-0.03926003976661898,-0.05097693874179304,-0.01306565823466267,-0.03556948002322355,0.05925023167698538,0.023881276764333874,0.022364724605633105,0.055931797307351386,-0.025803503695285605,0.017510134186207758,-0.07830628035085656,0.07674653617591494,0.04280472744931025,-0.04308625966476785,-0.0625258192318073,0.02637965796431049,0.05914155532999266,-0.007201009613257074,-0.01591017591174386,-0.006233769570029609,-0.0013073237250477835,-0.02664195246579503,0.051525942544341494,0.016655269493155746,-0.010031218092972109,0.005092546664202455,-0.02791430791281256,-0.020834555004467896,0.019363016709689915,-0.03811098688928278,0.04211272054893873,0.06535215151526393,-0.00963230020081573,0.022237551247075004,0.0788125173277133,0.0972524200971152,-0.025041821430991727,0.0010512447236009266,0.1326863952279828,-0.018954972097895068,0.024007881482920337,0.057279442034874666,0.04093178238458695,0.014704633336553512,0.060138878717410055,-0.026491181550770116,0.015926069650681392,0.014315905573046845,0.046914892058088166,0.016215175821308186,0.0340736129586326,-0.009030408858647256,-0.011407970635775977,-0.00928674704074684,0.04122815054043458,-0.008626029474956018,-0.012394523194554988,-0.0033880750858611927,0.0683822216345158,-0.005433456966696435,0.026155430277397432,-0.038553792890610415,0.006997399371511889,-0.00042576863041871276,0.040769530189408425,-0.008617643344632735,-0.030720003789562786,-0.050329128336740664,0.03422331533346835,0.11897484314731736,0.06085865995924155,0.0553125957784193,-0.02001800519394351,0.13841773323426027,-0.03397934054244682,0.1723976421226328,0.03436678360941296,0.11446280338698472,0.09931253630530804,0.13182848761053365,-0.008791026658853998,0.028575284216432288,-0.012530200589894566,-0.0037851446646234065,0.11452511155785458,0.154529875634906,-0.02333570242972779,0.04987447673563174,0.14649006247984478,0.019050947881093523,1.0,-0.02642183710905981,-0.022861692205056322,0.06937331555024533,-0.006408256671545404,0.03231481704383408,0.004976510871917054,0.06882878641302505,0.001928353646194643,-0.0640957143668812,-0.014693268047279743,-0.08995943859890425,-0.0005973795522891527,-0.004811976795708193
Parkinson's disease,-0.04338834176115956,-0.0031249911740804746,0.14619228950649907,-0.05707292480337286,0.025230155755554512,-0.052031066286023046,-0.03527424247025521,-0.023855955987750255,0.0017595511864907931,-0.013573864998915483,-0.021631066912891718,0.02889861363436959,0.0005386286039968536,-0.015819517630035394,-0.05076730784809572,0.04127812107284544,-0.012102729971642714,-0.049881880924291105,-0.009523281097847253,-0.054544824769710426,-0.036521939342989654,0.044490082436841424,-0.02076964810930206,-0.010484678096511256,0.2057697372579831,0.009105410661899889,-0.011550450135655777,-0.06616493802697306,0.026886794922332077,0.05294930430923789,-0.021131075837721836,0.04432185688166958,-0.06524991868144665,0.1775087570003988,-0.09242560387794434,0.016432069735190274,-0.05021672888620022,-0.018154924966512047,-0.08927242788313158,0.03583094367734923,0.03161623558901179,0.04888757089361485,0.1324125610999652,-0.02007933705097154,-0.03289589534713999,0.010345302660573298,-0.05557576592506391,-0.012674162521741389,-0.009525660186502824,-0.004259368204348341,0.03463956215614143,-0.03475837056262228,-0.02950708707309621,0.05242164813764801,-0.018030765238342517,-0.007264347701321649,0.010106104895709914,-0.07713121988771954,0.02703204078993506,-0.01572189984489502,0.019351488476252846,-0.06004198637517191,0.04268925547588249,-0.018615729624136504,-0.013176512746992565,0.007862575457628765,0.10818544946254936,0.0320302654807699,0.004344545054861568,0.0045463996594563676,0.05185689765492958,-0.03104749993711548,0.04655496632782004,-0.03638921560410256,0.009702855443309396,0.02844799404236506,-0.03443394740445983,0.07908949673199475,-0.018193184564179996,-0.035356273833805095,-0.027095396056942323,-0.012966092733137053,-0.026134934400284835,0.08496019177666643,0.07681402749051315,-0.0075551968962516685,0.07861878175631287,0.04195136882925361,-0.021408548135714436,-0.015530570745369772,-0.00627354547418361,0.0110027692140037,-0.03127059817283249,0.014463198620962903,-0.02642183710905981,1.0,-0.0061461130684670896,-0.0203956884273119,0.026843499351534135,-0.0049716704301230735,0.06650683379020811,-0.032362609760617576,-0.05358345351644272,0.0072979695501368584,0.022730762979852732,0.024068836476506834,0.016424465009288628,-0.15030428925164535
Retinal vascular occlusion,-0.017132298244682435,0.027197701232462835,0.0413254561935549,-0.0026237480565264,0.014552182261763958,0.017209226359530774,-0.01883203110725889,-0.014441273783594995,0.0010535094971048718,0.03166958508169163,-0.043763239510876246,-0.028891449733965603,-0.02789813822461012,0.0619882460039346,0.020484414902146163,-0.003587217576056348,0.01028847262991155,-0.020652932449457317,0.02187006109825355,0.01585401641456061,0.040727790319289865,0.1014484077710619,-0.008125650229014658,0.010764481097283868,0.0186808895488687,-0.004749368528167205,-0.0036935615696866682,-0.021909405076604514,0.029997368082699653,0.18078891292781119,-0.003922600808502689,0.0033604515111438724,-0.041129280903105477,-0.004147510831231073,-0.02528141963405015,0.05093681341363447,0.005643956725872519,0.049748284716610226,-0.046978896211685287,-0.03264949437417643,0.030020922240987756,-0.026606013591709197,-0.011568670965182675,-0.03612417526513605,-0.01018068001922418,0.015781409287664434,-0.03489869758041768,-0.005668692314810412,-0.014439424064056097,-0.034030194077337615,0.052438804693399864,-0.007660918178639122,-0.011234387231662164,0.024338815374886715,-0.02189762446536992,0.08261631090621621,0.02062527378680738,-0.1672717656155225,-0.031537321267731164,0.024809710728656918,0.016744020161341855,0.023436776938490524,-0.03709493268508052,-0.10710225766760847,-0.05075037243842172,0.021678705209336274,-0.01298735621058149,0.022174306507590925,-0.042483923290377194,-0.00865068837683939,-0.003099383192012397,-0.06527009980501108,0.08571071372898571,0.028309759767825907,0.08636320767667433,-0.0032500417928806933,0.03095531801157757,0.07434093487686674,-0.01574178903682082,0.008414616155497235,-0.023444494123215528,-0.05408471317738682,0.07405477920215094,0.03036772102334771,-0.016813295578245138,0.07097348979100089,0.01319987728007934,0.04800010158563558,-0.01852390641936147,-0.013437942512625268,-0.005428232150293249,-0.010599180760429348,0.04747727618110395,0.03511521519400249,-0.022861692205056322,-0.0061461130684670896,1.0,0.18172201791907006,-0.006556097947997729,0.021735974764878714,0.03865651110719124,-0.028001990181291944,-0.04636348398184663,0.02852349359371899,0.0021158103754646196,-0.03607801887293984,0.014211391211185738,-0.08905711697440208
Stroke,-0.03693481244981524,0.06417547260522571,0.014363190345541656,0.0006096957094643234,0.07421885313734937,-0.07324993714883274,-0.020282858599488685,-0.06487239021033371,0.0253959940303017,0.03843105710412276,-0.0009854108173161702,0.006664298661608736,-0.04976956574712384,-0.04270291458460425,-0.05786742756325548,0.07685067853170538,-0.03492395428927384,-0.00848589002185044,-0.015602282787570278,-0.07061672563789492,-0.011518251619222784,0.13312684964650814,0.006721344637137524,-0.02890167800414406,0.04389828820827289,0.07161150910200023,-0.05614113756595684,-0.02612984683226451,-0.02670894525402165,0.21029956322613966,0.02707977035501646,0.04164954306662008,-0.08086085954834672,0.025819012540370813,-0.13073945478268,-0.015474391562961976,-0.016593469026603656,-0.024141282064032932,-0.1470018856053767,-0.02115954160367058,0.01094909880972145,0.0074374599666648215,0.014979388313318853,0.0357657528389135,0.02289236794266597,0.04069701564249993,-0.02498993558749044,-0.025615827178549273,-0.014281042421837047,-0.08435125287291789,0.05377508080517018,-0.04032719179409457,-0.023204594693976555,0.04015062895828752,-0.030385827592295498,0.015615430827113386,-0.021521617058867643,-0.04567281302704345,-0.018239088406884412,0.015002447421951294,0.05205274508411589,-0.03017730685161598,-0.06045658716841775,-0.0284630019596228,0.002227755031875907,-0.017004422469616642,0.08560999425095023,0.05751535387764975,0.09091128882872428,-0.0047497111212081115,-0.0605130875092591,0.01719339037428774,0.12929880559934281,0.07862037297552513,0.06108393634658273,0.09488103256514718,0.09939686089323589,0.09422408914096705,0.03190243842154033,0.06121037897076014,-0.014930567345677895,0.026054601113424888,0.08854836883151083,0.12210791581293032,0.11596275363832104,0.07927634312152684,0.14842327234643404,0.1276035556079476,0.09610763148142136,0.10688036425765851,-0.018013422534725876,0.020482030735941518,0.07871838821454007,0.13027381523109577,0.06937331555024533,-0.0203956884273119,0.18172201791907006,1.0,0.07042415381608082,0.12012774677248951,0.10455594198562489,-0.023778161966920824,-0.06441925085648424,-0.032484565959939427,-0.13744471449032658,-0.0292822280656795,0.021483829537196065,-0.02877475649276628
Type 2 Diabetes,0.23327810258493079,0.5026259759630264,0.15439148147001067,0.22763830955673045,0.5046888911255323,-0.0016288980876296593,0.2659284457232756,0.029344225043156508,-0.04521583150309219,0.05054134360752911,-0.12516586916492736,0.10592512535654122,0.14213790501542056,-0.07445953114147742,-0.1394142317654623,0.03493191166347059,-0.14744351558358493,0.04721872666117928,-0.01627504553663636,-0.13987516822706897,0.15753069144096615,0.215258297536782,-0.031615779874532145,-0.05474702788189758,0.11448588148800859,0.16069455620886497,-0.014705029993011692,-0.17747092106672857,-0.12290008661833209,0.25595183663236765,0.11102390456612435,0.41090709432534656,-0.31137892165383096,0.11796471253226387,-0.3766703554586589,0.0012583938993032079,0.01817424084335722,-0.16210888113461025,-0.3948624620003379,0.10371628964953053,0.11418262055587056,0.08523875213934731,0.019154322340831496,0.18813926170969897,-0.03182088629052712,-0.006748541413148818,-0.012949518477900848,0.07385698468344495,0.06175936306164489,-0.22775197317030915,-0.03545034004433551,0.01385716258554819,0.08335617370403035,0.059471078503608374,-0.13037466021385963,0.05284086946815852,-0.15582623445955757,-0.1027851632317296,-0.08969468301149698,-0.11763291050874183,-0.10305355245837439,-0.08684525723358548,-0.04839912204073566,-0.07206416498934172,0.26771617046879786,0.10767795556174999,0.12628077362572926,-0.16333140016434788,0.1501123068037721,-0.1112797105307855,-0.14397242274502858,-0.09422472961648408,0.03788194716365571,0.14609376000001725,0.004477404271490131,0.17658432578413422,-0.03066872682499742,0.08359145443075962,0.2577067116696622,-0.00022743302254657775,-0.0970639710936779,0.09048400195199231,0.10931638224927304,0.03099775710288328,0.18010241854141001,0.19912091076823893,0.3251966224667661,0.23168024218178682,-0.016483127876216263,-0.002955869915042371,0.04655622203166745,0.21035536856496465,-0.015226979474689784,0.10690986252847319,-0.006408256671545404,0.026843499351534135,-0.006556097947997729,0.07042415381608082,1.0,0.016898244541496774,0.07981814939347102,0.06559984021243642,-0.10771971801342116,-0.02850578499088727,-0.15035814221664048,-0.05972243857742775,-0.10764229951290324,-0.08709017593448717
Urinary problems,-0.0655935807539476,-0.013955256921088306,0.0040761192069546145,-0.03389408966267496,0.016273545196148837,-0.06952025981928606,-0.05562629224182243,-0.0741093537063839,0.039844938855887795,0.02443607768165655,-0.039860110346044454,0.03408481865365712,-0.062110879403802,-0.05171095107987773,-0.04445477095535722,0.07347993835359279,0.007948911559069129,0.001787373746537263,0.01618472956348046,-0.09101690973923228,0.015397131718704108,0.11244309831437918,0.04641321421419414,-0.04600345415996603,0.04552088130930079,-0.06547336903391461,-0.08495254223640829,-0.05390008452473437,0.06979114534350812,0.1160138278769732,-0.05453943702942048,0.07440003270824058,-0.03976496588089665,0.016209803754067453,-0.04194660712828375,0.05528397147160873,-0.10094254791422126,0.015977924997501537,-0.0546671851798914,-0.02069184297782497,0.028243158429173583,0.014641860067929082,0.002134038346942721,0.06599634591860108,0.010071596049085677,-0.01804487137397323,0.05373499787892192,-0.05167326634273607,0.057875965101117165,-0.07609400882635055,0.007717995005605297,0.021013958409514866,0.03666685793152846,0.017305959261684326,-0.007855361766841968,0.039696013840484434,-0.04109635486613353,0.017502507712476415,-0.0655218537464578,-0.018671388324688808,0.05211929252622801,-0.04086311885386619,-0.017360642585284643,0.015474183799207373,-0.016812250918124348,0.07386368777480871,-0.030004965416214384,-0.01601148710041049,-0.05004156925114022,0.009870982226645404,-0.03592954488988323,0.016274733417283714,0.09483358554627602,0.13576039771191387,0.08946591541344835,0.17137064273060887,0.05961111744449003,0.05383960993024125,0.018990063129700918,0.16810038689252352,-0.018385789232634807,0.11428944680189124,0.018667195293595472,0.14676984994935954,0.050643744677576444,0.017260820124158343,0.06672466321660393,0.10158844820570755,0.11717340517261822,0.1528278744905078,0.02704655072887747,0.06873118856665483,0.19166828132559674,0.09853566197409838,0.03231481704383408,-0.0049716704301230735,0.021735974764878714,0.12012774677248951,0.016898244541496774,1.0,-0.01165109303036291,0.031672593060781386,0.021047229919656907,-0.03534161392320951,-0.05071520587179538,0.03650575987060171,-0.08012193304414102,-0.05153151853369265
ABNORMAL,-0.0907016775151196,0.04496349451580175,0.01566847296165097,-0.08517049063497649,0.04496125637465565,-0.058559308744470316,-0.08660976441687585,-0.05416740027508878,0.029287757869000765,-0.028131703179905123,-0.037109889837858755,0.004718387832390575,-0.042666196287978186,0.010618004728435163,-0.03947661281655056,0.055456380427994195,0.06047145996402322,-0.01109083918943521,0.029382039306583865,0.01772246260337038,0.0073302695737440466,0.09071663385255987,0.012798930074033642,0.06027144637005777,0.00512632863096715,0.03204284038368975,0.009171450358674504,0.0024687880303468288,-0.011237030763058382,0.09908583829344615,-0.043655821580280585,0.013007732287870832,-0.0277620441717451,-0.04088808161660052,-0.08185210614740317,0.028374345109880416,-0.028620903560389363,0.03710631346710206,-0.07350094939453856,0.016661764703330046,-0.021732721316072248,-0.03535264845439407,-0.01834636935321881,0.08450899318221766,0.042186655615262504,0.0786541443037047,-0.0045278409624431885,-0.01932576038408361,0.026528631852813903,-0.009391869674915104,-0.06255086974227,-0.022129632709820494,0.018768851597011207,0.0512390059736602,-0.01856029291621764,0.06242706824205555,-0.04546055983376766,-0.07547455200765912,-0.06320535503556708,-0.01798334399517177,-0.0006864112219180501,0.08082698141832155,0.003422903571495287,-0.002124416220054988,-0.0009149362667593962,0.21225027620837483,0.3718990088854554,0.13667623998830664,0.18672394835219072,0.02528989609684087,-0.24933161001268364,0.10013503498411859,0.08688740410780803,0.005795265458126366,0.0659489484737353,0.09545965271293397,0.09835580258865821,0.015546050580156276,0.07180038736340776,-0.04236047033988497,-0.0061200278987563975,0.001536297447470752,0.043694266771229964,0.018256060083945556,0.11152428525036301,0.05372642767723546,0.13492620685497952,0.0443679149257697,0.06789839380655907,-0.048714156966280224,-0.0014170035841303775,0.012258027916384933,-0.037368482705671224,0.10266189975620477,0.004976510871917054,0.06650683379020811,0.03865651110719124,0.10455594198562489,0.07981814939347102,-0.01165109303036291,1.0,-0.29375721074187966,-0.4863799910865712,-0.399723943600047,0.011962625476659532,0.034547914858691985,-0.0260660178897563,-0.037450339907121134
BORDERLINE,0.01956462931767448,0.05695557910680659,-0.01761645115779877,0.0168485558485652,0.04951075971297366,0.005770786726943285,0.02145685270464782,0.01674606238234719,0.03212055121006879,-0.03535048760673843,0.0502676778411068,0.009247999129800446,-0.006426591314525065,0.001806777139319164,0.0012514609773128722,0.0025520399200423963,-0.06217070789492982,0.009635952942681776,0.020373456528314345,-0.03259113543524002,0.07801248257883545,-0.007163094503238197,-0.026733933465561226,-0.05529336872509019,-0.01793008123298217,0.0340924090148425,0.019447874126024608,0.016039229318452013,0.008339097916618968,0.012188348190435534,0.04684340173668094,0.07193482984274255,-0.02596014227962275,-0.0310821652731118,-0.020670613298972608,-0.014425309492888356,0.022890796675809396,0.0012936967286329534,-0.04577053126705533,-0.061033658131868056,-0.031836495514323396,0.044850142339997186,0.01639330283669739,0.012887014751611015,-0.06340951073308179,-0.025806874997768355,0.03946526241487623,0.004583957562240053,0.03973449273316659,-0.06417169113738153,0.025953053793663448,-0.011295421174555753,0.031590934085143504,0.005459827643598887,-0.024637182401937283,0.052414791649229964,-0.03837898077691639,0.007862636966219213,-0.04055033797537283,-0.07078717096317164,-0.10855469933174919,-0.030789118250310502,-0.00899620619619975,0.015568643637819774,0.0031932577294875534,-0.018105730283947834,-0.09108222693479513,-0.01700093745660479,-0.015678307788885366,-0.10718839810110552,0.02178727241555009,-0.18152741216807,0.03397662842821561,0.026263983196691938,0.06235309626910671,0.049623763010914916,-0.09856611411232127,0.057616937688078525,0.08316494138960662,0.019646324322171005,-0.04207169662586324,0.016679096790181674,0.0276068082475172,0.023282563339696607,0.025794685578019165,-0.005801697099809744,-0.048512000445343796,0.07147656969664741,0.004589612294576419,0.01054605651850336,-0.02858257842200614,-0.03210366253101031,0.08775717358130203,0.03392887620303594,0.06882878641302505,-0.032362609760617576,-0.028001990181291944,-0.023778161966920824,0.06559984021243642,0.031672593060781386,-0.29375721074187966,1.0,-0.2441288213432375,-0.20063353139948853,-0.04927253147097992,-0.07573591824093585,-0.09004994621343479,0.023777039837789112
NORMAL,0.040653748333876985,-0.08008223117860469,-0.0012387058587393384,0.018911752485383567,-0.10409490754882691,-0.000622017845882007,0.05104192283483113,0.0022803678352131106,-0.033209003157835364,0.02332920397529939,0.01020994793455321,-0.00957502397822107,-0.027828675307983747,-0.02467080049094156,0.008433616940183887,0.010222044715183023,-0.00726308008566545,-0.042682571903643454,-0.06789751147971776,0.04750728437149647,0.01636894409811349,-0.029318706445802336,0.0037163944395097567,-0.06329483452379436,0.01366160185758258,-0.04653638672111869,0.036823859369209226,0.00849832604589373,-0.013375373353881085,-0.05229385732689465,0.01871218370679734,-0.060998829226413934,0.022503974840605206,0.034330693165131924,0.11179791273633805,0.04823871606193186,0.044011125958903496,-0.008293740507586347,0.11615928697460283,0.031505984537953474,-0.03255127764744848,0.005793932269321566,-0.008251339002240208,-0.04019239568563979,0.0521350922175383,-0.04064959230426003,-0.04365339107719757,0.013717849292184718,-0.006618222529229398,0.03965306447362338,0.06516517134880723,0.001967438661949045,-0.0002801502156473902,-0.0426209695634159,0.035160380587822414,-0.08273852759659735,0.06334774925295902,0.08600188120907727,0.05211694142651668,0.03694376297476637,0.02363036203357367,-0.003789283739460188,0.03505991428830758,0.007891039848033786,0.009660270823723545,-0.10910434208449941,-0.21918590484523867,-0.09628689542582493,-0.1016534456627616,0.04455364926875591,0.11383967987733705,0.022531558775606014,-0.0582133510165524,-0.004971982174976467,-0.08911495984954516,-0.0440036230102254,0.019718585689596065,-0.03781959972704333,-0.08059505545487552,0.020051433847869907,0.119727327096129,0.07992193999334977,-0.03367065617255689,-0.015772413138098525,-0.042069636110337115,-0.029904181631411467,-0.09597478666876763,-0.06794782841455198,-0.018687981770920386,-0.005163793885570624,0.005284720790493776,0.042149566181378016,-0.026916823820411166,-0.026862866284508454,0.001928353646194643,-0.05358345351644272,-0.04636348398184663,-0.06441925085648424,-0.10771971801342116,0.021047229919656907,-0.4863799910865712,-0.2441288213432375,1.0,-0.33219315695197227,0.02287736518278633,-0.002433460146174127,0.0850053348037171,0.009436191153565985
OTHERWISE NORMAL,0.04584643298426201,-0.010964318116884988,-0.002692854249195647,0.06554116669065137,0.021596591127002095,0.0648325368886473,0.028033386443669636,0.047518759904306235,-0.023990875272573764,0.03616346934085528,-0.008614612920189158,-0.0025255282760167793,0.08610253234538646,0.013257080169535097,0.03609137712308045,-0.07855979522552142,-0.012398805112929965,0.0522668775246926,0.02374078348588375,-0.04667039641088776,-0.09028020905808126,-0.06847890205528374,0.002648708770871086,0.04403775572809294,-0.0064786897643643445,-0.014136436578219941,-0.0672599860929045,-0.025354274040793427,0.021167348651567417,-0.06875274559552844,-0.007505137346573162,-0.0066559187559317055,0.02898302781154043,0.035546066277363904,-0.010233068963547148,-0.07481218158003154,-0.0335607758746497,-0.03553389709433397,-0.004398587327199001,-0.004582527459714769,0.08741655653403818,-0.0013923755193320712,0.017307127175971892,-0.06553269796187945,-0.05541244119822852,-0.02659664731588648,0.021300917474759325,0.003852823200865558,-0.05628689058379428,0.019621626281783613,-0.019499175667581733,0.033058119038122794,-0.04751521915279366,-0.01768085049370612,0.003124107592397526,-0.024864859425599767,0.014862702847871227,-0.012539604590364595,0.04988528978195516,0.03810545147170924,0.06324706823268768,-0.06574985502146875,-0.03536430686761344,-0.018900215181393013,-0.012184023851873248,-0.11443947685939086,-0.121217281553191,-0.04062258247137743,-0.0946249659858704,0.008510842281042794,0.14981287254204503,0.005413815069006285,-0.06564496930304019,-0.022742735344838873,-0.030074772261908935,-0.1041559837318556,-0.05703114110791354,-0.023535719482263937,-0.06332122148113611,0.011668802671537795,-0.09057369717182907,-0.10356696225699626,-0.03674001689430631,-0.02304882083586167,-0.10574915174416752,-0.02545160540182148,-0.01321770352071464,-0.03548875281650979,-0.06295918529429939,0.054373713267440456,0.019140382531982893,-0.03473290619430123,0.0020780803168323264,-0.11873569615414789,-0.0640957143668812,0.0072979695501368584,0.02852349359371899,-0.032484565959939427,-0.02850578499088727,-0.03534161392320951,-0.399723943600047,-0.20063353139948853,-0.33219315695197227,1.0,0.0008716734893873319,0.023813356354245828,0.010297287447109222,0.014237513489429006
cube_visuospatial_executive_value,-0.15578622758793245,-0.06387143177531403,-0.006218908291823358,-0.14978029282235,-0.09896253978028166,-0.024729740186593477,-0.17451338111953857,-0.0360030132746621,0.03820369627043807,-0.019948838582555826,0.07960158867271874,-0.05230800934147676,-0.08955308801081727,0.06944262838670408,0.06841605448725732,-0.007540759178722937,0.2234923892489718,0.01276204678697831,0.011032755870967236,0.1820683358908002,-0.16570173664219257,-0.04708430231612707,0.09334240779736352,0.14471948698030254,-0.040333604239797295,-0.06873475247361174,0.036284041425250275,0.05037882597238366,-0.01514493754516107,-0.1267788228669775,-0.18247494226579716,-0.06910998203095774,0.09317327261938851,-0.038479886475810916,0.07480687342923487,0.04515869820197083,-0.057421200164435734,0.011550087143889824,0.10360183354857957,0.029801151902150765,0.008492973588721829,-0.1813204383039272,-0.019261625468169962,-0.10359966689082103,0.0011517075386302629,0.029737547839188767,0.034873785011214624,-0.05254023684689216,-0.018186308911596855,0.41118474206882233,-0.06854836934425572,-0.013120817444982199,-0.14285690849325225,-0.23468125334787102,0.05780163427432376,-0.06196976634155463,0.12955406889066545,0.11199402030552005,0.06427464032183212,0.20678682685616753,0.03156294170856024,0.16386575348482932,0.0782632624826367,0.10423433018314542,-0.16438934114002518,-0.012458083087137174,0.10888260502112158,0.17303613416741861,-0.0039048375867821944,-0.01877790813673246,0.06181648108589126,0.04718922994527504,-0.04025385395992718,-0.0762099259048059,0.0860652101409156,-0.0700257935943375,-0.015474875468857554,-0.15280993287802183,-0.08951246919778696,-0.03618753068230094,0.04852216468382268,-0.020412688622507582,-0.021007624178985048,-0.0007601383570067653,-0.10680781665610027,-0.07794957528834034,-0.12236092960626907,-0.05919417491478201,-0.014619833025501008,-0.08384549057965947,-0.05204459286795302,-0.17699620324375762,-0.06873378225480306,-0.047566508443141683,-0.014693268047279743,0.022730762979852732,0.0021158103754646196,-0.13744471449032658,-0.15035814221664048,-0.05071520587179538,0.011962625476659532,-0.04927253147097992,0.02287736518278633,0.0008716734893873319,1.0,0.10298626622174233,0.07490156181485898,0.15840561078485416
fluency_language_value,0.0016204519727269927,-0.03126392285928076,-0.04559758572833619,0.01135882934416407,0.03073742541455872,0.030446621775111416,-0.001274499151978519,0.021611642111706936,-0.008950988219893447,0.032454739523049635,0.009737978891155559,-0.008425279752324957,0.010154387751357439,-0.03206494360433281,0.047431726323928954,-0.04232904843080587,0.08805635817351525,-0.01240551884565097,0.03468724717176754,0.08180936553021396,0.005729661555436807,-0.05730976359796198,-0.09736287290129558,-0.0012537918744693532,-0.025939707881465515,-0.04407796014445998,0.09587678288524325,0.026597649738401556,0.05418345156331827,-0.004748539580803721,-0.043998305917444414,-0.03396610708322578,0.06200829460965141,-0.012701754507590047,0.09286340251520395,-0.026638695168664142,0.007992767981103804,0.14091628639115783,0.1086636145302743,0.028547357164728573,0.034535690233638526,-0.026533212587850397,-0.0952472795121295,-0.176205129334714,-0.056201136483051466,0.030051471062677734,-0.1072938229557542,-0.06896342985843885,-0.18841724210851984,0.391876724356312,-0.09180530741386816,-0.09946623782000141,-0.1225718223969967,-0.03985882266971314,-0.10898739211976717,-0.12395837962376899,0.1373202345395715,0.19525889701886018,0.12305187689428396,0.052977855507050205,0.08325363151774377,0.1362880158682762,0.16189728357839547,0.04865921986789118,0.012562368354122184,-0.10832851677976081,-0.02835337161910502,-0.026906112608539395,-0.014114020833144208,0.10331515604877411,0.057845415194304084,0.019202409553857495,-0.0734104459043798,-0.05225265368118091,0.00741114122824446,-0.05738143979337542,-0.0011773373489466867,-0.07391812624521209,-0.023137652474440353,0.0542797583380238,-0.01917461434739829,0.034425389679335144,0.012741770154368549,-0.02550099724917508,-0.018940574518416936,0.006224472208677121,-0.03443188273134996,-0.0009460142772398393,0.02269179067923702,-0.030237892615932405,0.009389647285384668,-0.027863046931591605,-0.045364221432056276,-0.025573737096462965,-0.08995943859890425,0.024068836476506834,-0.03607801887293984,-0.0292822280656795,-0.05972243857742775,0.03650575987060171,0.034547914858691985,-0.07573591824093585,-0.002433460146174127,0.023813356354245828,0.10298626622174233,1.0,0.14949442453444423,0.11351271307804471
lettera_value,0.03733447378952309,-0.07622972912274423,-0.018528438718824612,0.03551446497565163,-0.07449651892726537,0.019013378278835095,0.03206081952811876,0.03158495738566051,-0.028031660988549603,0.005659640807882756,0.03478536025979921,-0.006674184634379181,-0.0011980680990727518,0.03360926383780225,0.027488302194013697,-0.023022914248339042,0.015152573811508748,0.010779760939745364,0.019346149471887453,0.025688927323367954,-0.10656599315002795,-0.036828129920370656,-0.02439138640920935,0.02537033081889499,0.03779681841611217,-0.010510454856073296,-0.02215719870473795,-0.03187944114645107,0.03458113383175642,-0.0018076479532632636,-0.0007930161216165951,-0.06032004949864697,0.04912812256794037,0.014756457607961636,0.10170327380304807,-0.027588950931610595,0.014093164608924673,0.011690367833557445,0.11325993216687026,0.03218751107623204,0.007980040793338805,0.02626988041413369,0.005105730948263952,-0.18556478336827395,-0.07090141758778848,0.0009701139320570189,-0.09491176153502068,-0.11479742267793583,-0.09964560426968436,0.30813540301901865,-0.08215289313876595,-0.08099884533662935,-0.06350426632924085,-0.01668321277887394,-0.1207962241324447,-0.17759455504834187,0.16971237591726038,0.17938423105842366,0.16032258762854615,0.10614290194104696,0.023671554465960195,0.1285632687204196,0.18652859714606307,0.03911012020967038,-0.033173671301185044,-0.08097816956691022,-0.030930969752124345,0.06233956917323785,0.04996770788579063,0.02277412560591843,0.02351980748253279,-0.016326357598847627,-0.07191639385333842,0.039860850816675224,-0.02146998840149206,-0.10171823038880995,0.005853225524703881,0.02199567611047629,-0.10022914979581968,0.03619797535472738,0.038477174895066815,-0.04193959727930714,0.006482294178934727,-0.0397568612888229,-0.03550703020180875,0.0452147015156795,-0.04527732653527737,-0.08366551038746946,0.0396623727587342,0.035910666487379415,-0.1282229748996222,0.05064805766215953,0.014711209574037357,0.04383635378831394,-0.0005973795522891527,0.016424465009288628,0.014211391211185738,0.021483829537196065,-0.10764229951290324,-0.08012193304414102,-0.0260660178897563,-0.09004994621343479,0.0850053348037171,0.010297287447109222,0.07490156181485898,0.14949442453444423,1.0,0.08080214529018602
trails_visuospatial_executive_value,-0.008994924356451403,-0.05388557749146073,-0.06112093455286173,0.00900989613632084,-0.03484378475982634,-0.009922414050786131,-0.011992805225316724,0.00355923451428926,0.028482745374549322,0.03539730412030254,0.061200464509215256,-0.053723571098973126,-0.0011608995143419021,0.008748393372700844,0.000801741752023067,-0.0004432948673648098,0.08538689889835582,0.020256213001651507,-0.00649327885923297,0.05870816359467808,-0.06610806956616257,-0.12497022568171091,-0.05580723934875117,0.07560190900805078,-0.05545688703132377,-0.008291113267349338,0.04711294580741297,0.023982843038896636,0.03464233087618047,-0.09705954785024751,-0.07591095329780126,-0.10269386471295908,0.03281270433112552,-0.058242967080248,0.06520810272123469,-0.019007860283390972,-0.03370015598213356,0.06016168130189601,0.08249922366797233,0.046492470896633,-0.030813047632668508,0.009082073468784752,-0.05275876625930235,-0.15837316259935472,-0.045763272488554434,-0.009771139114963833,-0.07024603365400131,-0.026391134334585262,-0.11543720515942149,0.4431787686471569,-0.01547507038377042,-0.057463362160882374,-0.053452147588398134,-0.12930240466498039,-0.06079391815749877,-0.19678413648850476,0.13678724999209282,0.19402742271547993,0.13370865241081412,0.2305430962350408,0.0409615538724912,0.2303031476680242,0.1404330864080181,0.1284094064974642,-0.020563074152997716,-0.014301263691730204,-0.00372275038899851,0.002188407783001203,-0.01714504685951524,-0.03494987558360731,0.05885107230004586,0.007934736178057891,-0.07259113611894018,-0.04125636250613615,0.010145878184204845,-0.07435497218074792,0.011750219922644946,-0.06099891094812618,-0.022231383533989957,0.029442216402724156,-0.08821705793884414,-0.00238279674510212,-0.053943537508787935,-0.014581387918857136,-0.026666722657434527,-0.023316781688708318,-0.06866649202300219,-0.04114830505852064,0.09943722195494947,-0.1293487090342438,-0.08573007577156155,0.006017149054593031,0.002585955052767527,-0.08368210376876425,-0.004811976795708193,-0.15030428925164535,-0.08905711697440208,-0.02877475649276628,-0.08709017593448717,-0.05153151853369265,-0.037450339907121134,0.023777039837789112,0.009436191153565985,0.014237513489429006,0.15840561078485416,0.11351271307804471,0.08080214529018602,1.0
