,heart_rate_mean,blood_glucose_mean,resp_rate_mean,stress_mean,blood_glucose_std,total_steps,resting_heart_rate,total_kcal,sleep_light_hrs,sleep_deep_hrs,sleep_rem_hrs,sleep_awake_hrs,act_generic_hrs,act_running_hrs,act_walking_hrs,act_sedentary_hrs,A/G Ratio_value,ALT (IU/L)_value (IU/L),AST (IU/L)_value (IU/L),Albumin (g/dL)_value (g/dL),Alkaline Phosphatase (IU/L)_value (IU/L),BUN (mg/dL)_value (mg/dL),BUN/Creatinine ratio_value,Bilirubin Total (mg/dL)_value (mg/dL),C-Peptide (ng/mL)_value (ng/mL),CRP - HS (mg/L)_value (mg/L),Calcium (mg/dL)_value (mg/dL),"Carbon Dioxide, Total (mEq/L)_value (mEq/L)",Chloride (mEq/L)_value (mEq/L),Creatinine (mg/dL)_value (md/dL),"Globulin, Total (g/dL)_value (g/dL)",Glucose (mg/dL)_value (mg/dL),HDL Cholesterol (mg/dL)_value (mg/dL),INSULIN (ng/mL)_value (ng/mL),LDL Cholesterol Calculation (mg/dL)_value (mg/dL),Potassium (mEq/L)_value (mEq/L),"Protein, Total (g/dL)_value (g/dL)",Sodium (mEq/L)_value (mEq/L),Total Cholesterol (mg/dL)_value (mg/dL),Triglycerides (mg/dL)_value (mg/dL),Urine Albumin (mg/dL)_value (mg/DL),Urine Creatinine (mg/dL)_value (mg/DL),clock_visuospatial_executive_time_value,delayed_recall_with_no_clue_time_value,digitspan_time_value,memory_trial1_time_value,memory_trial2_time_value,moca_abstraction_time_value,moca_orientation_time_value,moca_total_score_value,naming_time_value,repetition_time_value,subtraction_time_value,cube_visuospatial_executive_time_value,lettera_time_value,trails_visuospatial_executive_time_value,moca_combined_mis_score_value,memory_trial1_value,memory_trial2_value,moca_abstraction_value,moca_orientation_value,naming_value,repetition_value,subtraction_value,Rate,PR,QRSD,QT,QTc,P,QRS,T,Age-related macular degeneration,Arthritis,Cancer,Cataracts (1+ eyes),Chronic pullmonary problems,Circulation problems,Diabetic retinopathy (1+),Digestive problems,Marijuana user,Dry eye (1+),Glaucoma (1+),Hearing impairment,Heart attack,High blood cholesterol,High blood pressure,Kidney problems,Low blood pressure,Mild cognitive impairmen,Multiple sclerosis,Obesity,Osteoporosis,Other heart issues (pacemaker),Other neurological conditions,Parkinson's disease,Retinal vascular occlusion,Stroke,Type 2 Diabetes,Urinary problems,ABNORMAL,BORDERLINE,NORMAL,OTHERWISE NORMAL,cube_visuospatial_executive_value,fluency_language_value,lettera_value,trails_visuospatial_executive_value
heart_rate_mean,1.0,-0.021488257516729968,-0.0740500453567031,0.15102584140920763,-0.1041705021577861,0.04344282186420013,-0.05714314926002033,-0.0050355272772917604,-0.23642534852169814,-0.056139149520597426,0.08377886529475377,0.06371024068471075,-0.04430322732491993,-0.016161744044076738,-0.025880514334794904,-0.1823471561209709,0.020287843105603356,0.0046329739957301766,-0.006188551501664506,0.050696847115769335,-0.08564089267182962,0.004870523972542403,-0.04155075227199963,-0.050224067495492415,-0.01197132806071441,-0.03813580882306731,-0.030216444810720926,-0.00624196697024741,-0.020529054298113105,-0.015705921676599444,0.021103917455891824,0.022764500415243232,0.02390784924133738,-0.03914828482730186,0.0322523053180253,0.02377877668118039,-0.016616195736625847,0.01692476212881008,0.030555146883655737,0.004479214846756164,-0.05211906822546711,-0.029379684126299915,-0.01597049011100279,-0.06780600546632883,-0.0724476034304875,-0.038148348564775746,-0.07569067647360021,-0.039183386199067104,-0.07649935847996253,0.009206077549369016,-0.018266946985521067,0.008370742627863022,-0.07462949905376937,-0.005118590516048053,-0.057319166839765,-0.04294424263766891,0.06688596761503995,-0.009943622312910964,-0.014339302934686124,0.04693700018081782,0.025097250924130957,0.04662655932361602,0.07548496942116097,0.01824246877161454,-0.06074573610987954,-0.025434290594721926,0.03233386383140001,-0.07010748542026897,0.017994827988387908,-0.013716452896592988,-0.0035162144015540944,-0.007660549604593804,-0.12059221700204974,-0.10786838832836113,-0.05906564038414984,-0.19387684032208596,-0.07020655866263374,-0.08807875844441802,-0.10650776251942955,0.01665872683041859,0.009861223220125708,0.01909633050596565,-0.05393947412319092,-0.09622390731542034,-0.03716757970313914,0.0033303889815893798,-0.007567458328760439,-0.06269572400690222,-0.05400895675932154,-0.11099551902793779,-0.06829557867001937,-0.010996067028368604,-0.09863987775088637,-0.1367210647541969,-0.04939011455975955,-0.048727480457885476,0.00038508313397548477,0.008964946517043645,-0.03880806280846289,-0.02805826093346678,0.0825138288272619,0.0007292564858771952,-0.07853483957255492,-0.02159862561470233,0.025631553160941744,0.14253731127347713,0.11875773627384612,0.23841463874102561
blood_glucose_mean,-0.021488257516729968,1.0,0.04893437973836444,-0.07850059021724567,0.006560096935502703,0.043107187829015695,0.07330047807449706,-0.013210236162241514,0.11857160510293822,0.1107963938761656,0.08363164009601538,-0.0482816979154547,-0.03848266546590454,0.13795295956243026,-0.030154326420796372,0.07527722844181607,-0.0701404641545389,0.2054040365039603,0.10394111251984164,0.10792593379476442,-0.07892970397808852,0.1144930003249617,-0.0388678965635634,0.012515647690447424,0.09966184064821469,-0.033819478205528795,0.09328705378876527,0.0005575961535431122,0.02305077251714694,-0.01828988709255613,0.026787623115165183,-0.04226279235272524,-0.06554282764284725,0.023709430772810736,0.06193663467206965,0.03511956028707959,0.054680042936524155,0.005385578699531345,-0.03802923876540778,0.06081375579683465,0.036230640865699236,0.019958385840393115,-0.0003490080340804658,0.014174378588498049,0.027292953575200164,0.0003533778018726605,-0.03326057180543781,0.006688415951586834,-0.03286173683384014,0.01116033747221244,-0.01826954597693533,-0.028528011125338322,0.0006881213332447552,0.030005954847481815,-0.007357693248615251,-0.02923458165261933,0.047151830247472645,-0.03086666761279569,0.003623916602439169,-0.011647300184199396,-0.006672468391626581,0.011818589928387795,0.036981001024720746,0.0736046530771823,-0.07211126668203785,0.007797627195732434,0.04453787683330245,-0.1227851577356458,0.030063801426391052,0.011070407271825828,0.01838208920071498,0.0066334001773451145,-0.0488269028884456,-0.002124919632312231,0.05991499940342199,0.06888286597471696,-0.0013937916541125596,0.03115405048572184,-0.007024596385421937,-0.17607849630601152,-0.06990138972982518,-0.14457040516806033,-0.04572005413083032,-0.07114288422213591,0.057259905889641985,0.12668127916733615,0.058991340152951884,-6.129018195992909e-05,-0.08593003468013923,-0.07281917622680946,-0.012801200117446785,-0.06150581345978034,0.017824443314423698,0.0526870976208665,0.037272656539081725,0.10277099507545086,-0.033396695012351575,0.004331311871073665,-0.07967087066794251,-0.027107697669323975,0.08973007895718975,-0.11351011840766921,-0.12413620520924193,0.1079084493999859,0.2113631882702315,0.030996238809093163,0.00706275476601772,0.09082859514770483
resp_rate_mean,-0.0740500453567031,0.04893437973836444,1.0,0.01688647645189998,0.2192597818933691,-0.023725057864666922,0.4287987565058843,0.040993083285372614,0.08468360688878276,0.014210237898792907,-0.22802473725776407,0.06429221999040002,0.1328428244739012,0.02348429339556658,0.023803647978877792,0.07307334912699477,-0.10175770337449432,-0.07890467164258663,-0.06205921281303183,-0.033251513652008055,0.01028294635416334,-0.044725984103015336,0.043023930646734286,-0.01627178576549332,0.0885850005865213,0.13195426049242318,0.008435818470931862,-0.0006270679939496405,-0.06222900066685371,0.049215755644929735,0.018014677634118917,0.08060544142900633,-0.16169752328493103,0.08849271229943967,-0.10847504502922002,-0.04022323731169133,0.10005645048027842,-0.06238266148528123,0.04850596602591517,0.049270135443292666,0.20694553258582307,0.06685938056231103,0.0722714493764173,0.14421539880202497,0.011892403961987909,0.08284919035939037,0.007135261434245081,0.05182216847099296,0.1621458640077398,-0.04629491680812283,0.04758805591439623,0.05090195407453658,0.11926789390508592,-0.0161266245896137,0.005579044880591081,0.052437814592053975,-0.1017628204079608,-0.008930104450417349,-0.011842415562169457,-0.09629758687611041,-0.0451817887180185,-0.10089546297325826,-0.13102434325122692,-0.09646773410457214,0.25871151001210696,0.01927245491210281,-0.05400603706508577,0.12465761953754839,-0.07921151402289209,0.02033854589872285,-0.0060138024034576115,-0.05108579226124348,0.0999695883371054,0.08494756243804738,0.048627173327158095,0.06353679638702062,0.003852737806653902,0.07512010476776185,0.02198320198982847,-0.07352658812354235,-0.02368468726905606,-0.1877547127894548,0.03018456602510337,0.08079287757872602,0.25192878283696973,0.2935814285959049,0.2365425527389104,0.3306182554233253,0.06803443338440585,0.08974785051644096,0.030232895648059425,0.046530503178703476,0.07073280915445171,-0.009742501224548285,0.03598162380743367,0.05621024877827622,0.0009077140677738249,-0.08938707823784181,0.20081707466979132,-0.10421540331425533,-0.33136487940550596,-0.07321924241753568,0.016525033907308903,0.38757572517257727,-0.058673842123479945,-0.02140260424579459,-0.03740358278645751,-0.0990849972119417
stress_mean,0.15102584140920763,-0.07850059021724567,0.01688647645189998,1.0,-0.04073806140071743,0.10870587047625906,-0.0002269239771705058,-0.05793420346554216,-0.06791721792574051,0.03172056283597718,0.01579164988797823,0.03755464677894339,0.04474107061831365,-0.11025298074560932,-0.06150896125427968,-0.24768795512659716,-0.0013570336758719956,-0.05690111819087485,0.011792045209007295,-0.06664335466365011,0.09068291750650036,0.058452285003166356,-0.0394392920612222,-0.062082616360146226,-0.026190821087567366,-0.007924057656206327,-0.0075822987128989485,-0.022234883376613675,-0.01912446534066463,0.00788982236412511,0.026906397810868822,0.05657164851321014,0.02475296159694607,-0.0022761382014927934,-0.08233202191577726,0.0025097738260075365,-0.03512484334204667,-0.018776140985930168,0.087719257574803,-0.02792753546418969,0.009939901381559634,0.016870001153552135,-0.011958434166665921,-0.05921774079984775,-0.018087813687501425,0.024351763639027323,-0.04478964990853917,-0.02397079293854608,-0.02093104107675832,0.01949884333375011,-0.04357877596507425,-0.006430390875972608,-0.047006919161102084,-0.020018568474636178,-0.0433598005737562,-0.02351464510309549,0.03652420365437092,0.011711445830248265,0.006012990022285601,0.004405949630646305,0.04334380618927987,0.04598861492012752,0.0681301817279261,-0.010997667182909452,0.03607895012366966,-0.008320338907539557,-0.025069081088495444,-0.03209471467430858,0.022742556532954775,-0.053968562895845604,0.013378472022583975,-0.03250765645097315,0.04133784199105738,-0.08869685571018114,-0.09882694316077098,-0.2445339187306877,-0.02853716499070188,-0.055167778456580135,-0.029984571427644692,0.12559156325952534,-0.01668399130167594,0.06649638207837258,-0.034387614805878645,-0.1481097232340578,-0.035632481123087,0.10149872344287202,0.01175784247110527,-0.027010429869093234,0.10876955041978995,0.0416901010893753,0.00854705643313656,0.007569444997529093,-0.05499392303485479,-0.153396081842354,-0.0029992963075009945,-0.052982071159298004,0.015570479200930942,0.08844697138224657,0.07466770675681081,-0.07257792661670426,0.14855868465025635,0.039486997503148207,-0.13620497968862474,-0.010145520360301937,-0.00404616892701745,0.12151274097251401,0.029287186411495407,-0.07644732151481853
blood_glucose_std,-0.1041705021577861,0.006560096935502703,0.2192597818933691,-0.04073806140071743,1.0,-0.06450665141557993,0.2066237877270861,0.051728072755638885,0.005913523368220682,0.11993024489415463,-0.12830350108523686,0.005137858776319352,0.07236762407253594,0.025878101292815592,0.061163097402119414,0.07714296976168787,-0.18193836711501124,-0.1682460793199477,-0.04006022767218303,-0.10027786630004011,0.11890786428941433,-0.07359680922713163,0.0655725342630332,-0.0316477433055709,0.029036313770185597,0.07998136455877543,-0.02648983362379292,2.5753817909425215e-05,-0.038461746461984476,0.01321138633321561,-0.03209599311502004,0.011871516167546982,0.015868852955513487,0.055325671132780745,-0.1729817596815952,-0.03469044605600043,0.014669655238498508,-0.07709047930119803,0.061667759277881755,-0.09557380836443076,0.13797357484732828,0.021364136775980574,0.11207925259047151,0.10006520852201743,0.05029923729062958,0.026568382579409015,0.1402885596215812,0.060702311093438446,0.155039029485532,-0.03894675693424542,0.05497782933938953,0.04225953725182459,0.10226551236761995,0.016377791672751923,0.015315016057297152,0.06929088062016317,-0.108268178832067,0.03174015585704879,-0.05183718437530222,-0.16384982339948295,-0.06620096014840386,-0.1219961281978079,-0.1213742008691663,-0.029076954293090013,0.08335236836620565,0.03996424029465024,-0.09069637328361042,0.16523040861772362,-0.034722442145278795,0.04212170099674573,0.0410463085494443,0.025564558946336007,0.16996287091070103,0.11035072563922978,0.0815019980474707,0.14550057784318116,0.08221992006048197,0.10773218368239909,0.0925448502632283,-0.040466888205193945,-0.01399730680427016,-0.11006755724614137,0.05984521808104346,0.11818357361642601,0.08645369761444793,0.06196572392480596,0.04505306762617815,0.12376135602914873,0.13479878540217527,0.1873375781891284,0.06518975060425182,0.1341048205927179,0.15679971023853237,0.10692749802598016,0.10861030483680723,0.013151983442522762,-0.0242672479653994,-0.0686620369430229,0.007561578241550929,0.02109798680933366,-0.2401047014265471,-0.010032646871112202,0.13039317636331463,0.14346663449117994,-0.04471853937573439,-0.08403031916452604,-0.11089376844488696,-0.22202534153902598
total_steps,0.04344282186420013,0.043107187829015695,-0.023725057864666922,0.10870587047625906,-0.06450665141557993,1.0,0.05343143306593517,0.03546629624477533,-0.13100874764971654,0.03997664142235261,0.05295068512710663,-0.020899321604513844,0.06994888553117425,-0.012612589206241972,-0.08089827645465998,-0.04922056800356513,0.12209491924549051,0.138099346200011,0.19641817418970559,0.039658689934800574,-0.10755341258850024,0.12508395311954293,-0.0738993494288448,0.01231755065443671,0.11538076075570898,-0.016645880835978896,0.18407834651970284,-0.011996442857590306,-0.032610568607511006,-0.027114099843233343,-0.005287041940092803,-0.014295249556637376,-0.17538968784777004,-0.0450700712377177,0.0782742032781227,-0.050760730822553696,-0.03683129379413233,0.026481218972000845,0.006891558812351427,0.09612763317274052,-0.054052279333205125,0.02040230270499849,-0.08038124212508899,-0.05257100818436652,0.012351565865322711,0.04006527203839061,-0.05866160015434293,-0.022901320293016968,0.007967941311339552,0.06521722295098392,0.017039090928876486,-0.05646200685140181,0.0228500865218443,0.0451456079990118,-0.0510699710277118,-0.02349700287880176,0.03148579288934556,-0.029123717933382646,0.054543868012010825,0.053518691836490634,0.06084416351100908,0.050514675289191895,0.03890983540082376,0.01250674723289254,0.07517097266643555,-0.03318823249361814,0.04512988194902621,-0.06514838512695567,-0.045831655873759355,-0.04150277079046263,-0.03462766998284279,-0.05250639844948064,0.012649685301863799,-0.0008616325345256325,-0.005463923247069185,-0.059039598305313676,-0.05989428832348181,-0.03670331003090675,-0.014296335598287038,0.0943997472475972,0.05847441221088737,-0.12187878726155923,-0.11752083244836842,-0.10744333778575857,0.004353500762448527,0.22314117198622643,0.08948735077773734,0.013892027829855196,0.0014528570607352687,-0.007626380167030716,0.0013639654887789463,-0.05791545773882166,-0.043008448231150645,-0.11889926967865831,-0.08408415122584469,-0.042493013670949945,0.0007891959340296991,0.13529111991941042,0.10372589673307023,0.03292830220282257,0.25191466769255977,-0.05915376662915964,-0.2737988859130221,0.04993379832017061,0.08480954193234998,0.08152958933789681,0.02620563538491369,0.03283223705473939
resting_heart_rate,-0.05714314926002033,0.07330047807449706,0.4287987565058843,-0.0002269239771705058,0.2066237877270861,0.05343143306593517,1.0,0.07089419964365587,0.09437506430906434,0.08166612881261837,-0.13591290749433882,0.038837913086497235,0.19158258144521728,0.008121584687390578,-0.10462277145480921,0.059398910652290776,-0.09492836507163635,-0.06277561614854404,-0.033704205196980086,-0.017321398728892882,0.03682640869139036,0.0009797595351289873,0.011160691963799001,-0.00825490707086818,0.15716646199553572,0.1485632535565047,0.0405119540158662,-0.04224165860930965,-0.10653870275322624,-0.009991941041862979,0.02492065136821402,0.09382644944230446,-0.14045493185451113,0.11761967953088674,-0.06471996312745608,-0.06475875314928628,0.10857280232543268,-0.0681868047557859,0.0899245975786849,0.08295779427928482,0.13435872983437583,0.07602485621199882,0.04851331395718134,0.05152393117706283,-0.0020637071532564706,0.041874880300009416,0.0008251930296495391,0.02131193014912891,0.09296223550830564,-0.040150093389784605,0.03362920067465232,0.038449330606785605,0.06801180443275144,-0.007546756698744207,0.009028052728342945,0.03019416166702969,-0.036485838500230634,-0.025818151875334344,0.011813334031978966,-0.013572606652079131,0.025187537315248223,-0.06416636303050248,-0.10177218689005633,-0.04534167259646107,0.2112989616221764,-0.0268602229373299,-0.06192364911038107,0.051091238671510913,-0.12070598955646235,0.0002511097941680597,-0.027901882632803375,-0.09005484964521374,0.08805154522208515,0.085902218797644,0.02211815283150406,0.025381292587537123,-0.04246104621850393,0.01999391985121944,-0.022383325792241573,-0.1163704993932158,-0.0596004675037338,-0.2811271117807881,-0.03416640731561811,-0.03716371169831939,0.2166792188029888,0.33600761275058466,0.2890168573482907,0.28625311634871814,0.08297590609180445,0.08416718906216474,0.027941772909430316,0.094764972762532,0.07986435311556297,-0.040000663025869215,0.0066497174478226855,0.04174271873052985,-0.015214104668705096,-0.10820773181778473,0.180478715650271,-0.09694044080665673,-0.3227971017973748,-0.07332972642180438,-0.09288115770213924,0.4678236333534811,0.01759924099431232,-0.002294292175361449,-0.02139420031268938,-0.08860314217955088
total_kcal,-0.0050355272772917604,-0.013210236162241514,0.040993083285372614,-0.05793420346554216,0.051728072755638885,0.03546629624477533,0.07089419964365587,1.0,0.013203749360476975,0.04726440518770561,-0.034601067247099625,0.034857940832545085,0.07676131159563654,0.022080587860768712,0.025605160902249558,-0.03890898171080581,-0.023686345579376496,0.010087522596381264,0.05140760950167989,-0.015226657271999733,0.020065913708852523,-0.013155585268195534,0.011220733105387161,0.008773583375420198,0.010856770092246917,0.04985156921640762,-0.019413392568745105,-0.0018719902251891011,0.01974906989830285,0.020209789682731544,-0.007455788205668104,0.014963799293739049,-0.012421649260323632,0.03752118091707752,0.005338052970890913,0.0047054890782241236,0.03718212069355284,-0.026805739876575165,0.0644914629223727,0.007703177503406746,0.04567410395606038,0.046433720183301795,-0.0024205111307428807,0.041800133200548074,-0.005374510013522218,-0.010614163964622877,-0.017112486279260705,0.0023268894854714213,0.02799512230569086,0.007986146823791838,-0.016043677812905742,-0.023206631519129804,0.012621334542437449,-0.008011036585128844,-0.00997021943621665,-0.020603605237859764,0.0005780142538044725,-0.021188151903355486,0.014531248773421433,-0.026812761928499695,-0.015179898456803018,-0.010381262512831092,0.0016555532114032538,-0.008314341072098294,0.03112143610590661,0.005904936083952658,0.032580899019946694,0.030839641122562853,-0.004157936941919789,-0.010072166612604402,-0.017253850285231843,0.029407255306790774,0.057461165047298646,-0.025081974674414788,0.01781492444530738,-0.009995683998552114,-0.02044776244252182,0.03781237002878534,0.02453370442307388,-0.005386081080142828,0.00292565918960513,-0.0481566395155766,-0.007075023550690936,0.044319092687457276,0.04445380218434124,0.02100848384064196,0.011414790800676193,0.08295990889114531,0.06600062857899437,0.0621560113557764,0.05845516328772775,-0.04139896312332292,0.019646462963977606,0.005747251556444112,0.0016709452892632488,0.0005762229928559069,-0.009125744072220344,-0.02226052187026903,0.03538905464622934,-0.007673810116108725,-0.06815236934168141,-0.018610740501095253,0.035146486967944944,0.05290225639054153,0.02138569198196012,0.04155041160369781,-0.053576871406344206,-0.03055836005947374
sleep_light_hrs,-0.23642534852169814,0.11857160510293822,0.08468360688878276,-0.06791721792574051,0.005913523368220682,-0.13100874764971654,0.09437506430906434,0.013203749360476975,1.0,0.09520194618876146,-0.042261126094663155,-0.08711858600356696,0.05818269080335585,0.037730054021105755,0.0007054352549354306,0.12119924604575845,-0.07089783277354295,0.013709769702906854,-0.0493001279459198,-0.0063964170811279634,0.11582660779268257,-0.027824916451222283,0.015478472637085664,0.05541850717411193,-0.02793499777382155,0.04001470078949853,-0.009537886062966903,-0.008702231799590733,-4.830198296547234e-05,-0.013484169796763645,-0.028499676222848505,-0.03563106189349343,0.022741794318083784,0.03305526542591669,0.028770972733952873,0.011870393943349038,0.06348430373849598,-0.018071475197971646,-0.026580182352341095,-0.014094157625527442,-0.005716277212354199,0.05396155312433593,0.04572964344318443,0.009242406660816875,0.02674998872356392,0.018770561659170387,0.040449568039768194,0.03513328374170174,0.020158005277612412,-0.009562678608028584,-0.03274076677011078,-0.009748239002801968,-0.009965030520118247,0.011342534611888196,0.06460149342317045,0.007620322410510986,-0.013077303752967043,-0.01818512731693384,0.003354866604763273,0.011971466502607614,0.008948297970058746,-0.0057146695959818415,-0.043883561019621695,0.011008700879309545,-0.0038058965020566276,0.0046400309945889995,0.017192562901595963,-0.0007565308074981053,-0.024022708102138152,-0.026909251228849903,-0.03680387679206474,0.027294560720888993,0.06227395615770288,0.11077460437633231,0.07453179968587545,0.10802778854646435,-0.0014583521968947206,0.07269118776147042,0.03988273492468548,-0.16945221678914943,-0.057402314029895554,-0.07750758776027918,0.0300644494089183,0.061872351407975805,0.0419697417537875,-0.003109908648798273,0.040346334128810016,0.012371576432168881,0.021537377748309623,0.0806095844847622,0.03809513863859995,0.10215205945607944,0.07345998114098873,0.1523275514888122,0.011090367315840075,0.04555471556119253,-0.009082091718749581,-0.07742042182599848,-0.01591297039622629,-0.028168136050098113,-0.09254970165160098,-0.026732103348072415,0.07380805286177784,0.04647872322954439,0.05265784710105977,-0.11064188558022928,-0.11179375716609458,-0.11884853975070896
sleep_deep_hrs,-0.056139149520597426,0.1107963938761656,0.014210237898792907,0.03172056283597718,0.11993024489415463,0.03997664142235261,0.08166612881261837,0.04726440518770561,0.09520194618876146,1.0,0.013832130083757532,-0.0132017257743799,0.15606519582889034,0.035753776126216705,0.037937095127019045,0.01598557510172569,0.005442465191817965,-0.07416342643418232,0.08472684083541775,-0.036993739917576735,0.1283994652880947,0.026507172123146676,-0.009614559210653267,0.012355999906624405,-0.01674636051512637,0.03342800414200906,0.04089223151142252,-0.014999812273357909,-0.021130159549947708,-0.0030692644498425546,-0.04027725498225281,-0.020470877090927937,0.05654352961563528,0.021712691057413608,-0.035518827469388184,0.01020723212355357,-0.06105261006570391,-0.013479095589156335,0.03864244787641287,-0.032418548958571214,0.05965633615382769,0.02077423817625312,0.038307825174976926,0.013864310871140486,-0.04656485792127568,-0.0029073733809143612,0.04736811577294787,0.005160602473743611,-0.016691715897720786,0.05514790700626205,-0.02761963748968343,-0.0052243581083242065,-0.035474359978005875,-0.04256758508341955,0.025901944749870624,-0.013790962051379328,-0.013830832350301078,0.06056224190936777,0.05151360652402618,0.00835043034373385,0.04632087265459088,0.012505523441800134,0.04179347609570314,0.021489016202404024,0.020540152979149892,0.02878314810809464,-0.00942266357619858,0.031991027492079466,-0.018587182095752056,-0.0006823573809561114,0.03880091199437935,-0.0009912631485780973,0.02344650464467936,0.07708904280798033,0.007975822068282288,-0.0168173607997777,0.028378752941022125,0.016479256854681674,0.02055729821227454,-0.03759536675000439,-0.00521184776438505,-0.08882766119832994,-0.03708583211995131,0.04655041595142401,-0.017913248150054302,0.04495180000299927,0.006820045510022134,-0.012643460343291854,0.044064306171022166,0.04199774122330471,0.011852659436856938,0.0718437068772891,0.07539672963553827,0.036299956743051046,0.08221757224912073,-0.01902280450406368,-0.00046623505066383956,0.034638537260433255,-0.01708682681547526,0.10820698613689049,0.06324432574204349,-0.07741557989086591,-0.00809088614834482,-0.005303470279136626,0.09691312339122785,-0.016212437143972698,-0.017884885581933546,-0.005145425538287609
sleep_rem_hrs,0.08377886529475377,0.08363164009601538,-0.22802473725776407,0.01579164988797823,-0.12830350108523686,0.05295068512710663,-0.13591290749433882,-0.034601067247099625,-0.042261126094663155,0.013832130083757532,1.0,-0.06237589922079029,-0.04137659944337469,0.07648657278135623,-0.01098492756250547,-0.06571651740641446,0.0713954216827559,0.055605632125486505,0.13090297600632084,0.051209713179727744,-0.031486870763746344,0.07740987412835669,-0.06014437941053552,-0.02378590320700522,-0.08772444680682787,-0.11176947991418988,0.10926540283542348,0.026196849973535278,0.03765638488692503,-0.05706321333198882,-0.006547930492212439,-0.1154566269652082,0.10593537508119673,-0.04639722933022786,0.09686312880306369,0.027456740627398477,-0.09333361531052242,0.0413088731124771,-0.012116764069511027,-0.051971779399371136,-0.12558853526920413,-0.04695481798058425,-0.008017692702466593,-0.1579282389869532,-0.030896375875364184,-0.0874629548191695,-0.033390672509844094,-0.025691358639045495,-0.12593805603470712,0.0630360074320192,-0.03712963877964267,-0.03598148313413511,-0.13539472731462943,-0.027504549874716414,-0.04687352176851297,-0.056803064937991025,0.05574850863271315,0.023186904552040397,0.057246935928719246,0.10996391077006547,0.08396144423325849,0.11097518299021823,0.14985014610671277,0.09311468171822135,-0.11302797240114552,0.0011279313975157382,0.027953684062686047,-0.1269441741970048,0.03059393246336685,-0.00019902067527564012,0.01583192945660983,0.009711695496981391,-0.06619628118290127,-0.029308933513505425,-0.023730447490941255,-0.0688764489699371,-0.016054640259540977,-0.020262151173473044,0.014215213595342904,0.05202676976346124,0.015032556322453972,0.05086293632867098,-0.05922859019403221,-0.13185572500070875,-0.11553868082624334,-0.0389617135256087,-0.09919095140370889,-0.15081504798111806,-0.031447208845514794,-0.0570275960290242,-0.01392393499365254,-0.0013310151157915036,-0.03906494629617672,-0.025669589233726677,-0.03228411725842784,0.004076912389421007,0.024707363015583506,0.05829163351887281,-0.13467825104228945,0.020330367334024477,0.22188988201908072,0.060698918905174634,-0.15619921526955086,-0.10318133415688295,0.0837491823388517,0.050778462561326225,0.05066363600207676,0.14250182695350547
sleep_awake_hrs,0.06371024068471075,-0.0482816979154547,0.06429221999040002,0.03755464677894339,0.005137858776319352,-0.020899321604513844,0.038837913086497235,0.034857940832545085,-0.08711858600356696,-0.0132017257743799,-0.06237589922079029,1.0,0.09372946374558434,-0.030057027636308836,-0.013951369608226353,0.04724155201140299,0.02610598672289835,-0.059616955251621875,-0.051359422852927175,-0.06385306357503515,-0.023511916667008678,-0.04191866001489539,0.003179100283550581,0.014530106311846596,0.024518236227443344,0.05555923530889119,-0.10853782345082205,-0.03998733736783246,-0.043354098061302936,0.0012584381806407486,-0.07425277898617269,0.06883367494725184,-0.03514037780980763,0.028246075666560035,-0.09023669945008687,0.050237273636216814,0.02518720254534696,0.006719496053131059,0.06230902191827091,-0.005400586407549041,0.05573804926009676,0.03074742018090717,0.046966943740425746,0.06662645373539706,-0.015871460026233263,-0.027488747588162263,0.025376686969121792,-0.019385695796716163,0.04949453016399097,-0.02352391202852244,0.022702681133418924,0.01698952585062539,0.02752245288034614,-0.003126576772258083,0.007396956219268215,0.01212131482571273,0.027805601127142292,0.011126359048216404,-0.0034444744623860477,-0.07528632969947795,-0.03379242143603357,-0.01992278731312213,0.002904787283166725,-8.416571477809692e-05,0.028220786784347692,0.010621492113837215,-0.017116112133292585,0.0419694805658439,0.01302937017946254,-0.007985085693648508,0.08413193395649456,0.006053065812336461,0.02076844375051501,0.013166270934347666,0.011958714537107368,0.06822150345223707,0.02747818679931771,0.05494842165106897,0.04363027287728802,0.03024382003280253,0.02766985996633351,0.011991804561541934,0.03655611342057654,0.042157259868284856,0.021501826135879774,-0.020059930339900774,0.01726174659627906,0.03430460440451835,0.08407364545278202,-0.008069131367484116,0.004510404896302143,0.00996411106646616,0.04113660773781683,0.04544514536662536,0.050914548791753805,0.0006996328396118364,0.02255619862891771,-0.05425054653101853,-0.009220926907247783,-0.05778801722915138,-0.07260911540780618,-0.002226000425239023,0.06982544505315193,0.006006162914874976,-0.05341824264746967,0.0635427434388999,0.0013092256743282883,0.029446922465329282
act_generic_hrs,-0.04430322732491993,-0.03848266546590454,0.1328428244739012,0.04474107061831365,0.07236762407253594,0.06994888553117425,0.19158258144521728,0.07676131159563654,0.05818269080335585,0.15606519582889034,-0.04137659944337469,0.09372946374558434,1.0,0.06462665503347217,-0.0001501643017758518,0.03210509824717477,0.1718613208578558,-0.09070286209082831,0.006242793832932789,-0.08947661829335239,0.04722718186373169,-0.04244736719271758,-0.0015648158040196761,0.033624856197466545,-0.01693000984757855,0.10616247510282886,0.024622162673542107,0.006592878849364052,0.044066214998663096,0.01945186929124234,-0.08942772950411956,-0.01230804493405887,0.016597652590355165,0.05185398737793572,-0.03968049530608598,-0.04475942046385242,0.05715037351906221,-0.04138692445247505,0.13440427530493437,0.01925586006332496,0.1311558187445317,0.0769487805737616,0.06023309813460014,0.09959182511595396,-0.039175786438731534,0.1048417564361717,0.015472500704984881,-0.011032528499471096,0.03665451419458911,-0.02519030957142389,-0.019839945489402516,-0.04745286828975873,0.014550496729115615,-0.01584223977862339,-0.008429882259240273,-0.009230782320178169,0.05648323059013297,0.01993568270462606,0.09403631765713734,-0.04597107937470882,0.045591387676968596,0.011318971342854638,-0.028127074470707364,-0.026808955696166856,0.06873644654523493,0.11877347279704654,-0.040861148287857106,0.08878783569646018,-0.03451393727339295,0.013721089952591395,0.08834618344884504,0.09217060277020189,0.11810527253728789,0.09088835190909707,0.0038030446992396677,-0.021812421996792845,0.03481252746891946,0.08500257539236063,0.09345958249075484,0.08817324929339285,0.02887143995593549,-0.08466025648376385,0.033111601326314986,0.039836651805149545,0.05862855982419556,0.07608623417560033,0.046452971924791135,0.07823466552058456,0.1440002354516637,0.09776091543228639,0.051600601409767036,0.10893179081158369,0.06808027937981101,0.03508784681202503,0.0754841190805136,-0.019030317607070055,0.00614273019087089,-0.027106240130798116,0.05661588572823514,-0.06214204211300908,-0.13167607320232091,0.0024731899496968474,0.0031029927344698063,0.11209405993285713,-0.045504231955065214,0.05035214425185367,-0.015057089175332833,-0.031291523378780044
act_running_hrs,-0.016161744044076738,0.13795295956243026,0.02348429339556658,-0.11025298074560932,0.025878101292815592,-0.012612589206241972,0.008121584687390578,0.022080587860768712,0.037730054021105755,0.035753776126216705,0.07648657278135623,-0.030057027636308836,0.06462665503347217,1.0,0.046445985099368134,0.07171559773372133,0.01873693993647041,0.06959655450526392,0.015333501032772296,0.03966219825078609,-0.027096015767453466,0.04304457012184644,-0.003333720855695676,-0.027777038677442408,-0.006448500140064211,0.004252389021988435,0.05526623714721446,0.01512253011069833,0.05898393067375556,-0.006458412192683816,0.008912392603443765,-0.025892487302079208,0.023287857779196123,0.02152852534562224,0.0491770628369395,0.008388003544051321,-0.0053781214884688275,0.02461013541983198,-0.0384164976683815,-0.00021430846145862182,0.015517506851274936,0.0018717167186049896,0.0016094542116117472,-0.00526143750412499,0.0057958472375282365,0.014708069073295998,-0.027587123301115672,0.007270103782280106,-0.03754803135110582,0.01450617397180294,-0.0015351570265771603,-0.018038164435695354,-0.011341043688716365,0.04729014847215102,-0.03482206063560815,-0.004351947767924135,0.006695039916210697,-0.021220751505275495,0.037845421126061526,0.027705902444262385,0.026672599173241125,-0.017351993995398773,0.01837761957977232,0.03742994517468955,-0.05485708509518999,-0.0043570966464989815,0.02544587174474096,-0.01905611374051035,0.04368909067690893,0.022437051127924584,0.004518652423684265,0.04614690520792263,0.0033536452335498294,0.04031299102663934,0.04937672256269821,0.07622973839972597,-0.0008606765325002645,0.03639903456834839,0.02049831436021427,-0.08366065561911971,0.010230310260451807,-0.0960115573598556,0.0003120922322579317,0.06561661506961702,0.02589636621348657,0.02292240821277566,0.006993686058219326,-0.04942347793207597,-0.03013908669328075,-0.02099837484457275,0.005778266643491923,0.014473429025209214,0.07373398907904335,0.02104877596475829,0.030472734926660368,0.06502193442152683,0.04625051052770648,-0.02052204049344093,-0.05513978858425112,0.07173774225539312,-0.05497613403935609,0.012469862073673654,-0.008584721794755938,0.0495854273537336,0.03043503929479341,-0.0144730169609282,-0.007238300532265881,0.009105576922947646
act_walking_hrs,-0.025880514334794904,-0.030154326420796372,0.023803647978877792,-0.06150896125427968,0.061163097402119414,-0.08089827645465998,-0.10462277145480921,0.025605160902249558,0.0007054352549354306,0.037937095127019045,-0.01098492756250547,-0.013951369608226353,-0.0001501643017758518,0.046445985099368134,1.0,0.03603829721460146,-0.034175775999203996,-0.04515997239477079,0.042406401466484604,-0.045136016364296073,0.016421018388386204,-0.014441275180747826,0.061105559799373405,0.01964952687074569,-0.06049102184772281,-0.012946278575635982,0.002829938794785106,0.022116916415240977,0.04344147882794384,-0.01520378114331769,-0.011512910544167459,-0.027986821640343548,0.06622819668744111,-0.026977254165699315,-0.06836612792020172,-0.020487825660212466,-0.006584325632391536,0.017302816487901853,0.0013675933139392117,-0.04829102331658281,0.08182937931508309,-0.02802527746907859,0.0049100547707676455,0.0950315559140133,0.008765281792749593,0.06456088095118957,0.006710744280616929,0.025919053354682305,0.01731987539588668,0.026295274996242967,0.00916323029718527,0.036455391607307534,0.039411046117843025,-0.034595495620000916,-0.009844242821771574,0.0705723631201318,-0.09272652056063048,0.05219476623787191,-0.026433127301821936,-0.06855934821188871,-0.040051492410114686,-0.03239040242920569,-0.04422150939399939,-0.020002651987663614,0.039466558403707,0.020173760977303345,-0.02314687725267106,0.08579895299557719,0.030092023850109537,0.01827557355078508,0.000881987293507476,0.07047304140946438,0.04307057031953301,0.01811124503751964,0.030119012707115093,0.05950998562710343,0.08199010211940164,0.040555941422293705,0.06968378887338397,0.0551353231880094,0.032000069876769975,0.0858109971580445,0.05560085236928384,0.11685371807127558,-0.02370016167699037,-0.13325909939644676,-0.11862666657420912,0.004330694802845429,0.011933626020223796,0.03568589923169878,-0.003634044805125248,-0.03934647038636267,0.017485778987004715,0.040098315066047614,0.06837467622897693,-0.012466518511103855,0.008239340956782236,-0.016212551266980797,-0.013559318365796491,0.07983516561772755,-0.09478222135414914,0.03449463664937056,0.14005101849327395,-0.07328270720006524,-0.05117561808004232,-0.015031361983023673,-0.014124903032632427,-0.026313034293660303
act_sedentary_hrs,-0.1823471561209709,0.07527722844181607,0.07307334912699477,-0.24768795512659716,0.07714296976168787,-0.04922056800356513,0.059398910652290776,-0.03890898171080581,0.12119924604575845,0.01598557510172569,-0.06571651740641446,0.04724155201140299,0.03210509824717477,0.07171559773372133,0.03603829721460146,1.0,0.028788904570108728,0.03770897238042996,-0.02919990375986987,0.039223364928566845,-0.05355573788070451,-0.02352877780374929,-0.023847917950570695,0.08549665169303491,0.03130540577096448,0.02823783353090265,0.01187961083191266,0.003291820369442957,0.02773057219992864,-0.024097750576801948,-0.10443088180237074,0.016454442360888385,-0.05461325545724624,0.021417370398077912,-0.0024730807756671953,-0.03859443097644134,0.028561278467535492,0.005717092224691892,-0.01050547808700208,0.02576006891755251,0.028222931356745844,0.03852473063139123,0.029464113547288256,0.07927675799738668,0.03652095600766207,0.031431296143924495,0.06726046152441617,0.011201892629844707,0.04960690295817062,-0.004417289618927807,0.03080689823314072,0.005985428392386974,0.04397529321466707,-0.04510667359930618,0.026596331084181815,0.03159444698133883,-0.060822517039457694,-0.0016031264963467641,-0.009815230166346292,-0.05344673463079643,-0.04200997388828993,-0.04652662978501145,-0.11215013285049684,-0.012194505448802146,-0.01515876718052476,0.02330492354863813,0.003839768720958082,0.054327280386422885,0.008377784349550688,0.02153995625587472,0.0209287263061384,0.0407670161603952,0.013172751920516462,0.15443015132918822,0.10473442811225944,0.3176689727858479,0.039257105603539455,0.08785927929839353,0.07805497119550917,-0.09541221396756981,-0.04252209741563909,-0.066809504801875,0.04355378960029768,0.14901116225151784,0.04867625116379857,-0.007144735743920631,0.023479308154407602,0.0325721893836366,-0.11509991483652657,-0.051662977122367275,-0.029537651827042967,0.016907915940650428,0.09082472587823547,0.19524200419194926,0.03678164041788431,0.0677519515394106,0.013771353955142774,-0.08234899659427003,-0.014855776599230625,-0.010182657420780835,-0.15062425456320164,-0.05144073669077792,0.1197202212163152,0.04902114096279585,0.026461255250042504,-0.0892058549450155,-0.00509668755171486,-0.07069194296064148
A/G Ratio_value,0.020287843105603356,-0.0701404641545389,-0.10175770337449432,-0.0013570336758719956,-0.18193836711501124,0.12209491924549051,-0.09492836507163635,-0.023686345579376496,-0.07089783277354295,0.005442465191817965,0.0713954216827559,0.02610598672289835,0.1718613208578558,0.01873693993647041,-0.034175775999203996,0.028788904570108728,1.0,-0.034478688189906535,0.06995559356168195,-0.013422222353939637,-0.05860138142737167,-0.023498225578504586,-0.05770768715424973,0.06693595330993776,-0.07526630725901472,0.026780776704620125,0.026750061643648324,0.1198626158462455,0.08623801079858937,0.02100041336359733,-0.13448027823030334,-0.08721798077210262,0.0503284994417675,-0.04419371628370542,0.07649314779552893,-0.08570234217310993,0.005112207731706767,-0.006799496518815832,0.04005614971342476,0.09868588130750965,-0.0006082894761928061,0.019167149131647986,-0.07424537551724612,-0.004632698267935056,-0.036916962863066796,0.08036045419165355,0.012609741394664777,-0.0602742635550754,-0.044841795130606245,0.01483299267633805,-0.014415235868831786,-0.10505467722679236,-0.06721465571759802,-0.027713229601092435,-0.002498268012594485,-0.04695846706027403,0.1078465936653994,-0.011919018332190908,0.1499326832086971,0.0715076074902572,0.06657724067731777,0.060100165118104884,0.004454763309394381,0.011395734039573663,-0.012727360693462213,0.062300660973618124,0.04098607772373037,0.0411664564029426,0.018755019955718627,-0.04574683114893972,0.017151728331148745,0.11212824701937195,-0.044231743419697815,0.005206364330341357,-0.04546455682557686,-0.11619317605832494,-0.0031111373000798376,-0.02346833379274076,0.01698118335377303,0.19110867109636442,0.07894400804048422,0.005397136236977762,0.010305952241946812,-0.029589091711592203,-0.039192776558934876,-0.01964476078432199,-0.06582340540125424,-0.024123592223393286,0.03362089691494571,-0.059673952085192376,-0.022019203039645753,0.02156078899220425,-0.07931584391767038,-0.007257646910075061,-0.008719407620772756,-0.08660596133476037,0.01455000324796805,0.06569693588625468,-0.0051858595201911585,-0.027478799486950263,0.08299685271972043,0.09545172951544989,-0.06960637927359646,-0.07993977195781764,-0.058964721583703424,0.06497153479739277,0.05106499493257957,0.11989548880295402
ALT (IU/L)_value (IU/L),0.0046329739957301766,0.2054040365039603,-0.07890467164258663,-0.05690111819087485,-0.1682460793199477,0.138099346200011,-0.06277561614854404,0.010087522596381264,0.013709769702906854,-0.07416342643418232,0.055605632125486505,-0.059616955251621875,-0.09070286209082831,0.06959655450526392,-0.04515997239477079,0.03770897238042996,-0.034478688189906535,1.0,0.12447755669318682,0.1182285042828431,-0.18762667337374933,0.11947393867341455,-0.01810581470403733,0.018905289732246876,0.2204405021977028,-0.029087891180188716,0.10924267462845674,0.002356389871021572,0.06687380173554862,-0.09078424902156872,0.06056791723147256,0.010595881239486368,-0.1836860755477812,-0.04184288041627687,0.15562381131877526,0.03573731733833998,0.0752753064904227,0.07988570874954085,-0.11777017119460984,0.15422851768087287,-0.1274611808517099,0.0019326476169910665,-0.08718680730413687,-0.055405405868518554,0.03533506808351896,-0.007713176107215964,-0.09222097917617728,0.0012937310799317082,-0.05368949531579854,0.041770622086184664,-0.006329108708800353,-0.04790053184898356,-0.05346538187685339,0.05634817463605636,-0.03144365813668804,-0.05865417352627638,0.07406966016360801,-0.07077946713120521,-0.009471275907138492,0.06283212509847769,-0.022136083474287957,0.03110768716432127,0.06232789010321088,0.08034217765210769,-0.0984389716691401,-0.033771364698506494,0.09982906331087599,-0.19081874601010906,0.05786476476450554,0.004447821352855942,-0.049154908039873046,-0.01450800653968489,-0.07002916512187997,-0.027263871242926424,-0.0019479591765468435,0.023437622396566563,-0.09952858466799852,-0.07138316783351498,-0.06492897692029834,-0.10136248188208744,0.016665248302147984,-0.09830884681523488,-0.0976621361884094,-0.08230046576902139,0.06610916695795188,0.09139939728118292,0.018318619776214903,-0.03375198476495082,-0.10886012318466728,-0.08455099441175881,-0.017178095625140517,-0.12076821329532024,-0.039602919825048884,-0.08607355650872793,-0.14005154797242278,0.09987826337304,0.03357664694339855,0.05300785598772603,-0.10338756364823248,-0.0001414832032354103,0.16615805950033924,-0.07998574805892507,-0.1931258966810642,0.0634281273496908,0.1612731019192471,0.021984298652967547,0.03854790078428232,0.06112087726997321
AST (IU/L)_value (IU/L),-0.006188551501664506,0.10394111251984164,-0.06205921281303183,0.011792045209007295,-0.04006022767218303,0.19641817418970559,-0.033704205196980086,0.05140760950167989,-0.0493001279459198,0.08472684083541775,0.13090297600632084,-0.051359422852927175,0.006242793832932789,0.015333501032772296,0.042406401466484604,-0.02919990375986987,0.06995559356168195,0.12447755669318682,1.0,0.02638811889040747,-0.006172302992344149,0.14422126455891865,-0.11245239218997136,0.005049321100385073,0.08993324872479554,0.05151050228908722,0.12927635867069928,0.02502492054559386,0.046644487922735914,-0.026391013549953404,0.03161217178312448,-0.05130150938504856,-0.039774934946749343,-0.04983276058759137,0.029266989734943787,-0.011218675708702124,0.023639838967744038,0.04481091731382645,-0.011533477679906468,0.04819347030698124,0.08618136576936203,0.012239079946981691,-0.038076387220550886,0.007720241941543283,0.015977475203246435,0.04801194434389536,-0.06049111291829835,-0.016982030798531562,-0.06392275061326984,0.08804089831184708,-0.056582440043147726,-0.03145785569513484,0.009005307595674018,-0.006935358814706785,-0.043976602014778224,-0.02910998336784637,-0.04152265008183232,-0.01308682065673269,0.1046025124324919,0.06434125495879639,0.00541505153487608,0.04741359129244982,0.05203138543461197,0.04916077395678215,0.004794466212335024,-0.0050022820762212926,0.03290979611695991,-0.05700848146249511,0.043085936238942975,0.002850630311355164,-0.002001425688037242,0.022466134235181224,-0.00046122699218092023,-0.048787187124888914,-0.04392594988936872,-0.04695289767777059,-0.031226134912496324,-0.04077422685920075,-0.022192175806606467,0.07230090244331926,0.005603518331961019,-0.050336553559072454,-0.04659860412407755,-0.027460033255917712,0.022096246069605995,0.13622657595964643,0.017872530191280933,0.053926264845242905,0.004915585833223389,-0.01831106973675128,-0.00029704942183687833,-0.06531037255780481,-0.01523878484408611,-0.07453263785876298,-0.008399203343752324,0.0016181264404952118,-0.012532437222529301,0.11530921163236012,0.011385836655725776,0.0033588164669953575,0.15702371595202796,-0.10435303818597709,-0.13521955978024175,0.029261719746596054,0.12758583519964128,0.046175866108785255,0.014871732776181448,0.0440478030899653
Albumin (g/dL)_value (g/dL),0.050696847115769335,0.10792593379476442,-0.033251513652008055,-0.06664335466365011,-0.10027786630004011,0.039658689934800574,-0.017321398728892882,-0.015226657271999733,-0.0063964170811279634,-0.036993739917576735,0.051209713179727744,-0.06385306357503515,-0.08947661829335239,0.03966219825078609,-0.045136016364296073,0.039223364928566845,-0.013422222353939637,0.1182285042828431,0.02638811889040747,1.0,-0.14991315459131505,0.0725028616791044,-0.015620567457053498,-0.011273016354697183,0.0827107118335908,-0.04524403710221668,0.0675778867582986,0.01700156630762008,-0.003452239436573302,-0.017512569028043812,-0.01180422093762348,0.020340892869954212,-0.06793282047605084,-0.011647518254465165,0.19148718191456723,-0.004816802318377735,-0.003165585613822464,0.04137621373959957,-0.08640238807107661,0.07930186221982355,-0.08345627346592545,-0.01166557029634583,-0.034592669208078866,-0.0663259164161545,0.010208803472476317,-0.04843427199870851,0.006910068855013446,0.005373209549868346,-0.062114496881924434,0.023842426059068385,-0.005246847708765109,-0.0328039966284177,-0.029382554599962727,0.025905195868080846,-0.026879826372471164,-0.021523876935544313,0.01272161386422157,0.010720882985764714,0.012562131058825128,0.0851681314655148,0.03585806397778554,0.015975245298245885,0.005805827337644472,0.0358846946179666,-0.03581503295601986,-0.055517722033411925,0.04916698959761464,-0.13130528440624006,0.0009247597509578743,0.018977481095693388,-0.0681247948356153,-0.053830439904164286,-0.0727698166816117,-0.05897621520718721,0.016815006213762064,0.04665767098513044,-0.07046064463338932,-0.034018687957045476,-0.06148724435288652,-0.13550956522109178,-0.03422850479304137,-0.06279588575849812,-0.06730724543582244,-0.02985984785166068,-0.012324705278522943,0.05194058372607238,0.027909101507401172,-0.011484891893689094,-0.12865201314872748,-0.1050526698458512,-0.022256912559722734,-0.12204396083291762,-0.04891259603572489,-0.03461526925203439,-0.08262636356252748,0.010480241674365046,-0.023555217051175803,-0.024107507942249373,-0.01553375038230682,0.010828961344455797,0.08174830515902266,-0.08455881537408118,-0.0639406475351138,0.040652007656507505,0.08912429806315322,0.009723853986772203,0.04759284999513044,0.11177938990800035
Alkaline Phosphatase (IU/L)_value (IU/L),-0.08564089267182962,-0.07892970397808852,0.01028294635416334,0.09068291750650036,0.11890786428941433,-0.10755341258850024,0.03682640869139036,0.020065913708852523,0.11582660779268257,0.1283994652880947,-0.031486870763746344,-0.023511916667008678,0.04722718186373169,-0.027096015767453466,0.016421018388386204,-0.05355573788070451,-0.05860138142737167,-0.18762667337374933,-0.006172302992344149,-0.14991315459131505,1.0,-0.02804088629563879,-0.0005851444934867046,-0.03261906616572648,-0.10468556571375551,0.03682321371268006,-0.07922767691337117,-0.045335330027255684,-0.09436232958625293,0.018694165185234427,-0.02571808570228519,0.06431011753812399,0.08529146415524037,0.018742993961113525,-0.08782995982765432,0.08561498834688439,0.022761551344060278,-0.04279543615771245,0.0471329618904664,-0.15968471464565082,0.12302984209236847,-0.025140552935122705,0.06447996700783623,0.08398301203771448,0.010941759089664339,0.02047784267961781,0.011035412302664757,0.03795836613531285,0.03525692675396686,-0.009231456402117985,-0.010606757550680485,0.04308294634143554,0.04612481034780534,-0.027924092475166983,0.05155573275860538,0.05127648682375089,-0.04544281482227234,0.0312679308830685,0.010214937474859116,-0.062518537112832,-0.026841601507812046,-0.03267012850420595,0.003413753794275374,-0.006527056438763248,0.07040249674126159,-0.010075839588003427,-0.05594869058467766,0.09612867711684724,0.004584801970098522,-0.015839770494442355,0.019222543741284976,-0.03361253551348657,0.050919678335023845,0.031541331846987805,0.0018384967831709593,0.005199730610021819,0.07888109255933912,0.022056544233200363,0.059496815083681334,0.05483972620792461,-0.01740841156532403,0.0671534927592351,0.03356473527842161,0.028018189815924254,-0.03846777097275607,-0.046515409397253286,-0.0091604665048614,0.01543112030725074,0.1037985188843581,0.10733341703157406,0.03707659919931235,0.06942936208384794,0.05609403726297559,0.054096758257968475,0.1088418615200402,-0.025148357691527224,-0.005491796960918306,-0.02958865216564498,0.06847092761903142,0.05192103580960431,-0.06990972583365715,0.014932920741444495,0.0842090409573,-0.035297340093899114,-0.056582122719473237,-0.04262245961021533,-0.07537713645292074,-0.14789807870312247
BUN (mg/dL)_value (mg/dL),0.004870523972542403,0.1144930003249617,-0.044725984103015336,0.058452285003166356,-0.07359680922713163,0.12508395311954293,0.0009797595351289873,-0.013155585268195534,-0.027824916451222283,0.026507172123146676,0.07740987412835669,-0.04191866001489539,-0.04244736719271758,0.04304457012184644,-0.014441275180747826,-0.02352877780374929,-0.023498225578504586,0.11947393867341455,0.14422126455891865,0.0725028616791044,-0.02804088629563879,1.0,-0.06365758887109148,-0.004828573956188626,0.1225731424302705,-0.019740422142107895,0.07976134544025833,-0.015646948728344115,0.018016243813794335,-0.011004508540596881,0.008089991949792003,-0.017787436147256804,-0.049367151351190935,-0.05539958239135777,0.04585379522320231,0.028581841015144167,0.0029413902835012753,0.03152635626624043,-0.002385076213732239,0.04576202101080936,-0.016742023987972737,0.03673731152592724,-0.04480994700482884,-0.008657252975307683,0.03073564456785638,0.03368880646109254,-0.024844026356404654,-0.009205086693148824,1.969299257126078e-05,0.05045551437926533,-0.032441958035024636,0.011841712265376355,0.0016746848858754143,-0.0023233517536612827,-0.026943977763308403,-0.006829151676100919,-0.016408231525131448,-0.015041766222114663,0.020926865196464837,0.024035179825361786,0.03405066847987655,0.006161087903962297,0.04289415867807018,0.02726865013184406,-0.01078839510389164,-0.008993794551577155,-0.0018904116047955418,-0.06851207839117208,0.03158428613759873,-0.015089763664802223,0.001902142154934848,-0.0433756675852783,-0.01919402626234271,-0.043023787297954176,-0.022195469826386052,-0.004131435290226633,-0.03486721510139366,-0.01970508393367407,0.016565856788738675,0.034607933448407104,0.0016441240793853608,0.020999809373138747,-0.05506413246092582,-0.12771122632233772,-0.021480455459486247,0.08694580758220928,0.026354977106196543,-0.04224889734980183,-0.020401139427583752,-0.024708899633710563,-0.03179264860762491,-0.06812088591817075,-0.018860561889510644,-0.027291787840155388,-0.00941432069229993,-0.012835917762448447,-0.01932089140213133,0.0992935141103735,0.04509850431925619,0.019856206576849427,0.2300404888549963,-0.02996719215313374,-0.21637590989189412,0.023085059690129736,0.10031445815239488,0.0337356876581668,-0.01740044864327627,0.016571355239526638
BUN/Creatinine ratio_value,-0.04155075227199963,-0.0388678965635634,0.043023930646734286,-0.0394392920612222,0.0655725342630332,-0.0738993494288448,0.011160691963799001,0.011220733105387161,0.015478472637085664,-0.009614559210653267,-0.06014437941053552,0.003179100283550581,-0.0015648158040196761,-0.003333720855695676,0.061105559799373405,-0.023847917950570695,-0.05770768715424973,-0.01810581470403733,-0.11245239218997136,-0.015620567457053498,-0.0005851444934867046,-0.06365758887109148,1.0,0.0003994357001347855,0.0028242968145781775,-0.05503637766217595,-0.038962267859473675,-0.0412810320678081,0.0005704963945850419,-0.038943774926147534,0.015361684247038942,0.0420291555609184,0.00986893849295489,0.020303208012367888,-0.04172508840882528,0.004259520881801238,-0.024282031093190166,9.322934375227721e-05,-0.0063902130865231156,0.00912492275707202,-0.0431285889403634,-0.027801483698362155,0.018465432910165194,0.03354524448388493,-0.010937972008856265,-0.010439917150386415,0.044080541245072616,0.03284922495187632,0.04683893150229342,-0.04892494010836075,0.031772557840956006,0.02994887408843222,-0.0019015772879448444,-0.017004243778095146,0.06060329421420141,0.008808335903847844,-0.01996223597945581,0.017325695807160618,-0.04255355117080427,-0.06191306777847601,-0.03308634058479244,-0.052282845813946065,-0.038000206541422846,0.02506748332245218,0.015688712200204003,0.0014076222207519912,-0.01575715987408749,0.035152517958936876,-0.012025962075839114,0.02184845362928619,0.020205653025154806,0.02321505137154615,0.03835151611292968,0.002805586898831943,-0.005960453636453416,0.018669262136857767,-0.00668116338220372,0.018263212251812946,-0.017314280196582474,-0.04514937403162928,-0.02033438044273889,-0.024740368189521193,0.03644527231142624,0.08815610575746761,0.01999792001672464,-0.03149025003410377,-0.023623319532603174,0.055839923324833236,0.04539753279526396,0.06752194972902095,0.025310785839701,-0.02534213881001748,0.001262562402237774,0.006817408284388729,0.013592935513631043,0.0200515689681629,-0.010008132907575944,-0.03545731587072757,0.005403679579907808,0.0637721032667877,-0.1358237150049979,0.009050922409274263,0.11793994925116821,0.014111736492680726,-0.04224600497978488,-0.02981854631360168,-0.04170656147706798,-0.06478834978492638
Bilirubin Total (mg/dL)_value (mg/dL),-0.050224067495492415,0.012515647690447424,-0.01627178576549332,-0.062082616360146226,-0.0316477433055709,0.01231755065443671,-0.00825490707086818,0.008773583375420198,0.05541850717411193,0.012355999906624405,-0.02378590320700522,0.014530106311846596,0.033624856197466545,-0.027777038677442408,0.01964952687074569,0.08549665169303491,0.06693595330993776,0.018905289732246876,0.005049321100385073,-0.011273016354697183,-0.03261906616572648,-0.004828573956188626,0.0003994357001347855,1.0,-0.029287882276417855,-0.006249461216303696,0.00046568681036551215,0.015911098959127293,0.03495506420482746,0.018915767033057553,-0.02880950396935051,-0.0051528701206166585,0.025065381449898602,0.004892589469887564,-0.012486979732530533,0.017415383353464892,-0.024033846102824708,0.0026178336050824876,0.025327400803214453,0.0032148874121469017,-0.035710316502942444,0.04839673019111488,-0.04300028363150812,-0.011167496981848244,0.009493323409465303,0.0012721452647904586,0.01256679182373429,-0.00655666123092566,-0.001742196451270315,-0.027630899254598273,-0.012352515345038445,-0.04533544873751191,-0.002565956805795644,0.01697437823565975,0.006646216852198494,0.01408289562485336,-0.035105701856517596,0.007262179927543681,6.979875513312684e-05,-0.016415252262896474,-0.03841353944314168,0.0011621953352846963,0.02716771115108428,0.0192538533820511,-0.010602405633473795,0.035143362291827004,0.025400038193695695,0.03942436254063091,0.005328181954997593,-0.05544235886520577,-0.05129512198690971,0.01828463734305101,-0.0026332280466922356,0.06385391475712289,0.022229918616540553,0.04396866202262483,-0.002006432491379542,0.016446978264067744,-0.025854454531012736,0.02198070989667337,-0.00036395156870747467,-0.004412018125377552,0.015087945980581456,0.02461963142330927,-0.005675151812349974,-0.021024147707731807,-0.023844761338204824,-0.01447407396661123,0.03556093220253129,0.037099091572584675,0.03661098891361269,0.07439967030993891,0.038396822786458965,0.04852398536863573,-0.014520889737204268,0.008609489713327291,-0.019010777204686774,-0.0018738175027141323,-0.01540336557473382,-0.004117893139043513,-0.0003635019202566391,-0.0031476138728214224,0.03903399726210151,-0.0319480221848541,-0.0017474089829808929,-0.031102258977138874,-0.06603517185822659,0.01815599978316739
C-Peptide (ng/mL)_value (ng/mL),-0.01197132806071441,0.09966184064821469,0.0885850005865213,-0.026190821087567366,0.029036313770185597,0.11538076075570898,0.15716646199553572,0.010856770092246917,-0.02793499777382155,-0.01674636051512637,-0.08772444680682787,0.024518236227443344,-0.01693000984757855,-0.006448500140064211,-0.06049102184772281,0.03130540577096448,-0.07526630725901472,0.2204405021977028,0.08993324872479554,0.0827107118335908,-0.10468556571375551,0.1225731424302705,0.0028242968145781775,-0.029287882276417855,1.0,0.07014732559983126,0.08471353055166662,-0.009609517457491508,0.011748680293753309,-0.0501796428207434,0.07294881696201268,0.10646986215431914,-0.22041987704533172,0.005774483120345682,0.03582817035550488,-0.04564339050244087,0.0925162314952483,0.003517390033586792,-0.05190690800740689,0.19533011524923866,-0.026716065164354257,0.04059349048564224,-0.027174630708786937,0.0463004930332592,0.057527352839090704,0.010022146139420459,-0.014900032677002401,0.0019042678333738117,0.07742102265684807,-0.012954758826213853,0.03749609741773349,1.2135964886100674e-05,0.03653611840595833,0.027842368636731597,-0.0027065247232629644,0.045195646842356475,0.0056624735364266925,-0.03495566252431673,-0.010024968301342998,-0.008308780655264403,-0.006085614782922778,-0.06971143449790802,-0.06969631955570992,0.015066561811564655,-0.010101949788194594,-0.023171548408244577,0.040754677318316716,-0.14177860364463035,-0.031901697129234824,0.026253781932211846,-0.03577992933523145,-0.0833099229965371,0.02876775238613276,-0.030065045436903883,0.03687796915790285,0.03210380450143736,-0.08751373424597672,-0.04536656092058436,-0.03967673300240065,-0.10367667918016796,-0.0035777775356251253,-0.13156497246915863,-0.07905151202497282,-0.06576929581801104,0.07894595328052184,0.1993202844692765,0.15743157134134272,0.09435633119706627,-0.048121822926442195,-0.026715074903164857,0.013025688628952788,-0.10758466903332478,-0.014013383630311578,-0.08503094336738459,-0.10295442951817288,0.08363042402641108,0.017112169496893093,-0.011281672915399868,0.012729838581576005,-0.04149085832851066,0.011945284528276506,-0.09075929130102552,-0.14870321239516457,0.1925365313738351,0.10740773952218326,0.018752111820574235,0.0030576524980417165,-0.04835342062257997
CRP - HS (mg/L)_value (mg/L),-0.03813580882306731,-0.033819478205528795,0.13195426049242318,-0.007924057656206327,0.07998136455877543,-0.016645880835978896,0.1485632535565047,0.04985156921640762,0.04001470078949853,0.03342800414200906,-0.11176947991418988,0.05555923530889119,0.10616247510282886,0.004252389021988435,-0.012946278575635982,0.02823783353090265,0.026780776704620125,-0.029087891180188716,0.05151050228908722,-0.04524403710221668,0.03682321371268006,-0.019740422142107895,-0.05503637766217595,-0.006249461216303696,0.07014732559983126,1.0,-0.006755621598083348,-0.03384683942478214,0.039069991002532695,0.03307028003196856,-0.03425594795726322,0.05739371949614118,-0.09108917639284013,0.06275224997170314,-0.05927622477354774,0.010550502139055437,0.03725206963535532,-0.046945848366296186,0.03203050448107184,0.029610493045202625,0.2239010941290638,0.0974586739928318,0.017932776418543715,0.09183586819677028,-0.007566354438974684,0.06569742958317054,0.00781914225331741,0.02472685616367413,0.046716780898744946,0.023457393169610798,-0.00325867926844162,0.01618463720663417,0.054819034039868444,-0.01329593462211462,-0.0009617645368250213,0.014288550978046488,-0.03232299081143594,-0.00943544467375808,0.054376538236458126,-0.03736339831934726,-0.02061246564749145,-0.01822262250643898,-0.014344309759391376,-0.02502030122389898,0.04452120776449484,0.008228462820745769,-0.0016693245952860327,0.06918197688508305,-0.002817853346636764,-0.032517177287409604,0.07489957862484745,0.02965907489296431,0.01509167968846583,0.020024171872631374,0.023267913604836505,0.009963429101845327,0.008949583241513744,0.0341499053164675,0.017382615781714683,-0.01204517867300227,-0.007349888801733533,-0.043286447456610005,0.025131198726701054,0.04216849294491645,0.07628147697290731,0.06727702646272314,0.07713502692313236,0.09090604350473974,0.052462158734264325,0.04635541536235512,0.001964035887042535,0.035326056127906465,0.04210290293575409,0.019068561446618604,0.04036466148925697,-0.0010262350255202245,0.02642097778986594,-0.049682637339843086,0.04930382069669832,-0.06673150869929578,-0.13765841310683374,-0.010351838527367811,0.043463380862123806,0.11373219312375377,-0.003425254730614568,0.01938157789040377,-0.04681883366714698,-0.04451532460304359
Calcium (mg/dL)_value (mg/dL),-0.030216444810720926,0.09328705378876527,0.008435818470931862,-0.0075822987128989485,-0.02648983362379292,0.18407834651970284,0.0405119540158662,-0.019413392568745105,-0.009537886062966903,0.04089223151142252,0.10926540283542348,-0.10853782345082205,0.024622162673542107,0.05526623714721446,0.002829938794785106,0.01187961083191266,0.026750061643648324,0.10924267462845674,0.12927635867069928,0.0675778867582986,-0.07922767691337117,0.07976134544025833,-0.038962267859473675,0.00046568681036551215,0.08471353055166662,-0.006755621598083348,1.0,0.04132898616651269,0.05041829949834254,-0.061318945825200706,0.0325093578622218,-0.05788225778730444,-0.11197299817379615,-0.0351801698549739,0.13465113638258583,-0.09088621871380949,-0.004898576431395877,0.02162598782760383,-0.010420899604378095,0.054759142254624006,-0.03727817471720783,0.014689922793480921,0.004507254838101943,-0.05280495796706046,0.03829583561411609,0.05376979916325072,-0.00915141030017427,0.017793239480295757,0.02519352735893214,0.05048814533904245,-0.03486246615693802,-0.0052379551650624835,-0.0030262509491903525,0.02173462702186086,-0.02335147729348764,-0.014815148075720904,-0.003838128462593578,0.034729747144556865,0.032812248928061206,0.03847148894999989,0.04822977505920319,-0.005243996228794432,0.014303023765175548,-0.0004962327907905891,-0.0004980445901867751,-0.010621833713158568,0.012353942903160163,-0.09821131450458076,-0.02588654392826224,0.038412896210084375,-0.01274522982484935,-0.01093428281543072,-0.022718821521152358,0.005822880970572762,0.03657226664424887,-0.011838661694605823,-0.042600174277600586,-0.024755981673142222,0.0034365316425353327,-0.015002731916993717,-0.0053593125092924075,-0.07400599415325589,-0.07408392820411051,-0.058237231749061674,0.03193495938106198,0.1288228391343992,0.06925675840282201,0.021968734422514864,-0.04245010214766132,-0.019017776968835824,-0.03486252053967072,-0.0076404560771140325,-0.00582387224238884,-0.04115519555745299,-0.04982289272860447,0.03407326668847922,0.022164304980111255,0.05613234205735901,-0.01121438712097575,-0.008624528983810109,0.12105455846933473,-0.011270747759737696,-0.15751965752642777,0.05710703207645791,0.07746255589193314,0.010221418109375081,0.024245341039938823,0.02007722658960452
"Carbon Dioxide, Total (mEq/L)_value (mEq/L)",-0.00624196697024741,0.0005575961535431122,-0.0006270679939496405,-0.022234883376613675,2.5753817909425215e-05,-0.011996442857590306,-0.04224165860930965,-0.0018719902251891011,-0.008702231799590733,-0.014999812273357909,0.026196849973535278,-0.03998733736783246,0.006592878849364052,0.01512253011069833,0.022116916415240977,0.003291820369442957,0.1198626158462455,0.002356389871021572,0.02502492054559386,0.01700156630762008,-0.045335330027255684,-0.015646948728344115,-0.0412810320678081,0.015911098959127293,-0.009609517457491508,-0.03384683942478214,0.04132898616651269,1.0,0.048702771266742044,0.030022484441945836,-0.05562135170240614,-0.04518400524399501,0.007132884193011281,-0.0027307467478736662,0.014180943578864178,-0.10875627213294034,0.018503818689482247,0.02206223348123454,0.011748332082932753,0.03947446599397266,0.0297752160932828,0.017679064184960736,-0.035247586883049645,-0.02106267241288245,0.007068695283436094,0.03637405995408408,0.020946823947489094,-0.008162468538117584,-0.03960830921691428,-0.008414262616716295,0.030398018318638743,-0.01901288960247258,-0.03606573942105249,-0.0040758890555049766,0.02054593559769739,-0.001371658828314369,-0.02229463161891394,0.026330502364174627,0.038848920859335896,-0.018472797965479636,0.017375699456728042,0.029801543797181557,-0.010979989753566104,-0.0035680833795502936,0.0018862220848920215,0.03989179504217477,-0.023768146697459344,0.013969024723153568,0.011820636777748167,0.01798464834252766,-0.012424087726589636,0.03311768860695661,-0.008338339326585554,-0.044869884145457395,-0.04506817165762698,-0.039757418932150144,-0.027272730883386682,-0.030277128394809977,-0.023321751834828732,0.079706857218209,0.0008973369287829193,-0.004610765116532996,0.03308310102873006,0.015082839660879711,-0.009408023639745133,-0.032685812639338126,-0.044463613740942556,0.008296190517604756,0.0004995448737445581,-0.027666647842119637,-0.011199936000019206,-0.04426159415237595,-0.031545180469190366,-0.03328599095287697,0.011219823436552182,-0.010167975437668843,-0.011226991827755215,0.015999561014604455,0.028716683951864195,0.013532496868205963,-0.015875089775123873,0.009940623231380506,0.011156904052369762,-0.02566882360118712,-0.020515564068136895,0.013593187677247648,0.009210475449050962,0.010722919801129905
Chloride (mEq/L)_value (mEq/L),-0.020529054298113105,0.02305077251714694,-0.06222900066685371,-0.01912446534066463,-0.038461746461984476,-0.032610568607511006,-0.10653870275322624,0.01974906989830285,-4.830198296547234e-05,-0.021130159549947708,0.03765638488692503,-0.043354098061302936,0.044066214998663096,0.05898393067375556,0.04344147882794384,0.02773057219992864,0.08623801079858937,0.06687380173554862,0.046644487922735914,-0.003452239436573302,-0.09436232958625293,0.018016243813794335,0.0005704963945850419,0.03495506420482746,0.011748680293753309,0.039069991002532695,0.05041829949834254,0.048702771266742044,1.0,0.004231864700743332,-0.018975512819783883,-0.05586855647926165,0.024457791574943516,-0.009593125722196845,0.03261129517808521,-0.004564172812061013,0.008364665543185223,0.009385548350033619,0.007004547540016745,0.0414716352441615,0.028434659144127725,0.045952404267962696,-0.06583942150654437,-0.017736024390767623,0.008842980322090757,-0.002516095953517497,-0.03147308768318722,-0.00866060769078205,-0.0957907495410397,0.024098644989291634,0.002561309414825427,-0.05971498294892096,-0.09268393527817788,-0.04095677856753989,-0.040358509039301084,-0.020699175546916495,0.030811610930765516,0.009989435118927857,0.053502844490687665,0.02798865025649962,-0.02091577154048097,0.04387526924570464,0.09439862412163325,0.045485661112752096,-0.1042013170116349,0.016004201403886132,0.04289647770496109,-0.05719019612833369,0.07045218746823968,-0.008204029768630489,0.04300492801157017,0.10208319160267966,-0.019255697039238594,-0.014024702419914548,-0.03590881058843475,-0.021421462605410876,-0.03491158586245382,0.005245489811359126,0.0046655698203526535,-0.03212853110348445,0.009925500196033407,-0.04374540022506237,0.013227872656876454,0.02442689425617951,-6.664454622958033e-05,-0.03562918858567077,-0.043481330762016664,-0.04725157997176269,-0.029467894724879568,-0.04146602973813771,-0.014896248536106316,-0.005602419974007899,-0.01110911822582686,-0.008650432696040107,-0.029252511394460442,-0.01620188801763353,-0.009966776929039873,-0.03616213046645679,-0.10947232590879248,-0.01945618841399925,0.009537574011059279,0.020293448814743344,0.029926887756902845,-0.050398476258210964,0.03861759045899174,0.026279062272769774,0.017602950989399038,-0.02053652276152058
Creatinine (mg/dL)_value (md/dL),-0.015705921676599444,-0.01828988709255613,0.049215755644929735,0.00788982236412511,0.01321138633321561,-0.027114099843233343,-0.009991941041862979,0.020209789682731544,-0.013484169796763645,-0.0030692644498425546,-0.05706321333198882,0.0012584381806407486,0.01945186929124234,-0.006458412192683816,-0.01520378114331769,-0.024097750576801948,0.02100041336359733,-0.09078424902156872,-0.026391013549953404,-0.017512569028043812,0.018694165185234427,-0.011004508540596881,-0.038943774926147534,0.018915767033057553,-0.0501796428207434,0.03307028003196856,-0.061318945825200706,0.030022484441945836,0.004231864700743332,1.0,-0.05093441551330859,-0.00020896334410408244,0.022245281384645568,0.0677071054842024,0.019081004077318005,0.03049258363690227,-0.013154438840581208,-0.022142340444687495,0.07234036259611248,-0.04155651960570658,0.137506774624268,0.04342938854247458,0.044822694373142014,0.03683668825923389,-0.028767454695771928,0.012091489876472601,0.03043661543725494,-0.015594107522819407,0.003396178148882331,-0.008313949732257525,-0.020955717089831613,0.010680320626632434,0.001410650962299898,-0.03319003272692133,0.01496235647370529,0.022643243550268973,-0.03284433546216241,0.00579106404671583,0.06560002672033177,-0.02424685747891126,-0.02188823874373762,0.022671841251710057,-0.004382897216475663,-0.024333630077066522,0.03384267922692433,0.04995017546608886,0.0053480505723427245,0.07303678125877038,0.002334649589502049,-0.0019225948128520417,0.03672188991288172,-0.016597836367113285,0.03081476268444901,0.002212385201809662,0.008514637395200643,-0.021986828674214354,0.025077081568302625,0.01313915257823625,0.04355876787588629,0.04825656867311259,0.017694894302610394,0.055474390909439265,-0.006465860691943149,-0.023065259658010706,-0.001443162773256982,-0.03493207514485124,-0.028625313485469123,0.016468642713324235,0.052737968605853884,0.022354737140271936,0.006312873220356784,-0.0016180826433159529,-0.002258670023815489,0.029935797939459358,0.06830887878222543,-0.01689714905682514,-0.006873027669470313,0.017816904953662643,0.06963733456466055,-0.019757369733742473,0.006418435461278502,0.0077020496425018814,0.010940938369843759,-0.02745279919033515,-0.041299008250349094,0.017047759791735048,0.0029382441879905645,-0.00435086986006725
"Globulin, Total (g/dL)_value (g/dL)",0.021103917455891824,0.026787623115165183,0.018014677634118917,0.026906397810868822,-0.03209599311502004,-0.005287041940092803,0.02492065136821402,-0.007455788205668104,-0.028499676222848505,-0.04027725498225281,-0.006547930492212439,-0.07425277898617269,-0.08942772950411956,0.008912392603443765,-0.011512910544167459,-0.10443088180237074,-0.13448027823030334,0.06056791723147256,0.03161217178312448,-0.01180422093762348,-0.02571808570228519,0.008089991949792003,0.015361684247038942,-0.02880950396935051,0.07294881696201268,-0.03425594795726322,0.0325093578622218,-0.05562135170240614,-0.018975512819783883,-0.05093441551330859,1.0,0.03828408213898501,-0.09326463033893424,-0.026617992736333744,0.02047916637685681,0.0024088583745590173,0.0320413999115952,0.03618090893651635,-0.08587176523528904,0.02045205378084832,-0.04768023413315297,-0.022668163022242095,0.005985695544240078,-0.03300356339226194,0.052979102375680646,-0.04106242843686201,-0.08219741340748042,-0.010468499976756187,0.019399013218619015,-0.0005076941162925187,0.002152395386240713,0.07932089742444773,0.08188515686063515,0.018524075624027636,-0.023445889045514364,-0.042171423175177164,-0.003950539489570953,-0.015883967517317337,-0.07266095289781066,0.045514651431202535,-0.00918148685408142,0.013413241973535075,0.006314370675418307,-0.0037675519037511694,0.007717240603574159,-0.10436317420281743,0.002944648686908654,-0.050380596356073434,0.003205125018367223,0.03664785651250961,-0.06341308574170167,-0.09981826224445427,-0.027744088706636423,-0.04817391367704286,-0.027636616923814326,-0.04537034672157809,-0.025844300068843546,-0.04057145700781405,-0.05550420198874487,-0.04612568769909143,-0.011198344953210317,-0.026961762616559047,-0.019920829716602695,-0.0374349018592993,0.012008462576339867,0.05727685717573082,0.04698127749501747,0.02277752024412851,-0.04415493142690942,-0.011589858153481642,-0.013996752147053896,-0.055540696628459375,-0.02473333205321322,-0.09056715266875659,-0.06647840873217911,0.057939311635304296,-0.0159600642309992,-0.013854648080151105,0.04151181345619995,-0.033823143079143664,0.0301117279193011,-0.03108436279844757,-0.04876750357187728,0.020555551791410918,0.0038258820716191525,0.006682221813057737,-0.00628749857589729,-0.021946788627732795
Glucose (mg/dL)_value (mg/dL),0.022764500415243232,-0.04226279235272524,0.08060544142900633,0.05657164851321014,0.011871516167546982,-0.014295249556637376,0.09382644944230446,0.014963799293739049,-0.03563106189349343,-0.020470877090927937,-0.1154566269652082,0.06883367494725184,-0.01230804493405887,-0.025892487302079208,-0.027986821640343548,0.016454442360888385,-0.08721798077210262,0.010595881239486368,-0.05130150938504856,0.020340892869954212,0.06431011753812399,-0.017787436147256804,0.0420291555609184,-0.0051528701206166585,0.10646986215431914,0.05739371949614118,-0.05788225778730444,-0.04518400524399501,-0.05586855647926165,-0.00020896334410408244,0.03828408213898501,1.0,-0.10034748180458039,0.03972124227365217,-0.08751734662398264,0.05634714756979333,0.059074135649723344,-0.03285039301597143,-0.02850756219560807,0.01935932558879054,0.05073661906545096,0.006623081011387202,-0.0016767059904215325,0.053489919649313496,0.013778869526196901,-0.004887888394244191,-0.02413829553373434,-0.016944532349641352,0.029287960852615553,-0.015416219657754825,-0.012433676720392067,0.001314595337858907,0.030917394798683676,-0.018724987024514424,-0.006462456580062246,0.03642561787041224,-0.035390964644490264,0.005387667980145265,-0.0620871285855377,-0.04785809457873091,-0.0126908022612711,-0.02461215528663884,-0.040113194525349845,-0.05996528707943762,0.0476387356410379,-0.05706162077686238,-0.05731840551684395,-0.02232464136452272,0.019358929941814033,-0.017570440175021882,-0.03685052721602877,-0.03849961982687639,0.02700414315835982,0.007181045720712731,-0.014664783335437023,0.04115638732045561,-0.006847261712729073,0.0626347834477786,0.0023270662857586785,-0.048341881983291854,-0.02448594712985654,0.006071817332378381,-0.012555541278532052,-0.007273984953273337,0.03828860244489514,0.05368336616150363,0.05880734812489129,0.06004410050453055,0.013838165877817122,0.005895858337705602,0.015419505724245578,-0.05780443980194946,-0.0077993540142075705,-0.006344023318973221,0.0011448029632125714,0.07003779692409746,0.006719693247841003,-0.014583325877152,0.08996561065031491,-0.0751733499629728,-0.05443782771511863,-0.059569890155820454,0.021326591448466284,0.04680220563866314,-0.0153266871710392,0.02024370128046623,-0.04791989529237823,-0.030906206138019202
HDL Cholesterol (mg/dL)_value (mg/dL),0.02390784924133738,-0.06554282764284725,-0.16169752328493103,0.02475296159694607,0.015868852955513487,-0.17538968784777004,-0.14045493185451113,-0.012421649260323632,0.022741794318083784,0.05654352961563528,0.10593537508119673,-0.03514037780980763,0.016597652590355165,0.023287857779196123,0.06622819668744111,-0.05461325545724624,0.0503284994417675,-0.1836860755477812,-0.039774934946749343,-0.06793282047605084,0.08529146415524037,-0.049367151351190935,0.00986893849295489,0.025065381449898602,-0.22041987704533172,-0.09108917639284013,-0.11197299817379615,0.007132884193011281,0.024457791574943516,0.022245281384645568,-0.09326463033893424,-0.10034748180458039,1.0,-0.006870605529585335,-0.04428246757685113,0.027670979903099684,-0.12708739125121446,-0.002103650589351437,0.07520080125644309,-0.15688607707760271,0.0006830609076746537,-0.005506754285678489,0.01183591845066853,-0.11913842285995084,-0.11640693157380928,-0.04721838369119532,0.006545160597667642,-0.017384819418362188,-0.15870366012774612,0.034217565807515254,-0.05347079214766221,-0.05519138485194772,-0.15180041061545188,-0.0916822182132002,-0.010123296272241062,-0.026806522219863894,0.016257556185247973,0.06347471275660815,0.06585589646785402,0.05308930374690095,0.02863457245992733,0.0983454588592799,0.14046355644687172,0.021458513772953297,-0.11590793908098321,0.06504590595815547,-0.008961261340364002,0.0568994160365445,0.06036368679314413,-0.031447294489565444,0.04376612195980239,0.11076253551121074,-0.030780672393450777,0.017560694662886484,-0.06567283434034572,-0.0887528976482062,0.06027773781215941,-0.01897131838415561,-0.005102311119730974,0.02565521695374385,-0.01438769683505183,0.09318207579373035,0.07950504651775164,0.050215312449029235,-0.08786432557289771,-0.24744841128286346,-0.20140453409538925,-0.1431134956327219,0.027161644276035034,-0.01012466591134374,-0.02399215706467376,0.08112677888383817,0.03919286834745626,0.06446746986236868,0.10702444682599939,-0.05247591938375323,-0.027741368265424185,-0.023158347492011348,-0.16022544400826796,0.05572638516208912,-0.014159965477693316,0.08102216536992018,0.17588298158645685,-0.2066362182124678,-0.002453174054704051,-0.01735526160993026,0.008819599442951838,0.036630220309789734
INSULIN (ng/mL)_value (ng/mL),-0.03914828482730186,0.023709430772810736,0.08849271229943967,-0.0022761382014927934,0.055325671132780745,-0.0450700712377177,0.11761967953088674,0.03752118091707752,0.03305526542591669,0.021712691057413608,-0.04639722933022786,0.028246075666560035,0.05185398737793572,0.02152852534562224,-0.026977254165699315,0.021417370398077912,-0.04419371628370542,-0.04184288041627687,-0.04983276058759137,-0.011647518254465165,0.018742993961113525,-0.05539958239135777,0.020303208012367888,0.004892589469887564,0.005774483120345682,0.06275224997170314,-0.0351801698549739,-0.0027307467478736662,-0.009593125722196845,0.0677071054842024,-0.026617992736333744,0.03972124227365217,-0.006870605529585335,1.0,-0.023722839934310642,-0.005041134757568274,0.006446951147519079,-0.016718170160670835,0.042441853516798835,-0.0027890534286084054,0.10425479628090313,0.03346731524680341,0.03372093048191714,0.008496125099678321,-0.03142078487660964,0.017632494297712895,0.03561773334842435,-0.013140231629523137,0.015680132314283866,-0.02524829100662476,-0.01352354782436227,-0.019159872354801374,-0.02321528887467209,-0.011723754901365664,0.0357508792248589,0.022378654567766252,0.0246512399757232,0.012256581629681976,0.008783485483536281,-0.013365581858536004,0.010866309083482309,-0.017815311396166288,-0.01138368031287295,0.020762283646167785,0.043901702104080655,0.006113985556834141,-0.005075854962267712,0.02173535758420101,-0.013464739548051052,-0.0020151359216099636,0.019437534882737417,0.014205231207295294,0.020679266106866608,-0.013779898378330888,0.021381502720285245,0.005577077725228576,0.008718684879393417,0.032029482862914876,-0.008603168779300585,-0.0415791337781449,-0.022283693678008008,-0.054846010752627086,-0.023000328033246954,-0.0026078101135250708,0.05190575143383039,0.05333228970148259,0.06434906674646791,0.061337552641548373,0.027549606172924013,0.01420952733768729,0.049085295841774214,0.021122960558787377,0.056866747304131965,0.017040401356919505,0.03664582647067545,0.030055007256614072,-0.004636018423080737,-0.040905286845228365,0.019000032296808845,-0.048340739179094545,-0.06403058304631855,0.008776815140688777,0.004011339777444601,0.07986029199067736,-0.005764291633333908,0.01586399850355246,-0.028340539499512263,-0.01035357525187492
LDL Cholesterol Calculation (mg/dL)_value (mg/dL),0.0322523053180253,0.06193663467206965,-0.10847504502922002,-0.08233202191577726,-0.1729817596815952,0.0782742032781227,-0.06471996312745608,0.005338052970890913,0.028770972733952873,-0.035518827469388184,0.09686312880306369,-0.09023669945008687,-0.03968049530608598,0.0491770628369395,-0.06836612792020172,-0.0024730807756671953,0.07649314779552893,0.15562381131877526,0.029266989734943787,0.19148718191456723,-0.08782995982765432,0.04585379522320231,-0.04172508840882528,-0.012486979732530533,0.03582817035550488,-0.05927622477354774,0.13465113638258583,0.014180943578864178,0.03261129517808521,0.019081004077318005,0.02047916637685681,-0.08751734662398264,-0.04428246757685113,-0.023722839934310642,1.0,-0.057445718782590104,-0.015592735599600716,0.06709445519466754,-0.10508096204053409,0.06324091605015221,-0.104558568149937,0.02766471919961402,0.03581792982436013,-0.08556804837840773,0.01349563065952375,0.023044882177342563,0.032309576460231554,-0.018581171697301727,-0.05386466205021024,0.02423800797620953,-0.048218298172760764,-0.010540251523709883,-0.08870300470842193,0.016049721105041548,0.02703943946087834,-0.07089167363378071,0.07118182714273068,-0.025722547657776904,0.07508499892023189,0.1755476052759437,0.08941798950215522,0.0677843825685689,0.0523223360438918,0.06964223779265259,-0.05577339964087624,-0.07795922728311529,0.036935198391328,-0.15284227889245183,-0.020663351230162254,0.03572116842826098,0.014345320247304616,-0.005900562477939876,-0.1166779219455498,-0.047543667981483295,0.017168305717915586,-0.004490000000885175,-0.06946151535004295,-0.048520492335702305,-0.03797060208498184,-0.09988221692594405,-0.008542366412489647,-0.07404711971515592,-0.09290540029952446,-0.05220962260405853,-0.00431017287761563,0.024544027817357962,0.011907412643293569,-0.07088253774443952,-0.10745566257617975,-0.11836907146117645,-0.050255978949942846,-0.06455808253675818,-0.05442357271989288,-0.008020836475545036,-0.1026812554379298,-0.019452159852124656,0.00877309473453297,0.025860647432286,-0.07784929289953704,0.010519307112473387,0.12821756991966704,-0.03306032967825058,-0.11149483346031658,-0.016234314751995802,0.07757897130723955,-0.024671847521705852,0.044387007557414884,0.09034879649994534
Potassium (mEq/L)_value (mEq/L),0.02377877668118039,0.03511956028707959,-0.04022323731169133,0.0025097738260075365,-0.03469044605600043,-0.050760730822553696,-0.06475875314928628,0.0047054890782241236,0.011870393943349038,0.01020723212355357,0.027456740627398477,0.050237273636216814,-0.04475942046385242,0.008388003544051321,-0.020487825660212466,-0.03859443097644134,-0.08570234217310993,0.03573731733833998,-0.011218675708702124,-0.004816802318377735,0.08561498834688439,0.028581841015144167,0.004259520881801238,0.017415383353464892,-0.04564339050244087,0.010550502139055437,-0.09088621871380949,-0.10875627213294034,-0.004564172812061013,0.03049258363690227,0.0024088583745590173,0.05634714756979333,0.027670979903099684,-0.005041134757568274,-0.057445718782590104,1.0,-0.03778311315231635,-0.005652506335048265,-0.005738337404683761,-0.1144441965659467,0.018043428900869466,-0.01771313938056473,-0.02835943147640701,-0.013258557939637192,-0.010609339910240892,-0.10813506017509265,-0.07122687457043313,-0.03872211006117541,-0.05679596195497776,0.005223206120309519,-0.017277000136638247,-0.017849813971672117,-0.0335676897793244,0.008714124518421669,-0.0271540137315795,-0.01633306873838336,0.02240164790473077,-0.030249743580025138,-0.021573351620700947,0.012952843499333018,-0.05389931241296713,0.025321054506618177,0.1532889651892434,0.012016730571851257,-0.04604626794669609,-0.016811938474944572,0.0107474515522578,-0.037649687002042444,0.04283989587714295,-0.06266520312694253,0.04776675556907464,-0.023801084713276983,0.0041801269680168925,0.01211306272837732,-0.006152635204057672,0.003821591534198516,-0.00514555651332691,0.029651027988923724,0.00501128939463884,-0.03593684299626375,-0.016244789707720392,0.08519098885602037,-0.008641106409388716,-0.04574049131094773,-0.05675598482480355,-0.05219604106886028,-0.04902846892299149,-0.06523241105137556,0.024659420352703836,-0.008703194970836369,0.005433247648297068,-0.002287915730355461,0.016952865635582178,0.05414970330046796,0.03445563300717524,0.0050183555853132965,0.0022582515119935354,0.014074519969458707,-0.008411973524188987,0.008615521542284833,0.0667068451161507,0.006120095290863011,-0.005792429846657962,-0.06496667677295363,0.019579306971375297,0.012893941420027937,-0.032573566766638584,0.032953701123111086
"Protein, Total (g/dL)_value (g/dL)",-0.016616195736625847,0.054680042936524155,0.10005645048027842,-0.03512484334204667,0.014669655238498508,-0.03683129379413233,0.10857280232543268,0.03718212069355284,0.06348430373849598,-0.06105261006570391,-0.09333361531052242,0.02518720254534696,0.05715037351906221,-0.0053781214884688275,-0.006584325632391536,0.028561278467535492,0.005112207731706767,0.0752753064904227,0.023639838967744038,-0.003165585613822464,0.022761551344060278,0.0029413902835012753,-0.024282031093190166,-0.024033846102824708,0.0925162314952483,0.03725206963535532,-0.004898576431395877,0.018503818689482247,0.008364665543185223,-0.013154438840581208,0.0320413999115952,0.059074135649723344,-0.12708739125121446,0.006446951147519079,-0.015592735599600716,-0.03778311315231635,1.0,-0.014474383212907912,-0.041467646164247036,0.12118809991083243,0.09214368074324994,0.05308042654375324,0.005114563123790635,0.15307400860304365,0.04832771127922105,0.11257240563538765,-0.01869211741235811,-0.020417477717054745,0.10611803549719134,-0.0578448258272113,0.03838536555688321,0.017194660973487312,0.058966994441459565,-0.0027706021601879996,0.013647658459541741,0.03877510867671179,-0.020716545111711906,-0.06155065379072728,-0.023471212283877625,-0.07179074231408515,-0.04595197055876648,-0.06933787614337626,-0.09007292544843162,-0.016612337505012932,0.04625872682948707,-0.006301317889856308,-0.037076490965629,0.007360556871524621,0.026281176353091296,0.0013700859192813121,-0.014082770701370883,0.01041851632694746,0.027627136978267266,-0.024516357307764233,0.034979493931085154,0.031095162265318617,-0.02815441813850072,0.0028661631777445887,-0.011496764738384692,-0.048576407081230316,-0.041005536722821076,-0.0630525798875365,0.0061632538539036505,0.020797869680650668,0.07052360888941174,0.06802327295482533,0.11451410175493319,0.0936716101086476,0.00805685061658511,0.035525674233213685,-0.018399738648968232,-0.05668275722433722,0.0003142586577544514,-0.0355346269328146,-0.013089881570357276,0.023997092755598554,-0.03373180421393873,-0.0435732706518171,0.05989883942950502,-0.06236139767687683,-0.12272657159574148,-0.052795577825359416,0.008139954226175484,0.11814366597275305,0.01150715783266888,0.037558512998421445,0.006207183295193657,-0.020187121200357105
Sodium (mEq/L)_value (mEq/L),0.01692476212881008,0.005385578699531345,-0.06238266148528123,-0.018776140985930168,-0.07709047930119803,0.026481218972000845,-0.0681868047557859,-0.026805739876575165,-0.018071475197971646,-0.013479095589156335,0.0413088731124771,0.006719496053131059,-0.04138692445247505,0.02461013541983198,0.017302816487901853,0.005717092224691892,-0.006799496518815832,0.07988570874954085,0.04481091731382645,0.04137621373959957,-0.04279543615771245,0.03152635626624043,9.322934375227721e-05,0.0026178336050824876,0.003517390033586792,-0.046945848366296186,0.02162598782760383,0.02206223348123454,0.009385548350033619,-0.022142340444687495,0.03618090893651635,-0.03285039301597143,-0.002103650589351437,-0.016718170160670835,0.06709445519466754,-0.005652506335048265,-0.014474383212907912,1.0,-0.1006163783609376,0.019503357076139993,-0.014027877543713412,-0.03742146239141242,-0.04805895503045955,-0.02063862617347343,0.011768324704130447,-0.014662373856151125,-0.0015740565382624532,0.01955976277677039,-0.04857819813975474,0.07566801827579084,0.014440106246090706,0.011839813901750741,-0.0012463725008994195,-0.013234581505922886,0.018730982874161507,-0.03506229795712824,-0.021340481706296686,0.015393306454823072,-0.049020737608176476,0.08682964200874965,0.03569812236578284,0.0395995047379223,0.07263088826956304,0.01359346687534689,-0.024729301443480876,-0.09138556886765203,0.016717548477339746,-0.04437258924142758,0.02943468180868422,-0.01245640312135201,-0.005619423059586364,0.01888807923603741,-0.06114169230224172,-0.036751070878639,0.002311047738277765,-0.029020461702811372,-0.02107012131350004,-0.02938378372883943,-0.042754194892431645,-0.011600420613082519,0.0025361959130783727,-0.007338827787527127,-0.01580848531388704,-0.0077153809634328396,-0.03376301947326325,-0.008008082112900243,-0.0360316458447892,-0.07008377720723731,-0.04275287901592244,-0.021648442000023718,-0.017738507892941884,-0.0228482332195258,-0.028284909246084768,-0.034826499962152126,-0.033041564160377075,-0.0032926612954963888,0.023030629303476043,0.012592765944455705,-0.024894917012571714,0.04827975827988405,0.07932550225583035,0.011124428972673904,-0.03293717901183035,-0.047668364118248645,0.02309654481899364,-0.025514423840294974,0.018119149807054986,-0.00751036035563525
Total Cholesterol (mg/dL)_value (mg/dL),0.030555146883655737,-0.03802923876540778,0.04850596602591517,0.087719257574803,0.061667759277881755,0.006891558812351427,0.0899245975786849,0.0644914629223727,-0.026580182352341095,0.03864244787641287,-0.012116764069511027,0.06230902191827091,0.13440427530493437,-0.0384164976683815,0.0013675933139392117,-0.01050547808700208,0.04005614971342476,-0.11777017119460984,-0.011533477679906468,-0.08640238807107661,0.0471329618904664,-0.002385076213732239,-0.0063902130865231156,0.025327400803214453,-0.05190690800740689,0.03203050448107184,-0.010420899604378095,0.011748332082932753,0.007004547540016745,0.07234036259611248,-0.08587176523528904,-0.02850756219560807,0.07520080125644309,0.042441853516798835,-0.10508096204053409,-0.005738337404683761,-0.041467646164247036,-0.1006163783609376,1.0,-0.031162243910082463,0.09100071284401363,0.06328023294252692,0.04320383657978333,0.011439877342127992,-0.04798104124459344,0.04679955834548449,0.03875854733101729,0.03833546194911661,0.01705425924874586,-0.02880585927080282,-0.0818949145272496,-0.0014249104415679369,-0.03934439349201694,-0.03091144484751142,0.004024702331135759,-0.00021169707732003495,0.01760361406863386,0.023269088781794824,0.10861838136045174,-0.06490139002363213,-0.0257993328005631,0.03965081194257887,0.019611390196087403,-0.03394266186313926,0.0038967635445197233,0.1314785968753727,-0.032841105717890104,0.07614522996077662,-0.02658895299035456,-0.03251493632820744,0.10362571397040062,0.06551211517843919,0.07198498851655782,-0.04101841172422942,-0.03287940270692502,-0.07507108095289788,0.014009950732061889,-0.018687769634654447,0.026395912986420567,0.08722114688635658,-0.03068666703714172,-0.03267942850609419,0.03714581716483643,-0.005305805054915587,0.0029907552838156705,0.0290519759467255,0.004841738483754374,0.042204415888973314,0.0921319891242438,0.0439064498305509,0.017830878170971384,0.005955048978897185,-0.007399565748353652,-0.01471153910246651,0.071797458195167,-0.01696279368949129,-0.006638430247019017,-0.007338284645167478,0.02501178184477127,-0.04950763598013664,-0.07645258159329323,0.00313531576545002,0.016198438500461695,0.051051746861613394,-0.02534819693127988,0.05329308740669711,0.0012138440057430065,0.014663996939571258
Triglycerides (mg/dL)_value (mg/dL),0.004479214846756164,0.06081375579683465,0.049270135443292666,-0.02792753546418969,-0.09557380836443076,0.09612763317274052,0.08295779427928482,0.007703177503406746,-0.014094157625527442,-0.032418548958571214,-0.051971779399371136,-0.005400586407549041,0.01925586006332496,-0.00021430846145862182,-0.04829102331658281,0.02576006891755251,0.09868588130750965,0.15422851768087287,0.04819347030698124,0.07930186221982355,-0.15968471464565082,0.04576202101080936,0.00912492275707202,0.0032148874121469017,0.19533011524923866,0.029610493045202625,0.054759142254624006,0.03947446599397266,0.0414716352441615,-0.04155651960570658,0.02045205378084832,0.01935932558879054,-0.15688607707760271,-0.0027890534286084054,0.06324091605015221,-0.1144441965659467,0.12118809991083243,0.019503357076139993,-0.031162243910082463,1.0,-0.0276413383344752,0.04219294467720861,-0.04995167071752907,0.06056678971290689,-0.018956517740227177,0.034748416784982916,-0.010464772177434705,-0.02115442844058338,-0.010347042941614055,-0.017597765882458812,0.007706175178940493,-0.061704276324954385,-0.017440974420288004,0.017136171124452333,0.019948574482637746,-0.010269955461924938,0.07581254173578737,-0.04540223486166935,0.028113396730297037,0.02548993395850565,0.034878256493455446,-0.014799893136405786,-0.06211074513151235,-0.0022217938040939396,0.006077544503572539,-0.027295850427925965,0.019608582783041697,-0.08318871320680335,0.004127804426064015,0.011727375442443922,-0.006211172325492067,-0.03351413793603052,0.013498662903528486,-0.02521577681741949,-0.0023332375274402154,0.017958381502124945,-0.049795660702854946,-0.00996598164303124,-0.016142669183923916,-0.03863407127845881,-0.02389331235442919,-0.06627404942875557,-0.03049810824832188,-0.036592649387515185,0.06422639987316794,0.10990962644338162,0.08420325580522899,0.06715328345948834,-0.041681206996409724,-0.005175970896916645,0.0012943811244560612,-0.07588427657368421,-0.04508740273113676,-0.03992181299032602,-0.08402348374475394,0.006335692190083098,-0.01164471244220773,0.01819354415442727,0.054955642104792084,-0.046287676490373054,0.024665625309990002,-0.05530226051290758,-0.087778855022676,0.12034769095969718,0.04451069463681705,0.01061165065380084,0.002601534657026757,-0.0062110321262105524
Urine Albumin (mg/dL)_value (mg/DL),-0.05211906822546711,0.036230640865699236,0.20694553258582307,0.009939901381559634,0.13797357484732828,-0.054052279333205125,0.13435872983437583,0.04567410395606038,-0.005716277212354199,0.05965633615382769,-0.12558853526920413,0.05573804926009676,0.1311558187445317,0.015517506851274936,0.08182937931508309,0.028222931356745844,-0.0006082894761928061,-0.1274611808517099,0.08618136576936203,-0.08345627346592545,0.12302984209236847,-0.016742023987972737,-0.0431285889403634,-0.035710316502942444,-0.026716065164354257,0.2239010941290638,-0.03727817471720783,0.0297752160932828,0.028434659144127725,0.137506774624268,-0.04768023413315297,0.05073661906545096,0.0006830609076746537,0.10425479628090313,-0.104558568149937,0.018043428900869466,0.09214368074324994,-0.014027877543713412,0.09100071284401363,-0.0276413383344752,1.0,0.08557661337493976,0.06502432259336426,0.23524259172887335,-0.01985928716613678,0.13855639439968034,0.024616578857595744,0.01989082574862409,0.038558957564038765,0.019191736197321375,-0.012167074844209024,0.050548112684814205,0.11451314756877201,-0.05700982488526407,-0.022641550100236236,0.04369674451601356,-0.11242657145522676,0.03642869852617276,0.06614881742661004,-0.09286443539290888,-0.06870663155893142,-0.04288695162668893,0.014789139248385019,-0.017732487856140254,0.11717441949813011,0.07668036085688335,-0.07949670517451682,0.11513708883321158,0.05208619575014244,-0.00781590255215011,0.1084868120744834,0.06064877239460116,0.04815093356856547,-0.00756137833943687,0.03402746597772165,0.028587289975657317,0.0811168384341728,0.10496901779079545,0.08142565847606782,0.03353084202775022,-0.03526490010784051,0.00992927668947403,0.052069823689700256,0.04441556630910426,0.0698673781981028,0.0513998006556533,0.052222458349814996,0.14556701451878015,0.0813678995034608,0.03332634843721547,-0.010045219756496837,-0.023180937428756262,0.05077130487659327,0.049136099418691175,0.16207283932916175,0.007782829759728446,-0.009094135020672493,-0.045424592980510006,0.12650748072198706,-0.06290063422373308,-0.150206909791664,-0.03179533490944904,0.08260445272541346,0.08030101707330048,-0.033064563093957555,0.03874384267217234,-0.007484638704413588,-0.07788441775448167
Urine Creatinine (mg/dL)_value (mg/DL),-0.029379684126299915,0.019958385840393115,0.06685938056231103,0.016870001153552135,0.021364136775980574,0.02040230270499849,0.07602485621199882,0.046433720183301795,0.05396155312433593,0.02077423817625312,-0.04695481798058425,0.03074742018090717,0.0769487805737616,0.0018717167186049896,-0.02802527746907859,0.03852473063139123,0.019167149131647986,0.0019326476169910665,0.012239079946981691,-0.01166557029634583,-0.025140552935122705,0.03673731152592724,-0.027801483698362155,0.04839673019111488,0.04059349048564224,0.0974586739928318,0.014689922793480921,0.017679064184960736,0.045952404267962696,0.04342938854247458,-0.022668163022242095,0.006623081011387202,-0.005506754285678489,0.03346731524680341,0.02766471919961402,-0.01771313938056473,0.05308042654375324,-0.03742146239141242,0.06328023294252692,0.04219294467720861,0.08557661337493976,1.0,-0.020444524575118087,0.042391007227142646,0.014605906108742536,0.08209538756540069,0.03313128090335296,0.009993132632674517,0.031116877212668766,-0.013083245569667924,-0.03457457836684091,0.025706908449634455,0.0011903559070191752,-0.025952401210941525,0.010568755027939,0.014098090467288805,0.007005818917012074,0.01491597064526277,0.03828582079108776,-0.026885149617786416,0.008049387460197073,0.001043467833323765,-0.0026903047499068603,-0.0005746681696958784,0.020607061175259952,0.04757760858360698,-0.018307403239945733,0.02869696982157186,-0.019757311634002094,-0.04629844043972386,0.023290087639109128,-0.003909980792180226,0.04567140637444895,0.023170640333757403,0.03142491955948202,-0.006866176768954408,-0.004360599286566205,0.01789870781696019,0.0011493666447052787,0.011007174382019095,-0.01265900019821049,-0.03296692219458646,0.0018751972495678773,-0.032188902472758005,0.04108204344971985,0.04520186339803038,0.03505400110454642,0.060286061454488026,0.03825623774230258,0.008934357495751812,0.026405466149213738,0.003690721499447996,0.012267303904261234,0.025487321524983772,0.03645481595585719,0.011309946843700328,0.01299204953050912,-0.011223703898405652,0.07789302589245663,-0.0675139741569275,-0.02169221557326633,-0.01436748349483508,-0.05531335679754824,0.08507068678604773,0.03393499885700075,0.0517483475214871,-0.022227513906226133,-0.01045128539775126
clock_visuospatial_executive_time_value,-0.01597049011100279,-0.0003490080340804658,0.0722714493764173,-0.011958434166665921,0.11207925259047151,-0.08038124212508899,0.04851331395718134,-0.0024205111307428807,0.04572964344318443,0.038307825174976926,-0.008017692702466593,0.046966943740425746,0.06023309813460014,0.0016094542116117472,0.0049100547707676455,0.029464113547288256,-0.07424537551724612,-0.08718680730413687,-0.038076387220550886,-0.034592669208078866,0.06447996700783623,-0.04480994700482884,0.018465432910165194,-0.04300028363150812,-0.027174630708786937,0.017932776418543715,0.004507254838101943,-0.035247586883049645,-0.06583942150654437,0.044822694373142014,0.005985695544240078,-0.0016767059904215325,0.01183591845066853,0.03372093048191714,0.03581792982436013,-0.02835943147640701,0.005114563123790635,-0.04805895503045955,0.04320383657978333,-0.04995167071752907,0.06502432259336426,-0.020444524575118087,1.0,0.08397480632480156,0.0616523125776645,-0.006887868874109959,0.03014980252895556,0.0517457707457238,0.11020903611579759,-0.029066571471240962,0.001825251880785752,0.1246817152928671,0.12151881551534646,0.040180273772302086,-0.0018086175933330476,-0.000660514219360141,-0.03797778113088358,0.007592370392895611,-0.012835500804617745,-0.09575797419159492,0.040361845118716606,-0.025037961720686133,-0.11452531799682693,-0.00948917414055595,0.02118977690351767,0.0591290474548096,-0.03597841316253841,0.03183063059068701,-0.03186536997517136,0.06481961943348391,0.09675201441905908,-0.011919875306332513,0.010623668582613231,0.028569154296154274,0.06772890450330758,0.07077638470734456,0.04706261421042012,0.07906495279007415,0.07314717138839553,-0.03837680648884532,-0.026003794647225582,0.02376898159750585,0.026407961458695,0.02398291426118458,0.005057414055679934,-0.019566786262600673,0.012408024739821857,0.008773281492926768,0.022308768082765044,0.045673160330324584,0.019502360453321942,0.005264670734156982,0.052659546697729986,0.061810368363675934,0.07946387883181462,0.04404490300839163,-0.013847153783796138,-0.029793979085225946,-0.027704063611797475,-0.019781855649205128,-0.055634667257611896,0.015097638532660856,0.04840711728339098,0.006288618875771106,-0.03479947825115078,-0.022825102746410485,-0.016773993593376425,-0.03944528941550995
delayed_recall_with_no_clue_time_value,-0.06780600546632883,0.014174378588498049,0.14421539880202497,-0.05921774079984775,0.10006520852201743,-0.05257100818436652,0.05152393117706283,0.041800133200548074,0.009242406660816875,0.013864310871140486,-0.1579282389869532,0.06662645373539706,0.09959182511595396,-0.00526143750412499,0.0950315559140133,0.07927675799738668,-0.004632698267935056,-0.055405405868518554,0.007720241941543283,-0.0663259164161545,0.08398301203771448,-0.008657252975307683,0.03354524448388493,-0.011167496981848244,0.0463004930332592,0.09183586819677028,-0.05280495796706046,-0.02106267241288245,-0.017736024390767623,0.03683668825923389,-0.03300356339226194,0.053489919649313496,-0.11913842285995084,0.008496125099678321,-0.08556804837840773,-0.013258557939637192,0.15307400860304365,-0.02063862617347343,0.011439877342127992,0.06056678971290689,0.23524259172887335,0.042391007227142646,0.08397480632480156,1.0,0.10924398574544396,0.16174491696483162,0.09236272783193887,0.012020599705987471,0.21441780922430898,-0.02785047683761285,0.0584786765952779,0.10459945053820979,0.2199545139596754,-0.013739373234310882,0.04369963043745393,0.08909951980968402,-0.1199842626044958,0.02937410032283646,-0.03899260734429757,-0.15153666021263387,-0.09519693099012275,-0.13661116174153004,-0.16802762846288935,-0.04752408124442249,0.13862267853670343,0.05133821127183754,-0.042077961393067055,0.2350483235036176,0.055264166913672606,0.03562473640498182,0.08295393649426065,0.03304999818763479,0.08825072091122098,0.004154381805752138,0.09240133411589206,0.13305311097854639,0.13656307416252036,0.1344893062683849,0.10984717954453804,0.06937747324969941,-0.000734120407363489,0.10971353058236176,0.09632167366860633,0.1260453234579166,0.03373116881799652,-0.03923577757722349,-0.016009847556790073,0.07748586771486904,0.07424235527591996,0.07777927417607264,0.05214735979050051,-0.06925730876485714,0.05834471078550935,0.08422974931883949,0.11723360416243939,0.017436584620477338,0.05114606421948497,0.02996885031705054,0.13838064865970243,-0.004527828037273477,-0.14225447213884512,-0.03469521412066052,0.13586782413540777,0.018517668710420775,-0.051639064367990074,0.03061980136685686,-0.022637868818026687,-0.09632525361772001
digitspan_time_value,-0.0724476034304875,0.027292953575200164,0.011892403961987909,-0.018087813687501425,0.05029923729062958,0.012351565865322711,-0.0020637071532564706,-0.005374510013522218,0.02674998872356392,-0.04656485792127568,-0.030896375875364184,-0.015871460026233263,-0.039175786438731534,0.0057958472375282365,0.008765281792749593,0.03652095600766207,-0.036916962863066796,0.03533506808351896,0.015977475203246435,0.010208803472476317,0.010941759089664339,0.03073564456785638,-0.010937972008856265,0.009493323409465303,0.057527352839090704,-0.007566354438974684,0.03829583561411609,0.007068695283436094,0.008842980322090757,-0.028767454695771928,0.052979102375680646,0.013778869526196901,-0.11640693157380928,-0.03142078487660964,0.01349563065952375,-0.010609339910240892,0.04832771127922105,0.011768324704130447,-0.04798104124459344,-0.018956517740227177,-0.01985928716613678,0.014605906108742536,0.0616523125776645,0.10924398574544396,1.0,0.11365801594222567,0.012824462421199312,0.05581744539371392,0.20591644446467292,-0.010453989822039144,0.07137946848750325,0.09191947513080173,0.21415019679552086,0.08482493333005243,0.027003716493626307,0.038815294190958645,-0.056571497259098505,-0.06217751451271243,-0.12493004328115312,-0.03605661168498719,0.005079066752712219,-0.04263055312308619,-0.08965582161214486,0.05418665616632992,0.01741003820765421,-0.023624968365005612,-0.03876349295189077,0.024870539692294278,-0.01607602578065505,0.05319181648929966,-0.00811744986088387,-0.04055913048021192,0.043949794300908646,0.03043231243159976,0.03871541746316318,0.05419630704355765,0.020410657532676586,0.05766825988304716,0.013005467091678895,-0.042370738093715804,-0.0031594083279198183,0.023109705464966924,0.00043019876694876217,-0.01961482262302653,-0.0037735931025838867,0.04185179455606334,0.00780213545884364,0.01287856839567302,0.025653620963856913,0.05026749295023793,0.013319224268142346,-0.01659002206484403,0.008191014704489826,0.01583791396289363,0.011356039483910903,0.015821688809285913,0.03559861283999133,0.01803225559886523,0.03850327276158546,-0.008875152788169999,0.06101731004844329,0.002885151376896855,-0.06044755609240504,0.02255448903396187,-0.004520573111826182,-0.03430547548176559,-0.021976401743005258,-0.05251770505217628
memory_trial1_time_value,-0.038148348564775746,0.0003533778018726605,0.08284919035939037,0.024351763639027323,0.026568382579409015,0.04006527203839061,0.041874880300009416,-0.010614163964622877,0.018770561659170387,-0.0029073733809143612,-0.0874629548191695,-0.027488747588162263,0.1048417564361717,0.014708069073295998,0.06456088095118957,0.031431296143924495,0.08036045419165355,-0.007713176107215964,0.04801194434389536,-0.04843427199870851,0.02047784267961781,0.03368880646109254,-0.010439917150386415,0.0012721452647904586,0.010022146139420459,0.06569742958317054,0.05376979916325072,0.03637405995408408,-0.002516095953517497,0.012091489876472601,-0.04106242843686201,-0.004887888394244191,-0.04721838369119532,0.017632494297712895,0.023044882177342563,-0.10813506017509265,0.11257240563538765,-0.014662373856151125,0.04679955834548449,0.034748416784982916,0.13855639439968034,0.08209538756540069,-0.006887868874109959,0.16174491696483162,0.11365801594222567,1.0,0.013772855546669153,0.023108417143277157,0.15144734220910408,-0.014345844359787514,0.014451184452144878,0.05249531304385175,0.11244664838953476,-0.0004759200354695221,0.03490741323243934,0.040428146324794426,-0.07850998381890435,-0.0517387152108721,-0.024564007561492535,-0.07700751356534809,-0.0227642812601005,-0.06138319512783834,-0.13173823185251504,-0.019213928037934088,0.09757103006592667,0.05508025303632694,-0.020586196201391446,0.1113651966109936,0.01094363271076572,0.020473707388020703,0.03025642206477851,0.03979349308815923,0.015724884213843684,-0.015715667460342683,0.008311530338642983,-0.0054350761445105195,0.02026587479277355,0.02912495758295367,0.01627200049690366,0.07812975696165742,0.0246092242860276,0.0024554119281227226,0.020543790842859382,0.009005130922477358,0.03620103185463503,0.04173110366845041,0.0163997160090329,0.0648535159680056,0.053775000918898655,0.044332884376667714,-0.010284674191271832,-0.045191861095969725,-0.027836524665852208,-0.023983824734690226,0.034835947309527826,-0.024819550218420732,0.017180312996663536,0.012665461349615789,0.09666814119659561,-0.028411979267027987,-0.04600515456830299,0.0012323815590596394,-0.010692084432555427,0.0471715209047276,-0.047860480697378846,0.016115588169678622,0.017792160669961303,-0.04795153659364356
memory_trial2_time_value,-0.07569067647360021,-0.03326057180543781,0.007135261434245081,-0.04478964990853917,0.1402885596215812,-0.05866160015434293,0.0008251930296495391,-0.017112486279260705,0.040449568039768194,0.04736811577294787,-0.033390672509844094,0.025376686969121792,0.015472500704984881,-0.027587123301115672,0.006710744280616929,0.06726046152441617,0.012609741394664777,-0.09222097917617728,-0.06049111291829835,0.006910068855013446,0.011035412302664757,-0.024844026356404654,0.044080541245072616,0.01256679182373429,-0.014900032677002401,0.00781914225331741,-0.00915141030017427,0.020946823947489094,-0.03147308768318722,0.03043661543725494,-0.08219741340748042,-0.02413829553373434,0.006545160597667642,0.03561773334842435,0.032309576460231554,-0.07122687457043313,-0.01869211741235811,-0.0015740565382624532,0.03875854733101729,-0.010464772177434705,0.024616578857595744,0.03313128090335296,0.03014980252895556,0.09236272783193887,0.012824462421199312,0.013772855546669153,1.0,0.047066605003930215,0.09154492883504077,-0.05727020498103463,0.059280625388741966,0.009046483612773265,0.04571392284444829,-0.0021653015287999835,0.19613663502393194,0.08838687128075087,-0.011576112996828015,0.002277027576804819,-0.05306883647270344,-0.11385563020389419,-0.05755041781482687,-0.08142138141750399,-0.11838657122213146,-0.02489433719638946,0.025139095535168337,0.06450112451083775,-0.07013224296279469,0.09773698084066602,-0.004779150318352957,-0.008393956795690013,0.06459035041165537,0.11016343896212387,0.06661958623869933,-0.006096603717696893,0.06180201812515959,0.07350583446203628,0.07512355340891314,0.03216469656625712,0.08859224229116697,0.013713790906056438,-0.014666981034453656,0.01632196576523153,0.05266930736801932,0.03972451277762657,-0.03832418153032204,-0.080172019236169,-0.033493352675617906,0.0024832446766268382,0.03947411714858374,0.05974315913750589,0.027674985507196527,-0.005224488871735237,0.04213749081934791,0.07431493911389252,0.052587273925127624,-0.01331307624086158,-0.028563329327228326,-0.010860982236957981,-0.0212961748743811,0.004181029224611266,-0.06283625919665434,0.010615557918914432,0.09771709873780272,-0.032089890400512494,-0.025409432871323925,-0.07887029613535233,-0.05006206628450661,-0.07181271324379712
moca_abstraction_time_value,-0.039183386199067104,0.006688415951586834,0.05182216847099296,-0.02397079293854608,0.060702311093438446,-0.022901320293016968,0.02131193014912891,0.0023268894854714213,0.03513328374170174,0.005160602473743611,-0.025691358639045495,-0.019385695796716163,-0.011032528499471096,0.007270103782280106,0.025919053354682305,0.011201892629844707,-0.0602742635550754,0.0012937310799317082,-0.016982030798531562,0.005373209549868346,0.03795836613531285,-0.009205086693148824,0.03284922495187632,-0.00655666123092566,0.0019042678333738117,0.02472685616367413,0.017793239480295757,-0.008162468538117584,-0.00866060769078205,-0.015594107522819407,-0.010468499976756187,-0.016944532349641352,-0.017384819418362188,-0.013140231629523137,-0.018581171697301727,-0.03872211006117541,-0.020417477717054745,0.01955976277677039,0.03833546194911661,-0.02115442844058338,0.01989082574862409,0.009993132632674517,0.0517457707457238,0.012020599705987471,0.05581744539371392,0.023108417143277157,0.047066605003930215,1.0,0.06935221239317033,0.00805911771872128,0.020181928926062725,0.06596503891986975,0.08355256400183533,0.03512716293573461,0.059065936081885685,0.07241565651746414,-0.07318696059196161,-0.007691020963822503,-0.042565801289078255,-0.06695008918865654,-0.04803602311589913,-0.05407542220873234,-0.037559211059158173,-0.06561014877616377,0.047661036708771,0.018211387922274076,-0.05716741730504315,0.03333815148396349,-0.010314085356135738,0.00487356124578688,0.01657314504764483,-0.017045022371146055,0.01663448398746554,-0.025077063520533776,-0.00026135806811908535,0.023809059883093255,0.017532146236617713,-0.012861295360085854,0.023000498199913615,-0.013478881326250018,-0.0030015527617084153,-0.002203477487784842,-0.006031017787960052,0.018134239791476447,-0.010601034583304393,0.023550637310807043,0.011563526933503756,0.0130844430923929,0.029755176324787774,0.0061842438544326235,-0.0001269442327298523,-0.014607215821785556,0.017910675203422884,0.00043504248472955615,-0.0019398093842962097,0.026266828608765565,0.011227575885278769,0.012907759367246512,0.021878583296556724,-0.0013577036139488013,-0.014357131651107014,-0.024435356892592488,0.010048236332689862,0.012693299535986425,0.015388240716807881,-0.045960577611908755,-0.02031287425654257,-0.02451775313324977
moca_orientation_time_value,-0.07649935847996253,-0.03286173683384014,0.1621458640077398,-0.02093104107675832,0.155039029485532,0.007967941311339552,0.09296223550830564,0.02799512230569086,0.020158005277612412,-0.016691715897720786,-0.12593805603470712,0.04949453016399097,0.03665451419458911,-0.03754803135110582,0.01731987539588668,0.04960690295817062,-0.044841795130606245,-0.05368949531579854,-0.06392275061326984,-0.062114496881924434,0.03525692675396686,1.969299257126078e-05,0.04683893150229342,-0.001742196451270315,0.07742102265684807,0.046716780898744946,0.02519352735893214,-0.03960830921691428,-0.0957907495410397,0.003396178148882331,0.019399013218619015,0.029287960852615553,-0.15870366012774612,0.015680132314283866,-0.05386466205021024,-0.05679596195497776,0.10611803549719134,-0.04857819813975474,0.01705425924874586,-0.010347042941614055,0.038558957564038765,0.031116877212668766,0.11020903611579759,0.21441780922430898,0.20591644446467292,0.15144734220910408,0.09154492883504077,0.06935221239317033,1.0,-0.05530157605986513,0.08639129062489337,0.1700321638519305,0.27230171189298136,0.11688036765961812,0.06908625796178502,0.06790099686662784,-0.13107955944946484,-0.030477077419433563,-0.11098478996820475,-0.13092515374119612,-0.006940671295409236,-0.1627447961808282,-0.27599141880542194,-0.043486478524604064,0.17866149248646077,0.03345094065475396,-0.021635651296982517,0.20448315494786892,-0.09045796978856184,0.08563825681330316,0.011064436054803051,-0.014075813483479523,0.07297759945683223,0.06667660948828324,0.04725149534443105,0.08566492032024903,0.05326671939829424,0.09132768811967917,0.07458713437671118,0.035191875826518844,0.010545185027090127,0.03981459857217588,0.035874953161725176,0.038888343693587665,0.05602736145218384,0.05575315107290536,0.04048925387706939,0.08698793351338643,0.06663985089751573,0.09430450212979004,0.07093157196986773,0.046516090781605075,0.06251542782256833,0.061776718989656726,0.04510332424300216,0.012302385652725735,0.03518913424497807,-0.015469781316140518,0.11238476185546696,-0.017018485811505134,-0.08443884106025507,-0.020616613436559756,0.026408181307806717,0.05788180731704897,-0.10026369134545342,-0.04086560704437593,-0.05880260957443469,-0.0533076610735434
moca_total_score_value,0.009206077549369016,0.01116033747221244,-0.04629491680812283,0.01949884333375011,-0.03894675693424542,0.06521722295098392,-0.040150093389784605,0.007986146823791838,-0.009562678608028584,0.05514790700626205,0.0630360074320192,-0.02352391202852244,-0.02519030957142389,0.01450617397180294,0.026295274996242967,-0.004417289618927807,0.01483299267633805,0.041770622086184664,0.08804089831184708,0.023842426059068385,-0.009231456402117985,0.05045551437926533,-0.04892494010836075,-0.027630899254598273,-0.012954758826213853,0.023457393169610798,0.05048814533904245,-0.008414262616716295,0.024098644989291634,-0.008313949732257525,-0.0005076941162925187,-0.015416219657754825,0.034217565807515254,-0.02524829100662476,0.02423800797620953,0.005223206120309519,-0.0578448258272113,0.07566801827579084,-0.02880585927080282,-0.017597765882458812,0.019191736197321375,-0.013083245569667924,-0.029066571471240962,-0.02785047683761285,-0.010453989822039144,-0.014345844359787514,-0.05727020498103463,0.00805911771872128,-0.05530157605986513,1.0,-0.03601710061736733,-0.0032696648162152974,0.035666531419664235,-0.036609910389423274,-0.04167472573215259,-0.034714630911727995,-0.04657186855587033,0.14389574288126636,0.03700641855874655,0.0910267547825029,0.03848137996903696,0.0795991214840878,0.09728828555244418,0.01829607589168449,0.019638834752990803,-0.041939427733415045,0.0036633246876104876,-0.0543454299766839,0.02063745955419656,-0.019302205247190302,-0.004981411191710893,0.050039258386577905,-0.028032212135986036,0.004819506523060385,-0.018213250964949884,-0.005749363654351756,-0.021758135674927445,-0.0020613320495011657,0.008765711748951023,0.013352124928914055,0.021060226261554578,0.006035622135790839,-0.012789191801721183,-0.024166563585870826,0.0031513751340355427,0.02328041552411649,-0.0050006612219488785,-0.02849693742443854,-0.04706175958886213,-0.002350914741868569,-0.0038117994202692984,-0.02289497688420121,-0.024929099214257844,0.0028420181531824346,0.03599753916910085,0.015937926428496684,0.009683029177075066,0.04271911631915621,-0.013892395169572812,0.024823365741863706,0.10141489121590973,-0.014448238584799872,-0.06590826850225648,-0.04253860531074017,0.0398948924923284,0.018420496969717474,0.0405869434428669,-0.011026482382046838
naming_time_value,-0.018266946985521067,-0.01826954597693533,0.04758805591439623,-0.04357877596507425,0.05497782933938953,0.017039090928876486,0.03362920067465232,-0.016043677812905742,-0.03274076677011078,-0.02761963748968343,-0.03712963877964267,0.022702681133418924,-0.019839945489402516,-0.0015351570265771603,0.00916323029718527,0.03080689823314072,-0.014415235868831786,-0.006329108708800353,-0.056582440043147726,-0.005246847708765109,-0.010606757550680485,-0.032441958035024636,0.031772557840956006,-0.012352515345038445,0.03749609741773349,-0.00325867926844162,-0.03486246615693802,0.030398018318638743,0.002561309414825427,-0.020955717089831613,0.002152395386240713,-0.012433676720392067,-0.05347079214766221,-0.01352354782436227,-0.048218298172760764,-0.017277000136638247,0.03838536555688321,0.014440106246090706,-0.0818949145272496,0.007706175178940493,-0.012167074844209024,-0.03457457836684091,0.001825251880785752,0.0584786765952779,0.07137946848750325,0.014451184452144878,0.059280625388741966,0.020181928926062725,0.08639129062489337,-0.03601710061736733,1.0,0.05015636869439816,0.08346652772197148,0.03191652423524554,0.052201707700722,0.056876441745285736,-0.020848543556978842,0.004919903789121421,-0.1127435933309645,-0.07060071232163333,-0.05474601628371239,-0.09531159441302356,-0.1002714813402164,0.004108347665344952,-0.0037712012079755214,-0.031899278341836056,0.0036606943082936935,0.043007633437134,0.04195519863444373,0.07744807983294875,0.009473636032498024,-0.012439659171378492,0.016557537857779837,-0.005510642970131186,-0.003731532269218883,0.052493371012231616,0.02855242293642346,0.02172942236095842,0.03963265554897928,-0.0235628512210514,0.017949155904892176,0.010486638071219058,0.017370898036811782,0.040104082290014297,0.009177056587159218,0.0005394024318514425,0.007699298099957547,0.008182068469419728,0.006126399524155194,0.011845112581260121,-0.014747113438004163,-0.025003048691696537,0.02547066230965824,0.015496688926042433,-0.04145102697334491,-0.01998837160872937,0.0026285875735006037,-0.005118613458369566,-0.006124754404559222,0.011034936563532606,-0.04541935186050306,-0.018424641520740748,0.02716299340183511,0.01858618819595578,-0.025820947900699706,0.01462362265870677,0.018489158966111717,-0.0431740629318964
repetition_time_value,0.008370742627863022,-0.028528011125338322,0.05090195407453658,-0.006430390875972608,0.04225953725182459,-0.05646200685140181,0.038449330606785605,-0.023206631519129804,-0.009748239002801968,-0.0052243581083242065,-0.03598148313413511,0.01698952585062539,-0.04745286828975873,-0.018038164435695354,0.036455391607307534,0.005985428392386974,-0.10505467722679236,-0.04790053184898356,-0.03145785569513484,-0.0328039966284177,0.04308294634143554,0.011841712265376355,0.02994887408843222,-0.04533544873751191,1.2135964886100674e-05,0.01618463720663417,-0.0052379551650624835,-0.01901288960247258,-0.05971498294892096,0.010680320626632434,0.07932089742444773,0.001314595337858907,-0.05519138485194772,-0.019159872354801374,-0.010540251523709883,-0.017849813971672117,0.017194660973487312,0.011839813901750741,-0.0014249104415679369,-0.061704276324954385,0.050548112684814205,0.025706908449634455,0.1246817152928671,0.10459945053820979,0.09191947513080173,0.05249531304385175,0.009046483612773265,0.06596503891986975,0.1700321638519305,-0.0032696648162152974,0.05015636869439816,1.0,0.14196396812306894,0.0289632049210114,0.019483807138905285,0.07507117514695888,-0.11184681971871097,0.0031514705994060256,-0.10969937558195923,-0.06818284583491868,-0.023179153180240063,-0.10699077958508345,-0.11574159397083097,-0.05380930245514562,0.06924707485155117,0.0023654264917252624,-0.05629765751037284,0.0638088900766584,-0.0007695507598269904,0.03931301163368057,0.00916252150343136,-0.03227865945814466,0.03085333390904603,0.009536129277444362,0.06764009425225637,0.04810783033550418,0.025832865864126166,0.03739141017296285,0.048867872366782424,0.00021520450712285007,-0.0010603731316782391,0.05415022241983393,0.00807871447941004,0.02872508616645519,0.003998591157957062,-0.018342531551542963,0.01726080884274001,0.01644358448364697,0.024530494891776125,0.026080549148753896,0.02015395291742157,-0.03576389866146883,0.030242104114311417,0.009356766689239538,0.05358272665707176,0.022323492023750318,0.009614594837093897,0.006762143270619815,0.07087761127524113,0.01852430942974199,-0.0363996191547269,0.019050420967711493,0.032306629155230485,-0.004449182528169066,-0.05234041347210186,-0.007814258154282055,-0.014845153597623681,-0.05085542795849198
subtraction_time_value,-0.07462949905376937,0.0006881213332447552,0.11926789390508592,-0.047006919161102084,0.10226551236761995,0.0228500865218443,0.06801180443275144,0.012621334542437449,-0.009965030520118247,-0.035474359978005875,-0.13539472731462943,0.02752245288034614,0.014550496729115615,-0.011341043688716365,0.039411046117843025,0.04397529321466707,-0.06721465571759802,-0.05346538187685339,0.009005307595674018,-0.029382554599962727,0.04612481034780534,0.0016746848858754143,-0.0019015772879448444,-0.002565956805795644,0.03653611840595833,0.054819034039868444,-0.0030262509491903525,-0.03606573942105249,-0.09268393527817788,0.001410650962299898,0.08188515686063515,0.030917394798683676,-0.15180041061545188,-0.02321528887467209,-0.08870300470842193,-0.0335676897793244,0.058966994441459565,-0.0012463725008994195,-0.03934439349201694,-0.017440974420288004,0.11451314756877201,0.0011903559070191752,0.12151881551534646,0.2199545139596754,0.21415019679552086,0.11244664838953476,0.04571392284444829,0.08355256400183533,0.27230171189298136,0.035666531419664235,0.08346652772197148,0.14196396812306894,1.0,0.13983381332261274,0.04298515485380549,0.021651318020557822,-0.1425511295901461,-0.006668941395287164,-0.14051562882508373,-0.12996681596876752,-0.012180721476458822,-0.08969081517530575,-0.205245528910582,-0.04344279874925385,0.1931650952409282,0.009842805346567894,-0.05901931954435297,0.22658111433166683,-0.01098007828115133,0.07961012196196096,-0.027423940024345252,-0.06288484251761718,0.06818170500485336,0.04140977499277859,0.033257859373556305,0.09911541284814807,0.044628840715661755,0.10979727248124348,0.07871458572512784,0.04208670192316232,0.03166224780139,0.07473411435835198,0.028489141809753052,0.06693457593014855,0.006312820915036598,0.015547825818417658,0.011512963808685897,0.0677047701842073,0.04180536789670832,0.07812629400324483,0.031107205504491198,-0.037245206058420494,0.05472798945534283,0.03189554744901319,0.02757076380318271,0.006414961078305676,0.012179094067647278,0.020400357037611366,0.17891570392768028,0.004047333228257965,-0.05629575628864355,-0.034686579632093324,0.04646626304470398,0.012369375939681215,-0.05770012401400451,-0.015651348809647362,-0.025578808792252255,-0.1011913118002948
cube_visuospatial_executive_time_value,-0.005118590516048053,0.030005954847481815,-0.0161266245896137,-0.020018568474636178,0.016377791672751923,0.0451456079990118,-0.007546756698744207,-0.008011036585128844,0.011342534611888196,-0.04256758508341955,-0.027504549874716414,-0.003126576772258083,-0.01584223977862339,0.04729014847215102,-0.034595495620000916,-0.04510667359930618,-0.027713229601092435,0.05634817463605636,-0.006935358814706785,0.025905195868080846,-0.027924092475166983,-0.0023233517536612827,-0.017004243778095146,0.01697437823565975,0.027842368636731597,-0.01329593462211462,0.02173462702186086,-0.0040758890555049766,-0.04095677856753989,-0.03319003272692133,0.018524075624027636,-0.018724987024514424,-0.0916822182132002,-0.011723754901365664,0.016049721105041548,0.008714124518421669,-0.0027706021601879996,-0.013234581505922886,-0.03091144484751142,0.017136171124452333,-0.05700982488526407,-0.025952401210941525,0.040180273772302086,-0.013739373234310882,0.08482493333005243,-0.0004759200354695221,-0.0021653015287999835,0.03512716293573461,0.11688036765961812,-0.036609910389423274,0.03191652423524554,0.0289632049210114,0.13983381332261274,1.0,0.0036521777228404433,-0.011505534888138071,0.03955541477541249,-0.0639561109294172,-0.035640824260708984,-0.016888705982085066,0.03209981808454702,0.002141288548773337,-0.036768516148944184,0.022783975125710548,0.02477747875777502,-0.03722880495740118,0.0015603797789033177,-0.012399161081002802,-0.04252462651041856,0.007501882737602298,-0.02165007725308022,-0.06430222260933122,-0.0030703921444918967,-0.022769522620789382,-0.015027581650886626,0.0053796343149236465,-0.02873426360633982,0.01699279365218116,-0.025824736335604823,-0.017663938671501442,0.0057886734177295075,-0.012378065258034416,-0.038238975297462105,-0.05248243571128516,0.033450567755858474,0.0595771799017131,0.022560108005387214,-0.04625493017684927,-0.020143331695641052,-0.005046361281466971,0.01766195876116331,-0.023855483211308127,0.008727220316659097,-0.01850360193162697,-0.04828457548538086,0.006697811014550485,0.0019639991666903596,-0.001008073787955704,0.03018725117441885,0.013390533059056055,0.04746855234370356,-0.00980885856761648,-0.07993947102354473,0.050370121581233246,-0.0027362179242964345,0.009858949347645987,-0.0063910314753737475,-0.024553349914335963
lettera_time_value,-0.057319166839765,-0.007357693248615251,0.005579044880591081,-0.0433598005737562,0.015315016057297152,-0.0510699710277118,0.009028052728342945,-0.00997021943621665,0.06460149342317045,0.025901944749870624,-0.04687352176851297,0.007396956219268215,-0.008429882259240273,-0.03482206063560815,-0.009844242821771574,0.026596331084181815,-0.002498268012594485,-0.03144365813668804,-0.043976602014778224,-0.026879826372471164,0.05155573275860538,-0.026943977763308403,0.06060329421420141,0.006646216852198494,-0.0027065247232629644,-0.0009617645368250213,-0.02335147729348764,0.02054593559769739,-0.040358509039301084,0.01496235647370529,-0.023445889045514364,-0.006462456580062246,-0.010123296272241062,0.0357508792248589,0.02703943946087834,-0.0271540137315795,0.013647658459541741,0.018730982874161507,0.004024702331135759,0.019948574482637746,-0.022641550100236236,0.010568755027939,-0.0018086175933330476,0.04369963043745393,0.027003716493626307,0.03490741323243934,0.19613663502393194,0.059065936081885685,0.06908625796178502,-0.04167472573215259,0.052201707700722,0.019483807138905285,0.04298515485380549,0.0036521777228404433,1.0,0.04143064204946119,-0.004272838972502288,-0.02830601342221118,-0.12760554917574293,-0.059315250629944555,-0.009623051821528615,-0.07554139784981018,-0.08639007736444783,-0.010482253766292556,0.02795837140820544,0.042889657119041504,-0.031538116244992316,0.037567600380134264,0.003003345696202343,0.0648891241662694,0.014260876410256095,0.015035708436629427,0.03940433265985457,-0.018564603390061166,0.008293229524248259,0.04820553852959856,0.010329881360092963,-0.0016047359353924043,-0.0074063341976559356,-0.008438472776038635,-0.026691589410644357,-0.0076679696682534606,0.013986720377202833,0.03840961574098708,0.007697778587259701,-0.03322918647757653,0.0024844656113312564,0.014333438429326599,0.01406027602987575,0.005344397910165839,0.018052508590785245,-0.01621608216065887,0.010534485392107832,0.0036928743187073696,-0.0006314899862883155,-0.03573122632999435,0.007712339629749644,-0.008302405646372779,-0.00027368188775454784,0.017681913274985202,-0.0401726234180374,0.01223561813396414,0.04996811394892067,-0.00039222007889257534,4.779776131300529e-05,-0.07092405840453901,-0.03772647535936276,-0.07941518258085957
trails_visuospatial_executive_time_value,-0.04294424263766891,-0.02923458165261933,0.052437814592053975,-0.02351464510309549,0.06929088062016317,-0.02349700287880176,0.03019416166702969,-0.020603605237859764,0.007620322410510986,-0.013790962051379328,-0.056803064937991025,0.01212131482571273,-0.009230782320178169,-0.004351947767924135,0.0705723631201318,0.03159444698133883,-0.04695846706027403,-0.05865417352627638,-0.02910998336784637,-0.021523876935544313,0.05127648682375089,-0.006829151676100919,0.008808335903847844,0.01408289562485336,0.045195646842356475,0.014288550978046488,-0.014815148075720904,-0.001371658828314369,-0.020699175546916495,0.022643243550268973,-0.042171423175177164,0.03642561787041224,-0.026806522219863894,0.022378654567766252,-0.07089167363378071,-0.01633306873838336,0.03877510867671179,-0.03506229795712824,-0.00021169707732003495,-0.010269955461924938,0.04369674451601356,0.014098090467288805,-0.000660514219360141,0.08909951980968402,0.038815294190958645,0.040428146324794426,0.08838687128075087,0.07241565651746414,0.06790099686662784,-0.034714630911727995,0.056876441745285736,0.07507117514695888,0.021651318020557822,-0.011505534888138071,0.04143064204946119,1.0,-0.042516196351058036,0.0003051880262883612,-0.05020760030039913,-0.12620442406662347,-0.08920809529774613,-0.08236338758696958,-0.0763607748491293,-0.03458491545476725,0.05302240384014089,0.026567577251311456,-0.06208403801466837,0.04319123227482327,0.012810009317031296,0.010616634467929369,0.004885524973529057,0.006679415170944886,0.04225130525100217,-0.01875552701344627,0.02272482956499989,0.053042733241821044,0.05319929197987495,0.0125968392717944,0.05644907475408472,0.017811910825739814,0.00913525168018646,0.03822275120656497,0.043642952195467204,0.053000948036855976,0.034398107103193326,-0.00546425312410902,0.00348062936893628,0.06363160855530119,0.039910613308712775,0.030991364018708667,0.030458931278963267,-0.03592865411777707,0.051686863386447686,-0.007085028561714039,0.0315611977014886,0.022228102485764404,0.005235039688019307,0.0023896800084297776,0.060295272315631476,0.008712746638901621,-0.058240719277259684,-0.013362338742783614,0.05245702059561756,0.027610486629260154,-0.01410686850276529,0.004961743479187247,-0.01507722034995472,-0.062023980937853405
moca_combined_mis_score_value,0.06688596761503995,0.047151830247472645,-0.1017628204079608,0.03652420365437092,-0.108268178832067,0.03148579288934556,-0.036485838500230634,0.0005780142538044725,-0.013077303752967043,-0.013830832350301078,0.05574850863271315,0.027805601127142292,0.05648323059013297,0.006695039916210697,-0.09272652056063048,-0.060822517039457694,0.1078465936653994,0.07406966016360801,-0.04152265008183232,0.01272161386422157,-0.04544281482227234,-0.016408231525131448,-0.01996223597945581,-0.035105701856517596,0.0056624735364266925,-0.03232299081143594,-0.003838128462593578,-0.02229463161891394,0.030811610930765516,-0.03284433546216241,-0.003950539489570953,-0.035390964644490264,0.016257556185247973,0.0246512399757232,0.07118182714273068,0.02240164790473077,-0.020716545111711906,-0.021340481706296686,0.01760361406863386,0.07581254173578737,-0.11242657145522676,0.007005818917012074,-0.03797778113088358,-0.1199842626044958,-0.056571497259098505,-0.07850998381890435,-0.011576112996828015,-0.07318696059196161,-0.13107955944946484,-0.04657186855587033,-0.020848543556978842,-0.11184681971871097,-0.1425511295901461,0.03955541477541249,-0.004272838972502288,-0.042516196351058036,1.0,-0.05860486269882145,0.07483043088558998,0.08288801046052648,0.09537853326157557,0.08973630816217622,0.09966234335604797,0.05517639872327331,-0.14542836563795125,-0.0020993805057938054,0.04603750266393004,-0.10574238409526335,-0.009175155134974624,-0.02397276072523165,0.01902496946439297,0.002854204021850387,-0.028031385757090417,-0.015628626706670586,-0.009480135593665517,-0.10184017874711597,-0.06105896686525114,-0.04781805876903349,-0.07036781940688709,0.001091678416311824,-0.013527115794041627,-0.07756218263610373,-0.06965112536215835,-0.07317706093496522,-0.012550428248427989,0.04486274173316271,0.02921371340989961,-0.06063798788497855,-0.01746741899496688,-0.023635640092337335,-0.0012327964923796602,0.031783914551572125,-0.04804054195680071,-0.049620408665726104,-0.08049782812910125,-0.026728836671794137,-0.01639000391685311,-0.011959003154489773,-0.07200708513899873,-0.031646473855634974,0.10060781761462789,0.029099590900545567,-0.09485833970249313,0.0005778970909143996,0.05520999736228353,0.05205439064648493,0.03416355536719221,0.053986705524051576
memory_trial1_value,-0.009943622312910964,-0.03086666761279569,-0.008930104450417349,0.011711445830248265,0.03174015585704879,-0.029123717933382646,-0.025818151875334344,-0.021188151903355486,-0.01818512731693384,0.06056224190936777,0.023186904552040397,0.011126359048216404,0.01993568270462606,-0.021220751505275495,0.05219476623787191,-0.0016031264963467641,-0.011919018332190908,-0.07077946713120521,-0.01308682065673269,0.010720882985764714,0.0312679308830685,-0.015041766222114663,0.017325695807160618,0.007262179927543681,-0.03495566252431673,-0.00943544467375808,0.034729747144556865,0.026330502364174627,0.009989435118927857,0.00579106404671583,-0.015883967517317337,0.005387667980145265,0.06347471275660815,0.012256581629681976,-0.025722547657776904,-0.030249743580025138,-0.06155065379072728,0.015393306454823072,0.023269088781794824,-0.04540223486166935,0.03642869852617276,0.01491597064526277,0.007592370392895611,0.02937410032283646,-0.06217751451271243,-0.0517387152108721,0.002277027576804819,-0.007691020963822503,-0.030477077419433563,0.14389574288126636,0.004919903789121421,0.0031514705994060256,-0.006668941395287164,-0.0639561109294172,-0.02830601342221118,0.0003051880262883612,-0.05860486269882145,1.0,0.03969987037906476,0.023402503716262145,-0.013529685872557803,0.003184441263057178,0.030417697230302836,-0.004373360567054917,0.02726113489500703,0.020647405700765373,-0.005852951775422682,0.021709370508698807,-0.010986089503197473,-0.018531307229515424,0.02639857445312273,0.11006564481432497,0.01318271602103555,0.014943087526041527,0.012196778084627338,0.007716271368045082,0.019658766592383067,0.013135086199566165,0.039879009640198186,0.02558154632265746,0.020788752361301278,0.03740756110520431,0.0181996850831191,0.052332315206118606,-0.004294597952589719,-0.07244578086019257,-0.037111788678514224,0.0058577780376537335,0.0107307000235351,0.02419017282097401,-0.0032939645757432477,0.001101221494962221,0.0011516233787667823,0.06154480526522963,0.0567770108827158,0.013159322068659992,0.01593286888677002,0.00926527706608449,-0.04612955090138189,0.02130317556136432,-0.018498464743086085,0.029450985996821107,0.07049332142512871,-0.05760626511323318,0.02642647342108769,-0.0036569385318282513,-0.007362615296471221,-0.0011099150532491414
memory_trial2_value,-0.014339302934686124,0.003623916602439169,-0.011842415562169457,0.006012990022285601,-0.05183718437530222,0.054543868012010825,0.011813334031978966,0.014531248773421433,0.003354866604763273,0.05151360652402618,0.057246935928719246,-0.0034444744623860477,0.09403631765713734,0.037845421126061526,-0.026433127301821936,-0.009815230166346292,0.1499326832086971,-0.009471275907138492,0.1046025124324919,0.012562131058825128,0.010214937474859116,0.020926865196464837,-0.04255355117080427,6.979875513312684e-05,-0.010024968301342998,0.054376538236458126,0.032812248928061206,0.038848920859335896,0.053502844490687665,0.06560002672033177,-0.07266095289781066,-0.0620871285855377,0.06585589646785402,0.008783485483536281,0.07508499892023189,-0.021573351620700947,-0.023471212283877625,-0.049020737608176476,0.10861838136045174,0.028113396730297037,0.06614881742661004,0.03828582079108776,-0.012835500804617745,-0.03899260734429757,-0.12493004328115312,-0.024564007561492535,-0.05306883647270344,-0.042565801289078255,-0.11098478996820475,0.03700641855874655,-0.1127435933309645,-0.10969937558195923,-0.14051562882508373,-0.035640824260708984,-0.12760554917574293,-0.05020760030039913,0.07483043088558998,0.03969987037906476,1.0,0.05694540368671652,0.035601964187112256,0.07587147227561558,0.09406096626572143,0.06042330855334968,-0.02518860634240332,0.07631807007762129,0.01145793363485761,-0.030459861734128277,-0.06628275974348,-0.12152689828735089,0.009162464847484819,0.08143370217568764,-0.03667310473779942,-0.01050673175521188,-0.028788727427429203,-0.053574692422569486,-0.012937422071707293,-0.03270524987346396,-0.0018017412779122515,0.10138160093909859,0.024018465361397023,-0.03562605808136722,-0.0038501004669648825,-0.011617743772274744,0.013083266245325355,0.027708433187301974,0.016987863087556683,0.013780921773505943,-0.011457309610866643,-0.012435560927861833,-0.005397187729349358,-0.0018488782951614539,-0.03360768351257114,-0.009193484581125032,0.04546754197711617,-0.04274197544130012,0.03591326225292823,0.03460163280561771,0.014123661767020913,-0.050108657186401395,1.4038138944309219e-06,-0.017456591197734964,-0.017555267982264353,0.013789886695576436,0.02981452800216771,0.045851420493973,0.01638745606289047,0.0549588786198933
moca_abstraction_value,0.04693700018081782,-0.011647300184199396,-0.09629758687611041,0.004405949630646305,-0.16384982339948295,0.053518691836490634,-0.013572606652079131,-0.026812761928499695,0.011971466502607614,0.00835043034373385,0.10996391077006547,-0.07528632969947795,-0.04597107937470882,0.027705902444262385,-0.06855934821188871,-0.05344673463079643,0.0715076074902572,0.06283212509847769,0.06434125495879639,0.0851681314655148,-0.062518537112832,0.024035179825361786,-0.06191306777847601,-0.016415252262896474,-0.008308780655264403,-0.03736339831934726,0.03847148894999989,-0.018472797965479636,0.02798865025649962,-0.02424685747891126,0.045514651431202535,-0.04785809457873091,0.05308930374690095,-0.013365581858536004,0.1755476052759437,0.012952843499333018,-0.07179074231408515,0.08682964200874965,-0.06490139002363213,0.02548993395850565,-0.09286443539290888,-0.026885149617786416,-0.09575797419159492,-0.15153666021263387,-0.03605661168498719,-0.07700751356534809,-0.11385563020389419,-0.06695008918865654,-0.13092515374119612,0.0910267547825029,-0.07060071232163333,-0.06818284583491868,-0.12996681596876752,-0.016888705982085066,-0.059315250629944555,-0.12620442406662347,0.08288801046052648,0.023402503716262145,0.05694540368671652,1.0,0.13962916992212668,0.1486513558473898,0.11106432950427096,0.031731407867615836,-0.04688966968609421,-0.14527573264295512,0.04748160141852004,-0.12388121603722971,-0.02072819131909211,-0.016922832372342673,-0.08068155357498749,-0.045444322348540504,-0.08087721691329859,-0.010475279250145037,-0.02932426670744335,-0.09786506145387679,-0.06870077044707089,-0.10066159125479728,-0.06764076928938896,-0.06629159119147694,-0.00022116795035311964,-0.04632709682356853,-0.06130817418657415,-0.06139046225464749,0.009478111538805664,0.016839862866472002,-0.010257912000904918,-0.07041721093191564,-0.09628334079994788,-0.06976716888566377,-0.03879563710767206,0.017969424677322935,-0.06275630443004074,-0.021013587800256656,-0.04243498821415603,-0.028210881342003453,0.005545397724421343,0.006305567679220247,-0.024827109415690142,0.019410019786339838,0.13678756050931468,0.02668499053730514,-0.0976118436624242,-0.05989438573813668,0.06724854653049953,-2.49221181411805e-05,0.010477748565021053,0.09323761511854207
moca_orientation_value,0.025097250924130957,-0.006672468391626581,-0.0451817887180185,0.04334380618927987,-0.06620096014840386,0.06084416351100908,0.025187537315248223,-0.015179898456803018,0.008948297970058746,0.04632087265459088,0.08396144423325849,-0.03379242143603357,0.045591387676968596,0.026672599173241125,-0.040051492410114686,-0.04200997388828993,0.06657724067731777,-0.022136083474287957,0.00541505153487608,0.03585806397778554,-0.026841601507812046,0.03405066847987655,-0.03308634058479244,-0.03841353944314168,-0.006085614782922778,-0.02061246564749145,0.04822977505920319,0.017375699456728042,-0.02091577154048097,-0.02188823874373762,-0.00918148685408142,-0.0126908022612711,0.02863457245992733,0.010866309083482309,0.08941798950215522,-0.05389931241296713,-0.04595197055876648,0.03569812236578284,-0.0257993328005631,0.034878256493455446,-0.06870663155893142,0.008049387460197073,0.040361845118716606,-0.09519693099012275,0.005079066752712219,-0.0227642812601005,-0.05755041781482687,-0.04803602311589913,-0.006940671295409236,0.03848137996903696,-0.05474601628371239,-0.023179153180240063,-0.012180721476458822,0.03209981808454702,-0.009623051821528615,-0.08920809529774613,0.09537853326157557,-0.013529685872557803,0.035601964187112256,0.13962916992212668,1.0,0.08764607109447581,-0.025444815263145997,0.04501764159653775,-0.009447405162406212,-0.019313684627126446,-0.03309807994858639,-0.09778292596228438,-0.07405269238020541,0.06650166430425088,0.004772046517139812,-0.0396125545032986,-0.02413504217792239,0.047208735866116756,0.021517568822599697,-0.05934932718619246,-0.04472140860763869,-0.0163138150254852,-0.016772567358342056,0.005175824489566282,0.0036746572639129354,-0.05286215244084583,-0.03998672899990452,-0.08569544843316958,-0.04278467156641276,0.04794424013048846,0.013263379696309764,-0.02476210533080806,-0.014994426974751068,-0.009474508274609706,0.015558769231350899,0.08221893556879398,-0.015855246461345004,-0.002715511919636214,0.010980420015419221,-0.02895237792587668,-0.0058283771704598355,-0.012812147255462853,-0.0017147496340106246,0.008274923149187903,0.09167851797533418,0.027622973123093527,-0.12953269302044507,0.003997177471352535,-0.009781332425402108,-0.01521355806469814,-0.008929196395605002,0.021271773853305545
naming_value,0.04662655932361602,0.011818589928387795,-0.10089546297325826,0.04598861492012752,-0.1219961281978079,0.050514675289191895,-0.06416636303050248,-0.010381262512831092,-0.0057146695959818415,0.012505523441800134,0.11097518299021823,-0.01992278731312213,0.011318971342854638,-0.017351993995398773,-0.03239040242920569,-0.04652662978501145,0.060100165118104884,0.03110768716432127,0.04741359129244982,0.015975245298245885,-0.03267012850420595,0.006161087903962297,-0.052282845813946065,0.0011621953352846963,-0.06971143449790802,-0.01822262250643898,-0.005243996228794432,0.029801543797181557,0.04387526924570464,0.022671841251710057,0.013413241973535075,-0.02461215528663884,0.0983454588592799,-0.017815311396166288,0.0677843825685689,0.025321054506618177,-0.06933787614337626,0.0395995047379223,0.03965081194257887,-0.014799893136405786,-0.04288695162668893,0.001043467833323765,-0.025037961720686133,-0.13661116174153004,-0.04263055312308619,-0.06138319512783834,-0.08142138141750399,-0.05407542220873234,-0.1627447961808282,0.0795991214840878,-0.09531159441302356,-0.10699077958508345,-0.08969081517530575,0.002141288548773337,-0.07554139784981018,-0.08236338758696958,0.08973630816217622,0.003184441263057178,0.07587147227561558,0.1486513558473898,0.08764607109447581,1.0,0.19846053904472913,0.07867175549768232,-0.07499416856786219,-0.015144703735127524,-0.006098640214242586,-0.10435827473864587,-0.011001645591595957,-0.06498414087170397,0.07168466503395286,0.029550122254505828,-0.05949794650196121,-0.022733184564859652,-0.08377268177565918,-0.09731356771528285,-0.03873974340540773,-0.057004922307972605,-0.05917835607828719,0.018122101531294267,-0.017022027259401232,-0.04309543333023924,-0.06523704615936535,-0.04871335726994031,-0.03525726602213616,-0.002722257364116033,-0.03820107527762865,-0.08712296549836375,-0.025638378609675626,-0.05383544865136046,-0.016944544198364154,0.01601572839477452,-0.05211326241476833,-0.056832849118481736,-0.02049447127315601,0.0009331352219469915,-0.0376568436071406,0.0015644271298851813,-0.07103422776086514,0.0019906718838664985,0.11896527388416112,-0.015687645943129384,-0.059385855133722826,-0.06657251527916308,0.057810314447734434,0.029983742991737415,0.039398061339710286,0.06074012438318842
repetition_value,0.07548496942116097,0.036981001024720746,-0.13102434325122692,0.0681301817279261,-0.1213742008691663,0.03890983540082376,-0.10177218689005633,0.0016555532114032538,-0.043883561019621695,0.04179347609570314,0.14985014610671277,0.002904787283166725,-0.028127074470707364,0.01837761957977232,-0.04422150939399939,-0.11215013285049684,0.004454763309394381,0.06232789010321088,0.05203138543461197,0.005805827337644472,0.003413753794275374,0.04289415867807018,-0.038000206541422846,0.02716771115108428,-0.06969631955570992,-0.014344309759391376,0.014303023765175548,-0.010979989753566104,0.09439862412163325,-0.004382897216475663,0.006314370675418307,-0.040113194525349845,0.14046355644687172,-0.01138368031287295,0.0523223360438918,0.1532889651892434,-0.09007292544843162,0.07263088826956304,0.019611390196087403,-0.06211074513151235,0.014789139248385019,-0.0026903047499068603,-0.11452531799682693,-0.16802762846288935,-0.08965582161214486,-0.13173823185251504,-0.11838657122213146,-0.037559211059158173,-0.27599141880542194,0.09728828555244418,-0.1002714813402164,-0.11574159397083097,-0.205245528910582,-0.036768516148944184,-0.08639007736444783,-0.0763607748491293,0.09966234335604797,0.030417697230302836,0.09406096626572143,0.11106432950427096,-0.025444815263145997,0.19846053904472913,1.0,0.07333241471439203,-0.13525372157435797,-0.03432597363665344,0.009809721998524477,-0.115600383906633,0.141046624586865,-0.09640723440126718,0.1178688307773016,-0.025710287754062745,-0.08583451526660454,-0.07070418940862522,-0.05978633888907326,-0.09841247189266032,-0.0490402077620215,-0.05981235086424239,-0.07170057679847563,-0.005438505962572477,-0.03921946595605485,0.001466150905063317,-0.05725006803640097,-0.12246146908533914,-0.07885587429854267,0.006962243069426526,-0.014987204414510543,-0.10738295771008322,-0.03214556744297712,-0.06676555815221558,-0.01639234841938663,-0.02385462023255088,-0.03163568238482021,-0.03052736726862638,-0.01710984738178321,-0.0067938678241188846,-0.012591328984235647,0.015003288676204037,-0.05841973544315667,-0.002858910070252276,0.1837961070144643,0.03860311457292955,-0.12071565137539718,-0.07464267527564766,0.0974758032084857,0.06317780551085793,0.03077861252308775,0.06457277245016256
subtraction_value,0.01824246877161454,0.0736046530771823,-0.09646773410457214,-0.010997667182909452,-0.029076954293090013,0.01250674723289254,-0.04534167259646107,-0.008314341072098294,0.011008700879309545,0.021489016202404024,0.09311468171822135,-8.416571477809692e-05,-0.026808955696166856,0.03742994517468955,-0.020002651987663614,-0.012194505448802146,0.011395734039573663,0.08034217765210769,0.04916077395678215,0.0358846946179666,-0.006527056438763248,0.02726865013184406,0.02506748332245218,0.0192538533820511,0.015066561811564655,-0.02502030122389898,-0.0004962327907905891,-0.0035680833795502936,0.045485661112752096,-0.024333630077066522,-0.0037675519037511694,-0.05996528707943762,0.021458513772953297,0.020762283646167785,0.06964223779265259,0.012016730571851257,-0.016612337505012932,0.01359346687534689,-0.03394266186313926,-0.0022217938040939396,-0.017732487856140254,-0.0005746681696958784,-0.00948917414055595,-0.04752408124442249,0.05418665616632992,-0.019213928037934088,-0.02489433719638946,-0.06561014877616377,-0.043486478524604064,0.01829607589168449,0.004108347665344952,-0.05380930245514562,-0.04344279874925385,0.022783975125710548,-0.010482253766292556,-0.03458491545476725,0.05517639872327331,-0.004373360567054917,0.06042330855334968,0.031731407867615836,0.04501764159653775,0.07867175549768232,0.07333241471439203,1.0,-0.06210822545322619,-0.02117543897283357,0.05101862899300409,-0.062340665781641214,0.01644496692945634,-0.005458033209872445,0.02393802490593475,0.009386530858834043,-0.017742428888338487,-0.006953358734889734,-0.006348082984916336,-0.018617754396239743,-0.00811172698068316,-0.006440494284759999,-0.03195822641478346,-0.04742560573227001,0.03034747459993511,-0.038141420259532606,-0.03997769176845855,-0.01966613433155299,-0.03918948878830866,0.012025463512269121,0.004593976379551018,-0.043738546476712055,-0.03396605030264918,-0.027394594814350394,-0.002907366011584616,0.011148847731143687,-0.019737681349525242,0.0007234245220868681,-0.0009613786498976619,0.02251911237853362,-0.0043582951060528174,0.007606500961352875,-0.1016202673049379,0.010590406282291295,0.06368510974021838,-0.03485634017946067,-0.05256001630868075,-0.00041773416032063254,0.05526742952218073,0.015507281138255492,-0.00193785118019505,0.051662562574764585
Rate,-0.06074573610987954,-0.07211126668203785,0.25871151001210696,0.03607895012366966,0.08335236836620565,0.07517097266643555,0.2112989616221764,0.03112143610590661,-0.0038058965020566276,0.020540152979149892,-0.11302797240114552,0.028220786784347692,0.06873644654523493,-0.05485708509518999,0.039466558403707,-0.01515876718052476,-0.012727360693462213,-0.0984389716691401,0.004794466212335024,-0.03581503295601986,0.07040249674126159,-0.01078839510389164,0.015688712200204003,-0.010602405633473795,-0.010101949788194594,0.04452120776449484,-0.0004980445901867751,0.0018862220848920215,-0.1042013170116349,0.03384267922692433,0.007717240603574159,0.0476387356410379,-0.11590793908098321,0.043901702104080655,-0.05577339964087624,-0.04604626794669609,0.04625872682948707,-0.024729301443480876,0.0038967635445197233,0.006077544503572539,0.11717441949813011,0.020607061175259952,0.02118977690351767,0.13862267853670343,0.01741003820765421,0.09757103006592667,0.025139095535168337,0.047661036708771,0.17866149248646077,0.019638834752990803,-0.0037712012079755214,0.06924707485155117,0.1931650952409282,0.02477747875777502,0.02795837140820544,0.05302240384014089,-0.14542836563795125,0.02726113489500703,-0.02518860634240332,-0.04688966968609421,-0.009447405162406212,-0.07499416856786219,-0.13525372157435797,-0.06210822545322619,1.0,-0.01951799820120713,-0.07356182799980028,0.19421947115710037,-0.11857670194517729,-0.015589039598780462,-0.0634273482802683,-0.05788877870173578,0.08144982439932015,0.025950204004530446,0.012219185995699324,0.004664301986198211,0.026447143584238653,0.04314240181068719,0.034053627526960305,0.10777579469970282,0.059620376496925545,-0.028636365859146605,0.01995923979987103,0.02417690571511526,0.07878041835663388,0.12824161029180434,0.09935554087956076,0.16676606739233996,0.06611919870549195,0.07559165729546796,0.01680557108274582,0.034352774796994806,0.0015090856354968065,-0.006717417173168131,0.04222633402267434,-0.02943962832430282,0.031696562102096065,0.03104599735344478,0.27552102896482705,-0.01504436647031663,-0.11789498328787187,-0.02308920767632267,-0.01888174951921671,0.14253698186238212,-0.09713147245572146,-0.0056750782375338095,-0.050493326966414495,-0.08730949765426843
PR,-0.025434290594721926,0.007797627195732434,0.01927245491210281,-0.008320338907539557,0.03996424029465024,-0.03318823249361814,-0.0268602229373299,0.005904936083952658,0.0046400309945889995,0.02878314810809464,0.0011279313975157382,0.010621492113837215,0.11877347279704654,-0.0043570966464989815,0.020173760977303345,0.02330492354863813,0.062300660973618124,-0.033771364698506494,-0.0050022820762212926,-0.055517722033411925,-0.010075839588003427,-0.008993794551577155,0.0014076222207519912,0.035143362291827004,-0.023171548408244577,0.008228462820745769,-0.010621833713158568,0.03989179504217477,0.016004201403886132,0.04995017546608886,-0.10436317420281743,-0.05706162077686238,0.06504590595815547,0.006113985556834141,-0.07795922728311529,-0.016811938474944572,-0.006301317889856308,-0.09138556886765203,0.1314785968753727,-0.027295850427925965,0.07668036085688335,0.04757760858360698,0.0591290474548096,0.05133821127183754,-0.023624968365005612,0.05508025303632694,0.06450112451083775,0.018211387922274076,0.03345094065475396,-0.041939427733415045,-0.031899278341836056,0.0023654264917252624,0.009842805346567894,-0.03722880495740118,0.042889657119041504,0.026567577251311456,-0.0020993805057938054,0.020647405700765373,0.07631807007762129,-0.14527573264295512,-0.019313684627126446,-0.015144703735127524,-0.03432597363665344,-0.02117543897283357,-0.01951799820120713,1.0,0.025678483059681196,0.08975115867762815,-0.00979557073119083,0.03964557472234148,0.1413266581439474,0.08664273771528797,0.03382763392845537,0.010994218904869532,-0.015314250794069315,0.009135751354065148,0.03835811447230277,0.027745580842942055,0.03898020612712412,0.08727481483640016,0.0011563408424229097,0.024705604711983756,0.03771721019214474,0.0233960913436129,0.007608612408500032,-0.06347244899089621,-0.05690457882221337,-0.032909083659899356,0.05332366648198582,0.031346817880825675,0.029869725410440966,0.031120782179257577,0.027984728964243637,0.04828860590636189,0.046277566539212334,-0.019688505956246806,-0.006426510189899109,-0.004840152739111369,-0.04310411916870893,-0.019026148977920983,-0.003949814331434683,0.004075683425580407,0.04443324586178622,-0.0426628946486158,-0.015357926730185474,-0.014758623488147963,-0.0035059103380054844,0.0316990774785242
QRSD,0.03233386383140001,0.04453787683330245,-0.05400603706508577,-0.025069081088495444,-0.09069637328361042,0.04512988194902621,-0.06192364911038107,0.032580899019946694,0.017192562901595963,-0.00942266357619858,0.027953684062686047,-0.017116112133292585,-0.040861148287857106,0.02544587174474096,-0.02314687725267106,0.003839768720958082,0.04098607772373037,0.09982906331087599,0.03290979611695991,0.04916698959761464,-0.05594869058467766,-0.0018904116047955418,-0.01575715987408749,0.025400038193695695,0.040754677318316716,-0.0016693245952860327,0.012353942903160163,-0.023768146697459344,0.04289647770496109,0.0053480505723427245,0.002944648686908654,-0.05731840551684395,-0.008961261340364002,-0.005075854962267712,0.036935198391328,0.0107474515522578,-0.037076490965629,0.016717548477339746,-0.032841105717890104,0.019608582783041697,-0.07949670517451682,-0.018307403239945733,-0.03597841316253841,-0.042077961393067055,-0.03876349295189077,-0.020586196201391446,-0.07013224296279469,-0.05716741730504315,-0.021635651296982517,0.0036633246876104876,0.0036606943082936935,-0.05629765751037284,-0.05901931954435297,0.0015603797789033177,-0.031538116244992316,-0.06208403801466837,0.04603750266393004,-0.005852951775422682,0.01145793363485761,0.04748160141852004,-0.03309807994858639,-0.006098640214242586,0.009809721998524477,0.05101862899300409,-0.07356182799980028,0.025678483059681196,1.0,0.01231103413148188,-0.021275134921281094,-0.0015677104296432794,-0.16889362999403404,-0.015761965470614224,-0.07312465236934872,0.027176427126832475,-0.02013508916809665,-0.03258620558114921,-0.046231269815235246,-0.0389398939687708,-0.04532727492412911,-0.050720711596159984,0.001740438098520869,-0.020073728542013766,-0.0287958215136063,0.02298122599971528,-0.011701939763871554,-0.027485026034334812,-0.03447980376388021,-0.021279350067524176,-0.07448227741867867,-0.04671539143992053,-0.011585746014059211,0.047966400241651025,-0.03539628135632112,-0.006926586565596621,-0.07814506583037056,-0.012266678774157255,-0.0037488874345690593,-0.004251508366693571,-0.09510452780967535,0.022975422296435587,0.04059693222381034,0.00351219293986357,-0.007597558800793875,-0.0297293393222439,0.028151939930350214,-0.02172283615904113,0.03724620629144813,0.11263150405860377
QT,-0.07010748542026897,-0.1227851577356458,0.12465761953754839,-0.03209471467430858,0.16523040861772362,-0.06514838512695567,0.051091238671510913,0.030839641122562853,-0.0007565308074981053,0.031991027492079466,-0.1269441741970048,0.0419694805658439,0.08878783569646018,-0.01905611374051035,0.08579895299557719,0.054327280386422885,0.0411664564029426,-0.19081874601010906,-0.05700848146249511,-0.13130528440624006,0.09612867711684724,-0.06851207839117208,0.035152517958936876,0.03942436254063091,-0.14177860364463035,0.06918197688508305,-0.09821131450458076,0.013969024723153568,-0.05719019612833369,0.07303678125877038,-0.050380596356073434,-0.02232464136452272,0.0568994160365445,0.02173535758420101,-0.15284227889245183,-0.037649687002042444,0.007360556871524621,-0.04437258924142758,0.07614522996077662,-0.08318871320680335,0.11513708883321158,0.02869696982157186,0.03183063059068701,0.2350483235036176,0.024870539692294278,0.1113651966109936,0.09773698084066602,0.03333815148396349,0.20448315494786892,-0.0543454299766839,0.043007633437134,0.0638088900766584,0.22658111433166683,-0.012399161081002802,0.037567600380134264,0.04319123227482327,-0.10574238409526335,0.021709370508698807,-0.030459861734128277,-0.12388121603722971,-0.09778292596228438,-0.10435827473864587,-0.115600383906633,-0.062340665781641214,0.19421947115710037,0.08975115867762815,0.01231103413148188,1.0,0.042596995799185335,0.020523299358532723,-0.0032808076656217614,-0.006316172799997989,0.07959013963226386,0.050130632300820044,0.019696170553593677,0.04427617809517968,0.08409956001404804,0.07988436386393291,0.0918632416840121,0.1550868187097185,0.05921041961600334,0.06316723267486044,0.13070128784696014,0.1412064905272733,0.03549556846026707,-0.07843672048405408,-0.05992778483294593,0.056147252372858406,0.06940958927977617,0.0971629587176772,0.025804680386524982,0.07611262761259727,0.04569869846981261,0.06918629216396843,0.12387205073287946,-0.03494024917761708,0.02511103175740292,0.008831210263563665,0.18577359227239612,0.04599783078722843,-0.19400197292508164,0.041163273309449,0.21563902275429164,-0.05305747758918479,-0.11975876485906062,-0.029188736848009728,-0.039638079527131206,-0.04690158628900758
QTc,0.017994827988387908,0.030063801426391052,-0.07921151402289209,0.022742556532954775,-0.034722442145278795,-0.045831655873759355,-0.12070598955646235,-0.004157936941919789,-0.024022708102138152,-0.018587182095752056,0.03059393246336685,0.01302937017946254,-0.03451393727339295,0.04368909067690893,0.030092023850109537,0.008377784349550688,0.018755019955718627,0.05786476476450554,0.043085936238942975,0.0009247597509578743,0.004584801970098522,0.03158428613759873,-0.012025962075839114,0.005328181954997593,-0.031901697129234824,-0.002817853346636764,-0.02588654392826224,0.011820636777748167,0.07045218746823968,0.002334649589502049,0.003205125018367223,0.019358929941814033,0.06036368679314413,-0.013464739548051052,-0.020663351230162254,0.04283989587714295,0.026281176353091296,0.02943468180868422,-0.02658895299035456,0.004127804426064015,0.05208619575014244,-0.019757311634002094,-0.03186536997517136,0.055264166913672606,-0.01607602578065505,0.01094363271076572,-0.004779150318352957,-0.010314085356135738,-0.09045796978856184,0.02063745955419656,0.04195519863444373,-0.0007695507598269904,-0.01098007828115133,-0.04252462651041856,0.003003345696202343,0.012810009317031296,-0.009175155134974624,-0.010986089503197473,-0.06628275974348,-0.02072819131909211,-0.07405269238020541,-0.011001645591595957,0.141046624586865,0.01644496692945634,-0.11857670194517729,-0.00979557073119083,-0.021275134921281094,0.042596995799185335,1.0,-0.01088657338194239,0.06383854549784884,0.007673372524692282,0.026036242513356202,-0.04818675787344139,0.019063156360643846,0.04889632011218471,0.025161618986598713,0.055805853546405444,0.0437535561507936,-0.0008505846521844173,0.00015332930446529787,0.07870276536943044,0.06041646784014062,0.043612077015827685,-0.029215327473765755,-0.07507998746040531,-0.07833081873038666,-0.053877359692097435,-0.008533004143600972,-0.039444760739685676,0.013751715625550262,-0.08253893846064081,0.010367809077317545,0.02735081584796645,0.032592835506542205,0.04045638452298442,0.01573282680485342,0.04328088361317586,-0.042742656677379205,-0.002658975666283968,0.05399883580738059,0.003143282852741086,0.0180223152459812,-0.0964844972003548,0.014313801557525232,0.04229372204962752,0.01591400562466611,-0.01357210417920893
P,-0.013716452896592988,0.011070407271825828,0.02033854589872285,-0.053968562895845604,0.04212170099674573,-0.04150277079046263,0.0002511097941680597,-0.010072166612604402,-0.026909251228849903,-0.0006823573809561114,-0.00019902067527564012,-0.007985085693648508,0.013721089952591395,0.022437051127924584,0.01827557355078508,0.02153995625587472,-0.04574683114893972,0.004447821352855942,0.002850630311355164,0.018977481095693388,-0.015839770494442355,-0.015089763664802223,0.02184845362928619,-0.05544235886520577,0.026253781932211846,-0.032517177287409604,0.038412896210084375,0.01798464834252766,-0.008204029768630489,-0.0019225948128520417,0.03664785651250961,-0.017570440175021882,-0.031447294489565444,-0.0020151359216099636,0.03572116842826098,-0.06266520312694253,0.0013700859192813121,-0.01245640312135201,-0.03251493632820744,0.011727375442443922,-0.00781590255215011,-0.04629844043972386,0.06481961943348391,0.03562473640498182,0.05319181648929966,0.020473707388020703,-0.008393956795690013,0.00487356124578688,0.08563825681330316,-0.019302205247190302,0.07744807983294875,0.03931301163368057,0.07961012196196096,0.007501882737602298,0.0648891241662694,0.010616634467929369,-0.02397276072523165,-0.018531307229515424,-0.12152689828735089,-0.016922832372342673,0.06650166430425088,-0.06498414087170397,-0.09640723440126718,-0.005458033209872445,-0.015589039598780462,0.03964557472234148,-0.0015677104296432794,0.020523299358532723,-0.01088657338194239,1.0,0.14285839694195715,0.009977177790543548,0.012731414657165607,0.05460233667880843,0.028804660029664055,0.05340610282070953,0.017255044653780027,0.031782712156038735,0.039616041723311145,-0.06068596340074637,-0.011097701143938994,-0.015118026448843275,-0.013383641186313647,0.01938916138327682,0.0002675443287522001,0.00280549531095053,-0.0038197174754601823,-0.040679414533069606,-0.045753356947085176,-0.007843424278022733,-0.0074145450129106845,0.010422503056015704,0.034785837897825175,0.023337346651823406,-0.003957945594691556,-0.011629322324305675,0.007323697328523168,-0.029184088036606663,-0.022577130348870086,0.05815338808327421,-0.017310161734136145,-0.0015456020758290044,0.043899632533237566,-0.01622576013195269,0.0020079691061535283,-0.045168492238586086,-0.004023190614953379,0.0033078752996074214
QRS,-0.0035162144015540944,0.01838208920071498,-0.0060138024034576115,0.013378472022583975,0.0410463085494443,-0.03462766998284279,-0.027901882632803375,-0.017253850285231843,-0.03680387679206474,0.03880091199437935,0.01583192945660983,0.08413193395649456,0.08834618344884504,0.004518652423684265,0.000881987293507476,0.0209287263061384,0.017151728331148745,-0.049154908039873046,-0.002001425688037242,-0.0681247948356153,0.019222543741284976,0.001902142154934848,0.020205653025154806,-0.05129512198690971,-0.03577992933523145,0.07489957862484745,-0.01274522982484935,-0.012424087726589636,0.04300492801157017,0.03672188991288172,-0.06341308574170167,-0.03685052721602877,0.04376612195980239,0.019437534882737417,0.014345320247304616,0.04776675556907464,-0.014082770701370883,-0.005619423059586364,0.10362571397040062,-0.006211172325492067,0.1084868120744834,0.023290087639109128,0.09675201441905908,0.08295393649426065,-0.00811744986088387,0.03025642206477851,0.06459035041165537,0.01657314504764483,0.011064436054803051,-0.004981411191710893,0.009473636032498024,0.00916252150343136,-0.027423940024345252,-0.02165007725308022,0.014260876410256095,0.004885524973529057,0.01902496946439297,0.02639857445312273,0.009162464847484819,-0.08068155357498749,0.004772046517139812,0.07168466503395286,0.1178688307773016,0.02393802490593475,-0.0634273482802683,0.1413266581439474,-0.16889362999403404,-0.0032808076656217614,0.06383854549784884,0.14285839694195715,1.0,0.12966582313447797,0.0013145414475316947,-0.011200159395153146,0.04696858844842345,0.04534252688702147,0.06486255772717466,0.043123879982021884,0.0682643028179156,0.035219585157214156,-0.03210619532000419,0.025190532829406212,0.006169979108013408,-0.007343926621044768,-0.04115065048339557,-0.025275094327760962,-0.042781129433654044,-0.05417603350191777,0.03916051737949736,-0.002435137648783624,0.02092908971171645,-0.021694007563596098,0.05995491535563993,0.06239297857295877,0.09398774485412006,0.007537658114168428,0.001725429591459162,-0.013188314304601509,-0.051872030136416225,-0.024700285245530133,0.024397289036764074,0.012198665389449092,0.021816605714672237,-0.0547625381568891,0.021676434465147432,0.06595348502344756,0.008005389968525244,-0.011923194838903143
T,-0.007660549604593804,0.0066334001773451145,-0.05108579226124348,-0.03250765645097315,0.025564558946336007,-0.05250639844948064,-0.09005484964521374,0.029407255306790774,0.027294560720888993,-0.0009912631485780973,0.009711695496981391,0.006053065812336461,0.09217060277020189,0.04614690520792263,0.07047304140946438,0.0407670161603952,0.11212824701937195,-0.01450800653968489,0.022466134235181224,-0.053830439904164286,-0.03361253551348657,-0.0433756675852783,0.02321505137154615,0.01828463734305101,-0.0833099229965371,0.02965907489296431,-0.01093428281543072,0.03311768860695661,0.10208319160267966,-0.016597836367113285,-0.09981826224445427,-0.03849961982687639,0.11076253551121074,0.014205231207295294,-0.005900562477939876,-0.023801084713276983,0.01041851632694746,0.01888807923603741,0.06551211517843919,-0.03351413793603052,0.06064877239460116,-0.003909980792180226,-0.011919875306332513,0.03304999818763479,-0.04055913048021192,0.03979349308815923,0.11016343896212387,-0.017045022371146055,-0.014075813483479523,0.050039258386577905,-0.012439659171378492,-0.03227865945814466,-0.06288484251761718,-0.06430222260933122,0.015035708436629427,0.006679415170944886,0.002854204021850387,0.11006564481432497,0.08143370217568764,-0.045444322348540504,-0.0396125545032986,0.029550122254505828,-0.025710287754062745,0.009386530858834043,-0.05788877870173578,0.08664273771528797,-0.015761965470614224,-0.006316172799997989,0.007673372524692282,0.009977177790543548,0.12966582313447797,1.0,0.006019935845816839,0.0018980394681628193,0.024085640734748497,0.022557809600855152,0.0476463403881279,0.035326506018771506,0.04285045222366591,0.05977956496350837,-0.019445825712445,-0.002731975511348919,0.07528924672121114,0.13314441468379984,-0.02575927062487845,-0.1111733611093335,-0.09647597764858284,-0.056862490012189654,0.0026578099379637875,-0.008014072968689735,0.018155378646005194,0.007103204929368305,0.02025667762686173,0.07626027648875801,0.08532430598179655,0.009480750915993177,-0.011679457286430115,0.002253958434803067,-0.24636658835550193,-0.006872988466165674,-0.09522924548457516,0.011363695591064094,0.18400627100496453,-0.10800815588280689,0.02720126830953391,-8.024522588289289e-05,-0.00605371398100934,0.022162048712077307
Age-related macular degeneration,-0.12059221700204974,-0.0488269028884456,0.0999695883371054,0.04133784199105738,0.16996287091070103,0.012649685301863799,0.08805154522208515,0.057461165047298646,0.06227395615770288,0.02344650464467936,-0.06619628118290127,0.02076844375051501,0.11810527253728789,0.0033536452335498294,0.04307057031953301,0.013172751920516462,-0.044231743419697815,-0.07002916512187997,-0.00046122699218092023,-0.0727698166816117,0.050919678335023845,-0.01919402626234271,0.03835151611292968,-0.0026332280466922356,0.02876775238613276,0.01509167968846583,-0.022718821521152358,-0.008338339326585554,-0.019255697039238594,0.03081476268444901,-0.027744088706636423,0.02700414315835982,-0.030780672393450777,0.020679266106866608,-0.1166779219455498,0.0041801269680168925,0.027627136978267266,-0.06114169230224172,0.07198498851655782,0.013498662903528486,0.04815093356856547,0.04567140637444895,0.010623668582613231,0.08825072091122098,0.043949794300908646,0.015724884213843684,0.06661958623869933,0.01663448398746554,0.07297759945683223,-0.028032212135986036,0.016557537857779837,0.03085333390904603,0.06818170500485336,-0.0030703921444918967,0.03940433265985457,0.04225130525100217,-0.028031385757090417,0.01318271602103555,-0.03667310473779942,-0.08087721691329859,-0.02413504217792239,-0.05949794650196121,-0.08583451526660454,-0.017742428888338487,0.08144982439932015,0.03382763392845537,-0.07312465236934872,0.07959013963226386,0.026036242513356202,0.012731414657165607,0.0013145414475316947,0.006019935845816839,1.0,0.04851769718210611,0.09212874949069919,0.06964095320765874,0.05318559674135076,0.11488602429303994,0.10562628261736472,0.06185405326872235,0.004716111004459646,0.0038592519110774,0.062171388662778326,0.059723418522468916,0.05963909966953693,0.04528727810054137,0.023534231380951787,0.06523111012873917,0.16001566031263187,0.21805389637149541,0.11560548146246401,0.06416033274472399,0.11490014053253249,0.06371185864435608,0.07153740582473153,0.026638370618494927,0.03409777108330183,-0.018271033855634087,0.06233113092318895,-0.0241914430811401,-0.08135313088359175,0.01967626929807567,0.01692018363956828,0.05394856487726361,-0.048268022133481026,0.021569313929233135,-0.12004173140785747,-0.1597165036897701
Arthritis,-0.10786838832836113,-0.002124919632312231,0.08494756243804738,-0.08869685571018114,0.11035072563922978,-0.0008616325345256325,0.085902218797644,-0.025081974674414788,0.11077460437633231,0.07708904280798033,-0.029308933513505425,0.013166270934347666,0.09088835190909707,0.04031299102663934,0.01811124503751964,0.15443015132918822,0.005206364330341357,-0.027263871242926424,-0.048787187124888914,-0.05897621520718721,0.031541331846987805,-0.043023787297954176,0.002805586898831943,0.06385391475712289,-0.030065045436903883,0.020024171872631374,0.005822880970572762,-0.044869884145457395,-0.014024702419914548,0.002212385201809662,-0.04817391367704286,0.007181045720712731,0.017560694662886484,-0.013779898378330888,-0.047543667981483295,0.01211306272837732,-0.024516357307764233,-0.036751070878639,-0.04101841172422942,-0.02521577681741949,-0.00756137833943687,0.023170640333757403,0.028569154296154274,0.004154381805752138,0.03043231243159976,-0.015715667460342683,-0.006096603717696893,-0.025077063520533776,0.06667660948828324,0.004819506523060385,-0.005510642970131186,0.009536129277444362,0.04140977499277859,-0.022769522620789382,-0.018564603390061166,-0.01875552701344627,-0.015628626706670586,0.014943087526041527,-0.01050673175521188,-0.010475279250145037,0.047208735866116756,-0.022733184564859652,-0.07070418940862522,-0.006953358734889734,0.025950204004530446,0.010994218904869532,0.027176427126832475,0.050130632300820044,-0.04818675787344139,0.05460233667880843,-0.011200159395153146,0.0018980394681628193,0.04851769718210611,1.0,0.04680757817394345,0.17637575371711928,0.02191966412986325,0.14610717209422014,0.10700936304268763,-0.026510285945981107,-0.028377678880805442,-0.051852543140270914,0.034636806928438915,0.0359953845856739,0.015611494873669238,0.007544892020401336,0.025860193902013218,-0.01211116669112389,0.014863927094624526,0.058476940797902374,-0.009587004153968591,0.3608376442645773,0.13977329149917733,0.1957695683808702,-0.02268216920069096,0.05315908778530467,-0.025544070845828996,-0.04980117435817647,-0.005385986318716481,-0.01316273312064467,-0.05507061641516359,0.006302964947555264,0.0293025136395412,0.012885697366513866,-0.008458619416266458,-0.1528329794676438,-0.043530021559327704,-0.014213340547950554
Cancer,-0.05906564038414984,0.05991499940342199,0.048627173327158095,-0.09882694316077098,0.0815019980474707,-0.005463923247069185,0.02211815283150406,0.01781492444530738,0.07453179968587545,0.007975822068282288,-0.023730447490941255,0.011958714537107368,0.0038030446992396677,0.04937672256269821,0.030119012707115093,0.10473442811225944,-0.04546455682557686,-0.0019479591765468435,-0.04392594988936872,0.016815006213762064,0.0018384967831709593,-0.022195469826386052,-0.005960453636453416,0.022229918616540553,0.03687796915790285,0.023267913604836505,0.03657226664424887,-0.04506817165762698,-0.03590881058843475,0.008514637395200643,-0.027636616923814326,-0.014664783335437023,-0.06567283434034572,0.021381502720285245,0.017168305717915586,-0.006152635204057672,0.034979493931085154,0.002311047738277765,-0.03287940270692502,-0.0023332375274402154,0.03402746597772165,0.03142491955948202,0.06772890450330758,0.09240133411589206,0.03871541746316318,0.008311530338642983,0.06180201812515959,-0.00026135806811908535,0.04725149534443105,-0.018213250964949884,-0.003731532269218883,0.06764009425225637,0.033257859373556305,-0.015027581650886626,0.008293229524248259,0.02272482956499989,-0.009480135593665517,0.012196778084627338,-0.028788727427429203,-0.02932426670744335,0.021517568822599697,-0.08377268177565918,-0.05978633888907326,-0.006348082984916336,0.012219185995699324,-0.015314250794069315,-0.02013508916809665,0.019696170553593677,0.019063156360643846,0.028804660029664055,0.04696858844842345,0.024085640734748497,0.09212874949069919,0.04680757817394345,1.0,0.2105070417229585,0.08523493179268818,0.13340385481395992,0.08157522944065969,-0.06196466761760041,-0.029118411250423776,0.012077619847291731,0.043433097270253386,0.07249714484106488,0.018242496377341495,0.008953469527270407,0.027135429793227216,0.014299652558685313,0.017430328775694632,0.09236398167426273,0.0754155328189475,0.023726391197842946,0.09392317394976256,0.17418800165888607,0.05259587895863476,0.09705261901928106,0.001990927854823301,0.0026724924081593633,0.013956276458492265,-0.011168109025395119,-0.040142491685542556,-0.033764971895650635,0.04042994349625737,0.017120516593600497,-0.016873886816140965,-0.010542135283295423,-0.09677265204969332,-0.020491784412643488
Cataracts (1+ eyes),-0.19387684032208596,0.06888286597471696,0.06353679638702062,-0.2445339187306877,0.14550057784318116,-0.059039598305313676,0.025381292587537123,-0.009995683998552114,0.10802778854646435,-0.0168173607997777,-0.0688764489699371,0.06822150345223707,-0.021812421996792845,0.07622973839972597,0.05950998562710343,0.3176689727858479,-0.11619317605832494,0.023437622396566563,-0.04695289767777059,0.04665767098513044,0.005199730610021819,-0.004131435290226633,0.018669262136857767,0.04396866202262483,0.03210380450143736,0.009963429101845327,-0.011838661694605823,-0.039757418932150144,-0.021421462605410876,-0.021986828674214354,-0.04537034672157809,0.04115638732045561,-0.0887528976482062,0.005577077725228576,-0.004490000000885175,0.003821591534198516,0.031095162265318617,-0.029020461702811372,-0.07507108095289788,0.017958381502124945,0.028587289975657317,-0.006866176768954408,0.07077638470734456,0.13305311097854639,0.05419630704355765,-0.0054350761445105195,0.07350583446203628,0.023809059883093255,0.08566492032024903,-0.005749363654351756,0.052493371012231616,0.04810783033550418,0.09911541284814807,0.0053796343149236465,0.04820553852959856,0.053042733241821044,-0.10184017874711597,0.007716271368045082,-0.053574692422569486,-0.09786506145387679,-0.05934932718619246,-0.09731356771528285,-0.09841247189266032,-0.018617754396239743,0.004664301986198211,0.009135751354065148,-0.03258620558114921,0.04427617809517968,0.04889632011218471,0.05340610282070953,0.04534252688702147,0.022557809600855152,0.06964095320765874,0.17637575371711928,0.2105070417229585,1.0,0.13880369983831306,0.24172287922751456,0.17429064391045893,-0.10488875297104919,-0.029664542454720663,0.04070321663778838,0.0910455864870482,0.13627943284578475,0.013854419324322962,-0.048959215058858106,-0.012269519532810547,0.019474635287640395,-0.06933920282203343,0.041485062145244105,0.028333008747145262,0.002601722744201449,0.15950988660954601,0.3420367210193008,0.07449376692944787,0.08538765951749405,0.011274289057317949,-0.04450594614153945,-0.016212335150339,-0.010584420012814648,-0.09469450688270692,-0.07748017510866805,0.11828824278060361,0.011886501288412654,0.035998601863201155,-0.10173535616705544,-0.09947275125606142,-0.09158197305887418
Chronic pullmonary problems,-0.07020655866263374,-0.0013937916541125596,0.003852737806653902,-0.02853716499070188,0.08221992006048197,-0.05989428832348181,-0.04246104621850393,-0.02044776244252182,-0.0014583521968947206,0.028378752941022125,-0.016054640259540977,0.02747818679931771,0.03481252746891946,-0.0008606765325002645,0.08199010211940164,0.039257105603539455,-0.0031111373000798376,-0.09952858466799852,-0.031226134912496324,-0.07046064463338932,0.07888109255933912,-0.03486721510139366,-0.00668116338220372,-0.002006432491379542,-0.08751373424597672,0.008949583241513744,-0.042600174277600586,-0.027272730883386682,-0.03491158586245382,0.025077081568302625,-0.025844300068843546,-0.006847261712729073,0.06027773781215941,0.008718684879393417,-0.06946151535004295,-0.00514555651332691,-0.02815441813850072,-0.02107012131350004,0.014009950732061889,-0.049795660702854946,0.0811168384341728,-0.004360599286566205,0.04706261421042012,0.13656307416252036,0.020410657532676586,0.02026587479277355,0.07512355340891314,0.017532146236617713,0.05326671939829424,-0.021758135674927445,0.02855242293642346,0.025832865864126166,0.044628840715661755,-0.02873426360633982,0.010329881360092963,0.05319929197987495,-0.06105896686525114,0.019658766592383067,-0.012937422071707293,-0.06870077044707089,-0.04472140860763869,-0.03873974340540773,-0.0490402077620215,-0.00811172698068316,0.026447143584238653,0.03835811447230277,-0.046231269815235246,0.08409956001404804,0.025161618986598713,0.017255044653780027,0.06486255772717466,0.0476463403881279,0.05318559674135076,0.02191966412986325,0.08523493179268818,0.13880369983831306,1.0,0.13245472853333173,0.16230038688591752,0.0990149979179094,0.005536336752023282,0.15857657140952156,0.10253561990269382,0.07856319805179056,-0.04348119468524948,-0.08126862639232595,-0.06875468475589186,0.002619264984453911,0.03099171767372872,0.054388757798729995,0.04561829764116256,0.027402019008685902,0.08142942984869998,0.16967663131321062,0.15405129684141988,0.004587995151815468,0.012660459917209066,0.0375502652812712,0.008213440664960077,0.0007781360063988082,-0.02544282855086515,0.01344670824984233,0.08230412476681011,-0.08728040007486372,-0.04089492948551953,-0.01952695243700277,-0.022729033086963717,-0.014446758516424596
Circulation problems,-0.08807875844441802,0.03115405048572184,0.07512010476776185,-0.055167778456580135,0.10773218368239909,-0.03670331003090675,0.01999391985121944,0.03781237002878534,0.07269118776147042,0.016479256854681674,-0.020262151173473044,0.05494842165106897,0.08500257539236063,0.03639903456834839,0.040555941422293705,0.08785927929839353,-0.02346833379274076,-0.07138316783351498,-0.04077422685920075,-0.034018687957045476,0.022056544233200363,-0.01970508393367407,0.018263212251812946,0.016446978264067744,-0.04536656092058436,0.0341499053164675,-0.024755981673142222,-0.030277128394809977,0.005245489811359126,0.01313915257823625,-0.04057145700781405,0.0626347834477786,-0.01897131838415561,0.032029482862914876,-0.048520492335702305,0.029651027988923724,0.0028661631777445887,-0.02938378372883943,-0.018687769634654447,-0.00996598164303124,0.10496901779079545,0.01789870781696019,0.07906495279007415,0.1344893062683849,0.05766825988304716,0.02912495758295367,0.03216469656625712,-0.012861295360085854,0.09132768811967917,-0.0020613320495011657,0.02172942236095842,0.03739141017296285,0.10979727248124348,0.01699279365218116,-0.0016047359353924043,0.0125968392717944,-0.04781805876903349,0.013135086199566165,-0.03270524987346396,-0.10066159125479728,-0.0163138150254852,-0.057004922307972605,-0.05981235086424239,-0.006440494284759999,0.04314240181068719,0.027745580842942055,-0.0389398939687708,0.07988436386393291,0.055805853546405444,0.031782712156038735,0.043123879982021884,0.035326506018771506,0.11488602429303994,0.14610717209422014,0.13340385481395992,0.24172287922751456,0.13245472853333173,1.0,0.24570999528289367,0.03944244523851204,0.0056614563911178755,0.1325030089344513,0.11093584254693979,0.06457455627545995,0.0031575199666567994,-0.023013466074296805,-0.016104528386418394,0.021998651129973075,0.06285672414888811,0.10735541942422941,0.0905715706277527,0.0797928754537707,0.1536829609015886,0.2652731235498387,0.12773488467408767,0.08195270316777004,0.030102977247815025,0.004562729287864766,0.047464146783699486,-0.060673131639517465,-0.05551970737206235,-0.004438940967353049,0.04859412308609228,-0.0006259046910305957,-0.054351305757950344,-0.029672769678666017,-0.10799984943871395,-0.0634811805248286
Diabetic retinopathy (1+),-0.10650776251942955,-0.007024596385421937,0.02198320198982847,-0.029984571427644692,0.0925448502632283,-0.014296335598287038,-0.022383325792241573,0.02453370442307388,0.03988273492468548,0.02055729821227454,0.014215213595342904,0.04363027287728802,0.09345958249075484,0.02049831436021427,0.06968378887338397,0.07805497119550917,0.01698118335377303,-0.06492897692029834,-0.022192175806606467,-0.06148724435288652,0.059496815083681334,0.016565856788738675,-0.017314280196582474,-0.025854454531012736,-0.03967673300240065,0.017382615781714683,0.0034365316425353327,-0.023321751834828732,0.0046655698203526535,0.04355876787588629,-0.05550420198874487,0.0023270662857586785,-0.005102311119730974,-0.008603168779300585,-0.03797060208498184,0.00501128939463884,-0.011496764738384692,-0.042754194892431645,0.026395912986420567,-0.016142669183923916,0.08142565847606782,0.0011493666447052787,0.07314717138839553,0.10984717954453804,0.013005467091678895,0.01627200049690366,0.08859224229116697,0.023000498199913615,0.07458713437671118,0.008765711748951023,0.03963265554897928,0.048867872366782424,0.07871458572512784,-0.025824736335604823,-0.0074063341976559356,0.05644907475408472,-0.07036781940688709,0.039879009640198186,-0.0018017412779122515,-0.06764076928938896,-0.016772567358342056,-0.05917835607828719,-0.07170057679847563,-0.03195822641478346,0.034053627526960305,0.03898020612712412,-0.04532727492412911,0.0918632416840121,0.0437535561507936,0.039616041723311145,0.0682643028179156,0.04285045222366591,0.10562628261736472,0.10700936304268763,0.08157522944065969,0.17429064391045893,0.16230038688591752,0.24570999528289367,1.0,0.10076740527253303,0.026283579946489128,0.15395815064724921,0.11092734389584306,0.0691281401157712,-0.019892674181848435,-0.0625338422276594,-0.055367551705170936,0.013595347060454949,0.04002898760327954,0.07530647790179294,0.04956858517927768,0.04166175067481699,0.1421562476880435,0.18687044743673875,0.17238241990793327,0.03641752916676126,0.03204601504840438,0.02208077832558623,0.03922355604099423,-0.015751734029131294,-0.023347500973085324,0.013716677816552333,0.05544799845650239,-0.05148722578837889,-0.06641904227492935,0.005985106186314704,-0.07395556368089422,-0.0714851788113039
Digestive problems,0.01665872683041859,-0.17607849630601152,-0.07352658812354235,0.12559156325952534,-0.040466888205193945,0.0943997472475972,-0.1163704993932158,-0.005386081080142828,-0.16945221678914943,-0.03759536675000439,0.05202676976346124,0.03024382003280253,0.08817324929339285,-0.08366065561911971,0.0551353231880094,-0.09541221396756981,0.19110867109636442,-0.10136248188208744,0.07230090244331926,-0.13550956522109178,0.05483972620792461,0.034607933448407104,-0.04514937403162928,0.02198070989667337,-0.10367667918016796,-0.01204517867300227,-0.015002731916993717,0.079706857218209,-0.03212853110348445,0.04825656867311259,-0.04612568769909143,-0.048341881983291854,0.02565521695374385,-0.0415791337781449,-0.09988221692594405,-0.03593684299626375,-0.048576407081230316,-0.011600420613082519,0.08722114688635658,-0.03863407127845881,0.03353084202775022,0.011007174382019095,-0.03837680648884532,0.06937747324969941,-0.042370738093715804,0.07812975696165742,0.013713790906056438,-0.013478881326250018,0.035191875826518844,0.013352124928914055,-0.0235628512210514,0.00021520450712285007,0.04208670192316232,-0.017663938671501442,-0.008438472776038635,0.017811910825739814,0.001091678416311824,0.02558154632265746,0.10138160093909859,-0.06629159119147694,0.005175824489566282,0.018122101531294267,-0.005438505962572477,-0.04742560573227001,0.10777579469970282,0.08727481483640016,-0.050720711596159984,0.1550868187097185,-0.0008505846521844173,-0.06068596340074637,0.035219585157214156,0.05977956496350837,0.06185405326872235,-0.026510285945981107,-0.06196466761760041,-0.10488875297104919,0.0990149979179094,0.03944244523851204,0.10076740527253303,1.0,0.11409560836563634,0.28412176832098957,0.09249607288358362,-0.06189209550418199,-0.04658548662336762,-0.09847227180418267,-0.12189406184737954,0.0067166837622419165,0.1253908220151987,0.0701208869856176,0.005429609945645787,-0.02637522073061275,-0.055681070528205125,-0.04392273862216735,0.08576612674543055,-0.06471019760884351,0.04581178223197768,0.2297596099214246,0.1408221798770594,0.026927619367463126,0.09303890168391328,0.14949591412634272,-0.058236587520000535,-0.12227976544889252,-0.1680533351875486,0.08267569568681166,-0.002605528993548315,-0.05999849731767949
Marijuana user,0.009861223220125708,-0.06990138972982518,-0.02368468726905606,-0.01668399130167594,-0.01399730680427016,0.05847441221088737,-0.0596004675037338,0.00292565918960513,-0.057402314029895554,-0.00521184776438505,0.015032556322453972,0.02766985996633351,0.02887143995593549,0.010230310260451807,0.032000069876769975,-0.04252209741563909,0.07894400804048422,0.016665248302147984,0.005603518331961019,-0.03422850479304137,-0.01740841156532403,0.0016441240793853608,-0.02033438044273889,-0.00036395156870747467,-0.0035777775356251253,-0.007349888801733533,-0.0053593125092924075,0.0008973369287829193,0.009925500196033407,0.017694894302610394,-0.011198344953210317,-0.02448594712985654,-0.01438769683505183,-0.022283693678008008,-0.008542366412489647,-0.016244789707720392,-0.041005536722821076,0.0025361959130783727,-0.03068666703714172,-0.02389331235442919,-0.03526490010784051,-0.01265900019821049,-0.026003794647225582,-0.000734120407363489,-0.0031594083279198183,0.0246092242860276,-0.014666981034453656,-0.0030015527617084153,0.010545185027090127,0.021060226261554578,0.017949155904892176,-0.0010603731316782391,0.03166224780139,0.0057886734177295075,-0.026691589410644357,0.00913525168018646,-0.013527115794041627,0.020788752361301278,0.024018465361397023,-0.00022116795035311964,0.0036746572639129354,-0.017022027259401232,-0.03921946595605485,0.03034747459993511,0.059620376496925545,0.0011563408424229097,0.001740438098520869,0.05921041961600334,0.00015332930446529787,-0.011097701143938994,-0.03210619532000419,-0.019445825712445,0.004716111004459646,-0.028377678880805442,-0.029118411250423776,-0.029664542454720663,0.005536336752023282,0.0056614563911178755,0.026283579946489128,0.11409560836563634,1.0,0.03278249644627712,0.02035089501472655,0.04364360498563971,0.0028490285004418546,-0.04281570324617449,-0.02762504377103625,0.002882909318944066,0.012997888909668204,0.00974781938939646,0.03480456655103437,0.00719762073179094,-0.015784572356779495,-0.03401898145056717,0.004287950155756943,0.01680432898817688,0.07947761571544502,0.10153980682711707,0.009331745004778872,0.11983581235058556,0.014493146324477178,0.046173528640493365,0.01013584977278812,-0.05618167819918365,-0.0722204016447524,0.01763687120675312,-0.011684290723695132,-0.02932307548932729
Dry eye (1+),0.01909633050596565,-0.14457040516806033,-0.1877547127894548,0.06649638207837258,-0.11006755724614137,-0.12187878726155923,-0.2811271117807881,-0.0481566395155766,-0.07750758776027918,-0.08882766119832994,0.05086293632867098,0.011991804561541934,-0.08466025648376385,-0.0960115573598556,0.0858109971580445,-0.066809504801875,0.005397136236977762,-0.09830884681523488,-0.050336553559072454,-0.06279588575849812,0.0671534927592351,0.020999809373138747,-0.024740368189521193,-0.004412018125377552,-0.13156497246915863,-0.043286447456610005,-0.07400599415325589,-0.004610765116532996,-0.04374540022506237,0.055474390909439265,-0.026961762616559047,0.006071817332378381,0.09318207579373035,-0.054846010752627086,-0.07404711971515592,0.08519098885602037,-0.0630525798875365,-0.007338827787527127,-0.03267942850609419,-0.06627404942875557,0.00992927668947403,-0.03296692219458646,0.02376898159750585,0.10971353058236176,0.023109705464966924,0.0024554119281227226,0.01632196576523153,-0.002203477487784842,0.03981459857217588,0.006035622135790839,0.010486638071219058,0.05415022241983393,0.07473411435835198,-0.012378065258034416,-0.0076679696682534606,0.03822275120656497,-0.07756218263610373,0.03740756110520431,-0.03562605808136722,-0.04632709682356853,-0.05286215244084583,-0.04309543333023924,0.001466150905063317,-0.038141420259532606,-0.028636365859146605,0.024705604711983756,-0.020073728542013766,0.06316723267486044,0.07870276536943044,-0.015118026448843275,0.025190532829406212,-0.002731975511348919,0.0038592519110774,-0.051852543140270914,0.012077619847291731,0.04070321663778838,0.15857657140952156,0.1325030089344513,0.15395815064724921,0.28412176832098957,0.03278249644627712,1.0,0.1361973483352787,-0.06428619936144236,-0.13428756475436096,-0.28050518483517656,-0.22877385478682075,-0.11647572998003844,0.04159632115333326,0.03860346877980096,0.026265434970415866,-0.06462707852381573,0.01236712918648428,0.12756979466821528,0.12146870501030796,0.008764340955069089,0.03908091660075148,0.14513893719874063,0.08645063467551037,-0.05205289406184985,0.1651399178346764,0.13902824233618602,0.03292549315460879,-0.2904229041299535,-0.15686844620819507,0.02051693234564237,-0.024436365620093464,-0.012086102755330496
Glaucoma (1+),-0.05393947412319092,-0.04572005413083032,0.03018456602510337,-0.034387614805878645,0.05984521808104346,-0.11752083244836842,-0.03416640731561811,-0.007075023550690936,0.0300644494089183,-0.03708583211995131,-0.05922859019403221,0.03655611342057654,0.033111601326314986,0.0003120922322579317,0.05560085236928384,0.04355378960029768,0.010305952241946812,-0.0976621361884094,-0.04659860412407755,-0.06730724543582244,0.03356473527842161,-0.05506413246092582,0.03644527231142624,0.015087945980581456,-0.07905151202497282,0.025131198726701054,-0.07408392820411051,0.03308310102873006,0.013227872656876454,-0.006465860691943149,-0.019920829716602695,-0.012555541278532052,0.07950504651775164,-0.023000328033246954,-0.09290540029952446,-0.008641106409388716,0.0061632538539036505,-0.01580848531388704,0.03714581716483643,-0.03049810824832188,0.052069823689700256,0.0018751972495678773,0.026407961458695,0.09632167366860633,0.00043019876694876217,0.020543790842859382,0.05266930736801932,-0.006031017787960052,0.035874953161725176,-0.012789191801721183,0.017370898036811782,0.00807871447941004,0.028489141809753052,-0.038238975297462105,0.013986720377202833,0.043642952195467204,-0.06965112536215835,0.0181996850831191,-0.0038501004669648825,-0.06130817418657415,-0.03998672899990452,-0.06523704615936535,-0.05725006803640097,-0.03997769176845855,0.01995923979987103,0.03771721019214474,-0.0287958215136063,0.13070128784696014,0.06041646784014062,-0.013383641186313647,0.006169979108013408,0.07528924672121114,0.062171388662778326,0.034636806928438915,0.043433097270253386,0.0910455864870482,0.10253561990269382,0.11093584254693979,0.11092734389584306,0.09249607288358362,0.02035089501472655,0.1361973483352787,1.0,0.20169464496618963,0.010825199038935671,-0.1456981310516981,-0.0848025781397298,0.02819827786729495,0.04863076304703721,0.048630763047037,0.008591763969172281,0.024979268242741798,0.07074491531302966,0.11591878483669674,0.10909746793271077,0.037439625555669265,0.027651630327357107,0.003445757166090504,0.0574966860522237,-0.005066672338959615,-0.1643804472512243,0.05446833034984524,0.25029188831085775,-0.11650343465093292,-0.10208244423622576,0.0021991011061775613,-0.0413854077536128,-0.0280391666538615
Hearing impairment,-0.09622390731542034,-0.07114288422213591,0.08079287757872602,-0.1481097232340578,0.11818357361642601,-0.10744333778575857,-0.03716371169831939,0.044319092687457276,0.061872351407975805,0.04655041595142401,-0.13185572500070875,0.042157259868284856,0.039836651805149545,0.06561661506961702,0.11685371807127558,0.14901116225151784,-0.029589091711592203,-0.08230046576902139,-0.027460033255917712,-0.02985984785166068,0.028018189815924254,-0.12771122632233772,0.08815610575746761,0.02461963142330927,-0.06576929581801104,0.04216849294491645,-0.058237231749061674,0.015082839660879711,0.02442689425617951,-0.023065259658010706,-0.0374349018592993,-0.007273984953273337,0.050215312449029235,-0.0026078101135250708,-0.05220962260405853,-0.04574049131094773,0.020797869680650668,-0.0077153809634328396,-0.005305805054915587,-0.036592649387515185,0.04441556630910426,-0.032188902472758005,0.02398291426118458,0.1260453234579166,-0.01961482262302653,0.009005130922477358,0.03972451277762657,0.018134239791476447,0.038888343693587665,-0.024166563585870826,0.040104082290014297,0.02872508616645519,0.06693457593014855,-0.05248243571128516,0.03840961574098708,0.053000948036855976,-0.07317706093496522,0.052332315206118606,-0.011617743772274744,-0.06139046225464749,-0.08569544843316958,-0.04871335726994031,-0.12246146908533914,-0.01966613433155299,0.02417690571511526,0.0233960913436129,0.02298122599971528,0.1412064905272733,0.043612077015827685,0.01938916138327682,-0.007343926621044768,0.13314441468379984,0.059723418522468916,0.0359953845856739,0.07249714484106488,0.13627943284578475,0.07856319805179056,0.06457455627545995,0.0691281401157712,-0.06189209550418199,0.04364360498563971,-0.06428619936144236,0.20169464496618963,1.0,0.06912814011577136,-0.19727637729068195,-0.12647419366633217,0.01315727896189811,-0.0018428628048234002,0.014342337567811381,0.027018761413899445,-0.002059152310377679,0.07507617672305412,0.1019647132014881,0.08880661965808356,0.007738829035737388,0.025140425281297552,-0.09024211061719696,-0.020321909796937716,0.16346025708860076,-0.3104724584692977,-0.0940215774684319,0.5165174469808145,-0.20639585556645823,-0.010194577656267684,-0.06082346917414349,-0.048379396678912986,-0.04858628490201429
Heart attack,-0.03716757970313914,0.057259905889641985,0.25192878283696973,-0.035632481123087,0.08645369761444793,0.004353500762448527,0.2166792188029888,0.04445380218434124,0.0419697417537875,-0.017913248150054302,-0.11553868082624334,0.021501826135879774,0.05862855982419556,0.02589636621348657,-0.02370016167699037,0.04867625116379857,-0.039192776558934876,0.06610916695795188,0.022096246069605995,-0.012324705278522943,-0.03846777097275607,-0.021480455459486247,0.01999792001672464,-0.005675151812349974,0.07894595328052184,0.07628147697290731,0.03193495938106198,-0.009408023639745133,-6.664454622958033e-05,-0.001443162773256982,0.012008462576339867,0.03828860244489514,-0.08786432557289771,0.05190575143383039,-0.00431017287761563,-0.05675598482480355,0.07052360888941174,-0.03376301947326325,0.0029907552838156705,0.06422639987316794,0.0698673781981028,0.04108204344971985,0.005057414055679934,0.03373116881799652,-0.0037735931025838867,0.03620103185463503,-0.03832418153032204,-0.010601034583304393,0.05602736145218384,0.0031513751340355427,0.009177056587159218,0.003998591157957062,0.006312820915036598,0.033450567755858474,0.007697778587259701,0.034398107103193326,-0.012550428248427989,-0.004294597952589719,0.013083266245325355,0.009478111538805664,-0.04278467156641276,-0.03525726602213616,-0.07885587429854267,-0.03918948878830866,0.07878041835663388,0.007608612408500032,-0.011701939763871554,0.03549556846026707,-0.029215327473765755,0.0002675443287522001,-0.04115065048339557,-0.02575927062487845,0.05963909966953693,0.015611494873669238,0.018242496377341495,0.013854419324322962,-0.04348119468524948,0.0031575199666567994,-0.019892674181848435,-0.04658548662336762,0.0028490285004418546,-0.13428756475436096,0.010825199038935671,0.06912814011577136,1.0,0.12471086608006691,0.06284155992344073,0.24033112822450783,0.023566158797306464,0.02356615879730641,0.013454077422202164,0.0123311791593125,0.01638833315580222,-0.041089927641544094,-0.0006855998495661844,0.03641752916676136,0.007327053213877245,-0.04793604867264016,0.07483384206027924,-0.01575173402913133,-0.18980839193654844,-0.061692383561451285,-0.000248693333703427,0.24081724144396693,0.0032599978933591017,0.001341822805093575,0.00327150595405284,-0.05452039700331038
High blood cholesterol,0.0033303889815893798,0.12668127916733615,0.2935814285959049,0.10149872344287202,0.06196572392480596,0.22314117198622643,0.33600761275058466,0.02100848384064196,-0.003109908648798273,0.04495180000299927,-0.0389617135256087,-0.020059930339900774,0.07608623417560033,0.02292240821277566,-0.13325909939644676,-0.007144735743920631,-0.01964476078432199,0.09139939728118292,0.13622657595964643,0.05194058372607238,-0.046515409397253286,0.08694580758220928,-0.03149025003410377,-0.021024147707731807,0.1993202844692765,0.06727702646272314,0.1288228391343992,-0.032685812639338126,-0.03562918858567077,-0.03493207514485124,0.05727685717573082,0.05368336616150363,-0.24744841128286346,0.05333228970148259,0.024544027817357962,-0.05219604106886028,0.06802327295482533,-0.008008082112900243,0.0290519759467255,0.10990962644338162,0.0513998006556533,0.04520186339803038,-0.019566786262600673,-0.03923577757722349,0.04185179455606334,0.04173110366845041,-0.080172019236169,0.023550637310807043,0.05575315107290536,0.02328041552411649,0.0005394024318514425,-0.018342531551542963,0.015547825818417658,0.0595771799017131,-0.03322918647757653,-0.00546425312410902,0.04486274173316271,-0.07244578086019257,0.027708433187301974,0.016839862866472002,0.04794424013048846,-0.002722257364116033,0.006962243069426526,0.012025463512269121,0.12824161029180434,-0.06347244899089621,-0.027485026034334812,-0.07843672048405408,-0.07507998746040531,0.00280549531095053,-0.025275094327760962,-0.1111733611093335,0.04528727810054137,0.007544892020401336,0.008953469527270407,-0.048959215058858106,-0.08126862639232595,-0.023013466074296805,-0.0625338422276594,-0.09847227180418267,-0.04281570324617449,-0.28050518483517656,-0.1456981310516981,-0.19727637729068195,0.12471086608006691,1.0,0.41125616090610567,0.20758066282841597,0.017387132724940864,0.03241018672445059,0.022591586402500342,0.023546188119293918,0.0036607071880868395,-0.09875492211749394,-0.07964783689563959,0.05505903005212889,0.0018210793948709486,-0.00663045011252317,0.10545782533195217,-0.1536028538353911,0.051975218364738854,-0.1640556476208081,-0.3917185341976506,0.48380363235212115,0.09548611295973074,0.04305542640102006,0.01676655172283392,-0.028439324340873786
High blood pressure,-0.007567458328760439,0.058991340152951884,0.2365425527389104,0.01175784247110527,0.04505306762617815,0.08948735077773734,0.2890168573482907,0.011414790800676193,0.040346334128810016,0.006820045510022134,-0.09919095140370889,0.01726174659627906,0.046452971924791135,0.006993686058219326,-0.11862666657420912,0.023479308154407602,-0.06582340540125424,0.018318619776214903,0.017872530191280933,0.027909101507401172,-0.0091604665048614,0.026354977106196543,-0.023623319532603174,-0.023844761338204824,0.15743157134134272,0.07713502692313236,0.06925675840282201,-0.044463613740942556,-0.043481330762016664,-0.028625313485469123,0.04698127749501747,0.05880734812489129,-0.20140453409538925,0.06434906674646791,0.011907412643293569,-0.04902846892299149,0.11451410175493319,-0.0360316458447892,0.004841738483754374,0.08420325580522899,0.052222458349814996,0.03505400110454642,0.012408024739821857,-0.016009847556790073,0.00780213545884364,0.0163997160090329,-0.033493352675617906,0.011563526933503756,0.04048925387706939,-0.0050006612219488785,0.007699298099957547,0.01726080884274001,0.011512963808685897,0.022560108005387214,0.0024844656113312564,0.00348062936893628,0.02921371340989961,-0.037111788678514224,0.016987863087556683,-0.010257912000904918,0.013263379696309764,-0.03820107527762865,-0.014987204414510543,0.004593976379551018,0.09935554087956076,-0.05690457882221337,-0.03447980376388021,-0.05992778483294593,-0.07833081873038666,-0.0038197174754601823,-0.042781129433654044,-0.09647597764858284,0.023534231380951787,0.025860193902013218,0.027135429793227216,-0.012269519532810547,-0.06875468475589186,-0.016104528386418394,-0.055367551705170936,-0.12189406184737954,-0.02762504377103625,-0.22877385478682075,-0.0848025781397298,-0.12647419366633217,0.06284155992344073,0.41125616090610567,1.0,0.15743278827292892,-0.01685557867207437,0.010146429791413522,-0.007505890871619024,0.028913260872357613,-0.006731198517831492,-0.04668759032720464,-0.06470699647762782,0.04627632784368786,-0.02561209897276559,-0.057329829030672734,0.09811256556922651,-0.12746504105776554,-0.07883459236410188,-0.04336277277137584,-0.19207641344996856,0.325740817035772,0.014274066721743753,-0.03601758110218959,-0.002324750693071287,-0.04724834324696002
Kidney problems,-0.06269572400690222,-6.129018195992909e-05,0.3306182554233253,-0.027010429869093234,0.12376135602914873,0.013892027829855196,0.28625311634871814,0.08295990889114531,0.012371576432168881,-0.012643460343291854,-0.15081504798111806,0.03430460440451835,0.07823466552058456,-0.04942347793207597,0.004330694802845429,0.0325721893836366,-0.024123592223393286,-0.03375198476495082,0.053926264845242905,-0.011484891893689094,0.01543112030725074,-0.04224889734980183,0.055839923324833236,-0.01447407396661123,0.09435633119706627,0.09090604350473974,0.021968734422514864,0.008296190517604756,-0.04725157997176269,0.016468642713324235,0.02277752024412851,0.06004410050453055,-0.1431134956327219,0.061337552641548373,-0.07088253774443952,-0.06523241105137556,0.0936716101086476,-0.07008377720723731,0.042204415888973314,0.06715328345948834,0.14556701451878015,0.060286061454488026,0.008773281492926768,0.07748586771486904,0.01287856839567302,0.0648535159680056,0.0024832446766268382,0.0130844430923929,0.08698793351338643,-0.02849693742443854,0.008182068469419728,0.01644358448364697,0.0677047701842073,-0.04625493017684927,0.014333438429326599,0.06363160855530119,-0.06063798788497855,0.0058577780376537335,0.013780921773505943,-0.07041721093191564,-0.02476210533080806,-0.08712296549836375,-0.10738295771008322,-0.043738546476712055,0.16676606739233996,-0.032909083659899356,-0.021279350067524176,0.056147252372858406,-0.053877359692097435,-0.040679414533069606,-0.05417603350191777,-0.056862490012189654,0.06523111012873917,-0.01211116669112389,0.014299652558685313,0.019474635287640395,0.002619264984453911,0.021998651129973075,0.013595347060454949,0.0067166837622419165,0.002882909318944066,-0.11647572998003844,0.02819827786729495,0.01315727896189811,0.24033112822450783,0.20758066282841597,0.15743278827292892,1.0,0.09198405241504323,0.047605571655949495,0.015009851274754755,-0.03113807948879332,0.021619775183072586,-0.04496536229032927,-0.016090010090886078,0.02733364312133797,0.0229505632950626,-0.031006049961778803,0.13810887624755339,-0.047930661686962764,-0.2511585450418496,-0.06040027157095641,-0.04773129087404282,0.34415435739941486,-0.09616409069882326,0.006078482253168141,0.006492622873705401,-0.09952299482448917
Low blood pressure,-0.05400895675932154,-0.08593003468013923,0.06803443338440585,0.10876955041978995,0.13479878540217527,0.0014528570607352687,0.08297590609180445,0.06600062857899437,0.021537377748309623,0.044064306171022166,-0.031447208845514794,0.08407364545278202,0.1440002354516637,-0.03013908669328075,0.011933626020223796,-0.11509991483652657,0.03362089691494571,-0.10886012318466728,0.004915585833223389,-0.12865201314872748,0.1037985188843581,-0.020401139427583752,0.04539753279526396,0.03556093220253129,-0.048121822926442195,0.052462158734264325,-0.04245010214766132,0.0004995448737445581,-0.029467894724879568,0.052737968605853884,-0.04415493142690942,0.013838165877817122,0.027161644276035034,0.027549606172924013,-0.10745566257617975,0.024659420352703836,0.00805685061658511,-0.04275287901592244,0.0921319891242438,-0.041681206996409724,0.0813678995034608,0.03825623774230258,0.022308768082765044,0.07424235527591996,0.025653620963856913,0.053775000918898655,0.03947411714858374,0.029755176324787774,0.06663985089751573,-0.04706175958886213,0.006126399524155194,0.024530494891776125,0.04180536789670832,-0.020143331695641052,0.01406027602987575,0.039910613308712775,-0.01746741899496688,0.0107307000235351,-0.011457309610866643,-0.09628334079994788,-0.014994426974751068,-0.025638378609675626,-0.03214556744297712,-0.03396605030264918,0.06611919870549195,0.05332366648198582,-0.07448227741867867,0.06940958927977617,-0.008533004143600972,-0.045753356947085176,0.03916051737949736,0.0026578099379637875,0.16001566031263187,0.014863927094624526,0.017430328775694632,-0.06933920282203343,0.03099171767372872,0.06285672414888811,0.04002898760327954,0.1253908220151987,0.012997888909668204,0.04159632115333326,0.04863076304703721,-0.0018428628048234002,0.023566158797306464,0.017387132724940864,-0.01685557867207437,0.09198405241504323,1.0,0.2168686899203209,0.0682821219738137,0.05466868737644929,0.06730787711292917,-0.00873281152126784,0.08824858757046312,-0.011856412564323389,-0.0112136854784982,0.031574163242637614,0.07850371804900598,-0.027395096384523636,-0.05252668027834891,0.00817171887522988,0.025255601814028306,0.02606176844039746,-0.05564322933308891,0.07650462107796317,-0.11618226950141336,-0.14847746390326122
Mild cognitive impairmen,-0.11099551902793779,-0.07281917622680946,0.08974785051644096,0.0416901010893753,0.1873375781891284,-0.007626380167030716,0.08416718906216474,0.0621560113557764,0.0806095844847622,0.04199774122330471,-0.0570275960290242,-0.008069131367484116,0.09776091543228639,-0.02099837484457275,0.03568589923169878,-0.051662977122367275,-0.059673952085192376,-0.08455099441175881,-0.01831106973675128,-0.1050526698458512,0.10733341703157406,-0.024708899633710563,0.06752194972902095,0.037099091572584675,-0.026715074903164857,0.04635541536235512,-0.019017776968835824,-0.027666647842119637,-0.04146602973813771,0.022354737140271936,-0.011589858153481642,0.005895858337705602,-0.01012466591134374,0.01420952733768729,-0.11836907146117645,-0.008703194970836369,0.035525674233213685,-0.021648442000023718,0.0439064498305509,-0.005175970896916645,0.03332634843721547,0.008934357495751812,0.045673160330324584,0.07777927417607264,0.05026749295023793,0.044332884376667714,0.05974315913750589,0.0061842438544326235,0.09430450212979004,-0.002350914741868569,0.011845112581260121,0.026080549148753896,0.07812629400324483,-0.005046361281466971,0.005344397910165839,0.030991364018708667,-0.023635640092337335,0.02419017282097401,-0.012435560927861833,-0.06976716888566377,-0.009474508274609706,-0.05383544865136046,-0.06676555815221558,-0.027394594814350394,0.07559165729546796,0.031346817880825675,-0.04671539143992053,0.0971629587176772,-0.039444760739685676,-0.007843424278022733,-0.002435137648783624,-0.008014072968689735,0.21805389637149541,0.058476940797902374,0.09236398167426273,0.041485062145244105,0.054388757798729995,0.10735541942422941,0.07530647790179294,0.0701208869856176,0.00974781938939646,0.03860346877980096,0.048630763047037,0.014342337567811381,0.02356615879730641,0.03241018672445059,0.010146429791413522,0.047605571655949495,0.2168686899203209,1.0,0.13255935602696076,0.09812961263500128,0.11758298645291367,0.05449750620658606,0.08024782144752114,0.00524414218916798,0.004784584207833301,-0.00726755401522996,0.06196985421481846,-0.016606357231681614,-0.07487586880987292,0.05523390038339428,0.010235912646844363,0.04828487468255645,-0.045120661563839426,-0.001629606676537704,-0.1761604916634421,-0.14248852848192425
Multiple sclerosis,-0.06829557867001937,-0.012801200117446785,0.030232895648059425,0.00854705643313656,0.06518975060425182,0.0013639654887789463,0.027941772909430316,0.05845516328772775,0.03809513863859995,0.011852659436856938,-0.01392393499365254,0.004510404896302143,0.051600601409767036,0.005778266643491923,-0.003634044805125248,-0.029537651827042967,-0.022019203039645753,-0.017178095625140517,-0.00029704942183687833,-0.022256912559722734,0.03707659919931235,-0.03179264860762491,0.025310785839701,0.03661098891361269,0.013025688628952788,0.001964035887042535,-0.03486252053967072,-0.011199936000019206,-0.014896248536106316,0.006312873220356784,-0.013996752147053896,0.015419505724245578,-0.02399215706467376,0.049085295841774214,-0.050255978949942846,0.005433247648297068,-0.018399738648968232,-0.017738507892941884,0.017830878170971384,0.0012943811244560612,-0.010045219756496837,0.026405466149213738,0.019502360453321942,0.05214735979050051,0.013319224268142346,-0.010284674191271832,0.027674985507196527,-0.0001269442327298523,0.07093157196986773,-0.0038117994202692984,-0.014747113438004163,0.02015395291742157,0.031107205504491198,0.01766195876116331,0.018052508590785245,0.030458931278963267,-0.0012327964923796602,-0.0032939645757432477,-0.005397187729349358,-0.03879563710767206,0.015558769231350899,-0.016944544198364154,-0.01639234841938663,-0.002907366011584616,0.01680557108274582,0.029869725410440966,-0.011585746014059211,0.025804680386524982,0.013751715625550262,-0.0074145450129106845,0.02092908971171645,0.018155378646005194,0.11560548146246401,-0.009587004153968591,0.0754155328189475,0.028333008747145262,0.04561829764116256,0.0905715706277527,0.04956858517927768,0.005429609945645787,0.03480456655103437,0.026265434970415866,0.008591763969172281,0.027018761413899445,0.013454077422202164,0.022591586402500342,-0.007505890871619024,0.015009851274754755,0.0682821219738137,0.13255935602696076,1.0,0.03467763402247196,0.10938655283963523,0.05914336827275806,0.03874904327147393,0.009305982989440754,0.008191937593250587,-0.015317624183541077,0.01805127499565131,-0.008270684739463567,-0.0318806497403991,-0.0074621472975631795,0.019377372735061398,0.023862969834669453,-0.01285299722186779,-0.01849384475142692,-0.15709353319696406,-0.036755587489262324
Obesity,-0.010996067028368604,-0.06150581345978034,0.046530503178703476,0.007569444997529093,0.1341048205927179,-0.05791545773882166,0.094764972762532,-0.04139896312332292,0.10215205945607944,0.0718437068772891,-0.0013310151157915036,0.00996411106646616,0.10893179081158369,0.014473429025209214,-0.03934647038636267,0.016907915940650428,0.02156078899220425,-0.12076821329532024,-0.06531037255780481,-0.12204396083291762,0.06942936208384794,-0.06812088591817075,-0.02534213881001748,0.07439967030993891,-0.10758466903332478,0.035326056127906465,-0.0076404560771140325,-0.04426159415237595,-0.005602419974007899,-0.0016180826433159529,-0.055540696628459375,-0.05780443980194946,0.08112677888383817,0.021122960558787377,-0.06455808253675818,-0.002287915730355461,-0.05668275722433722,-0.0228482332195258,0.005955048978897185,-0.07588427657368421,-0.023180937428756262,0.003690721499447996,0.005264670734156982,-0.06925730876485714,-0.01659002206484403,-0.045191861095969725,-0.005224488871735237,-0.014607215821785556,0.046516090781605075,-0.02289497688420121,-0.025003048691696537,-0.03576389866146883,-0.037245206058420494,-0.023855483211308127,-0.01621608216065887,-0.03592865411777707,0.031783914551572125,0.001101221494962221,-0.0018488782951614539,0.017969424677322935,0.08221893556879398,0.01601572839477452,-0.02385462023255088,0.011148847731143687,0.034352774796994806,0.031120782179257577,0.047966400241651025,0.07611262761259727,-0.08253893846064081,0.010422503056015704,-0.021694007563596098,0.007103204929368305,0.06416033274472399,0.3608376442645773,0.023726391197842946,0.002601722744201449,0.027402019008685902,0.0797928754537707,0.04166175067481699,-0.02637522073061275,0.00719762073179094,-0.06462707852381573,0.024979268242741798,-0.002059152310377679,0.0123311791593125,0.023546188119293918,0.028913260872357613,-0.03113807948879332,0.05466868737644929,0.09812961263500128,0.03467763402247196,1.0,0.15954971326046039,0.13644822075744256,-0.008413377956288548,0.0010444842357421216,-0.004827249599797646,-0.07981289599127787,-0.051591014073193,-0.04799937886180648,-0.05126761638678211,0.06610047136209081,0.0037185885015903262,0.018074454482199125,-0.047589978747206725,-0.1854182038637831,-0.04363000645438369,0.06752934408400157
Osteoporosis,-0.09863987775088637,0.017824443314423698,0.07073280915445171,-0.05499392303485479,0.15679971023853237,-0.043008448231150645,0.07986435311556297,0.019646462963977606,0.07345998114098873,0.07539672963553827,-0.03906494629617672,0.04113660773781683,0.06808027937981101,0.07373398907904335,0.017485778987004715,0.09082472587823547,-0.07931584391767038,-0.039602919825048884,-0.01523878484408611,-0.04891259603572489,0.05609403726297559,-0.018860561889510644,0.001262562402237774,0.038396822786458965,-0.014013383630311578,0.04210290293575409,-0.00582387224238884,-0.031545180469190366,-0.01110911822582686,-0.002258670023815489,-0.02473333205321322,-0.0077993540142075705,0.03919286834745626,0.056866747304131965,-0.05442357271989288,0.016952865635582178,0.0003142586577544514,-0.028284909246084768,-0.007399565748353652,-0.04508740273113676,0.05077130487659327,0.012267303904261234,0.052659546697729986,0.05834471078550935,0.008191014704489826,-0.027836524665852208,0.04213749081934791,0.017910675203422884,0.06251542782256833,-0.024929099214257844,0.02547066230965824,0.030242104114311417,0.05472798945534283,0.008727220316659097,0.010534485392107832,0.051686863386447686,-0.04804054195680071,0.0011516233787667823,-0.03360768351257114,-0.06275630443004074,-0.015855246461345004,-0.05211326241476833,-0.03163568238482021,-0.019737681349525242,0.0015090856354968065,0.027984728964243637,-0.03539628135632112,0.04569869846981261,0.010367809077317545,0.034785837897825175,0.05995491535563993,0.02025667762686173,0.11490014053253249,0.13977329149917733,0.09392317394976256,0.15950988660954601,0.08142942984869998,0.1536829609015886,0.1421562476880435,-0.055681070528205125,-0.015784572356779495,0.01236712918648428,0.07074491531302966,0.07507617672305412,0.01638833315580222,0.0036607071880868395,-0.006731198517831492,0.021619775183072586,0.06730787711292917,0.11758298645291367,0.10938655283963523,0.15954971326046039,1.0,0.14220808918249186,0.10333981201695058,0.044284212400443494,0.031169768522516322,-0.06013124011346053,-0.025248272296912355,-0.01931159900965446,-0.05853602445323442,-0.026761143400819868,0.04226742882960863,0.021081202677198832,-0.006864438050738045,-0.05932477156588603,-0.08305094075755623,-0.06725195862031264
Other heart issues (pacemaker),-0.1367210647541969,0.0526870976208665,-0.009742501224548285,-0.153396081842354,0.10692749802598016,-0.11889926967865831,-0.040000663025869215,0.005747251556444112,0.1523275514888122,0.036299956743051046,-0.025669589233726677,0.04544514536662536,0.03508784681202503,0.02104877596475829,0.040098315066047614,0.19524200419194926,-0.007257646910075061,-0.08607355650872793,-0.07453263785876298,-0.03461526925203439,0.054096758257968475,-0.027291787840155388,0.006817408284388729,0.04852398536863573,-0.08503094336738459,0.019068561446618604,-0.04115519555745299,-0.03328599095287697,-0.008650432696040107,0.029935797939459358,-0.09056715266875659,-0.006344023318973221,0.06446746986236868,0.017040401356919505,-0.008020836475545036,0.05414970330046796,-0.0355346269328146,-0.034826499962152126,-0.01471153910246651,-0.03992181299032602,0.049136099418691175,0.025487321524983772,0.061810368363675934,0.08422974931883949,0.01583791396289363,-0.023983824734690226,0.07431493911389252,0.00043504248472955615,0.061776718989656726,0.0028420181531824346,0.015496688926042433,0.009356766689239538,0.03189554744901319,-0.01850360193162697,0.0036928743187073696,-0.007085028561714039,-0.049620408665726104,0.06154480526522963,-0.009193484581125032,-0.021013587800256656,-0.002715511919636214,-0.056832849118481736,-0.03052736726862638,0.0007234245220868681,-0.006717417173168131,0.04828860590636189,-0.006926586565596621,0.06918629216396843,0.02735081584796645,0.023337346651823406,0.06239297857295877,0.07626027648875801,0.06371185864435608,0.1957695683808702,0.17418800165888607,0.3420367210193008,0.16967663131321062,0.2652731235498387,0.18687044743673875,-0.04392273862216735,-0.03401898145056717,0.12756979466821528,0.11591878483669674,0.1019647132014881,-0.041089927641544094,-0.09875492211749394,-0.04668759032720464,-0.04496536229032927,-0.00873281152126784,0.05449750620658606,0.05914336827275806,0.13644822075744256,0.14220808918249186,1.0,0.1489695612603278,0.06462973825017289,0.03428951489341315,-0.02105250346498456,-0.030989733199207795,-0.07265671364454207,-0.03996231797300408,-0.0059993414949652225,0.12674920841023038,-0.08466072921809238,0.00016187348196272408,-0.1058677604035912,-0.0973717074361619,-0.019368803158242177
Other neurological conditions,-0.04939011455975955,0.037272656539081725,0.03598162380743367,-0.0029992963075009945,0.10861030483680723,-0.08408415122584469,0.0066497174478226855,0.0016709452892632488,0.011090367315840075,0.08221757224912073,-0.03228411725842784,0.050914548791753805,0.0754841190805136,0.030472734926660368,0.06837467622897693,0.03678164041788431,-0.008719407620772756,-0.14005154797242278,-0.008399203343752324,-0.08262636356252748,0.1088418615200402,-0.00941432069229993,0.013592935513631043,-0.014520889737204268,-0.10295442951817288,0.04036466148925697,-0.04982289272860447,0.011219823436552182,-0.029252511394460442,0.06830887878222543,-0.06647840873217911,0.0011448029632125714,0.10702444682599939,0.03664582647067545,-0.1026812554379298,0.03445563300717524,-0.013089881570357276,-0.033041564160377075,0.071797458195167,-0.08402348374475394,0.16207283932916175,0.03645481595585719,0.07946387883181462,0.11723360416243939,0.011356039483910903,0.034835947309527826,0.052587273925127624,-0.0019398093842962097,0.04510332424300216,0.03599753916910085,-0.04145102697334491,0.05358272665707176,0.02757076380318271,-0.04828457548538086,-0.0006314899862883155,0.0315611977014886,-0.08049782812910125,0.0567770108827158,0.04546754197711617,-0.04243498821415603,0.010980420015419221,-0.02049447127315601,-0.01710984738178321,-0.0009613786498976619,0.04222633402267434,0.046277566539212334,-0.07814506583037056,0.12387205073287946,0.032592835506542205,-0.003957945594691556,0.09398774485412006,0.08532430598179655,0.07153740582473153,-0.02268216920069096,0.05259587895863476,0.07449376692944787,0.15405129684141988,0.12773488467408767,0.17238241990793327,0.08576612674543055,0.004287950155756943,0.12146870501030796,0.10909746793271077,0.08880661965808356,-0.0006855998495661844,-0.07964783689563959,-0.06470699647762782,-0.016090010090886078,0.08824858757046312,0.08024782144752114,0.03874904327147393,-0.008413377956288548,0.10333981201695058,0.1489695612603278,1.0,0.06859661514627993,0.03467778877775947,-0.008025344465710335,0.0034669901911411212,0.004130785827235451,-0.09786453399499784,0.028193210962039764,0.11799828613288552,-0.05841366184263026,-0.02726424797868048,0.027893829318622592,-0.05590143070924976,-0.044328655351432246
Parkinson's disease,-0.048727480457885476,0.10277099507545086,0.05621024877827622,-0.052982071159298004,0.013151983442522762,-0.042493013670949945,0.04174271873052985,0.0005762229928559069,0.04555471556119253,-0.01902280450406368,0.004076912389421007,0.0006996328396118364,-0.019030317607070055,0.06502193442152683,-0.012466518511103855,0.0677519515394106,-0.08660596133476037,0.09987826337304,0.0016181264404952118,0.010480241674365046,-0.025148357691527224,-0.012835917762448447,0.0200515689681629,0.008609489713327291,0.08363042402641108,-0.0010262350255202245,0.03407326668847922,-0.010167975437668843,-0.01620188801763353,-0.01689714905682514,0.057939311635304296,0.07003779692409746,-0.05247591938375323,0.030055007256614072,-0.019452159852124656,0.0050183555853132965,0.023997092755598554,-0.0032926612954963888,-0.01696279368949129,0.006335692190083098,0.007782829759728446,0.011309946843700328,0.04404490300839163,0.017436584620477338,0.015821688809285913,-0.024819550218420732,-0.01331307624086158,0.026266828608765565,0.012302385652725735,0.015937926428496684,-0.01998837160872937,0.022323492023750318,0.006414961078305676,0.006697811014550485,-0.03573122632999435,0.022228102485764404,-0.026728836671794137,0.013159322068659992,-0.04274197544130012,-0.028210881342003453,-0.02895237792587668,0.0009331352219469915,-0.0067938678241188846,0.02251911237853362,-0.02943962832430282,-0.019688505956246806,-0.012266678774157255,-0.03494024917761708,0.04045638452298442,-0.011629322324305675,0.007537658114168428,0.009480750915993177,0.026638370618494927,0.05315908778530467,0.09705261901928106,0.08538765951749405,0.004587995151815468,0.08195270316777004,0.03641752916676126,-0.06471019760884351,0.01680432898817688,0.008764340955069089,0.037439625555669265,0.007738829035737388,0.03641752916676136,0.05505903005212889,0.04627632784368786,0.02733364312133797,-0.011856412564323389,0.00524414218916798,0.009305982989440754,0.0010444842357421216,0.044284212400443494,0.06462973825017289,0.06859661514627993,1.0,0.0428675838791088,-0.020011935573808155,-0.01906658130369344,-0.048554525919784985,-0.01840089974489551,-0.02741965103859536,0.009193056309930652,0.053502208077355166,0.05956546783989731,-0.026578351425519432,-0.0303344790951626,-0.03316240894762204
Retinal vascular occlusion,0.00038508313397548477,-0.033396695012351575,0.0009077140677738249,0.015570479200930942,-0.0242672479653994,0.0007891959340296991,-0.015214104668705096,-0.009125744072220344,-0.009082091718749581,-0.00046623505066383956,0.024707363015583506,0.02255619862891771,0.00614273019087089,0.04625051052770648,0.008239340956782236,0.013771353955142774,0.01455000324796805,0.03357664694339855,-0.012532437222529301,-0.023555217051175803,-0.005491796960918306,-0.01932089140213133,-0.010008132907575944,-0.019010777204686774,0.017112169496893093,0.02642097778986594,0.022164304980111255,-0.011226991827755215,-0.009966776929039873,-0.006873027669470313,-0.0159600642309992,0.006719693247841003,-0.027741368265424185,-0.004636018423080737,0.00877309473453297,0.0022582515119935354,-0.03373180421393873,0.023030629303476043,-0.006638430247019017,-0.01164471244220773,-0.009094135020672493,0.01299204953050912,-0.013847153783796138,0.05114606421948497,0.03559861283999133,0.017180312996663536,-0.028563329327228326,0.011227575885278769,0.03518913424497807,0.009683029177075066,0.0026285875735006037,0.009614594837093897,0.012179094067647278,0.0019639991666903596,0.007712339629749644,0.005235039688019307,-0.01639000391685311,0.01593286888677002,0.03591326225292823,0.005545397724421343,-0.0058283771704598355,-0.0376568436071406,-0.012591328984235647,-0.0043582951060528174,0.031696562102096065,-0.006426510189899109,-0.0037488874345690593,0.02511103175740292,0.01573282680485342,0.007323697328523168,0.001725429591459162,-0.011679457286430115,0.03409777108330183,-0.025544070845828996,0.001990927854823301,0.011274289057317949,0.012660459917209066,0.030102977247815025,0.03204601504840438,0.04581178223197768,0.07947761571544502,0.03908091660075148,0.027651630327357107,0.025140425281297552,0.007327053213877245,0.0018210793948709486,-0.02561209897276559,0.0229505632950626,-0.0112136854784982,0.004784584207833301,0.008191937593250587,-0.004827249599797646,0.031169768522516322,0.03428951489341315,0.03467778877775947,0.0428675838791088,1.0,0.07895328843850251,0.03290727104445793,-0.00021302691811569884,0.023308750739921995,0.03446555890832335,-0.012577075028867865,-0.037665057453439114,-0.019847964858669558,0.02995013213670091,-0.016816891584013186,-0.001335491541720917
Stroke,0.008964946517043645,0.004331311871073665,-0.08938707823784181,0.08844697138224657,-0.0686620369430229,0.13529111991941042,-0.10820773181778473,-0.02226052187026903,-0.07742042182599848,0.034638537260433255,0.05829163351887281,-0.05425054653101853,-0.027106240130798116,-0.02052204049344093,-0.016212551266980797,-0.08234899659427003,0.06569693588625468,0.05300785598772603,0.11530921163236012,-0.024107507942249373,-0.02958865216564498,0.0992935141103735,-0.03545731587072757,-0.0018738175027141323,-0.011281672915399868,-0.049682637339843086,0.05613234205735901,0.015999561014604455,-0.03616213046645679,0.017816904953662643,-0.013854648080151105,-0.014583325877152,-0.023158347492011348,-0.040905286845228365,0.025860647432286,0.014074519969458707,-0.0435732706518171,0.012592765944455705,-0.007338284645167478,0.01819354415442727,-0.045424592980510006,-0.011223703898405652,-0.029793979085225946,0.02996885031705054,0.01803225559886523,0.012665461349615789,-0.010860982236957981,0.012907759367246512,-0.015469781316140518,0.04271911631915621,-0.005118613458369566,0.006762143270619815,0.020400357037611366,-0.001008073787955704,-0.008302405646372779,0.0023896800084297776,-0.011959003154489773,0.00926527706608449,0.03460163280561771,0.006305567679220247,-0.012812147255462853,0.0015644271298851813,0.015003288676204037,0.007606500961352875,0.03104599735344478,-0.004840152739111369,-0.004251508366693571,0.008831210263563665,0.04328088361317586,-0.029184088036606663,-0.013188314304601509,0.002253958434803067,-0.018271033855634087,-0.04980117435817647,0.0026724924081593633,-0.04450594614153945,0.0375502652812712,0.004562729287864766,0.02208077832558623,0.2297596099214246,0.10153980682711707,0.14513893719874063,0.003445757166090504,-0.09024211061719696,-0.04793604867264016,-0.00663045011252317,-0.057329829030672734,-0.031006049961778803,0.031574163242637614,-0.00726755401522996,-0.015317624183541077,-0.07981289599127787,-0.06013124011346053,-0.02105250346498456,-0.008025344465710335,-0.020011935573808155,0.07895328843850251,1.0,0.058096551978618266,0.03589979036903997,0.19355222663206587,0.03790527704417621,-0.1387663347980912,-0.09113171602076735,-0.016726992467221757,0.047587240564372885,0.010187512463785502,-0.016379995799763125
Type 2 Diabetes,-0.03880806280846289,-0.07967087066794251,0.20081707466979132,0.07466770675681081,0.007561578241550929,0.10372589673307023,0.180478715650271,0.03538905464622934,-0.01591297039622629,-0.01708682681547526,-0.13467825104228945,-0.009220926907247783,0.05661588572823514,-0.05513978858425112,-0.013559318365796491,-0.014855776599230625,-0.0051858595201911585,-0.10338756364823248,0.011385836655725776,-0.01553375038230682,0.06847092761903142,0.04509850431925619,0.005403679579907808,-0.01540336557473382,0.012729838581576005,0.04930382069669832,-0.01121438712097575,0.028716683951864195,-0.10947232590879248,0.06963733456466055,0.04151181345619995,0.08996561065031491,-0.16022544400826796,0.019000032296808845,-0.07784929289953704,-0.008411973524188987,0.05989883942950502,-0.024894917012571714,0.02501178184477127,0.054955642104792084,0.12650748072198706,0.07789302589245663,-0.027704063611797475,0.13838064865970243,0.03850327276158546,0.09666814119659561,-0.0212961748743811,0.021878583296556724,0.11238476185546696,-0.013892395169572812,-0.006124754404559222,0.07087761127524113,0.17891570392768028,0.03018725117441885,-0.00027368188775454784,0.060295272315631476,-0.07200708513899873,-0.04612955090138189,0.014123661767020913,-0.024827109415690142,-0.0017147496340106246,-0.07103422776086514,-0.05841973544315667,-0.1016202673049379,0.27552102896482705,-0.04310411916870893,-0.09510452780967535,0.18577359227239612,-0.042742656677379205,-0.022577130348870086,-0.051872030136416225,-0.24636658835550193,0.06233113092318895,-0.005385986318716481,0.013956276458492265,-0.016212335150339,0.008213440664960077,0.047464146783699486,0.03922355604099423,0.1408221798770594,0.009331745004778872,0.08645063467551037,0.0574966860522237,-0.020321909796937716,0.07483384206027924,0.10545782533195217,0.09811256556922651,0.13810887624755339,0.07850371804900598,0.06196985421481846,0.01805127499565131,-0.051591014073193,-0.025248272296912355,-0.030989733199207795,0.0034669901911411212,-0.01906658130369344,0.03290727104445793,0.058096551978618266,1.0,-0.08625974012671664,-0.04961972267734649,-0.0006039725161244223,-0.04387557571266328,0.08359617929290168,-0.08857256592938617,0.0470503367930824,-0.019288361201748868,-0.0987047535263952
Urinary problems,-0.02805826093346678,-0.027107697669323975,-0.10421540331425533,-0.07257792661670426,0.02109798680933366,0.03292830220282257,-0.09694044080665673,-0.007673810116108725,-0.028168136050098113,0.10820698613689049,0.020330367334024477,-0.05778801722915138,-0.06214204211300908,0.07173774225539312,0.07983516561772755,-0.010182657420780835,-0.027478799486950263,-0.0001414832032354103,0.0033588164669953575,0.010828961344455797,0.05192103580960431,0.019856206576849427,0.0637721032667877,-0.004117893139043513,-0.04149085832851066,-0.06673150869929578,-0.008624528983810109,0.013532496868205963,-0.01945618841399925,-0.019757369733742473,-0.033823143079143664,-0.0751733499629728,0.05572638516208912,-0.048340739179094545,0.010519307112473387,0.008615521542284833,-0.06236139767687683,0.04827975827988405,-0.04950763598013664,-0.046287676490373054,-0.06290063422373308,-0.0675139741569275,-0.019781855649205128,-0.004527828037273477,-0.008875152788169999,-0.028411979267027987,0.004181029224611266,-0.0013577036139488013,-0.017018485811505134,0.024823365741863706,0.011034936563532606,0.01852430942974199,0.004047333228257965,0.013390533059056055,0.017681913274985202,0.008712746638901621,-0.031646473855634974,0.02130317556136432,-0.050108657186401395,0.019410019786339838,0.008274923149187903,0.0019906718838664985,-0.002858910070252276,0.010590406282291295,-0.01504436647031663,-0.019026148977920983,0.022975422296435587,0.04599783078722843,-0.002658975666283968,0.05815338808327421,-0.024700285245530133,-0.006872988466165674,-0.0241914430811401,-0.01316273312064467,-0.011168109025395119,-0.010584420012814648,0.0007781360063988082,-0.060673131639517465,-0.015751734029131294,0.026927619367463126,0.11983581235058556,-0.05205289406184985,-0.005066672338959615,0.16346025708860076,-0.01575173402913133,-0.1536028538353911,-0.12746504105776554,-0.047930661686962764,-0.027395096384523636,-0.016606357231681614,-0.008270684739463567,-0.04799937886180648,-0.01931159900965446,-0.07265671364454207,0.004130785827235451,-0.048554525919784985,-0.00021302691811569884,0.03589979036903997,-0.08625974012671664,1.0,-0.007408979722395743,0.02653899441352006,0.10289629109662363,-0.11320876893840277,-0.017053592926850995,-0.0529002891140654,0.008476079136690275,-0.007354698662339621
ABNORMAL,0.0825138288272619,0.08973007895718975,-0.33136487940550596,0.14855868465025635,-0.2401047014265471,0.25191466769255977,-0.3227971017973748,-0.06815236934168141,-0.09254970165160098,0.06324432574204349,0.22188988201908072,-0.07260911540780618,-0.13167607320232091,-0.05497613403935609,-0.09478222135414914,-0.15062425456320164,0.08299685271972043,0.16615805950033924,0.15702371595202796,0.08174830515902266,-0.06990972583365715,0.2300404888549963,-0.1358237150049979,-0.0003635019202566391,0.011945284528276506,-0.13765841310683374,0.12105455846933473,-0.015875089775123873,0.009537574011059279,0.006418435461278502,0.0301117279193011,-0.05443782771511863,-0.014159965477693316,-0.06403058304631855,0.12821756991966704,0.0667068451161507,-0.12272657159574148,0.07932550225583035,-0.07645258159329323,0.024665625309990002,-0.150206909791664,-0.02169221557326633,-0.055634667257611896,-0.14225447213884512,0.06101731004844329,-0.04600515456830299,-0.06283625919665434,-0.014357131651107014,-0.08443884106025507,0.10141489121590973,-0.04541935186050306,-0.0363996191547269,-0.05629575628864355,0.04746855234370356,-0.0401726234180374,-0.058240719277259684,0.10060781761462789,-0.018498464743086085,1.4038138944309219e-06,0.13678756050931468,0.09167851797533418,0.11896527388416112,0.1837961070144643,0.06368510974021838,-0.11789498328787187,-0.003949814331434683,0.04059693222381034,-0.19400197292508164,0.05399883580738059,-0.017310161734136145,0.024397289036764074,-0.09522924548457516,-0.08135313088359175,-0.05507061641516359,-0.040142491685542556,-0.09469450688270692,-0.02544282855086515,-0.05551970737206235,-0.023347500973085324,0.09303890168391328,0.014493146324477178,0.1651399178346764,-0.1643804472512243,-0.3104724584692977,-0.18980839193654844,0.051975218364738854,-0.07883459236410188,-0.2511585450418496,-0.05252668027834891,-0.07487586880987292,-0.0318806497403991,-0.05126761638678211,-0.05853602445323442,-0.03996231797300408,-0.09786453399499784,-0.01840089974489551,0.023308750739921995,0.19355222663206587,-0.04961972267734649,-0.007408979722395743,1.0,-0.10449111686652526,-0.5091657933816082,-0.30642079974762587,0.11958383909601665,0.054383130757209956,0.04738174211572775,0.11153145899457337
BORDERLINE,0.0007292564858771952,-0.11351011840766921,-0.07321924241753568,0.039486997503148207,-0.010032646871112202,-0.05915376662915964,-0.07332972642180438,-0.018610740501095253,-0.026732103348072415,-0.07741557989086591,0.060698918905174634,-0.002226000425239023,0.0024731899496968474,0.012469862073673654,0.03449463664937056,-0.05144073669077792,0.09545172951544989,-0.07998574805892507,-0.10435303818597709,-0.08455881537408118,0.014932920741444495,-0.02996719215313374,0.009050922409274263,-0.0031476138728214224,-0.09075929130102552,-0.010351838527367811,-0.011270747759737696,0.009940623231380506,0.020293448814743344,0.0077020496425018814,-0.03108436279844757,-0.059569890155820454,0.08102216536992018,0.008776815140688777,-0.03306032967825058,0.006120095290863011,-0.052795577825359416,0.011124428972673904,0.00313531576545002,-0.05530226051290758,-0.03179533490944904,-0.01436748349483508,0.015097638532660856,-0.03469521412066052,0.002885151376896855,0.0012323815590596394,0.010615557918914432,-0.024435356892592488,-0.020616613436559756,-0.014448238584799872,-0.018424641520740748,0.019050420967711493,-0.034686579632093324,-0.00980885856761648,0.01223561813396414,-0.013362338742783614,0.029099590900545567,0.029450985996821107,-0.017456591197734964,0.02668499053730514,0.027622973123093527,-0.015687645943129384,0.03860311457292955,-0.03485634017946067,-0.02308920767632267,0.004075683425580407,0.00351219293986357,0.041163273309449,0.003143282852741086,-0.0015456020758290044,0.012198665389449092,0.011363695591064094,0.01967626929807567,0.006302964947555264,-0.033764971895650635,-0.07748017510866805,0.01344670824984233,-0.004438940967353049,0.013716677816552333,0.14949591412634272,0.046173528640493365,0.13902824233618602,0.05446833034984524,-0.0940215774684319,-0.061692383561451285,-0.1640556476208081,-0.04336277277137584,-0.06040027157095641,0.00817171887522988,0.05523390038339428,-0.0074621472975631795,0.06610047136209081,-0.026761143400819868,-0.0059993414949652225,0.028193210962039764,-0.02741965103859536,0.03446555890832335,0.03790527704417621,-0.0006039725161244223,0.02653899441352006,-0.10449111686652526,1.0,-0.05347026935599266,-0.0874945722242227,-0.17993964073027166,0.006403279521049253,-0.015588857835904944,0.0035988205838862687
NORMAL,-0.07853483957255492,-0.12413620520924193,0.016525033907308903,-0.13620497968862474,0.13039317636331463,-0.2737988859130221,-0.09288115770213924,0.035146486967944944,0.07380805286177784,-0.00809088614834482,-0.15619921526955086,0.06982544505315193,0.0031029927344698063,-0.008584721794755938,0.14005101849327395,0.1197202212163152,-0.06960637927359646,-0.1931258966810642,-0.13521955978024175,-0.0639406475351138,0.0842090409573,-0.21637590989189412,0.11793994925116821,0.03903399726210151,-0.14870321239516457,0.043463380862123806,-0.15751965752642777,0.011156904052369762,0.029926887756902845,0.010940938369843759,-0.04876750357187728,0.021326591448466284,0.17588298158645685,0.004011339777444601,-0.11149483346031658,-0.005792429846657962,0.008139954226175484,-0.03293717901183035,0.016198438500461695,-0.087778855022676,0.08260445272541346,-0.05531335679754824,0.04840711728339098,0.13586782413540777,-0.06044755609240504,-0.010692084432555427,0.09771709873780272,0.010048236332689862,0.026408181307806717,-0.06590826850225648,0.02716299340183511,0.032306629155230485,0.04646626304470398,-0.07993947102354473,0.04996811394892067,0.05245702059561756,-0.09485833970249313,0.07049332142512871,-0.017555267982264353,-0.0976118436624242,-0.12953269302044507,-0.059385855133722826,-0.12071565137539718,-0.05256001630868075,-0.01888174951921671,0.04443324586178622,-0.007597558800793875,0.21563902275429164,0.0180223152459812,0.043899632533237566,0.021816605714672237,0.18400627100496453,0.01692018363956828,0.0293025136395412,0.04042994349625737,0.11828824278060361,0.08230412476681011,0.04859412308609228,0.05544799845650239,-0.058236587520000535,0.01013584977278812,0.03292549315460879,0.25029188831085775,0.5165174469808145,-0.000248693333703427,-0.3917185341976506,-0.19207641344996856,-0.04773129087404282,0.025255601814028306,0.010235912646844363,0.019377372735061398,0.0037185885015903262,0.04226742882960863,0.12674920841023038,0.11799828613288552,0.009193056309930652,-0.012577075028867865,-0.1387663347980912,-0.04387557571266328,0.10289629109662363,-0.5091657933816082,-0.05347026935599266,1.0,-0.3591955873097027,-0.016102699972356575,-0.06011189141927589,-0.04175181569446112,-0.05173774897577203
OTHERWISE NORMAL,-0.02159862561470233,0.1079084493999859,0.38757572517257727,-0.010145520360301937,0.14346663449117994,0.04993379832017061,0.4678236333534811,0.05290225639054153,0.04647872322954439,-0.005303470279136626,-0.10318133415688295,0.006006162914874976,0.11209405993285713,0.0495854273537336,-0.07328270720006524,0.04902114096279585,-0.07993977195781764,0.0634281273496908,0.029261719746596054,0.040652007656507505,-0.035297340093899114,0.023085059690129736,0.014111736492680726,-0.0319480221848541,0.1925365313738351,0.11373219312375377,0.05710703207645791,-0.02566882360118712,-0.050398476258210964,-0.02745279919033515,0.020555551791410918,0.04680220563866314,-0.2066362182124678,0.07986029199067736,-0.016234314751995802,-0.06496667677295363,0.11814366597275305,-0.047668364118248645,0.051051746861613394,0.12034769095969718,0.08030101707330048,0.08507068678604773,0.006288618875771106,0.018517668710420775,0.02255448903396187,0.0471715209047276,-0.032089890400512494,0.012693299535986425,0.05788180731704897,-0.04253860531074017,0.01858618819595578,-0.004449182528169066,0.012369375939681215,0.050370121581233246,-0.00039222007889257534,0.027610486629260154,0.0005778970909143996,-0.05760626511323318,0.013789886695576436,-0.05989438573813668,0.003997177471352535,-0.06657251527916308,-0.07464267527564766,-0.00041773416032063254,0.14253698186238212,-0.0426628946486158,-0.0297293393222439,-0.05305747758918479,-0.0964844972003548,-0.01622576013195269,-0.0547625381568891,-0.10800815588280689,0.05394856487726361,0.012885697366513866,0.017120516593600497,0.011886501288412654,-0.08728040007486372,-0.0006259046910305957,-0.05148722578837889,-0.12227976544889252,-0.05618167819918365,-0.2904229041299535,-0.11650343465093292,-0.20639585556645823,0.24081724144396693,0.48380363235212115,0.325740817035772,0.34415435739941486,0.02606176844039746,0.04828487468255645,0.023862969834669453,0.018074454482199125,0.021081202677198832,-0.08466072921809238,-0.05841366184263026,0.053502208077355166,-0.037665057453439114,-0.09113171602076735,0.08359617929290168,-0.11320876893840277,-0.30642079974762587,-0.0874945722242227,-0.3591955873097027,1.0,-0.0025143746763936535,0.002150791315744265,0.002655799222741955,-0.08597819513658504
cube_visuospatial_executive_value,0.025631553160941744,0.2113631882702315,-0.058673842123479945,-0.00404616892701745,-0.04471853937573439,0.08480954193234998,0.01759924099431232,0.02138569198196012,0.05265784710105977,0.09691312339122785,0.0837491823388517,-0.05341824264746967,-0.045504231955065214,0.03043503929479341,-0.05117561808004232,0.026461255250042504,-0.058964721583703424,0.1612731019192471,0.12758583519964128,0.08912429806315322,-0.056582122719473237,0.10031445815239488,-0.04224600497978488,-0.0017474089829808929,0.10740773952218326,-0.003425254730614568,0.07746255589193314,-0.020515564068136895,0.03861759045899174,-0.041299008250349094,0.0038258820716191525,-0.0153266871710392,-0.002453174054704051,-0.005764291633333908,0.07757897130723955,0.019579306971375297,0.01150715783266888,0.02309654481899364,-0.02534819693127988,0.04451069463681705,-0.033064563093957555,0.03393499885700075,-0.03479947825115078,-0.051639064367990074,-0.004520573111826182,-0.047860480697378846,-0.025409432871323925,0.015388240716807881,-0.10026369134545342,0.0398948924923284,-0.025820947900699706,-0.05234041347210186,-0.05770012401400451,-0.0027362179242964345,4.779776131300529e-05,-0.01410686850276529,0.05520999736228353,0.02642647342108769,0.02981452800216771,0.06724854653049953,-0.009781332425402108,0.057810314447734434,0.0974758032084857,0.05526742952218073,-0.09713147245572146,-0.015357926730185474,0.028151939930350214,-0.11975876485906062,0.014313801557525232,0.0020079691061535283,0.021676434465147432,0.02720126830953391,-0.048268022133481026,-0.008458619416266458,-0.016873886816140965,0.035998601863201155,-0.04089492948551953,-0.054351305757950344,-0.06641904227492935,-0.1680533351875486,-0.0722204016447524,-0.15686844620819507,-0.10208244423622576,-0.010194577656267684,0.0032599978933591017,0.09548611295973074,0.014274066721743753,-0.09616409069882326,-0.05564322933308891,-0.045120661563839426,-0.01285299722186779,-0.047589978747206725,-0.006864438050738045,0.00016187348196272408,-0.02726424797868048,0.05956546783989731,-0.019847964858669558,-0.016726992467221757,-0.08857256592938617,-0.017053592926850995,0.11958383909601665,-0.17993964073027166,-0.016102699972356575,-0.0025143746763936535,1.0,-0.0023164917113626875,0.012564217568443446,0.05904872466134279
fluency_language_value,0.14253731127347713,0.030996238809093163,-0.02140260424579459,0.12151274097251401,-0.08403031916452604,0.08152958933789681,-0.002294292175361449,0.04155041160369781,-0.11064188558022928,-0.016212437143972698,0.050778462561326225,0.0635427434388999,0.05035214425185367,-0.0144730169609282,-0.015031361983023673,-0.0892058549450155,0.06497153479739277,0.021984298652967547,0.046175866108785255,0.009723853986772203,-0.04262245961021533,0.0337356876581668,-0.02981854631360168,-0.031102258977138874,0.018752111820574235,0.01938157789040377,0.010221418109375081,0.013593187677247648,0.026279062272769774,0.017047759791735048,0.006682221813057737,0.02024370128046623,-0.01735526160993026,0.01586399850355246,-0.024671847521705852,0.012893941420027937,0.037558512998421445,-0.025514423840294974,0.05329308740669711,0.01061165065380084,0.03874384267217234,0.0517483475214871,-0.022825102746410485,0.03061980136685686,-0.03430547548176559,0.016115588169678622,-0.07887029613535233,-0.045960577611908755,-0.04086560704437593,0.018420496969717474,0.01462362265870677,-0.007814258154282055,-0.015651348809647362,0.009858949347645987,-0.07092405840453901,0.004961743479187247,0.05205439064648493,-0.0036569385318282513,0.045851420493973,-2.49221181411805e-05,-0.01521355806469814,0.029983742991737415,0.06317780551085793,0.015507281138255492,-0.0056750782375338095,-0.014758623488147963,-0.02172283615904113,-0.029188736848009728,0.04229372204962752,-0.045168492238586086,0.06595348502344756,-8.024522588289289e-05,0.021569313929233135,-0.1528329794676438,-0.010542135283295423,-0.10173535616705544,-0.01952695243700277,-0.029672769678666017,0.005985106186314704,0.08267569568681166,0.01763687120675312,0.02051693234564237,0.0021991011061775613,-0.06082346917414349,0.001341822805093575,0.04305542640102006,-0.03601758110218959,0.006078482253168141,0.07650462107796317,-0.001629606676537704,-0.01849384475142692,-0.1854182038637831,-0.05932477156588603,-0.1058677604035912,0.027893829318622592,-0.026578351425519432,0.02995013213670091,0.047587240564372885,0.0470503367930824,-0.0529002891140654,0.054383130757209956,0.006403279521049253,-0.06011189141927589,0.002150791315744265,-0.0023164917113626875,1.0,0.034018034963935566,-0.00021198985254624513
lettera_value,0.11875773627384612,0.00706275476601772,-0.03740358278645751,0.029287186411495407,-0.11089376844488696,0.02620563538491369,-0.02139420031268938,-0.053576871406344206,-0.11179375716609458,-0.017884885581933546,0.05066363600207676,0.0013092256743282883,-0.015057089175332833,-0.007238300532265881,-0.014124903032632427,-0.00509668755171486,0.05106499493257957,0.03854790078428232,0.014871732776181448,0.04759284999513044,-0.07537713645292074,-0.01740044864327627,-0.04170656147706798,-0.06603517185822659,0.0030576524980417165,-0.04681883366714698,0.024245341039938823,0.009210475449050962,0.017602950989399038,0.0029382441879905645,-0.00628749857589729,-0.04791989529237823,0.008819599442951838,-0.028340539499512263,0.044387007557414884,-0.032573566766638584,0.006207183295193657,0.018119149807054986,0.0012138440057430065,0.002601534657026757,-0.007484638704413588,-0.022227513906226133,-0.016773993593376425,-0.022637868818026687,-0.021976401743005258,0.017792160669961303,-0.05006206628450661,-0.02031287425654257,-0.05880260957443469,0.0405869434428669,0.018489158966111717,-0.014845153597623681,-0.025578808792252255,-0.0063910314753737475,-0.03772647535936276,-0.01507722034995472,0.03416355536719221,-0.007362615296471221,0.01638745606289047,0.010477748565021053,-0.008929196395605002,0.039398061339710286,0.03077861252308775,-0.00193785118019505,-0.050493326966414495,-0.0035059103380054844,0.03724620629144813,-0.039638079527131206,0.01591400562466611,-0.004023190614953379,0.008005389968525244,-0.00605371398100934,-0.12004173140785747,-0.043530021559327704,-0.09677265204969332,-0.09947275125606142,-0.022729033086963717,-0.10799984943871395,-0.07395556368089422,-0.002605528993548315,-0.011684290723695132,-0.024436365620093464,-0.0413854077536128,-0.048379396678912986,0.00327150595405284,0.01676655172283392,-0.002324750693071287,0.006492622873705401,-0.11618226950141336,-0.1761604916634421,-0.15709353319696406,-0.04363000645438369,-0.08305094075755623,-0.0973717074361619,-0.05590143070924976,-0.0303344790951626,-0.016816891584013186,0.010187512463785502,-0.019288361201748868,0.008476079136690275,0.04738174211572775,-0.015588857835904944,-0.04175181569446112,0.002655799222741955,0.012564217568443446,0.034018034963935566,1.0,0.09511988494032123
trails_visuospatial_executive_value,0.23841463874102561,0.09082859514770483,-0.0990849972119417,-0.07644732151481853,-0.22202534153902598,0.03283223705473939,-0.08860314217955088,-0.03055836005947374,-0.11884853975070896,-0.005145425538287609,0.14250182695350547,0.029446922465329282,-0.031291523378780044,0.009105576922947646,-0.026313034293660303,-0.07069194296064148,0.11989548880295402,0.06112087726997321,0.0440478030899653,0.11177938990800035,-0.14789807870312247,0.016571355239526638,-0.06478834978492638,0.01815599978316739,-0.04835342062257997,-0.04451532460304359,0.02007722658960452,0.010722919801129905,-0.02053652276152058,-0.00435086986006725,-0.021946788627732795,-0.030906206138019202,0.036630220309789734,-0.01035357525187492,0.09034879649994534,0.032953701123111086,-0.020187121200357105,-0.00751036035563525,0.014663996939571258,-0.0062110321262105524,-0.07788441775448167,-0.01045128539775126,-0.03944528941550995,-0.09632525361772001,-0.05251770505217628,-0.04795153659364356,-0.07181271324379712,-0.02451775313324977,-0.0533076610735434,-0.011026482382046838,-0.0431740629318964,-0.05085542795849198,-0.1011913118002948,-0.024553349914335963,-0.07941518258085957,-0.062023980937853405,0.053986705524051576,-0.0011099150532491414,0.0549588786198933,0.09323761511854207,0.021271773853305545,0.06074012438318842,0.06457277245016256,0.051662562574764585,-0.08730949765426843,0.0316990774785242,0.11263150405860377,-0.04690158628900758,-0.01357210417920893,0.0033078752996074214,-0.011923194838903143,0.022162048712077307,-0.1597165036897701,-0.014213340547950554,-0.020491784412643488,-0.09158197305887418,-0.014446758516424596,-0.0634811805248286,-0.0714851788113039,-0.05999849731767949,-0.02932307548932729,-0.012086102755330496,-0.0280391666538615,-0.04858628490201429,-0.05452039700331038,-0.028439324340873786,-0.04724834324696002,-0.09952299482448917,-0.14847746390326122,-0.14248852848192425,-0.036755587489262324,0.06752934408400157,-0.06725195862031264,-0.019368803158242177,-0.044328655351432246,-0.03316240894762204,-0.001335491541720917,-0.016379995799763125,-0.0987047535263952,-0.007354698662339621,0.11153145899457337,0.0035988205838862687,-0.05173774897577203,-0.08597819513658504,0.05904872466134279,-0.00021198985254624513,0.09511988494032123,1.0
