,heart_rate_mean,blood_glucose_mean,resp_rate_mean,stress_mean,blood_glucose_std,total_steps,resting_heart_rate,total_kcal,sleep_light_hrs,sleep_deep_hrs,sleep_rem_hrs,sleep_awake_hrs,act_generic_hrs,act_running_hrs,act_walking_hrs,act_sedentary_hrs,A/G Ratio_value,ALT (IU/L)_value (IU/L),AST (IU/L)_value (IU/L),Albumin (g/dL)_value (g/dL),Alkaline Phosphatase (IU/L)_value (IU/L),BUN (mg/dL)_value (mg/dL),BUN/Creatinine ratio_value,Bilirubin Total (mg/dL)_value (mg/dL),C-Peptide (ng/mL)_value (ng/mL),CRP - HS (mg/L)_value (mg/L),Calcium (mg/dL)_value (mg/dL),"Carbon Dioxide, Total (mEq/L)_value (mEq/L)",Chloride (mEq/L)_value (mEq/L),Creatinine (mg/dL)_value (md/dL),"Globulin, Total (g/dL)_value (g/dL)",Glucose (mg/dL)_value (mg/dL),HDL Cholesterol (mg/dL)_value (mg/dL),INSULIN (ng/mL)_value (ng/mL),LDL Cholesterol Calculation (mg/dL)_value (mg/dL),Potassium (mEq/L)_value (mEq/L),"Protein, Total (g/dL)_value (g/dL)",Sodium (mEq/L)_value (mEq/L),Total Cholesterol (mg/dL)_value (mg/dL),Triglycerides (mg/dL)_value (mg/dL),Urine Albumin (mg/dL)_value (mg/DL),Urine Creatinine (mg/dL)_value (mg/DL),clock_visuospatial_executive_time_value,delayed_recall_with_no_clue_time_value,digitspan_time_value,memory_trial1_time_value,memory_trial2_time_value,moca_abstraction_time_value,moca_orientation_time_value,moca_total_score_value,naming_time_value,repetition_time_value,subtraction_time_value,cube_visuospatial_executive_time_value,lettera_time_value,trails_visuospatial_executive_time_value,moca_combined_mis_score_value,memory_trial1_value,memory_trial2_value,moca_abstraction_value,moca_orientation_value,naming_value,repetition_value,subtraction_value,Rate,PR,QRSD,QT,QTc,P,QRS,T,Age-related macular degeneration,Arthritis,Cancer,Cataracts (1+ eyes),Chronic pullmonary problems,Circulation problems,Diabetic retinopathy (1+),Digestive problems,Marijuana user,Dry eye (1+),Glaucoma (1+),Hearing impairment,Heart attack,High blood cholesterol,High blood pressure,Kidney problems,Low blood pressure,Mild cognitive impairmen,Multiple sclerosis,Obesity,Osteoporosis,Other heart issues (pacemaker),Other neurological conditions,Parkinson's disease,Retinal vascular occlusion,Stroke,Type 2 Diabetes,Urinary problems,ABNORMAL,BORDERLINE,NORMAL,OTHERWISE NORMAL,cube_visuospatial_executive_value,fluency_language_value,lettera_value,trails_visuospatial_executive_value
heart_rate_mean,1.0,0.15982217917549382,0.015648291518586804,0.6705277181805016,0.16109365917367424,0.5079836915885451,0.7330421696745948,0.4236666288917346,-0.0894614916904162,0.10501388151381369,-0.211386444149079,0.029656267739669746,0.1893100374748078,-0.040646792189268824,0.3466675301606482,-0.416666245941478,-0.31718443908730887,0.08511823571631984,0.11902508330521708,-0.28509988261472385,0.19825167818426362,-0.12822676053261098,-0.20267696448316894,-0.16787212285931832,0.08182353249464361,-0.01682518383721397,0.08036642916552396,-0.18971966291331158,-0.08933674940176152,-0.06452226292585038,0.11007216281871457,0.10126293458205628,-0.16891301088244098,0.14848614088771378,-0.07318278892064356,-0.04571849101187624,-0.13112037254528033,-0.17458639894495567,-0.11919320326621181,0.12035191807547574,0.04523955991933364,0.09023392902619212,0.07108690593910026,-0.08103176321767891,-0.1187010189339989,0.09050122763872072,-0.21354666886708656,0.03923612835496139,-0.031058786678776477,-0.04014993906409432,-0.08352681954991151,0.05927802680885259,0.12477419447620233,0.06021729118252491,-0.21382960482284444,-0.02307523767760399,-0.027372534279870003,0.005770839104868435,-0.005179750592790037,-0.14632503725592913,-0.07070831087618394,0.04319209367835799,-0.019143294291646,-0.1360103950064895,0.4921798915645124,-0.16292652296865806,-0.2125948548567123,-0.4273657649264554,0.13375626201305704,-0.01933521338519465,0.004510713883024078,-0.15614961545388362,-0.07165037883713893,-0.005054030883870365,-0.21919887370867222,-0.22241376787063089,-0.006877397982848147,0.011441632366464354,0.02479284872644258,-0.02480814931842401,0.03666897968111041,0.026117239057948546,0.01482557962097895,-0.22632097517874905,-0.014354995194371072,-0.013965507078107432,-0.02185060417697721,-0.02709603156217238,-0.05973245910570315,-0.08242200309367802,0.004193810809067882,0.2246903121163052,-0.0504142473357735,-0.08920146946558988,-0.06888700722608702,-0.0382748603963946,-0.029186946762141716,-0.07573581875672919,0.21862206668100193,-0.09082998266191832,-0.14726431523607758,-0.026651530458568676,0.1621319986527334,0.0018515334492443577,-0.2028997821842064,0.00840453022870847,0.03858288278375802,-0.0557781685081061
blood_glucose_mean,0.15982217917549382,1.0,0.06267342624514191,0.16007428191664577,0.31725215892968395,0.032881487068525825,0.17046438087526247,0.039462371588093015,0.05542214101168294,0.08134769737728788,-0.1069002553787109,0.11483210536491974,0.0661672647545541,0.0507411879606372,-0.018017475036099878,0.04128976647592732,-0.10304665596273344,0.07152584899627677,-0.015769227157083444,-0.22621425739457118,0.09992453632671203,0.06517807557129991,-0.1477132021194575,-0.013561469498013123,0.18542864342726886,0.08548853788013655,0.008625672678459474,-0.08002261360448813,-0.05634168367356407,0.17514678081725854,0.015888289461876978,0.2050021012136993,-0.2503378524342847,0.09240033235890074,-0.20519174138503932,-0.08099033629246316,-0.06798777029306131,-0.07726437287477605,-0.16930244230084526,0.06716075038649896,0.04052010603714683,0.07114463666234705,0.019058345193726373,0.10283183485841427,-0.050681410513547555,0.04345364748550154,-0.039247949191409406,0.031744731265620205,0.0498256336351876,-0.15145639101628583,0.03536782039294914,-0.0499857608068763,0.06148641860856139,0.0631225004634945,-0.09114957373184797,-0.02534389086006552,-0.16727150428902746,-0.07144014681237448,-0.11603487689817903,-0.06937380254670578,-0.09145351466236855,-0.06647970195039686,0.0111318295746492,-0.05910715697354518,0.2265746468200822,0.04666714991662206,-0.008345285669875383,-0.11699968381752435,0.013602610368408798,-0.08597863726146637,-0.11112252451084989,-0.06883182565795243,0.04941492884764256,0.07094331701023772,-0.02098330255120182,0.07732706901258048,-0.021940494339300825,0.056229003116026355,0.14131615956722715,-0.05868916829505497,-0.025149629518775665,-0.03330255465688348,0.06679184174553972,-0.050864147860397724,0.09254769365429964,0.18023956131667948,0.22563948142888693,0.1344680874095362,-0.04901215266797286,-0.009346411973807039,-0.010728969755931126,0.16815286543477254,-0.04442561961036799,0.050586738357216166,-0.03156202539727349,0.02884952965607754,0.012978847587808517,0.0646634307248452,0.31873400324700296,-0.03318140775606122,0.01125281527325365,0.02378842711419995,-0.0653609122555036,0.02542995473475364,-0.1307112492873507,-0.04081981696610408,-0.0439155494876849,-0.045512532873200784
resp_rate_mean,0.015648291518586804,0.06267342624514191,1.0,0.034107875621110305,0.12663284906625627,-0.032678989785009105,0.05120766031322197,-0.06111011274324754,0.020152941604694614,0.021154416114051017,-0.07624525608151783,0.01788627415888545,-0.018477334825855254,0.011153426568282946,-0.07126044018335406,0.07863471052334471,-0.010145565856599726,-0.005288294502982443,-0.02986423562162796,-0.08363173173434355,0.07150188867266538,0.13792146083630952,-0.008315371850127578,-0.032766935952883054,0.10912112534912012,0.02112734341821316,-0.046491277099093155,-0.00057517782746707,0.12979215909301786,0.14420776984712952,-0.00997204903593801,0.04163272580489888,-0.08293751692931496,0.02525043412024293,-0.14501886529938263,0.025235529694392633,-0.07330833641439503,0.08891541139827505,-0.08849266402488151,-0.010767159379520693,0.004448356822715938,0.044185741574029845,-0.016977816744855687,0.05738034578268873,0.008345954427227407,0.009394923004228275,-0.003706553500100509,0.04098942263649242,-0.00012759279018358658,-0.082981262200858,-0.02161544467285567,-0.030678296236142218,0.008526583399851418,0.03537121126030196,-0.01827723518829912,-0.004726747462977824,-0.05218432752567677,-0.025255428027347645,-0.025757035271749756,-0.028016525809976028,-0.016428901434571905,-0.019488508214774505,0.05024446253551009,-0.026985196080078808,0.0757278833930679,0.031385130554862695,0.04223397467195939,0.029509626405957255,0.10319401688922124,-0.015695176040456324,-0.03546328791365599,0.07590126476306105,0.08511448009217637,0.09988345849208535,0.07702977385358847,0.14779282900208263,0.08385729237885327,0.08862157537882097,0.11139490328239579,0.05929113497869218,0.003303503934625372,0.045373052826154135,0.03579242901953608,0.053848273745354246,0.10831837591037902,0.08561191040312151,0.12766724509605856,0.08013739900271985,0.026316196195069613,0.03501273228677595,0.00940142410715126,0.0768888439692167,0.05982386422763286,0.08745970850582156,0.03655041135920641,0.03260656084266343,0.0346855397070762,0.09906183648078229,0.1279468056085951,0.06291654576179909,0.1239483518397921,0.0623898645383875,-0.03980700284063775,-0.09990674907071792,-0.048676845916614295,-0.0005021775873662354,-0.02614089733647782,-0.03822178319771871
stress_mean,0.6705277181805016,0.16007428191664577,0.034107875621110305,1.0,0.13437965518383743,0.46208718235819407,0.6697013658370624,0.3695795927911435,-0.10287568820683086,0.0661923942599366,-0.18409838482160673,0.06018509100887261,0.16291878495784928,-0.02088319024871744,0.2976303151422488,-0.3782747021653712,-0.348536622679652,0.08979288381131378,0.09996707062924101,-0.3555415092084886,0.21516045224112448,-0.09952760055314105,-0.17613700885927872,-0.14432596697991476,0.08881424799990952,0.013777277754610425,0.05180639775605238,-0.10875292393745084,-0.08801976913338685,-0.03208065508125536,0.1140487956101155,0.08983319511578142,-0.13031624280465776,0.13828635544315465,-0.0808375228171834,-0.05295176303894342,-0.10058479782732475,-0.12579554995419162,-0.0837987613380608,0.09923821592914533,0.05077031308919183,0.10483376713597875,0.07419863072304499,-0.08455374830691205,-0.10331624205332998,0.052736034643514874,-0.2128134206873613,0.02512097568679093,-0.01745384779288024,-0.04211662295917422,-0.04914746210983164,0.037881102201502585,0.12168474356578234,0.08640204328731005,-0.1489263266527245,-0.00608029816540986,-0.016393023293584618,0.009724065175871356,-0.005403376548157769,-0.12394701651675516,-0.026176371042169643,0.028894036008916924,0.01790295599476681,-0.15140814356661628,0.468262633215815,-0.140167251115488,-0.1672385448809357,-0.3481172155068638,0.18877942654412694,-0.06231458744310574,-0.08725573890994871,-0.1600143362582928,-0.03880203082911486,0.05012782367836131,-0.15945944072126939,-0.15280547741432943,0.02527721420945767,0.02861787657923555,0.05454761664493137,0.016513901687087818,0.0007336679509651715,0.04828278205208806,0.02078728345567989,-0.19452328491819434,-0.009804943477073122,0.004483518756833111,-0.004664709738837603,-0.013829285857025926,-0.0030495988839885036,-0.05447941098539745,0.0048629680283893495,0.23006628929258569,-0.02098797257428612,-0.06643190483415934,-0.04099378853393205,-0.023634965585203276,0.01155817226104077,-0.03438281592425103,0.20652668854543996,-0.07040571322713342,-0.05710193294982571,-0.007494143573934373,0.08472477848014648,-0.015317493579272144,-0.2148856110304279,0.02544181879380077,0.04374111796172531,-0.07172468734907302
blood_glucose_std,0.16109365917367424,0.31725215892968395,0.12663284906625627,0.13437965518383743,1.0,0.013604153321802656,0.17252071301807406,-0.001616288627191603,0.03585552220935163,0.07288359441087765,-0.1693139697291379,0.11347609570720249,0.03209191599067684,0.05509596607875882,-0.053340022475946776,0.07047785243125546,-0.11575813241185866,0.0525125818769136,-0.009124800384142706,-0.1378013489050412,0.14562923612603523,0.1729574281460663,-0.08956791532216996,-0.02104502433873553,0.17758752741695222,0.07853987371169495,-0.037427809432000275,-0.08359588164245219,0.010148669231311956,0.24576220000289414,0.06760963338562567,0.22334029074659623,-0.21340970418837857,0.07626939399763646,-0.31279361800003075,-0.013524602077730874,0.004994532371930659,0.004869453094294366,-0.19988975614013146,0.06274026889012295,0.06232001100339951,0.06935070642286463,0.006699626084550017,0.17920885318716767,-0.03157202854314567,0.05003254003412921,0.016604746130065254,0.07005150878632917,0.090335338682715,-0.27001974166125464,0.005140451428039809,-0.034332416987342844,0.06104499189351016,0.09819727975265573,-0.0478870419943643,0.0064046269174247,-0.2455034799244242,-0.09194647311317511,-0.12767550840535435,-0.11958086516672504,-0.08430661921153856,-0.12141570502789023,-0.02902169514955638,-0.10349971945747535,0.2286183781151031,0.08921859085307532,-0.019314682825247804,-0.10676034564244351,0.026075401314034873,-0.12783352952565064,-0.10455696018137207,-0.058148605997598635,0.12365507329094305,0.1438556330630273,0.04909873793978699,0.16985418599250293,0.04329927634203016,0.14004593621895436,0.2166535852135916,-0.016588939927136472,-0.06479229482993734,0.026078449857890706,0.09777187299605872,0.04357497346970969,0.15226057341177401,0.1739686899014306,0.2875926966095202,0.18148634640675285,-0.0242757698229849,0.06080526334503056,0.02541484551746173,0.16965724012128688,0.037887595878189774,0.11212820924506722,0.02035892486753731,0.040035849103295246,0.028477775762483674,0.0765214821219314,0.379121456284426,0.03350391937831056,0.02892969559953268,0.11954912641635211,-0.02834609407351091,-0.04879325726631264,-0.17603663393469876,-0.07215616466354412,-0.07586515522485085,-0.08998447775936173
total_steps,0.5079836915885451,0.032881487068525825,-0.032678989785009105,0.46208718235819407,0.013604153321802656,1.0,0.4965219752852182,0.4062885337765315,-0.025437188998483407,0.06321706875911785,-0.03640319839444533,0.016960625030243825,0.17012134835442486,0.005258263539055554,0.40084209312560903,-0.5061630800216483,-0.19098339585422683,0.11888002902689157,0.16009044629856967,-0.17098564238722314,0.10122432074114426,-0.12154618373963094,-0.09248798703308977,-0.06481147570355722,-0.010022065446934215,-0.029640367359942757,0.04003543951068377,-0.013941532343079422,-0.1209927271592994,-0.1294023542236217,0.007363870327591427,0.044883328761235505,0.08131957132834622,0.09452599808958698,0.013181840796493066,0.008365357045250986,-0.10613180118044836,-0.11312712378046122,0.02462996402956282,0.10515886403301054,0.067458277804593,0.06424107111263967,0.04214201420074187,-0.10932508915610148,-0.040963389244332064,0.0634935443213052,-0.1499742989720036,0.06747047398230069,0.05132638714635153,0.07574893076282975,-0.013783904968009263,0.05767661092324817,0.06291332868730398,0.06977934221680616,-0.1262504588884847,0.033074770014609255,0.0716570386279222,0.038305620626275995,0.0392762321455845,-0.056595472460345644,-0.021500630810980116,0.05761441251797862,0.0031943790069819122,-0.07190938686223214,0.2797299986412157,-0.10951741453885952,-0.11446003834548932,-0.23044473874816587,0.11119403376195913,0.006733793691090441,0.0322559148232207,-0.11489832877641563,-0.05026424465290296,0.005492052816488442,-0.11990813880044622,-0.1793075431441728,0.03923550914463127,0.01028385288584365,-0.048999476403380406,0.04650213343126638,0.02859931189373613,0.05922591322492513,-0.014484675483944635,-0.1274237219965721,-0.0639871966256974,-0.13480279794779354,-0.12315183108011757,-0.05206234212498623,0.018858939802755898,-0.0435643832880121,0.010097465913052397,0.06962588583990446,-0.0033708020094541163,-0.11101907767461662,-0.018718302909956415,-0.023876272154235652,-0.00087276507943822,-0.05954020914039921,0.02113384151742436,-0.008601149201942368,-0.03901531040360809,-0.044995230731416855,0.024504856131894938,0.04361931381461156,-0.0719966808897171,0.03532141952244962,0.05567750828505244,-0.012990643293598534
resting_heart_rate,0.7330421696745948,0.17046438087526247,0.05120766031322197,0.6697013658370624,0.17252071301807406,0.4965219752852182,1.0,0.39565157544675594,-0.08334551816505047,0.12829529194713815,-0.19003691599912925,0.066264293412227,0.19625518815019272,0.022476248702744756,0.2879997618202936,-0.37009596309239795,-0.3603888543216371,0.15011925971773102,0.1851280735368445,-0.3592038492048696,0.2222840157694076,-0.11507519444728262,-0.12469036053312582,-0.18858885042960097,0.13942235764263924,0.04056256158654355,0.027791203600821414,-0.17346398304811056,-0.07691444454669565,-0.023489554851800057,0.08027476321881473,0.14708996946522773,-0.11332308491100056,0.20016368176262628,-0.10536781016469343,-0.016773320292381284,-0.12702011538226868,-0.17309262436022999,-0.09229014734985463,0.14822109170781375,0.08848400748586178,0.11235267447184924,0.08156288784206256,-0.07063714111401967,-0.1300563767240673,0.0879636745686585,-0.22660886328726088,0.036192025600596645,0.03164655802289911,-0.07099891916569341,-0.050038318752118796,0.04969344456598471,0.1085078031205136,0.0714473031599567,-0.20751022449128595,0.00791671288599103,-0.050368293200811876,0.033236131229841606,0.0009714996575841117,-0.12609823950463012,-0.09815092657096151,-0.014952076648579381,0.007801457171017313,-0.15273527011868607,0.5438263024617285,-0.16052516859401245,-0.22629528550049974,-0.3826954867358886,0.1334106363597017,-0.03617109493261593,-0.03399074439314852,-0.18754672362751432,-0.03086598588620348,0.10660609586426589,-0.16838354072878683,-0.11327339702471562,0.04120674113872714,0.04871677738616225,0.06785137908712843,0.05470911040744197,-0.023382704667517604,0.07901731370789268,0.017739251396017817,-0.17326765260241664,-0.00887533763056991,-0.003005069643820915,0.013110504039349987,0.0113183965749463,-0.01713194591718968,-0.036574006795300665,-0.0033049827746686527,0.2661834277002162,0.0604912435739498,-0.08596963061533822,-0.014753978165471162,-0.023926045911769448,-0.02151779269651918,-0.043483327587670824,0.23022530965911825,-0.014385555540528481,-0.19164562896172063,0.03677428293507229,0.12820966255156052,0.06037108541114338,-0.2539768847067924,-0.008892711271725931,0.03356581365565957,-0.06574787272179337
total_kcal,0.4236666288917346,0.039462371588093015,-0.06111011274324754,0.3695795927911435,-0.001616288627191603,0.4062885337765315,0.39565157544675594,1.0,0.010786500352761512,0.05509971828930232,-0.016696266515057664,0.03828288219799163,0.15823159967804218,0.004683392281268978,0.3627791525024153,-0.4378358290188359,-0.19828558994073497,0.12990225306787703,0.14097533644534407,-0.21805022278167088,0.07283450557562449,-0.1515450469746179,-0.07333752065161694,-0.03897439319333808,0.01830081269010228,-0.0005837702447514118,0.036564690585517305,-0.03838455816788838,-0.0960367066679726,-0.11242642883483997,0.04382322890218138,0.036245932484253986,0.03283952813070156,0.12877914765381512,0.05054211061043259,-0.017619986105459944,-0.08463672483667965,-0.10824180191022757,0.038523582348716126,0.10800727930403033,0.08224468897940145,0.058424817514054754,0.05028800176104534,-0.09602726429735133,-0.02984994225675523,0.06058828710486319,-0.14729549621558274,0.02206839713780853,0.05836963384344224,0.04732689747291276,0.03450289325405507,0.03311066970955703,0.06152822813092352,0.05134696361000603,-0.10530446536284413,0.041410352107615615,0.039685236251092076,0.021157507291285956,0.008330627116448495,-0.05531922767644615,-0.04796647204028703,0.03569009332086792,-0.021662035903179083,-0.062331992916596336,0.22491689764976372,-0.09146792125605152,-0.12038028247481895,-0.2000104286891394,0.03691053129911751,0.009372255743488852,0.010951883759889107,-0.13006253814315122,-0.06516739921474342,-0.04314034823047318,-0.1383901625734147,-0.19229770428754286,-0.019228939100792115,-0.029385801769180413,-0.044890695124148415,0.008081102145572719,0.013586496854471112,0.011343560064556387,-0.013663962518446681,-0.12568442304137364,-0.05606510913440649,-0.08336515064617236,-0.13745775762372991,-0.059684799126884645,-0.04020879543589448,-0.04879518312509669,0.014223004849186248,0.06519536572155044,-0.027962188983354293,-0.10405297378250312,-0.02735107361061286,-0.015181769724499082,-0.035046575578237905,-0.05788213086463061,-0.002798359194631757,-0.05362946361602879,-0.10283977387297295,-0.05866387977152702,0.02283855477264715,0.09201053124816094,-0.09113067447473565,0.01997695402250935,0.03626200500198571,0.0003830321544174524
sleep_light_hrs,-0.0894614916904162,0.05542214101168294,0.020152941604694614,-0.10287568820683086,0.03585552220935163,-0.025437188998483407,-0.08334551816505047,0.010786500352761512,1.0,0.03417986925012714,0.09201245887600924,-0.004405195513733331,0.012911269884028412,0.05123485927142304,0.04597851644315352,0.009341301329877897,0.08553985135412014,0.09026461585866609,0.0881485939735449,0.06719432212939869,-0.00999788476790765,-0.03355841053612676,0.027943674970241465,0.0969351325229563,0.04195047410922984,0.03376778944697684,0.020095989266463287,0.00447708586414453,0.025921881307530068,-0.010122459840488165,-0.06880810495814198,0.03203485179461413,-0.005437931513091417,0.0544748894382578,0.008401062825449914,0.019922203953043324,-0.03644003817844471,-0.02437464910983995,-0.003918641075961096,0.05623074253570657,0.024455982238342302,-0.011574861994688565,0.024930175222374295,-0.013369227483913348,-0.0348045346829771,0.018419031050761297,-0.07570046138100665,0.043083680836973226,0.036053999324732015,0.07254730987681642,0.02425395500716874,-0.016128044703753328,-0.007614552604713402,-0.02157929402484208,-0.0236197322061586,0.0028538510447363627,0.023536546566272343,0.057984464032012774,0.017545305998965855,0.034228067204635476,-0.02778338197218227,-0.013925606582656647,0.009390193628155942,0.06402347513534687,-0.06278322496630367,-0.007658278055062823,-0.011466640494610875,0.05127142747028382,-0.1392852588269177,0.05390606011688006,0.025375061176508566,-0.0385688670727955,-0.022251078199815325,0.004507012191359026,0.05111026902717913,0.012168496614996839,-0.038396220684791184,-0.00744343652365463,-0.05151346244236462,-0.010576421654099184,-0.009505628205825973,-0.026823866418452955,-0.014692916873283493,0.02704474911834406,0.013750093014452364,0.024063639516805835,0.015917241768012375,0.028426272757977634,-0.020596935052941363,0.0050744510208042964,0.006930914781434007,-0.035027931892178614,0.003095968987900776,0.0057803535865017,-0.002179077360307113,-0.0018111410898813862,-0.004027831515974517,-0.01777459630441422,0.008308530626858613,0.008026012388098665,-0.08273445848722784,-0.026013468552143343,0.03764813693978352,0.06090697466234753,0.09394662757457255,0.022647517697888135,0.01751503711820894,0.06761002440991196
sleep_deep_hrs,0.10501388151381369,0.08134769737728788,0.021154416114051017,0.0661923942599366,0.07288359441087765,0.06321706875911785,0.12829529194713815,0.05509971828930232,0.03417986925012714,1.0,-0.04227199702821946,0.020538040249127587,0.025114129934895785,0.009453894069100546,0.07030131055236098,-0.03755111229525245,0.03373562887500717,0.06740316162060263,0.10027986724220869,-0.014522765764975127,0.0393771356948634,-0.006000046957124764,0.027221807536657205,0.007927050066524343,0.0834036489759785,0.03120581230011517,-0.005160290463252278,-0.05243677032294137,-0.03262122596716112,0.0226814342270327,-0.05105742388088276,0.06061673565838552,-0.024083726252521632,0.05934895084492976,-0.04053136841823726,0.013323056374578913,-0.09428549817107118,-0.09013048520676176,-0.052403547171494896,0.07217666166042924,-0.009004765297473478,-0.015581779391065833,0.0034402237536714712,-0.011805939208870393,-0.050975501502357294,0.03616716656649122,-0.028977228963357027,0.0205846356694117,0.01529317913943093,0.02650030806395258,0.005380755619148011,0.011901523249393605,-0.02103758707408871,-0.014244584878396485,-0.03685230530676835,-0.01617348330018589,0.020137034122163493,0.025717606654869735,0.029693589623005945,0.03280877765986486,-0.01714546075346228,0.012095007897859196,0.03931937411398335,0.02524120205485996,0.10266363229821687,-0.005573959672788086,-0.04288056277772847,-0.09828269098182517,-0.034894155100435836,0.044477375581879454,0.021410587432071443,-0.006846186662719378,-0.0014384701185236784,0.055814157189699835,0.015549470191199132,0.01734541687986943,0.03973311772692001,0.03445661005282681,-0.009962942088442261,0.027524971531235884,0.004925368384940455,0.01513098613221963,0.00022569598128272374,-0.0100992838996592,-0.011920549547321814,0.0226239433240253,0.0017106077733561726,0.035804454282567184,0.02843764587642418,0.013989104401390635,0.011186716888503598,0.047597363009277506,0.055157093205190785,0.014350336901726712,0.00018555734485609617,0.010199411257264167,0.00581900911811016,0.02954470786760301,0.05569286210305752,0.014988712370661385,-0.0993587220814766,-0.01402757397929507,0.10078083885312679,0.014501384573137148,-0.000793211983797778,-0.015980169666488537,0.023646781275967414,0.029897408900250333
sleep_rem_hrs,-0.211386444149079,-0.1069002553787109,-0.07624525608151783,-0.18409838482160673,-0.1693139697291379,-0.03640319839444533,-0.19003691599912925,-0.016696266515057664,0.09201245887600924,-0.04227199702821946,1.0,-0.04727986517216585,0.005113521997775805,0.018732388054906523,0.07715959721044226,-0.03360347536768523,0.10626217224187838,0.021840424804446805,0.07064243735038066,0.10128363982555937,-0.07481906879029711,-0.08093745192727904,0.07791432760405803,0.11814306073220027,-0.05129738966576647,-0.00018676553164505272,-0.017163096156374076,0.025540917737736993,-0.002607677097300055,-0.0982887075304972,-0.04314886820338006,-0.03643549647978203,0.15736214066321613,-0.0013473280214516851,0.23769437339833763,0.049652046941497205,0.005250446581442092,-0.03675965297203736,0.18488370477227098,0.05397852314996941,0.008017836283638037,-0.039453283938616183,-0.012717555015185027,-0.05637581637273335,0.009198474202543569,-0.012206541580771743,-0.00899916127969411,0.0045440385002303635,0.05060707947809765,0.14402167162617593,0.07077242980605405,-0.004714045501228391,-0.0332930758428259,-0.019882938502837073,0.043051042299254313,0.010725500012607064,0.09424342617507094,0.04025631883777231,0.040022851048043664,0.0709929736243334,-0.013453940776808969,0.04652958025549646,-0.0031893861872613716,0.06121239446169068,-0.24813060176733845,-0.006293111251861602,0.05611161523070058,0.19150015179399335,-0.11036454929711105,0.078285743068318,0.02459726751717616,-0.030626786418752668,-0.05874480974226621,-0.08665341822181284,-0.0008474640300094435,-0.06761641104989159,-0.06291012027627779,-0.05498431422803964,-0.0891984966273559,0.007328320626924544,0.02757148342019518,-0.030681705629655182,-0.025408559045129633,0.0033344789717982136,-0.0603603545746882,-0.06922531737693643,-0.153587694852666,-0.06248766229593867,-0.011682095540804809,-0.009492178457980997,-0.005591137965112684,-0.14233851921997698,-0.028373667913418207,-0.05847519748268073,-0.03798296232492545,-0.005876125611171073,-0.00560091032697154,-0.022276735148756603,-0.22629248819461148,0.004116839674343031,-0.07366553481395281,-0.057010705817916334,0.004818631336772217,0.08476177029334445,0.12214457194350781,0.026037467614135168,0.010084417086204667,0.06564045477709464
sleep_awake_hrs,0.029656267739669746,0.11483210536491974,0.01788627415888545,0.06018509100887261,0.11347609570720249,0.016960625030243825,0.066264293412227,0.03828288219799163,-0.004405195513733331,0.020538040249127587,-0.04727986517216585,1.0,0.031415482690110345,0.038660472021341256,-0.029694382531295152,0.015545953779530908,-0.07174834829416384,0.07461452699107397,0.056195779471487094,-0.08517556914543806,0.05805106881954921,0.09495396973722459,0.01743424197846858,-0.013551238193988522,0.09510559094018753,0.04751529514242977,-0.0015488095866056822,0.011552108720455402,-0.05475662614068582,0.09407611394257887,0.049884200192499194,0.07770135912684573,-0.019343131429553392,0.09173574309020592,-0.09725421489307345,-0.01799755059431206,0.054716104136163714,0.006736078128305248,-0.042634826611596115,0.027569593556070818,0.05578439025901473,0.026677942436773436,0.03222783668053526,0.09927352857358518,0.06541541792766896,0.03283699148884422,0.03243327923064796,0.05974708788184961,0.053299208260194755,-0.09419184284838746,0.0626896683994365,0.009344957552553402,0.039298512174767306,0.0780032234352778,0.020565651815323552,0.04953188433450126,-0.10381939235697536,-0.04899462500372843,-0.0674227501429953,-0.06474528680626064,-0.030937922256839893,-0.0736584120084595,-0.009872131037636905,-0.0677573530564014,0.15370568893572986,0.10245221977021857,0.00998159889461597,-0.07899936743773851,0.04390609413951699,-0.041399403169581926,-0.031332178060963084,0.023690082865638486,0.03039105743038235,0.0537624939839718,0.02130517218786728,0.057183074383892876,0.02770287986412328,0.06803101377025579,0.07111334346514607,0.04408087135846801,-0.02458813615241094,0.007130977134955258,0.023076479286942134,0.0025261729771725427,0.008344937077303884,0.06366898226532884,0.10779024058872465,0.07138896993966203,0.0018140722884690615,0.04677524086109096,0.004428039266008823,0.09724993256247537,0.03733366329489093,0.02465309130869078,0.017503269844616455,0.021200216644646035,0.00244481750275171,0.012746209298179125,0.12605748588995216,0.022516700287947933,0.04608661699208347,0.02754903322313442,-0.08200989083778659,0.02947851018696918,-0.07520616398068308,0.00703433295418936,-0.027046107082556087,-0.023834769454895828
act_generic_hrs,0.1893100374748078,0.0661672647545541,-0.018477334825855254,0.16291878495784928,0.03209191599067684,0.17012134835442486,0.19625518815019272,0.15823159967804218,0.012911269884028412,0.025114129934895785,0.005113521997775805,0.031415482690110345,1.0,0.025502251827066363,0.1574427566880999,-0.16747413404947412,-0.12209923726481513,0.07669804745650814,0.09865867890323286,-0.11392074435781452,0.07703228767355569,-0.00862771175839224,0.019831203511412036,-0.028551953816165317,0.07669531898660824,0.07382818590076318,-0.027227477017026887,-0.07982554626442204,-0.0247772988020218,0.03627314705902807,0.0933375275277805,0.05187502573300538,-0.008892331999307036,0.09981661066300108,0.027739736618128587,0.03988899520046824,-0.017850843785018302,-0.08163632975775577,0.035799556530745374,0.13055177884371985,0.058631019610718656,0.054641791403174926,0.05850393243998155,0.04479994156696221,-0.03170651782911439,0.05073738352733064,-0.0523565110503003,0.042139767562273,0.08325019229752294,-0.0714645056440398,0.04923354689458552,-0.011107535888996751,0.06865529652030816,0.07416802424055098,-0.0004470991490500767,0.02818424923124179,-0.05769970042502367,-0.050345897976768875,-0.02204927010481243,-0.05451236414057019,-0.04061280292310214,-0.039739758545033456,-0.05200960117189267,-0.07465377951257818,0.10703915954276898,-0.026705305874002147,-0.061868296548190316,-0.06261306398161584,0.022647705932667003,0.00898641268939023,-0.03498096368024621,-0.06193849076530943,0.0029846278225988693,0.021972991584853316,-0.03992354707822245,-0.035337922200086386,-0.009103562229724358,-0.006517719073618874,-0.019157297456030304,0.015009238574412213,0.0045531489401044985,0.02362675561322479,-0.01253807613220264,-0.031072931360531533,-0.004288132419486656,-0.016061539156124755,-0.021125306351641813,0.011469595699571676,-0.0186120117891787,0.00788280849117601,-0.003195073717998505,0.051905804910691807,0.03973834246013194,-0.033841065605020426,0.017464451230722197,-0.01720970015236,-0.011021429131681654,-0.019400532369128053,0.0390676883052808,0.01718042284492787,-0.1275962908578929,-0.004273721112642387,0.12402409125304743,0.0008870453891848215,-0.06529096001702688,-0.04009933255743446,-0.012515346572334352,-0.059981189689014135
act_running_hrs,-0.040646792189268824,0.0507411879606372,0.011153426568282946,-0.02088319024871744,0.05509596607875882,0.005258263539055554,0.022476248702744756,0.004683392281268978,0.05123485927142304,0.009453894069100546,0.018732388054906523,0.038660472021341256,0.025502251827066363,1.0,0.014541629379709708,-0.02782276060482412,-0.026044015405010355,0.09438071906952196,0.06713827893100091,-0.002644132958895367,0.016291767091715495,0.058470368679235586,0.0782619299283166,0.0343911124109842,0.07870681156332367,0.11738275553694177,-0.051167092722481024,-0.011957031060881135,-0.01162237414194973,0.0645757732822461,-0.0021387848956782307,0.09545154882543784,0.0031982632827361798,0.06853981781034953,-0.0912626047541819,0.022669633411510143,0.04478530372458933,-0.04152087307418513,-0.032601175100329595,0.04534246673874656,0.10022868139317936,0.023583256321243706,0.060391810487770724,0.10765958356727316,0.04313977786245903,0.059940307540153254,0.05472806974972621,0.023414266466987625,0.09560630563069046,-0.14387634397101054,0.030804086626513124,0.035762797579536966,0.026764770600002378,0.05342802105795575,0.03409601329729723,0.10662489879761498,-0.1199584324860023,-0.047072051869972306,-0.12961517949584705,-0.07488449072752984,-0.10006783736764817,-0.12337813732713358,-0.08738857512904953,-0.023506305957831267,0.05557055806330769,0.026988096480480905,-0.029475350443463808,0.0484184060428079,-0.009498816384602348,-0.009090215346215185,0.0004258051566657923,-0.023785023061886415,0.059376719841571605,0.08314531257822692,0.04459985900717366,0.09023420967806621,0.003834957842847649,0.0798552196514289,0.057504518798825295,0.0205517239481221,-0.04990532088102903,0.007256710958947236,0.06763265910233214,0.07003837378091453,0.02353228593673149,-0.00826468376825578,0.06510816065896036,0.06245969636664251,-0.015031751074775064,0.0631535664094718,0.014948727798253502,-0.04050173826591611,0.07267972425934777,0.03849539372579605,0.029992957236801947,0.022221023250445934,0.002857788270758774,0.05588467296361965,0.06263170071169577,0.057161522257415824,-0.07891739663801958,0.0745919704104462,-0.1059439824504416,0.13544832349875702,-0.06302042742512737,-0.05559633004234545,-0.05347372179573725,-0.03883130879554602
act_walking_hrs,0.3466675301606482,-0.018017475036099878,-0.07126044018335406,0.2976303151422488,-0.053340022475946776,0.40084209312560903,0.2879997618202936,0.3627791525024153,0.04597851644315352,0.07030131055236098,0.07715959721044226,-0.029694382531295152,0.1574427566880999,0.014541629379709708,1.0,-0.5584731305344067,-0.05187059295344831,0.1069608211417201,0.20324547521108605,-0.05726003597845364,0.04547765169259556,-0.11947170436940503,0.017934746574600407,0.08180627705415035,-0.013247877961906362,-0.014946886388185587,0.03318789986912545,-0.09872334076627443,-0.02944880177296077,-0.14641660800181125,-0.03590833946898155,0.030373364471953462,0.12229809375026382,0.08300809930277209,0.1343890600099361,0.06938722443248321,-0.15704125706106162,-0.13838100487712335,0.08675574766003734,0.1579765209725627,0.10302411602379465,-0.006424627923235196,0.0731600440538509,-0.1259530270172595,-0.030029001529649223,0.07473948387823744,-0.16252528830427976,0.08475994441134412,0.08182186212349718,0.10851781946786149,0.03084392085631147,0.06621647195695118,0.0417864072388294,0.021216752345461012,-0.03388373651981195,0.035267118054016125,0.08490819434887098,0.03538063945209477,0.030987835092954292,-0.009871877762560776,-0.05191930091198513,0.03664674284838872,-0.058105426683874785,-0.026583991298712306,0.09206281311127362,-0.0925791812494602,-0.12148706809432555,-0.15314010769228376,-0.040615533421003304,0.10875848873362115,0.037511645417413975,-0.11603078413019341,-0.08651662721126743,-0.07649059539078139,-0.09523746943790108,-0.21058098944889042,-0.024460244130440508,-0.06648296137616551,-0.12097319156629643,0.02174747655053131,0.03510752201434386,0.0014380641636740708,-0.06015910147915013,-0.0939500515407795,-0.07460758462736006,-0.16284314462984417,-0.2458885713502708,-0.07457496754434952,-0.004422202866710079,-0.05308024213066,-0.016190459006069066,-0.08757437009340115,-0.03517646111309015,-0.1004291987529874,-0.04988807174983798,-0.03247032481512275,-0.021973737713787113,-0.07556238819216834,-0.09250073962694218,-0.007670888016787569,-0.22516513359267365,-0.07419512271522133,0.17794912518723752,0.07796895172538928,0.02535505380792187,0.04251792115164767,0.04271118076226307,0.024279603392979607
act_sedentary_hrs,-0.416666245941478,0.04128976647592732,0.07863471052334471,-0.3782747021653712,0.07047785243125546,-0.5061630800216483,-0.37009596309239795,-0.4378358290188359,0.009341301329877897,-0.03755111229525245,-0.03360347536768523,0.015545953779530908,-0.16747413404947412,-0.02782276060482412,-0.5584731305344067,1.0,0.15447870926109702,-0.12485151753345301,-0.19465294893685858,0.1730463119920403,-0.06556104697468808,0.13587211114638356,0.023112651037702964,-0.03701443970407783,0.030562610630110947,0.020409896560237333,-0.034795093043218574,-0.0034938078315497716,0.09380513485115469,0.1730031751876816,0.01347027701588713,-0.012534813855744684,-0.13690621490349966,-0.10463883777061046,-0.09124039803993189,-0.033719880033209124,0.13676830098007586,0.10467783736957434,-0.07122321827499628,-0.13602399210994726,-0.10559330189030675,-0.05796414322322076,-0.07758060662856194,0.14171038183076076,-0.015037766022905678,-0.06045955408867291,0.16237444964103007,-0.07452293084830718,-0.07832604139638027,-0.11287355467359143,-0.047405014589794355,-0.08712118261305857,-0.042033145456951845,-0.06373222219316106,0.05816907220383831,-0.05206848177102054,-0.11832740042691185,-0.024891042224873046,-0.012297315822532197,0.03486191313527344,0.05391446345193831,-0.05819775109841961,0.01836846235337231,0.041224443035624704,-0.12673998987389964,0.08156657350220574,0.10285063653975586,0.15402402607134896,-0.02870138370902347,-0.039407635305345905,-0.021872616927519534,0.12230160397285918,0.08476209418137556,0.08404573928838516,0.12076637029918298,0.24062740060581267,0.00025307221938352693,0.06114660840232009,0.09630223530284197,-0.021951546953555858,-0.031771332533689446,-0.000311888444981013,0.03141590916337697,0.10294252584882901,0.09094091055673359,0.1932228142234206,0.2541336311655632,0.09653466377413575,-0.003964734684284163,0.05661347927473336,-0.021854227207491875,0.028825248172239217,0.06183910284725271,0.13763798521788242,0.037517050102514694,0.02593384498082059,0.007804821444606081,0.07085168342568314,0.09183721137538275,0.03348706822512397,0.09116777962596048,0.07964688795905282,-0.01900815904604501,-0.102517554358669,-0.002546437215717616,-0.058887016908262535,-0.06850127373063135,-0.02218688445853605
A/G Ratio_value,-0.31718443908730887,-0.10304665596273344,-0.010145565856599726,-0.348536622679652,-0.11575813241185866,-0.19098339585422683,-0.3603888543216371,-0.19828558994073497,0.08553985135412014,0.03373562887500717,0.10626217224187838,-0.07174834829416384,-0.12209923726481513,-0.026044015405010355,-0.05187059295344831,0.15447870926109702,1.0,-0.05458866543496419,-0.015202063419064653,0.3737403170089579,-0.25522021095335506,0.016443811785895546,0.15550407137143502,0.17832614280736594,-0.021724448666045025,-0.11156019973064905,-0.0786430496257935,0.13252448075884413,0.012246816497868301,-0.09891046163823909,-0.5955362054227189,-0.08301334500080568,0.13440494147165696,-0.12457834289363086,0.0258785274216863,0.011588249964957827,-0.399710132026919,-0.011021940318776237,0.008687725884476203,-0.09050579531149512,-0.09835097145482938,-0.1305524426218978,-0.11573046901338939,-0.06353775028921822,0.06672807141111074,-0.08236112678167269,0.11336170818096229,-0.02534444271757694,0.0051867837145880644,0.20799252063634985,-0.05123219555026125,-0.062490618189487666,-0.10360609311102419,-0.2186096570370937,0.04032591542361758,-0.08861575068337833,0.1631510268306758,0.11422382203442821,0.09180865332328626,0.17659476179017775,0.08167853461711042,0.09566293224639676,0.07500442272387145,0.2441504979588499,-0.15729126437631255,0.0425996031906806,0.16012322401876716,-0.13769502442883155,-0.29182615023567227,0.22580000757089747,0.19109895256276327,0.21050667765808995,0.020540244013818782,-0.04897361932764001,0.20350292959399502,0.0863336631066798,-0.04144578378615357,-0.051049875727478225,-0.10125315295194459,0.010100775391672496,0.02214440903589748,0.015550181069276253,-0.07044127219360286,0.17041543569994969,-0.05077752440586595,-0.03392257607619074,-0.06099723492332745,-0.004369653514760883,0.0950792063564026,0.03205213516712587,-0.0051588557992522585,-0.2665818783831648,0.011569752876088607,0.0685082102911448,0.002124639544688995,0.016498858965539945,0.0002833149225494962,0.02156470472457714,-0.18364096443005037,0.0966422047305618,0.08644696328846535,-0.05053862191234993,-0.037571773264054364,-0.023989450648383485,0.27583709090142283,0.07557734672664633,0.02860858275050053,0.1480617173263459
ALT (IU/L)_value (IU/L),0.08511823571631984,0.07152584899627677,-0.005288294502982443,0.08979288381131378,0.0525125818769136,0.11888002902689157,0.15011925971773102,0.12990225306787703,0.09026461585866609,0.06740316162060263,0.021840424804446805,0.07461452699107397,0.07669804745650814,0.09438071906952196,0.1069608211417201,-0.12485151753345301,-0.05458866543496419,1.0,0.18925101643221956,-0.14904146882480557,0.016014555336001313,0.017917426750483734,0.05428222742705387,0.013098881120739035,0.15904469235229152,0.0543432959573141,-0.02056168809384292,-0.0748797137616712,0.007089839224669299,0.04229182382014522,-0.07449855644152144,0.0726047792228413,0.0018637972883843417,0.13400314807323108,-0.06542657862102984,0.03569191265931558,-0.09850356021841979,-0.08763610806090294,-0.018231924533586092,0.09318674244423206,0.06477046534691262,0.05728373006300686,0.03791461807274246,-0.0101046846508422,0.0025230339511610324,0.06159924037443762,-0.0641645542932868,0.043314851340355245,0.0833846894971256,0.038217785475890005,0.07718364336193655,0.02658227766282595,-0.0009322692192086814,0.0022416400421978407,-0.05186033808395925,0.040697077642653116,0.019084923917139417,0.06744680815249715,0.023738209661214503,0.016619902727522187,-0.05875582938585227,-0.04474099673568365,0.05993921276000587,0.014154667163157424,0.14515797911266856,0.016714032597864113,-0.0305551113963283,-0.07652172615968966,-0.034106244667724404,0.019502345648445798,0.014540487867892396,-0.04735638637776617,0.020267349483954446,0.08642801389865888,0.029530074244243008,0.003989409358411599,0.039028242885623385,0.07061802445840588,0.0011565797930695972,0.07476835985356732,-0.03293321965762554,0.034207612110962196,0.0020777935323761363,0.00039366999752404354,-0.019218155197488814,0.013870637140022245,0.020951048776762345,0.061545123769293664,0.020334024003644494,0.054577522925518256,0.013239036610497336,0.05146827561385515,0.046996039603090706,-0.029272975579344218,0.04978036907687179,-0.010008808007586023,-0.0057311967795090025,0.013292667984729145,0.025575213997927525,0.05450855405750611,-0.11911476048494833,0.048163687858476266,-0.01520568826717606,0.11440758852431177,-0.018826635663080488,0.01771881862693781,0.035897546496924865,0.0394136005317515
AST (IU/L)_value (IU/L),0.11902508330521708,-0.015769227157083444,-0.02986423562162796,0.09996707062924101,-0.009124800384142706,0.16009044629856967,0.1851280735368445,0.14097533644534407,0.0881485939735449,0.10027986724220869,0.07064243735038066,0.056195779471487094,0.09865867890323286,0.06713827893100091,0.20324547521108605,-0.19465294893685858,-0.015202063419064653,0.18925101643221956,1.0,0.009896480257515996,-0.005328589626873894,0.0010187992939603963,0.10508905833711192,0.027153184952314013,0.1233468594646089,0.03324539639254466,-0.04097552279509867,-0.1944595214093748,0.019933063481573875,-0.02318462071117704,-0.06870033223112999,0.039374595627857896,0.10971739113643247,0.13818276353081071,0.05743880798027888,0.08667852575976466,-0.07458545444046911,-0.16498314106046827,0.011615292172666618,0.1577174399717761,0.06262231837843506,0.011402072314679223,0.028913252201854082,-0.044242062116430655,-0.0784451358657629,0.08081130817541889,-0.128734859002554,0.07618810659142292,0.10805224226416323,0.1326995858364294,0.04925138274412322,0.04579241843728572,-0.005426732439503513,-0.04328151266182028,-0.048244177252343944,0.0376261475911599,0.07252282676549357,0.08258436742488828,0.06912662102740655,0.05823594077572383,-0.03347867822042544,-0.011280765091212168,0.06474323435417315,0.04381942780163713,0.11022158075418169,-0.0372560948468014,-0.07165247410087201,-0.07551025951126562,-0.039751144843432104,0.10611572282735526,0.04056133603463318,-0.06139015448767714,-0.0481632245091375,0.07160054893439614,0.001964062351919382,-0.044956710759945416,0.05410317217177872,0.0010530176170012665,-0.04841921572230452,0.10748858171895756,0.01674348568286385,0.03176903974501126,-0.01722806365747874,0.04184474374290442,-0.03335611176729186,-0.0627763269208838,-0.09136852654665076,0.007558769013309519,0.01793458804814344,0.015516966569236283,0.012696734903990538,0.022195740851924484,0.08254048347268962,-0.04471996022282471,0.031258257108382544,-0.03821093021847684,-0.008843711645580682,-0.022938129881957602,-0.05655849547669855,0.07918873105095642,-0.31410602168623225,0.007791725468386389,0.20715441809158028,0.1340680891191159,0.009696716136710004,0.017118415425489072,0.028295224177621692,0.0821519059024321
Albumin (g/dL)_value (g/dL),-0.28509988261472385,-0.22621425739457118,-0.08363173173434355,-0.3555415092084886,-0.1378013489050412,-0.17098564238722314,-0.3592038492048696,-0.21805022278167088,0.06719432212939869,-0.014522765764975127,0.10128363982555937,-0.08517556914543806,-0.11392074435781452,-0.002644132958895367,-0.05726003597845364,0.1730463119920403,0.3737403170089579,-0.14904146882480557,0.009896480257515996,1.0,-0.1502660084030101,0.011584456249237391,0.15476792028311903,0.13404064733804646,-0.1808329371658942,-0.08137840936102302,0.14992119050314756,0.041354286185751876,-0.047767782813010494,-0.13428299030687835,-0.08026199985896877,-0.08241118454691862,0.17866478313219783,-0.1549813589483343,0.05732441256475837,0.0900223232893192,0.39999788307176753,-0.039460128406131056,-0.016788885381163656,-0.03706266462603313,-0.0942902411940259,-0.2281534684474838,-0.08153831041087728,-0.040811697579198614,-0.006134276827880079,-0.02600189575961335,0.1300919198413147,-0.00629946231741131,0.004176885388127608,0.1757144859869629,-0.08005792464927139,-0.04157821997046854,-0.06188761298054532,-0.12524641740193895,0.06361738268397316,-0.06058895540409735,0.12998879488627485,0.08179336164411809,0.13867192953145674,0.1639082067374414,0.10536976103941943,0.06106371473042891,-0.05887392885491108,0.19434226907163826,-0.39864803515639635,0.06061591084182038,-0.021566157516210785,0.13973406626673124,-0.27828377338411864,0.10891359907619515,0.14002416613175855,0.06732245715087723,-0.029967951084833702,-0.045200988877674174,0.09263122558213616,0.06162782305884951,-0.011023555323295627,-0.07637968974905779,-0.09700955093038778,0.010799835393908365,0.026120228316425277,0.05835332040359472,-0.04536128620032264,0.10700836550256072,-0.07146950214656374,-0.030435425069036334,-0.05455226045674418,-0.06355408609011852,0.05024928741654228,0.027325397780887096,-0.012131985774594296,-0.22552009277479182,0.04611708839973716,0.002537422829329838,0.0004165239041733524,-0.02729912360072628,-0.021034583910607307,-0.004665748856601491,-0.18812877408615092,0.0734386223730701,-0.14470952081207694,-0.03396158060018356,0.16223726601161712,0.019654623543766722,0.2127607389738362,0.013172652745531753,0.002596013554524546,0.10818074222052125
Alkaline Phosphatase (IU/L)_value (IU/L),0.19825167818426362,0.09992453632671203,0.07150188867266538,0.21516045224112448,0.14562923612603523,0.10122432074114426,0.2222840157694076,0.07283450557562449,-0.00999788476790765,0.0393771356948634,-0.07481906879029711,0.05805106881954921,0.07703228767355569,0.016291767091715495,0.04547765169259556,-0.06556104697468808,-0.25522021095335506,0.016014555336001313,-0.005328589626873894,-0.1502660084030101,1.0,0.07142737259930527,-0.02822646157558643,-0.05208843631131811,0.07865185554425543,0.05842211459572981,0.0185748126782026,-0.005219191659229998,-0.03579217678148223,0.10458654858407236,0.2507406940566512,0.06980688594296201,-0.09925140911125747,0.04603123093922023,-0.03821199925990642,0.012680887474098035,0.12524016560350357,0.025701175574576057,0.02045553681754173,0.04265263661498111,0.05871742059118478,0.050110196596131786,0.05492192015096587,0.0527436533932928,-0.014278044242676995,0.054506992973002905,-0.032305266274163656,0.055025963057310445,0.05695145882585689,-0.1480436027944485,0.017921148213180534,-0.0018729792345923994,0.10063319375635185,0.11962527080724981,-0.04937932425767444,0.05012982124638571,-0.1128040146031393,-0.05914458004622881,-0.04262212787141344,-0.0787168190829958,-0.023952133168975577,-0.06464079033160432,-0.03888901193714452,-0.11426179983862526,0.14122150674805317,0.0175327855604183,-0.0880334751820954,-0.010015974719523995,0.15718010822797585,-0.08365515602820274,-0.08324330516421106,-0.0852856122292853,0.025380520297534036,0.08914967723895036,-0.057441826771699435,0.03788460493932751,0.038259248834704544,0.04523624369413935,0.10169570905583929,0.02885303668427877,-0.013374620508013033,0.06450217923804227,0.04774623640569032,-0.07349914016787763,0.07622460863214725,0.07137593015088296,0.09647883101156879,0.02502999486899065,0.004509821107544974,0.017778233121347888,0.02607549076851056,0.1471510253984762,0.06048032307924546,0.017276376371079812,0.03855235635617705,0.006306320689272407,0.0018129903164563106,0.03965189758078762,0.1450692896717714,-0.014865961916946287,0.008377154461770855,0.05326782369010104,0.04823397191202763,-0.06381151522791442,-0.16348191425556896,-0.046543433248974246,-0.015669441465669363,-0.09053235283563309
BUN (mg/dL)_value (mg/dL),-0.12822676053261098,0.06517807557129991,0.13792146083630952,-0.09952760055314105,0.1729574281460663,-0.12154618373963094,-0.11507519444728262,-0.1515450469746179,-0.03355841053612676,-0.006000046957124764,-0.08093745192727904,0.09495396973722459,-0.00862771175839224,0.058470368679235586,-0.11947170436940503,0.13587211114638356,0.016443811785895546,0.017917426750483734,0.0010187992939603963,0.011584456249237391,0.07142737259930527,1.0,0.16695777070409015,0.007812298351037636,0.11295468124592038,0.05444260374964496,-0.1046698708479035,-0.024747079989276655,0.10245430216090054,0.38929161092775943,0.07185032447478043,0.0714677703222538,-0.10612145821468896,0.015062789172642458,-0.3221678469908344,0.062286080764702045,0.06464436703990392,0.09688513677371832,-0.20972725890814783,0.022338706927911876,0.043447010946849746,0.061411830793307975,0.008345781407897636,0.2346754268255511,0.06732131671628504,0.07051938824980489,0.1384851900952994,0.12522193479349802,0.0785727856412095,-0.2733741639708685,0.046069095108945274,0.005470231393723661,0.08587860127251926,0.0228958421528525,0.17484811242968518,0.045228907096959405,-0.2041029808772559,-0.14876384145637372,-0.13339434455250676,-0.09662577562238109,-0.02779421573136264,-0.11637086375317542,-0.047872146974047625,-0.08514975938341918,0.12871064220776962,0.17877102193163016,0.16323424701240788,0.008620738360524327,0.2680952285406343,0.012422280444848019,-0.0752504532791058,0.1598228626008484,0.17612010868840303,0.12033344076407408,0.17576181296664936,0.28288395633303925,0.12017530844701403,0.1181477254980845,0.1785081211563681,0.039885691245240884,-0.01245186483591739,0.08663827159322111,0.11008683784145591,0.17820916772284512,0.21445748029543227,0.09972080747538359,0.2185245374443205,0.14575774171545966,0.0673097659014772,0.1053660266627736,0.03410363493312915,-0.0010928651825899709,0.11733849096260912,0.1945167828056043,0.11683285418460122,0.07243374930228416,0.0359548505956966,0.1377255736992793,0.19299311329403246,0.1290025439485843,0.15774658871581088,0.13375520460576676,0.03834746947351946,-0.21560314401626057,-0.07548010938555409,-0.06539642415116034,-0.07534466521762137,-0.11462767411478428
BUN/Creatinine ratio_value,-0.20267696448316894,-0.1477132021194575,-0.008315371850127578,-0.17613700885927872,-0.08956791532216996,-0.09248798703308977,-0.12469036053312582,-0.07333752065161694,0.027943674970241465,0.027221807536657205,0.07791432760405803,0.01743424197846858,0.019831203511412036,0.0782619299283166,0.017934746574600407,0.023112651037702964,0.15550407137143502,0.05428222742705387,0.10508905833711192,0.15476792028311903,-0.02822646157558643,0.16695777070409015,1.0,0.03293160905845813,-0.0012338565918934277,0.04334721922297844,-0.07443655287514948,-0.03967061734305839,0.06212482478316036,0.008613014821309615,-0.03603336138011097,-0.008901776619533234,0.11549149902730721,0.007965659929643263,0.00866346444826311,0.11349073661691254,0.020917842151338878,1.0261215118177002e-05,-0.0014340542380365225,0.05269471674803156,0.04772324931244164,-0.0448790479560391,0.06857727253993595,0.07218867560845747,0.050218395195082526,0.04106653738451036,0.10634368710169985,0.036808886018800425,0.08206298545468715,-0.07687995930364845,0.057813580759199935,0.09069612141308361,0.009901382946828245,-0.03111301426855932,0.16186790188526076,0.057298967699011445,-0.025027305107989877,-0.04601481283485784,-0.03989115824942961,-0.01773287870826206,-0.011926963405376217,-0.10184209943424136,-0.10474123681523004,0.002300916900933964,-0.028210205690810123,0.06233632457578799,0.022850050303531037,0.028108348642880025,-0.0029007518568050696,0.1322617560227735,0.06244269656716075,0.13244401853763507,0.03893653891834365,0.036566433847169906,0.10554617559376629,0.09445629115719584,0.00394254915716094,-0.007022651077097763,-0.03435271181406632,0.07489017284008714,-0.008173775683642739,0.03960150903504152,0.010586169680917681,0.11755962735243895,-0.022019607293104784,-0.07746505769200109,-0.07591546375227659,0.011464970048154005,0.08281076978885236,0.0751108953632112,-0.009057039075176533,-0.13621848840739742,0.11036677506330307,0.024331585771207496,0.07070141974037057,0.016264351930100028,-0.0015038062292626032,0.03445799019199698,-0.11820700642883568,0.12276296621493962,-0.09136805634207161,0.012648766019592306,0.06203078135880584,0.022293207154484893,0.05941890226471713,-0.04603715095236602,-0.04466459575300181,-0.022695874995887884
Bilirubin Total (mg/dL)_value (mg/dL),-0.16787212285931832,-0.013561469498013123,-0.032766935952883054,-0.14432596697991476,-0.02104502433873553,-0.06481147570355722,-0.18858885042960097,-0.03897439319333808,0.0969351325229563,0.007927050066524343,0.11814306073220027,-0.013551238193988522,-0.028551953816165317,0.0343911124109842,0.08180627705415035,-0.03701443970407783,0.17832614280736594,0.013098881120739035,0.027153184952314013,0.13404064733804646,-0.05208843631131811,0.007812298351037636,0.03293160905845813,1.0,0.014475379945367543,-0.029580418676626433,0.0007005091905378815,0.08273832321429359,-0.031602020638113584,-0.012783526679525089,-0.11591675150909124,0.017713447893686455,0.05090886702809853,-0.024108674951325074,0.00854500630742593,0.03347783696875717,-0.03973692102302504,-0.01157982423034895,-0.02351845517552656,0.0030357917238643304,0.011049243022337236,-0.03952398406560148,-0.039927203441269044,-0.039276996248904364,0.023901513889792034,-0.00592286247606436,0.02298233923364058,0.04763432856499332,0.05829741209282576,0.12557144243718676,0.031873079357431465,-0.060398638742315464,-0.04302438365691228,-0.05886562250637955,0.007507557647239749,-0.0032481047707079353,0.08942617848361072,0.025712527292797615,0.045750250434164724,0.10591479624095261,0.0024459993105944025,0.04399128626089389,0.06165386428546179,0.09528735185041383,-0.17863140872401334,0.06890981387289534,0.08498765627147492,0.09132020516422593,-0.10969833328978874,0.023617391847823323,0.01644637063381569,0.028952202039752514,-0.017065396048413003,-0.03446496691474819,0.071096376551188,-0.0025780359926196026,-0.032285752236408165,-0.03153960006480214,-0.054767227897607504,-0.009633787994398976,0.0169681128652148,-0.030015899377629798,-0.04460580518751329,0.060964605633903816,-0.022205499893069778,-0.005433447290559613,-0.013657733781140734,-0.015195153414864137,0.008813885183417632,-0.021488900626476327,0.0022656786990308186,-0.09924110219482338,-0.06336191150378576,0.0032397006536696153,-0.026444557207638306,0.007412890743078347,0.020647054422297594,0.02714584919571669,-0.0704088213711064,-0.004321125556752407,0.02603156292649138,-0.0590178990272098,-0.051720996526658625,0.039134989477942285,0.13311775430295197,0.03321066207298655,0.013195374196315172,0.09815869096242297
C-Peptide (ng/mL)_value (ng/mL),0.08182353249464361,0.18542864342726886,0.10912112534912012,0.08881424799990952,0.17758752741695222,-0.010022065446934215,0.13942235764263924,0.01830081269010228,0.04195047410922984,0.0834036489759785,-0.05129738966576647,0.09510559094018753,0.07669531898660824,0.07870681156332367,-0.013247877961906362,0.030562610630110947,-0.021724448666045025,0.15904469235229152,0.1233468594646089,-0.1808329371658942,0.07865185554425543,0.11295468124592038,-0.0012338565918934277,0.014475379945367543,1.0,0.05602658071065174,-0.045596574109213486,-0.09768881199442161,0.04155799945826922,0.17511796249083006,-0.0434192554418387,0.14670170294301607,-0.14096261647969888,0.13371974182488283,-0.1512315103784576,-0.05833926228706134,-0.13959985517673137,-0.007694396304882125,-0.10437229489127842,0.09460723064206547,0.04068209179108205,0.08705811486826119,-0.0004798972033677068,0.06056873264617399,-0.04654185529256467,0.0472867108557074,-0.07077928039936351,0.04541739889818409,0.05409816831733805,-0.027028942716293743,0.042977289916907066,-0.02548366290688748,0.02897734013956847,0.004952434381407398,-0.0805280823482858,0.0035540900006095382,-0.08222048802910475,0.013332546384423584,0.005522644445346267,0.01186629571599983,-0.06745608600847672,-0.030912154696553625,0.10634399446966099,-0.019882898309836597,0.20358459428116388,0.046385510393699585,0.03226424374655923,-0.11635211543241981,0.04185184488829359,-0.0289805476097566,-0.05664949135369165,-0.013603135609948013,0.015090054227839524,0.13449166139193286,0.06287589574072518,0.10048333317130476,0.03783685339601048,0.08699887414346076,0.061068901549082115,0.02568303009631967,-0.02026735458840112,0.02724418038175719,0.024106785287132903,0.035033791038294716,0.07540967225926416,0.1283661952165995,0.15784235596985677,0.10604275107029842,-0.004642423154636281,0.04801156137349698,0.015493910397923201,0.15417061602464632,0.022891942588255162,0.057568360239013454,0.04359985556724303,0.023200347461908046,0.030732416780740523,0.045013678899040725,0.1779114107858072,0.03700650978809233,-0.04761761279911454,0.017500284290297662,0.028815624239582092,-0.0015395252397236371,-0.0648351897629623,-0.006806951152765109,0.01248087388685109,-0.0096169568573325
CRP - HS (mg/L)_value (mg/L),-0.01682518383721397,0.08548853788013655,0.02112734341821316,0.013777277754610425,0.07853987371169495,-0.029640367359942757,0.04056256158654355,-0.0005837702447514118,0.03376778944697684,0.03120581230011517,-0.00018676553164505272,0.04751529514242977,0.07382818590076318,0.11738275553694177,-0.014946886388185587,0.020409896560237333,-0.11156019973064905,0.0543432959573141,0.03324539639254466,-0.08137840936102302,0.05842211459572981,0.05444260374964496,0.04334721922297844,-0.029580418676626433,0.05602658071065174,1.0,-0.05599723472590724,-0.06470984933441773,-0.006835242700698054,0.08968670503940793,0.12197524361633778,0.09099555462035923,-0.009378021444153253,0.06664063127022021,-0.006539203867807209,0.016762847675114247,0.08161053697750972,-0.03851465955302715,0.053471930530213894,0.10940620706405026,0.0884182135005901,0.0373109033525011,0.06745175144920836,0.11831132891532421,0.008255724604338622,0.04122691642544975,0.039261718432825936,0.05444478478560797,0.08557885970910929,-0.19327030745104373,0.07546382983092598,0.03148675401066455,0.059182103217273296,0.09121873285050597,0.05374338112662482,0.08066159064633516,-0.15740661029080721,-0.10144852859580893,-0.10765912805549357,-0.09049318617725152,-0.07396615324891756,-0.12481184031901275,-0.10527763795535507,-0.09495168005149347,0.0411790237268162,0.03623336965815708,-0.0487911130411944,0.06743691971123886,0.028664242156511022,-0.05015983110745592,-0.06613708506822681,-0.07365311996784052,0.023907195393021996,0.07275240467592102,-0.007146193635627824,0.0997546598151997,0.023032649269399904,0.04481457384303756,0.09009659769194582,0.038478144903174194,-0.05542649663140598,0.006530297666305649,0.03192187020275232,-0.0011746356978228826,-0.002497423958008669,0.05138423711328714,0.0670823091141276,0.056432476017886674,-0.01382478770102214,0.059421826888523786,-0.010025805765716263,0.03977358788733674,0.05035280955898029,0.02160341804253903,0.04501765198480537,-0.0046960895087334725,-0.015813655847340295,0.0005769776295166488,0.08421806528692322,0.04004866802233458,-0.09679509287594514,0.06712015069800396,0.002243764486828284,0.05344002573904634,-0.1044637991354969,-0.04885534658311081,-0.06699701133013465,-0.09228076231656937
Calcium (mg/dL)_value (mg/dL),0.08036642916552396,0.008625672678459474,-0.046491277099093155,0.05180639775605238,-0.037427809432000275,0.04003543951068377,0.027791203600821414,0.036564690585517305,0.020095989266463287,-0.005160290463252278,-0.017163096156374076,-0.0015488095866056822,-0.027227477017026887,-0.051167092722481024,0.03318789986912545,-0.034795093043218574,-0.0786430496257935,-0.02056168809384292,-0.04097552279509867,0.14992119050314756,0.0185748126782026,-0.1046698708479035,-0.07443655287514948,0.0007005091905378815,-0.045596574109213486,-0.05599723472590724,1.0,0.08800385260754351,-0.15260083415650233,-0.14909153192497077,0.12015640517006124,-0.053155075027659246,0.03239592339322535,-0.021359907050696944,-0.013757713262309405,-0.03526992201726976,0.23355746306484104,0.006991804583997998,-0.05964150479729013,-0.02699644097494037,-0.030002473609612494,-0.04170051273566246,-0.012212319838509803,-0.10435330003688224,-0.006441433389185951,0.0008045425894001946,-0.07831621997133041,-0.016484748741533294,-0.06940226160841897,0.13558818198720188,-0.027728590544957868,-0.020423487091050418,0.015121234099824304,-0.007637199570582538,-0.059938561793616715,-0.062242345751031,0.10304945341624631,0.031331508525665464,0.09519057323604947,0.028305518711573326,0.04150531301635057,0.09705417604441237,0.033497416050992795,0.03446698579517999,-0.02727701772609186,-0.051751613229565264,-0.11230096945914222,-0.05302546244804397,-0.09534245601774806,-0.06269011531637211,-0.01687813207694816,-0.04089363508366992,-0.08590580055552367,-0.08257941792145114,-0.07205509285920313,-0.12382039275822677,-0.014902783774963808,-0.05369498407278625,-0.05039202642642742,-0.053365971230836286,0.03534496374650265,-0.009251273840528694,-0.0293172031879232,-0.10257198533627009,-0.04066116020166402,-0.0003134719037802687,-0.017745149878830493,-0.07897257543989536,-0.027499076515836246,-0.07716093316976316,-0.016279636304536358,0.027303087150150823,-0.07358091136199323,-0.07321543159184739,-0.05662092625684558,-0.020460230405114754,0.0012417768828107741,-0.051628918153028024,-0.037820026902762455,-0.08392842428331254,0.002507050279841825,-0.08982786683074594,-0.014855640117908108,0.05750893225423548,0.033233626912383546,0.05702215819616751,0.05029075386803514,0.06418448798375832
"Carbon Dioxide, Total (mEq/L)_value (mEq/L)",-0.18971966291331158,-0.08002261360448813,-0.00057517782746707,-0.10875292393745084,-0.08359588164245219,-0.013941532343079422,-0.17346398304811056,-0.03838455816788838,0.00447708586414453,-0.05243677032294137,0.025540917737736993,0.011552108720455402,-0.07982554626442204,-0.011957031060881135,-0.09872334076627443,-0.0034938078315497716,0.13252448075884413,-0.0748797137616712,-0.1944595214093748,0.041354286185751876,-0.005219191659229998,-0.024747079989276655,-0.03967061734305839,0.08273832321429359,-0.09768881199442161,-0.06470984933441773,0.08800385260754351,1.0,-0.269853185680182,-0.07302719081132653,-0.07575174861772363,-0.07974598421322975,0.20045208991157473,-0.134990280006913,-0.07136866160354768,-0.13988444601052258,0.042886579685225086,0.22414114933070695,0.05148212087570408,-0.18888494923225155,-0.010927491416670994,0.009410839640010268,-0.04190817427322196,0.030346471240708148,0.26866513374797624,-0.030024398416491262,0.20235686537742087,0.015710547912542016,0.025990420122878125,0.017948231475897223,0.0314953685995176,-0.019859772701305185,0.02522774803796427,0.09711045068844404,0.024532428062298252,0.024152615730008965,0.06376333404568478,-0.031817190091811935,-0.004547044301593058,0.017155335170678847,0.05205674508359395,0.07954426938130867,-0.0006296086654653354,0.016424558330023896,-0.08188695932427248,0.10178901812618685,0.14744110306499772,0.07767620171013943,0.08585306151663183,-0.12492616774412482,0.02204163766264406,0.1480183777253538,0.013756546154397921,-0.03145346637115368,0.08374802430515191,0.056513449586387134,0.02685835325987618,-0.0184668036261501,-0.037674680399715124,0.029644112489671186,-0.02652992857722782,0.043577086026784534,0.016905230895090547,0.035945391477350985,-0.018856350826623115,-0.02346367360156612,0.028277879586321428,-0.06447021714884181,0.08623671268789422,0.0028434951564791683,0.0032931459106414706,-0.10661060975425007,-0.005157114808293149,0.007211158830744206,0.018914271067006664,0.021164824737244056,0.033446774091329616,0.04419019359520959,-0.09998929747190746,0.023692839107153266,0.48316709875580566,-0.08098029028341872,-0.42066809443604003,-0.06803576463001638,0.06891494955798766,0.06283648638761412,-0.0026747297410833768,-0.0021777039783257945
Chloride (mEq/L)_value (mEq/L),-0.08933674940176152,-0.05634168367356407,0.12979215909301786,-0.08801976913338685,0.010148669231311956,-0.1209927271592994,-0.07691444454669565,-0.0960367066679726,0.025921881307530068,-0.03262122596716112,-0.002607677097300055,-0.05475662614068582,-0.0247772988020218,-0.01162237414194973,-0.02944880177296077,0.09380513485115469,0.012246816497868301,0.007089839224669299,0.019933063481573875,-0.047767782813010494,-0.03579217678148223,0.10245430216090054,0.06212482478316036,-0.031602020638113584,0.04155799945826922,-0.006835242700698054,-0.15260083415650233,-0.269853185680182,1.0,0.10535102405976013,-0.02359374913010291,-0.010295325991585613,-0.11755699014918666,0.007152242622483317,0.027854625580785948,0.15563005913570183,-0.10162642573939328,0.12560555098144163,0.022605011845831104,0.02949090080277539,-0.023112722423881852,0.028988070061117425,-0.04565316664857208,-0.041970839731806715,-0.12073735210113218,-0.028393090225430323,-0.07655232382730047,-0.009357944198426196,-0.029814273800380372,0.0013246464118342313,-0.055428810981801344,-0.006168391089108373,-0.0641659885030186,-0.0920244336962318,0.026178636381566124,-0.015626951319838545,0.015616314787382577,0.01620311688318443,0.014950720033353494,0.058230794712366134,0.01498656572471186,-0.054290100800601676,0.03999937755626495,0.03053050440438703,-0.12070098334590504,-0.05217274514671247,0.012758277819759068,0.10254050306107101,-0.017051844951328252,0.1084492368462081,0.044222127234048524,0.03438845809858388,0.04821707647982538,0.03930693341734625,0.05720526623546396,0.08126410396583943,0.025169560353878514,0.04330869213367922,0.02280903290306453,0.013851556981807322,0.009407822839486098,-0.0034895881205508072,-0.0025125673613760227,0.06940365176381491,0.07113537129660345,0.029889739138292085,-0.007282216110946181,0.07977234018952098,0.011484197521669546,0.018380129597912232,-0.006175066288631355,-0.0025548167375575178,0.04663784279811212,0.06352630312512622,0.04241788344459055,0.013166024794399822,-0.015878428929746162,0.016420723827881213,-0.014008351781862969,0.038061869210411686,-0.11509019824013855,0.06652014056851734,0.1857217284702473,-0.07328986290998842,0.012406456260635699,-0.012623510111197857,-0.010681185664879996,0.0005232977733053103
Creatinine (mg/dL)_value (md/dL),-0.06452226292585038,0.17514678081725854,0.14420776984712952,-0.03208065508125536,0.24576220000289414,-0.1294023542236217,-0.023489554851800057,-0.11242642883483997,-0.010122459840488165,0.0226814342270327,-0.0982887075304972,0.09407611394257887,0.03627314705902807,0.0645757732822461,-0.14641660800181125,0.1730031751876816,-0.09891046163823909,0.04229182382014522,-0.02318462071117704,-0.13428299030687835,0.10458654858407236,0.38929161092775943,0.008613014821309615,-0.012783526679525089,0.17511796249083006,0.08968670503940793,-0.14909153192497077,-0.07302719081132653,0.10535102405976013,1.0,0.1333597610601473,0.14461608400103462,-0.18394610799294084,0.05587818171239377,-0.2523297265831193,0.042834204717175084,0.04507596737514864,0.06469984061890685,-0.0938314644627055,0.05701724870278381,0.10490522161920514,0.10614510469591557,-0.0013708932339924853,0.2588197007629852,-0.016641383886361976,0.06177243221353407,0.10322310194575797,0.10921880088350329,0.09239812036507303,-0.34371283189235236,0.04074924085659778,-0.02785038868407973,0.09888678877579214,0.08974845366001875,0.10184832569994974,0.03886432262647812,-0.3087951156792031,-0.15963145785926336,-0.13523387322586913,-0.1318738029361095,-0.0612091140962259,-0.15974438943905414,-0.04353620402979824,-0.13221515929105723,0.1586671094622707,0.1357915520707925,0.11281880006749338,0.057872038380254204,0.24604285443071572,-0.08255924163203655,-0.13760508133906757,0.04049176134058069,0.19900165263411063,0.16194244778206904,0.13843029097971313,0.3020102059831294,0.09043841077319249,0.18678177334219562,0.24302929156778602,0.033463028502783966,-0.0365582795313526,0.06704773133546978,0.10314438658221467,0.15470334145487064,0.22642814841928274,0.17718593379466294,0.2742653725357995,0.21252930598469802,0.022826035413541702,0.12650799177749641,0.029821033753392304,0.11618971221114113,0.09270407728083588,0.20932287365022142,0.09619442879561935,0.08895117880122204,0.03026599421157229,0.16007365680806218,0.29458204986538467,0.10851819311223077,0.0660689639472381,0.16939253209339994,0.046528626632233096,-0.16607986249490067,-0.1585022811725348,-0.11489592837480771,-0.07890402441348801,-0.16836952624277246
"Globulin, Total (g/dL)_value (g/dL)",0.11007216281871457,0.015888289461876978,-0.00997204903593801,0.1140487956101155,0.06760963338562567,0.007363870327591427,0.08027476321881473,0.04382322890218138,-0.06880810495814198,-0.05105742388088276,-0.04314886820338006,0.049884200192499194,0.0933375275277805,-0.0021387848956782307,-0.03590833946898155,0.01347027701588713,-0.5955362054227189,-0.07449855644152144,-0.06870033223112999,-0.08026199985896877,0.2507406940566512,0.07185032447478043,-0.03603336138011097,-0.11591675150909124,-0.0434192554418387,0.12197524361633778,0.12015640517006124,-0.07575174861772363,-0.02359374913010291,0.1333597610601473,1.0,0.05049833575869978,-0.08210042657960707,0.05426728460266492,0.1532387315103467,0.07147172736044635,0.6295904126834861,0.04583392458419958,0.15182443521876557,0.10377857475701503,0.0848133080822765,0.0699178871825222,0.15482455512663293,0.18274969267090863,-0.005207562817591705,0.12384628706594364,0.06732151624253499,0.07907693087664741,0.007652078344411794,-0.3056323779852227,0.07694467294893251,0.030512567010954627,0.19357313463500966,0.24649122221708608,0.13225026235357001,0.11163875603024143,-0.23197264357012115,-0.22445528400697418,-0.097145458965833,-0.18963050222291222,-0.005206022620811125,-0.11066592730704979,-0.22607053897702986,-0.2539789123203297,-0.06928082250075077,0.03094699081060658,-0.1204046215440404,0.21869226636566752,0.2224668379903952,-0.1896442162376924,-0.17663999924593732,-0.11395851325291592,-0.00855315974148873,-0.03476800748355928,-0.1986435079250457,-0.05023267600988769,0.006326242944493566,0.009660003036104271,0.06761475052427725,-0.042361185960663385,0.061859883992532186,-0.0009717117123407604,0.0959978210477512,-0.14022646784961812,0.054307192044052974,0.07548519127689936,0.03036880932996138,-0.05734735403439583,-0.08749253936095601,-0.03825532306153256,-0.013314976432825502,0.15366094465965563,-0.023037044952743013,-0.05294662958244146,-0.0018142803709121167,-0.001139050797568672,0.0015660033548990204,-0.039452386212163335,0.05477267530518871,-0.1158964030619457,-0.04605569304506804,0.007092766102491791,0.22212339115267535,-0.16644009814772331,-0.26228224252748494,-0.13170289332907129,-0.05621754432743566,-0.21867186464084104
Glucose (mg/dL)_value (mg/dL),0.10126293458205628,0.2050021012136993,0.04163272580489888,0.08983319511578142,0.22334029074659623,0.044883328761235505,0.14708996946522773,0.036245932484253986,0.03203485179461413,0.06061673565838552,-0.03643549647978203,0.07770135912684573,0.05187502573300538,0.09545154882543784,0.030373364471953462,-0.012534813855744684,-0.08301334500080568,0.0726047792228413,0.039374595627857896,-0.08241118454691862,0.06980688594296201,0.0714677703222538,-0.008901776619533234,0.017713447893686455,0.14670170294301607,0.09099555462035923,-0.053155075027659246,-0.07974598421322975,-0.010295325991585613,0.14461608400103462,0.05049833575869978,1.0,-0.1264301973874501,0.09828153869980742,-0.11507980902789783,0.004511149625634461,0.01605292291703111,-0.04853671537997486,-0.05483405475332504,0.09783547991407499,0.08268369888467512,0.06836772660986619,0.06258778879812751,0.12549678444036974,-0.011437394450611635,0.07271076041582272,0.010988780118922403,0.057930181235794145,0.09857877342641408,-0.2069041091364802,0.022664295458366256,-0.027568760937817616,0.0690916492924612,0.05415774634821928,-0.010667355314023663,0.04337729764099205,-0.19209153993961306,-0.09479842976572361,-0.11245223172237889,-0.07706036699028096,-0.13543758945280435,-0.1581501418071465,-0.06898700309932183,-0.09962108139438061,0.15988863335474154,0.06186319044708147,-0.02037549893379878,-0.06934036335270667,-0.028377990614719288,-0.008679573543511091,-0.04006124016348761,-0.06360151999339542,0.06970163854342552,0.08849679130762782,0.012484597621178336,0.10197622001445207,0.008736361578381003,0.06573008437547054,0.10160617389386507,0.007439800015067494,-0.06483078541582103,0.007314870980146825,0.07594857651025265,0.02971588983462987,0.0789043177268877,0.08918631430203158,0.14578136649052464,0.09792020660433373,-0.02688270126315249,0.05608227143369737,0.004814217705629801,0.09888989743568855,0.08335251112648329,0.06230934315655991,0.014020758908461743,-0.0030192616020443003,0.029827380913504287,0.031462062815213056,0.22017901975319543,0.01785317779969302,-0.07743987328722153,0.08100003999176643,-0.01235480323324293,0.043798838943080905,-0.13902370164689812,-0.08020885381472637,-0.039159742673699524,-0.07548156112452281
HDL Cholesterol (mg/dL)_value (mg/dL),-0.16891301088244098,-0.2503378524342847,-0.08293751692931496,-0.13031624280465776,-0.21340970418837857,0.08131957132834622,-0.11332308491100056,0.03283952813070156,-0.005437931513091417,-0.024083726252521632,0.15736214066321613,-0.019343131429553392,-0.008892331999307036,0.0031982632827361798,0.12229809375026382,-0.13690621490349966,0.13440494147165696,0.0018637972883843417,0.10971739113643247,0.17866478313219783,-0.09925140911125747,-0.10612145821468896,0.11549149902730721,0.05090886702809853,-0.14096261647969888,-0.009378021444153253,0.03239592339322535,0.20045208991157473,-0.11755699014918666,-0.18394610799294084,-0.08210042657960707,-0.1264301973874501,1.0,-0.07504846108864167,0.2287616438949294,0.01635448268551619,0.06903116406166705,0.04680517568234382,0.3372479250213837,-0.024946377642806276,0.010911041118979722,-0.0709534212767043,0.017349859380130308,-0.04097449287546837,0.13233772680544661,-0.016922424748139722,0.07366485916869196,-0.012921684709473072,0.05939461785669513,0.0973013989398148,0.06708392200956843,0.04565399542317655,-0.0009895558327737057,0.049721275017576526,0.09660865691839546,0.08884688928922084,0.13100008553368575,0.04050471349171942,0.06304521074910184,0.04645245218567128,0.043342804602627544,0.027375296616737876,-0.03920988555734825,0.02723342872914584,-0.1820268136451531,-0.01677078253347853,-0.04176002645860188,0.12618298252964308,-0.05497633937119386,0.0504017582642837,0.0447282013484639,0.004850430741472776,-0.04194917838774119,-0.01617092930684716,0.018772636504876355,-0.020258934675221395,0.06880672474378612,-0.03230259970019869,-0.09708368766696754,0.12211402443973657,0.024989484365118147,0.056005294317584435,-0.06193145490395211,0.03427419078874913,-0.0918365411540672,-0.18456995811028898,-0.20733941956696064,-0.09235975605332786,0.07511123062401755,0.03529229986837608,0.013495046537438287,-0.1694209961604547,0.12408650372826373,-0.0764003880723097,0.07059342229243945,-0.023930992653304863,-0.020319529419991423,-0.05290553668670867,-0.29419016532155134,0.08749662038540072,-0.011526745901967774,-0.015288578339369878,-0.047032905182763964,0.07487462106911631,0.1028180092896539,0.05469226256542676,0.03253859636026358,0.030754048264643258
INSULIN (ng/mL)_value (ng/mL),0.14848614088771378,0.09240033235890074,0.02525043412024293,0.13828635544315465,0.07626939399763646,0.09452599808958698,0.20016368176262628,0.12877914765381512,0.0544748894382578,0.05934895084492976,-0.0013473280214516851,0.09173574309020592,0.09981661066300108,0.06853981781034953,0.08300809930277209,-0.10463883777061046,-0.12457834289363086,0.13400314807323108,0.13818276353081071,-0.1549813589483343,0.04603123093922023,0.015062789172642458,0.007965659929643263,-0.024108674951325074,0.13371974182488283,0.06664063127022021,-0.021359907050696944,-0.134990280006913,0.007152242622483317,0.05587818171239377,0.05426728460266492,0.09828153869980742,-0.07504846108864167,1.0,-0.0543371483136382,0.02163390224910493,-0.0489545536771551,-0.10279558757495169,-0.07399950295291483,0.1165290716916428,0.07075429147978844,0.06311306084332456,0.025406850151987608,0.020552043608000774,-0.04024872548542095,0.05735456961607005,-0.0708406834170602,0.05027180492432409,0.06191817121754289,-0.026135743361723314,0.04978273813742936,0.05027085145156443,0.03883248851632271,0.018164496966742813,-0.03685302782881952,0.016510327205388125,-0.0660393169955982,0.00923112133753134,-0.043527579126911166,-0.014890376726105029,-0.08046555913673947,-0.052634883980659,0.013151979758287862,-0.029472172190497654,0.1818292570253334,-0.017840168464726892,-0.04838213649412894,-0.07123628290565066,0.02280791252034017,-0.003117371838038369,-0.03825907105760817,-0.050706152963137255,0.027743091133153076,0.06431288811666133,-0.024828212193165004,-0.010240691326852347,0.004164929697394301,0.04496577128835341,0.021952082453897587,0.014469369991331856,-0.01044695232581567,-0.01312729340345627,0.023853858445009403,-0.010109513301094728,0.040786511316423905,0.03504439700481523,0.03205769732329817,0.05574305872433646,-0.011187026011233323,-0.0012525903709735059,-0.013688125305687743,0.08771673228680484,0.000707460971139348,-0.01108374402679552,0.008156782336861238,-0.0048686039569934714,-0.008312746721266346,-0.021206412527347805,0.08946190573807446,0.019259489462185458,-0.15304181183585971,0.01823160110686061,0.09369773192414957,0.05941878291239493,-0.0765419638715919,-0.02120865577689259,0.011763736791719178,-0.03883455582224385
LDL Cholesterol Calculation (mg/dL)_value (mg/dL),-0.07318278892064356,-0.20519174138503932,-0.14501886529938263,-0.0808375228171834,-0.31279361800003075,0.013181840796493066,-0.10536781016469343,0.05054211061043259,0.008401062825449914,-0.04053136841823726,0.23769437339833763,-0.09725421489307345,0.027739736618128587,-0.0912626047541819,0.1343890600099361,-0.09124039803993189,0.0258785274216863,-0.06542657862102984,0.05743880798027888,0.05732441256475837,-0.03821199925990642,-0.3221678469908344,0.00866346444826311,0.00854500630742593,-0.1512315103784576,-0.006539203867807209,-0.013757713262309405,-0.07136866160354768,0.027854625580785948,-0.2523297265831193,0.1532387315103467,-0.11507980902789783,0.2287616438949294,-0.0543371483136382,1.0,0.09495119298205418,0.009974071535856506,-0.14795642190864236,0.7472500402615271,0.05537931893731401,0.007270667488883072,-0.05573097544310376,0.04198843567604087,-0.17681093784382965,-0.05390934813696634,-0.028871059695331956,-0.09182779089419041,-0.04351191123676923,-0.04056425122700908,0.23349298562994011,0.042082975141504914,-0.027736905946197057,0.026291801714517248,0.02359438817428588,0.0432596539657184,0.03771309218965866,0.19894025181655,0.10149625803952643,0.16927137183063395,0.11450096582848798,0.08200435532216954,0.08316160090822713,-0.04105705735487016,0.026697366593246067,-0.3477949424006576,-0.11769925558466934,-0.09331787750486488,0.2134421902408223,-0.07848250984429779,0.10521352759892318,-0.0011268923550878946,-0.14522758355808985,-0.16551455935403306,-0.1705222454494435,-0.2010230228876978,-0.22910611335140846,-0.07104575042795155,-0.13132652255064794,-0.18889282606982863,0.04272632853536761,0.1524302786090102,-0.0167575290103057,-0.10064044144039447,-0.15905168166100708,-0.16499626540571352,-0.11207291207896145,-0.40293839919460395,-0.20586488724271304,-0.03213549186560895,-0.0769757249566758,-0.04295526536162634,-0.08229841956329016,-0.06204939281388502,-0.2136507096887058,-0.03203024727401388,-0.07273659093598153,-0.047419246706440356,-0.1440767162060307,-0.4414023417894715,-0.10539471540964336,-0.22626167723471277,-0.14783365606530272,0.2893455564664288,0.01223705247782521,0.048830912952906286,0.022778334184064896,0.10496284323961784,0.06322174138833894
Potassium (mEq/L)_value (mEq/L),-0.04571849101187624,-0.08099033629246316,0.025235529694392633,-0.05295176303894342,-0.013524602077730874,0.008365357045250986,-0.016773320292381284,-0.017619986105459944,0.019922203953043324,0.013323056374578913,0.049652046941497205,-0.01799755059431206,0.03988899520046824,0.022669633411510143,0.06938722443248321,-0.033719880033209124,0.011588249964957827,0.03569191265931558,0.08667852575976466,0.0900223232893192,0.012680887474098035,0.062286080764702045,0.11349073661691254,0.03347783696875717,-0.05833926228706134,0.016762847675114247,-0.03526992201726976,-0.13988444601052258,0.15563005913570183,0.042834204717175084,0.07147172736044635,0.004511149625634461,0.01635448268551619,0.02163390224910493,0.09495119298205418,1.0,0.024457484103727025,-0.04259108570479196,0.07736997244332806,0.08680496451227432,0.016396777862046984,-0.045087487633905673,0.036310873308816875,0.024842041232921018,-0.050976372701842985,0.03275013733360696,-0.00710424699810818,0.03677212797500114,0.05454266261951818,-0.033808359972229876,0.02233344458072735,0.02857748416371022,0.009785845587999855,-0.026662585956375082,0.06967443218960374,0.03859478510980875,-0.012773273598771352,-0.032205210566820124,-0.013169798181182987,-0.0037577625022644106,0.006399737754097578,-0.0577071921293533,-0.07530496675489863,-0.0022198430123629587,-0.1286110155102843,-0.02994521866726265,-0.03835531177809859,0.0341635918806672,-0.12373900679618302,0.0720043030008101,0.024038479375871478,-0.027522895538555383,0.01653830727245786,0.030701717117619688,0.020565005645591116,0.024063901660269397,-0.020770259561848785,0.01152189050385546,-0.01796667257966366,0.07591568172389318,0.033668579117323176,0.029798591364380424,-0.0011509682401968718,0.04946050282855068,0.013870967379854241,-0.04546108561977462,-0.08069422390068874,0.00406702847656475,0.014872457288179144,0.03696590075911482,0.007260342712629367,-0.06329050001065188,0.05913752684148449,0.029283782369622056,0.030283364116649093,-0.029952552935568814,-0.01973953478002962,-5.589047031778811e-06,-0.08198330930987713,0.03914104747317227,-0.17626031907024128,0.038360980934044255,0.19118902360376241,-0.017222737157137603,0.024128443293766597,-0.01833641482292716,-0.022083196888620316,-0.03134403426282309
"Protein, Total (g/dL)_value (g/dL)",-0.13112037254528033,-0.06798777029306131,-0.07330833641439503,-0.10058479782732475,0.004994532371930659,-0.10613180118044836,-0.12702011538226868,-0.08463672483667965,-0.03644003817844471,-0.09428549817107118,0.005250446581442092,0.054716104136163714,-0.017850843785018302,0.04478530372458933,-0.15704125706106162,0.13676830098007586,-0.399710132026919,-0.09850356021841979,-0.07458545444046911,0.39999788307176753,0.12524016560350357,0.06464436703990392,0.020917842151338878,-0.03973692102302504,-0.13959985517673137,0.08161053697750972,0.23355746306484104,0.042886579685225086,-0.10162642573939328,0.04507596737514864,0.6295904126834861,0.01605292291703111,0.06903116406166705,-0.0489545536771551,0.009974071535856506,0.024457484103727025,1.0,0.06633308088429482,0.0612394055014261,-0.007067926831182922,0.047723087357687106,-0.04318162358022323,0.08039044157556138,0.12668855190986786,0.03658612793669164,0.05720235917914763,0.1233584156858049,0.01880542902888641,0.004874104412852152,-0.1527598257765278,0.03451025817852572,-0.00740576750952519,0.08619682037266946,0.17623008552657354,0.09955710048818107,0.07495588915239992,-0.11137785332009209,-0.09258132697116507,-0.009182630609867098,-0.049829071922827824,-0.004654708609418088,-0.07958331879169217,-0.1659522083690705,-0.10729279494098394,-0.24968366732819874,0.13909820146076907,-0.11585505760890367,0.3444536574160651,0.054384759210291025,-0.19770298419583002,-0.09524423282271705,-0.12735114383696064,0.003464664833280527,0.020961906557945307,-0.08578817187358101,0.07405287600450763,0.027563882683515062,-0.0011196930699460743,0.0650333482011855,0.004161840441223744,-0.0217366901126074,0.058742174679881014,0.07241281571458,-0.042965458174773645,0.02855988265056859,0.07935608899148269,0.09459393993022137,-0.025152780767924033,-0.053150382250412805,0.016970671653339264,-0.012337683564814536,0.07830658126789096,0.036559305338196436,-0.04388928088987403,0.01839088338620351,0.00298375702411762,0.006565065625408538,0.013446745229372324,0.014511241853557554,-0.022500701663043177,-0.045203130445667095,0.04069584659000098,0.019047247386302295,0.019073063382590034,-0.12909952793220855,-0.0775400977607802,-0.05455401997225862,-0.0948018769328434
Sodium (mEq/L)_value (mEq/L),-0.17458639894495567,-0.07726437287477605,0.08891541139827505,-0.12579554995419162,0.004869453094294366,-0.11312712378046122,-0.17309262436022999,-0.10824180191022757,-0.02437464910983995,-0.09013048520676176,-0.03675965297203736,0.006736078128305248,-0.08163632975775577,-0.04152087307418513,-0.13838100487712335,0.10467783736957434,-0.011021940318776237,-0.08763610806090294,-0.16498314106046827,-0.039460128406131056,0.025701175574576057,0.09688513677371832,1.0261215118177002e-05,-0.01157982423034895,-0.007694396304882125,-0.03851465955302715,0.006991804583997998,0.22414114933070695,0.12560555098144163,0.06469984061890685,0.04583392458419958,-0.04853671537997486,0.04680517568234382,-0.10279558757495169,-0.14795642190864236,-0.04259108570479196,0.06633308088429482,1.0,-0.018305846865286933,-0.12782365459957923,-0.031077713847859886,0.04148616956935663,-0.026045138674476435,0.06625320594774843,0.08881569266485421,-0.05871328366807364,0.12383959775200801,-0.020189285652354907,-0.02259644149709346,-0.1061265241024432,-0.013306119602171434,-0.0013132127454282667,-0.02056045881014553,0.04004271404296271,0.050001854912841974,0.008683283624807196,-0.031722933690923036,-0.07632647624810707,-0.04967927708501083,-0.016169919602401116,0.05784798006330604,0.004290614462876678,0.004301510533548646,-0.03047416001426363,-0.08199918998761628,0.03580751916798434,0.10029509548027352,0.07193810664194977,0.0842204670967034,-0.06650937356646093,-0.01141809932485358,0.13215285065205026,0.07065631979127494,0.03055189561691175,0.07538143082648809,0.11723190390475757,0.04020821344196343,0.03127149726006103,0.0493567812191888,0.008995252811432217,-0.011987812549013632,0.034970677942955046,0.03951069425847948,0.06933039150240765,0.06435845343228157,0.013662955653459798,0.09801070618341831,0.020027328702673364,0.03270533196285118,0.03961781067067745,-0.005156905878843857,-0.009066681620878534,0.03988444902078096,0.06412120352861432,0.057219648321560984,0.019976372186736025,0.020533538756902534,0.0660967599509296,0.019846297970183658,0.02034317260634836,0.2815952361264047,0.04369930737376739,-0.17801868654195166,-0.13258109720353176,0.0016185937739154384,0.03220288104867118,-0.041461760105250434,-0.05431399544123695
Total Cholesterol (mg/dL)_value (mg/dL),-0.11919320326621181,-0.16930244230084526,-0.08849266402488151,-0.0837987613380608,-0.19988975614013146,0.02462996402956282,-0.09229014734985463,0.038523582348716126,-0.003918641075961096,-0.052403547171494896,0.18488370477227098,-0.042634826611596115,0.035799556530745374,-0.032601175100329595,0.08675574766003734,-0.07122321827499628,0.008687725884476203,-0.018231924533586092,0.011615292172666618,-0.016788885381163656,0.02045553681754173,-0.20972725890814783,-0.0014340542380365225,-0.02351845517552656,-0.10437229489127842,0.053471930530213894,-0.05964150479729013,0.05148212087570408,0.022605011845831104,-0.0938314644627055,0.15182443521876557,-0.05483405475332504,0.3372479250213837,-0.07399950295291483,0.7472500402615271,0.07736997244332806,0.0612394055014261,-0.018305846865286933,1.0,0.030230300255493153,0.06928831469518726,-0.007837370221361576,0.0585851373271082,-0.03721956418698147,0.024060132611343293,-0.03071923061601241,-0.006364321850755832,-0.025864476638484058,0.008644429797251905,0.03778644524872236,0.07613226059789102,-0.034650704620979786,0.06364241874703071,0.1485635633239848,0.06419310111383732,0.09824911906043575,0.05746180851473349,0.03939468832200876,0.09804215501999974,0.05631579684241529,0.05742464459940875,-0.012287163155671159,-0.06632141534675552,-0.060705106498350536,-0.27503967066448237,-0.02015098887166426,-0.07112973185281002,0.20422879945638156,-0.027521339343781617,-0.004501186899557508,-0.07225534631259446,-0.17245154872624488,-0.0626235691117912,-0.03799897264786609,-0.1254610327731758,-0.043588388865507824,0.00861191546270005,-0.026824310801121274,-0.08822202304176441,0.1306921790851026,0.07489866429145707,0.0772811685698698,-0.04337665841238701,-0.076226580434967,-0.09931820474046242,-0.053192821313075254,-0.24582086854307264,-0.110728860383759,0.011409167299250086,0.00958691184839089,-0.00868707432572758,-0.035589699694001685,0.08021847926531445,-0.1399049309360187,0.05602482774011781,-0.03208287842668387,-0.032720959580063304,-0.07882982532878327,-0.3196842210199733,-0.006664847254136808,-0.09544181125622009,-0.06806624777027455,0.10289205609624649,0.013477147701984547,-0.04890236186450633,-0.020393778690799926,0.06497935328676403,-0.012134071711219344
Triglycerides (mg/dL)_value (mg/dL),0.12035191807547574,0.06716075038649896,-0.010767159379520693,0.09923821592914533,0.06274026889012295,0.10515886403301054,0.14822109170781375,0.10800727930403033,0.05623074253570657,0.07217666166042924,0.05397852314996941,0.027569593556070818,0.13055177884371985,0.04534246673874656,0.1579765209725627,-0.13602399210994726,-0.09050579531149512,0.09318674244423206,0.1577174399717761,-0.03706266462603313,0.04265263661498111,0.022338706927911876,0.05269471674803156,0.0030357917238643304,0.09460723064206547,0.10940620706405026,-0.02699644097494037,-0.18888494923225155,0.02949090080277539,0.05701724870278381,0.10377857475701503,0.09783547991407499,-0.024946377642806276,0.1165290716916428,0.05537931893731401,0.08680496451227432,-0.007067926831182922,-0.12782365459957923,0.030230300255493153,1.0,0.09735855524784201,0.046226360256332776,0.06786623277855036,0.02847832405290303,-0.07772542427310393,0.09042964222388228,-0.0691682907686719,0.05172752075058312,0.08556373793578953,-0.05368838107662175,0.03268629477657089,0.007919561199958377,0.06869464426319923,0.01793325306871409,0.025590797178417387,0.05163728009887389,-0.0886184827390952,-0.02112856564464629,-0.020869572312812005,-0.029877123757481396,-0.05456498413659455,-0.06615329197411277,-0.05731950121017704,-0.03102546022449314,0.04942822307231663,-0.03175468979220145,-0.05751222590077949,-0.032121816131478416,-0.045497217000795315,0.032792549646674204,-0.0443659370506508,-0.09442168551753694,0.003145360339820098,0.029626928955810487,-0.04546588056432698,-0.019932436207781984,-0.0016500694999181688,0.002916762033748691,-0.018887286933874033,0.011105043006121227,0.0029973738493763655,-0.02655718141688533,0.00828601434083788,0.0011131567287615048,0.01774630608915726,0.002530811760736397,-0.036859627338537856,0.01868839264558292,-0.021513343287835926,-0.010115691293394676,-0.0014342909230842433,0.036564416174721205,0.033523472786181605,-0.024903353528798383,0.01312667796835217,-0.01695505685529921,-0.016857909406405795,-0.035234167313720595,0.038745238016687604,0.026012106583909414,-0.28693467750401636,0.013841381061824974,0.21467559607636788,0.07694762251034083,-0.04453337916427487,-0.05141716352792723,-0.012223396450906693,-0.03181065698620706
Urine Albumin (mg/dL)_value (mg/DL),0.04523955991933364,0.04052010603714683,0.004448356822715938,0.05077031308919183,0.06232001100339951,0.067458277804593,0.08848400748586178,0.08224468897940145,0.024455982238342302,-0.009004765297473478,0.008017836283638037,0.05578439025901473,0.058631019610718656,0.10022868139317936,0.10302411602379465,-0.10559330189030675,-0.09835097145482938,0.06477046534691262,0.06262231837843506,-0.0942902411940259,0.05871742059118478,0.043447010946849746,0.04772324931244164,0.011049243022337236,0.04068209179108205,0.0884182135005901,-0.030002473609612494,-0.010927491416670994,-0.023112722423881852,0.10490522161920514,0.0848133080822765,0.08268369888467512,0.010911041118979722,0.07075429147978844,0.007270667488883072,0.016396777862046984,0.047723087357687106,-0.031077713847859886,0.06928831469518726,0.09735855524784201,1.0,0.04591746085760903,0.07620799478156719,0.13785356855795225,0.029363397017637637,0.05311317440202672,0.03579986548414663,0.11085265142922887,0.08934105803260954,-0.20009482578321786,0.05415794553566896,0.05544158522784561,0.06326190494055942,0.12273438017052328,0.07257152974968394,0.10821497428818556,-0.1517587243454295,-0.09509263746837139,-0.13213097828544024,-0.12003210769740262,-0.09934440329358601,-0.12238278748755078,-0.14486234083581087,-0.12241831048379859,0.07712517146005654,0.01195791770629321,-0.028752099860370656,0.03934643281176103,0.045436125473595705,-0.030154839831288457,-0.02343022640383288,-0.060039960695907904,0.09130217516153047,0.05093853233997226,-0.009362187680050826,0.048382598813186024,0.0022915480768661498,0.032865770203931714,0.05216330329243881,0.04127173061810582,-0.03862328752688308,-0.009806569657237625,0.050261805639639896,0.013240818314944341,0.006518423559808562,0.012197236348022932,0.026286704701075747,0.049580473626956396,-0.013128063243454323,0.07072884541025931,0.011552943014047827,-0.030329939574917614,0.06843573217000885,0.015129649297497997,0.02596152044491186,0.023750680635698955,-0.0015811899946626454,0.010183348314928743,0.05235514826600885,0.06124098933325603,-0.07248746169042738,0.094217523593592,-0.0451057416018752,0.06479616599133046,-0.10098530791561978,-0.09712588912439123,-0.12252871821184422,-0.09391482496563495
Urine Creatinine (mg/dL)_value (mg/DL),0.09023392902619212,0.07114463666234705,0.044185741574029845,0.10483376713597875,0.06935070642286463,0.06424107111263967,0.11235267447184924,0.058424817514054754,-0.011574861994688565,-0.015581779391065833,-0.039453283938616183,0.026677942436773436,0.054641791403174926,0.023583256321243706,-0.006424627923235196,-0.05796414322322076,-0.1305524426218978,0.05728373006300686,0.011402072314679223,-0.2281534684474838,0.050110196596131786,0.061411830793307975,-0.0448790479560391,-0.03952398406560148,0.08705811486826119,0.0373109033525011,-0.04170051273566246,0.009410839640010268,0.028988070061117425,0.10614510469591557,0.0699178871825222,0.06836772660986619,-0.0709534212767043,0.06311306084332456,-0.05573097544310376,-0.045087487633905673,-0.04318162358022323,0.04148616956935663,-0.007837370221361576,0.046226360256332776,0.04591746085760903,1.0,0.06280796715628567,0.048271217169331575,0.03447644209140775,0.002077554237253496,-0.026194496762973796,0.03732208753377849,0.03134835792979968,-0.09990815809196579,0.03863499322139749,0.020113178647996163,0.01903990407047912,0.06370782218405072,0.0005894669137436621,0.04462117368674951,-0.08291842140154719,-0.03472406952591049,-0.05928761440253748,-0.10646653390740372,-0.04795863380074696,-0.056830052419623085,0.002398048359260992,-0.08092618825747887,0.18319442292850666,0.05070211668570882,0.005195672775710967,-0.0768496872353682,0.13456523247725097,-0.056018327627934406,-0.042509817527547226,0.00691680307965093,0.05331955594939839,0.05876062683570915,0.0017035142850219172,0.035183288916629044,0.038609212620757324,0.05460546277281464,0.0477910406499764,0.024263804842389422,-0.021156014205527762,0.015934114095434125,0.0388783265921513,0.0003307552210093391,0.022401308733746066,0.013966017465504427,0.06052023377907547,0.03851329998017258,-0.0202416269301248,0.002109394973474736,-0.009056591086058502,0.08334543613864182,0.013079970906418078,-0.010141334520388264,0.014302941805244895,0.013233811277229815,0.020991393531331566,0.0025826200614267963,0.08817475057705686,0.003633673871310416,0.08923832130831706,0.02211929668742451,-0.06798932136568067,-0.04666764051885613,-0.08990257159633509,0.007380145500396832,-0.04072157898025047,-0.06702179508188479
clock_visuospatial_executive_time_value,0.07108690593910026,0.019058345193726373,-0.016977816744855687,0.07419863072304499,0.006699626084550017,0.04214201420074187,0.08156288784206256,0.05028800176104534,0.024930175222374295,0.0034402237536714712,-0.012717555015185027,0.03222783668053526,0.05850393243998155,0.060391810487770724,0.0731600440538509,-0.07758060662856194,-0.11573046901338939,0.03791461807274246,0.028913252201854082,-0.08153831041087728,0.05492192015096587,0.008345781407897636,0.06857727253993595,-0.039927203441269044,-0.0004798972033677068,0.06745175144920836,-0.012212319838509803,-0.04190817427322196,-0.04565316664857208,-0.0013708932339924853,0.15482455512663293,0.06258778879812751,0.017349859380130308,0.025406850151987608,0.04198843567604087,0.036310873308816875,0.08039044157556138,-0.026045138674476435,0.0585851373271082,0.06786623277855036,0.07620799478156719,0.06280796715628567,1.0,0.08525524346580489,0.06801405177101115,0.032382829112322514,0.05503345245690614,0.04247141121921354,0.06204671334515316,-0.18473495902555698,0.017788260310218518,0.08184554862973023,0.0948250735043266,0.12257440553351079,0.07585069387467407,0.08729336446555651,-0.1271898215615573,-0.10664059723869744,-0.09222458626819335,-0.11769541110712595,-0.04364956338050168,-0.10401281195114327,-0.14002183226098233,-0.11627439977837714,0.08285010824430403,-0.004506777930190711,-0.07630621492677826,-0.031185552068432598,-0.001648356337651404,0.009163615806676722,-0.022263867038947456,0.023762257327154028,0.020484567077026613,0.008129671633969677,-0.06404826385576119,-0.03286327021459128,-0.015623394766172041,0.00792617833403157,0.041744895033573766,-0.0028367415748079394,-0.0028694688865642435,0.0024016500808868393,0.03263504246414542,-0.01772537414773641,3.053946307979409e-05,-0.044211154486378974,-0.0335638461188408,-0.017585114445905024,-0.03379753860919576,0.0028385590418976135,-0.0037529663583479077,-0.014922372750684906,0.012959795298564754,-0.02713255435433152,0.0008902399484028995,-0.011362790134652124,-0.007538155080696174,-0.020965570780469293,0.00941142371257504,0.014674980568552138,-0.025217206911717003,0.013293557630030366,-0.014365019718328511,0.036187551948020424,-0.0679229021382001,-0.043434313867936114,-0.04958090819250368,-0.08475964140227964
delayed_recall_with_no_clue_time_value,-0.08103176321767891,0.10283183485841427,0.05738034578268873,-0.08455374830691205,0.17920885318716767,-0.10932508915610148,-0.07063714111401967,-0.09602726429735133,-0.013369227483913348,-0.011805939208870393,-0.05637581637273335,0.09927352857358518,0.04479994156696221,0.10765958356727316,-0.1259530270172595,0.14171038183076076,-0.06353775028921822,-0.0101046846508422,-0.044242062116430655,-0.040811697579198614,0.0527436533932928,0.2346754268255511,0.07218867560845747,-0.039276996248904364,0.06056873264617399,0.11831132891532421,-0.10435330003688224,0.030346471240708148,-0.041970839731806715,0.2588197007629852,0.18274969267090863,0.12549678444036974,-0.04097449287546837,0.020552043608000774,-0.17681093784382965,0.024842041232921018,0.12668855190986786,0.06625320594774843,-0.03721956418698147,0.02847832405290303,0.13785356855795225,0.048271217169331575,0.08525524346580489,1.0,0.14955438383351727,0.08433091447684675,0.2735471588296604,0.0701043721319547,0.1583839241933007,-0.48947383882282813,0.056891439136880495,0.06732703663017581,0.1078494253547157,0.1610114631803036,0.18540379335952745,0.11564521719736871,-0.38445496626997705,-0.26903551668024134,-0.23705054560207559,-0.23526277217708907,-0.10523911969961268,-0.20374268139351825,-0.25047883396069864,-0.18496404937650854,0.10197137654588463,0.14972824123772452,0.039316833996364806,0.06782592274074506,0.11375915442814294,-0.05280044806256557,-0.06815409952609873,0.08214305107791475,0.17581961954497385,0.08883753868267107,0.08097979900943136,0.229112264388303,0.04792224882593785,0.10681861083524039,0.15712109201350086,0.03832701711216305,-0.04705140267927221,0.03084321406176855,0.09788099263618417,0.11096362744400064,0.09788504502991212,0.06082068912872847,0.17616690792988585,0.1057836279459433,0.005592060352819699,0.07922845075311982,0.03254274418801722,-0.005435697885263779,0.10512328909202573,0.12015235145333389,0.0589237214698635,0.11289649188195942,0.03699563502653609,0.10033363719006509,0.16747408458868593,0.08167989013031834,0.10260800016877307,0.12787283673801136,-0.09258489163148889,-0.07291568413006964,-0.14323324220003542,-0.15471474524074277,-0.17164934785472974,-0.20881195899263574
digitspan_time_value,-0.1187010189339989,-0.050681410513547555,0.008345954427227407,-0.10331624205332998,-0.03157202854314567,-0.040963389244332064,-0.1300563767240673,-0.02984994225675523,-0.0348045346829771,-0.050975501502357294,0.009198474202543569,0.06541541792766896,-0.03170651782911439,0.04313977786245903,-0.030029001529649223,-0.015037766022905678,0.06672807141111074,0.0025230339511610324,-0.0784451358657629,-0.006134276827880079,-0.014278044242676995,0.06732131671628504,0.050218395195082526,0.023901513889792034,-0.04654185529256467,0.008255724604338622,-0.006441433389185951,0.26866513374797624,-0.12073735210113218,-0.016641383886361976,-0.005207562817591705,-0.011437394450611635,0.13233772680544661,-0.04024872548542095,-0.05390934813696634,-0.050976372701842985,0.03658612793669164,0.08881569266485421,0.024060132611343293,-0.07772542427310393,0.029363397017637637,0.03447644209140775,0.06801405177101115,0.14955438383351727,1.0,0.019483537998160775,0.2538158290033065,0.04346598262567423,0.061832270964172556,-0.1278782011484609,0.08129040506042169,0.10244052846758693,0.052715573393541715,0.10654940864054654,0.16009316430511025,0.08490553074999548,-0.04157408872959067,-0.10915411562025826,-0.08143704808362158,-0.07671901561078424,0.010607298397114946,-0.012682877124971506,-0.0923856768127561,-0.04008149396503826,0.008193777860100919,0.13598272610304799,0.07493673856059081,0.025731088468426404,0.11341609991365058,-0.007313240203600691,0.04662928481559575,0.18799970087442544,0.043167246063200757,-0.01425759033955421,0.06697590507557535,0.04060856090585794,0.028942560048096217,-0.023184346954066237,0.0153478845779113,0.029074841831039935,-0.012724383162338836,0.011062968307266713,0.03590796419548679,0.06729053423840552,-0.008581448058036395,-0.040386845747518975,-0.0012025331677495209,-0.02428777841301048,0.05424195904544054,-0.01215658184746667,-0.013371879730407423,-0.1355852680304481,0.018985058592504635,0.020716861441904176,0.01756977596886408,0.032153129251414767,0.022309064504767558,0.053039861007193295,-0.053784714416160395,0.03523240612644182,0.3053405147864263,-0.025715810510094333,-0.2800957133797184,-0.022051404208333895,0.03386934155887304,-0.005482599579721245,-0.03731104891261501,-0.07547088845301896
memory_trial1_time_value,0.09050122763872072,0.04345364748550154,0.009394923004228275,0.052736034643514874,0.05003254003412921,0.0634935443213052,0.0879636745686585,0.06058828710486319,0.018419031050761297,0.03616716656649122,-0.012206541580771743,0.03283699148884422,0.05073738352733064,0.059940307540153254,0.07473948387823744,-0.06045955408867291,-0.08236112678167269,0.06159924037443762,0.08081130817541889,-0.02600189575961335,0.054506992973002905,0.07051938824980489,0.04106653738451036,-0.00592286247606436,0.0472867108557074,0.04122691642544975,0.0008045425894001946,-0.030024398416491262,-0.028393090225430323,0.06177243221353407,0.12384628706594364,0.07271076041582272,-0.016922424748139722,0.05735456961607005,-0.028871059695331956,0.03275013733360696,0.05720235917914763,-0.05871328366807364,-0.03071923061601241,0.09042964222388228,0.05311317440202672,0.002077554237253496,0.032382829112322514,0.08433091447684675,0.019483537998160775,1.0,0.023936551084476062,0.05220640688791683,0.061708441922836386,-0.11442906139066301,0.054182555443207686,0.038423596309763025,0.06428651733608032,0.049552825697843916,0.04013722792405889,0.06066895513840841,-0.09568615694758001,-0.07325182723906005,-0.04921918770148613,-0.08915136596357487,-0.04926283372495218,-0.02696470700241117,-0.07624680888604765,-0.06677358565137674,0.05724219044477943,0.02711946263111018,-0.008093371521905245,0.0021202457372611703,0.049530848458347536,0.005715128589895939,-0.019706110524919728,0.02257110799828729,0.000778802472739346,0.016202636573790414,-0.01603180923745345,-0.010215225754466062,0.026659201081097546,0.01385815089953661,-0.004129013236801201,-0.006898972757189235,-0.023472323384698828,0.02036989366245526,0.02072866158853262,0.006643776894643216,0.009061804062198071,-0.024294660770924476,0.034728631051845545,0.022720094921100997,-0.006162693589558763,-0.020193934983371232,0.0058677049406277255,-0.003825303667775761,0.02008197023699544,0.0003312877410412642,0.0050694903426513225,-0.012904701117727273,0.004275212915276539,0.003969162150619225,0.0566321463568928,0.018197972535760488,-0.04206133662753157,-0.00257741679513039,0.05346784045229319,-0.02027634660728948,-0.05995121718750877,-0.017774872631753265,-0.038744494719689014,-0.06276723146923653
memory_trial2_time_value,-0.21354666886708656,-0.039247949191409406,-0.003706553500100509,-0.2128134206873613,0.016604746130065254,-0.1499742989720036,-0.22660886328726088,-0.14729549621558274,-0.07570046138100665,-0.028977228963357027,-0.00899916127969411,0.03243327923064796,-0.0523565110503003,0.05472806974972621,-0.16252528830427976,0.16237444964103007,0.11336170818096229,-0.0641645542932868,-0.128734859002554,0.1300919198413147,-0.032305266274163656,0.1384851900952994,0.10634368710169985,0.02298233923364058,-0.07077928039936351,0.039261718432825936,-0.07831621997133041,0.20235686537742087,-0.07655232382730047,0.10322310194575797,0.06732151624253499,0.010988780118922403,0.07366485916869196,-0.0708406834170602,-0.09182779089419041,-0.00710424699810818,0.1233584156858049,0.12383959775200801,-0.006364321850755832,-0.0691682907686719,0.03579986548414663,-0.026194496762973796,0.05503345245690614,0.2735471588296604,0.2538158290033065,0.023936551084476062,1.0,0.05884162383958962,0.09143643960625707,-0.29636620103214273,0.05262527523286414,0.0937338293211118,0.050807553726787295,0.09738226780713707,0.22997983945088005,0.11515108597210498,-0.18209676798334198,-0.21142925851520242,-0.19236083424433484,-0.13758809710488204,-0.007372204278133505,-0.10310492865508876,-0.21071043051502877,-0.09070558919395431,-0.07663909092299824,0.1377064973543881,0.12024548355728248,0.10600476802641827,0.07856424671363627,-0.03358801064885466,0.04343144595524587,0.20661860967699613,0.10151668911722866,0.009152561809455687,0.1328168642812105,0.15217558426159303,-0.0034631058139148792,0.030400933480201835,0.05340275442932724,0.01677592671000548,-0.022501341989653832,0.013428695744996642,0.04892505749154548,0.12029217044004273,0.03875216036622642,0.0035746738027286036,0.06190055562749409,0.007996255041024768,0.062454241645418705,0.07927969726900588,0.0011892559124899854,-0.1573936323163325,0.04231840895341665,0.09143806388452778,0.05810787070540238,0.05315065660787293,0.04586628993369094,0.08984732049680949,0.0060831039268072155,0.061999900389646416,0.23527230478406203,0.043505517806171644,-0.1934347682577228,-0.06561273866722439,3.8486692089396816e-05,-0.09722598588728183,-0.11131176640032246,-0.14887576924569276
moca_abstraction_time_value,0.03923612835496139,0.031744731265620205,0.04098942263649242,0.02512097568679093,0.07005150878632917,0.06747047398230069,0.036192025600596645,0.02206839713780853,0.043083680836973226,0.0205846356694117,0.0045440385002303635,0.05974708788184961,0.042139767562273,0.023414266466987625,0.08475994441134412,-0.07452293084830718,-0.02534444271757694,0.043314851340355245,0.07618810659142292,-0.00629946231741131,0.055025963057310445,0.12522193479349802,0.036808886018800425,0.04763432856499332,0.04541739889818409,0.05444478478560797,-0.016484748741533294,0.015710547912542016,-0.009357944198426196,0.10921880088350329,0.07907693087664741,0.057930181235794145,-0.012921684709473072,0.05027180492432409,-0.04351191123676923,0.03677212797500114,0.01880542902888641,-0.020189285652354907,-0.025864476638484058,0.05172752075058312,0.11085265142922887,0.03732208753377849,0.04247141121921354,0.0701043721319547,0.04346598262567423,0.05220640688791683,0.05884162383958962,1.0,0.06169846781761024,-0.08149935952878669,0.06265547645203745,0.029742531174506086,0.048121383037884664,0.03988896863419655,0.07640276222396192,0.06989803698941797,-0.05733752512107058,-0.07796125371082792,-0.04103743539910223,-0.05450689800127871,-0.010490679764180857,-0.019582884385993,-0.014401912119737032,-0.04664025021912594,0.05649865505051726,0.07098722328969148,0.039450487557197794,0.014115417207403677,0.12351551905669393,0.02496575304250987,-0.008442706013173921,0.03866422620766918,0.05998130682556891,0.038743516858453404,0.002875869924551821,0.02779648273185169,0.03403254008320165,0.01086060128782888,0.017221617068261686,0.014919415128885933,0.01672194942458566,0.02379578149852353,0.04034088230132362,0.032342106983917616,0.018517714355930897,0.015398350199981512,0.026887078344738774,0.007269154383531914,0.026945943016619515,-0.0002494346336047988,-0.004969819092481733,-0.03814016792097567,-0.006145426081865009,0.012896214774392812,0.05932837260991811,-0.002512891575650689,0.021301745618199624,0.011535426395178825,0.03213251096905762,0.0187405898509874,0.05388283084404098,-0.01234717361842534,0.04727189637464281,-0.0831904534409302,0.009912427019430995,-0.02637096778838481,0.004768798387488374,-0.046438741917997545
moca_orientation_time_value,-0.031058786678776477,0.0498256336351876,-0.00012759279018358658,-0.01745384779288024,0.090335338682715,0.05132638714635153,0.03164655802289911,0.05836963384344224,0.036053999324732015,0.01529317913943093,0.05060707947809765,0.053299208260194755,0.08325019229752294,0.09560630563069046,0.08182186212349718,-0.07832604139638027,0.0051867837145880644,0.0833846894971256,0.10805224226416323,0.004176885388127608,0.05695145882585689,0.0785727856412095,0.08206298545468715,0.05829741209282576,0.05409816831733805,0.08557885970910929,-0.06940226160841897,0.025990420122878125,-0.029814273800380372,0.09239812036507303,0.007652078344411794,0.09857877342641408,0.05939461785669513,0.06191817121754289,-0.04056425122700908,0.05454266261951818,0.004874104412852152,-0.02259644149709346,0.008644429797251905,0.08556373793578953,0.08934105803260954,0.03134835792979968,0.06204671334515316,0.1583839241933007,0.061832270964172556,0.061708441922836386,0.09143643960625707,0.06169846781761024,1.0,-0.137612941083577,0.1058444408018967,0.062494884438935486,0.05093496839614417,0.07945465081103002,0.09767863734682357,0.07355587980380668,-0.10236029872238182,-0.07961132618608008,-0.06049951927436502,-0.056228591050339734,-0.05930209594328118,-0.11849083782969236,-0.09725363275619012,-0.020332592858684377,0.026567938033978073,0.06022021113008923,-0.011021772892025383,0.06529519707494154,0.002266712743643396,0.0068338861857898505,-0.021101339658224062,-0.013169535594215909,0.07478097952377279,0.0720136688823458,0.06965202197358882,0.07895450673631124,0.031752062689238206,0.05079126821152685,0.02292710252279007,0.047728265180751295,-0.019972409763558904,0.015758416576638682,0.027521700323047838,0.08162827494992636,0.014701954257482344,-0.017136385694860867,0.01947884994497485,0.07345585957323394,0.0187808465075707,0.06856022976710786,0.04865896200925018,-0.022515082148905356,0.07757123262247519,0.03750938738932394,0.03984649799179803,0.007169013942849827,0.02066829281727969,0.0349577079894726,0.03512139817585104,0.056414066245365484,-0.024711066953686123,0.023989224887088184,-0.008298347585480145,0.021303941235866708,-0.0075946138500368274,-0.06042932204763312,-0.045063227292449055,-0.06718205499848187
moca_total_score_value,-0.04014993906409432,-0.15145639101628583,-0.082981262200858,-0.04211662295917422,-0.27001974166125464,0.07574893076282975,-0.07099891916569341,0.04732689747291276,0.07254730987681642,0.02650030806395258,0.14402167162617593,-0.09419184284838746,-0.0714645056440398,-0.14387634397101054,0.10851781946786149,-0.11287355467359143,0.20799252063634985,0.038217785475890005,0.1326995858364294,0.1757144859869629,-0.1480436027944485,-0.2733741639708685,-0.07687995930364845,0.12557144243718676,-0.027028942716293743,-0.19327030745104373,0.13558818198720188,0.017948231475897223,0.0013246464118342313,-0.34371283189235236,-0.3056323779852227,-0.2069041091364802,0.0973013989398148,-0.026135743361723314,0.23349298562994011,-0.033808359972229876,-0.1527598257765278,-0.1061265241024432,0.03778644524872236,-0.05368838107662175,-0.20009482578321786,-0.09990815809196579,-0.18473495902555698,-0.48947383882282813,-0.1278782011484609,-0.11442906139066301,-0.29636620103214273,-0.08149935952878669,-0.137612941083577,1.0,-0.04920743189655151,-0.10164364632362836,-0.19337044058365482,-0.25023600026758164,-0.22856340582724077,-0.15862358808462174,0.5482581885733077,0.4244212373292739,0.40444578807507126,0.4179475797276331,0.13654391895263804,0.3463011582167718,0.39588383953753226,0.3834781647287803,-0.2642589646818532,-0.1456121150915967,0.02241699886802756,0.010076619505001662,-0.20729601806247772,0.0972938168217564,0.12812518264412498,-0.05031577594535101,-0.2416930790890061,-0.10996245196037856,-0.045410643465713024,-0.2572120545259574,-0.027477382480772913,-0.1417911237383725,-0.28680689067184834,-0.021396798093540687,0.07297763704924809,-0.025291789048485943,-0.1741090183116347,-0.07852057943673664,-0.17114096702784418,-0.07145211468296088,-0.22467754573083826,-0.14628915121240013,0.02863689423973566,-0.11940451934248435,-0.039563788746082115,-0.018596551554586803,-0.13948871902015111,-0.14134186980308935,-0.0746059431551777,-0.0938768799010809,-0.030812558841573724,-0.10714948823172951,-0.3310178240270153,-0.08280645980439444,-0.10150709292843459,-0.20745776723886192,0.09704261390950034,0.10863389229669258,0.2863321271955636,0.22574611950185416,0.24094751131878786,0.3720533523174492
naming_time_value,-0.08352681954991151,0.03536782039294914,-0.02161544467285567,-0.04914746210983164,0.005140451428039809,-0.013783904968009263,-0.050038318752118796,0.03450289325405507,0.02425395500716874,0.005380755619148011,0.07077242980605405,0.0626896683994365,0.04923354689458552,0.030804086626513124,0.03084392085631147,-0.047405014589794355,-0.05123219555026125,0.07718364336193655,0.04925138274412322,-0.08005792464927139,0.017921148213180534,0.046069095108945274,0.057813580759199935,0.031873079357431465,0.042977289916907066,0.07546382983092598,-0.027728590544957868,0.0314953685995176,-0.055428810981801344,0.04074924085659778,0.07694467294893251,0.022664295458366256,0.06708392200956843,0.04978273813742936,0.042082975141504914,0.02233344458072735,0.03451025817852572,-0.013306119602171434,0.07613226059789102,0.03268629477657089,0.05415794553566896,0.03863499322139749,0.017788260310218518,0.056891439136880495,0.08129040506042169,0.054182555443207686,0.05262527523286414,0.06265547645203745,0.1058444408018967,-0.04920743189655151,1.0,0.019064202228624746,0.02889101587798841,0.07807391945721665,0.08224683691460902,0.0873839873886964,-0.04002101901609522,-0.05860117175302096,-0.04102526381020323,-0.041400829481562366,-0.0212266131643716,-0.012267309076975555,-0.02594708258099606,-0.02948122358631338,-0.054155521136149465,0.05703189705897144,0.006775567647588626,0.1207557091936136,0.012245977098093441,-0.02524210026996069,-0.058724401973806926,0.0007723892340210841,0.020413202058253095,-0.007437929004194506,0.011279125447333609,0.010575436806309391,0.023848739339603815,-0.0028965384082764987,-0.008053175934912928,0.025422805527864873,-0.017797669356132282,-0.03514301937697149,0.005619518916454636,-0.01186597053085847,-0.038064798717980436,-0.020479080141101336,0.0068400831498142325,-0.005649479893932773,-0.023244886893800176,0.007988614364548155,-0.0016989226019381051,-0.04074431543774973,-0.002217883006810686,-0.01933579924187253,0.0031908161023877,0.01966461274276818,-0.009045168449005762,0.01910999129017218,-0.04317180046249688,0.020509398184443257,0.022795882974477003,-0.015517405604387184,-0.045023270125569816,0.016714368221765995,-0.012447537723640396,-0.012686598664744373,-0.03715062739464592,-0.011763209807353547
repetition_time_value,0.05927802680885259,-0.0499857608068763,-0.030678296236142218,0.037881102201502585,-0.034332416987342844,0.05767661092324817,0.04969344456598471,0.03311066970955703,-0.016128044703753328,0.011901523249393605,-0.004714045501228391,0.009344957552553402,-0.011107535888996751,0.035762797579536966,0.06621647195695118,-0.08712118261305857,-0.062490618189487666,0.02658227766282595,0.04579241843728572,-0.04157821997046854,-0.0018729792345923994,0.005470231393723661,0.09069612141308361,-0.060398638742315464,-0.02548366290688748,0.03148675401066455,-0.020423487091050418,-0.019859772701305185,-0.006168391089108373,-0.02785038868407973,0.030512567010954627,-0.027568760937817616,0.04565399542317655,0.05027085145156443,-0.027736905946197057,0.02857748416371022,-0.00740576750952519,-0.0013132127454282667,-0.034650704620979786,0.007919561199958377,0.05544158522784561,0.020113178647996163,0.08184554862973023,0.06732703663017581,0.10244052846758693,0.038423596309763025,0.0937338293211118,0.029742531174506086,0.062494884438935486,-0.10164364632362836,0.019064202228624746,1.0,0.04598547753259862,0.056066119761336915,0.07869545849483021,0.0690360080741111,-0.07000237160605118,-0.07532011540430499,-0.08947357134555814,-0.10529315855323829,-0.000681995083516162,-0.05583332113417914,-0.12042966346192598,-0.06403511173042051,0.04832441336955633,-0.06418551507248489,-0.05567724695921067,-0.03930605460253235,0.00926970834283179,0.0763455893884227,0.056007451468272254,0.04755399918846516,0.016495093214589526,-0.018207732852469946,-0.025163089868934785,-0.0313649836680446,0.005256323079524296,-0.006106006233646421,-0.004299056382076101,0.022241486288472796,-0.019862786401497443,-0.02904545850951381,0.01375490808582963,-0.012687629191210184,-0.01461066996056853,-0.09007973250267057,-0.05951088103550486,-0.021128892178237567,0.0011812549316796846,-0.009830908088422272,0.03208192083310345,-0.05063106801757184,0.005468651099306127,-0.006680564381196247,0.0028206598179528154,-0.0016033355569260394,-0.036051702013847914,-0.021636033787612044,-0.033576884528149636,0.03367248186171402,-0.03686555211035716,-0.006468774986775681,-3.4382457833341094e-05,0.036350092861366055,-0.020380678922867934,-0.05592674604357589,-0.020885734487917834,-0.06230153850940445
subtraction_time_value,0.12477419447620233,0.06148641860856139,0.008526583399851418,0.12168474356578234,0.06104499189351016,0.06291332868730398,0.1085078031205136,0.06152822813092352,-0.007614552604713402,-0.02103758707408871,-0.0332930758428259,0.039298512174767306,0.06865529652030816,0.026764770600002378,0.0417864072388294,-0.042033145456951845,-0.10360609311102419,-0.0009322692192086814,-0.005426732439503513,-0.06188761298054532,0.10063319375635185,0.08587860127251926,0.009901382946828245,-0.04302438365691228,0.02897734013956847,0.059182103217273296,0.015121234099824304,0.02522774803796427,-0.0641659885030186,0.09888678877579214,0.19357313463500966,0.0690916492924612,-0.0009895558327737057,0.03883248851632271,0.026291801714517248,0.009785845587999855,0.08619682037266946,-0.02056045881014553,0.06364241874703071,0.06869464426319923,0.06326190494055942,0.01903990407047912,0.0948250735043266,0.1078494253547157,0.052715573393541715,0.06428651733608032,0.050807553726787295,0.048121383037884664,0.05093496839614417,-0.19337044058365482,0.02889101587798841,0.04598547753259862,1.0,0.09134952980167146,0.06954815440757978,0.048962271555412606,-0.13264652806879407,-0.10864630587082573,-0.0794083200624294,-0.1153688769991807,-0.04678317259802328,-0.07234736345370617,-0.13219411468658024,-0.14534032003890374,0.1531991620808637,0.01545294657275963,-0.02098735513289044,-0.0747285718686852,0.12076566794910776,-0.021394707459330125,-0.04699448776548421,0.0024065775709871265,0.0226198321061234,-0.01473287974577496,-0.054707197509516,0.018177356511121793,0.018015648819306857,0.037840909600883064,0.05649874680890646,0.021341543602020695,0.0027462138083237976,0.0523546961089777,0.03986162469757308,-0.0211423987224006,0.005893566412767916,0.02192655672697982,0.022784139590069873,-0.011070836076075546,-0.01606594189445026,0.010326691922472616,-0.0030927510049837182,0.03403128761859187,0.008718394085490366,0.01507470428247201,-0.0031145579333364277,0.035243616721122584,0.004666063546472163,0.015756944944967204,0.06577228057029172,-0.0002596635283304922,0.032525441103838426,0.019517619869828473,0.06695564764940454,-0.10954655697155703,-0.11816409910997151,-0.06940129912505222,-0.04213337601586591,-0.10717835261154017
cube_visuospatial_executive_time_value,0.06021729118252491,0.0631225004634945,0.03537121126030196,0.08640204328731005,0.09819727975265573,0.06977934221680616,0.0714473031599567,0.05134696361000603,-0.02157929402484208,-0.014244584878396485,-0.019882938502837073,0.0780032234352778,0.07416802424055098,0.05342802105795575,0.021216752345461012,-0.06373222219316106,-0.2186096570370937,0.0022416400421978407,-0.04328151266182028,-0.12524641740193895,0.11962527080724981,0.0228958421528525,-0.03111301426855932,-0.05886562250637955,0.004952434381407398,0.09121873285050597,-0.007637199570582538,0.09711045068844404,-0.0920244336962318,0.08974845366001875,0.24649122221708608,0.05415774634821928,0.049721275017576526,0.018164496966742813,0.02359438817428588,-0.026662585956375082,0.17623008552657354,0.04004271404296271,0.1485635633239848,0.01793325306871409,0.12273438017052328,0.06370782218405072,0.12257440553351079,0.1610114631803036,0.10654940864054654,0.049552825697843916,0.09738226780713707,0.03988896863419655,0.07945465081103002,-0.25023600026758164,0.07807391945721665,0.056066119761336915,0.09134952980167146,1.0,0.07544153747977711,0.10620072720101183,-0.17885153283898692,-0.16979079787440252,-0.1530811504308075,-0.14882060347585732,-0.07092500393668132,-0.09845715084738381,-0.12123655027872293,-0.15889350062966245,0.04557371200621065,0.08117678167483384,-0.03616045560516432,0.07964613476734295,0.09995244484755675,-0.1291946895839711,-0.11806930048116122,-0.03957517956036489,0.05081995861909812,0.03949113038979065,-0.02958811479380402,0.09201603887272876,0.02975617368353687,0.02907972880624605,0.07592357369789333,0.03576915811668609,-0.04182769385608051,0.025671645264390582,0.07004131608006778,-0.03032287157723269,0.038495008584787334,0.021361317892414165,0.05425974456256651,0.033926224117182824,-0.023741895058703655,0.019327064567105715,0.008460389561388596,0.048913349950973406,0.03352532503246731,-0.007257885460398975,0.03635069421849134,0.022444358017478377,0.02034358333680074,0.014424353829629791,0.08518850735918872,0.012500669142585578,0.12476863255990384,0.020626045625831223,-0.15127835993732652,-0.004754039949077414,-0.14032606605345638,-0.05755828378732647,-0.05724837044313662,-0.12031428838364559
lettera_time_value,-0.21382960482284444,-0.09114957373184797,-0.01827723518829912,-0.1489263266527245,-0.0478870419943643,-0.1262504588884847,-0.20751022449128595,-0.10530446536284413,-0.0236197322061586,-0.03685230530676835,0.043051042299254313,0.020565651815323552,-0.0004470991490500767,0.03409601329729723,-0.03388373651981195,0.05816907220383831,0.04032591542361758,-0.05186033808395925,-0.048244177252343944,0.06361738268397316,-0.04937932425767444,0.17484811242968518,0.16186790188526076,0.007507557647239749,-0.0805280823482858,0.05374338112662482,-0.059938561793616715,0.024532428062298252,0.026178636381566124,0.10184832569994974,0.13225026235357001,-0.010667355314023663,0.09660865691839546,-0.03685302782881952,0.0432596539657184,0.06967443218960374,0.09955710048818107,0.050001854912841974,0.06419310111383732,0.025590797178417387,0.07257152974968394,0.0005894669137436621,0.07585069387467407,0.18540379335952745,0.16009316430511025,0.04013722792405889,0.22997983945088005,0.07640276222396192,0.09767863734682357,-0.22856340582724077,0.08224683691460902,0.07869545849483021,0.06954815440757978,0.07544153747977711,1.0,0.11001446398396714,-0.1520776511532854,-0.18987587565569172,-0.14535687776702289,-0.10910161525208897,0.017151342658749933,-0.08767883251918004,-0.17174209680917854,-0.08434193603267609,-0.06925608952756647,0.0625650886652303,0.06455333740874972,0.11660953949458844,0.08202374210627215,0.0783151143619424,-0.04467860242268969,0.11468458768620525,0.05281971436111821,-0.008076507391272358,0.06634416562647584,0.08287377603958623,0.011633235400737076,0.003228599446048474,0.01675704045483998,0.02729810293631049,0.02626323029466743,-0.02452202771123808,0.02066157184523534,0.11451986208664425,0.006857835816557779,-0.04217492141569378,-0.0375843235858998,-0.001174266111754369,0.03404267588985353,0.04088521668949438,0.015890693677046406,-0.16974502307534953,0.030497084737713526,0.04613463194975803,0.056873126474118005,0.05489756996044916,0.0189270354392969,0.0398474134795111,-0.08005657056603657,0.03906831157128763,0.07755270325093859,0.02306890776597294,0.029153266709229606,-0.1030299327394101,0.01756300797720377,-0.066157137442773,-0.09207972853283763,-0.14678734957917536
trails_visuospatial_executive_time_value,-0.02307523767760399,-0.02534389086006552,-0.004726747462977824,-0.00608029816540986,0.0064046269174247,0.033074770014609255,0.00791671288599103,0.041410352107615615,0.0028538510447363627,-0.01617348330018589,0.010725500012607064,0.04953188433450126,0.02818424923124179,0.10662489879761498,0.035267118054016125,-0.05206848177102054,-0.08861575068337833,0.040697077642653116,0.0376261475911599,-0.06058895540409735,0.05012982124638571,0.045228907096959405,0.057298967699011445,-0.0032481047707079353,0.0035540900006095382,0.08066159064633516,-0.062242345751031,0.024152615730008965,-0.015626951319838545,0.03886432262647812,0.11163875603024143,0.04337729764099205,0.08884688928922084,0.016510327205388125,0.03771309218965866,0.03859478510980875,0.07495588915239992,0.008683283624807196,0.09824911906043575,0.05163728009887389,0.10821497428818556,0.04462117368674951,0.08729336446555651,0.11564521719736871,0.08490553074999548,0.06066895513840841,0.11515108597210498,0.06989803698941797,0.07355587980380668,-0.15862358808462174,0.0873839873886964,0.0690360080741111,0.048962271555412606,0.10620072720101183,0.11001446398396714,1.0,-0.11617904666641243,-0.09578844442735665,-0.09790726249208521,-0.09281040271763641,-0.05579041618153941,-0.09427496581587823,-0.11649026687341325,-0.09845288281604896,0.03129651593866989,0.06020516380367027,-0.0021622943470927087,0.07491020337034035,0.08802737514698025,-0.0015444850389179812,-0.0034535396886755795,0.020919363316896138,0.027920766213704543,0.02618084538504397,0.012965801485217981,0.036075489980256045,0.042944839699696064,0.021243517638761675,0.028673315908824857,0.03928770631671854,-0.02707918487971921,0.0008377566971422633,0.019517029257033712,0.03597079200330544,0.009492013403664047,-0.05030776688844467,-0.008042823523921841,0.007841230800303587,0.006801751647030093,0.023738114573892265,0.013970517763399304,-0.04497079078439689,0.07835632495700472,0.013688169417482163,0.035395537790491274,0.000330086932047093,0.013598571843991098,0.015290845712651525,0.008378235664237815,0.04960836741693283,0.017294101226755728,0.03465579732140633,-0.04220820390212311,0.016459265425660553,-0.05682113091962486,-0.05120583243481288,-0.04210207496198032,-0.09175465587382192
moca_combined_mis_score_value,-0.027372534279870003,-0.16727150428902746,-0.05218432752567677,-0.016393023293584618,-0.2455034799244242,0.0716570386279222,-0.050368293200811876,0.039685236251092076,0.023536546566272343,0.020137034122163493,0.09424342617507094,-0.10381939235697536,-0.05769970042502367,-0.1199584324860023,0.08490819434887098,-0.11832740042691185,0.1631510268306758,0.019084923917139417,0.07252282676549357,0.12998879488627485,-0.1128040146031393,-0.2041029808772559,-0.025027305107989877,0.08942617848361072,-0.08222048802910475,-0.15740661029080721,0.10304945341624631,0.06376333404568478,0.015616314787382577,-0.3087951156792031,-0.23197264357012115,-0.19209153993961306,0.13100008553368575,-0.0660393169955982,0.19894025181655,-0.012773273598771352,-0.11137785332009209,-0.031722933690923036,0.05746180851473349,-0.0886184827390952,-0.1517587243454295,-0.08291842140154719,-0.1271898215615573,-0.38445496626997705,-0.04157408872959067,-0.09568615694758001,-0.18209676798334198,-0.05733752512107058,-0.10236029872238182,0.5482581885733077,-0.04002101901609522,-0.07000237160605118,-0.13264652806879407,-0.17885153283898692,-0.1520776511532854,-0.11617904666641243,1.0,0.2895425700222225,0.35773821755700685,0.32208910261893436,0.12595629051254698,0.29147812367285003,0.28791949155110136,0.24675685092511776,-0.21728384563735784,-0.09759801341738145,0.024519057858598634,0.029688674285742372,-0.11049214081569873,0.0755324177637637,0.09847141568738661,0.006238820511398058,-0.16429828234909918,-0.08884061248951859,-0.02231137404871013,-0.21852360836267362,0.00048630102136875043,-0.1313746969113765,-0.20271004339130855,-0.004463139525037994,0.06661117805051259,-0.0024432076384315465,-0.11247197411012991,-0.06517544214071123,-0.12368869637532605,-0.10814780167494668,-0.21378757188652653,-0.13365741951055402,0.04313136956096904,-0.08093497952334602,-0.052394963064820846,-0.050027194161404165,-0.09513551128391713,-0.11853877952074501,-0.03251536598426712,-0.05496871462904487,-0.006495872581007108,-0.0723154794520041,-0.28870750629632874,-0.05132263482189368,-0.014896742114351486,-0.17527396431748446,0.03127196956886648,0.08488168998354773,0.2345124200457111,0.17761573351357973,0.20021373913122095,0.2651011246162147
memory_trial1_value,0.005770839104868435,-0.07144014681237448,-0.025255428027347645,0.009724065175871356,-0.09194647311317511,0.038305620626275995,0.033236131229841606,0.021157507291285956,0.057984464032012774,0.025717606654869735,0.04025631883777231,-0.04899462500372843,-0.050345897976768875,-0.047072051869972306,0.03538063945209477,-0.024891042224873046,0.11422382203442821,0.06744680815249715,0.08258436742488828,0.08179336164411809,-0.05914458004622881,-0.14876384145637372,-0.04601481283485784,0.025712527292797615,0.013332546384423584,-0.10144852859580893,0.031331508525665464,-0.031817190091811935,0.01620311688318443,-0.15963145785926336,-0.22445528400697418,-0.09479842976572361,0.04050471349171942,0.00923112133753134,0.10149625803952643,-0.032205210566820124,-0.09258132697116507,-0.07632647624810707,0.03939468832200876,-0.02112856564464629,-0.09509263746837139,-0.03472406952591049,-0.10664059723869744,-0.26903551668024134,-0.10915411562025826,-0.07325182723906005,-0.21142925851520242,-0.07796125371082792,-0.07961132618608008,0.4244212373292739,-0.05860117175302096,-0.07532011540430499,-0.10864630587082573,-0.16979079787440252,-0.18987587565569172,-0.09578844442735665,0.2895425700222225,1.0,0.24457858689534082,0.27334025044727533,0.053118828715271196,0.1436080381192872,0.24464791027156663,0.20826268530880154,-0.07862077013271948,-0.08871772721896186,-0.042187660359552265,-0.039922269417714096,-0.15542157854395827,0.05892554140940473,0.12121725096251154,-0.053009174835865855,-0.11783600403101235,-0.006963135772058358,-0.04090102769265613,-0.09568114056756082,-0.010697085566153449,-0.05875567863961897,-0.12132148822924219,0.03029679372684104,0.02955990774056356,0.0049903354721126765,-0.09027556836426026,-0.05399359361495481,-0.0748311823194015,-8.734533186942412e-05,-0.07345140218295303,-0.03774392343044072,0.022939385918680413,-0.019166909036276197,-0.02583209400096448,0.03706697895446217,-0.00978676929377021,-0.06761311270760907,-0.020842681115315988,-0.0626495280078566,-0.02156056068762176,-0.04844501885066669,-0.12210010771794498,-0.00546169950829074,-0.12057446913714147,-0.046251724972703114,0.05862922527009097,0.09826177204415679,0.13705957761917337,0.11618287581419895,0.14841344798045014,0.2243044369572781
memory_trial2_value,-0.005179750592790037,-0.11603487689817903,-0.025757035271749756,-0.005403376548157769,-0.12767550840535435,0.0392762321455845,0.0009714996575841117,0.008330627116448495,0.017545305998965855,0.029693589623005945,0.040022851048043664,-0.0674227501429953,-0.02204927010481243,-0.12961517949584705,0.030987835092954292,-0.012297315822532197,0.09180865332328626,0.023738209661214503,0.06912662102740655,0.13867192953145674,-0.04262212787141344,-0.13339434455250676,-0.03989115824942961,0.045750250434164724,0.005522644445346267,-0.10765912805549357,0.09519057323604947,-0.004547044301593058,0.014950720033353494,-0.13523387322586913,-0.097145458965833,-0.11245223172237889,0.06304521074910184,-0.043527579126911166,0.16927137183063395,-0.013169798181182987,-0.009182630609867098,-0.04967927708501083,0.09804215501999974,-0.020869572312812005,-0.13213097828544024,-0.05928761440253748,-0.09222458626819335,-0.23705054560207559,-0.08143704808362158,-0.04921918770148613,-0.19236083424433484,-0.04103743539910223,-0.06049951927436502,0.40444578807507126,-0.04102526381020323,-0.08947357134555814,-0.0794083200624294,-0.1530811504308075,-0.14535687776702289,-0.09790726249208521,0.35773821755700685,0.24457858689534082,1.0,0.3292158429395318,0.13853999700543393,0.22886635884618178,0.2357525973683806,0.19905270106540235,-0.12378023048215914,-0.046745964756736286,-0.03334301136418421,-0.02128593164935731,-0.0880099496131583,0.06063702817436157,0.05126517185387502,-0.04517696544358032,-0.15061175635802196,-0.011555729035750972,-0.028026305205716955,-0.11065086985313229,-0.0031654955979253272,-0.05719296250616693,-0.14504912045904636,0.018326690425005204,0.037719645018132096,0.04289705893316567,-0.08115576314304776,-0.05754713880371045,-0.10548488712320594,-0.007850695391605862,-0.100634836841507,-0.09700327174841614,0.02659450023832531,-0.033833331682004815,0.0009511855213760734,0.04762123018714297,-0.021857805643600656,-0.0736579366414094,-0.036772185974816275,-0.05199133423387215,0.006189376555048579,-0.043004347243411956,-0.18352155539749815,-0.008038925860853554,-0.08090945448121874,-0.130983882271901,0.13510360684327935,0.03126306632637026,0.11585691253436178,0.10146673590371634,0.19123342428029388,0.19660185553628232
moca_abstraction_value,-0.14632503725592913,-0.06937380254670578,-0.028016525809976028,-0.12394701651675516,-0.11958086516672504,-0.056595472460345644,-0.12609823950463012,-0.05531922767644615,0.034228067204635476,0.03280877765986486,0.0709929736243334,-0.06474528680626064,-0.05451236414057019,-0.07488449072752984,-0.009871877762560776,0.03486191313527344,0.17659476179017775,0.016619902727522187,0.05823594077572383,0.1639082067374414,-0.0787168190829958,-0.09662577562238109,-0.01773287870826206,0.10591479624095261,0.01186629571599983,-0.09049318617725152,0.028305518711573326,0.017155335170678847,0.058230794712366134,-0.1318738029361095,-0.18963050222291222,-0.07706036699028096,0.04645245218567128,-0.014890376726105029,0.11450096582848798,-0.0037577625022644106,-0.049829071922827824,-0.016169919602401116,0.05631579684241529,-0.029877123757481396,-0.12003210769740262,-0.10646653390740372,-0.11769541110712595,-0.23526277217708907,-0.07671901561078424,-0.08915136596357487,-0.13758809710488204,-0.05450689800127871,-0.056228591050339734,0.4179475797276331,-0.041400829481562366,-0.10529315855323829,-0.1153688769991807,-0.14882060347585732,-0.10910161525208897,-0.09281040271763641,0.32208910261893436,0.27334025044727533,0.3292158429395318,1.0,0.09703380518487989,0.1755623211355465,0.2642663811772952,0.23708242182518519,-0.22747900983305258,-0.010850339248718624,0.03253614566516739,0.06048717536067295,-0.1551958826858062,0.026778864170284186,0.07387983636002782,-0.016680805667074135,-0.08121094308915994,-0.01932337627344045,0.04723055131314192,-0.05468223013439434,0.010641230733641321,-0.05570710914890583,-0.1560005383598481,0.023181155091803924,0.03548776957904814,0.011472549710835379,-0.12301115861744967,0.008230054109622518,-0.042631132070535815,0.010829070630381486,-0.066230971834732,-0.04730338644320685,0.03263407716248024,-0.041291545666664736,-0.006014989953928417,0.002002113969462418,-0.045107776230698754,-0.04221404090684242,-0.00662964740052109,-0.019254138089037007,-6.622752877908828e-05,-0.02965276919633993,-0.1673577209438959,0.0012777118098470043,-0.05793517660304498,-0.0710907907434013,0.06027290587977886,0.04328421869295754,0.1534982789178678,0.11963287999138311,0.12808238507430503,0.23001923063784685
moca_orientation_value,-0.07070831087618394,-0.09145351466236855,-0.016428901434571905,-0.026176371042169643,-0.08430661921153856,-0.021500630810980116,-0.09815092657096151,-0.04796647204028703,-0.02778338197218227,-0.01714546075346228,-0.013453940776808969,-0.030937922256839893,-0.04061280292310214,-0.10006783736764817,-0.05191930091198513,0.05391446345193831,0.08167853461711042,-0.05875582938585227,-0.03347867822042544,0.10536976103941943,-0.023952133168975577,-0.02779421573136264,-0.011926963405376217,0.0024459993105944025,-0.06745608600847672,-0.07396615324891756,0.04150531301635057,0.05205674508359395,0.01498656572471186,-0.0612091140962259,-0.005206022620811125,-0.13543758945280435,0.043342804602627544,-0.08046555913673947,0.08200435532216954,0.006399737754097578,-0.004654708609418088,0.05784798006330604,0.05742464459940875,-0.05456498413659455,-0.09934440329358601,-0.04795863380074696,-0.04364956338050168,-0.10523911969961268,0.010607298397114946,-0.04926283372495218,-0.007372204278133505,-0.010490679764180857,-0.05930209594328118,0.13654391895263804,-0.0212266131643716,-0.000681995083516162,-0.04678317259802328,-0.07092500393668132,0.017151342658749933,-0.05579041618153941,0.12595629051254698,0.053118828715271196,0.13853999700543393,0.09703380518487989,1.0,0.11421115469668645,0.06597218772812007,0.056992107100497215,-0.061179470224675354,-0.04163695523321232,0.02431770522710775,-0.028825898229793,0.0031904047745563756,0.011078846498649821,-0.0010777415105293698,0.06842206480237843,-0.04257783882249921,-0.010128817275393666,-0.007146397543448122,-0.04345474358724976,0.006714516890224342,-0.03636911148296568,-0.06260259390645542,0.010541006018811503,0.03642012680100914,0.03141683715185962,-0.028482020711500567,0.0029992955426711328,-0.04738397091597191,-0.03624578852913169,-0.0590179773257801,-0.08736260799598582,0.02399995755496311,-0.010133063648318662,-0.04199514931019865,-0.03318530388223569,0.004303896865253502,-0.029041279929384628,0.012107980168194196,0.02042788450992429,-0.003341771607203078,0.004345146744653308,-0.12234470934619644,0.008384808332756268,0.08856528830163395,-0.08775900787534674,0.09938773863159325,-0.13604671430288456,0.05146700266228074,0.04355969636717726,0.06886676631852565,0.0348705317839792
naming_value,0.04319209367835799,-0.06647970195039686,-0.019488508214774505,0.028894036008916924,-0.12141570502789023,0.05761441251797862,-0.014952076648579381,0.03569009332086792,-0.013925606582656647,0.012095007897859196,0.04652958025549646,-0.0736584120084595,-0.039739758545033456,-0.12337813732713358,0.03664674284838872,-0.05819775109841961,0.09566293224639676,-0.04474099673568365,-0.011280765091212168,0.06106371473042891,-0.06464079033160432,-0.11637086375317542,-0.10184209943424136,0.04399128626089389,-0.030912154696553625,-0.12481184031901275,0.09705417604441237,0.07954426938130867,-0.054290100800601676,-0.15974438943905414,-0.11066592730704979,-0.1581501418071465,0.027375296616737876,-0.052634883980659,0.08316160090822713,-0.0577071921293533,-0.07958331879169217,0.004290614462876678,-0.012287163155671159,-0.06615329197411277,-0.12238278748755078,-0.056830052419623085,-0.10401281195114327,-0.20374268139351825,-0.012682877124971506,-0.02696470700241117,-0.10310492865508876,-0.019582884385993,-0.11849083782969236,0.3463011582167718,-0.012267309076975555,-0.05583332113417914,-0.07234736345370617,-0.09845715084738381,-0.08767883251918004,-0.09427496581587823,0.29147812367285003,0.1436080381192872,0.22886635884618178,0.1755623211355465,0.11421115469668645,1.0,0.194543638726192,0.13910735894122225,-0.09800853181190064,-0.042100517267293316,0.02341116978875599,-0.0382925689106894,-0.01598474097085762,0.039554239884744935,0.034250964588052116,0.03500817186306341,-0.16200600920530148,-0.06266106375809065,-0.02138476146411098,-0.15079088088214046,0.008490749898819662,-0.09484990119199074,-0.12253469607696976,-0.03185673900910327,0.06316751298225645,0.0015737577879785932,-0.05501091056621803,-0.0719801022529681,-0.07414031938472176,-0.05224120093920293,-0.08836166046964315,-0.08587047345126284,0.008117059781437237,-0.11993502519465696,-0.07567011554795437,0.0011240953922430819,-0.101413968214131,-0.06903278672736425,-0.04455193193808051,-0.013243235669468762,-0.01937588960271577,-0.030069555212179005,-0.14616689035265176,-0.07491244341391701,0.11942691639015901,-0.15878340938202923,0.020911251440227145,-0.03849423600456856,0.12474754115768931,0.13106206694644884,0.134448727028781,0.15384431072238464
repetition_value,-0.019143294291646,0.0111318295746492,0.05024446253551009,0.01790295599476681,-0.02902169514955638,0.0031943790069819122,0.007801457171017313,-0.021662035903179083,0.009390193628155942,0.03931937411398335,-0.0031893861872613716,-0.009872131037636905,-0.05200960117189267,-0.08738857512904953,-0.058105426683874785,0.01836846235337231,0.07500442272387145,0.05993921276000587,0.06474323435417315,-0.05887392885491108,-0.03888901193714452,-0.047872146974047625,-0.10474123681523004,0.06165386428546179,0.10634399446966099,-0.10527763795535507,0.033497416050992795,-0.0006296086654653354,0.03999937755626495,-0.04353620402979824,-0.22607053897702986,-0.06898700309932183,-0.03920988555734825,0.013151979758287862,-0.04105705735487016,-0.07530496675489863,-0.1659522083690705,0.004301510533548646,-0.06632141534675552,-0.05731950121017704,-0.14486234083581087,0.002398048359260992,-0.14002183226098233,-0.25047883396069864,-0.0923856768127561,-0.07624680888604765,-0.21071043051502877,-0.014401912119737032,-0.09725363275619012,0.39588383953753226,-0.02594708258099606,-0.12042966346192598,-0.13219411468658024,-0.12123655027872293,-0.17174209680917854,-0.11649026687341325,0.28791949155110136,0.24464791027156663,0.2357525973683806,0.2642663811772952,0.06597218772812007,0.194543638726192,1.0,0.2339920079768627,-0.012573486296941038,-0.007860440389616303,0.08337028283247383,-0.04001273327942926,-0.001685568455554143,-0.004225735122254675,0.01202788269546517,-0.012813543536147545,-0.08286114005475709,0.028278133882750477,0.02449035832145336,-0.02656465661945162,0.045366304575379046,-0.012411888804060493,-0.04316772387005403,0.03189194019906054,0.024106996495996916,0.018028150704809554,-0.05909090382220677,-0.022972496774475035,-0.02628938476333459,0.04871525338898079,0.04635151622096408,0.004448549680804475,0.06386274023842724,-0.036500565839634715,-0.013957798895902,0.11728648324590933,-0.039995418925562395,-0.031110027388976835,0.011459728292214606,-0.018213119570886366,0.017657300211481795,-0.004365301047762144,-0.027053815594060785,-0.030841484097480644,0.05383976034835008,-0.05682532353322188,-0.021354473343823406,0.00151196694079209,0.11204632258567908,0.16783150897705212,0.12175364371491511,0.21788957553056645
subtraction_value,-0.1360103950064895,-0.05910715697354518,-0.026985196080078808,-0.15140814356661628,-0.10349971945747535,-0.07190938686223214,-0.15273527011868607,-0.062331992916596336,0.06402347513534687,0.02524120205485996,0.06121239446169068,-0.0677573530564014,-0.07465377951257818,-0.023506305957831267,-0.026583991298712306,0.041224443035624704,0.2441504979588499,0.014154667163157424,0.04381942780163713,0.19434226907163826,-0.11426179983862526,-0.08514975938341918,0.002300916900933964,0.09528735185041383,-0.019882898309836597,-0.09495168005149347,0.03446698579517999,0.016424558330023896,0.03053050440438703,-0.13221515929105723,-0.2539789123203297,-0.09962108139438061,0.02723342872914584,-0.029472172190497654,0.026697366593246067,-0.0022198430123629587,-0.10729279494098394,-0.03047416001426363,-0.060705106498350536,-0.03102546022449314,-0.12241831048379859,-0.08092618825747887,-0.11627439977837714,-0.18496404937650854,-0.04008149396503826,-0.06677358565137674,-0.09070558919395431,-0.04664025021912594,-0.020332592858684377,0.3834781647287803,-0.02948122358631338,-0.06403511173042051,-0.14534032003890374,-0.15889350062966245,-0.08434193603267609,-0.09845288281604896,0.24675685092511776,0.20826268530880154,0.19905270106540235,0.23708242182518519,0.056992107100497215,0.13910735894122225,0.2339920079768627,1.0,-0.17641656213572798,-0.03690255686497873,0.06256577571955443,0.03145156731793129,-0.16207807861622722,0.07056505619605964,0.09986562949677137,0.05937261236446114,-0.06975220947416563,-0.033675181424175554,0.063461690672644,-0.0355645923071864,-0.00040916778787337076,-0.05647139091547346,-0.10216604761442513,-0.021924718822942026,0.024907858037802818,-0.023968512139952974,-0.10698289024901332,0.02421386436829774,-0.056344986053702625,-0.01749660623442772,-0.045143750364799104,-0.02792598409561876,0.029086127910317026,-0.02637260785109911,0.003664542512455764,-0.07932061489708182,-0.04590467690512516,0.011475571976400992,-0.022200941162272374,-0.03199503570945608,0.025249138464834408,-0.004274540095368413,-0.1479426795238393,-0.006431780871068426,-0.04876577892910515,-0.0534278107380125,0.02832232902531244,0.07491034397040279,0.22167271422332802,0.1024756778290614,0.08442045690429777,0.21692643563840647
Rate,0.4921798915645124,0.2265746468200822,0.0757278833930679,0.468262633215815,0.2286183781151031,0.2797299986412157,0.5438263024617285,0.22491689764976372,-0.06278322496630367,0.10266363229821687,-0.24813060176733845,0.15370568893572986,0.10703915954276898,0.05557055806330769,0.09206281311127362,-0.12673998987389964,-0.15729126437631255,0.14515797911266856,0.11022158075418169,-0.39864803515639635,0.14122150674805317,0.12871064220776962,-0.028210205690810123,-0.17863140872401334,0.20358459428116388,0.0411790237268162,-0.02727701772609186,-0.08188695932427248,-0.12070098334590504,0.1586671094622707,-0.06928082250075077,0.15988863335474154,-0.1820268136451531,0.1818292570253334,-0.3477949424006576,-0.1286110155102843,-0.24968366732819874,-0.08199918998761628,-0.27503967066448237,0.04942822307231663,0.07712517146005654,0.18319442292850666,0.08285010824430403,0.10197137654588463,0.008193777860100919,0.05724219044477943,-0.07663909092299824,0.05649865505051726,0.026567938033978073,-0.2642589646818532,-0.054155521136149465,0.04832441336955633,0.1531991620808637,0.04557371200621065,-0.06925608952756647,0.03129651593866989,-0.21728384563735784,-0.07862077013271948,-0.12378023048215914,-0.22747900983305258,-0.061179470224675354,-0.09800853181190064,-0.012573486296941038,-0.17641656213572798,1.0,-0.02953405029015365,-0.07658894124870656,-0.577341587426151,0.3126922247768475,0.018214936132163607,0.000987403626357138,0.05419649239420828,0.08664442557605,0.1296107076447743,-0.04497191349793877,0.03735702510222873,0.07128704754033889,0.10649365118645754,0.15775457739059257,0.03698178975698238,-0.06232563605232191,0.06570707097044237,0.08966934540754024,-0.04702965464959002,0.0740788998691624,0.03997750260436011,0.1606360339355566,0.0992715173847984,0.0002079406136525345,0.028424678327226567,0.011324524694461822,0.19588959019196278,0.07257270981949676,0.03246614128851188,0.039873876011137815,0.035299057047602285,0.010881631282545429,0.055101331951102075,0.34761285754690624,0.04715060294356701,0.055584720871337506,0.07540466597716697,-0.05596028003626077,-0.03275633028304556,-0.23045484807896202,-0.04504993295100861,-0.046330430006054184,-0.136223236146127
PR,-0.16292652296865806,0.04666714991662206,0.031385130554862695,-0.140167251115488,0.08921859085307532,-0.10951741453885952,-0.16052516859401245,-0.09146792125605152,-0.007658278055062823,-0.005573959672788086,-0.006293111251861602,0.10245221977021857,-0.026705305874002147,0.026988096480480905,-0.0925791812494602,0.08156657350220574,0.0425996031906806,0.016714032597864113,-0.0372560948468014,0.06061591084182038,0.0175327855604183,0.17877102193163016,0.06233632457578799,0.06890981387289534,0.046385510393699585,0.03623336965815708,-0.051751613229565264,0.10178901812618685,-0.05217274514671247,0.1357915520707925,0.03094699081060658,0.06186319044708147,-0.01677078253347853,-0.017840168464726892,-0.11769925558466934,-0.02994521866726265,0.13909820146076907,0.03580751916798434,-0.02015098887166426,-0.03175468979220145,0.01195791770629321,0.05070211668570882,-0.004506777930190711,0.14972824123772452,0.13598272610304799,0.02711946263111018,0.1377064973543881,0.07098722328969148,0.06022021113008923,-0.1456121150915967,0.05703189705897144,-0.06418551507248489,0.01545294657275963,0.08117678167483384,0.0625650886652303,0.06020516380367027,-0.09759801341738145,-0.08871772721896186,-0.046745964756736286,-0.010850339248718624,-0.04163695523321232,-0.042100517267293316,-0.007860440389616303,-0.03690255686497873,-0.02953405029015365,1.0,0.12111667224901898,0.08385905188811021,0.07870195503247815,-0.06893266728969372,-0.03817444025731307,0.07194885574695964,0.0746545471893545,0.07737705566955094,0.1058339171940705,0.14141426691481976,0.02918176736144334,0.04812087772852087,0.08670362021110044,0.016931362973550156,-0.025931661954828697,0.0178531864936164,0.06243003786056409,0.07234786341380833,0.050187970206984844,0.05030535144932389,0.119844917266437,0.058433713333349124,0.029868536422599765,0.06073255315066652,0.010055863568161478,-0.001403958734651359,0.029608536305074276,0.06390845678465742,0.03973714286383156,0.07268267599635833,0.045816058298494555,0.09207131208704278,0.1017696868282474,0.07949526221322886,0.20081391317915634,0.026293325913119205,-0.19555710071161228,-0.024807199137810196,-0.012255837482277931,-0.03393624370691588,-0.07169060818062996,-0.01885450923623834
QRSD,-0.2125948548567123,-0.008345285669875383,0.04223397467195939,-0.1672385448809357,-0.019314682825247804,-0.11446003834548932,-0.22629528550049974,-0.12038028247481895,-0.011466640494610875,-0.04288056277772847,0.05611161523070058,0.00998159889461597,-0.061868296548190316,-0.029475350443463808,-0.12148706809432555,0.10285063653975586,0.16012322401876716,-0.0305551113963283,-0.07165247410087201,-0.021566157516210785,-0.0880334751820954,0.16323424701240788,0.022850050303531037,0.08498765627147492,0.03226424374655923,-0.0487911130411944,-0.11230096945914222,0.14744110306499772,0.012758277819759068,0.11281880006749338,-0.1204046215440404,-0.02037549893379878,-0.04176002645860188,-0.04838213649412894,-0.09331787750486488,-0.03835531177809859,-0.11585505760890367,0.10029509548027352,-0.07112973185281002,-0.05751222590077949,-0.028752099860370656,0.005195672775710967,-0.07630621492677826,0.039316833996364806,0.07493673856059081,-0.008093371521905245,0.12024548355728248,0.039450487557197794,-0.011021772892025383,0.02241699886802756,0.006775567647588626,-0.05567724695921067,-0.02098735513289044,-0.03616045560516432,0.06455333740874972,-0.0021622943470927087,0.024519057858598634,-0.042187660359552265,-0.03334301136418421,0.03253614566516739,0.02431770522710775,0.02341116978875599,0.08337028283247383,0.06256577571955443,-0.07658894124870656,0.12111667224901898,1.0,0.08459592130125962,0.14760236036969815,-0.0035431850961805344,0.005588852472563584,0.1418283933967271,0.037650257356788966,-0.023178424929804098,0.11896335441714707,0.08395440182588465,0.03873019311216061,0.019663006392581197,0.03275466797482247,-0.013525052666859131,0.019901305045597326,-0.005803209889190441,0.015348307900684881,0.11443376675623014,0.03320765331406706,0.002720136387631745,0.07345137613699125,0.02122998337146377,0.06372684509117023,0.01611154570113759,0.019364265047763667,-0.06677079997350273,-0.012664278166121014,0.08011366184155402,0.03787746351319175,0.048541118377484115,0.03676964741094569,0.07544914358204573,-0.02572205313903513,0.034213957768155376,0.2651411820612608,-0.009647176932817657,-0.14702663139732175,-0.1291523534902129,0.08400668098366786,0.04238586773050271,-0.008776519956935017,0.02341612051531323
QT,-0.4273657649264554,-0.11699968381752435,0.029509626405957255,-0.3481172155068638,-0.10676034564244351,-0.23044473874816587,-0.3826954867358886,-0.2000104286891394,0.05127142747028382,-0.09828269098182517,0.19150015179399335,-0.07899936743773851,-0.06261306398161584,0.0484184060428079,-0.15314010769228376,0.15402402607134896,-0.13769502442883155,-0.07652172615968966,-0.07551025951126562,0.13973406626673124,-0.010015974719523995,0.008620738360524327,0.028108348642880025,0.09132020516422593,-0.11635211543241981,0.06743691971123886,-0.05302546244804397,0.07767620171013943,0.10254050306107101,0.057872038380254204,0.21869226636566752,-0.06934036335270667,0.12618298252964308,-0.07123628290565066,0.2134421902408223,0.0341635918806672,0.3444536574160651,0.07193810664194977,0.20422879945638156,-0.032121816131478416,0.03934643281176103,-0.0768496872353682,-0.031185552068432598,0.06782592274074506,0.025731088468426404,0.0021202457372611703,0.10600476802641827,0.014115417207403677,0.06529519707494154,0.010076619505001662,0.1207557091936136,-0.03930605460253235,-0.0747285718686852,0.07964613476734295,0.11660953949458844,0.07491020337034035,0.029688674285742372,-0.039922269417714096,-0.02128593164935731,0.06048717536067295,-0.028825898229793,-0.0382925689106894,-0.04001273327942926,0.03145156731793129,-0.577341587426151,0.08385905188811021,0.08459592130125962,1.0,0.17244066870499614,-0.08546737349819485,-0.15936948289544392,-0.08916652914910594,-0.0011738309051430465,-0.011738190291127746,0.0997567189164962,0.10638704860840989,0.00568885437317545,0.008023631264342213,-0.026576368591471153,0.018503839882545697,-0.020984085010170506,-0.03892168380405209,-0.004693996250087004,0.09779076212996551,-0.003569005838105092,0.002987437645563408,-0.006939459432529815,0.003775586764153838,0.008108233224953593,0.03330198841747153,0.01931144542499833,-0.0966659497805499,0.01480160004708532,0.04105122817807839,0.045469016225737874,0.00659050520423367,0.02442550834910403,0.008011708794077923,-0.16510521371640924,0.019638886427794145,-3.531001513208376e-05,0.024704361749262292,-0.029344184024151208,0.01566647844102233,0.055396572538714696,-0.04176643911293498,-0.024223810722366457,-0.003793642231310915
QTc,0.13375626201305704,0.013602610368408798,0.10319401688922124,0.18877942654412694,0.026075401314034873,0.11119403376195913,0.1334106363597017,0.03691053129911751,-0.1392852588269177,-0.034894155100435836,-0.11036454929711105,0.04390609413951699,0.022647705932667003,-0.009498816384602348,-0.040615533421003304,-0.02870138370902347,-0.29182615023567227,-0.034106244667724404,-0.039751144843432104,-0.27828377338411864,0.15718010822797585,0.2680952285406343,-0.0029007518568050696,-0.10969833328978874,0.04185184488829359,0.028664242156511022,-0.09534245601774806,0.08585306151663183,-0.017051844951328252,0.24604285443071572,0.2224668379903952,-0.028377990614719288,-0.05497633937119386,0.02280791252034017,-0.07848250984429779,-0.12373900679618302,0.054384759210291025,0.0842204670967034,-0.027521339343781617,-0.045497217000795315,0.045436125473595705,0.13456523247725097,-0.001648356337651404,0.11375915442814294,0.11341609991365058,0.049530848458347536,0.07856424671363627,0.12351551905669393,0.002266712743643396,-0.20729601806247772,0.012245977098093441,0.00926970834283179,0.12076566794910776,0.09995244484755675,0.08202374210627215,0.08802737514698025,-0.11049214081569873,-0.15542157854395827,-0.0880099496131583,-0.1551958826858062,0.0031904047745563756,-0.01598474097085762,-0.001685568455554143,-0.16207807861622722,0.3126922247768475,0.07870195503247815,0.14760236036969815,0.17244066870499614,1.0,-0.053756105049265104,-0.16275204406852295,0.107290810314794,0.06743167696777204,0.07649368816456859,0.04027723829886439,0.08839756535982839,0.12132210047145961,0.09508450825529892,0.09990865954535535,0.05307882174538132,0.00935556278311618,0.09053559677694903,0.09497704236144888,0.03867247570589715,0.08576634179802607,0.005410774276669944,0.08159965398052979,0.03563198263521604,0.07289740970178653,0.02195632917370989,-0.017869933170304855,0.07412508167633407,0.07356183642958267,0.08396212813711977,0.07573887344856513,0.03748110555964569,0.04214076176956836,0.07175718018291083,0.10498938750430604,0.03351803747836331,0.27512448306960785,0.031221827496162913,-0.0070363214374974435,-0.2688607760451723,-0.1721049524067234,-0.050942699051966446,-0.01202755587726507,-0.16165300968884952
P,-0.01933521338519465,-0.08597863726146637,-0.015695176040456324,-0.06231458744310574,-0.12783352952565064,0.006733793691090441,-0.03617109493261593,0.009372255743488852,0.05390606011688006,0.044477375581879454,0.078285743068318,-0.041399403169581926,0.00898641268939023,-0.009090215346215185,0.10875848873362115,-0.039407635305345905,0.22580000757089747,0.019502345648445798,0.10611572282735526,0.10891359907619515,-0.08365515602820274,0.012422280444848019,0.1322617560227735,0.023617391847823323,-0.0289805476097566,-0.05015983110745592,-0.06269011531637211,-0.12492616774412482,0.1084492368462081,-0.08255924163203655,-0.1896442162376924,-0.008679573543511091,0.0504017582642837,-0.003117371838038369,0.10521352759892318,0.0720043030008101,-0.19770298419583002,-0.06650937356646093,-0.004501186899557508,0.032792549646674204,-0.030154839831288457,-0.056018327627934406,0.009163615806676722,-0.05280044806256557,-0.007313240203600691,0.005715128589895939,-0.03358801064885466,0.02496575304250987,0.0068338861857898505,0.0972938168217564,-0.02524210026996069,0.0763455893884227,-0.021394707459330125,-0.1291946895839711,0.0783151143619424,-0.0015444850389179812,0.0755324177637637,0.05892554140940473,0.06063702817436157,0.026778864170284186,0.011078846498649821,0.039554239884744935,-0.004225735122254675,0.07056505619605964,0.018214936132163607,-0.06893266728969372,-0.0035431850961805344,-0.08546737349819485,-0.053756105049265104,1.0,0.1379176531200358,0.12795831876031052,-0.018529393634114055,-0.06457932978501078,0.02297707510982679,-0.07667804096062754,-0.024251797729365327,-0.05715941043129249,-0.09572062490179639,0.011508269661939933,0.035811155842988,-0.034089597957046386,-0.020130177218087148,0.008676929024289844,-0.033679589873053105,-0.10124660832194005,-0.1439864011007887,-0.034210461202051144,0.01609530051435257,-0.016701213857988458,-0.02282348857957,-0.12367465286019638,-0.02230397021832495,-0.011368094685892421,-0.008309313626622713,-0.026628055214728226,-0.03568244763149725,-0.02323633713527702,-0.14387731908087373,0.04007283126841804,-0.12179737357372598,-0.014547536947705057,0.1836244330781247,-0.02605763930039961,0.12954111619669367,0.033980750195920444,0.01829688910900676,0.04428635737493583
QRS,0.004510713883024078,-0.11112252451084989,-0.03546328791365599,-0.08725573890994871,-0.10455696018137207,0.0322559148232207,-0.03399074439314852,0.010951883759889107,0.025375061176508566,0.021410587432071443,0.02459726751717616,-0.031332178060963084,-0.03498096368024621,0.0004258051566657923,0.037511645417413975,-0.021872616927519534,0.19109895256276327,0.014540487867892396,0.04056133603463318,0.14002416613175855,-0.08324330516421106,-0.0752504532791058,0.06244269656716075,0.01644637063381569,-0.05664949135369165,-0.06613708506822681,-0.01687813207694816,0.02204163766264406,0.044222127234048524,-0.13760508133906757,-0.17663999924593732,-0.04006124016348761,0.0447282013484639,-0.03825907105760817,-0.0011268923550878946,0.024038479375871478,-0.09524423282271705,-0.01141809932485358,-0.07225534631259446,-0.0443659370506508,-0.02343022640383288,-0.042509817527547226,-0.022263867038947456,-0.06815409952609873,0.04662928481559575,-0.019706110524919728,0.04343144595524587,-0.008442706013173921,-0.021101339658224062,0.12812518264412498,-0.058724401973806926,0.056007451468272254,-0.04699448776548421,-0.11806930048116122,-0.04467860242268969,-0.0034535396886755795,0.09847141568738661,0.12121725096251154,0.05126517185387502,0.07387983636002782,-0.0010777415105293698,0.034250964588052116,0.01202788269546517,0.09986562949677137,0.000987403626357138,-0.03817444025731307,0.005588852472563584,-0.15936948289544392,-0.16275204406852295,0.1379176531200358,1.0,0.1440216040304557,-0.043021123789811294,-0.06916712801510487,0.006507834475525249,-0.09550214342359992,-0.04750998147992439,-0.056545473739108176,-0.07388540176565503,-0.010208320431911146,0.01334382522118876,-0.015845630026004167,-0.07417526353597981,-4.86330864852074e-05,-0.07264902870910823,-0.0768953595063238,-0.11115002897643328,-0.036952694685923555,-0.008729169744085977,-0.010608429409019092,0.014486281237377201,-0.13671829733075608,-0.025034496724352213,-0.02355791021899652,-0.020357104672585506,-0.033950195778726835,-0.01854104457172619,-0.027851205141114558,-0.11792989668311314,-0.026279989673676982,-0.018901976768117026,-0.011919840744238089,-0.060351066520553553,0.08097474798422058,0.12110112664418272,0.02926660112818933,0.012683551579392965,0.07289724945999938
T,-0.15614961545388362,-0.06883182565795243,0.07590126476306105,-0.1600143362582928,-0.058148605997598635,-0.11489832877641563,-0.18754672362751432,-0.13006253814315122,-0.0385688670727955,-0.006846186662719378,-0.030626786418752668,0.023690082865638486,-0.06193849076530943,-0.023785023061886415,-0.11603078413019341,0.12230160397285918,0.21050667765808995,-0.04735638637776617,-0.06139015448767714,0.06732245715087723,-0.0852856122292853,0.1598228626008484,0.13244401853763507,0.028952202039752514,-0.013603135609948013,-0.07365311996784052,-0.04089363508366992,0.1480183777253538,0.03438845809858388,0.04049176134058069,-0.11395851325291592,-0.06360151999339542,0.004850430741472776,-0.050706152963137255,-0.14522758355808985,-0.027522895538555383,-0.12735114383696064,0.13215285065205026,-0.17245154872624488,-0.09442168551753694,-0.060039960695907904,0.00691680307965093,0.023762257327154028,0.08214305107791475,0.18799970087442544,0.02257110799828729,0.20661860967699613,0.03866422620766918,-0.013169535594215909,-0.05031577594535101,0.0007723892340210841,0.04755399918846516,0.0024065775709871265,-0.03957517956036489,0.11468458768620525,0.020919363316896138,0.006238820511398058,-0.053009174835865855,-0.04517696544358032,-0.016680805667074135,0.06842206480237843,0.03500817186306341,-0.012813543536147545,0.05937261236446114,0.05419649239420828,0.07194885574695964,0.1418283933967271,-0.08916652914910594,0.107290810314794,0.12795831876031052,0.1440216040304557,1.0,0.052485581867913765,-0.04615379915664608,0.09743876618917821,0.0448115105556919,0.03182176801119921,-0.01498303164293546,-0.024959224358832768,-0.017275680362937803,0.012612436489827364,0.006376081775954831,0.00832124726706019,0.08389229759389075,-0.0030406393156864274,-0.056661694000661046,-0.006244578775882886,-0.010543196354123678,0.09753997914173504,0.020294247598774132,-0.0027805058810440406,-0.1289841216504887,0.010515313988719261,0.07859691672117625,0.026928203886144114,0.043917341937332974,0.014516568657150857,0.05344949040226893,-0.05272346262881311,0.041394192697847706,0.2637168445008123,-0.02449735479557579,-0.10263905494049388,-0.14504285129075437,0.10782868987244743,0.001821827730098957,-0.013175143776045579,0.00758054686406819
Age-related macular degeneration,-0.07165037883713893,0.04941492884764256,0.08511448009217637,-0.03880203082911486,0.12365507329094305,-0.05026424465290296,-0.03086598588620348,-0.06516739921474342,-0.022251078199815325,-0.0014384701185236784,-0.05874480974226621,0.03039105743038235,0.0029846278225988693,0.059376719841571605,-0.08651662721126743,0.08476209418137556,0.020540244013818782,0.020267349483954446,-0.0481632245091375,-0.029967951084833702,0.025380520297534036,0.17612010868840303,0.03893653891834365,-0.017065396048413003,0.015090054227839524,0.023907195393021996,-0.08590580055552367,0.013756546154397921,0.04821707647982538,0.19900165263411063,-0.00855315974148873,0.06970163854342552,-0.04194917838774119,0.027743091133153076,-0.16551455935403306,0.01653830727245786,0.003464664833280527,0.07065631979127494,-0.0626235691117912,0.003145360339820098,0.09130217516153047,0.05331955594939839,0.020484567077026613,0.17581961954497385,0.043167246063200757,0.000778802472739346,0.10151668911722866,0.05998130682556891,0.07478097952377279,-0.2416930790890061,0.020413202058253095,0.016495093214589526,0.0226198321061234,0.05081995861909812,0.05281971436111821,0.027920766213704543,-0.16429828234909918,-0.11783600403101235,-0.15061175635802196,-0.08121094308915994,-0.04257783882249921,-0.16200600920530148,-0.08286114005475709,-0.06975220947416563,0.08664442557605,0.0746545471893545,0.037650257356788966,-0.0011738309051430465,0.06743167696777204,-0.018529393634114055,-0.043021123789811294,0.052485581867913765,1.0,0.09019122776886375,0.09982352101147994,0.1817972484884735,0.06079520311790432,0.09311697792683836,0.13936721092617857,0.03942394811007641,-0.04609887559578843,0.05009616821744134,0.0640285691432977,0.08828633298998464,0.10679521351740025,0.04872378939094013,0.12125816401268714,0.09531100305623112,0.04865680007315068,0.1079131997373604,0.05227633793727589,-0.0039780112991697645,0.12725472488370407,0.11483033132652733,0.08309377925104497,0.10175182227205229,-0.005299194268810229,0.08361885264910805,0.1410378714718006,0.10434294113827988,0.09243390935895536,0.17304015420910152,-0.08245050514925846,-0.0644071091342855,-0.036558922237523134,-0.06683823356093191,-0.08811870786715674,-0.08829231956660817
Arthritis,-0.005054030883870365,0.07094331701023772,0.09988345849208535,0.05012782367836131,0.1438556330630273,0.005492052816488442,0.10660609586426589,-0.04314034823047318,0.004507012191359026,0.055814157189699835,-0.08665341822181284,0.0537624939839718,0.021972991584853316,0.08314531257822692,-0.07649059539078139,0.08404573928838516,-0.04897361932764001,0.08642801389865888,0.07160054893439614,-0.045200988877674174,0.08914967723895036,0.12033344076407408,0.036566433847169906,-0.03446496691474819,0.13449166139193286,0.07275240467592102,-0.08257941792145114,-0.03145346637115368,0.03930693341734625,0.16194244778206904,-0.03476800748355928,0.08849679130762782,-0.01617092930684716,0.06431288811666133,-0.1705222454494435,0.030701717117619688,0.020961906557945307,0.03055189561691175,-0.03799897264786609,0.029626928955810487,0.05093853233997226,0.05876062683570915,0.008129671633969677,0.08883753868267107,-0.01425759033955421,0.016202636573790414,0.009152561809455687,0.038743516858453404,0.0720136688823458,-0.10996245196037856,-0.007437929004194506,-0.018207732852469946,-0.01473287974577496,0.03949113038979065,-0.008076507391272358,0.02618084538504397,-0.08884061248951859,-0.006963135772058358,-0.011555729035750972,-0.01932337627344045,-0.010128817275393666,-0.06266106375809065,0.028278133882750477,-0.033675181424175554,0.1296107076447743,0.07737705566955094,-0.023178424929804098,-0.011738190291127746,0.07649368816456859,-0.06457932978501078,-0.06916712801510487,-0.04615379915664608,0.09019122776886375,1.0,0.10505122618012405,0.20477434840574388,0.0841876623380011,0.11083669392188762,0.11000959933639626,0.10140080122925207,-0.06531902467000734,0.11008604001571293,0.04716315254154316,0.11248603271172818,0.09122466404500003,0.08912579490812532,0.15122260367656076,0.1271678670651886,0.06638485331289025,0.10172177351924015,-0.0024807714717130945,0.09954377579950521,0.14284150844367965,0.08587302108138745,0.06391942415569629,0.035382112575942676,0.019192345736553203,0.07930402335816639,0.14936680494243748,0.11516601671276389,-0.012263249704375577,0.10277193368998233,-0.022251969785868155,-0.011357061714241784,-0.09195723283612317,-0.02546241592857743,-0.019193878190919417,-0.04857369474523648
Cancer,-0.21919887370867222,-0.02098330255120182,0.07702977385358847,-0.15945944072126939,0.04909873793978699,-0.11990813880044622,-0.16838354072878683,-0.1383901625734147,0.05111026902717913,0.015549470191199132,-0.0008474640300094435,0.02130517218786728,-0.03992354707822245,0.04459985900717366,-0.09523746943790108,0.12076637029918298,0.20350292959399502,0.029530074244243008,0.001964062351919382,0.09263122558213616,-0.057441826771699435,0.17576181296664936,0.10554617559376629,0.071096376551188,0.06287589574072518,-0.007146193635627824,-0.07205509285920313,0.08374802430515191,0.05720526623546396,0.13843029097971313,-0.1986435079250457,0.012484597621178336,0.018772636504876355,-0.024828212193165004,-0.2010230228876978,0.020565005645591116,-0.08578817187358101,0.07538143082648809,-0.1254610327731758,-0.04546588056432698,-0.009362187680050826,0.0017035142850219172,-0.06404826385576119,0.08097979900943136,0.06697590507557535,-0.01603180923745345,0.1328168642812105,0.002875869924551821,0.06965202197358882,-0.045410643465713024,0.011279125447333609,-0.025163089868934785,-0.054707197509516,-0.02958811479380402,0.06634416562647584,0.012965801485217981,-0.02231137404871013,-0.04090102769265613,-0.028026305205716955,0.04723055131314192,-0.007146397543448122,-0.02138476146411098,0.02449035832145336,0.063461690672644,-0.04497191349793877,0.1058339171940705,0.11896335441714707,0.0997567189164962,0.04027723829886439,0.02297707510982679,0.006507834475525249,0.09743876618917821,0.09982352101147994,0.10505122618012405,1.0,0.20420867317160307,0.06622580654504019,0.09275509555470506,0.032304535329780094,0.06126325349911034,-0.041254394457406446,0.056748574794619686,0.017526838783120714,0.20013714344013903,0.076631511604767,0.03223700842812264,0.11712312196515129,0.11375562874146666,0.07573330646817084,0.11748750636330903,0.009873894397611627,-0.0804219781616206,0.12393520597570297,0.16231784739224095,0.061577590460463565,0.03693279328948997,0.0202047235319265,0.10127692088929288,0.04600746749165173,0.12577065655125408,0.11568336533313474,0.06877986009069294,-0.11163995151121099,-0.03737916469840835,0.08091753312354978,-0.018529568558544325,-0.03149731352059502,0.01852576389006105
Cataracts (1+ eyes),-0.22241376787063089,0.07732706901258048,0.14779282900208263,-0.15280547741432943,0.16985418599250293,-0.1793075431441728,-0.11327339702471562,-0.19229770428754286,0.012168496614996839,0.01734541687986943,-0.06761641104989159,0.057183074383892876,-0.035337922200086386,0.09023420967806621,-0.21058098944889042,0.24062740060581267,0.0863336631066798,0.003989409358411599,-0.044956710759945416,0.06162782305884951,0.03788460493932751,0.28288395633303925,0.09445629115719584,-0.0025780359926196026,0.10048333317130476,0.0997546598151997,-0.12382039275822677,0.056513449586387134,0.08126410396583943,0.3020102059831294,-0.05023267600988769,0.10197622001445207,-0.020258934675221395,-0.010240691326852347,-0.22910611335140846,0.024063901660269397,0.07405287600450763,0.11723190390475757,-0.043588388865507824,-0.019932436207781984,0.048382598813186024,0.035183288916629044,-0.03286327021459128,0.229112264388303,0.04060856090585794,-0.010215225754466062,0.15217558426159303,0.02779648273185169,0.07895450673631124,-0.2572120545259574,0.010575436806309391,-0.0313649836680446,0.018177356511121793,0.09201603887272876,0.08287377603958623,0.036075489980256045,-0.21852360836267362,-0.09568114056756082,-0.11065086985313229,-0.05468223013439434,-0.04345474358724976,-0.15079088088214046,-0.02656465661945162,-0.0355645923071864,0.03735702510222873,0.14141426691481976,0.08395440182588465,0.10638704860840989,0.08839756535982839,-0.07667804096062754,-0.09550214342359992,0.0448115105556919,0.1817972484884735,0.20477434840574388,0.20420867317160307,1.0,0.1253653338803469,0.16141709980145705,0.15408243790602727,0.1280448892803058,-0.08652812985723385,0.11427410275309276,0.09312515736724429,0.20555512844295157,0.145046620594011,0.136005926938858,0.2414806111632269,0.16550126156397782,0.08648235331567039,0.17938422929205544,0.04217956241383804,0.028122249971004813,0.21644109495408234,0.18077027175481422,0.11468566394804937,0.047810737602271045,0.04750120920355567,0.14692635656922481,0.1677540876072631,0.19132172450207435,0.08750371050059755,0.1330750098656142,-0.051459670026868,-0.09337513553328113,-0.06698001048419679,-0.0718879974705607,-0.09124891170960199,-0.1181600565297439
Chronic pullmonary problems,-0.006877397982848147,-0.021940494339300825,0.08385729237885327,0.02527721420945767,0.04329927634203016,0.03923550914463127,0.04120674113872714,-0.019228939100792115,-0.038396220684791184,0.03973311772692001,-0.06291012027627779,0.02770287986412328,-0.009103562229724358,0.003834957842847649,-0.024460244130440508,0.00025307221938352693,-0.04144578378615357,0.039028242885623385,0.05410317217177872,-0.011023555323295627,0.038259248834704544,0.12017530844701403,0.00394254915716094,-0.032285752236408165,0.03783685339601048,0.023032649269399904,-0.014902783774963808,0.02685835325987618,0.025169560353878514,0.09043841077319249,0.006326242944493566,0.008736361578381003,0.06880672474378612,0.004164929697394301,-0.07104575042795155,-0.020770259561848785,0.027563882683515062,0.04020821344196343,0.00861191546270005,-0.0016500694999181688,0.0022915480768661498,0.038609212620757324,-0.015623394766172041,0.04792224882593785,0.028942560048096217,0.026659201081097546,-0.0034631058139148792,0.03403254008320165,0.031752062689238206,-0.027477382480772913,0.023848739339603815,0.005256323079524296,0.018015648819306857,0.02975617368353687,0.011633235400737076,0.042944839699696064,0.00048630102136875043,-0.010697085566153449,-0.0031654955979253272,0.010641230733641321,0.006714516890224342,0.008490749898819662,0.045366304575379046,-0.00040916778787337076,0.07128704754033889,0.02918176736144334,0.03873019311216061,0.00568885437317545,0.12132210047145961,-0.024251797729365327,-0.04750998147992439,0.03182176801119921,0.06079520311790432,0.0841876623380011,0.06622580654504019,0.1253653338803469,1.0,0.08198269731970174,0.03495829125100081,0.0933682917567132,0.0021592993094628936,0.08044106417612595,0.026746073940396534,0.042075809053584476,0.052851962417172806,-0.0006465190128509467,0.07493695218599629,0.03780219454484348,0.0732566686020407,0.06736215688262565,-0.005551616453560782,0.0464882597162282,0.13207348585182194,0.038219462886466535,0.07342791895497106,0.014527659493229515,0.037459874491851425,0.08765020526025748,0.043322968110499585,0.07831550554075092,0.06474908401409432,0.031044624758640036,0.012339680554870142,-0.09069795199912987,-0.04167092947952285,0.005315641483168053,-0.009464961181140367,-0.029330610843306293
Circulation problems,0.011441632366464354,0.056229003116026355,0.08862157537882097,0.02861787657923555,0.14004593621895436,0.01028385288584365,0.04871677738616225,-0.029385801769180413,-0.00744343652365463,0.03445661005282681,-0.05498431422803964,0.06803101377025579,-0.006517719073618874,0.0798552196514289,-0.06648296137616551,0.06114660840232009,-0.051049875727478225,0.07061802445840588,0.0010530176170012665,-0.07637968974905779,0.04523624369413935,0.1181477254980845,-0.007022651077097763,-0.03153960006480214,0.08699887414346076,0.04481457384303756,-0.05369498407278625,-0.0184668036261501,0.04330869213367922,0.18678177334219562,0.009660003036104271,0.06573008437547054,-0.03230259970019869,0.04496577128835341,-0.13132652255064794,0.01152189050385546,-0.0011196930699460743,0.03127149726006103,-0.026824310801121274,0.002916762033748691,0.032865770203931714,0.05460546277281464,0.00792617833403157,0.10681861083524039,-0.023184346954066237,0.01385815089953661,0.030400933480201835,0.01086060128782888,0.05079126821152685,-0.1417911237383725,-0.0028965384082764987,-0.006106006233646421,0.037840909600883064,0.02907972880624605,0.003228599446048474,0.021243517638761675,-0.1313746969113765,-0.05875567863961897,-0.05719296250616693,-0.05570710914890583,-0.03636911148296568,-0.09484990119199074,-0.012411888804060493,-0.05647139091547346,0.10649365118645754,0.04812087772852087,0.019663006392581197,0.008023631264342213,0.09508450825529892,-0.05715941043129249,-0.056545473739108176,-0.01498303164293546,0.09311697792683836,0.11083669392188762,0.09275509555470506,0.16141709980145705,0.08198269731970174,1.0,0.14174844216708468,0.06685389783667475,-0.04315510561375954,0.059965141047294286,0.0960877132224247,0.09508860349047754,0.07129674552080646,0.05780300460477569,0.13777604942246643,0.10528456368982964,0.019337746042906587,0.09942878524555088,0.014724438325989565,0.0843712327060366,0.10087328969136361,0.07833555125908741,0.0791904167357088,0.036882901352644104,0.01668725881082579,0.06683980851831603,0.1420289437824024,0.062027337273548325,0.04706894928734843,0.09579125527008937,-0.03996196664919963,-0.04424780459699772,-0.08391929259988044,-0.059634909374756434,-0.07570093739271926,-0.08816066750344911
Diabetic retinopathy (1+),0.02479284872644258,0.14131615956722715,0.11139490328239579,0.05454761664493137,0.2166535852135916,-0.048999476403380406,0.06785137908712843,-0.044890695124148415,-0.05151346244236462,-0.009962942088442261,-0.0891984966273559,0.07111334346514607,-0.019157297456030304,0.057504518798825295,-0.12097319156629643,0.09630223530284197,-0.10125315295194459,0.0011565797930695972,-0.04841921572230452,-0.09700955093038778,0.10169570905583929,0.1785081211563681,-0.03435271181406632,-0.054767227897607504,0.061068901549082115,0.09009659769194582,-0.05039202642642742,-0.037674680399715124,0.02280903290306453,0.24302929156778602,0.06761475052427725,0.10160617389386507,-0.09708368766696754,0.021952082453897587,-0.18889282606982863,-0.01796667257966366,0.0650333482011855,0.0493567812191888,-0.08822202304176441,-0.018887286933874033,0.05216330329243881,0.0477910406499764,0.041744895033573766,0.15712109201350086,0.0153478845779113,-0.004129013236801201,0.05340275442932724,0.017221617068261686,0.02292710252279007,-0.28680689067184834,-0.008053175934912928,-0.004299056382076101,0.05649874680890646,0.07592357369789333,0.01675704045483998,0.028673315908824857,-0.20271004339130855,-0.12132148822924219,-0.14504912045904636,-0.1560005383598481,-0.06260259390645542,-0.12253469607696976,-0.04316772387005403,-0.10216604761442513,0.15775457739059257,0.08670362021110044,0.03275466797482247,-0.026576368591471153,0.09990865954535535,-0.09572062490179639,-0.07388540176565503,-0.024959224358832768,0.13936721092617857,0.11000959933639626,0.032304535329780094,0.15408243790602727,0.03495829125100081,0.14174844216708468,1.0,0.01442653987914675,-0.03844157561744367,0.0297100615341522,0.10255468116753008,0.037455459510196944,0.1793100533135646,0.09638305387619907,0.1480573417094738,0.14383811623023343,-0.010611770324676157,0.05787059687047563,0.03838298394811251,0.10253952858981015,0.09300692896423247,0.09611456940827484,0.003444085906693347,0.05254914386337544,0.012994812621535113,0.05435611661275779,0.20552806921676597,0.04384224863624831,0.10676949962035598,0.2238901621605485,-0.09516867272504868,-0.06086487910231463,-0.13859869591450896,-0.045122587053136896,-0.11346635185083433,-0.09968712073464749
Digestive problems,-0.02480814931842401,-0.05868916829505497,0.05929113497869218,0.016513901687087818,-0.016588939927136472,0.04650213343126638,0.05470911040744197,0.008081102145572719,-0.010576421654099184,0.027524971531235884,0.007328320626924544,0.04408087135846801,0.015009238574412213,0.0205517239481221,0.02174747655053131,-0.021951546953555858,0.010100775391672496,0.07476835985356732,0.10748858171895756,0.010799835393908365,0.02885303668427877,0.039885691245240884,0.07489017284008714,-0.009633787994398976,0.02568303009631967,0.038478144903174194,-0.053365971230836286,0.029644112489671186,0.013851556981807322,0.033463028502783966,-0.042361185960663385,0.007439800015067494,0.12211402443973657,0.014469369991331856,0.04272632853536761,0.07591568172389318,0.004161840441223744,0.008995252811432217,0.1306921790851026,0.011105043006121227,0.04127173061810582,0.024263804842389422,-0.0028367415748079394,0.03832701711216305,0.029074841831039935,-0.006898972757189235,0.01677592671000548,0.014919415128885933,0.047728265180751295,-0.021396798093540687,0.025422805527864873,0.022241486288472796,0.021341543602020695,0.03576915811668609,0.02729810293631049,0.03928770631671854,-0.004463139525037994,0.03029679372684104,0.018326690425005204,0.023181155091803924,0.010541006018811503,-0.03185673900910327,0.03189194019906054,-0.021924718822942026,0.03698178975698238,0.016931362973550156,-0.013525052666859131,0.018503839882545697,0.05307882174538132,0.011508269661939933,-0.010208320431911146,-0.017275680362937803,0.03942394811007641,0.10140080122925207,0.06126325349911034,0.1280448892803058,0.0933682917567132,0.06685389783667475,0.01442653987914675,1.0,-0.016320163422750434,0.12236095202170737,-0.0021720687912072,0.05802751199938739,0.0179293950029984,0.00810296018118131,-0.005690978570842395,0.00272271828254696,0.08118795985180652,0.08179730190329633,0.0056632179201875675,0.0030751169827972053,0.15671186359309672,0.010960277023577644,0.11834397775090685,0.010749305280455711,0.002093125399268747,0.05862194101673855,-0.05117248216194588,0.1069055120323998,-0.037916342363462426,0.01829019225616444,0.02949279505072708,0.0004308436051801046,-0.030723165184501414,-0.025680379501769178,0.0027146184381983164,-0.006726458956796441
Marijuana user,0.03666897968111041,-0.025149629518775665,0.003303503934625372,0.0007336679509651715,-0.06479229482993734,0.02859931189373613,-0.023382704667517604,0.013586496854471112,-0.009505628205825973,0.004925368384940455,0.02757148342019518,-0.02458813615241094,0.0045531489401044985,-0.04990532088102903,0.03510752201434386,-0.031771332533689446,0.02214440903589748,-0.03293321965762554,0.01674348568286385,0.026120228316425277,-0.013374620508013033,-0.01245186483591739,-0.008173775683642739,0.0169681128652148,-0.02026735458840112,-0.05542649663140598,0.03534496374650265,-0.02652992857722782,0.009407822839486098,-0.0365582795313526,0.061859883992532186,-0.06483078541582103,0.024989484365118147,-0.01044695232581567,0.1524302786090102,0.033668579117323176,-0.0217366901126074,-0.011987812549013632,0.07489866429145707,0.0029973738493763655,-0.03862328752688308,-0.021156014205527762,-0.0028694688865642435,-0.04705140267927221,-0.012724383162338836,-0.023472323384698828,-0.022501341989653832,0.01672194942458566,-0.019972409763558904,0.07297763704924809,-0.017797669356132282,-0.019862786401497443,0.0027462138083237976,-0.04182769385608051,0.02626323029466743,-0.02707918487971921,0.06661117805051259,0.02955990774056356,0.037719645018132096,0.03548776957904814,0.03642012680100914,0.06316751298225645,0.024106996495996916,0.024907858037802818,-0.06232563605232191,-0.025931661954828697,0.019901305045597326,-0.020984085010170506,0.00935556278311618,0.035811155842988,0.01334382522118876,0.012612436489827364,-0.04609887559578843,-0.06531902467000734,-0.041254394457406446,-0.08652812985723385,0.0021592993094628936,-0.04315510561375954,-0.03844157561744367,-0.016320163422750434,1.0,-0.010739684025033535,-0.024844365108858995,-0.03716523066888066,-0.012647587575582243,-0.030725997033982013,-0.10490018843070212,-0.04558014969546731,-0.00729658312006737,-0.012247737754574215,-0.01981882494640702,-0.012185568859758007,-0.05026356749032952,-0.03943735645510081,-0.017616897949428827,0.0055542527376476235,0.0034331458071653015,-0.0455649989931294,-0.08802231629222733,-0.054951787304187476,-0.023273186240740644,-0.0334619548691999,0.13491625135662905,-0.0802094423768537,0.03426918609429431,0.01793309783829376,0.045802690311785486,0.017220957255946447
Dry eye (1+),0.026117239057948546,-0.03330255465688348,0.045373052826154135,0.04828278205208806,0.026078449857890706,0.05922591322492513,0.07901731370789268,0.011343560064556387,-0.026823866418452955,0.01513098613221963,-0.030681705629655182,0.007130977134955258,0.02362675561322479,0.007256710958947236,0.0014380641636740708,-0.000311888444981013,0.015550181069276253,0.034207612110962196,0.03176903974501126,0.05835332040359472,0.06450217923804227,0.08663827159322111,0.03960150903504152,-0.030015899377629798,0.02724418038175719,0.006530297666305649,-0.009251273840528694,0.043577086026784534,-0.0034895881205508072,0.06704773133546978,-0.0009717117123407604,0.007314870980146825,0.056005294317584435,-0.01312729340345627,-0.0167575290103057,0.029798591364380424,0.058742174679881014,0.034970677942955046,0.0772811685698698,-0.02655718141688533,-0.009806569657237625,0.015934114095434125,0.0024016500808868393,0.03084321406176855,0.011062968307266713,0.02036989366245526,0.013428695744996642,0.02379578149852353,0.015758416576638682,-0.025291789048485943,-0.03514301937697149,-0.02904545850951381,0.0523546961089777,0.025671645264390582,-0.02452202771123808,0.0008377566971422633,-0.0024432076384315465,0.0049903354721126765,0.04289705893316567,0.011472549710835379,0.03141683715185962,0.0015737577879785932,0.018028150704809554,-0.023968512139952974,0.06570707097044237,0.0178531864936164,-0.005803209889190441,-0.03892168380405209,0.09053559677694903,-0.034089597957046386,-0.015845630026004167,0.006376081775954831,0.05009616821744134,0.11008604001571293,0.056748574794619686,0.11427410275309276,0.08044106417612595,0.059965141047294286,0.0297100615341522,0.12236095202170737,-0.010739684025033535,1.0,0.019678583474667735,0.028329536831241644,0.03843515498807082,0.028130819873653807,0.037520927067370875,0.028426340503187274,0.09690435955278784,0.06804919030134547,0.0005246490393053205,0.045275700832950336,0.11929590358029847,0.03979494454673592,0.07061933066266497,0.023960342817099297,0.010475143538346571,0.03156618149888971,0.008429744652938352,0.08368358268135052,0.029846963846722037,0.010229837635587451,0.04233203144915471,-0.06319592999680175,-0.0706308731372933,0.0076987949588079845,0.011564112836355467,-0.028814877378925866
Glaucoma (1+),0.01482557962097895,0.06679184174553972,0.03579242901953608,0.02078728345567989,0.09777187299605872,-0.014484675483944635,0.017739251396017817,-0.013663962518446681,-0.014692916873283493,0.00022569598128272374,-0.025408559045129633,0.023076479286942134,-0.01253807613220264,0.06763265910233214,-0.06015910147915013,0.03141590916337697,-0.07044127219360286,0.0020777935323761363,-0.01722806365747874,-0.04536128620032264,0.04774623640569032,0.11008683784145591,0.010586169680917681,-0.04460580518751329,0.024106785287132903,0.03192187020275232,-0.0293172031879232,0.016905230895090547,-0.0025125673613760227,0.10314438658221467,0.0959978210477512,0.07594857651025265,-0.06193145490395211,0.023853858445009403,-0.10064044144039447,-0.0011509682401968718,0.07241281571458,0.03951069425847948,-0.04337665841238701,0.00828601434083788,0.050261805639639896,0.0388783265921513,0.03263504246414542,0.09788099263618417,0.03590796419548679,0.02072866158853262,0.04892505749154548,0.04034088230132362,0.027521700323047838,-0.1741090183116347,0.005619518916454636,0.01375490808582963,0.03986162469757308,0.07004131608006778,0.02066157184523534,0.019517029257033712,-0.11247197411012991,-0.09027556836426026,-0.08115576314304776,-0.12301115861744967,-0.028482020711500567,-0.05501091056621803,-0.05909090382220677,-0.10698289024901332,0.08966934540754024,0.06243003786056409,0.015348307900684881,-0.004693996250087004,0.09497704236144888,-0.020130177218087148,-0.07417526353597981,0.00832124726706019,0.0640285691432977,0.04716315254154316,0.017526838783120714,0.09312515736724429,0.026746073940396534,0.0960877132224247,0.10255468116753008,-0.0021720687912072,-0.024844365108858995,0.019678583474667735,1.0,0.028318517928047217,0.06728269020928263,0.059770317344206104,0.08246819225427168,0.0657863439711961,-0.004246496997383731,0.02603330573492081,0.005070858113178303,0.04991495002054571,0.012254448176893877,0.05381670525756134,0.019387650065905714,-0.010346128891652198,0.02662020315414748,0.057076380723159494,0.10885531772607637,0.020222613320058844,0.0674274432135522,0.07386946686732813,-0.04443862692268777,-0.03824409544139365,-0.0845541969283346,-0.03254991537790655,-0.055147614500007665,-0.08257746045049605
Hearing impairment,-0.22632097517874905,-0.050864147860397724,0.053848273745354246,-0.19452328491819434,0.04357497346970969,-0.1274237219965721,-0.17326765260241664,-0.12568442304137364,0.02704474911834406,-0.0100992838996592,0.0033344789717982136,0.0025261729771725427,-0.031072931360531533,0.07003837378091453,-0.0939500515407795,0.10294252584882901,0.17041543569994969,0.00039366999752404354,0.04184474374290442,0.10700836550256072,-0.07349914016787763,0.17820916772284512,0.11755962735243895,0.060964605633903816,0.035033791038294716,-0.0011746356978228826,-0.10257198533627009,0.035945391477350985,0.06940365176381491,0.15470334145487064,-0.14022646784961812,0.02971588983462987,0.03427419078874913,-0.010109513301094728,-0.15905168166100708,0.04946050282855068,-0.042965458174773645,0.06933039150240765,-0.076226580434967,0.0011131567287615048,0.013240818314944341,0.0003307552210093391,-0.01772537414773641,0.11096362744400064,0.06729053423840552,0.006643776894643216,0.12029217044004273,0.032342106983917616,0.08162827494992636,-0.07852057943673664,-0.01186597053085847,-0.012687629191210184,-0.0211423987224006,-0.03032287157723269,0.11451986208664425,0.03597079200330544,-0.06517544214071123,-0.05399359361495481,-0.05754713880371045,0.008230054109622518,0.0029992955426711328,-0.0719801022529681,-0.022972496774475035,0.02421386436829774,-0.04702965464959002,0.07234786341380833,0.11443376675623014,0.09779076212996551,0.03867247570589715,0.008676929024289844,-4.86330864852074e-05,0.08389229759389075,0.08828633298998464,0.11248603271172818,0.20013714344013903,0.20555512844295157,0.042075809053584476,0.09508860349047754,0.037455459510196944,0.05802751199938739,-0.03716523066888066,0.028329536831241644,0.028318517928047217,1.0,0.06487156773566399,0.016999908292378012,0.09015102666059552,0.09802026649303619,0.08275765015814247,0.12220610421199384,0.008101492343897815,-0.0997218374866176,0.13638164622881183,0.12505009708625922,0.07637762630557436,0.025366304613825497,0.03462925945542769,0.09623940389173002,0.0327294335041322,0.13165432806272298,0.02867377866951796,0.08231128923610066,-0.01826541812182178,-0.042825802123984416,0.06149494280980268,-0.052208701030952924,-0.03554554039989285,-0.03569529712159904
Heart attack,-0.014354995194371072,0.09254769365429964,0.10831837591037902,-0.009804943477073122,0.15226057341177401,-0.0639871966256974,-0.00887533763056991,-0.05606510913440649,0.013750093014452364,-0.011920549547321814,-0.0603603545746882,0.008344937077303884,-0.004288132419486656,0.02353228593673149,-0.07460758462736006,0.09094091055673359,-0.05077752440586595,-0.019218155197488814,-0.03335611176729186,-0.07146950214656374,0.07622460863214725,0.21445748029543227,-0.022019607293104784,-0.022205499893069778,0.07540967225926416,-0.002497423958008669,-0.04066116020166402,-0.018856350826623115,0.07113537129660345,0.22642814841928274,0.054307192044052974,0.0789043177268877,-0.0918365411540672,0.040786511316423905,-0.16499626540571352,0.013870967379854241,0.02855988265056859,0.06435845343228157,-0.09931820474046242,0.01774630608915726,0.006518423559808562,0.022401308733746066,3.053946307979409e-05,0.09788504502991212,-0.008581448058036395,0.009061804062198071,0.03875216036622642,0.018517714355930897,0.014701954257482344,-0.17114096702784418,-0.038064798717980436,-0.01461066996056853,0.005893566412767916,0.038495008584787334,0.006857835816557779,0.009492013403664047,-0.12368869637532605,-0.0748311823194015,-0.10548488712320594,-0.042631132070535815,-0.04738397091597191,-0.07414031938472176,-0.02628938476333459,-0.056344986053702625,0.0740788998691624,0.050187970206984844,0.03320765331406706,-0.003569005838105092,0.08576634179802607,-0.033679589873053105,-0.07264902870910823,-0.0030406393156864274,0.10679521351740025,0.09122466404500003,0.076631511604767,0.145046620594011,0.052851962417172806,0.07129674552080646,0.1793100533135646,0.0179293950029984,-0.012647587575582243,0.03843515498807082,0.06728269020928263,0.06487156773566399,1.0,0.10595807101231583,0.106618051441079,0.08562365635181414,-0.014611267677048909,0.07174397655541001,0.01391891085186473,0.03963082456638245,0.06583038945085502,0.12056151522050057,0.026465330620034404,0.05773559506509648,0.030334115707661695,0.08548132754656475,0.15384336345535796,0.02804144799078677,0.0626902082490786,0.07779783991269927,-0.005564260105838638,-0.07586047922140907,-0.07339489403008471,-0.04640469885556781,-0.010478401717124346,-0.10471182044298506
High blood cholesterol,-0.013965507078107432,0.18023956131667948,0.08561191040312151,0.004483518756833111,0.1739686899014306,-0.13480279794779354,-0.003005069643820915,-0.08336515064617236,0.024063639516805835,0.0226239433240253,-0.06922531737693643,0.06366898226532884,-0.016061539156124755,-0.00826468376825578,-0.16284314462984417,0.1932228142234206,-0.03392257607619074,0.013870637140022245,-0.0627763269208838,-0.030435425069036334,0.07137593015088296,0.09972080747538359,-0.07746505769200109,-0.005433447290559613,0.1283661952165995,0.05138423711328714,-0.0003134719037802687,-0.02346367360156612,0.029889739138292085,0.17718593379466294,0.07548519127689936,0.08918631430203158,-0.18456995811028898,0.03504439700481523,-0.11207291207896145,-0.04546108561977462,0.07935608899148269,0.013662955653459798,-0.053192821313075254,0.002530811760736397,0.012197236348022932,0.013966017465504427,-0.044211154486378974,0.06082068912872847,-0.040386845747518975,-0.024294660770924476,0.0035746738027286036,0.015398350199981512,-0.017136385694860867,-0.07145211468296088,-0.020479080141101336,-0.09007973250267057,0.02192655672697982,0.021361317892414165,-0.04217492141569378,-0.05030776688844467,-0.10814780167494668,-8.734533186942412e-05,-0.007850695391605862,0.010829070630381486,-0.03624578852913169,-0.05224120093920293,0.04871525338898079,-0.01749660623442772,0.03997750260436011,0.05030535144932389,0.002720136387631745,0.002987437645563408,0.005410774276669944,-0.10124660832194005,-0.0768953595063238,-0.056661694000661046,0.04872378939094013,0.08912579490812532,0.03223700842812264,0.136005926938858,-0.0006465190128509467,0.05780300460477569,0.09638305387619907,0.00810296018118131,-0.030725997033982013,0.028130819873653807,0.059770317344206104,0.016999908292378012,0.10595807101231583,1.0,0.2298590466951894,0.0991553066881186,-0.01523772070730037,0.04382890633117275,0.00844308716106163,0.1532791674998211,0.009374623551922845,0.07254304788672933,0.009739907404014328,0.018386089251172532,0.03118540027708227,0.04131903521757283,0.1867031447001979,-0.021244031685721258,0.018374091660919363,0.05230664055024575,0.007366497543769379,-0.032934796803777554,-0.0861850124756916,-0.030965327432938002,-0.02324763786078792,-0.012886423065124174
High blood pressure,-0.02185060417697721,0.22563948142888693,0.12766724509605856,-0.004664709738837603,0.2875926966095202,-0.12315183108011757,0.013110504039349987,-0.13745775762372991,0.015917241768012375,0.0017106077733561726,-0.153587694852666,0.10779024058872465,-0.021125306351641813,0.06510816065896036,-0.2458885713502708,0.2541336311655632,-0.06099723492332745,0.020951048776762345,-0.09136852654665076,-0.05455226045674418,0.09647883101156879,0.2185245374443205,-0.07591546375227659,-0.013657733781140734,0.15784235596985677,0.0670823091141276,-0.017745149878830493,0.028277879586321428,-0.007282216110946181,0.2742653725357995,0.03036880932996138,0.14578136649052464,-0.20733941956696064,0.03205769732329817,-0.40293839919460395,-0.08069422390068874,0.09459393993022137,0.09801070618341831,-0.24582086854307264,-0.036859627338537856,0.026286704701075747,0.06052023377907547,-0.0335638461188408,0.17616690792988585,-0.0012025331677495209,0.034728631051845545,0.06190055562749409,0.026887078344738774,0.01947884994497485,-0.22467754573083826,0.0068400831498142325,-0.05951088103550486,0.022784139590069873,0.05425974456256651,-0.0375843235858998,-0.008042823523921841,-0.21378757188652653,-0.07345140218295303,-0.100634836841507,-0.066230971834732,-0.0590179773257801,-0.08836166046964315,0.04635151622096408,-0.045143750364799104,0.1606360339355566,0.119844917266437,0.07345137613699125,-0.006939459432529815,0.08159965398052979,-0.1439864011007887,-0.11115002897643328,-0.006244578775882886,0.12125816401268714,0.15122260367656076,0.11712312196515129,0.2414806111632269,0.07493695218599629,0.13777604942246643,0.1480573417094738,-0.005690978570842395,-0.10490018843070212,0.037520927067370875,0.08246819225427168,0.09015102666059552,0.106618051441079,0.2298590466951894,1.0,0.16718514506829535,0.00240671926583092,0.08398008272221293,0.009007199309002572,0.16136993022682608,0.07742567569698636,0.1584856906297125,0.048664540213665904,0.050381633937093405,0.032221510624048724,0.08640103956896882,0.3498939951967385,0.07123536167409064,0.13732432507956693,0.08621077488491066,-0.13577809614372238,-0.055822960876631814,-0.12044134478470403,-0.0346696355858828,-0.0717853912009644,-0.0788482805111161
Kidney problems,-0.02709603156217238,0.1344680874095362,0.08013739900271985,-0.013829285857025926,0.18148634640675285,-0.05206234212498623,0.0113183965749463,-0.059684799126884645,0.028426272757977634,0.035804454282567184,-0.06248766229593867,0.07138896993966203,0.011469595699571676,0.06245969636664251,-0.07457496754434952,0.09653466377413575,-0.004369653514760883,0.061545123769293664,0.007558769013309519,-0.06355408609011852,0.02502999486899065,0.14575774171545966,0.011464970048154005,-0.015195153414864137,0.10604275107029842,0.056432476017886674,-0.07897257543989536,-0.06447021714884181,0.07977234018952098,0.21252930598469802,-0.05734735403439583,0.09792020660433373,-0.09235975605332786,0.05574305872433646,-0.20586488724271304,0.00406702847656475,-0.025152780767924033,0.020027328702673364,-0.110728860383759,0.01868839264558292,0.049580473626956396,0.03851329998017258,-0.017585114445905024,0.1057836279459433,-0.02428777841301048,0.022720094921100997,0.007996255041024768,0.007269154383531914,0.07345585957323394,-0.14628915121240013,-0.005649479893932773,-0.021128892178237567,-0.011070836076075546,0.033926224117182824,-0.001174266111754369,0.007841230800303587,-0.13365741951055402,-0.03774392343044072,-0.09700327174841614,-0.04730338644320685,-0.08736260799598582,-0.08587047345126284,0.004448549680804475,-0.02792598409561876,0.0992715173847984,0.058433713333349124,0.02122998337146377,0.003775586764153838,0.03563198263521604,-0.034210461202051144,-0.036952694685923555,-0.010543196354123678,0.09531100305623112,0.1271678670651886,0.11375562874146666,0.16550126156397782,0.03780219454484348,0.10528456368982964,0.14383811623023343,0.00272271828254696,-0.04558014969546731,0.028426340503187274,0.0657863439711961,0.09802026649303619,0.08562365635181414,0.0991553066881186,0.16718514506829535,1.0,-0.011763157287452227,0.07611302588171542,0.025353084420763526,0.06982239149462197,0.08063808556747577,0.1086934604285423,0.039296036455366765,0.037193672217262594,0.01932710414376889,0.08828832823642661,0.1812705863791403,0.07705758126682272,0.014039258321953733,0.11007739701812116,-0.04068610087258427,-0.026944328103734313,-0.04446671464441615,-0.04291354649884576,-0.08418576310950607,-0.06162862081111561
Low blood pressure,-0.05973245910570315,-0.04901215266797286,0.026316196195069613,-0.0030495988839885036,-0.0242757698229849,0.018858939802755898,-0.01713194591718968,-0.04020879543589448,-0.020596935052941363,0.02843764587642418,-0.011682095540804809,0.0018140722884690615,-0.0186120117891787,-0.015031751074775064,-0.004422202866710079,-0.003964734684284163,0.0950792063564026,0.020334024003644494,0.01793458804814344,0.05024928741654228,0.004509821107544974,0.0673097659014772,0.08281076978885236,0.008813885183417632,-0.004642423154636281,-0.01382478770102214,-0.027499076515836246,0.08623671268789422,0.011484197521669546,0.022826035413541702,-0.08749253936095601,-0.02688270126315249,0.07511123062401755,-0.011187026011233323,-0.03213549186560895,0.014872457288179144,-0.053150382250412805,0.03270533196285118,0.011409167299250086,-0.021513343287835926,-0.013128063243454323,-0.0202416269301248,-0.03379753860919576,0.005592060352819699,0.05424195904544054,-0.006162693589558763,0.062454241645418705,0.026945943016619515,0.0187808465075707,0.02863689423973566,-0.023244886893800176,0.0011812549316796846,-0.01606594189445026,-0.023741895058703655,0.03404267588985353,0.006801751647030093,0.04313136956096904,0.022939385918680413,0.02659450023832531,0.03263407716248024,0.02399995755496311,0.008117059781437237,0.06386274023842724,0.029086127910317026,0.0002079406136525345,0.029868536422599765,0.06372684509117023,0.008108233224953593,0.07289740970178653,0.01609530051435257,-0.008729169744085977,0.09753997914173504,0.04865680007315068,0.06638485331289025,0.07573330646817084,0.08648235331567039,0.0732566686020407,0.019337746042906587,-0.010611770324676157,0.08118795985180652,-0.00729658312006737,0.09690435955278784,-0.004246496997383731,0.08275765015814247,-0.014611267677048909,-0.01523772070730037,0.00240671926583092,-0.011763157287452227,1.0,0.04375706604349321,-0.006457817688938659,-0.010036839546726435,0.07607243703694028,0.05597090082755119,0.06365464911407125,0.0708998717309419,0.018958099970720597,0.06896014952046842,-0.044851688245939846,0.09518495143092999,0.08799257744295233,-0.016662379114985946,-0.015924426632021482,-0.06889952303138247,0.03286080987798161,0.03541547537782742,0.026422632053584562,0.01640356997595006
Mild cognitive impairmen,-0.08242200309367802,-0.009346411973807039,0.03501273228677595,-0.05447941098539745,0.06080526334503056,-0.0435643832880121,-0.036574006795300665,-0.04879518312509669,0.0050744510208042964,0.013989104401390635,-0.009492178457980997,0.04677524086109096,0.00788280849117601,0.0631535664094718,-0.05308024213066,0.05661347927473336,0.03205213516712587,0.054577522925518256,0.015516966569236283,0.027325397780887096,0.017778233121347888,0.1053660266627736,0.0751108953632112,-0.021488900626476327,0.04801156137349698,0.059421826888523786,-0.07716093316976316,0.0028434951564791683,0.018380129597912232,0.12650799177749641,-0.03825532306153256,0.05608227143369737,0.03529229986837608,-0.0012525903709735059,-0.0769757249566758,0.03696590075911482,0.016970671653339264,0.03961781067067745,0.00958691184839089,-0.010115691293394676,0.07072884541025931,0.002109394973474736,0.0028385590418976135,0.07922845075311982,-0.01215658184746667,-0.020193934983371232,0.07927969726900588,-0.0002494346336047988,0.06856022976710786,-0.11940451934248435,0.007988614364548155,-0.009830908088422272,0.010326691922472616,0.019327064567105715,0.04088521668949438,0.023738114573892265,-0.08093497952334602,-0.019166909036276197,-0.033833331682004815,-0.041291545666664736,-0.010133063648318662,-0.11993502519465696,-0.036500565839634715,-0.02637260785109911,0.028424678327226567,0.06073255315066652,0.01611154570113759,0.03330198841747153,0.02195632917370989,-0.016701213857988458,-0.010608429409019092,0.020294247598774132,0.1079131997373604,0.10172177351924015,0.11748750636330903,0.17938422929205544,0.06736215688262565,0.09942878524555088,0.05787059687047563,0.08179730190329633,-0.012247737754574215,0.06804919030134547,0.02603330573492081,0.12220610421199384,0.07174397655541001,0.04382890633117275,0.08398008272221293,0.07611302588171542,0.04375706604349321,1.0,0.046369949615977304,-0.011656915175498024,0.13105629034146082,0.07755448185218355,0.07505786826830554,0.023405107740364566,0.0022981225264507104,0.05115154723334061,0.04073659633597251,0.12828481637952507,-0.013572435845072898,0.10273174685268976,-0.019018685533716537,-0.00203396414544422,-0.011253345960116855,-0.050623786654213035,-0.04142420039342828,-0.04877766445742435
Multiple sclerosis,0.004193810809067882,-0.010728969755931126,0.00940142410715126,0.0048629680283893495,0.02541484551746173,0.010097465913052397,-0.0033049827746686527,0.014223004849186248,0.006930914781434007,0.011186716888503598,-0.005591137965112684,0.004428039266008823,-0.003195073717998505,0.014948727798253502,-0.016190459006069066,-0.021854227207491875,-0.0051588557992522585,0.013239036610497336,0.012696734903990538,-0.012131985774594296,0.02607549076851056,0.03410363493312915,-0.009057039075176533,0.0022656786990308186,0.015493910397923201,-0.010025805765716263,-0.016279636304536358,0.0032931459106414706,-0.006175066288631355,0.029821033753392304,-0.013314976432825502,0.004814217705629801,0.013495046537438287,-0.013688125305687743,-0.04295526536162634,0.007260342712629367,-0.012337683564814536,-0.005156905878843857,-0.00868707432572758,-0.0014342909230842433,0.011552943014047827,-0.009056591086058502,-0.0037529663583479077,0.03254274418801722,-0.013371879730407423,0.0058677049406277255,0.0011892559124899854,-0.004969819092481733,0.04865896200925018,-0.039563788746082115,-0.0016989226019381051,0.03208192083310345,-0.0030927510049837182,0.008460389561388596,0.015890693677046406,0.013970517763399304,-0.052394963064820846,-0.02583209400096448,0.0009511855213760734,-0.006014989953928417,-0.04199514931019865,-0.07567011554795437,-0.013957798895902,0.003664542512455764,0.011324524694461822,0.010055863568161478,0.019364265047763667,0.01931144542499833,-0.017869933170304855,-0.02282348857957,0.014486281237377201,-0.0027805058810440406,0.05227633793727589,-0.0024807714717130945,0.009873894397611627,0.04217956241383804,-0.005551616453560782,0.014724438325989565,0.03838298394811251,0.0056632179201875675,-0.01981882494640702,0.0005246490393053205,0.005070858113178303,0.008101492343897815,0.01391891085186473,0.00844308716106163,0.009007199309002572,0.025353084420763526,-0.006457817688938659,0.046369949615977304,1.0,-0.001551794026501864,0.03425644741033832,0.024539899671694516,0.026079678295301497,-0.006479510233662337,-0.005425593338421294,0.02978629014269855,0.028549720189900738,0.052276913057788164,-0.004994672376588486,0.09795382669939412,-0.02534309854027489,0.021326432285669914,-0.004169072519923914,-0.0032027044163972134,-0.0824954594150721,-0.008526073994660262
Obesity,0.2246903121163052,0.16815286543477254,0.0768888439692167,0.23006628929258569,0.16965724012128688,0.06962588583990446,0.2661834277002162,0.06519536572155044,-0.035027931892178614,0.047597363009277506,-0.14233851921997698,0.09724993256247537,0.051905804910691807,-0.04050173826591611,-0.08757437009340115,0.028825248172239217,-0.2665818783831648,0.05146827561385515,0.022195740851924484,-0.22552009277479182,0.1471510253984762,-0.0010928651825899709,-0.13621848840739742,-0.09924110219482338,0.15417061602464632,0.03977358788733674,0.027303087150150823,-0.10661060975425007,-0.0025548167375575178,0.11618971221114113,0.15366094465965563,0.09888989743568855,-0.1694209961604547,0.08771673228680484,-0.08229841956329016,-0.06329050001065188,0.07830658126789096,-0.009066681620878534,-0.035589699694001685,0.036564416174721205,-0.030329939574917614,0.08334543613864182,-0.014922372750684906,-0.005435697885263779,-0.1355852680304481,-0.003825303667775761,-0.1573936323163325,-0.03814016792097567,-0.022515082148905356,-0.018596551554586803,-0.04074431543774973,-0.05063106801757184,0.03403128761859187,0.048913349950973406,-0.16974502307534953,-0.04497079078439689,-0.050027194161404165,0.03706697895446217,0.04762123018714297,0.002002113969462418,-0.03318530388223569,0.0011240953922430819,0.11728648324590933,-0.07932061489708182,0.19588959019196278,-0.001403958734651359,-0.06677079997350273,-0.0966659497805499,0.07412508167633407,-0.12367465286019638,-0.13671829733075608,-0.1289841216504887,-0.0039780112991697645,0.09954377579950521,-0.0804219781616206,0.028122249971004813,0.0464882597162282,0.0843712327060366,0.10253952858981015,0.0030751169827972053,-0.012185568859758007,0.045275700832950336,0.04991495002054571,-0.0997218374866176,0.03963082456638245,0.1532791674998211,0.16136993022682608,0.06982239149462197,-0.010036839546726435,-0.011656915175498024,-0.001551794026501864,1.0,-0.005280717990514469,-0.022641871477567067,0.0017133720380131216,-0.004334167474813897,0.008628501905485439,-0.001604085454590439,0.1983194303122045,-0.034400424669010186,-0.020103898815351805,0.02015172606681726,0.03938238690395866,-0.02144536318112143,-0.1819930998788793,0.011047760405295478,0.038356090627433115,0.0045142681993805885
Osteoporosis,-0.0504142473357735,-0.04442561961036799,0.05982386422763286,-0.02098797257428612,0.037887595878189774,-0.0033708020094541163,0.0604912435739498,-0.027962188983354293,0.003095968987900776,0.055157093205190785,-0.028373667913418207,0.03733366329489093,0.03973834246013194,0.07267972425934777,-0.03517646111309015,0.06183910284725271,0.011569752876088607,0.046996039603090706,0.08254048347268962,0.04611708839973716,0.06048032307924546,0.11733849096260912,0.11036677506330307,-0.06336191150378576,0.022891942588255162,0.05035280955898029,-0.07358091136199323,-0.005157114808293149,0.04663784279811212,0.09270407728083588,-0.023037044952743013,0.08335251112648329,0.12408650372826373,0.000707460971139348,-0.06204939281388502,0.05913752684148449,0.036559305338196436,0.03988444902078096,0.08021847926531445,0.033523472786181605,0.06843573217000885,0.013079970906418078,0.012959795298564754,0.10512328909202573,0.018985058592504635,0.02008197023699544,0.04231840895341665,-0.006145426081865009,0.07757123262247519,-0.13948871902015111,-0.002217883006810686,0.005468651099306127,0.008718394085490366,0.03352532503246731,0.030497084737713526,0.07835632495700472,-0.09513551128391713,-0.00978676929377021,-0.021857805643600656,-0.045107776230698754,0.004303896865253502,-0.101413968214131,-0.039995418925562395,-0.04590467690512516,0.07257270981949676,0.029608536305074276,-0.012664278166121014,0.01480160004708532,0.07356183642958267,-0.02230397021832495,-0.025034496724352213,0.010515313988719261,0.12725472488370407,0.14284150844367965,0.12393520597570297,0.21644109495408234,0.13207348585182194,0.10087328969136361,0.09300692896423247,0.15671186359309672,-0.05026356749032952,0.11929590358029847,0.012254448176893877,0.13638164622881183,0.06583038945085502,0.009374623551922845,0.07742567569698636,0.08063808556747577,0.07607243703694028,0.13105629034146082,0.03425644741033832,-0.005280717990514469,1.0,0.06902981315902557,0.12664160064727167,0.030024122269322776,0.019575917964346393,0.0679249768324068,0.025212626340054153,0.21361503025025044,-0.0551528295825926,0.0952709642179246,0.05101858901007872,-0.019537082336737854,-0.06420914331052942,-0.06877353581981074,-0.042840339557211525,-0.05993850416411408
Other heart issues (pacemaker),-0.08920146946558988,0.050586738357216166,0.08745970850582156,-0.06643190483415934,0.11212820924506722,-0.11101907767461662,-0.08596963061533822,-0.10405297378250312,0.0057803535865017,0.014350336901726712,-0.05847519748268073,0.02465309130869078,-0.033841065605020426,0.03849539372579605,-0.1004291987529874,0.13763798521788242,0.0685082102911448,-0.029272975579344218,-0.04471996022282471,0.002537422829329838,0.017276376371079812,0.1945167828056043,0.024331585771207496,0.0032397006536696153,0.057568360239013454,0.02160341804253903,-0.07321543159184739,0.007211158830744206,0.06352630312512622,0.20932287365022142,-0.05294662958244146,0.06230934315655991,-0.0764003880723097,-0.01108374402679552,-0.2136507096887058,0.029283782369622056,-0.04388928088987403,0.06412120352861432,-0.1399049309360187,-0.024903353528798383,0.015129649297497997,-0.010141334520388264,-0.02713255435433152,0.12015235145333389,0.020716861441904176,0.0003312877410412642,0.09143806388452778,0.012896214774392812,0.03750938738932394,-0.14134186980308935,-0.01933579924187253,-0.006680564381196247,0.01507470428247201,-0.007257885460398975,0.04613463194975803,0.013688169417482163,-0.11853877952074501,-0.06761311270760907,-0.0736579366414094,-0.04221404090684242,-0.029041279929384628,-0.06903278672736425,-0.031110027388976835,0.011475571976400992,0.03246614128851188,0.06390845678465742,0.08011366184155402,0.04105122817807839,0.08396212813711977,-0.011368094685892421,-0.02355791021899652,0.07859691672117625,0.11483033132652733,0.08587302108138745,0.16231784739224095,0.18077027175481422,0.038219462886466535,0.07833555125908741,0.09611456940827484,0.010960277023577644,-0.03943735645510081,0.03979494454673592,0.05381670525756134,0.12505009708625922,0.12056151522050057,0.07254304788672933,0.1584856906297125,0.1086934604285423,0.05597090082755119,0.07755448185218355,0.024539899671694516,-0.022641871477567067,0.06902981315902557,1.0,0.052777725133186563,0.08068416144693202,0.018592074365135092,0.09644016882765921,0.12257962287225516,0.09248566948489366,0.09254049422349146,0.0978704710893743,-0.02578772714851888,-0.0937714230065195,-0.01031103954338517,-0.036178654384764426,-0.04053258087207857,-0.04456416644361597
Other neurological conditions,-0.06888700722608702,-0.03156202539727349,0.03655041135920641,-0.04099378853393205,0.02035892486753731,-0.018718302909956415,-0.014753978165471162,-0.02735107361061286,-0.002179077360307113,0.00018555734485609617,-0.03798296232492545,0.017503269844616455,0.017464451230722197,0.029992957236801947,-0.04988807174983798,0.037517050102514694,0.002124639544688995,0.04978036907687179,0.031258257108382544,0.0004165239041733524,0.03855235635617705,0.11683285418460122,0.07070141974037057,-0.026444557207638306,0.04359985556724303,0.04501765198480537,-0.05662092625684558,0.018914271067006664,0.04241788344459055,0.09619442879561935,-0.0018142803709121167,0.014020758908461743,0.07059342229243945,0.008156782336861238,-0.03203024727401388,0.030283364116649093,0.01839088338620351,0.057219648321560984,0.05602482774011781,0.01312667796835217,0.02596152044491186,0.014302941805244895,0.0008902399484028995,0.0589237214698635,0.01756977596886408,0.0050694903426513225,0.05810787070540238,0.05932837260991811,0.03984649799179803,-0.0746059431551777,0.0031908161023877,0.0028206598179528154,-0.0031145579333364277,0.03635069421849134,0.056873126474118005,0.035395537790491274,-0.03251536598426712,-0.020842681115315988,-0.036772185974816275,-0.00662964740052109,0.012107980168194196,-0.04455193193808051,0.011459728292214606,-0.022200941162272374,0.039873876011137815,0.03973714286383156,0.03787746351319175,0.045469016225737874,0.07573887344856513,-0.008309313626622713,-0.020357104672585506,0.026928203886144114,0.08309377925104497,0.06391942415569629,0.061577590460463565,0.11468566394804937,0.07342791895497106,0.0791904167357088,0.003444085906693347,0.11834397775090685,-0.017616897949428827,0.07061933066266497,0.019387650065905714,0.07637762630557436,0.026465330620034404,0.009739907404014328,0.048664540213665904,0.039296036455366765,0.06365464911407125,0.07505786826830554,0.026079678295301497,0.0017133720380131216,0.12664160064727167,0.052777725133186563,1.0,0.03333335534612965,0.02872970847262491,0.05827562951993245,0.007621772960104739,0.10670555557263574,0.011467599804798235,0.04922903662390717,0.001523181637082654,-0.02710766366794796,-0.032334885686983755,-0.01809763775244386,0.017624725537757756,-0.03863731777241446
Parkinson's disease,-0.0382748603963946,0.02884952965607754,0.03260656084266343,-0.023634965585203276,0.040035849103295246,-0.023876272154235652,-0.023926045911769448,-0.015181769724499082,-0.0018111410898813862,0.010199411257264167,-0.005876125611171073,0.021200216644646035,-0.01720970015236,0.022221023250445934,-0.03247032481512275,0.02593384498082059,0.016498858965539945,-0.010008808007586023,-0.03821093021847684,-0.02729912360072628,0.006306320689272407,0.07243374930228416,0.016264351930100028,0.007412890743078347,0.023200347461908046,-0.0046960895087334725,-0.020460230405114754,0.021164824737244056,0.013166024794399822,0.08895117880122204,-0.001139050797568672,-0.0030192616020443003,-0.023930992653304863,-0.0048686039569934714,-0.07273659093598153,-0.029952552935568814,0.00298375702411762,0.019976372186736025,-0.03208287842668387,-0.01695505685529921,0.023750680635698955,0.013233811277229815,-0.011362790134652124,0.11289649188195942,0.032153129251414767,-0.012904701117727273,0.05315065660787293,-0.002512891575650689,0.007169013942849827,-0.0938768799010809,0.01966461274276818,-0.0016033355569260394,0.035243616721122584,0.022444358017478377,0.05489756996044916,0.000330086932047093,-0.05496871462904487,-0.0626495280078566,-0.05199133423387215,-0.019254138089037007,0.02042788450992429,-0.013243235669468762,-0.018213119570886366,-0.03199503570945608,0.035299057047602285,0.07268267599635833,0.048541118377484115,0.00659050520423367,0.03748110555964569,-0.026628055214728226,-0.033950195778726835,0.043917341937332974,0.10175182227205229,0.035382112575942676,0.03693279328948997,0.047810737602271045,0.014527659493229515,0.036882901352644104,0.05254914386337544,0.010749305280455711,0.0055542527376476235,0.023960342817099297,-0.010346128891652198,0.025366304613825497,0.05773559506509648,0.018386089251172532,0.050381633937093405,0.037193672217262594,0.0708998717309419,0.023405107740364566,-0.006479510233662337,-0.004334167474813897,0.030024122269322776,0.08068416144693202,0.03333335534612965,1.0,0.02620316493577131,0.11133759289152721,0.03216390540055413,0.023176413768948027,0.06979281925589907,0.026487194936774323,-0.05614838259960259,-0.015086807295931991,-0.023570443751373106,-0.009112385778155768,-0.05432658924256551,-0.025729411094854132
Retinal vascular occlusion,-0.029186946762141716,0.012978847587808517,0.0346855397070762,0.01155817226104077,0.028477775762483674,-0.00087276507943822,-0.02151779269651918,-0.035046575578237905,-0.004027831515974517,0.00581900911811016,-0.00560091032697154,0.00244481750275171,-0.011021429131681654,0.002857788270758774,-0.021973737713787113,0.007804821444606081,0.0002833149225494962,-0.0057311967795090025,-0.008843711645580682,-0.021034583910607307,0.0018129903164563106,0.0359548505956966,-0.0015038062292626032,0.020647054422297594,0.030732416780740523,-0.015813655847340295,0.0012417768828107741,0.033446774091329616,-0.015878428929746162,0.03026599421157229,0.0015660033548990204,0.029827380913504287,-0.020319529419991423,-0.008312746721266346,-0.047419246706440356,-0.01973953478002962,0.006565065625408538,0.020533538756902534,-0.032720959580063304,-0.016857909406405795,-0.0015811899946626454,0.020991393531331566,-0.007538155080696174,0.03699563502653609,0.022309064504767558,0.004275212915276539,0.04586628993369094,0.021301745618199624,0.02066829281727969,-0.030812558841573724,-0.009045168449005762,-0.036051702013847914,0.004666063546472163,0.02034358333680074,0.0189270354392969,0.013598571843991098,-0.006495872581007108,-0.02156056068762176,0.006189376555048579,-6.622752877908828e-05,-0.003341771607203078,-0.01937588960271577,0.017657300211481795,0.025249138464834408,0.010881631282545429,0.045816058298494555,0.03676964741094569,0.02442550834910403,0.04214076176956836,-0.03568244763149725,-0.01854104457172619,0.014516568657150857,-0.005299194268810229,0.019192345736553203,0.0202047235319265,0.04750120920355567,0.037459874491851425,0.01668725881082579,0.012994812621535113,0.002093125399268747,0.0034331458071653015,0.010475143538346571,0.02662020315414748,0.03462925945542769,0.030334115707661695,0.03118540027708227,0.032221510624048724,0.01932710414376889,0.018958099970720597,0.0022981225264507104,-0.005425593338421294,0.008628501905485439,0.019575917964346393,0.018592074365135092,0.02872970847262491,0.02620316493577131,1.0,0.04717223648912748,0.045455710459518905,0.009697808892342518,0.07338980665442522,0.013138716745739269,-0.04701563538134074,-0.0402276404465244,-0.0023282499462533085,0.009040737817197414,-0.003977045948278415,0.0021328979877728335
Stroke,-0.07573581875672919,0.0646634307248452,0.09906183648078229,-0.03438281592425103,0.0765214821219314,-0.05954020914039921,-0.043483327587670824,-0.05788213086463061,-0.01777459630441422,0.02954470786760301,-0.022276735148756603,0.012746209298179125,-0.019400532369128053,0.05588467296361965,-0.07556238819216834,0.07085168342568314,0.02156470472457714,0.013292667984729145,-0.022938129881957602,-0.004665748856601491,0.03965189758078762,0.1377255736992793,0.03445799019199698,0.02714584919571669,0.045013678899040725,0.0005769776295166488,-0.051628918153028024,0.04419019359520959,0.016420723827881213,0.16007365680806218,-0.039452386212163335,0.031462062815213056,-0.05290553668670867,-0.021206412527347805,-0.1440767162060307,-5.589047031778811e-06,0.013446745229372324,0.0660967599509296,-0.07882982532878327,-0.035234167313720595,0.010183348314928743,0.0025826200614267963,-0.020965570780469293,0.10033363719006509,0.053039861007193295,0.003969162150619225,0.08984732049680949,0.011535426395178825,0.0349577079894726,-0.10714948823172951,0.01910999129017218,-0.021636033787612044,0.015756944944967204,0.014424353829629791,0.0398474134795111,0.015290845712651525,-0.0723154794520041,-0.04844501885066669,-0.043004347243411956,-0.02965276919633993,0.004345146744653308,-0.030069555212179005,-0.004365301047762144,-0.004274540095368413,0.055101331951102075,0.09207131208704278,0.07544914358204573,0.008011708794077923,0.07175718018291083,-0.02323633713527702,-0.027851205141114558,0.05344949040226893,0.08361885264910805,0.07930402335816639,0.10127692088929288,0.14692635656922481,0.08765020526025748,0.06683980851831603,0.05435611661275779,0.05862194101673855,-0.0455649989931294,0.03156618149888971,0.057076380723159494,0.09623940389173002,0.08548132754656475,0.04131903521757283,0.08640103956896882,0.08828832823642661,0.06896014952046842,0.05115154723334061,0.02978629014269855,-0.001604085454590439,0.0679249768324068,0.09644016882765921,0.05827562951993245,0.11133759289152721,0.04717223648912748,1.0,0.0835823422789025,0.08253546168012352,0.1225202408353645,0.05499206771491346,-0.09677140592954372,-0.05382322324706966,-0.00869029143584254,-0.027804122299007035,-0.03866180752769274,-0.03983265175614584
Type 2 Diabetes,0.21862206668100193,0.31873400324700296,0.1279468056085951,0.20652668854543996,0.379121456284426,0.02113384151742436,0.23022530965911825,-0.002798359194631757,0.008308530626858613,0.05569286210305752,-0.22629248819461148,0.12605748588995216,0.0390676883052808,0.06263170071169577,-0.09250073962694218,0.09183721137538275,-0.18364096443005037,0.025575213997927525,-0.05655849547669855,-0.18812877408615092,0.1450692896717714,0.19299311329403246,-0.11820700642883568,-0.0704088213711064,0.1779114107858072,0.08421806528692322,-0.037820026902762455,-0.09998929747190746,-0.014008351781862969,0.29458204986538467,0.05477267530518871,0.22017901975319543,-0.29419016532155134,0.08946190573807446,-0.4414023417894715,-0.08198330930987713,0.014511241853557554,0.019846297970183658,-0.3196842210199733,0.038745238016687604,0.05235514826600885,0.08817475057705686,0.00941142371257504,0.16747408458868593,-0.053784714416160395,0.0566321463568928,0.0060831039268072155,0.03213251096905762,0.03512139817585104,-0.3310178240270153,-0.04317180046249688,-0.033576884528149636,0.06577228057029172,0.08518850735918872,-0.08005657056603657,0.008378235664237815,-0.28870750629632874,-0.12210010771794498,-0.18352155539749815,-0.1673577209438959,-0.12234470934619644,-0.14616689035265176,-0.027053815594060785,-0.1479426795238393,0.34761285754690624,0.1017696868282474,-0.02572205313903513,-0.16510521371640924,0.10498938750430604,-0.14387731908087373,-0.11792989668311314,-0.05272346262881311,0.1410378714718006,0.14936680494243748,0.04600746749165173,0.1677540876072631,0.043322968110499585,0.1420289437824024,0.20552806921676597,-0.05117248216194588,-0.08802231629222733,0.008429744652938352,0.10885531772607637,0.0327294335041322,0.15384336345535796,0.1867031447001979,0.3498939951967385,0.1812705863791403,-0.044851688245939846,0.04073659633597251,0.028549720189900738,0.1983194303122045,0.025212626340054153,0.12257962287225516,0.007621772960104739,0.03216390540055413,0.045455710459518905,0.0835823422789025,1.0,0.044435494148409374,0.05869711859670728,0.13008569102917752,-0.09248191500484348,-0.03624521064876489,-0.22245862847902956,-0.08771266383163713,-0.09909196220037475,-0.10769949296132847
Urinary problems,-0.09082998266191832,-0.03318140775606122,0.06291654576179909,-0.07040571322713342,0.03350391937831056,-0.008601149201942368,-0.014385555540528481,-0.05362946361602879,0.008026012388098665,0.014988712370661385,0.004116839674343031,0.022516700287947933,0.01718042284492787,0.057161522257415824,-0.007670888016787569,0.03348706822512397,0.0966422047305618,0.05450855405750611,0.07918873105095642,0.0734386223730701,-0.014865961916946287,0.1290025439485843,0.12276296621493962,-0.004321125556752407,0.03700650978809233,0.04004866802233458,-0.08392842428331254,0.023692839107153266,0.038061869210411686,0.10851819311223077,-0.1158964030619457,0.01785317779969302,0.08749662038540072,0.019259489462185458,-0.10539471540964336,0.03914104747317227,-0.022500701663043177,0.02034317260634836,-0.006664847254136808,0.026012106583909414,0.06124098933325603,0.003633673871310416,0.014674980568552138,0.08167989013031834,0.03523240612644182,0.018197972535760488,0.061999900389646416,0.0187405898509874,0.056414066245365484,-0.08280645980439444,0.020509398184443257,0.03367248186171402,-0.0002596635283304922,0.012500669142585578,0.03906831157128763,0.04960836741693283,-0.05132263482189368,-0.00546169950829074,-0.008038925860853554,0.0012777118098470043,0.008384808332756268,-0.07491244341391701,-0.030841484097480644,-0.006431780871068426,0.04715060294356701,0.07949526221322886,0.034213957768155376,0.019638886427794145,0.03351803747836331,0.04007283126841804,-0.026279989673676982,0.041394192697847706,0.10434294113827988,0.11516601671276389,0.12577065655125408,0.19132172450207435,0.07831550554075092,0.062027337273548325,0.04384224863624831,0.1069055120323998,-0.054951787304187476,0.08368358268135052,0.020222613320058844,0.13165432806272298,0.02804144799078677,-0.021244031685721258,0.07123536167409064,0.07705758126682272,0.09518495143092999,0.12828481637952507,0.052276913057788164,-0.034400424669010186,0.21361503025025044,0.09248566948489366,0.10670555557263574,0.023176413768948027,0.009697808892342518,0.08253546168012352,0.044435494148409374,1.0,-0.016255891344582784,0.09412782938588231,-0.015254446406755297,-0.0025063384809399674,0.003626847585347253,-0.009385321127529891,-0.039744519116637796,-0.01729518111731165
ABNORMAL,-0.14726431523607758,0.01125281527325365,0.1239483518397921,-0.05710193294982571,0.02892969559953268,-0.03901531040360809,-0.19164562896172063,-0.10283977387297295,-0.08273445848722784,-0.0993587220814766,-0.07366553481395281,0.04608661699208347,-0.1275962908578929,-0.07891739663801958,-0.22516513359267365,0.09116777962596048,0.08644696328846535,-0.11911476048494833,-0.31410602168623225,-0.14470952081207694,0.008377154461770855,0.15774658871581088,-0.09136805634207161,0.02603156292649138,-0.04761761279911454,-0.09679509287594514,0.002507050279841825,0.48316709875580566,-0.11509019824013855,0.0660689639472381,-0.04605569304506804,-0.07743987328722153,-0.011526745901967774,-0.15304181183585971,-0.22626167723471277,-0.17626031907024128,-0.045203130445667095,0.2815952361264047,-0.09544181125622009,-0.28693467750401636,-0.07248746169042738,0.08923832130831706,-0.025217206911717003,0.10260800016877307,0.3053405147864263,-0.04206133662753157,0.23527230478406203,0.05388283084404098,-0.024711066953686123,-0.10150709292843459,0.022795882974477003,-0.03686555211035716,0.032525441103838426,0.12476863255990384,0.07755270325093859,0.017294101226755728,-0.014896742114351486,-0.12057446913714147,-0.08090945448121874,-0.05793517660304498,0.08856528830163395,0.11942691639015901,0.05383976034835008,-0.04876577892910515,0.055584720871337506,0.20081391317915634,0.2651411820612608,-3.531001513208376e-05,0.27512448306960785,-0.12179737357372598,-0.018901976768117026,0.2637168445008123,0.09243390935895536,-0.012263249704375577,0.11568336533313474,0.08750371050059755,0.06474908401409432,0.04706894928734843,0.10676949962035598,-0.037916342363462426,-0.023273186240740644,0.029846963846722037,0.0674274432135522,0.02867377866951796,0.0626902082490786,0.018374091660919363,0.13732432507956693,0.014039258321953733,0.08799257744295233,-0.013572435845072898,-0.004994672376588486,-0.020103898815351805,-0.0551528295825926,0.09254049422349146,0.011467599804798235,0.06979281925589907,0.07338980665442522,0.1225202408353645,0.05869711859670728,-0.016255891344582784,1.0,-0.05518150982949853,-0.5195301280330595,-0.4242506898727905,0.004172922750116222,0.08346597907677854,-0.03682669806917713,-0.06940407205822051
BORDERLINE,-0.026651530458568676,0.02378842711419995,0.0623898645383875,-0.007494143573934373,0.11954912641635211,-0.044995230731416855,0.03677428293507229,-0.05866387977152702,-0.026013468552143343,-0.01402757397929507,-0.057010705817916334,0.02754903322313442,-0.004273721112642387,0.0745919704104462,-0.07419512271522133,0.07964688795905282,-0.05053862191234993,0.048163687858476266,0.007791725468386389,-0.03396158060018356,0.05326782369010104,0.13375520460576676,0.012648766019592306,-0.0590178990272098,0.017500284290297662,0.06712015069800396,-0.08982786683074594,-0.08098029028341872,0.06652014056851734,0.16939253209339994,0.007092766102491791,0.08100003999176643,-0.015288578339369878,0.01823160110686061,-0.14783365606530272,0.038360980934044255,0.04069584659000098,0.04369930737376739,-0.06806624777027455,0.013841381061824974,0.094217523593592,0.02211929668742451,0.013293557630030366,0.12787283673801136,-0.025715810510094333,-0.00257741679513039,0.043505517806171644,-0.01234717361842534,0.023989224887088184,-0.20745776723886192,-0.015517405604387184,-0.006468774986775681,0.019517619869828473,0.020626045625831223,0.02306890776597294,0.03465579732140633,-0.17527396431748446,-0.046251724972703114,-0.130983882271901,-0.0710907907434013,-0.08775900787534674,-0.15878340938202923,-0.05682532353322188,-0.0534278107380125,0.07540466597716697,0.026293325913119205,-0.009647176932817657,0.024704361749262292,0.031221827496162913,-0.014547536947705057,-0.011919840744238089,-0.02449735479557579,0.17304015420910152,0.10277193368998233,0.06877986009069294,0.1330750098656142,0.031044624758640036,0.09579125527008937,0.2238901621605485,0.01829019225616444,-0.0334619548691999,0.010229837635587451,0.07386946686732813,0.08231128923610066,0.07779783991269927,0.05230664055024575,0.08621077488491066,0.11007739701812116,-0.016662379114985946,0.10273174685268976,0.09795382669939412,0.02015172606681726,0.0952709642179246,0.0978704710893743,0.04922903662390717,0.026487194936774323,0.013138716745739269,0.05499206771491346,0.13008569102917752,0.09412782938588231,-0.05518150982949853,1.0,-0.05431962732512182,0.020098967624820573,-0.09492344891906002,-0.05156811435785712,-0.12091344230186568,-0.05517597697594812
NORMAL,0.1621319986527334,-0.0653609122555036,-0.03980700284063775,0.08472477848014648,-0.02834609407351091,0.024504856131894938,0.12820966255156052,0.02283855477264715,0.03764813693978352,0.10078083885312679,0.004818631336772217,-0.08200989083778659,0.12402409125304743,-0.1059439824504416,0.17794912518723752,-0.01900815904604501,-0.037571773264054364,-0.01520568826717606,0.20715441809158028,0.16223726601161712,0.04823397191202763,0.03834746947351946,0.06203078135880584,-0.051720996526658625,0.028815624239582092,0.002243764486828284,-0.014855640117908108,-0.42066809443604003,0.1857217284702473,0.046528626632233096,0.22212339115267535,-0.01235480323324293,-0.047032905182763964,0.09369773192414957,0.2893455564664288,0.19118902360376241,0.019047247386302295,-0.17801868654195166,0.10289205609624649,0.21467559607636788,-0.0451057416018752,-0.06798932136568067,-0.014365019718328511,-0.09258489163148889,-0.2800957133797184,0.05346784045229319,-0.1934347682577228,0.04727189637464281,-0.008298347585480145,0.09704261390950034,-0.045023270125569816,-3.4382457833341094e-05,0.06695564764940454,-0.15127835993732652,0.029153266709229606,-0.04220820390212311,0.03127196956886648,0.05862922527009097,0.13510360684327935,0.06027290587977886,0.09938773863159325,0.020911251440227145,-0.021354473343823406,0.02832232902531244,-0.05596028003626077,-0.19555710071161228,-0.14702663139732175,-0.029344184024151208,-0.0070363214374974435,0.1836244330781247,-0.060351066520553553,-0.10263905494049388,-0.08245050514925846,-0.022251969785868155,-0.11163995151121099,-0.051459670026868,0.012339680554870142,-0.03996196664919963,-0.09516867272504868,0.02949279505072708,0.13491625135662905,0.04233203144915471,-0.04443862692268777,-0.01826541812182178,-0.005564260105838638,0.007366497543769379,-0.13577809614372238,-0.04068610087258427,-0.015924426632021482,-0.019018685533716537,-0.02534309854027489,0.03938238690395866,0.05101858901007872,-0.02578772714851888,0.001523181637082654,-0.05614838259960259,-0.04701563538134074,-0.09677140592954372,-0.09248191500484348,-0.015254446406755297,-0.5195301280330595,-0.05431962732512182,1.0,-0.3381358388355244,-0.007564266634852773,-0.049253885272166995,0.08678914980464172,0.01242028203830495
OTHERWISE NORMAL,0.0018515334492443577,0.02542995473475364,-0.09990674907071792,-0.015317493579272144,-0.04879325726631264,0.04361931381461156,0.06037108541114338,0.09201053124816094,0.06090697466234753,0.014501384573137148,0.08476177029334445,0.02947851018696918,0.0008870453891848215,0.13544832349875702,0.07796895172538928,-0.102517554358669,-0.023989450648383485,0.11440758852431177,0.1340680891191159,0.019654623543766722,-0.06381151522791442,-0.21560314401626057,0.022293207154484893,0.039134989477942285,-0.0015395252397236371,0.05344002573904634,0.05750893225423548,-0.06803576463001638,-0.07328986290998842,-0.16607986249490067,-0.16644009814772331,0.043798838943080905,0.07487462106911631,0.05941878291239493,0.01223705247782521,-0.017222737157137603,0.019073063382590034,-0.13258109720353176,0.013477147701984547,0.07694762251034083,0.06479616599133046,-0.04666764051885613,0.036187551948020424,-0.07291568413006964,-0.022051404208333895,-0.02027634660728948,-0.06561273866722439,-0.0831904534409302,0.021303941235866708,0.10863389229669258,0.016714368221765995,0.036350092861366055,-0.10954655697155703,-0.004754039949077414,-0.1030299327394101,0.016459265425660553,0.08488168998354773,0.09826177204415679,0.03126306632637026,0.04328421869295754,-0.13604671430288456,-0.03849423600456856,0.00151196694079209,0.07491034397040279,-0.03275633028304556,-0.024807199137810196,-0.1291523534902129,0.01566647844102233,-0.2688607760451723,-0.02605763930039961,0.08097474798422058,-0.14504285129075437,-0.0644071091342855,-0.011357061714241784,-0.03737916469840835,-0.09337513553328113,-0.09069795199912987,-0.04424780459699772,-0.06086487910231463,0.0004308436051801046,-0.0802094423768537,-0.06319592999680175,-0.03824409544139365,-0.042825802123984416,-0.07586047922140907,-0.032934796803777554,-0.055822960876631814,-0.026944328103734313,-0.06889952303138247,-0.00203396414544422,0.021326432285669914,-0.02144536318112143,-0.019537082336737854,-0.0937714230065195,-0.02710766366794796,-0.015086807295931991,-0.0402276404465244,-0.05382322324706966,-0.03624521064876489,-0.0025063384809399674,-0.4242506898727905,0.020098967624820573,-0.3381358388355244,1.0,0.049258584498228765,-0.00116564924884258,0.004234065684564277,0.09384414244127595
cube_visuospatial_executive_value,-0.2028997821842064,-0.1307112492873507,-0.048676845916614295,-0.2148856110304279,-0.17603663393469876,-0.0719966808897171,-0.2539768847067924,-0.09113067447473565,0.09394662757457255,-0.000793211983797778,0.12214457194350781,-0.07520616398068308,-0.06529096001702688,-0.06302042742512737,0.02535505380792187,-0.002546437215717616,0.27583709090142283,-0.018826635663080488,0.009696716136710004,0.2127607389738362,-0.16348191425556896,-0.07548010938555409,0.05941890226471713,0.13311775430295197,-0.0648351897629623,-0.1044637991354969,0.033233626912383546,0.06891494955798766,0.012406456260635699,-0.1585022811725348,-0.26228224252748494,-0.13902370164689812,0.1028180092896539,-0.0765419638715919,0.048830912952906286,0.024128443293766597,-0.12909952793220855,0.0016185937739154384,-0.04890236186450633,-0.04453337916427487,-0.10098530791561978,-0.08990257159633509,-0.0679229021382001,-0.14323324220003542,0.03386934155887304,-0.05995121718750877,3.8486692089396816e-05,0.009912427019430995,-0.0075946138500368274,0.2863321271955636,-0.012447537723640396,-0.020380678922867934,-0.11816409910997151,-0.14032606605345638,0.01756300797720377,-0.05682113091962486,0.2345124200457111,0.13705957761917337,0.11585691253436178,0.1534982789178678,0.05146700266228074,0.12474754115768931,0.11204632258567908,0.22167271422332802,-0.23045484807896202,-0.012255837482277931,0.08400668098366786,0.055396572538714696,-0.1721049524067234,0.12954111619669367,0.12110112664418272,0.10782868987244743,-0.036558922237523134,-0.09195723283612317,0.08091753312354978,-0.06698001048419679,-0.04167092947952285,-0.08391929259988044,-0.13859869591450896,-0.030723165184501414,0.03426918609429431,-0.0706308731372933,-0.0845541969283346,0.06149494280980268,-0.07339489403008471,-0.0861850124756916,-0.12044134478470403,-0.04446671464441615,0.03286080987798161,-0.011253345960116855,-0.004169072519923914,-0.1819930998788793,-0.06420914331052942,-0.01031103954338517,-0.032334885686983755,-0.023570443751373106,-0.0023282499462533085,-0.00869029143584254,-0.22245862847902956,0.003626847585347253,0.004172922750116222,-0.09492344891906002,-0.007564266634852773,0.049258584498228765,1.0,0.1050208936204818,0.06228539037404343,0.178232011979751
fluency_language_value,0.00840453022870847,-0.04081981696610408,-0.0005021775873662354,0.02544181879380077,-0.07215616466354412,0.03532141952244962,-0.008892711271725931,0.01997695402250935,0.022647517697888135,-0.015980169666488537,0.026037467614135168,0.00703433295418936,-0.04009933255743446,-0.05559633004234545,0.04251792115164767,-0.058887016908262535,0.07557734672664633,0.01771881862693781,0.017118415425489072,0.013172652745531753,-0.046543433248974246,-0.06539642415116034,-0.04603715095236602,0.03321066207298655,-0.006806951152765109,-0.04885534658311081,0.05702215819616751,0.06283648638761412,-0.012623510111197857,-0.11489592837480771,-0.13170289332907129,-0.08020885381472637,0.05469226256542676,-0.02120865577689259,0.022778334184064896,-0.01833641482292716,-0.0775400977607802,0.03220288104867118,-0.020393778690799926,-0.05141716352792723,-0.09712588912439123,0.007380145500396832,-0.043434313867936114,-0.15471474524074277,-0.005482599579721245,-0.017774872631753265,-0.09722598588728183,-0.02637096778838481,-0.06042932204763312,0.22574611950185416,-0.012686598664744373,-0.05592674604357589,-0.06940129912505222,-0.05755828378732647,-0.066157137442773,-0.05120583243481288,0.17761573351357973,0.11618287581419895,0.10146673590371634,0.11963287999138311,0.04355969636717726,0.13106206694644884,0.16783150897705212,0.1024756778290614,-0.04504993295100861,-0.03393624370691588,0.04238586773050271,-0.04176643911293498,-0.050942699051966446,0.033980750195920444,0.02926660112818933,0.001821827730098957,-0.06683823356093191,-0.02546241592857743,-0.018529568558544325,-0.0718879974705607,0.005315641483168053,-0.059634909374756434,-0.045122587053136896,-0.025680379501769178,0.01793309783829376,0.0076987949588079845,-0.03254991537790655,-0.052208701030952924,-0.04640469885556781,-0.030965327432938002,-0.0346696355858828,-0.04291354649884576,0.03541547537782742,-0.050623786654213035,-0.0032027044163972134,0.011047760405295478,-0.06877353581981074,-0.036178654384764426,-0.01809763775244386,-0.009112385778155768,0.009040737817197414,-0.027804122299007035,-0.08771266383163713,-0.009385321127529891,0.08346597907677854,-0.05156811435785712,-0.049253885272166995,-0.00116564924884258,0.1050208936204818,1.0,0.07129018418660457,0.12705613404783897
lettera_value,0.03858288278375802,-0.0439155494876849,-0.02614089733647782,0.04374111796172531,-0.07586515522485085,0.05567750828505244,0.03356581365565957,0.03626200500198571,0.01751503711820894,0.023646781275967414,0.010084417086204667,-0.027046107082556087,-0.012515346572334352,-0.05347372179573725,0.04271118076226307,-0.06850127373063135,0.02860858275050053,0.035897546496924865,0.028295224177621692,0.002596013554524546,-0.015669441465669363,-0.07534466521762137,-0.04466459575300181,0.013195374196315172,0.01248087388685109,-0.06699701133013465,0.05029075386803514,-0.0026747297410833768,-0.010681185664879996,-0.07890402441348801,-0.05621754432743566,-0.039159742673699524,0.03253859636026358,0.011763736791719178,0.10496284323961784,-0.022083196888620316,-0.05455401997225862,-0.041461760105250434,0.06497935328676403,-0.012223396450906693,-0.12252871821184422,-0.04072157898025047,-0.04958090819250368,-0.17164934785472974,-0.03731104891261501,-0.038744494719689014,-0.11131176640032246,0.004768798387488374,-0.045063227292449055,0.24094751131878786,-0.03715062739464592,-0.020885734487917834,-0.04213337601586591,-0.05724837044313662,-0.09207972853283763,-0.04210207496198032,0.20021373913122095,0.14841344798045014,0.19123342428029388,0.12808238507430503,0.06886676631852565,0.134448727028781,0.12175364371491511,0.08442045690429777,-0.046330430006054184,-0.07169060818062996,-0.008776519956935017,-0.024223810722366457,-0.01202755587726507,0.01829688910900676,0.012683551579392965,-0.013175143776045579,-0.08811870786715674,-0.019193878190919417,-0.03149731352059502,-0.09124891170960199,-0.009464961181140367,-0.07570093739271926,-0.11346635185083433,0.0027146184381983164,0.045802690311785486,0.011564112836355467,-0.055147614500007665,-0.03554554039989285,-0.010478401717124346,-0.02324763786078792,-0.0717853912009644,-0.08418576310950607,0.026422632053584562,-0.04142420039342828,-0.0824954594150721,0.038356090627433115,-0.042840339557211525,-0.04053258087207857,0.017624725537757756,-0.05432658924256551,-0.003977045948278415,-0.03866180752769274,-0.09909196220037475,-0.039744519116637796,-0.03682669806917713,-0.12091344230186568,0.08678914980464172,0.004234065684564277,0.06228539037404343,0.07129018418660457,1.0,0.10074008224822802
trails_visuospatial_executive_value,-0.0557781685081061,-0.045512532873200784,-0.03822178319771871,-0.07172468734907302,-0.08998447775936173,-0.012990643293598534,-0.06574787272179337,0.0003830321544174524,0.06761002440991196,0.029897408900250333,0.06564045477709464,-0.023834769454895828,-0.059981189689014135,-0.03883130879554602,0.024279603392979607,-0.02218688445853605,0.1480617173263459,0.0394136005317515,0.0821519059024321,0.10818074222052125,-0.09053235283563309,-0.11462767411478428,-0.022695874995887884,0.09815869096242297,-0.0096169568573325,-0.09228076231656937,0.06418448798375832,-0.0021777039783257945,0.0005232977733053103,-0.16836952624277246,-0.21867186464084104,-0.07548156112452281,0.030754048264643258,-0.03883455582224385,0.06322174138833894,-0.03134403426282309,-0.0948018769328434,-0.05431399544123695,-0.012134071711219344,-0.03181065698620706,-0.09391482496563495,-0.06702179508188479,-0.08475964140227964,-0.20881195899263574,-0.07547088845301896,-0.06276723146923653,-0.14887576924569276,-0.046438741917997545,-0.06718205499848187,0.3720533523174492,-0.011763209807353547,-0.06230153850940445,-0.10717835261154017,-0.12031428838364559,-0.14678734957917536,-0.09175465587382192,0.2651011246162147,0.2243044369572781,0.19660185553628232,0.23001923063784685,0.0348705317839792,0.15384431072238464,0.21788957553056645,0.21692643563840647,-0.136223236146127,-0.01885450923623834,0.02341612051531323,-0.003793642231310915,-0.16165300968884952,0.04428635737493583,0.07289724945999938,0.00758054686406819,-0.08829231956660817,-0.04857369474523648,0.01852576389006105,-0.1181600565297439,-0.029330610843306293,-0.08816066750344911,-0.09968712073464749,-0.006726458956796441,0.017220957255946447,-0.028814877378925866,-0.08257746045049605,-0.03569529712159904,-0.10471182044298506,-0.012886423065124174,-0.0788482805111161,-0.06162862081111561,0.01640356997595006,-0.04877766445742435,-0.008526073994660262,0.0045142681993805885,-0.05993850416411408,-0.04456416644361597,-0.03863731777241446,-0.025729411094854132,0.0021328979877728335,-0.03983265175614584,-0.10769949296132847,-0.01729518111731165,-0.06940407205822051,-0.05517597697594812,0.01242028203830495,0.09384414244127595,0.178232011979751,0.12705613404783897,0.10074008224822802,1.0
