,heart_rate_mean,blood_glucose_mean,resp_rate_mean,stress_mean,blood_glucose_std,total_steps,resting_heart_rate,total_kcal,sleep_light_hrs,sleep_deep_hrs,sleep_rem_hrs,sleep_awake_hrs,act_generic_hrs,act_running_hrs,act_walking_hrs,act_sedentary_hrs,A/G Ratio_value,ALT (IU/L)_value (IU/L),AST (IU/L)_value (IU/L),Albumin (g/dL)_value (g/dL),Alkaline Phosphatase (IU/L)_value (IU/L),BUN (mg/dL)_value (mg/dL),BUN/Creatinine ratio_value,Bilirubin Total (mg/dL)_value (mg/dL),C-Peptide (ng/mL)_value (ng/mL),CRP - HS (mg/L)_value (mg/L),Calcium (mg/dL)_value (mg/dL),"Carbon Dioxide, Total (mEq/L)_value (mEq/L)",Chloride (mEq/L)_value (mEq/L),Creatinine (mg/dL)_value (md/dL),"Globulin, Total (g/dL)_value (g/dL)",Glucose (mg/dL)_value (mg/dL),HDL Cholesterol (mg/dL)_value (mg/dL),INSULIN (ng/mL)_value (ng/mL),LDL Cholesterol Calculation (mg/dL)_value (mg/dL),Potassium (mEq/L)_value (mEq/L),"Protein, Total (g/dL)_value (g/dL)",Sodium (mEq/L)_value (mEq/L),Total Cholesterol (mg/dL)_value (mg/dL),Triglycerides (mg/dL)_value (mg/dL),Urine Albumin (mg/dL)_value (mg/DL),Urine Creatinine (mg/dL)_value (mg/DL),clock_visuospatial_executive_time_value,delayed_recall_with_no_clue_time_value,digitspan_time_value,memory_trial1_time_value,memory_trial2_time_value,moca_abstraction_time_value,moca_orientation_time_value,moca_total_score_value,naming_time_value,repetition_time_value,subtraction_time_value,cube_visuospatial_executive_time_value,lettera_time_value,trails_visuospatial_executive_time_value,moca_combined_mis_score_value,memory_trial1_value,memory_trial2_value,moca_abstraction_value,moca_orientation_value,naming_value,repetition_value,subtraction_value,Rate,PR,QRSD,QT,QTc,P,QRS,T,Age-related macular degeneration,Arthritis,Cancer,Cataracts (1+ eyes),Chronic pullmonary problems,Circulation problems,Diabetic retinopathy (1+),Digestive problems,Marijuana user,Dry eye (1+),Glaucoma (1+),Hearing impairment,Heart attack,High blood cholesterol,High blood pressure,Kidney problems,Low blood pressure,Mild cognitive impairmen,Multiple sclerosis,Obesity,Osteoporosis,Other heart issues (pacemaker),Other neurological conditions,Parkinson's disease,Retinal vascular occlusion,Stroke,Type 2 Diabetes,Urinary problems,ABNORMAL,BORDERLINE,NORMAL,OTHERWISE NORMAL,cube_visuospatial_executive_value,fluency_language_value,lettera_value,trails_visuospatial_executive_value
heart_rate_mean,1.0,0.056640584234472505,0.10237531236835777,0.5535639372537187,0.07013511218693791,0.2164598422890655,0.6559179659291655,0.19623102153915933,-0.1852435212060322,0.06254959113006493,-0.09923905046727634,0.03823519044048991,0.05615993267433875,0.028280437795220652,-0.04741532450907862,-0.055233108149317645,-0.15373365894563912,0.038920616723913,-0.053093104120036844,-0.08119025976624111,-0.004143963832493794,-0.021031292233502558,-0.07684110246330655,-0.07087764698034962,0.08195616966019828,0.06870924251525579,-0.004786352495181128,-0.023050177187209253,0.07017442665514358,0.006603431890865752,0.030969613641637545,0.06385125102938709,-0.06508863058148077,0.08317547463045687,-0.02610308226454673,-0.048017143814512865,-0.012198284783679209,0.07314941993159399,-0.01805486749533321,0.031997501857116147,0.0540717819065925,0.08273416167909219,0.06816049082863769,0.0320834567158778,0.028957952629238237,-0.015727840334473938,-0.026070314727466487,0.049034428966682995,0.0072752403941107125,-0.07311738692382508,0.021521009224801952,-0.04752337307967672,0.08300748821965469,0.0733505695385338,-0.029328095008050864,-0.002736256161455352,-0.12601301436428983,-0.0026484931860678023,0.015749462091075944,-0.11775818508803905,-0.021831423324823483,-0.0591316247754702,0.03773807717254195,-0.13820828212217667,0.4682956389233521,-0.09312758197132945,-0.09975011505473384,-0.42194249596424277,0.08840871481242177,0.09309098629803415,0.02640238351478112,-0.02542387524013335,-0.0027683212946800107,-0.026326196648700874,-0.059689630772061755,-0.056044062946364756,0.044549740187795554,0.04135734799247659,0.029017209747891567,-0.012019735125198492,-0.020588671775161983,-0.007316838584643979,0.02286109357076696,-0.09168216331492503,-0.006526950542636888,0.1260781374605325,0.021536868657510227,0.03829000653183038,-0.038932591908612445,-0.006640038321268107,0.0025560813828790652,0.10802988544001216,0.027738601606772707,-0.024297718431169176,-0.028873773377210758,0.0009089589420269232,0.013847416831523364,0.0009736189454632462,0.1722036207785719,-0.017382768233608275,-0.19237171533949274,0.06650884685322166,0.07764234152129608,0.1909130295222444,-0.15058602689200987,-0.013230459537034717,0.002798687494512856,-0.02330160585804795
blood_glucose_mean,0.056640584234472505,1.0,0.04432530952323871,0.07218000357681932,0.1272828472749482,0.005012966928221398,0.0759104626173627,0.009209608233489814,-0.0089997737140936,0.01037846679369975,-0.054246647682445984,0.03663116826579238,0.03583677282019681,0.03084910156833349,-0.09608861585047417,0.056591154593015246,-0.0665911066827486,0.020218234353527174,0.025396376215367358,-0.05131587660406978,0.07990211348984633,0.09011781302291812,-0.03837427620212965,-0.021905426787062032,0.042414254869143214,0.0834798597073736,-0.01461456665493915,-0.0077380962017633715,-0.008339359846443215,0.09840058778021873,0.021659053494596445,0.06322902415988368,-0.058716572706616454,0.05061927580078058,0.01731541397327168,0.009897672049914697,-0.021332253759972622,0.011288985801080904,0.000992261689363624,0.05548537690230948,0.020928994699331165,0.02915073973213067,0.057233837186849566,0.10559919613012529,0.042538575856167285,0.017099890654224858,0.05308009396143618,0.05873386698858783,0.03700660669003867,-0.1610186761464281,0.01488020997584641,0.03922918585266056,0.07867837398661409,0.06764068229001909,0.016413324122301513,0.05872953419287354,-0.1602129059210169,-0.06155856014477649,-0.06002237376207384,-0.10658245346482977,-0.07441918494414873,-0.08740371280591462,-0.060161163712396326,-0.09602890926877743,0.10398608531972334,0.014958495139246422,0.014527535675717358,-0.020169496592596797,0.12248028531754575,-0.03266893530854554,-0.06426110870018717,-0.03224877313915244,0.02925815069775765,0.06380340981413518,0.05238496411004997,0.09865356361846335,0.022460794338782442,0.05602659963383816,0.0956881107026686,0.042847776300221706,-0.03145566899765555,0.03945187914905367,0.014055759717469826,0.049865265554142627,0.06486399005875056,0.07426065301144241,0.07581565704314738,0.07058050144835357,0.024537910291021238,0.028447065499378588,0.015747095548757334,0.04595255389042663,0.07715823050148315,0.09294711914603396,0.04335040810656965,0.002204703228049678,0.013365046178276807,0.06953738013008401,0.1683933091213397,0.042059468059063326,-0.024462012960496788,0.008615060405382693,-0.0697207093787848,0.13903477602502032,-0.08353572304551952,-0.08119204758517938,-0.04246254426283796,-0.04090650415018649
resp_rate_mean,0.10237531236835777,0.04432530952323871,1.0,0.1091398815391512,0.03954674834053848,0.009587463569185477,0.1255465173057496,0.014093199213632808,-0.024933064848432544,0.032582628086046526,-0.03919689965965532,0.014049842091886722,0.00258298381847466,0.04069949405602577,-0.047829314848541755,0.03500783405985725,-0.04348880223216693,0.010017075529295136,0.002321890510673171,-0.11146920952381202,0.0035649150791475476,0.029525037239609798,-0.015318291702464945,-0.009462214591186518,0.029496120543894475,0.041436991804336014,-0.03326781367130011,0.01553542997982283,0.0060519905831731904,0.04511027739672665,-0.027953173109671024,0.06653688121390523,-0.052400803178843686,0.04952122805514986,-0.10532429102801247,0.020907138388300283,-0.07959175995663656,0.001916391416109882,-0.11796184979260482,0.025528496689795014,0.00674657702281291,0.048911698482762236,0.021149475017352724,0.0607509464996877,-0.007379052933533676,0.015797871196583872,-0.013758711712870254,0.013868587694887035,0.007235557166469891,-0.06882961754599207,0.019001065894019616,-0.011818718614789095,0.04568351922987576,0.023696465091409588,-0.05078004735449961,0.020405963770498938,-0.07879797326409838,-0.02708255584627756,-0.04537322735335538,-0.05292727203578756,-0.016755519092969896,-0.007588267636220371,-0.01754270085230465,-0.0444470850895007,0.07953417064400832,0.02419837248990284,0.022184019971556862,-0.0326505180690135,0.042204471642565106,-0.028593675062586275,-0.03874532409724818,-0.006635533734241438,0.020322874105400134,0.058196529443267066,0.04370404119469363,0.06817895249413192,0.02010067385417645,0.03870260456761004,0.06003839865457488,0.0289368581669835,0.006048636077995734,0.009930707926864473,0.0206184468513473,0.028514067799078585,0.04415143990744386,0.05685891921404697,0.07722319148017377,0.03129510067398423,0.016982304763278767,0.03128541947495475,0.0020718543704667516,0.06965138454072899,0.02849037532350574,0.058858424731038715,-0.0003369231283853189,0.013497601277983674,0.009666140296501861,0.04074776432607026,0.12476438910397787,0.03863138875633154,0.03299731914873714,-0.0017113866070844735,-0.06997687376908639,0.07394377984955844,-0.056531398288292775,-0.05093975481458076,-0.01583840379824311,-0.007035399322237646
stress_mean,0.5535639372537187,0.07218000357681932,0.1091398815391512,1.0,0.09066418566944737,0.15572028156305276,0.5525752579997899,0.1360341281094726,-0.14011835823072197,0.05521307279527332,-0.07258556103390765,0.048480812432323245,0.041362977252881364,0.03586588662707148,-0.07320771338570853,-0.013741896979737775,-0.12461838820462612,0.041521962177273865,-0.04605130256729782,-0.13420127227960552,0.01105546775559549,0.017310057854181687,-0.0450063038251056,-0.06659809941751113,0.07404644072144827,0.07910442352498898,-0.03615253185064472,0.0009922984026391113,0.06898369510723172,0.042344152970274246,-0.020833677348240612,0.07324309476173824,-0.060231499815454496,0.0729797794326567,-0.046811404985809914,-0.04661427510502075,-0.06642342835002743,0.10210109941445457,-0.05065090431407209,0.04613140894210075,0.060244963456147806,0.07353219091099521,0.06645424777010131,0.06485785761771565,0.03032303792014778,-0.032754077893722186,-0.00017502908868909946,0.04391081402413979,0.03958856791949708,-0.1105176563664216,0.01343412105066423,-0.012072646081247201,0.06658934456131438,0.06907502666899813,-0.02081407371975496,0.005705088364669813,-0.13697927745541463,-0.01721967449351058,0.017205371587003394,-0.10928263055628928,-0.043400713421192595,-0.07000731843010209,0.04319771043658183,-0.12670809443776127,0.416389300730499,-0.06382823282397186,-0.11080135180909481,-0.3662263011107191,0.11766816516854871,0.05947753981903581,0.012412383559408885,-0.025533483736116004,0.031633936873299864,0.019426421266514976,-0.011810274144392865,0.007387376476044066,0.018024306599106737,0.062039519401426886,0.04650908928354747,0.006431470021737355,-0.03663716099126563,-0.008221505135987532,0.01024160773517952,-0.03877983472399552,0.03797229734168498,0.15364723958764026,0.05670437827565996,0.07131446138853047,-0.017971581094111042,-0.009580855694540091,0.021145335965254263,0.1270991524631645,0.04947489960280414,0.012361964741859922,0.00344070162348958,0.001785173136689128,0.017542760342891133,0.0061614650107186635,0.21618312139197038,0.0312347291332616,-0.1475834179494636,0.07163051690100727,0.03209766392636691,0.2073004455602512,-0.15244492925188846,-0.0429815967198469,-0.014576593195553546,-0.026770050967632013
blood_glucose_std,0.07013511218693791,0.1272828472749482,0.03954674834053848,0.09066418566944737,1.0,-0.013268072401038219,0.09787295974497708,-0.020545779093804572,-0.015424315992372584,0.022003381975588657,-0.06665401929352835,0.04936954190362307,0.04469468677441265,0.05841367686563234,-0.07905354983858588,0.04720324983351189,-0.07130087066620046,0.050844383823070396,0.04091566834712097,-0.07287681622856249,0.044815307617580846,0.10839522854809458,-0.029456155150132054,-0.03202297420825954,0.0854413687474805,0.12086837726052822,-0.013700408956478772,-0.018456263166505248,0.020356566458830737,0.12848718869856218,0.02127030541812556,0.11553197174458299,-0.11794824306105234,0.09559339251142396,-0.10800917856427592,0.02718678672840024,-0.03589042881011951,0.028927010867281545,-0.11694203395398092,0.04810859337035717,0.06813222252077814,0.047232248539543,0.05760500157238731,0.14495543557967586,0.052971626807043516,0.007884177422646861,0.07184401465638744,0.0777775221420869,0.08156566676777768,-0.22005894784487914,0.03041256134075371,0.05321295031065935,0.0838234552429792,0.11118317166589839,0.03575147381935638,0.040965981490731246,-0.1952669391255914,-0.10421063572078387,-0.0710182298584545,-0.11947234442364714,-0.06549747659339024,-0.09097374123695223,-0.07823249841305906,-0.10512497789976163,0.11604193948535305,0.02731491270078255,0.02607177998542021,-0.03293954891344606,0.12255310157358609,-0.039903178881911944,-0.09307237332167899,-0.05129401512934673,0.05544701966982272,0.07268201588328344,0.0679302437051075,0.13567129101604075,0.0365644243676384,0.06380693250716722,0.10165743114678097,0.03207470950494913,-0.03802919881731595,0.0323977501944663,0.028118711333517225,0.046430274288636025,0.08782595214022025,0.09790364360416982,0.13862936109581067,0.114366785227801,0.028241699205355998,0.0262523210015161,0.01254987993478767,0.07325473258593149,0.12869766547137534,0.12650973185082276,0.05632193743784521,0.031749145964772234,0.005886048337745944,0.07758454968714917,0.1878134391896483,0.07008585263020767,-0.03653357252217923,0.045203593632896395,-0.06128606577859709,0.17798485834738312,-0.12419460799729772,-0.130101264321333,-0.05706476856900996,-0.0811821167460078
total_steps,0.2164598422890655,0.005012966928221398,0.009587463569185477,0.15572028156305276,-0.013268072401038219,1.0,0.19249368999270863,0.149637776585005,-0.050505164702477574,0.02951229379090104,-0.013316059479392982,-0.01352190452448606,0.013882574882364346,0.030654024214838673,0.10689839122662806,-0.14944199381584372,-0.045383702686823506,0.05230585726469834,-0.0037727484374290104,0.11584503527970703,0.014459696251307571,-0.055992198978914325,-0.03191819652082247,0.0011642805304141173,-0.004822513976287925,-0.01517730367786738,0.05963103562322602,-0.001946290555582055,0.0042406644478410445,-0.036921067586292405,0.10445145363250591,0.04091024076704619,0.03179745706771795,0.050029064557143565,0.12487872182515598,-0.03558242889182836,0.11836827547565294,-0.016519149064781403,0.14985021360520429,0.023319424619567965,-0.0020338340739118944,0.05193315750135246,0.031209320675928798,-0.003518258694045507,0.01959974789088066,0.05159999959569368,0.009101497599577667,0.020276318171767563,0.02595464074421315,0.014232868488269441,0.03751076309329151,-0.025807439855719202,0.037615580766908935,0.023934022894629165,0.03397309973001688,0.01397477361540044,0.0009903268686450254,-0.003109442465595872,0.010058458496934703,0.005269788944454586,-0.005630595272267949,0.03752063655279081,-0.019458620314282103,-0.02271476718229174,0.1734086786002438,-0.0005412474232755641,-0.07295136850067949,-0.14448865079153847,0.03424029323531817,0.052824828418270305,0.0458326600159055,0.007990338718780644,-0.02234587069563791,-0.09387022993403062,-0.08639807883156957,-0.14657694399071908,-0.03870904012978095,-0.00359620665487742,-0.031706872567764194,-0.03273046194683721,0.03935241225696928,-0.0279456113083651,0.030411119274157343,-0.09122770970801634,-0.006679190037238728,-0.036065933727654396,-0.09321572936659424,-0.05054337904107281,-0.030546762390023418,-0.020487249213678213,-0.003074309138224718,-0.043595356923010434,-0.04613099920601627,-0.06389962444088028,-0.03754861944015847,-9.256060587898088e-05,0.0025182672224847618,-0.033848526788789024,-0.06078680136038157,-0.056937234330197636,-0.0378689627805914,0.034058961728410435,0.028343086291122244,-0.009842379294011147,-0.03184865668781334,0.014996609772204595,0.012530521497562851,-0.011123490403053085
resting_heart_rate,0.6559179659291655,0.0759104626173627,0.1255465173057496,0.5525752579997899,0.09787295974497708,0.19249368999270863,1.0,0.16507662030055087,-0.16351996250166742,0.06322066880736511,-0.0990281945848588,0.0642776787893789,0.05530738624765198,0.026491075855431572,-0.092601608112452,-0.03880775987519361,-0.14417517649118167,0.04613242595457525,-0.04126132312777779,-0.14152196603789502,-0.010356216005894803,-0.0021407920782939693,-0.07538225298658373,-0.11017315141057528,0.09203835865213927,0.0632922120131995,-0.025822863491365287,-0.02148831500941851,0.07278190250744533,0.03927382667674764,0.007576184147614626,0.0901920499242639,-0.07112742132204697,0.09931871642080096,-0.061552787644485706,-0.03945548316075054,-0.056711817607994666,0.0782527037987553,-0.06606159664271001,0.0533405533075271,0.06703635154994729,0.08749689363459238,0.08329491655584707,0.04263411339692521,0.02721566163712329,-0.010130314165048246,-0.005760321993784467,0.06000561648549101,0.0124676037845802,-0.10384729114691593,0.015794663489178375,-0.047675872499838054,0.08898220588231084,0.07626840492419917,-0.03991975538083789,0.02047653378932822,-0.14392055215765273,-0.009296829779448209,0.013172389758846022,-0.10191281951547067,-0.027136980173716827,-0.05026369317880989,0.05763072983902489,-0.15410458144786013,0.4670158340064596,-0.08129372772448584,-0.09912356163532499,-0.4141168218595892,0.09012274370170552,0.0684574325655834,0.00723697388103831,-0.030390121219194842,0.013883505871903033,0.017943007526801353,-0.050770186388272846,-0.03081712506702312,0.04464221481832539,0.054524545020016114,0.0507105271853815,0.0033699205663051414,-0.03159564413170206,0.005145652321431756,0.025923718855803284,-0.06979143907670289,0.014003374023211076,0.14940121307402746,0.06122769180834169,0.06411265598245562,-0.032354884454961645,-0.008252434537335351,0.010199147562507772,0.1321298603890339,0.05054763326761799,-0.0030842984043634794,-0.01243272351386689,0.009522170683628912,0.01250009613456409,-0.01226886293788302,0.21738163551849013,-0.00843992377315346,-0.17343318886349698,0.07513091401442158,0.060275814226235465,0.1982192673224429,-0.17163281685430784,-0.0280055715812454,0.0028466858620826915,-0.030216572252764085
total_kcal,0.19623102153915933,0.009209608233489814,0.014093199213632808,0.1360341281094726,-0.020545779093804572,0.149637776585005,0.16507662030055087,1.0,-0.04656743839998855,0.009440506082916729,0.01118974877115835,-0.027173920611598665,0.023356954146213034,0.028810415513449785,0.05211530567830788,-0.10234471028998951,-0.08540801583474485,0.028319495328064773,0.019412214130879443,0.1046639197456595,0.011219242886911184,-0.039237807687918944,-0.02139143970999687,0.017302811130513553,-0.01874175619898188,0.0020458907781522456,0.03344418068703543,-0.0008040041549552334,0.007851953138648978,-0.026749915711599043,0.11262515053488013,0.005150860229238055,0.018422647801879136,0.025566007964290455,0.1003448534415754,-0.032012263893109814,0.13305937140783003,0.025318757843217198,0.09636513176810407,0.02697110617602727,0.006865774950581094,0.043324090963432815,0.019644637425940567,0.017805746056883513,0.039285058599220796,0.013772129083652072,0.005943956173152062,0.03707023981421293,-0.014821776138761506,0.025293456805445855,0.04560872831843429,0.022773193075824743,0.05034390874332354,-0.00396288405827263,0.018439663750385353,0.018512348149239105,-0.01070082455685368,-0.007756549587575428,0.003022567766542905,0.008822945906947469,0.002987472357387739,-0.02184047112167386,-0.007753572185553418,-0.039219865088093546,0.14752856303125578,-0.02237530500538788,-0.04209940145178197,-0.11569470622324544,0.03319066768839215,0.019606698986267563,0.04882288110144397,0.021276629926860233,-0.018617980236981815,-0.06543441027885849,-0.03988248113533924,-0.10630655999191246,-0.006872408362735287,-0.02015248715460327,-0.024655705323269043,-0.03618001047727143,0.016001785343390938,-0.0162141250931131,-0.00453350688677282,-0.07340143357004425,-0.02949405904305884,-0.03306236833727531,-0.055656288635332285,-0.038375067957191845,-0.05152932491392241,-0.014656504900906956,0.008416392720417078,-0.02172980488411814,-0.028292950322392794,-0.0445928805983863,-0.01631904097278288,-0.002124336735973119,0.011090040413530419,-0.038270961431121964,-0.03958482034516133,-0.05197580008576817,-0.03274935225724802,-0.006772913264522406,0.035860734756082056,0.014927801099429028,-0.014043032953926058,0.014753938186802325,0.005715964316341117,-0.0024688956258337143
sleep_light_hrs,-0.1852435212060322,-0.0089997737140936,-0.024933064848432544,-0.14011835823072197,-0.015424315992372584,-0.050505164702477574,-0.16351996250166742,-0.04656743839998855,1.0,-0.03303828332491386,0.028901412813541482,0.004678989051678675,-0.016930277970920338,0.02027291932729903,0.024488640778961353,-0.010894008272396378,0.0396149930061424,-0.006978934124299225,0.045403285636887884,0.01705079440114344,0.004636661744314887,0.03779230040317345,0.04222710981219447,0.029078661420048824,-0.0148242503460593,-0.01612140705778498,-0.011751425298459189,0.01181095761363043,-0.018374951154612625,0.011645801756615465,-0.005173218005447458,-0.010237606470375842,0.044571360159719436,-0.008452339894990777,0.01077567888271637,0.023065343647761062,0.0026865880805709056,-0.0023050068753806808,0.01514421135737123,0.019885829549895054,-0.011209919785793613,-0.01657980002985102,0.0022395722027307437,0.004092202790856547,-0.030189346666837934,0.010124355030355874,0.02121007365228644,-0.018717452405673202,-0.01743697630785438,0.0209792884684644,0.022309222022485774,-0.000652237495843855,-0.0009058326125686709,-0.008959065124686957,-0.00484223778670991,0.019393893962354313,0.03108240086801157,0.010021540742147636,-0.03570251422692722,0.021425016971272408,-0.01412171013572924,-0.009468139030077727,0.0045873570777145226,0.020131361528034686,-0.12101573977183117,0.02087837417883739,0.03374998741815399,0.0932653769682753,-0.0405510582629879,-0.019055923567453902,0.0063544675840415035,0.001323257625487566,0.0004034410388695095,0.016702969533553946,0.00767143252009095,0.029337861905399984,-0.003026584003711755,-0.003577993920917461,-0.004421487578073003,-0.01928819823711506,0.015921572988756686,0.02392070530513751,-0.000717644423016904,0.04117881811113255,-0.003261582362008709,-0.03219305999641921,-0.00900856250203636,-0.028837263139320946,0.010723214228300013,-0.02491921689007526,-0.0231469165853362,-0.05081353873550746,0.029492854722359848,-0.012182348176797154,0.01497830333704837,0.04381283904297867,0.005181400666189098,-0.005279565806619363,-0.05504846141599656,0.0020078500477284764,0.052145805177118476,-0.019326648687973493,-0.049889059225223416,-0.0308210018769086,0.07208827850676054,-0.01037454784977753,-0.015037895324077687,0.017648760609983397
sleep_deep_hrs,0.06254959113006493,0.01037846679369975,0.032582628086046526,0.05521307279527332,0.022003381975588657,0.02951229379090104,0.06322066880736511,0.009440506082916729,-0.03303828332491386,1.0,-0.0029673193653858366,0.017416435874998228,0.004404822293007149,-0.018992128461951446,-0.024340662045909192,0.02677647712039447,0.02021393397995157,-2.6220192473813952e-05,0.01829680237045692,-0.09482500552693726,-0.007192608513385009,-0.0006935216288182848,-0.013441763697358524,0.001035291592484071,0.03474809929771707,0.01663749676518595,-0.02013999902812404,0.014773560729459848,0.01123387457962082,0.0008672338787378955,-0.0505341711627003,0.004165925846282194,-0.012766886320343515,0.014181510847199768,-0.09569334199543697,-0.004388510926819276,-0.08553365822187138,-0.010285706118355227,-0.08676880434678967,0.005137286508833812,0.018839957144405024,0.009696849968064636,0.0078608946921461,0.0019235668376619012,-0.016239916398431704,-0.0019558309323837106,-0.00033501812713863986,-0.0022613375309584226,0.02303216027912884,0.005025722991432397,0.026096702491481993,-0.01116932411452933,-0.005160007688107638,-0.024549005797293872,-0.01937011288468811,-0.01734951723487011,-0.014143446917612625,0.006806495969819057,0.03304055808636452,0.009019082002743307,-0.020991466842669886,-0.01429913439645056,0.041239628530387075,0.004970416695904552,0.04261257499328708,-0.005330287017711135,-0.02597437918107627,-0.021460954941326757,0.03701939770288362,0.012748392728412538,0.027183889596015635,0.010261678102176274,0.012489255939081236,0.010553385815478523,0.028657448464036003,0.025107696091366795,0.042836739342062446,0.017538024331412543,-0.002074109793553341,0.0009554517542808349,0.010702555544018326,0.01316080211961471,0.015500067604970288,0.012586063579883011,0.02754479941040174,0.0576078347733882,0.035325535264290206,0.018415816584790832,-0.015082734694756036,-0.01858741240836115,-0.0009222910057656207,0.03359089044600017,-0.012258377178422852,0.01342479508116838,-0.003834850783609913,0.017841174316411707,-0.004317232901830748,0.008567321374709077,0.046723801330908935,0.050553066102753945,-0.009589975554691212,0.029001322695362586,0.03282054646453514,0.017989145703199816,-0.01014291676089546,-0.010206281550784775,-0.013589158474736242,-0.0034964781243004154
sleep_rem_hrs,-0.09923905046727634,-0.054246647682445984,-0.03919689965965532,-0.07258556103390765,-0.06665401929352835,-0.013316059479392982,-0.0990281945848588,0.01118974877115835,0.028901412813541482,-0.0029673193653858366,1.0,-0.023555249010430577,0.008305146077789401,-0.010043647774061016,0.07280225334040441,-0.09173045531063498,0.05576795129503611,0.012023951424591393,0.006664240917616316,0.038129447262071965,0.00564384179167202,-0.031651427433593546,0.003204856622130802,0.03510359212800581,-0.040046567169850326,-0.050425683007725104,0.027250739150342124,0.015548944788671918,0.005730530062322124,-0.06638089526849586,-0.016329999093168596,-0.04447620609158062,0.10038372841109797,-0.027667762315758085,0.05590126627729334,-0.00869769400805793,0.004784872962063889,0.006985182612972771,0.08929245217097749,-0.030077531867215495,0.005475380736885307,-0.00041779653172347906,-0.02265610370264548,-0.043312366514397425,-0.03828617668325295,0.008298529000152093,0.0018553633250415521,-0.015427869247153708,0.0014362199854353551,0.09034698636183638,0.004502832277262836,0.011987004149811534,-0.0368805842890797,0.0010574648009762893,0.028359600164546493,0.02254898429176876,0.07463333624849668,0.04198776182375813,0.045596889879352245,0.06683574525722662,0.027064164177743474,0.02083048699100261,0.04006385781611765,0.054470415472430186,-0.11521307096256612,0.0009628639996760692,-0.01718632062746336,0.0665453793482532,-0.08208066185412269,0.04304907643548872,0.06528845912952555,0.0448303058078657,-0.031851267333653656,-0.03125350560273565,-0.010306836204050476,-0.0519286518166958,-0.02126786077317612,-0.007848071839364361,-0.0491245772778401,-0.01455854200780596,0.03577321331497126,0.0004818608588886809,-0.008845691570086437,-0.003620911269918658,-0.03520640837680498,-0.04865628770219171,-0.07398362050969758,-0.05418260453233134,-0.021813871387716035,0.00990205508794651,-0.009907776937119117,-0.07170266478773381,-0.03777133748583298,-0.033138786707821714,0.010414727069998249,-0.013252202627983834,-0.014718375414187376,-0.035663201415163916,-0.14607754062514125,-0.04139793012459081,-0.003686607150095945,-0.03482330881815279,0.06826187321352019,-0.09338163373651373,0.05697415403344333,0.03323958655512634,0.03174321070253626,0.036315223007216055
sleep_awake_hrs,0.03823519044048991,0.03663116826579238,0.014049842091886722,0.048480812432323245,0.04936954190362307,-0.01352190452448606,0.0642776787893789,-0.027173920611598665,0.004678989051678675,0.017416435874998228,-0.023555249010430577,1.0,0.015602780802237207,0.024451452220127057,-0.02882128970312817,0.024138284505252388,-0.007372489417129199,0.013148376629268987,0.0003358794676727367,-0.07029375044939111,0.016431754483930184,0.03663647204084266,0.0005462761229000688,-0.018760146769950733,0.015422515848837857,0.004095287545531881,-0.030751350236671304,0.009415924718098639,-0.0007973408799567869,0.018873640298053565,-0.05792616405364156,0.025243738193719605,-0.013974128294225735,0.009022288320578341,-0.05239842105901076,-0.00851655383430795,-0.07461553144557714,-0.005931888926301808,-0.054279467512382565,0.034273801762938,0.027240704889366293,0.030141279764305987,-0.004795075574617108,0.012127012492772024,-0.0017564779617251038,0.03832102546292512,0.004340344889601948,0.017115505671303783,0.01959549620065045,-0.030093679283004843,0.02014235919403478,-0.014460809028925985,0.019816290317622828,0.013342504315652435,-0.01052075698898718,0.007000928159539173,-0.03261357631450703,-0.026521668785547754,-0.024288401560317713,-0.045634509894864686,-0.029874213118876333,-0.03766835450297204,0.03279772973039836,-0.022550985281750834,0.056370828255843636,0.009161350490548541,0.0026724180582364215,-0.017278509399464584,0.056329619891749776,-0.005413713249454479,-0.02076820315252383,-0.01704823256286469,0.02396989602396232,0.027424118212564054,0.02939457333828157,0.03297089640107082,0.028524262640635994,0.046259001814491205,0.02864031768083639,0.012527706928004909,-0.022249789464165812,0.03953057009377502,0.012885018306588268,0.021499112825912634,-0.006802681759961777,0.020409530633617272,0.047334144899088784,0.044678839419632986,0.003187671112900296,0.009998039937830553,0.008789491236864726,0.04007425880233822,0.022681818906880088,0.03001832037648413,-0.0008951444387368725,0.018708883498043262,-0.011292626620512777,0.008927842881852823,0.07220305986891448,0.03688861066349293,-6.509206763154357e-05,0.004988652384487334,-0.028278648222616828,0.041321839476162796,-0.03053643138494738,-0.01365420336955957,-0.0017431461557608728,0.010691014564638406
act_generic_hrs,0.05615993267433875,0.03583677282019681,0.00258298381847466,0.041362977252881364,0.04469468677441265,0.013882574882364346,0.05530738624765198,0.023356954146213034,-0.016930277970920338,0.004404822293007149,0.008305146077789401,0.015602780802237207,1.0,0.01282864517701635,-0.0014728994400058871,-0.018920646211655498,-0.047949891777364806,0.04514907336960902,0.02598065366050212,-0.01910765928066802,0.009955386371112684,0.05936358858127597,0.007110712786004867,-0.011927845294746452,0.05250639897560656,0.04176126420605969,0.006102270540343386,0.0008884868341635881,0.025301257622154984,0.06269308146853923,0.033756384925398,0.04815297802682786,-0.0287544241402442,0.05735365244984918,-0.022084604086777676,-0.0008185422925170015,0.010945601156737922,0.02301037976666941,-0.0066815699178982245,0.04155501384577764,0.10951470064746929,0.02655509539130409,0.054885086333770775,0.07019377904937107,0.01844882392819717,0.03407807311307562,0.02903951403051097,0.06490897876121948,0.01827732428825912,-0.06918298988877604,0.01881255856957072,0.009359511049923958,0.03323993417371919,0.021922066969280413,0.005647648678662049,0.02636576065002676,-0.06076727328976646,-0.05109640209545441,-0.030901784680229808,-0.09093841660362499,-0.0715509078714685,-0.09169406335439895,-0.041747332552631564,-0.07392685945627486,0.05924079163199131,0.00890593217226111,-0.033367455553232964,-0.02817592079067365,0.03078609207788913,0.029016376179394857,-0.022104915418859845,0.0027681079185966325,0.013283043487863602,0.06608221017150996,0.026957262200934726,0.032632674700466525,0.021184949738233688,0.01951878714930192,0.05086340505238631,0.03796008267719097,-8.59478148278476e-05,0.023652423331612753,0.044512884496003546,0.04488053422784576,0.023053480981286772,0.022523975823930044,0.02674282070902959,0.019651468869336938,-0.0026389951090185727,0.06038759978883053,0.005571021529050488,0.02208695580404455,0.043924555718631415,0.036769172002497526,0.011881798365834832,-0.004043285351359836,-0.009097957553560783,-0.0068465326695185775,0.05369296427127344,0.04283608830238751,-0.12724046510321624,0.06543960795057853,0.08468140941921008,0.08005580411840844,-0.06589814439003458,-0.050008469865966555,-0.008082300143003845,0.003217463485876134
act_running_hrs,0.028280437795220652,0.03084910156833349,0.04069949405602577,0.03586588662707148,0.05841367686563234,0.030654024214838673,0.026491075855431572,0.028810415513449785,0.02027291932729903,-0.018992128461951446,-0.010043647774061016,0.024451452220127057,0.01282864517701635,1.0,-0.0051381723972930065,0.00946316470945894,-0.04719741112049212,0.021471769996586277,0.045695980458690624,0.01412364086786482,0.028482592791371598,0.04450615822975614,-0.023494480496098463,-0.0029465336340288484,0.01593027245360978,0.05217773088039928,0.04332558760263526,-0.004384090020728152,0.00551834328034542,0.03569644635871083,0.02954971006031452,0.04833311946617014,-0.03845802300347454,0.052037114805472344,-0.012193071923228882,-0.002028668949822518,0.028996690624417325,0.013139939306931834,-0.016929100542710563,0.0423644476742747,0.042065725306047436,0.03203621298044868,0.05364252090402587,0.051490023698058274,0.016741512244547656,0.012914421882683257,0.045767677714337374,0.028312221407428163,0.03204972082572062,-0.06369967382395415,0.021912589808197623,0.02028410305960385,0.033886843587774176,0.024416966436992937,-0.010433627056614572,0.032349989772212595,-0.042708089714567396,-0.014952161245158711,-0.05055147650075056,-0.03828949394362878,-0.015238149102326229,-0.024747898470566403,-0.027862070132149714,-0.0067657894624982605,0.03997545748328375,0.013808228073452902,0.015239999615622073,-0.005695309438093943,0.04836258124270759,-0.014807913661686437,-0.029112066535404206,-0.03745462255183158,-0.0002638607053292127,0.011846377231023173,-0.00903200997269718,0.06263210101385717,-0.006803828510916399,0.053536576108485424,0.018842305423505536,0.004666486561952841,0.0013898381210461312,0.0005417319599134111,0.01137175240601425,0.004281226969162376,-0.0005314671316294542,0.007231697895666601,0.024077196133288816,0.014534238610103962,-0.001480596381084388,-0.0015823397102510625,0.029246629369497477,0.016865988539554552,0.012782296911269296,0.015155449885628352,0.00396814628190989,0.006008164215459351,-0.0054955478542938856,0.001395224629295012,0.056288316217472156,0.02320381560230671,0.01656745261389983,0.0019674422058522274,-0.06485643736007463,0.020023225223144245,-0.015127407000727176,-0.04984894369445767,-0.03337107545013762,-0.04591061413420393
act_walking_hrs,-0.04741532450907862,-0.09608861585047417,-0.047829314848541755,-0.07320771338570853,-0.07905354983858588,0.10689839122662806,-0.092601608112452,0.05211530567830788,0.024488640778961353,-0.024340662045909192,0.07280225334040441,-0.02882128970312817,-0.0014728994400058871,-0.0051381723972930065,1.0,-0.156697624688061,0.024829049371965783,0.002806772095375837,0.020410064870737925,0.17001868640456433,-0.024803616494014115,-0.041659628566042606,0.023867221800392885,0.02229164389583066,-0.028208520925115766,-0.04658350455213392,0.06788276291499606,-0.01478186849502865,-0.006011577626196489,-0.060157499004486394,0.1206797497547102,-0.02985454980344304,0.10069027271653509,-0.03337603437634482,0.2035483385482141,-0.03597389051018727,0.14047602408254428,-0.006302201123274867,0.21791407162354298,-0.007937666124840858,-0.01328387079520525,-0.0072881447359449195,-0.009265156772630746,-0.036305750430791046,0.0006617635762533078,0.0397389955170828,-0.01085832881634041,0.0006436066325867331,-0.015566473330587043,0.11425236472072299,0.004516279953892961,0.01029777233316192,-0.012868433639750869,-0.024088387494772694,0.04360890449152868,-0.017469581864547425,0.10231830463279806,0.034989680499209454,0.026865940962840465,0.06661635793271882,0.0210996534201461,0.02844017891801109,-0.028994242054713994,0.06859683042281631,-0.06571102608828948,-0.013606758335325922,-0.04151507554855313,0.03882062525099205,-0.0488027174210968,0.0035186951983665017,0.06312754672431511,0.045977831029382805,-0.0491276041685605,-0.09591471512132962,-0.05812693532009554,-0.13162123969950418,-0.03740909992199203,-0.04394242840996412,-0.06667684427711534,-0.01617117585859522,0.06806339579600093,-0.021633818067922826,0.01201145254406271,-0.06089460673467888,-0.04841338118757477,-0.11036702555976555,-0.13408865963564479,-0.09176631405822519,-0.02063003598707713,-0.020206709033743678,-0.029918203630583368,-0.13140294227284485,-0.09685077702877387,-0.062351180879545845,-0.03525713440988754,-0.011244483206856414,-0.02415087348656971,-0.06827544499190921,-0.19284219620208895,-0.05786045088513971,-0.029645814424682827,-0.044326085826878775,0.08453097082967087,-0.11476791096120241,0.08479213129013324,0.058188794035944916,0.02511575578967929,0.017686388032105222
act_sedentary_hrs,-0.055233108149317645,0.056591154593015246,0.03500783405985725,-0.013741896979737775,0.04720324983351189,-0.14944199381584372,-0.03880775987519361,-0.10234471028998951,-0.010894008272396378,0.02677647712039447,-0.09173045531063498,0.024138284505252388,-0.018920646211655498,0.00946316470945894,-0.156697624688061,1.0,0.01769502907842421,-0.05062946605251737,-0.02909957034233867,-0.14177611197353476,0.0031688538074075762,0.05917990569413472,-0.009608708026704785,-0.003066599008691412,0.017282652490593433,0.042512920714911806,-0.09129679336925517,-0.02000711591031869,0.015859238739572394,0.08018347313197642,-0.12074860715301255,-0.024080380665319867,-0.0656890108578232,0.009696737702044097,-0.1808117956029951,0.004739258199544451,-0.15256112682545864,-0.010578544311410877,-0.19726672440401272,-0.0305984752976095,-0.019334081356998073,-0.022251231044183684,-0.021832846900673206,0.028852678019153755,-0.032047315420650285,-0.015718349301896226,0.0008233152130905326,-0.019709435248950063,0.007805709321864986,-0.07594339924115913,-0.015614852217981052,0.00038392756492791966,-0.021354782767139133,0.02385116555698295,-0.045229778626480734,-0.019494864655544536,-0.06909978544240371,-0.02810781274056271,-0.044145196363912335,-0.040583969505388603,0.009895889253641892,-0.020693139685853075,-0.010807946289331993,-0.009553876680214965,0.006112888027502567,0.027044491006699627,0.055555118112627706,0.030887814116047584,0.05786788364860605,-0.057882643281926924,-0.061859191662090626,-0.0356246308820147,0.06422385258278805,0.09961233435584817,0.08778514157027986,0.14878370440497238,0.024079950139631195,0.0492423896358163,0.04986640341592598,0.018027378417664126,-0.046546932304569556,0.04775966622412736,-0.0012252658527407388,0.05903441072616409,0.05458973436310363,0.08187936593164294,0.14942600507303327,0.09064147384181667,0.025528065121638126,0.016673974896792294,0.02304413409455371,0.09071612918445746,0.06493940972076016,0.07969797413338019,0.024745668645188994,0.004262393003624239,0.010143893119543852,0.0741541945997757,0.1743370475357687,0.06650700668795952,0.07260954173112645,0.018976413853620634,-0.10811952956564831,0.07260459523496152,-0.06661055344856213,-0.02714662100207099,-0.04121944085316743,-0.0455036208738448
A/G Ratio_value,-0.15373365894563912,-0.0665911066827486,-0.04348880223216693,-0.12461838820462612,-0.07130087066620046,-0.045383702686823506,-0.14417517649118167,-0.08540801583474485,0.0396149930061424,0.02021393397995157,0.05576795129503611,-0.007372489417129199,-0.047949891777364806,-0.04719741112049212,0.024829049371965783,0.01769502907842421,1.0,-0.033994940090609584,-0.032760230605327546,-0.194688141341548,-0.0741104012800888,-0.03869605765341926,0.0950587361883394,0.01802176203739716,-0.03674945809597387,-0.05856883523885522,-0.09435077463939037,0.03969000523517102,0.041339521027696786,-0.07810723422648264,-0.2618625525867938,-0.0859041342662321,0.09588921776956708,-0.060588749628644474,-0.012344243296107574,0.03270578736936964,-0.2704294484926894,-0.011109075868368777,-0.0004404711033084469,-0.05408992975183862,0.0018696943511310067,-0.031653898630005346,-0.044482761236092676,-0.13699832182638497,-0.09392216079443641,-0.01412457254095624,-0.07064198621131156,-0.08540687034324773,-0.037220267296395035,0.19143652156809057,-0.014792041102996166,-0.040346558918540845,-0.09921309853738083,-0.07904206138852342,-0.04526745876784239,-0.04076227391585705,0.1465245763630829,0.10344869800045872,0.047710742719560946,0.15712887084638708,0.027863799883806217,0.029237120002414664,0.17912319873917962,0.14873614156757048,-0.18356579668558062,-0.01792799733884853,0.005845761791407372,0.10848189346816575,-0.10699513915418762,0.005912608259944165,0.02445834752964127,0.043327876717779414,-0.0033647397924531576,0.04653339906502264,0.022548024891840924,0.028985991374416212,0.056305621751332954,-0.020256096352262012,-0.04095571108619351,0.038822161837541,0.028313135415586187,0.03617154440274542,-0.014273214358901946,0.012424099183157424,-0.016723303565734104,-0.03019769089750699,-0.049196247279285246,-0.02527711085054959,0.00842882119059369,-0.019082018620649583,-0.023691069547303302,-0.010650557250189785,-0.0015322033542439289,-0.03541312307086465,0.05228224925700595,-0.031970234390073286,-0.024495693567813084,-0.022909755787840748,-0.1286932529219208,0.03465936897992023,0.07505338759853968,-0.025623675419300728,0.011104079491444745,-0.12143121303148335,0.12265959878128548,0.10210679461055315,0.014109086941132132,0.09726016340134966
ALT (IU/L)_value (IU/L),0.038920616723913,0.020218234353527174,0.010017075529295136,0.041521962177273865,0.050844383823070396,0.05230585726469834,0.04613242595457525,0.028319495328064773,-0.006978934124299225,-2.6220192473813952e-05,0.012023951424591393,0.013148376629268987,0.04514907336960902,0.021471769996586277,0.002806772095375837,-0.05062946605251737,-0.033994940090609584,1.0,0.03375183859024431,0.00158559035445618,0.05414991672322313,0.04376331911090658,-0.019790160938479615,-0.0017643303226565507,0.03206195154293815,0.04619682523826319,0.01651202797100949,-0.00574507566266833,0.03383193191546869,0.053257729150411666,0.04167371987746995,0.05235918174493266,0.008016780049201666,0.04734704932583677,-0.002599224011059003,0.008934088724635162,0.02548158438304368,0.050368943537779494,0.010772245145293246,0.032779414602281357,0.06712119774367128,0.041939994963132374,0.03052377923274673,0.05700043694404979,0.04360149643835013,0.04543954139871162,0.04979396296302206,0.05382359532068422,0.056163523661314184,-0.06817112911124182,0.0446319092196417,0.042391859872073036,0.03502149319677363,0.030924153882131794,0.04493297245922924,0.06160162079565257,-0.04283298599804174,-0.05735965379641685,-0.048697088028889224,-0.045470582533917746,-0.05349175077790175,-0.04645766348984122,-0.015862025839067206,-0.02305730237847845,0.03961948004079488,0.006840415005638186,-0.0029893479171783505,-0.02265893706939499,0.03265468353596811,0.01741529536430337,0.009187050650852235,0.010498993158112733,0.030042293319859928,0.006339667687884884,-0.006889991121614702,0.004985501508595237,0.014016494134015449,0.012456309376665484,0.024582624057958278,0.027669227161109814,0.0029594109759082097,-0.0035515435640665464,0.0009947624855122879,-0.004821559424951073,0.043619236595559226,0.011242278106970987,-0.013084064657360778,0.001457821561015156,0.029670828110806624,-0.007725655102554945,0.0351120115057541,0.004158464371797732,0.012291608702974915,0.029013408761684695,0.013800090820334489,0.02727140743847439,0.041898682836819405,0.006398786309080181,0.02776500097356012,0.008210872846144194,-0.0414940271631241,-0.0022227402189254966,-0.02125559163265076,0.03242053567031681,-0.02196108649359871,-0.01379565126314083,-0.0231482170707432,-0.009750191880034358
AST (IU/L)_value (IU/L),-0.053093104120036844,0.025396376215367358,0.002321890510673171,-0.04605130256729782,0.04091566834712097,-0.0037727484374290104,-0.04126132312777779,0.019412214130879443,0.045403285636887884,0.01829680237045692,0.006664240917616316,0.0003358794676727367,0.02598065366050212,0.045695980458690624,0.020410064870737925,-0.02909957034233867,-0.032760230605327546,0.03375183859024431,1.0,0.02379047277362101,0.01013529526968054,0.038379005481363845,0.013248622954538656,0.016659591790550557,0.0281466186515277,0.020445380476752793,0.00792845480441436,0.031315260854594254,-0.04426188737545176,0.03726114157353519,0.054284239036867125,0.0344020527559725,0.0008825446308406459,0.04047688114633701,0.036919113835732216,-0.013972666791271356,0.034290726459312124,0.0072690644579956,0.038081649524518826,0.052714740194377586,0.019732486273856466,0.040118656611128754,0.02493602113427292,0.02718607657606311,0.01922017121499001,0.03888676457185239,0.04494643797531635,0.04611484141287999,0.026498897625650723,-0.05448093360697963,0.041282102744376915,0.04291583512504491,0.03436428644685973,0.020472614980936055,0.054812540886404484,0.05111488009300497,-0.05120132176577782,-0.030063525680905843,-0.04844290099451026,-0.025182656011410776,-0.03492284304785959,-0.029425930415407472,-0.049548554119935924,-0.038217459862793825,-0.0439928051970723,0.01569485540375973,0.011809658042271605,0.0786675906189102,0.027708832509588787,-0.004112648115098951,0.009559675235695364,-0.006071274986523468,-0.02772590515911035,-0.0006834756993214383,0.0033678128304234023,0.022517966300131063,-0.01992528111128314,0.00617411446034014,0.0004978749774397868,0.007226994216646873,0.011256780097539396,0.017051870647530366,0.03345586619771945,0.02642250249895369,-0.006133279089075909,-0.008647506872970999,0.009303533215558551,0.005167498685948984,0.002651009027663647,0.013097005786010408,0.010178105884233873,-0.03787227831939504,0.03423074470103802,-0.010492599656237145,0.025428138349381808,-0.007366405558111585,0.0032818508796424147,7.097926157003474e-05,-0.020640695448785586,0.029811111038070128,-0.014028027031354718,0.01424464007499144,-0.02449053611823552,0.014107236482419128,0.001397869124735426,-0.027958990030582352,-0.0018305964051740643,-0.002023669978846043
Albumin (g/dL)_value (g/dL),-0.08119025976624111,-0.05131587660406978,-0.11146920952381202,-0.13420127227960552,-0.07287681622856249,0.11584503527970703,-0.14152196603789502,0.1046639197456595,0.01705079440114344,-0.09482500552693726,0.038129447262071965,-0.07029375044939111,-0.01910765928066802,0.01412364086786482,0.17001868640456433,-0.14177611197353476,-0.194688141341548,0.00158559035445618,0.02379047277362101,1.0,0.07776100247773073,-0.10257634512703762,-0.06866670995791474,0.09415084992552958,-0.10860202341132291,-0.05313330402729423,0.2305163732204695,-0.03670593137722849,-0.09902232428685726,-0.040113748392433764,0.5378589905883197,0.0016355041848840663,-0.022448042302639568,-0.0009597715629745833,0.25550818740346537,-0.0497110565445506,0.7163886926902944,-0.02587876363407587,0.24663386445279953,0.0034385135590873695,-0.08903309733960908,-0.051438406211260695,-0.003920940748622436,0.06153027020688147,0.11861796171580027,0.019417638697897796,0.11263457863011944,0.055013827527200104,-0.02409384095897976,-0.06896731615792072,-0.013101937304489084,0.04461548132596131,0.022089304877567745,0.018904831129754992,0.166812297434521,0.02683538958432748,-0.0004208411344470114,-0.08930570626331619,-0.027526605654864682,-0.04869632533340009,0.04797140186900773,0.05468245040929459,-0.25834495096995747,-0.09035485596472032,-0.016038953023623757,-0.0015105079931417846,-0.015883706097129247,-0.00542517957032576,-0.04072651465398527,0.011445399853270064,0.04860200039422432,-0.00342171298908529,-0.10404603345911485,-0.28953558178840927,-0.1270473151437545,-0.2783610361303838,-0.16382737887151128,-0.10155937172863405,-0.03261997926338777,-0.17228491769683163,0.023040330483616964,-0.11351792385972664,-0.0554355885902966,-0.11908683316149735,-0.0576045266199232,-0.13761836694362548,-0.12820932143480343,-0.14161369272412533,-0.0796261845877635,-0.032974761978539796,0.0008911472247215615,-0.16942785151152398,-0.22257723743137428,-0.0962664536140027,-0.09695333683803152,-0.0032193002970060396,-0.004428038213515564,-0.0696094271912542,-0.19636401662882513,-0.19406081328617844,0.049867792105204055,-0.02159679524625989,0.00911359347530072,-0.10181350894274568,-0.004004067165764429,-0.04508161406031761,0.018688030721627474,-0.09680744321323387
Alkaline Phosphatase (IU/L)_value (IU/L),-0.004143963832493794,0.07990211348984633,0.0035649150791475476,0.01105546775559549,0.044815307617580846,0.014459696251307571,-0.010356216005894803,0.011219242886911184,0.004636661744314887,-0.007192608513385009,0.00564384179167202,0.016431754483930184,0.009955386371112684,0.028482592791371598,-0.024803616494014115,0.0031688538074075762,-0.0741104012800888,0.05414991672322313,0.01013529526968054,0.07776100247773073,1.0,0.028128622472007307,-0.027386187929137436,-0.004138610972782514,0.01628417150579879,0.076457953941186,0.03376097582374336,-0.030142948641280046,0.0016302276114297375,0.06373692140305251,0.1089055811055362,0.05590765662211158,-0.03586102634972562,0.05625397042181117,0.04878379988634618,0.006567256578363087,0.10251155768907104,0.02785587103973156,0.047167668995582494,0.056731617720027654,0.01607629547086746,0.015442878725594574,0.03780519800737366,0.07651466463117196,0.049429271370707205,0.02147043842234758,0.07336724872639477,0.036909954083638265,0.03723577200823973,-0.1140814882878921,0.05968584035596821,0.04506128673523231,0.03859413902926688,0.050958845726032986,0.07914799435823999,0.04316989678846165,-0.07405444287503524,-0.049250530428752305,-0.027420185154129792,-0.09497805125266716,-0.051540982977327406,-0.0762414781502849,-0.09349951351279508,-0.05329911978241654,0.05043862814407294,0.019402863532172056,0.016474124285604196,-0.037306089130661635,0.015252763109674675,-0.03285050756489125,-0.021220336959573604,-0.05919126133153263,0.026996083474470297,0.019768407362954866,0.007812120048375813,0.020115619073555854,-0.013923756960841291,0.04010201393795315,0.010063739429459163,0.017551544185178944,0.0066960890349742975,0.016673623570776404,0.008195409488137542,0.03804067086764141,0.016822911189965775,0.01719282812098075,0.03161660182231193,0.016908644635938483,0.02596390284781842,0.02581163055143847,0.02127058381953834,0.0015288522184832077,0.02614213439935662,0.029174335981040904,0.02709097301243736,-0.007461382510368478,0.023091419320525226,0.03101122311630311,0.06811417842147086,0.028005815486540055,-0.03470594181147448,0.04083547590546394,-0.02360936432077204,0.047851535605374224,-0.06410967563529882,-0.08051028050457347,-0.018640341015058508,-0.04087367158733792
BUN (mg/dL)_value (mg/dL),-0.021031292233502558,0.09011781302291812,0.029525037239609798,0.017310057854181687,0.10839522854809458,-0.055992198978914325,-0.0021407920782939693,-0.039237807687918944,0.03779230040317345,-0.0006935216288182848,-0.031651427433593546,0.03663647204084266,0.05936358858127597,0.04450615822975614,-0.041659628566042606,0.05917990569413472,-0.03869605765341926,0.04376331911090658,0.038379005481363845,-0.10257634512703762,0.028128622472007307,1.0,0.021061032488348407,-0.0032609093763912647,0.08956081704224388,0.07272205727836543,-0.029562610914336446,-0.04779821886324747,0.02234708721335771,0.12460458181780745,-0.02818568281724441,0.09689003905184455,-0.08900524660646422,0.07245065504336291,-0.11763700999731665,0.042523809386958,-0.08370685240393605,0.03244599140833084,-0.1079988169936377,0.04777833719703177,0.0474367914973406,0.020622142041812654,0.05681402193127252,0.1093942213375247,0.08012220183031164,0.010042375130381108,0.10343240865390854,0.03572898246115826,0.07782121477126343,-0.16395938347168323,0.05859002968986621,0.08321448104865564,0.05438497326940291,0.09419612899899249,0.05805988514378273,0.04987656489699842,-0.12665173791601206,-0.12201325523252728,-0.07936393018088579,-0.11949494038474569,-0.09043410693203717,-0.08465352115872148,-0.050459469533773574,-0.0801443620446748,0.04216174863620553,0.04485879550701102,0.07310686117374962,0.06727664371522354,0.1410479506535984,-0.017186875908222488,-0.05362373955749214,0.003569351821227719,0.08348234091606166,0.08397284054549219,0.10359778135847791,0.15905244055891393,0.05602952082675918,0.08169795954330372,0.08123544035602889,0.043846952446311295,-0.020653167303990014,0.03982696052772234,0.033417320694341904,0.09776660977712824,0.11408096805758779,0.08803980827317837,0.13035037564213944,0.08631296246884822,0.04349685456419269,0.020483218600081197,-0.01692040792961794,0.04251924305570461,0.0682341729229913,0.09420294169633665,0.04942306512534805,0.0025660415544347046,0.028082481637360285,0.08793890164840883,0.16126369158266096,0.07503877549302802,0.05997617926266381,0.031480303358323504,-0.10706076683182121,0.10397977036913565,-0.04768748456153397,-0.07860329409248751,-0.08013459860943713,-0.04500200443698835
BUN/Creatinine ratio_value,-0.07684110246330655,-0.03837427620212965,-0.015318291702464945,-0.0450063038251056,-0.029456155150132054,-0.03191819652082247,-0.07538225298658373,-0.02139143970999687,0.04222710981219447,-0.013441763697358524,0.003204856622130802,0.0005462761229000688,0.007110712786004867,-0.023494480496098463,0.023867221800392885,-0.009608708026704785,0.0950587361883394,-0.019790160938479615,0.013248622954538656,-0.06866670995791474,-0.027386187929137436,0.021061032488348407,1.0,0.025966655915594775,0.006654606322274414,-0.0006881256084994104,-0.014070501946506976,-0.007047104381644618,0.02069063535803859,-0.027734009499883718,-0.09638462898226723,-0.024901421011318273,0.02721335970521635,0.005226669375908994,-0.010901662762891532,-0.0007275932139794063,-0.08599953806791152,-0.003744715218468013,0.007300867929478582,-0.0003557427899744859,0.01044203987046898,-0.0031199608779099285,-0.006342926814385737,-0.021688964912553205,0.0021824525007494984,0.02482921996407816,0.0014230246322179268,-0.026336230815847704,0.007708970563633531,0.060922409254276146,0.01463255778351535,0.003187879248073338,-0.014385508079125319,-0.036523971325615905,0.03255661030988733,-0.03824485218547632,0.016730868335615164,0.008015879015736868,0.012870340376673159,0.053120602221495325,-0.012770070108957159,-0.015711512926648137,0.05449528428778781,0.05044357762270424,-0.06753496987902298,0.03776548868087911,-0.028111964199770714,0.07099791264497157,0.014814787017748158,0.05491295339736714,0.0307734857801851,0.04503961331993574,0.022243230298943775,0.028696216560418493,0.01222664446169634,0.01766151161975116,-0.017132198480047447,0.014305851727060712,-0.024523407858167093,0.026770728915505186,0.006078007285934692,0.03185161586702889,0.021040902230759773,0.023425812853846952,0.016401601121635145,-0.012028599102628252,-0.005165774321913913,-0.0057696759673129885,0.0212080050933091,-0.00317000354928085,-0.030257364937947284,-0.0030012363066485807,0.013115769756433266,0.011661758787891862,0.009545064915024562,-0.0019529270972313928,0.01741685324755229,0.0008080632357223434,-0.0414581735433563,0.015389668289064863,-0.002428741780660121,-0.008302096320354231,0.010589699257847135,-0.02231961885316346,0.03492342004412923,0.030290886635024546,0.006150892583558355,0.018545933223182376
Bilirubin Total (mg/dL)_value (mg/dL),-0.07087764698034962,-0.021905426787062032,-0.009462214591186518,-0.06659809941751113,-0.03202297420825954,0.0011642805304141173,-0.11017315141057528,0.017302811130513553,0.029078661420048824,0.001035291592484071,0.03510359212800581,-0.018760146769950733,-0.011927845294746452,-0.0029465336340288484,0.02229164389583066,-0.003066599008691412,0.01802176203739716,-0.0017643303226565507,0.016659591790550557,0.09415084992552958,-0.004138610972782514,-0.0032609093763912647,0.025966655915594775,1.0,-0.06315063370360888,-0.004733467761825716,0.028572321129279748,0.005347401504457968,-0.04524991826946626,-0.03059018874551906,0.04249530909195151,0.008337227296583687,-0.013477782484187698,-0.0129812786399757,-0.0762814870362081,-0.021043603087925966,0.07604215954646489,-0.049498972492593406,-0.06198600298794347,-0.0065781646637356065,-0.012733987084611573,-0.020478840113058724,0.00528502002185378,-0.033260243128165286,-0.005118211438587901,0.027395251730316338,0.014603754583307612,-0.015150731242092564,-0.014060998419801636,0.009562907804451369,-0.011067058264475557,0.012908787126945686,-0.007729029307744416,-0.0030274378475978465,0.008164841720363539,0.0006321093302124587,0.05047413834681129,-0.00603269104943917,-0.02096562131182526,0.035889862162072794,0.0075380725754896055,0.04164156291533081,-0.010843213253924639,0.023084023117431164,-0.08065313778980088,0.018944344362038772,0.005281961145161544,0.08621456453168827,-0.003067068988695242,0.032087696532076763,0.01509564565386535,0.019517559557541933,-0.006331144433664151,-0.027273242158037576,-0.0024342253286461653,-0.02644535398018404,-0.001971925232797229,-0.03899639214789552,-0.015644706871326384,-0.02360694897217927,0.009055913319147443,-0.02143850000810186,0.0017751553018986116,-0.00936114105966617,0.006662009665301087,-0.05075180902133709,-0.02056963462123864,-0.01813178097562566,0.0031703440842845965,0.004245549321230906,-0.008637506095709699,-0.013760587858301422,-0.046077324789794254,-0.03324844963741487,0.001399911214626067,-0.005945045105886335,-0.00032482070111909526,-0.01082127637074412,-0.040898430762007276,-0.035885563884842896,0.08224130877214103,-0.009764332185188187,-0.011417432125971794,-0.06813117813013139,0.038682869462205165,0.004056996385520501,-0.019802094199178197,-0.015196465709718136
C-Peptide (ng/mL)_value (ng/mL),0.08195616966019828,0.042414254869143214,0.029496120543894475,0.07404644072144827,0.0854413687474805,-0.004822513976287925,0.09203835865213927,-0.01874175619898188,-0.0148242503460593,0.03474809929771707,-0.040046567169850326,0.015422515848837857,0.05250639897560656,0.01593027245360978,-0.028208520925115766,0.017282652490593433,-0.03674945809597387,0.03206195154293815,0.0281466186515277,-0.10860202341132291,0.01628417150579879,0.08956081704224388,0.006654606322274414,-0.06315063370360888,1.0,0.04289255158227936,-0.051431590576364226,-0.02149449467760112,0.020184212221157384,0.08549728238858957,-0.04556239954240003,0.04807868997169169,-0.03627119964996409,0.06122658595953495,-0.05839802419522512,0.01370692053552245,-0.090432785252033,0.029200668833523357,-0.06579661275814692,0.02723444396157798,0.03957080232630471,0.03696578702668616,0.02373893339032632,0.07685090380592721,0.04178402575148962,0.05137897601663523,0.0319306244640738,0.032249317365819936,0.028791266934352484,-0.07906324898283366,0.03149731792052554,0.04540384830287494,0.04446718669244137,0.041747742263548326,0.03234468187857078,0.036552282001394674,-0.0656953696168883,-0.04680171467257911,-0.02778524986366387,-0.07503815702457338,-0.06292196326859309,-0.05137629153256276,-0.02120988242477027,-0.0413261522195341,0.07317665161833156,0.028926723636854328,-0.0028800564954809616,-0.014708310416859277,0.06810578965733723,0.006233463532251029,-0.048638382973135,-0.007954599283376187,0.035094453236548494,0.060078720520962824,0.030733222025481514,0.08563848798144799,0.0471368711006792,0.05296915202013875,0.04186440908503272,0.012275548437306159,0.014953410754752648,0.024550091941709123,0.04442974880094341,0.05434149509997977,0.05618789077395216,0.08279098589347912,0.07070506567120571,0.04096735036218554,0.012092019388755763,0.042091173712310394,0.03313528985651581,0.0703340061715848,0.07556054804187319,0.06384253069647457,0.04614632262234522,-0.00602270240730586,0.01476340445125553,0.02270933265589554,0.10043881488312738,0.054559637822380984,-0.00860102991491785,0.04938423586002456,-0.00898483365348149,0.07463911412943935,-0.06543593450842801,-0.039478708999432136,-0.04287516520203295,-0.0327367395641783
CRP - HS (mg/L)_value (mg/L),0.06870924251525579,0.0834798597073736,0.041436991804336014,0.07910442352498898,0.12086837726052822,-0.01517730367786738,0.0632922120131995,0.0020458907781522456,-0.01612140705778498,0.01663749676518595,-0.050425683007725104,0.004095287545531881,0.04176126420605969,0.05217773088039928,-0.04658350455213392,0.042512920714911806,-0.05856883523885522,0.04619682523826319,0.020445380476752793,-0.05313330402729423,0.076457953941186,0.07272205727836543,-0.0006881256084994104,-0.004733467761825716,0.04289255158227936,1.0,-0.0201545698382333,-0.02712793368512452,0.028780683669441604,0.06561398467650198,0.007030771161108024,0.044679686500184564,-0.06047047560802307,0.06056403044467111,-0.05727263078625932,-0.01837653536662696,-0.024462629067460096,0.012139936804152655,-0.050425219517143176,0.028122172421415667,0.045053798554588784,0.02207138619271722,0.057220470519959356,0.0888143610377575,0.0812269863959568,0.010353112588719899,0.060368663587951926,0.05749477745336563,0.06563945866783355,-0.15850732677471918,0.036134164457316716,0.02506609695783305,0.06505975372271698,0.06273959982231145,0.030636207535690307,0.036806723558702986,-0.1321438344747047,-0.0609645732060811,-0.03457185510867583,-0.10754717439288888,-0.05614767514045231,-0.08360368510833617,-0.058278814589194705,-0.06979320873674154,0.09175118446564465,0.01828593843957009,0.005001416316634824,-0.03089947741816521,0.0764920614910514,0.003628606743040255,-0.03285082581758731,-0.01452694976548464,0.06859931873798375,0.04711943850987097,0.031127430260079962,0.07703004038731853,0.00844163768547572,0.06008199777484239,0.08102530960392343,0.011505896786361663,-0.02015224441622794,0.002361311171134011,0.06316574580221457,0.02374046011024856,0.05433138699605129,0.07244110594317513,0.07036814033147377,0.08442926954337769,0.026419741801011705,0.011849486374387527,0.0308436759206217,0.047189823229356824,0.06350795924956694,0.05760402045173998,0.06847607780361195,0.0444335780454271,0.03137978487622455,0.07030786624038055,0.14513201085336316,0.07408007669811835,-0.06383047050652803,0.05700891860474151,-0.02411817388176143,0.13458411274259532,-0.0606821538216485,-0.0707412467207347,-0.04120531296599015,-0.02978206665956429
Calcium (mg/dL)_value (mg/dL),-0.004786352495181128,-0.01461456665493915,-0.03326781367130011,-0.03615253185064472,-0.013700408956478772,0.05963103562322602,-0.025822863491365287,0.03344418068703543,-0.011751425298459189,-0.02013999902812404,0.027250739150342124,-0.030751350236671304,0.006102270540343386,0.04332558760263526,0.06788276291499606,-0.09129679336925517,-0.09435077463939037,0.01651202797100949,0.00792845480441436,0.2305163732204695,0.03376097582374336,-0.029562610914336446,-0.014070501946506976,0.028572321129279748,-0.051431590576364226,-0.0201545698382333,1.0,0.006340344308787401,-0.03681225252106237,-0.020492915657048923,0.19490744073013716,0.03026239205888527,0.00667335378568155,0.00885786032224679,0.13893193661965178,-0.00773625779972079,0.2346047588791788,0.029721885094311312,0.14821918616209004,0.01297286326984915,-0.0002787058811081867,0.009083309863596746,0.008820338969347044,0.0375068487222229,0.05150357883246212,0.01763238910932345,0.044256735694838525,0.0409762103880481,0.00636756069290791,-0.023046298252976247,-0.006290668589948114,0.01968890884064704,0.012421016568358196,-0.0010223071720073874,0.04081004303925172,0.03424770996125596,-0.018080738787783164,-0.0059357806110921976,-0.0007211004305483046,-0.03541056126423264,0.012082789124197755,0.009181368324973804,-0.07654061739591494,-0.026566744721170935,0.029532767998162363,-0.024689424315810053,-0.02535778432919518,-0.01043195260103994,0.021458096836292847,0.027909115256813305,0.022654006294599852,0.009366044325966235,-0.05441768952924175,-0.08104677897940431,-0.06148821504965542,-0.088554320308759,-0.06014637408062305,-0.030767081723842144,-0.03716593915664393,-0.04006358883725069,0.02928879775208569,-0.02770089873682391,-0.008966185114172874,-0.05998459023240236,-0.049917129766457805,-0.03371737475327284,-0.06950189564396059,-0.05383964152815787,-0.02011344606171922,-0.0042968069234606745,-0.016790084413259333,-0.04346397043314519,-0.04788861741618829,-0.04149007560595462,-0.027492381872419966,-0.017368424684317166,0.007842721141707093,-0.054264379560686055,-0.07355257950694656,-0.06369569261895706,-0.06982229609026805,0.0013344207614838538,0.023837348090559787,-0.001786151401389324,-0.0007766612175374862,-0.028377800494329607,0.02912984717356332,-0.036049690748091175
"Carbon Dioxide, Total (mEq/L)_value (mEq/L)",-0.023050177187209253,-0.0077380962017633715,0.01553542997982283,0.0009922984026391113,-0.018456263166505248,-0.001946290555582055,-0.02148831500941851,-0.0008040041549552334,0.01181095761363043,0.014773560729459848,0.015548944788671918,0.009415924718098639,0.0008884868341635881,-0.004384090020728152,-0.01478186849502865,-0.02000711591031869,0.03969000523517102,-0.00574507566266833,0.031315260854594254,-0.03670593137722849,-0.030142948641280046,-0.04779821886324747,-0.007047104381644618,0.005347401504457968,-0.02149449467760112,-0.02712793368512452,0.006340344308787401,1.0,-0.13532826253853597,-0.019243494953920384,-0.021035576435185728,0.006424530868658108,0.0475543570530676,0.01721353726450058,-0.08101908870221149,-0.012930640311150855,-0.03305118883171199,-0.05340581874627122,-0.05453989025047331,0.028452549113170585,-0.009391572330723907,-0.01836481779943117,-0.03361606893322075,-0.02292372346453824,-0.0331309574821684,0.01978643608706033,-0.022669617926362295,0.023916476162759475,-0.036344689905695546,0.05224636747395598,-0.026922668844460703,-0.04997867236896848,-0.02007336473933549,0.012362019013709152,-0.05012649323926259,0.026604381075141535,0.04235919676785923,0.0217429747969192,-0.020311824536951375,-0.0012074637266570685,0.009334549028816237,0.006316772703826211,0.032124048197406954,0.0065667014093511835,-0.009258534370782492,-0.02262702026093397,-0.027844746003420108,0.04828898209691892,0.04907198107802002,-0.018753758204462827,-0.018772194436878678,-0.013156106160537124,-0.009527990333322339,0.0211147619517539,0.004961702445038804,-0.0013103311969844835,-0.018233170916580277,-0.01925432843924757,-0.019106793961483876,0.0032430606663271726,0.01257973489761468,-0.010939531452693165,-0.015270977568104614,0.009743709972872208,-0.02455251299428368,-0.01964057183146149,-0.028865457662216248,-0.016790205305008413,-0.019889351188062697,0.023897836599132666,-0.0228352409911772,-0.006834182784043195,-0.007847907874439187,-0.026720640274472574,-0.001672771310130516,-0.013914320608262557,0.004150409434039519,-0.01573582733181625,-0.035908366000948155,-0.0004528260089557607,0.00034312533345138863,-0.022853965977160162,-0.03002540563960346,-0.016924581941596312,0.010547800153007698,-0.024591048690933228,0.006953020860374617,0.03873650450841137
Chloride (mEq/L)_value (mEq/L),0.07017442665514358,-0.008339359846443215,0.0060519905831731904,0.06898369510723172,0.020356566458830737,0.0042406644478410445,0.07278190250744533,0.007851953138648978,-0.018374951154612625,0.01123387457962082,0.005730530062322124,-0.0007973408799567869,0.025301257622154984,0.00551834328034542,-0.006011577626196489,0.015859238739572394,0.041339521027696786,0.03383193191546869,-0.04426188737545176,-0.09902232428685726,0.0016302276114297375,0.02234708721335771,0.02069063535803859,-0.04524991826946626,0.020184212221157384,0.028780683669441604,-0.03681225252106237,-0.13532826253853597,1.0,0.005561541861164254,-0.10072240056595694,0.0047315039145954104,-0.0021785376236881718,0.027723204448609033,0.03743590432082122,0.02774041865244033,-0.09657465023802107,0.23423735633765091,0.013255520942850497,-0.010554406803032303,0.006245712690419654,0.07897573896321905,0.03551506681585768,0.027564718392200985,0.042600389477123884,-0.036479153766694764,0.06638039163915552,-0.02162477558591011,0.06963599131128571,-0.04147835598539819,0.03371048909703765,0.06673492150325996,-0.0008153503881434458,-0.019347101631467526,0.06526689967000435,-0.011007993495589674,-0.027099825566107925,-0.0014026790082481205,0.03350460235809533,-0.008695695830443818,-0.04202118397027883,0.0027721442081097155,0.013827901399499527,0.005624476225338143,0.01280094891053781,0.006813647824775225,-0.021223428691406625,-0.1061387583413583,-0.08655235525900852,0.06040745172205574,0.048722139389104066,0.03967410130910303,0.02577107259474892,0.06054629942563413,0.0017893321801688675,0.05274779015152624,0.030077124934247138,0.03950373082049818,0.010307462231312558,0.05660738109336768,0.004163649852613392,0.018536297003547645,0.00858343060286581,0.001046645846568074,0.03838234520476636,0.04321977206247884,0.017978955828790298,0.07139288150980698,0.010608382769302416,0.010838857500022538,-0.0072852233079051575,0.02027425846446006,0.052831602811325214,0.049253067924541774,0.003360733485424807,0.015105061676391666,0.008648057616474508,0.003787965836486994,0.036612732487134605,0.02851926681093659,-0.07424817968649311,0.009753964791914382,0.05721408594926677,0.048815738012210605,-0.018420651905006,0.001498225193813041,-0.005935824501365578,-0.020003325651056458
Creatinine (mg/dL)_value (md/dL),0.006603431890865752,0.09840058778021873,0.04511027739672665,0.042344152970274246,0.12848718869856218,-0.036921067586292405,0.03927382667674764,-0.026749915711599043,0.011645801756615465,0.0008672338787378955,-0.06638089526849586,0.018873640298053565,0.06269308146853923,0.03569644635871083,-0.060157499004486394,0.08018347313197642,-0.07810723422648264,0.053257729150411666,0.03726114157353519,-0.040113748392433764,0.06373692140305251,0.12460458181780745,-0.027734009499883718,-0.03059018874551906,0.08549728238858957,0.06561398467650198,-0.020492915657048923,-0.019243494953920384,0.005561541861164254,1.0,0.04981253012656061,0.11555897399787937,-0.061845519542364155,0.08366077999246607,-0.08162763266485225,-0.002686599732556477,-0.019306418875178682,0.03722234131578842,-0.1021285023709182,0.0736983294727957,0.05092122589673274,0.047043712229458606,0.06945124220457202,0.12591358814236506,0.07492840884244618,0.04511452801824408,0.08782107215590555,0.07798364487041748,0.06618489817283454,-0.20558233737925136,0.05667644671589967,0.04332847747289743,0.054845053515046566,0.07242773759491437,0.048787716878465275,0.06331417336262615,-0.18016490671598182,-0.0998774417716504,-0.10838809473753469,-0.1259733260978615,-0.07912958877789966,-0.05314042708284668,-0.08870409047981223,-0.10791201818489536,0.08876342398727458,0.03470502687100896,0.04587088291645186,-0.004532357224221186,0.09874593912364497,-0.0274307360476714,-0.08754296217303649,-0.010020315540043576,0.0493727838371916,0.07388498126971076,0.07313240254291706,0.1223008750213365,0.03862043733269762,0.10248896174910141,0.11255932544906572,0.015915379107207202,-0.009858990914563465,0.023050944446854075,0.05890285446698761,0.08423057985183151,0.08957377370892945,0.07361956533518045,0.12952906612788895,0.10405260547761194,0.020273514912160555,0.03516050286250858,0.004540861492098262,0.05301266639407011,0.047555855349889,0.08784319575637008,0.054062605764142194,0.020060993479388174,0.07512945632071227,0.09553326370233262,0.18740952428378652,0.07586426624347815,0.03237084966123682,0.027251435614818027,-0.10853741489865695,0.13522240948097755,-0.10173607087182288,-0.08783595445656461,-0.0732140742087827,-0.08190461544771574
"Globulin, Total (g/dL)_value (g/dL)",0.030969613641637545,0.021659053494596445,-0.027953173109671024,-0.020833677348240612,0.02127030541812556,0.10445145363250591,0.007576184147614626,0.11262515053488013,-0.005173218005447458,-0.0505341711627003,-0.016329999093168596,-0.05792616405364156,0.033756384925398,0.02954971006031452,0.1206797497547102,-0.12074860715301255,-0.2618625525867938,0.04167371987746995,0.054284239036867125,0.5378589905883197,0.1089055811055362,-0.02818568281724441,-0.09638462898226723,0.04249530909195151,-0.04556239954240003,0.007030771161108024,0.19490744073013716,-0.021035576435185728,-0.10072240056595694,0.04981253012656061,1.0,0.07209982733859228,-0.08092729794151204,0.07061578218676501,0.18157610009676445,-0.05669382324327894,0.6462003735045324,-0.008217045838109829,0.17475859978050867,0.060293961744036194,-0.023632303830386968,0.015574494316668248,0.04663161377898421,0.15186514196970527,0.15580936388165978,0.07411065836046225,0.13735037306853737,0.11509029133093181,0.02676736072545361,-0.1959072500079395,0.009257133029100846,0.0838287964394617,0.10117085822449336,0.09219777393682775,0.15970138330066,0.047279151310309554,-0.09680700753468248,-0.1288901790505903,-0.0639330140254943,-0.12942634472458872,0.01727979126637505,-0.009038733216877379,-0.2865136021250525,-0.1813677582024136,0.11470127584461028,-0.00019460647405593744,-0.021154771768236928,-0.07217019559522152,0.040984069258467405,0.043415504444499736,0.03057531862503955,-0.03118879770443596,-0.061941395711636586,-0.20414920454331123,-0.08321329241701125,-0.1844845864746855,-0.11533792301843118,-0.044228987450957644,0.0015832860554776192,-0.1225682867213606,0.004707911990048828,-0.10014585816369247,0.02208714547944201,-0.10466369694238088,-0.016680235441794904,-0.07056179949605489,-0.04573248150905202,-0.08633480249072455,-0.07473086468157707,-0.020624639612451874,0.007711977247444167,-0.08393502232500008,-0.11739684314433357,-0.03629940318302237,-0.05782372135114092,0.015384033477971437,0.02630849784846869,-0.016567816555420292,-0.05629949070077115,-0.148017415204282,-0.04543954202372873,-0.013280905747374188,0.04796627721567079,0.0007057530044790754,-0.0665862593111697,-0.09880611997799497,-0.0037598223445648436,-0.1349779505985694
Glucose (mg/dL)_value (mg/dL),0.06385125102938709,0.06322902415988368,0.06653688121390523,0.07324309476173824,0.11553197174458299,0.04091024076704619,0.0901920499242639,0.005150860229238055,-0.010237606470375842,0.004165925846282194,-0.04447620609158062,0.025243738193719605,0.04815297802682786,0.04833311946617014,-0.02985454980344304,-0.024080380665319867,-0.0859041342662321,0.05235918174493266,0.0344020527559725,0.0016355041848840663,0.05590765662211158,0.09689003905184455,-0.024901421011318273,0.008337227296583687,0.04807868997169169,0.044679686500184564,0.03026239205888527,0.006424530868658108,0.0047315039145954104,0.11555897399787937,0.07209982733859228,1.0,-0.057410481997804755,0.11524162188152591,-0.02241266312193743,-0.015958804488653045,0.04812147047630699,0.04604521415123759,-0.0389432017330312,0.065323368412298,0.04841928948301021,0.049604775144986825,0.07186130728257835,0.11453927265206659,0.09312494267138081,0.02602331402914364,0.06622062502379777,0.10862311926329987,0.06646459171789934,-0.18328844836850836,0.06959209478785547,0.02543885755456062,0.10036152967670225,0.08833343710032789,0.04419056545962075,0.03831493203943709,-0.16557968211707536,-0.08843318541946647,-0.07198907783540977,-0.11167508087407103,-0.08230938213046508,-0.053368863405078126,-0.1063003094091386,-0.09571716996994814,0.13212991367789914,0.04125982125673002,0.00856933015420977,-0.056359200562884154,0.11899259221860455,-0.0006524280823075074,-0.012908369570061855,-0.013900220207640935,0.0488561496596971,-0.003877006192669721,0.03273885543158173,0.05405942621476977,0.021081669569024786,0.054196657239647485,0.046982239793454936,-0.02526194178442437,-0.03023653791961459,0.025501551767665814,0.012122003200574317,0.051777246457582006,0.07247532153746677,0.05710215672284993,0.06597403982811864,0.06465443002215347,0.0014046406602402528,0.045139259871426064,0.02392717514354542,0.004701026725805602,0.05421907303671784,0.061708321166212936,0.02484314419989744,-0.004667093715786245,0.0017933491992156915,0.06524418045868662,0.12201340829510986,0.03150463776966569,-0.0259063685770328,0.03336443957659426,-0.08449774732341969,0.13782028614677147,-0.11537052456294071,-0.07463872893753544,-0.025530433899137936,-0.06743207400211905
HDL Cholesterol (mg/dL)_value (mg/dL),-0.06508863058148077,-0.058716572706616454,-0.052400803178843686,-0.060231499815454496,-0.11794824306105234,0.03179745706771795,-0.07112742132204697,0.018422647801879136,0.044571360159719436,-0.012766886320343515,0.10038372841109797,-0.013974128294225735,-0.0287544241402442,-0.03845802300347454,0.10069027271653509,-0.0656890108578232,0.09588921776956708,0.008016780049201666,0.0008825446308406459,-0.022448042302639568,-0.03586102634972562,-0.08900524660646422,0.02721335970521635,-0.013477782484187698,-0.03627119964996409,-0.06047047560802307,0.00667335378568155,0.0475543570530676,-0.0021785376236881718,-0.061845519542364155,-0.08092729794151204,-0.057410481997804755,1.0,-0.06587096224845136,0.1704284616822795,-0.0017017029795968748,-0.05886525744497636,-0.0043114882980523125,0.20505710776301916,-0.00043236378195851823,-0.029454458581782833,-0.017138596304963238,-0.0416956373748146,-0.10486256035928415,-0.0486887848457934,-0.002051396863957874,-0.06969632418239943,-0.03401467168513722,-0.05690282204960315,0.1808199286462711,-0.008432030083608268,-0.01676650074612006,-0.06479161216090316,-0.05392903678170681,-0.017946117013323017,-0.03803553395780596,0.1365991120552246,0.09258610348397098,0.041258901954948086,0.09657903703152292,0.040362970777622326,0.028017980091349662,0.09512573852936629,0.10540123281800301,-0.11155198298654628,-0.010448874824201522,-0.05061044597138419,0.041972194265855044,-0.10455019781218791,0.0029051073448844796,0.08670962408480727,0.05523447636674043,-0.04729990898474048,-0.01575719109095425,-0.03422812958883192,-0.090990891253434,-0.009053411108108174,-0.05141789755370511,-0.08380796310849443,0.019913238380087742,0.04815822708693634,0.02661575860299443,-0.0049006353019434385,-0.043991243592159605,-0.04056165793236446,-0.05970123757797959,-0.15079771518338345,-0.0752163864236853,-0.008874778792854397,-0.038329053205544396,-0.0340112745906651,-0.052178888339954065,-0.06049691200626426,-0.07325215170023709,-0.015881341046903665,-0.029318055550791214,0.002863816088150038,-0.08696709302562163,-0.19269283330480935,0.006437600736446305,-0.007055432498094086,-0.02737360088198461,0.06962647529803528,-0.12143819198609078,0.10750885852251751,0.09135033749221359,0.04046048035024824,0.07236494696564964
INSULIN (ng/mL)_value (ng/mL),0.08317547463045687,0.05061927580078058,0.04952122805514986,0.0729797794326567,0.09559339251142396,0.050029064557143565,0.09931871642080096,0.025566007964290455,-0.008452339894990777,0.014181510847199768,-0.027667762315758085,0.009022288320578341,0.05735365244984918,0.052037114805472344,-0.03337603437634482,0.009696737702044097,-0.060588749628644474,0.04734704932583677,0.04047688114633701,-0.0009597715629745833,0.05625397042181117,0.07245065504336291,0.005226669375908994,-0.0129812786399757,0.06122658595953495,0.06056403044467111,0.00885786032224679,0.01721353726450058,0.027723204448609033,0.08366077999246607,0.07061578218676501,0.11524162188152591,-0.06587096224845136,1.0,-0.03484859258994999,0.0049804816199455855,0.04081604703810898,0.019008345409133848,-0.025887639310388233,0.03041356775127749,0.039499125657435484,0.057349722548945735,0.07263152653330766,0.12262488707523268,0.06111933971431001,0.032603776667014424,0.07419013280231539,0.07107306982663783,0.038988147692769926,-0.1747440559900623,0.0687424184056287,0.0490213538968804,0.07525112681811122,0.07481956881330452,0.025090926403228277,0.061303121216109924,-0.13364564291502784,-0.0712735688523002,-0.06665522733564114,-0.09789971328192484,-0.06798270226790766,-0.05000583177742129,-0.07162377988556298,-0.12165591969839905,0.10041418185619332,0.006398987699529416,-0.01776927844340096,-0.0636410754593519,0.057205005665830234,-0.008001059327567882,-0.0396655281088639,-0.025369721746490756,0.022206096224989234,0.026944248066942855,0.043554351500695795,0.0832401290638794,0.005958760420655852,0.045468189763405255,0.06586187152381107,0.01774239763201273,0.012360304094250086,0.009283324699120254,0.026506070792543187,0.004468865593737631,0.044081198444939976,0.028391177980452844,0.038963495699354596,0.08111428965079852,0.021835861854005215,0.05717298518977163,-0.018995639022504163,0.0236064541920554,0.03178112651393252,0.08276308430408041,0.008335777834116022,0.03250053907458072,0.019648417020829295,0.0321453461248193,0.10090705108936225,0.03994970759163551,-0.09943828402362576,0.05071184403793581,-0.004948942205906577,0.1397646379886972,-0.10029120520776225,-0.09737628417718322,-0.031122486049531266,-0.061450327661073056
LDL Cholesterol Calculation (mg/dL)_value (mg/dL),-0.02610308226454673,0.01731541397327168,-0.10532429102801247,-0.046811404985809914,-0.10800917856427592,0.12487872182515598,-0.061552787644485706,0.1003448534415754,0.01077567888271637,-0.09569334199543697,0.05590126627729334,-0.05239842105901076,-0.022084604086777676,-0.012193071923228882,0.2035483385482141,-0.1808117956029951,-0.012344243296107574,-0.002599224011059003,0.036919113835732216,0.25550818740346537,0.04878379988634618,-0.11763700999731665,-0.010901662762891532,-0.0762814870362081,-0.05839802419522512,-0.05727263078625932,0.13893193661965178,-0.08101908870221149,0.03743590432082122,-0.08162763266485225,0.18157610009676445,-0.02241266312193743,0.1704284616822795,-0.03484859258994999,1.0,-0.012740965177917628,0.2497805937652168,-0.002544475962977656,0.6906815573351414,0.02817781393028857,-0.047670037943244856,-0.0022756947239725607,0.016163984435814332,-0.0407111806063976,0.07040725094698144,0.0236228638895632,-0.012190244634447369,0.018261907753936855,-0.025418575320673445,0.09416267207586518,0.014973500628830572,0.07974161558513862,0.052279776826461725,-0.04237852305073399,0.15334296537072648,0.06071965719779133,0.09494719407210019,0.05753674522792004,0.029302129353188724,0.07169163735368893,0.02179128595541298,0.027164911030730113,-0.04290141100192859,0.050265953060031024,0.0016389356314703036,-0.031258614017729384,-0.09626239877235329,-0.04132358101435491,-0.11810584722252129,-0.04135807686419411,0.09211038311544255,0.039570005390919566,-0.09264402304655962,-0.1584156594736897,-0.09210639374310362,-0.1701912803815579,-0.10283882015332,-0.08669508334154495,-0.07235197737088593,-0.039864451696248,0.09164142726362644,-0.022461540591495945,-0.022707276019534962,-0.088611251188969,-0.08492320486864173,-0.11510934497531826,-0.2579415425202932,-0.09895898418852694,-0.047563687509238735,-0.04140162062534203,-0.02668054782897933,-0.1865404763103107,-0.08385541444831812,-0.12464584190714707,-0.027651624141938103,-0.020159086179893194,0.0033290783177543195,-0.09796687869359323,-0.2708344115100562,-0.10208648069787025,-0.07466086809022887,-0.019544117680954057,0.08719418442579778,-0.0905972830165801,0.10722127869292537,0.06626846958133081,0.07508398982084734,0.025211656258806045
Potassium (mEq/L)_value (mEq/L),-0.048017143814512865,0.009897672049914697,0.020907138388300283,-0.04661427510502075,0.02718678672840024,-0.03558242889182836,-0.03945548316075054,-0.032012263893109814,0.023065343647761062,-0.004388510926819276,-0.00869769400805793,-0.00851655383430795,-0.0008185422925170015,-0.002028668949822518,-0.03597389051018727,0.004739258199544451,0.03270578736936964,0.008934088724635162,-0.013972666791271356,-0.0497110565445506,0.006567256578363087,0.042523809386958,-0.0007275932139794063,-0.021043603087925966,0.01370692053552245,-0.01837653536662696,-0.00773625779972079,-0.012930640311150855,0.02774041865244033,-0.002686599732556477,-0.05669382324327894,-0.015958804488653045,-0.0017017029795968748,0.0049804816199455855,-0.012740965177917628,1.0,-0.06228306280770514,0.003583278412348309,-0.015493190361541072,-0.006616789860146146,-0.013697025946410478,0.013244810939014747,-0.018541603473999982,0.022311252486058857,0.004488119070524966,-0.008890424938171212,-0.020102564333936906,0.0009612120183316451,0.028671718573285775,-0.00023806180973226455,0.0031111166825050045,0.03149420942789545,-0.00448146842014237,-0.0279831712722055,0.010213073450199789,-0.012733290032813326,0.005341532012501768,-0.013684510099822134,-0.008929725684749945,-0.0001496928182675683,-0.026102974266164487,-0.023897942740441585,0.036001438953526095,0.0214026999028452,-0.03835299015628608,0.03105878812953668,0.032945952979056545,0.01432136997588532,-0.018033222412485506,-0.049633180779604345,-0.020165577624068665,-0.007104951797478513,0.012918201246892537,0.03241402155815731,0.016236066152871098,0.05092994301200018,0.03850855796342234,0.013460112634649109,0.01473037661892042,-0.0001324486775428226,-0.0042944559788702565,0.011316481543786951,-0.010735338502709977,0.045846682177006874,-0.00016918849881998016,0.018178609216394807,0.05894624564349497,0.012010293512884428,0.02779533555293213,0.04847522713632962,0.016482975993291477,0.023863716454546734,0.04250338501602882,0.0066548089868486895,0.0046900071301043695,0.016177825951518086,0.017216591691238677,-0.01664181942876983,0.015061760471894278,0.03411884039830561,0.03743536994538674,0.014516027590571572,-0.01278179884974953,0.01218180903251311,-0.028010166355151207,-0.018092835372277866,-0.007394491011779583,-0.004252917195934505
"Protein, Total (g/dL)_value (g/dL)",-0.012198284783679209,-0.021332253759972622,-0.07959175995663656,-0.06642342835002743,-0.03589042881011951,0.11836827547565294,-0.056711817607994666,0.13305937140783003,0.0026865880805709056,-0.08553365822187138,0.004784872962063889,-0.07461553144557714,0.010945601156737922,0.028996690624417325,0.14047602408254428,-0.15256112682545864,-0.2704294484926894,0.02548158438304368,0.034290726459312124,0.7163886926902944,0.10251155768907104,-0.08370685240393605,-0.08599953806791152,0.07604215954646489,-0.090432785252033,-0.024462629067460096,0.2346047588791788,-0.03305118883171199,-0.09657465023802107,-0.019306418875178682,0.6462003735045324,0.04812147047630699,-0.05886525744497636,0.04081604703810898,0.2497805937652168,-0.06228306280770514,1.0,-0.023584702037656797,0.23141667869517585,0.04086933087921011,-0.06942740073563979,-0.03405628801980579,0.028636647966646375,0.11683468857186417,0.1469366723190315,0.0264067970155344,0.13778354590543304,0.08253873304627997,-0.0007058715026309654,-0.1447856685903244,0.00876686970982762,0.0692573770829755,0.07665211354682115,0.06480657241027793,0.1733324334746393,0.050187251181010396,-0.05226319620134017,-0.12571393927483826,-0.053297305688218805,-0.10399673992265969,0.03864571371549712,0.021520416154028478,-0.3110737059122267,-0.1606522510099823,0.06825702945469603,-0.013780322368272343,-0.029687343803898297,-0.05383208800617296,0.00805037423421998,0.03449053868898374,0.046601770386251316,-0.020566790879749306,-0.1054836262248605,-0.2925672902701699,-0.12095354543038192,-0.2751791729245965,-0.15384327432954,-0.09066498282265205,-0.019271612928390153,-0.15525283110389587,0.02372156903131994,-0.13171098987889043,-0.03182459903993372,-0.1359305204506902,-0.05250729194468092,-0.12022231841411996,-0.09919840916914668,-0.1280089629243859,-0.08452488232100859,-0.020152379812441834,0.011039995045287767,-0.15218050612634065,-0.20191814359714505,-0.06811081573742855,-0.09947569010354815,-0.0025456155391634988,-0.004520418712876069,-0.057713123678169206,-0.13452977921341058,-0.2064283350009973,-0.0020425465081586693,-0.020357401110769963,0.0379022825765714,-0.051251429697778114,-0.05238496575155554,-0.09262359447045106,0.011583313918035534,-0.13888140535681204
Sodium (mEq/L)_value (mEq/L),0.07314941993159399,0.011288985801080904,0.001916391416109882,0.10210109941445457,0.028927010867281545,-0.016519149064781403,0.0782527037987553,0.025318757843217198,-0.0023050068753806808,-0.010285706118355227,0.006985182612972771,-0.005931888926301808,0.02301037976666941,0.013139939306931834,-0.006302201123274867,-0.010578544311410877,-0.011109075868368777,0.050368943537779494,0.0072690644579956,-0.02587876363407587,0.02785587103973156,0.03244599140833084,-0.003744715218468013,-0.049498972492593406,0.029200668833523357,0.012139936804152655,0.029721885094311312,-0.05340581874627122,0.23423735633765091,0.03722234131578842,-0.008217045838109829,0.04604521415123759,-0.0043114882980523125,0.019008345409133848,-0.002544475962977656,0.003583278412348309,-0.023584702037656797,1.0,-0.006810645919940455,-0.01712807395057969,0.002069580504268789,0.054082686843802574,0.06038791092998924,0.06867332613376773,0.06174712712070664,0.007992129809524831,0.06136924601449718,0.03811020353542158,0.07607060936771078,-0.09307867302696413,0.031763179630208534,0.05645741455624607,0.019229584944845633,0.011571321918797336,0.06603082729926198,-0.00028290712100368,-0.060380793453053846,-0.01757578599486163,-0.013692341562697571,-0.02009189068461085,-0.05370470439557682,-0.028178305804069614,-0.022634810765632153,-0.06030165276669813,0.04700648454771911,-0.00757456384276348,-0.010565379112404877,-0.07615745591617913,-0.03208258700880622,0.06644688936739335,0.05698069644065329,0.04384585259611923,0.010083849843172812,0.022130905509157618,0.011744359815847937,0.008247105947709468,0.017243882972389022,0.03384373025335491,0.01093587305882722,0.03876281837290049,-0.02252942961559011,0.013607551032728404,0.0031835292767805677,0.00018267719069284112,0.012878657430247053,0.011283310959671436,6.771750207947728e-05,0.04377456340074249,0.02017049632670957,-0.0014052926174291478,-0.006638556280106404,-0.005590917145134266,0.033039356318650404,0.045639881547146766,0.019258433336206283,-0.0034466521915897806,0.011422608330231081,0.010556646139556414,0.04825109306333202,0.032341021457733404,-0.08491450261901569,0.05104491110749674,0.03258657989826371,0.06432255350713942,-0.030136146760916138,-0.019185669779844598,0.012908482074388926,-0.03281506399956173
Total Cholesterol (mg/dL)_value (mg/dL),-0.01805486749533321,0.000992261689363624,-0.11796184979260482,-0.05065090431407209,-0.11694203395398092,0.14985021360520429,-0.06606159664271001,0.09636513176810407,0.01514421135737123,-0.08676880434678967,0.08929245217097749,-0.054279467512382565,-0.0066815699178982245,-0.016929100542710563,0.21791407162354298,-0.19726672440401272,-0.0004404711033084469,0.010772245145293246,0.038081649524518826,0.24663386445279953,0.047167668995582494,-0.1079988169936377,0.007300867929478582,-0.06198600298794347,-0.06579661275814692,-0.050425219517143176,0.14821918616209004,-0.05453989025047331,0.013255520942850497,-0.1021285023709182,0.17475859978050867,-0.0389432017330312,0.20505710776301916,-0.025887639310388233,0.6906815573351414,-0.015493190361541072,0.23141667869517585,-0.006810645919940455,1.0,0.042326041662194634,-0.028821473457755202,-0.0035948723089789304,0.030885054255084726,-0.05319933151707839,0.04193487910896671,0.05105571115202385,-0.006869922647756476,0.01713237035825854,-0.02254912901372838,0.10429541965271234,0.02612667915117853,0.07271863979006109,0.03242395459625027,-0.04871559112900279,0.15101070182424275,0.05716811870357976,0.10017465775912959,0.06232054666631696,0.04017588700043749,0.06057367785365234,0.006805570475628086,0.02639748677554553,-0.03281402705916919,0.05188700240437875,-0.0153619702988059,-0.02710579169334557,-0.09275021379070378,-0.030912435733436154,-0.10847366249713478,-0.02193023653107157,0.09833600300322622,0.03957331032318058,-0.09685963622871054,-0.1575846986009262,-0.10326248624157272,-0.18754676218050692,-0.10739699573205622,-0.06373083981794056,-0.09290398791058564,-0.02889327879954735,0.1009189862819219,-0.03129724717839233,-0.009629533117526094,-0.11135740946379992,-0.0972176418626224,-0.12337179364501848,-0.2714548309388956,-0.12203857382008321,-0.038504897440441097,-0.030339133243011344,-0.031285105511309856,-0.18201914165137198,-0.07957326461502051,-0.12992374092401338,-0.0266245417507649,-0.018430570656652562,0.015396364918496499,-0.09328980498969888,-0.2952504738977306,-0.09154993604200254,-0.10344729732186547,-0.027815019538862906,0.0940283907744463,-0.10003172906776951,0.095146510882386,0.050915995107375045,0.06632448997212734,0.05805141923514873
Triglycerides (mg/dL)_value (mg/dL),0.031997501857116147,0.05548537690230948,0.025528496689795014,0.04613140894210075,0.04810859337035717,0.023319424619567965,0.0533405533075271,0.02697110617602727,0.019885829549895054,0.005137286508833812,-0.030077531867215495,0.034273801762938,0.04155501384577764,0.0423644476742747,-0.007937666124840858,-0.0305984752976095,-0.05408992975183862,0.032779414602281357,0.052714740194377586,0.0034385135590873695,0.056731617720027654,0.04777833719703177,-0.0003557427899744859,-0.0065781646637356065,0.02723444396157798,0.028122172421415667,0.01297286326984915,0.028452549113170585,-0.010554406803032303,0.0736983294727957,0.060293961744036194,0.065323368412298,-0.00043236378195851823,0.03041356775127749,0.02817781393028857,-0.006616789860146146,0.04086933087921011,-0.01712807395057969,0.042326041662194634,1.0,0.043473161665842044,0.02053382272269077,0.03551450798449527,0.07785219749775053,0.03099312554684168,0.03453142091650886,0.05938706063953534,0.04915242773551576,0.05548120750613403,-0.08042026804448617,0.05331216426743527,0.04233855223841265,0.030698990179772314,0.021073176776822813,0.053999418580399104,0.059905651409673834,-0.05598960509146633,-0.05810209048524663,-0.05562102304988776,-0.06428651876183274,-0.04131073836018332,-0.03535855021565804,-0.04707492219108795,-0.054128035380660175,0.046071277104503865,0.03754752791863978,0.0016674438196802852,0.02372243930964433,0.07888318077776085,-0.03145600282033386,-0.01444791308318873,0.011714319965182792,0.016680024615489963,-0.0005812837353014791,-0.0030395126647513393,0.010383023562179957,0.009343939053113603,0.01760997848433314,0.028651638294858835,-0.0029842682610094723,0.017481707055068196,0.0005090416048323281,0.029488237873029056,0.01348121011255154,0.027171583210233528,0.0003338824833251054,0.008693159429122344,0.015990266622687387,0.01219475993182272,0.0187580856312871,0.022311083082363493,-0.008824621718906042,0.017170370466088148,0.018964772567153447,0.03796488101921923,0.010312051616635426,0.0021951180642750907,0.017719611726509946,0.04558954694423934,-0.00719969808691033,-0.0074822925288913,0.05449994671359865,-0.029836312447565294,0.04809134372239234,-0.010495506747267607,-0.044602469207202865,-0.05388206965520461,-0.013149107687227712
Urine Albumin (mg/dL)_value (mg/DL),0.0540717819065925,0.020928994699331165,0.00674657702281291,0.060244963456147806,0.06813222252077814,-0.0020338340739118944,0.06703635154994729,0.006865774950581094,-0.011209919785793613,0.018839957144405024,0.005475380736885307,0.027240704889366293,0.10951470064746929,0.042065725306047436,-0.01328387079520525,-0.019334081356998073,0.0018696943511310067,0.06712119774367128,0.019732486273856466,-0.08903309733960908,0.01607629547086746,0.0474367914973406,0.01044203987046898,-0.012733987084611573,0.03957080232630471,0.045053798554588784,-0.0002787058811081867,-0.009391572330723907,0.006245712690419654,0.05092122589673274,-0.023632303830386968,0.04841928948301021,-0.029454458581782833,0.039499125657435484,-0.047670037943244856,-0.013697025946410478,-0.06942740073563979,0.002069580504268789,-0.028821473457755202,0.043473161665842044,1.0,0.04572589581976753,0.03163414149809332,0.028962702490390964,0.03137591110577702,0.012999277212636011,0.009568122134076361,0.03583417762129022,0.0411459790193695,-0.06527785063421299,0.03922426307983823,0.007637836770142086,0.0379627557778622,0.030936986968468933,0.00790149951460862,0.026904108476431748,-0.05587666489606021,-0.0012089351969063068,0.014479826923258908,-0.020550904823017118,-0.07799874463407175,-0.06089847481337823,-0.0102782695646147,-0.05690516628682475,0.057869609298729724,-0.009699779225692302,-0.013178227971191609,-0.022062121274835294,0.04645651487751162,0.010031784569130441,-0.014097792801114308,-0.02188487913349624,-0.004202993425262173,0.08523913858256682,0.017869435625436567,0.05557190501795911,0.014314361368721691,0.025651437462850896,0.04423053487349575,0.04450155560640181,-0.018781711543383338,0.03531725091270044,0.02553071393325425,0.02542290889439232,0.055209341391495824,0.032534685419801194,0.03949492034586142,0.03990795088132016,0.021684240545219294,0.013030983969720973,-0.008676827220339096,0.04339040861545855,0.0556438867818211,0.022428698233789422,0.06974153937107717,-0.01610244005743455,0.02754886868888253,0.022192503784003018,0.03625954018142542,0.07262658731045674,-0.12590459530994097,0.05627903558033678,0.0923067355223765,0.0775346473544598,-0.05865352041331967,-0.027223622382176828,0.0031557111677836033,-0.014364749901278968
Urine Creatinine (mg/dL)_value (mg/DL),0.08273416167909219,0.02915073973213067,0.048911698482762236,0.07353219091099521,0.047232248539543,0.05193315750135246,0.08749689363459238,0.043324090963432815,-0.01657980002985102,0.009696849968064636,-0.00041779653172347906,0.030141279764305987,0.02655509539130409,0.03203621298044868,-0.0072881447359449195,-0.022251231044183684,-0.031653898630005346,0.041939994963132374,0.040118656611128754,-0.051438406211260695,0.015442878725594574,0.020622142041812654,-0.0031199608779099285,-0.020478840113058724,0.03696578702668616,0.02207138619271722,0.009083309863596746,-0.01836481779943117,0.07897573896321905,0.047043712229458606,0.015574494316668248,0.049604775144986825,-0.017138596304963238,0.057349722548945735,-0.0022756947239725607,0.013244810939014747,-0.03405628801980579,0.054082686843802574,-0.0035948723089789304,0.02053382272269077,0.04572589581976753,1.0,0.04413306945095886,0.047255935712683834,0.03868803595842714,0.022279338613552156,0.02453959060921044,0.020164808373263787,0.023699779456476368,-0.05230923564004929,0.03730536836440945,0.03341646495238738,0.05477858853439448,0.03220005097936712,0.004254292013540187,0.019518174891456935,-0.05699173913328815,-0.040288780990913015,-0.016299689866211265,-0.03480000151661065,-0.06513098431595545,-0.0370630034128231,-0.02149564609947371,-0.034102228477877465,0.07100559881905377,-0.01443919059849427,0.007613906805752218,-0.07363075947576173,0.0227244675840701,0.01832841101279948,0.0049300125299909115,0.0018968553761604424,-0.012385533842905963,0.029024675103083743,0.017725992326005736,0.04856467801701857,0.005783837602797779,0.031183559330317835,0.02759014279060675,0.03981789485524732,0.00029896726179952035,-0.008569466375350799,-0.002805586991588631,0.002498770397472821,0.04652256038503458,0.024886016861611997,-0.0009013651713802804,0.04481351014741013,0.011464614357416997,0.026264696858926413,0.007449975398473234,0.02713999223735435,0.03166827041476592,0.02430778080778297,0.026827530344253624,-0.0015675316949439928,-0.027879941137788317,0.009182989280618628,0.05187211483967747,0.0531952363199462,-0.0781890233833049,0.0095754989417852,0.01882665158716211,0.08185760341917316,-0.059372794097513164,-0.011978536197271879,-0.019605702493894244,-0.041580526453406326
clock_visuospatial_executive_time_value,0.06816049082863769,0.057233837186849566,0.021149475017352724,0.06645424777010131,0.05760500157238731,0.031209320675928798,0.08329491655584707,0.019644637425940567,0.0022395722027307437,0.0078608946921461,-0.02265610370264548,-0.004795075574617108,0.054885086333770775,0.05364252090402587,-0.009265156772630746,-0.021832846900673206,-0.044482761236092676,0.03052377923274673,0.02493602113427292,-0.003920940748622436,0.03780519800737366,0.05681402193127252,-0.006342926814385737,0.00528502002185378,0.02373893339032632,0.057220470519959356,0.008820338969347044,-0.03361606893322075,0.03551506681585768,0.06945124220457202,0.04663161377898421,0.07186130728257835,-0.0416956373748146,0.07263152653330766,0.016163984435814332,-0.018541603473999982,0.028636647966646375,0.06038791092998924,0.030885054255084726,0.03551450798449527,0.03163414149809332,0.04413306945095886,1.0,0.06647533172928853,0.0804648677304474,0.013722395831824665,0.06287534640200712,0.030176680967681183,0.03123156084578308,-0.0995171173844755,0.036638260063033376,0.05355705780324543,0.04612129508531745,0.06061260044471066,0.03375249137640173,0.029834836162084058,-0.09650284231486976,-0.04023128246225434,-0.026237107845491343,-0.044768818824635064,-0.02619975175089763,-0.033885788485264946,-0.0658079268858284,-0.060747664780941894,0.06152564128722955,-0.0020800382195569817,0.013656942470924856,-0.038938051544575386,0.039182036917362946,-0.025310270692880936,-0.034491346254643764,-0.03595488216723119,-0.005325889849053822,0.012609465741890416,-0.004581174790069677,0.023513331188718945,0.030685036038563557,0.043560322933100803,0.04461836732478309,0.011409585753243506,-0.004835121190189648,-0.012316693098313155,0.015747547312371747,0.028389446856603974,0.012331474787196995,0.033156028362715285,-0.008439238598814956,0.03512131722399905,0.0067839474606181385,0.03210019254016317,-0.009109417045564403,0.006560627704789917,0.04777646013828471,0.05297163029623655,0.02310082626363677,0.0073250961702785375,0.00447130882723259,0.03191524887323498,0.08232493169025593,0.045123875402818495,-0.039089024841348054,0.018654549944201345,0.003458420833051583,0.06982854018718061,-0.05765665788952629,-0.05359838731587543,0.013271893696494322,-0.02369549151635087
delayed_recall_with_no_clue_time_value,0.0320834567158778,0.10559919613012529,0.0607509464996877,0.06485785761771565,0.14495543557967586,-0.003518258694045507,0.04263411339692521,0.017805746056883513,0.004092202790856547,0.0019235668376619012,-0.043312366514397425,0.012127012492772024,0.07019377904937107,0.051490023698058274,-0.036305750430791046,0.028852678019153755,-0.13699832182638497,0.05700043694404979,0.02718607657606311,0.06153027020688147,0.07651466463117196,0.1093942213375247,-0.021688964912553205,-0.033260243128165286,0.07685090380592721,0.0888143610377575,0.0375068487222229,-0.02292372346453824,0.027564718392200985,0.12591358814236506,0.15186514196970527,0.11453927265206659,-0.10486256035928415,0.12262488707523268,-0.0407111806063976,0.022311252486058857,0.11683468857186417,0.06867332613376773,-0.05319933151707839,0.07785219749775053,0.028962702490390964,0.047255935712683834,0.06647533172928853,1.0,0.10106930635859686,0.05391536532663592,0.1416372948296114,0.11292699651964869,0.086092753125383,-0.25577403101656165,0.04758671066643229,0.10505518927324875,0.0758242439902561,0.06762734301407883,0.09578554712343292,0.07809918564349068,-0.20557051327411827,-0.12128657216396296,-0.08666524732720035,-0.1626991730725856,-0.11504344454175802,-0.08047931804834574,-0.18017070055970863,-0.1449724922947742,0.09025127984523147,0.04051968117202811,0.0545896657326387,-0.004015026112776369,0.13089522998632774,0.0013256726091421971,-0.05418271263435618,-0.01881960344117943,0.06488368551551636,0.017629041164627282,0.04147461026752891,0.10741082914779104,0.012456695861854251,0.05944721607726409,0.11730214264124157,-0.0024126276914569586,-0.023518493091661076,0.0031868972186772254,0.036674754173130146,0.06287171505340577,0.08999990174098521,0.05666685860458505,0.08748328745806684,0.09683376296866196,0.017041226932728238,0.03937880218587273,0.041839762419482486,0.015337088415654654,0.054934984230764504,0.11257494303460182,0.05525613783335078,0.03015281350040099,0.023880752326473673,0.07048182872202453,0.18187441176534383,0.053484284646117854,-0.019501006798670284,0.0066598240988050145,-0.10735766142735971,0.1641077784761756,-0.1318490489557642,-0.13137173490298,-0.0564614839607869,-0.08277159097485773
digitspan_time_value,0.028957952629238237,0.042538575856167285,-0.007379052933533676,0.03032303792014778,0.052971626807043516,0.01959974789088066,0.02721566163712329,0.039285058599220796,-0.030189346666837934,-0.016239916398431704,-0.03828617668325295,-0.0017564779617251038,0.01844882392819717,0.016741512244547656,0.0006617635762533078,-0.032047315420650285,-0.09392216079443641,0.04360149643835013,0.01922017121499001,0.11861796171580027,0.049429271370707205,0.08012220183031164,0.0021824525007494984,-0.005118211438587901,0.04178402575148962,0.0812269863959568,0.05150357883246212,-0.0331309574821684,0.042600389477123884,0.07492840884244618,0.15580936388165978,0.09312494267138081,-0.0486887848457934,0.06111933971431001,0.07040725094698144,0.004488119070524966,0.1469366723190315,0.06174712712070664,0.04193487910896671,0.03099312554684168,0.03137591110577702,0.03868803595842714,0.0804648677304474,0.10106930635859686,1.0,0.028821243223111578,0.14854112107290882,0.06202996387662241,0.07237013622090765,-0.15861517767816027,0.052040148626732334,0.10616306278095658,0.06802297159904847,0.07702099620144501,0.14088863662806228,0.04694732496327162,-0.1158361019415444,-0.07355725892122826,-0.03152543677896641,-0.08897684877010423,-0.06534072925888369,-0.05773770438568118,-0.1404489294297226,-0.09486204684217514,0.05943527596817377,0.04091125591823432,-0.006066547009979157,0.004416615241724483,0.05902065334438966,0.029538287645643434,0.018707412036185537,-0.005216864913047464,-0.003971171386840513,-0.01941841023773999,0.005915598702188139,-0.003137081889664716,-0.024116287970300694,0.03932413252884713,0.05030878314199363,0.0077274638821610555,0.013169178969153659,-0.020696705165241774,0.005000867374136238,-0.006168647419722914,0.010182329069774088,0.028414440436566477,0.03710634419038932,0.037365708860140075,-0.014611811644449088,0.012967895921838836,0.00985038754270908,-0.02571292449953076,0.014436907481568995,-4.737340786136312e-05,0.03814269748893851,0.013157412791666318,0.003536438757323111,0.026464203480188023,0.053591306360729535,0.0009938080903908696,-0.04600978154330777,-0.00671432604867498,0.020519534921346262,0.05164827518182692,-0.05792309917118186,-0.0765270456322446,-0.004824059164811332,-0.09464695016351107
memory_trial1_time_value,-0.015727840334473938,0.017099890654224858,0.015797871196583872,-0.032754077893722186,0.007884177422646861,0.05159999959569368,-0.010130314165048246,0.013772129083652072,0.010124355030355874,-0.0019558309323837106,0.008298529000152093,0.03832102546292512,0.03407807311307562,0.012914421882683257,0.0397389955170828,-0.015718349301896226,-0.01412457254095624,0.04543954139871162,0.03888676457185239,0.019417638697897796,0.02147043842234758,0.010042375130381108,0.02482921996407816,0.027395251730316338,0.05137897601663523,0.010353112588719899,0.01763238910932345,0.01978643608706033,-0.036479153766694764,0.04511452801824408,0.07411065836046225,0.02602331402914364,-0.002051396863957874,0.032603776667014424,0.0236228638895632,-0.008890424938171212,0.0264067970155344,0.007992129809524831,0.05105571115202385,0.03453142091650886,0.012999277212636011,0.022279338613552156,0.013722395831824665,0.05391536532663592,0.028821243223111578,1.0,0.030561490159527117,0.01182791398918088,0.008426120383057586,-0.0480237843112894,0.017335046268357218,0.022329035714894606,0.036368660773467155,0.012004494834232072,0.01272780633480287,0.011625304646061633,-0.03599777580255401,-0.03237247548882325,-0.042349183024520905,-0.02192532678695154,-0.06349410839557089,-0.00044356471498331845,-0.03376960821844687,-0.035401310259990694,0.0050103409505577795,0.000717330320521402,-0.01745185456148442,0.034768858525329314,0.025275328816143052,-0.027097780956278582,-0.0024669726404647975,0.012774944120978913,-0.00344804378876453,-0.0020409596287431545,0.013791319202299975,0.0037249433577529532,0.014782181998156724,0.0110073600695662,-0.00763297631698691,-0.0044843837296897095,0.01972110416058825,0.015011614378126491,0.01837263931571948,0.008562631491605554,0.0065909233420268,-0.03274636810652016,0.016590274070818804,0.019194286923292433,-0.0060339816522252815,0.02712423301457695,0.006450704165140633,-0.0073266180495486,0.014204244879206176,0.007145745049400112,0.0186579407255785,-0.0042127736415158825,0.016838883541357905,0.024864373924706952,0.007824508419863985,0.01971422585655348,0.02699099676587011,-0.008310100846711865,-0.043102020947883346,-0.015487385973630738,-0.005036573539936093,-0.025852057533261686,0.005249482829698214,-0.006227223846946242
memory_trial2_time_value,-0.026070314727466487,0.05308009396143618,-0.013758711712870254,-0.00017502908868909946,0.07184401465638744,0.009101497599577667,-0.005760321993784467,0.005943956173152062,0.02121007365228644,-0.00033501812713863986,0.0018553633250415521,0.004340344889601948,0.02903951403051097,0.045767677714337374,-0.01085832881634041,0.0008233152130905326,-0.07064198621131156,0.04979396296302206,0.04494643797531635,0.11263457863011944,0.07336724872639477,0.10343240865390854,0.0014230246322179268,0.014603754583307612,0.0319306244640738,0.060368663587951926,0.044256735694838525,-0.022669617926362295,0.06638039163915552,0.08782107215590555,0.13735037306853737,0.06622062502379777,-0.06969632418239943,0.07419013280231539,-0.012190244634447369,-0.020102564333936906,0.13778354590543304,0.06136924601449718,-0.006869922647756476,0.05938706063953534,0.009568122134076361,0.02453959060921044,0.06287534640200712,0.1416372948296114,0.14854112107290882,0.030561490159527117,1.0,0.05946331340150491,0.1117225481645351,-0.17627380558277883,0.03427904595810209,0.12642034456608117,0.03212480918227568,0.030857078874343764,0.16003618932928643,0.06323759606381871,-0.11634027011400042,-0.07284174644111203,-0.06377521700583949,-0.10700338267857978,-0.05146184107284763,-0.059304397358996154,-0.14484969352971255,-0.09623304778901907,-0.015038679376242071,0.03585754944278362,0.01550850614849888,0.068385276980839,0.06581760745033137,0.018877632458036437,-0.017039619681560893,-0.006930901027011724,0.026678268136888974,-0.023704653592697484,0.01584390130021078,0.019180609525338215,-0.008553194979468225,0.040601330705029186,0.029928017994823013,-0.020028874922737437,-0.02284502954330444,-0.017087760007931295,0.03756552083225866,0.026359884275087876,0.03914933716009749,0.03560051562888058,0.05070603608013796,0.061020753850381144,0.013875726871255979,0.025429863035734464,0.006530883842558982,-0.022466583249186135,0.007253707905307112,0.054064515413642406,0.058488611311626554,-0.0005686711231241601,0.03727275348080247,0.027815813037847588,0.055885319641774844,0.012091063162232175,-0.016104025837051422,0.016678048939888175,-0.027939720100745222,0.07012273988347907,-0.05069769998463896,-0.10032002451910764,-0.03294404220582485,-0.061454196943982776
moca_abstraction_time_value,0.049034428966682995,0.05873386698858783,0.013868587694887035,0.04391081402413979,0.0777775221420869,0.020276318171767563,0.06000561648549101,0.03707023981421293,-0.018717452405673202,-0.0022613375309584226,-0.015427869247153708,0.017115505671303783,0.06490897876121948,0.028312221407428163,0.0006436066325867331,-0.019709435248950063,-0.08540687034324773,0.05382359532068422,0.04611484141287999,0.055013827527200104,0.036909954083638265,0.03572898246115826,-0.026336230815847704,-0.015150731242092564,0.032249317365819936,0.05749477745336563,0.0409762103880481,0.023916476162759475,-0.02162477558591011,0.07798364487041748,0.11509029133093181,0.10862311926329987,-0.03401467168513722,0.07107306982663783,0.018261907753936855,0.0009612120183316451,0.08253873304627997,0.03811020353542158,0.01713237035825854,0.04915242773551576,0.03583417762129022,0.020164808373263787,0.030176680967681183,0.11292699651964869,0.06202996387662241,0.01182791398918088,0.05946331340150491,1.0,0.036461514659722805,-0.12880564602739347,0.052075684945578495,0.046561138316494374,0.045445233615600086,0.03533057273484734,0.031316554504106205,0.05387186897188378,-0.0818243326333252,-0.09629480645664024,-0.05173690279137225,-0.08669356089599262,-0.048659635289814894,-0.04564868302090263,-0.08182319610753525,-0.08076793042740965,0.06068299263826224,0.010164336947482101,-0.018945541010958786,-0.02941142431816556,0.06517380248293217,-0.003904699783234461,-0.03389129536606231,-0.030632742420084534,-0.005846327203849563,0.00735489434015528,0.0023881582845813143,0.009080184053180389,-0.00880145465630346,0.019216311347900243,0.06071382935358158,-0.010770394846077261,-0.005792308746671217,-0.02544192667815704,0.05450456693369834,0.015925090062532024,0.02619229070349456,0.030700218220757455,-0.002997439486306668,0.045373738995604984,0.0018107712242823664,0.03817379291521048,0.009459497010092806,-0.01572223165719222,0.021806319298372533,0.020852373697018197,0.006530961190965659,0.012176141150806593,0.03005257725219772,-0.013791993396560868,0.06804794244082804,0.01287411506934849,-0.06445423616759896,0.016106100698240675,-0.03982571788808741,0.09604392595220211,-0.04842441850431654,-0.0827230049554524,-0.017683599160381595,-0.044086685999997835
moca_orientation_time_value,0.0072752403941107125,0.03700660669003867,0.007235557166469891,0.03958856791949708,0.08156566676777768,0.02595464074421315,0.0124676037845802,-0.014821776138761506,-0.01743697630785438,0.02303216027912884,0.0014362199854353551,0.01959549620065045,0.01827732428825912,0.03204972082572062,-0.015566473330587043,0.007805709321864986,-0.037220267296395035,0.056163523661314184,0.026498897625650723,-0.02409384095897976,0.03723577200823973,0.07782121477126343,0.007708970563633531,-0.014060998419801636,0.028791266934352484,0.06563945866783355,0.00636756069290791,-0.036344689905695546,0.06963599131128571,0.06618489817283454,0.02676736072545361,0.06646459171789934,-0.05690282204960315,0.038988147692769926,-0.025418575320673445,0.028671718573285775,-0.0007058715026309654,0.07607060936771078,-0.02254912901372838,0.05548120750613403,0.0411459790193695,0.023699779456476368,0.03123156084578308,0.086092753125383,0.07237013622090765,0.008426120383057586,0.1117225481645351,0.036461514659722805,1.0,-0.09225861362183645,0.0491825959623029,0.07404810260919473,0.049774061181281005,0.038354139250318164,0.10267289008879267,0.04684444152920838,-0.09125488461079677,-0.05022520919411358,-0.023061964627846605,-0.05482788641157214,-0.07145890125635075,-0.06410901926375352,-0.06467891830487275,-0.07378640965400762,-5.764201135548773e-05,0.009364024162369642,-0.004438471980408039,0.03711001666772808,0.03156117445219375,0.03968330177686904,0.0015295769992188484,-0.012099089860234882,0.047151894299618524,0.030214670393839085,0.02042780474605448,0.048693759263977045,0.0005068604029641439,0.07016151610551837,0.026256191617304046,0.027060170040838428,-0.007624363208796606,-0.026632938113584546,0.02311508069842023,0.038085805710732556,0.028010256636738628,0.013970278395062366,0.04386941587994608,0.028720889397615565,0.023654458938617198,0.006196055359817327,0.02288289404972336,0.002564283992930333,0.039766198501154024,0.0584816951606188,0.02832311301014589,0.01499953315603939,0.009931608925420821,0.023266403319473418,0.06426824885044301,0.04501182812109914,-0.02785477710626459,0.031637207403243356,-0.01117875793109183,0.07189875428452125,-0.04436765775798905,-0.029339032223835448,-0.027351490039205683,-0.04528722287935947
moca_total_score_value,-0.07311738692382508,-0.1610186761464281,-0.06882961754599207,-0.1105176563664216,-0.22005894784487914,0.014232868488269441,-0.10384729114691593,0.025293456805445855,0.0209792884684644,0.005025722991432397,0.09034698636183638,-0.030093679283004843,-0.06918298988877604,-0.06369967382395415,0.11425236472072299,-0.07594339924115913,0.19143652156809057,-0.06817112911124182,-0.05448093360697963,-0.06896731615792072,-0.1140814882878921,-0.16395938347168323,0.060922409254276146,0.009562907804451369,-0.07906324898283366,-0.15850732677471918,-0.023046298252976247,0.05224636747395598,-0.04147835598539819,-0.20558233737925136,-0.1959072500079395,-0.18328844836850836,0.1808199286462711,-0.1747440559900623,0.09416267207586518,-0.00023806180973226455,-0.1447856685903244,-0.09307867302696413,0.10429541965271234,-0.08042026804448617,-0.06527785063421299,-0.05230923564004929,-0.0995171173844755,-0.25577403101656165,-0.15861517767816027,-0.0480237843112894,-0.17627380558277883,-0.12880564602739347,-0.09225861362183645,1.0,-0.058594888858099804,-0.10733493580243282,-0.12255575078981557,-0.1404034810966114,-0.12368144828034601,-0.08760039945871541,0.30643220408957855,0.18320845828075988,0.121530222756758,0.2260589360084303,0.11657475566834725,0.131303551167526,0.23705791516779592,0.2294861390341301,-0.16931286815445343,-0.02692307330132825,-0.029909067095718955,0.04505156750533533,-0.19416150360348466,0.006028801642008708,0.10595493014735967,0.0463511006528216,-0.06954885982424637,-0.06666393588212927,-0.0624770575096348,-0.15451513825757104,-0.006624908289284002,-0.11995157858451468,-0.13530363038595786,-0.0023313181698520675,0.02670771801126858,0.005098672450220307,-0.02830683496864648,-0.0452637777723873,-0.09940418333047085,-0.1207836297365024,-0.16198795692152604,-0.15877835214705538,-0.012919602482146042,-0.04738406229089647,-0.022911193291898606,-0.05087891335328024,-0.05825767070557994,-0.1521590814069066,-0.042657283308103165,-0.03382991256668761,-0.05450222895160063,-0.11153135161586582,-0.2912310439730831,-0.06283041423342645,0.01985810860866278,-0.08431201928677788,0.13444786930524488,-0.2582118458862934,0.22535295852712048,0.19291785308874584,0.10525600235251438,0.13747751809177874
naming_time_value,0.021521009224801952,0.01488020997584641,0.019001065894019616,0.01343412105066423,0.03041256134075371,0.03751076309329151,0.015794663489178375,0.04560872831843429,0.022309222022485774,0.026096702491481993,0.004502832277262836,0.02014235919403478,0.01881255856957072,0.021912589808197623,0.004516279953892961,-0.015614852217981052,-0.014792041102996166,0.0446319092196417,0.041282102744376915,-0.013101937304489084,0.05968584035596821,0.05859002968986621,0.01463255778351535,-0.011067058264475557,0.03149731792052554,0.036134164457316716,-0.006290668589948114,-0.026922668844460703,0.03371048909703765,0.05667644671589967,0.009257133029100846,0.06959209478785547,-0.008432030083608268,0.0687424184056287,0.014973500628830572,0.0031111166825050045,0.00876686970982762,0.031763179630208534,0.02612667915117853,0.05331216426743527,0.03922426307983823,0.03730536836440945,0.036638260063033376,0.04758671066643229,0.052040148626732334,0.017335046268357218,0.03427904595810209,0.052075684945578495,0.0491825959623029,-0.058594888858099804,1.0,0.04637765850739884,0.029399455914941933,0.002915978851427436,0.024315013225028388,0.0589883992361541,-0.051030882838869085,-0.0258522539533315,-0.03374233014864548,-0.04607157480706558,-0.05476838555185064,-0.05147540183107048,-0.04693747124466696,-0.04181977085053603,0.03311474887717502,0.013376353363190794,0.019958117404246058,-0.00730311015370176,0.041742926562216745,-0.002841921616722576,0.01574672179726336,0.013254525514527628,0.003402793187897265,0.028854863437243784,0.015812521557950328,0.0029700574118719375,0.01097220347204883,0.017811163473336243,0.01583639025406277,0.01473537998671054,0.00814692998412653,0.009105141790896292,0.005099820062561779,0.01814531574194599,0.0014959344712160885,0.002607229376639419,-0.0021581723358917774,-0.002270422580708362,-0.01363883303725463,-0.0025491279579871774,0.015551118423515684,0.0012892741930525162,0.017556091081347692,0.022168490579158942,0.017064602076157405,0.00022383091499066692,0.01659285362113733,0.04506503389060249,0.0158307295900552,0.02395314804525157,-0.03734960175463642,0.04315254708564334,-0.000803325649204001,0.04433720075533852,-0.030057543394232552,-0.02545359752264257,-0.007798201694594036,0.007844281816130734
repetition_time_value,-0.04752337307967672,0.03922918585266056,-0.011818718614789095,-0.012072646081247201,0.05321295031065935,-0.025807439855719202,-0.047675872499838054,0.022773193075824743,-0.000652237495843855,-0.01116932411452933,0.011987004149811534,-0.014460809028925985,0.009359511049923958,0.02028410305960385,0.01029777233316192,0.00038392756492791966,-0.040346558918540845,0.042391859872073036,0.04291583512504491,0.04461548132596131,0.04506128673523231,0.08321448104865564,0.003187879248073338,0.012908787126945686,0.04540384830287494,0.02506609695783305,0.01968890884064704,-0.04997867236896848,0.06673492150325996,0.04332847747289743,0.0838287964394617,0.02543885755456062,-0.01676650074612006,0.0490213538968804,0.07974161558513862,0.03149420942789545,0.0692573770829755,0.05645741455624607,0.07271863979006109,0.04233855223841265,0.007637836770142086,0.03341646495238738,0.05355705780324543,0.10505518927324875,0.10616306278095658,0.022329035714894606,0.12642034456608117,0.046561138316494374,0.07404810260919473,-0.10733493580243282,0.04637765850739884,1.0,0.02982393124550366,0.0013701791079172116,0.13517340271337766,0.04291871094304111,-0.07020227044654415,-0.0491915215393284,-0.05076019207593644,-0.02757247871351949,-0.046379123639622495,-0.04571106742051222,-0.11066735324488826,-0.045636461212290536,-0.02016497484451046,0.02670147063931331,0.01382997217604504,0.04899894741461298,0.011284509909459705,-0.010398495615679147,-0.006153495764978421,0.007912048862511435,-0.0009209231322863205,-0.002868329350530438,0.04557518552991711,0.04716519509384094,-0.013552608759411423,0.02197359447717483,0.03292940879413712,0.00645328947918403,0.0003773277753118076,-0.032833871211598115,0.01295021236352657,0.031129709761773226,0.026845391451903327,0.031311003806992595,0.017413786221488353,0.03166550470138166,0.005658847373575938,-0.008969365789367948,0.007162268935482724,-0.018891831867808354,0.010913178632762557,0.037919315713655144,0.037777689367572545,0.017793532551438177,0.01720615559166287,0.020417692592729395,0.011989100699705916,0.00017246098683777918,-0.0066765667815854475,-0.00010152880389775138,-0.0023823104169767386,0.03467271003937685,-0.029909244792904407,-0.025768787477509582,-0.03439457051975167,-0.06755187506385377
subtraction_time_value,0.08300748821965469,0.07867837398661409,0.04568351922987576,0.06658934456131438,0.0838234552429792,0.037615580766908935,0.08898220588231084,0.05034390874332354,-0.0009058326125686709,-0.005160007688107638,-0.0368805842890797,0.019816290317622828,0.03323993417371919,0.033886843587774176,-0.012868433639750869,-0.021354782767139133,-0.09921309853738083,0.03502149319677363,0.03436428644685973,0.022089304877567745,0.03859413902926688,0.05438497326940291,-0.014385508079125319,-0.007729029307744416,0.04446718669244137,0.06505975372271698,0.012421016568358196,-0.02007336473933549,-0.0008153503881434458,0.054845053515046566,0.10117085822449336,0.10036152967670225,-0.06479161216090316,0.07525112681811122,0.052279776826461725,-0.00448146842014237,0.07665211354682115,0.019229584944845633,0.03242395459625027,0.030698990179772314,0.0379627557778622,0.05477858853439448,0.04612129508531745,0.0758242439902561,0.06802297159904847,0.036368660773467155,0.03212480918227568,0.045445233615600086,0.049774061181281005,-0.12255575078981557,0.029399455914941933,0.02982393124550366,1.0,0.06159589800119274,0.017584186181242748,0.038140906822371506,-0.1267686875078249,-0.05726029166715161,-0.04004459797854899,-0.10412051704094062,-0.06388083269926681,-0.07730989858131207,-0.08495214977872592,-0.08103668471671396,0.13446829043202282,0.015831360402403856,-0.023240363595138907,-0.06998857781684192,0.08215375221809136,0.0019422565730936863,0.004754401437343026,-0.01767814632777883,0.0179230157579294,0.009073304499409799,0.012320588533451582,0.02236803389324388,0.023961906290550436,0.04365252541784192,0.03059650888223856,0.010797605341385371,-0.00910278956890873,-0.0053425514357975,0.02913091070674807,0.02626641998098951,0.05141653931190317,0.052922792750424774,0.060664603704199654,0.034059032653528554,-0.010573094767458456,0.02042638481203316,0.016049000202817795,0.006258227919398989,0.01771470507306908,0.03487652178295319,0.022285950333575298,0.01331572751956004,0.01212730845172973,0.003556469606894235,0.09620398768480275,0.012128769213652787,-0.054764254445724886,0.027422031660026124,-0.014054975452576864,0.08918664986254295,-0.08743234978005661,-0.05249556725233782,-0.031200208796290114,-0.05522400535445258
cube_visuospatial_executive_time_value,0.0733505695385338,0.06764068229001909,0.023696465091409588,0.06907502666899813,0.11118317166589839,0.023934022894629165,0.07626840492419917,-0.00396288405827263,-0.008959065124686957,-0.024549005797293872,0.0010574648009762893,0.013342504315652435,0.021922066969280413,0.024416966436992937,-0.024088387494772694,0.02385116555698295,-0.07904206138852342,0.030924153882131794,0.020472614980936055,0.018904831129754992,0.050958845726032986,0.09419612899899249,-0.036523971325615905,-0.0030274378475978465,0.041747742263548326,0.06273959982231145,-0.0010223071720073874,0.012362019013709152,-0.019347101631467526,0.07242773759491437,0.09219777393682775,0.08833343710032789,-0.05392903678170681,0.07481956881330452,-0.04237852305073399,-0.0279831712722055,0.06480657241027793,0.011571321918797336,-0.04871559112900279,0.021073176776822813,0.030936986968468933,0.03220005097936712,0.06061260044471066,0.06762734301407883,0.07702099620144501,0.012004494834232072,0.030857078874343764,0.03533057273484734,0.038354139250318164,-0.1404034810966114,0.002915978851427436,0.0013701791079172116,0.06159589800119274,1.0,0.037945028922147385,0.02500594360534371,-0.10671203326474982,-0.07530504233377038,-0.047480512113506,-0.09468017728637498,-0.04290197229799991,-0.020482480215634064,-0.0804511870673626,-0.09300116565852848,0.09836525530293172,0.006535110497805993,0.0052132194070402755,-0.040529571530025545,0.07211090907321673,-0.04219970437817906,-0.04828679230484699,-0.023444642245267946,0.0432182540104762,0.018281016772732313,-0.0027445079706550453,0.036579681486753786,0.011597433399275665,0.053127855581679664,0.013334553968218385,-0.013051505044842602,0.004139075009200967,-0.017652193263785147,-0.01246616999036809,0.027319554466797645,0.03337346782683875,0.06943559734783986,0.06914011831324322,0.054272185555306426,0.018522020839144972,0.029832500722397525,0.013386422491446809,0.026990879746284068,0.029891279959709492,0.06541430643482894,0.011728156928080926,0.025515033357572835,-0.0010725142293050128,0.05052482213320673,0.1315612137210975,0.012706313354123512,0.026741250378056827,0.00474344657028568,-0.05971888324508574,0.10212373550847186,-0.08048050861099787,-0.07248001279618593,-0.044374335731284284,-0.05992217129855323
lettera_time_value,-0.029328095008050864,0.016413324122301513,-0.05078004735449961,-0.02081407371975496,0.03575147381935638,0.03397309973001688,-0.03991975538083789,0.018439663750385353,-0.00484223778670991,-0.01937011288468811,0.028359600164546493,-0.01052075698898718,0.005647648678662049,-0.010433627056614572,0.04360890449152868,-0.045229778626480734,-0.04526745876784239,0.04493297245922924,0.054812540886404484,0.166812297434521,0.07914799435823999,0.05805988514378273,0.03255661030988733,0.008164841720363539,0.03234468187857078,0.030636207535690307,0.04081004303925172,-0.05012649323926259,0.06526689967000435,0.048787716878465275,0.15970138330066,0.04419056545962075,-0.017946117013323017,0.025090926403228277,0.15334296537072648,0.010213073450199789,0.1733324334746393,0.06603082729926198,0.15101070182424275,0.053999418580399104,0.00790149951460862,0.004254292013540187,0.03375249137640173,0.09578554712343292,0.14088863662806228,0.01272780633480287,0.16003618932928643,0.031316554504106205,0.10267289008879267,-0.12368144828034601,0.024315013225028388,0.13517340271337766,0.017584186181242748,0.037945028922147385,1.0,0.03489132527262541,-0.05422146676758177,-0.06933354055856618,-0.058623894410428666,-0.04653186389564591,-0.0501098174406655,-0.05084339533887369,-0.148386892332562,-0.06520111632472751,-0.02636461720895704,0.036125530036982545,0.008125737789323509,0.05295842039563776,0.009008195289923249,0.05328522984229967,0.0474185817182435,0.052388128022335986,-0.03311407418264985,-0.05676330564259938,0.002330453135921743,-0.023879691406503502,-0.04650654836694343,0.021003074522430963,0.01091238796361818,-0.010645626630175549,0.02124495710813526,-0.018784603105885662,0.011700222819547357,0.005210052756761138,0.01681420376976822,0.0005085319632321045,-0.03864801002328519,0.007766867789203076,0.010528013185493236,-0.0031663341909470943,-0.0012212153873744943,-0.07040435282638369,-0.03544615999169334,0.022821105208029432,0.01068242382974259,0.026302740431327427,0.02307452414804922,0.002230184058924332,-0.01796009669823147,-0.029442201684788935,-0.030189265287745078,0.02018028831291958,0.019984990714451246,0.0040078046985271105,-0.009806315601340067,-0.03342447267884911,-0.010509944261985631,-0.041199736705614616
trails_visuospatial_executive_time_value,-0.002736256161455352,0.05872953419287354,0.020405963770498938,0.005705088364669813,0.040965981490731246,0.01397477361540044,0.02047653378932822,0.018512348149239105,0.019393893962354313,-0.01734951723487011,0.02254898429176876,0.007000928159539173,0.02636576065002676,0.032349989772212595,-0.017469581864547425,-0.019494864655544536,-0.04076227391585705,0.06160162079565257,0.05111488009300497,0.02683538958432748,0.04316989678846165,0.04987656489699842,-0.03824485218547632,0.0006321093302124587,0.036552282001394674,0.036806723558702986,0.03424770996125596,0.026604381075141535,-0.011007993495589674,0.06331417336262615,0.047279151310309554,0.03831493203943709,-0.03803553395780596,0.061303121216109924,0.06071965719779133,-0.012733290032813326,0.050187251181010396,-0.00028290712100368,0.05716811870357976,0.059905651409673834,0.026904108476431748,0.019518174891456935,0.029834836162084058,0.07809918564349068,0.04694732496327162,0.011625304646061633,0.06323759606381871,0.05387186897188378,0.04684444152920838,-0.08760039945871541,0.0589883992361541,0.04291871094304111,0.038140906822371506,0.02500594360534371,0.03489132527262541,1.0,-0.07150375060402094,-0.03346366008147055,-0.06452962802029827,-0.083220589946989,-0.018253753838852197,-0.034188011924952855,-0.06884514169083174,-0.0755390176116434,0.053767725746280935,-0.0007994169191314699,0.031209998159028744,0.0014858010024649464,0.04924295184341027,-0.033846543260454345,-0.011846420433277884,-0.016171852319620143,0.010358714723963878,0.010900220558847293,0.02111685732125963,0.04429873023548306,-0.0018508857709002952,0.00890583096223806,0.049001954273321914,0.02463298489427708,0.008463453584309995,0.0010908151404327763,0.014400510758695525,0.017225129221340185,0.03341065587055254,0.027206898400900927,0.033191914457507236,0.008305218745556994,0.02897141609573353,0.022909275969386064,0.027536329143446957,-0.004885279297635136,0.015994469397668586,-0.002291537408017934,0.025690889087863152,0.025059787141616878,0.012293427724068402,0.01063502269529852,0.02903616434444572,0.012752284787166984,0.02202464437210612,0.05244985641491893,-0.07050488251668179,0.035154386312736735,-0.029089457913714277,-0.046588398919646064,-0.01661107171108222,-0.01644720744233994
moca_combined_mis_score_value,-0.12601301436428983,-0.1602129059210169,-0.07879797326409838,-0.13697927745541463,-0.1952669391255914,0.0009903268686450254,-0.14392055215765273,-0.01070082455685368,0.03108240086801157,-0.014143446917612625,0.07463333624849668,-0.03261357631450703,-0.06076727328976646,-0.042708089714567396,0.10231830463279806,-0.06909978544240371,0.1465245763630829,-0.04283298599804174,-0.05120132176577782,-0.0004208411344470114,-0.07405444287503524,-0.12665173791601206,0.016730868335615164,0.05047413834681129,-0.0656953696168883,-0.1321438344747047,-0.018080738787783164,0.04235919676785923,-0.027099825566107925,-0.18016490671598182,-0.09680700753468248,-0.16557968211707536,0.1365991120552246,-0.13364564291502784,0.09494719407210019,0.005341532012501768,-0.05226319620134017,-0.060380793453053846,0.10017465775912959,-0.05598960509146633,-0.05587666489606021,-0.05699173913328815,-0.09650284231486976,-0.20557051327411827,-0.1158361019415444,-0.03599777580255401,-0.11634027011400042,-0.0818243326333252,-0.09125488461079677,0.30643220408957855,-0.051030882838869085,-0.07020227044654415,-0.1267686875078249,-0.10671203326474982,-0.05422146676758177,-0.07150375060402094,1.0,0.13521646786422914,0.11348519269841675,0.1747431249950295,0.0941768237152661,0.10263148689517798,0.1521085232487325,0.1655362291869102,-0.18092894837874385,-0.02795268752261181,-0.031978199170003954,0.0734573301377348,-0.16433170766455374,0.042095610424693994,0.08447763487630346,0.05754881809519406,-0.0781412740790519,-0.054793653354920445,-0.06253143543075723,-0.1271848158672116,-0.02991474087608414,-0.12143329228073453,-0.1427959414330713,-0.00867546030921844,0.04222635198559999,0.012730443700091236,-0.04944546563441669,-0.08078189224149747,-0.10194868185788884,-0.12722171447158404,-0.14918986309362642,-0.14606601766590938,-0.042689098078655105,-0.04299435096000909,-0.012442417966688683,-0.05721427372736717,-0.08002096342240803,-0.09870486443060875,-0.04062224306218023,-0.012235281332887036,-0.017686217206771496,-0.12702161818989524,-0.2691459058145022,-0.053761962645066476,0.019009434748118358,-0.0768423588984673,0.1241554218976535,-0.19918815708964313,0.19465374953347753,0.15171062143553893,0.07086976824447183,0.10139085648955047
memory_trial1_value,-0.0026484931860678023,-0.06155856014477649,-0.02708255584627756,-0.01721967449351058,-0.10421063572078387,-0.003109442465595872,-0.009296829779448209,-0.007756549587575428,0.010021540742147636,0.006806495969819057,0.04198776182375813,-0.026521668785547754,-0.05109640209545441,-0.014952161245158711,0.034989680499209454,-0.02810781274056271,0.10344869800045872,-0.05735965379641685,-0.030063525680905843,-0.08930570626331619,-0.049250530428752305,-0.12201325523252728,0.008015879015736868,-0.00603269104943917,-0.04680171467257911,-0.0609645732060811,-0.0059357806110921976,0.0217429747969192,-0.0014026790082481205,-0.0998774417716504,-0.1288901790505903,-0.08843318541946647,0.09258610348397098,-0.0712735688523002,0.05753674522792004,-0.013684510099822134,-0.12571393927483826,-0.01757578599486163,0.06232054666631696,-0.05810209048524663,-0.0012089351969063068,-0.040288780990913015,-0.04023128246225434,-0.12128657216396296,-0.07355725892122826,-0.03237247548882325,-0.07284174644111203,-0.09629480645664024,-0.05022520919411358,0.18320845828075988,-0.0258522539533315,-0.0491915215393284,-0.05726029166715161,-0.07530504233377038,-0.06933354055856618,-0.03346366008147055,0.13521646786422914,1.0,0.08173903383400608,0.13410086621503353,0.04160788151895911,0.0325265309930237,0.15034679369296783,0.09996934939722392,-0.044747399959880876,-0.041355560406789685,-0.07788943646427635,-0.020575484438273173,-0.14569115347937997,0.0014853851034631513,0.048013093445516485,0.018800496199426503,-0.0280423597691942,0.017196858836515967,-0.05814392238348178,-0.047882779176570245,-0.010642088000826236,-0.04772104559829754,-0.0990161131899205,0.030193086168977836,0.011384641222246592,0.027622221216498134,-0.018266623980958713,-0.02610336414306994,-0.07632342670161377,-0.03666741046226271,-0.07016158507535399,-0.07909907904943039,-0.01035037291296855,-0.020442126106526032,-0.011624269383285845,-0.0021976276758926432,-0.0015554436683644366,-0.06769075803739642,0.00825719114433642,-0.03134368777341968,0.0037396788237343864,-0.06978226214387218,-0.13364741165394173,-0.018814700022468978,-0.08968905839905385,-0.03666783893306273,0.15207064766925196,-0.055179988411648284,0.0988331664448907,0.11288484115384514,0.042458574082784535,0.10921950880724857
memory_trial2_value,0.015749462091075944,-0.06002237376207384,-0.04537322735335538,0.017205371587003394,-0.0710182298584545,0.010058458496934703,0.013172389758846022,0.003022567766542905,-0.03570251422692722,0.03304055808636452,0.045596889879352245,-0.024288401560317713,-0.030901784680229808,-0.05055147650075056,0.026865940962840465,-0.044145196363912335,0.047710742719560946,-0.048697088028889224,-0.04844290099451026,-0.027526605654864682,-0.027420185154129792,-0.07936393018088579,0.012870340376673159,-0.02096562131182526,-0.02778524986366387,-0.03457185510867583,-0.0007211004305483046,-0.020311824536951375,0.03350460235809533,-0.10838809473753469,-0.0639330140254943,-0.07198907783540977,0.041258901954948086,-0.06665522733564114,0.029302129353188724,-0.008929725684749945,-0.053297305688218805,-0.013692341562697571,0.04017588700043749,-0.05562102304988776,0.014479826923258908,-0.016299689866211265,-0.026237107845491343,-0.08666524732720035,-0.03152543677896641,-0.042349183024520905,-0.06377521700583949,-0.05173690279137225,-0.023061964627846605,0.121530222756758,-0.03374233014864548,-0.05076019207593644,-0.04004459797854899,-0.047480512113506,-0.058623894410428666,-0.06452962802029827,0.11348519269841675,0.08173903383400608,1.0,0.08702888955509723,0.03159723418171846,0.026828029213228497,0.07043310725174122,0.07893353849604322,-0.02447053151324654,-0.012620908804694452,-0.05603583364935717,-0.045078190049338766,-0.08307657456638762,0.015250258358105638,0.0785091091967677,-0.008889317658351438,-0.014997923853860525,0.008375548079527336,-0.061069994856120906,-0.0792084524244035,0.01759175806921455,-0.05214777861359916,-0.07510281878608123,0.012285168667300884,0.012530234624581008,0.029231934988348744,-0.0059731662774895255,-0.0461085188004931,-0.07303355155033234,-0.03675167486808091,-0.04795718817774277,-0.048509350107016826,-0.02477453902936513,-0.06193781540380267,0.003717254558313226,-0.004207489182284703,-0.03546885131728622,-0.07381842167188617,0.003432212238235854,-0.026606278910896883,-0.012096602277940495,-0.0662674156116109,-0.09656269157867718,-0.0065763373401351985,-0.12082352317067462,-0.01534461213942404,0.1629197590292088,-0.054548512615830054,0.06454190293034984,0.10461619402796488,0.021503441372700126,0.09638025364026247
moca_abstraction_value,-0.11775818508803905,-0.10658245346482977,-0.05292727203578756,-0.10928263055628928,-0.11947234442364714,0.005269788944454586,-0.10191281951547067,0.008822945906947469,0.021425016971272408,0.009019082002743307,0.06683574525722662,-0.045634509894864686,-0.09093841660362499,-0.03828949394362878,0.06661635793271882,-0.040583969505388603,0.15712887084638708,-0.045470582533917746,-0.025182656011410776,-0.04869632533340009,-0.09497805125266716,-0.11949494038474569,0.053120602221495325,0.035889862162072794,-0.07503815702457338,-0.10754717439288888,-0.03541056126423264,-0.0012074637266570685,-0.008695695830443818,-0.1259733260978615,-0.12942634472458872,-0.11167508087407103,0.09657903703152292,-0.09789971328192484,0.07169163735368893,-0.0001496928182675683,-0.10399673992265969,-0.02009189068461085,0.06057367785365234,-0.06428651876183274,-0.020550904823017118,-0.03480000151661065,-0.044768818824635064,-0.1626991730725856,-0.08897684877010423,-0.02192532678695154,-0.10700338267857978,-0.08669356089599262,-0.05482788641157214,0.2260589360084303,-0.04607157480706558,-0.02757247871351949,-0.10412051704094062,-0.09468017728637498,-0.04653186389564591,-0.083220589946989,0.1747431249950295,0.13410086621503353,0.08702888955509723,1.0,0.06241989360990662,0.10955193415891824,0.13508998038885586,0.13726737137837206,-0.16584195879982197,-0.0073170919650847035,0.004082138056135619,0.07199013040058079,-0.14216650867474956,0.0043635450678995765,0.05808419561940303,0.03659310862665988,-0.05487100399906858,-0.03792610782036683,-0.02362083145846026,-0.09758757080344373,0.017638156444746034,-0.04855254396836649,-0.09335399549046869,0.0023276195051041755,0.020399057111466716,0.007027012799153483,-0.014319386679452015,-0.029788456113187655,-0.05437667616639074,-0.056871359810239816,-0.10240974358664548,-0.08710285517605318,-0.00015606783021004022,-0.022156494306639338,-0.013742534463621564,-0.039122194820706745,-0.032960056180388886,-0.0975355901770007,-0.007576771934224301,-0.03146382890805451,-0.03170810302437661,-0.08414368252089173,-0.20269061847655373,-0.020766495055186636,0.060583645262051206,-0.04165588913516732,0.06469475308955634,-0.20730881348826308,0.1326457451231672,0.12898539330374115,0.05397431902357609,0.08744569000823002
moca_orientation_value,-0.021831423324823483,-0.07441918494414873,-0.016755519092969896,-0.043400713421192595,-0.06549747659339024,-0.005630595272267949,-0.027136980173716827,0.002987472357387739,-0.01412171013572924,-0.020991466842669886,0.027064164177743474,-0.029874213118876333,-0.0715509078714685,-0.015238149102326229,0.0210996534201461,0.009895889253641892,0.027863799883806217,-0.05349175077790175,-0.03492284304785959,0.04797140186900773,-0.051540982977327406,-0.09043410693203717,-0.012770070108957159,0.0075380725754896055,-0.06292196326859309,-0.05614767514045231,0.012082789124197755,0.009334549028816237,-0.04202118397027883,-0.07912958877789966,0.01727979126637505,-0.08230938213046508,0.040362970777622326,-0.06798270226790766,0.02179128595541298,-0.026102974266164487,0.03864571371549712,-0.05370470439557682,0.006805570475628086,-0.04131073836018332,-0.07799874463407175,-0.06513098431595545,-0.02619975175089763,-0.11504344454175802,-0.06534072925888369,-0.06349410839557089,-0.05146184107284763,-0.048659635289814894,-0.07145890125635075,0.11657475566834725,-0.05476838555185064,-0.046379123639622495,-0.06388083269926681,-0.04290197229799991,-0.0501098174406655,-0.018253753838852197,0.0941768237152661,0.04160788151895911,0.03159723418171846,0.06241989360990662,1.0,0.06922597652723006,0.01907306514993208,0.07236925983922032,-0.06902726265143558,-0.006094811330771443,0.010913914423691998,0.018418634659973503,-0.04828909812389175,0.018008829782617024,0.015411736710711766,-0.0023936821341787222,-0.03373549283215497,-0.0546065311496573,-0.04897282248379682,-0.07411042534276119,-0.03696125326303506,-0.06314993871868034,-0.0473727410929748,-0.05621080332277263,0.013078171002266476,-0.04246901282508956,-0.02706637325863969,-0.039730072147083496,-0.06439167995626387,-0.05443040639047023,-0.047590539629082114,-0.054567432475460496,-0.017779905080468682,-0.028659395406273592,-0.007693095208231978,0.005469908987121745,-0.07460280468445574,-0.07521443540566466,-0.06245917221091131,0.011359568737652332,-0.028726809739338742,-0.059197765831953505,-0.1106821731152056,-0.06964876692066806,0.07328006454850995,-0.05729441025084744,0.013816050487500358,-0.1132962502845086,0.06651237845283536,0.04369919190210825,0.04710372404549968,0.019379006868050854
naming_value,-0.0591316247754702,-0.08740371280591462,-0.007588267636220371,-0.07000731843010209,-0.09097374123695223,0.03752063655279081,-0.05026369317880989,-0.02184047112167386,-0.009468139030077727,-0.01429913439645056,0.02083048699100261,-0.03766835450297204,-0.09169406335439895,-0.024747898470566403,0.02844017891801109,-0.020693139685853075,0.029237120002414664,-0.04645766348984122,-0.029425930415407472,0.05468245040929459,-0.0762414781502849,-0.08465352115872148,-0.015711512926648137,0.04164156291533081,-0.05137629153256276,-0.08360368510833617,0.009181368324973804,0.006316772703826211,0.0027721442081097155,-0.05314042708284668,-0.009038733216877379,-0.053368863405078126,0.028017980091349662,-0.05000583177742129,0.027164911030730113,-0.023897942740441585,0.021520416154028478,-0.028178305804069614,0.02639748677554553,-0.03535855021565804,-0.06089847481337823,-0.0370630034128231,-0.033885788485264946,-0.08047931804834574,-0.05773770438568118,-0.00044356471498331845,-0.059304397358996154,-0.04564868302090263,-0.06410901926375352,0.131303551167526,-0.05147540183107048,-0.04571106742051222,-0.07730989858131207,-0.020482480215634064,-0.05084339533887369,-0.034188011924952855,0.10263148689517798,0.0325265309930237,0.026828029213228497,0.10955193415891824,0.06922597652723006,1.0,0.07703606734139938,0.07802421625248833,-0.07740786779059176,-0.005441197798685974,0.017119355457244433,0.027922821412482896,-0.07100160090453375,0.002436217678061749,0.02782134170759061,0.02572126965431034,-0.043305764884949555,-0.06940418007638391,-0.030269870392692116,-0.07583700508093778,-0.011582339494342687,-0.0467663480078973,-0.06553679516355822,-0.017809220309100263,0.0034579595123385392,-0.05515915455501268,-0.028782843340125954,-0.048591448789619504,-0.0257630615506109,-0.05013209562219381,-0.027724556365260458,-0.05439028193786469,0.015071065014628482,-0.007427072587830674,0.003110039372548631,-0.02624700202546955,-0.03890188321741293,-0.044008124783889095,-0.04684142106459437,-0.016944511141874008,-0.028036891661849694,-0.04181652891962103,-0.10923755626136888,-0.055965490756255225,0.12141900440628567,-0.04360587252701708,-0.028007546933820442,-0.11798980359264354,0.0746139755675064,0.07143572507533016,0.014433379666076872,0.042544862415622234
repetition_value,0.03773807717254195,-0.060161163712396326,-0.01754270085230465,0.04319771043658183,-0.07823249841305906,-0.019458620314282103,0.05763072983902489,-0.007753572185553418,0.0045873570777145226,0.041239628530387075,0.04006385781611765,0.03279772973039836,-0.041747332552631564,-0.027862070132149714,-0.028994242054713994,-0.010807946289331993,0.17912319873917962,-0.015862025839067206,-0.049548554119935924,-0.25834495096995747,-0.09349951351279508,-0.050459469533773574,0.05449528428778781,-0.010843213253924639,-0.02120988242477027,-0.058278814589194705,-0.07654061739591494,0.032124048197406954,0.013827901399499527,-0.08870409047981223,-0.2865136021250525,-0.1063003094091386,0.09512573852936629,-0.07162377988556298,-0.04290141100192859,0.036001438953526095,-0.3110737059122267,-0.022634810765632153,-0.03281402705916919,-0.04707492219108795,-0.0102782695646147,-0.02149564609947371,-0.0658079268858284,-0.18017070055970863,-0.1404489294297226,-0.03376960821844687,-0.14484969352971255,-0.08182319610753525,-0.06467891830487275,0.23705791516779592,-0.04693747124466696,-0.11066735324488826,-0.08495214977872592,-0.0804511870673626,-0.148386892332562,-0.06884514169083174,0.1521085232487325,0.15034679369296783,0.07043310725174122,0.13508998038885586,0.01907306514993208,0.07703606734139938,1.0,0.14795078503350892,-0.034001217800321004,-0.04281862392282147,-0.05381981781088661,-0.026531670339623507,-0.10811505373301439,-0.00019617439325007275,0.02881423772869944,0.023675964473636745,0.005100151566472193,0.03838171638165068,-0.001873349016184479,-0.0053179752429169365,0.07630573752149064,-0.02883672981574328,-0.059737320418392484,0.04447576022412086,-0.013622208275149705,0.02411552791243524,0.013140666910872534,0.0011383172924434267,-0.040903012307060074,-0.0055062415595421585,-0.05222980024568706,-0.03208544821144932,0.0034235911289271794,-0.010621910027968052,-0.002480257246790348,0.0536742174474637,0.021671997713003818,-0.041169732829306346,0.006479005292608812,-0.01037149477543479,-0.008529952719294636,-0.02908394436675823,-0.08356933048264802,0.012430343773360617,-0.0003786557881815407,-0.027928958289930035,0.06332829288256435,-0.09971335066217675,0.07878511252180535,0.10551428789480122,0.018562838273189892,0.11653559312964801
subtraction_value,-0.13820828212217667,-0.09602890926877743,-0.0444470850895007,-0.12670809443776127,-0.10512497789976163,-0.02271476718229174,-0.15410458144786013,-0.039219865088093546,0.020131361528034686,0.004970416695904552,0.054470415472430186,-0.022550985281750834,-0.07392685945627486,-0.0067657894624982605,0.06859683042281631,-0.009553876680214965,0.14873614156757048,-0.02305730237847845,-0.038217459862793825,-0.09035485596472032,-0.05329911978241654,-0.0801443620446748,0.05044357762270424,0.023084023117431164,-0.0413261522195341,-0.06979320873674154,-0.026566744721170935,0.0065667014093511835,0.005624476225338143,-0.10791201818489536,-0.1813677582024136,-0.09571716996994814,0.10540123281800301,-0.12165591969839905,0.050265953060031024,0.0214026999028452,-0.1606522510099823,-0.06030165276669813,0.05188700240437875,-0.054128035380660175,-0.05690516628682475,-0.034102228477877465,-0.060747664780941894,-0.1449724922947742,-0.09486204684217514,-0.035401310259990694,-0.09623304778901907,-0.08076793042740965,-0.07378640965400762,0.2294861390341301,-0.04181977085053603,-0.045636461212290536,-0.08103668471671396,-0.09300116565852848,-0.06520111632472751,-0.0755390176116434,0.1655362291869102,0.09996934939722392,0.07893353849604322,0.13726737137837206,0.07236925983922032,0.07802421625248833,0.14795078503350892,1.0,-0.18932793412627372,0.009246685538163602,0.03142416980503019,0.09569894173388244,-0.11441108847240224,-0.010745915345699141,0.030281416036935984,0.03780715203672234,-0.01925240928647201,-0.020505791692047342,0.00586736207504774,-0.028675037495756693,-0.0011377804462232503,-0.038113180785368024,-0.05661961150093336,0.02586962380208526,0.015476488565151948,-0.003892484442940034,-0.028938271241641337,-0.0007317131900685555,-0.06701667309891784,-0.06970777709341255,-0.07955464525673371,-0.07643233583461215,0.011824464369713412,-0.014461139033877645,0.0035432283198940577,-0.05513613086191845,-0.033999381333838896,-0.05629679394538647,0.004973253675089592,-0.032998202689173486,-0.02599926753264035,-0.045627679756171026,-0.15815519028035177,0.018069217379475068,0.09565034025190317,-0.04266203481637335,-0.02789981340240608,-0.17821971643003096,0.12690854180398528,0.11688494691419128,0.02787220689201729,0.11293339654679627
Rate,0.4682956389233521,0.10398608531972334,0.07953417064400832,0.416389300730499,0.11604193948535305,0.1734086786002438,0.4670158340064596,0.14752856303125578,-0.12101573977183117,0.04261257499328708,-0.11521307096256612,0.056370828255843636,0.05924079163199131,0.03997545748328375,-0.06571102608828948,0.006112888027502567,-0.18356579668558062,0.03961948004079488,-0.0439928051970723,-0.016038953023623757,0.05043862814407294,0.04216174863620553,-0.06753496987902298,-0.08065313778980088,0.07317665161833156,0.09175118446564465,0.029532767998162363,-0.009258534370782492,0.01280094891053781,0.08876342398727458,0.11470127584461028,0.13212991367789914,-0.11155198298654628,0.10041418185619332,0.0016389356314703036,-0.03835299015628608,0.06825702945469603,0.04700648454771911,-0.0153619702988059,0.046071277104503865,0.057869609298729724,0.07100559881905377,0.06152564128722955,0.09025127984523147,0.05943527596817377,0.0050103409505577795,-0.015038679376242071,0.06068299263826224,-5.764201135548773e-05,-0.16931286815445343,0.03311474887717502,-0.02016497484451046,0.13446829043202282,0.09836525530293172,-0.02636461720895704,0.053767725746280935,-0.18092894837874385,-0.044747399959880876,-0.02447053151324654,-0.16584195879982197,-0.06902726265143558,-0.07740786779059176,-0.034001217800321004,-0.18932793412627372,1.0,-0.08943162577434771,-0.0670239894005315,-0.5183684785786093,0.22298321109657107,0.06764459921473653,0.01646737796324925,-0.019655268975152608,0.04810341114747898,0.0028801813676028057,-0.01431662401070824,-8.552836854716169e-05,0.0250627684273871,0.06535084631231969,0.06257274736146728,-0.007437663128508567,-0.03865773938870504,-0.007813487551928297,0.041495292940783426,-0.038513613531401036,0.05778488223114714,0.15302083441177458,0.08827783942632894,0.0708499506461455,-0.024167867708288344,0.0037220788659722945,0.029021549743406445,0.11943221790274146,0.0518609891571779,0.037156577636248994,-0.024390355422879262,0.019246950343350274,0.001275358441754495,0.05483955920212574,0.24512758310901073,0.002103384242239592,-0.11624281400623855,0.07809967418619376,-0.015775991828045104,0.23406966949531302,-0.21135538736063103,-0.10265493078003995,-0.01853555440647475,-0.07736617911362025
PR,-0.09312758197132945,0.014958495139246422,0.02419837248990284,-0.06382823282397186,0.02731491270078255,-0.0005412474232755641,-0.08129372772448584,-0.02237530500538788,0.02087837417883739,-0.005330287017711135,0.0009628639996760692,0.009161350490548541,0.00890593217226111,0.013808228073452902,-0.013606758335325922,0.027044491006699627,-0.01792799733884853,0.006840415005638186,0.01569485540375973,-0.0015105079931417846,0.019402863532172056,0.04485879550701102,0.03776548868087911,0.018944344362038772,0.028926723636854328,0.01828593843957009,-0.024689424315810053,-0.02262702026093397,0.006813647824775225,0.03470502687100896,-0.00019460647405593744,0.04125982125673002,-0.010448874824201522,0.006398987699529416,-0.031258614017729384,0.03105878812953668,-0.013780322368272343,-0.00757456384276348,-0.02710579169334557,0.03754752791863978,-0.009699779225692302,-0.01443919059849427,-0.0020800382195569817,0.04051968117202811,0.04091125591823432,0.000717330320521402,0.03585754944278362,0.010164336947482101,0.009364024162369642,-0.02692307330132825,0.013376353363190794,0.02670147063931331,0.015831360402403856,0.006535110497805993,0.036125530036982545,-0.0007994169191314699,-0.02795268752261181,-0.041355560406789685,-0.012620908804694452,-0.0073170919650847035,-0.006094811330771443,-0.005441197798685974,-0.04281862392282147,0.009246685538163602,-0.08943162577434771,1.0,0.03896894144700329,0.08550654523799965,0.02050711056671604,-0.041695967152029396,-0.01002453512932374,0.012874824323235149,0.027281313778512267,0.01256894434184521,0.056518602791009336,0.05330006652296043,-0.009610939396451258,0.032350930713566234,0.03163620293207468,-0.00560541908949841,-0.0023615449647260375,-0.02027363007637747,0.021865200216222565,0.06502358798323703,0.03571524194293503,0.02882190051956306,0.03676662858580745,0.009468328675665695,0.02203287391862964,0.010532820928915162,0.025604848138808582,0.005933388284900638,-0.006119308740962753,0.0032287065600687683,0.01651691492702703,0.02043031975643375,0.0039741219263785665,0.008919241092987824,0.04199356974650022,0.031391604566906456,0.10016110181519182,-0.013103857289150908,-0.08955209488604174,-0.03339546971716593,0.02046108255096664,-0.03291060968710665,-0.04050959298428903,-0.01574816640728868
QRSD,-0.09975011505473384,0.014527535675717358,0.022184019971556862,-0.11080135180909481,0.02607177998542021,-0.07295136850067949,-0.09912356163532499,-0.04209940145178197,0.03374998741815399,-0.02597437918107627,-0.01718632062746336,0.0026724180582364215,-0.033367455553232964,0.015239999615622073,-0.04151507554855313,0.055555118112627706,0.005845761791407372,-0.0029893479171783505,0.011809658042271605,-0.015883706097129247,0.016474124285604196,0.07310686117374962,-0.028111964199770714,0.005281961145161544,-0.0028800564954809616,0.005001416316634824,-0.02535778432919518,-0.027844746003420108,-0.021223428691406625,0.04587088291645186,-0.021154771768236928,0.00856933015420977,-0.05061044597138419,-0.01776927844340096,-0.09626239877235329,0.032945952979056545,-0.029687343803898297,-0.010565379112404877,-0.09275021379070378,0.0016674438196802852,-0.013178227971191609,0.007613906805752218,0.013656942470924856,0.0545896657326387,-0.006066547009979157,-0.01745185456148442,0.01550850614849888,-0.018945541010958786,-0.004438471980408039,-0.029909067095718955,0.019958117404246058,0.01382997217604504,-0.023240363595138907,0.0052132194070402755,0.008125737789323509,0.031209998159028744,-0.031978199170003954,-0.07788943646427635,-0.05603583364935717,0.004082138056135619,0.010913914423691998,0.017119355457244433,-0.05381981781088661,0.03142416980503019,-0.0670239894005315,0.03896894144700329,1.0,0.08759066506123933,0.06422612608836872,-0.03244976483289407,-0.0702251468514319,0.007932101137340048,0.04257913325813708,0.004671919877637772,0.0703203080692219,0.06045906807458245,0.0412349311850725,0.012150842184494502,0.044944354430397515,-0.00036126929460239413,-0.017477709382530297,-0.02488287626904122,0.008887759238807792,0.04667546500653423,0.07067331248149739,0.02698835230162723,0.07805317197125952,0.04298811325584112,0.032921938582191536,0.022100310670743136,0.020475809592149605,0.03746358282485797,-0.018972004728585363,0.03003886518418077,0.021132120254517793,-0.0031153455117494794,-0.005240836681634353,0.0937084107045521,0.08333493337289319,0.030896377691797983,0.24258347597241478,0.01538229656809864,-0.20493219978478025,-0.016143170885837776,-0.015621857301050505,-0.017812979374988228,-0.056038293335054175,-0.011630067128436311
QT,-0.42194249596424277,-0.020169496592596797,-0.0326505180690135,-0.3662263011107191,-0.03293954891344606,-0.14448865079153847,-0.4141168218595892,-0.11569470622324544,0.0932653769682753,-0.021460954941326757,0.0665453793482532,-0.017278509399464584,-0.02817592079067365,-0.005695309438093943,0.03882062525099205,0.030887814116047584,0.10848189346816575,-0.02265893706939499,0.0786675906189102,-0.00542517957032576,-0.037306089130661635,0.06727664371522354,0.07099791264497157,0.08621456453168827,-0.014708310416859277,-0.03089947741816521,-0.01043195260103994,0.04828898209691892,-0.1061387583413583,-0.004532357224221186,-0.07217019559522152,-0.056359200562884154,0.041972194265855044,-0.0636410754593519,-0.04132358101435491,0.01432136997588532,-0.05383208800617296,-0.07615745591617913,-0.030912435733436154,0.02372243930964433,-0.022062121274835294,-0.07363075947576173,-0.038938051544575386,-0.004015026112776369,0.004416615241724483,0.034768858525329314,0.068385276980839,-0.02941142431816556,0.03711001666772808,0.04505156750533533,-0.00730311015370176,0.04899894741461298,-0.06998857781684192,-0.040529571530025545,0.05295842039563776,0.0014858010024649464,0.0734573301377348,-0.020575484438273173,-0.045078190049338766,0.07199013040058079,0.018418634659973503,0.027922821412482896,-0.026531670339623507,0.09569894173388244,-0.5183684785786093,0.08550654523799965,0.08759066506123933,1.0,0.024438020457217456,-0.05917322257024811,-0.04916493644355375,0.028925255638023454,-0.006742383087832212,0.023181054379226584,0.07831731392626674,0.0658262813627716,-0.020607224358881862,-0.016248780730473603,-0.005396174437605987,0.005459744096293815,0.028820757694718178,-0.004504375403430031,-0.0003551169240441001,0.08622810472644708,0.028219640874110188,-0.0840196151477616,-0.013830266405157414,-0.02082508786629848,0.022506062138513097,0.014447800772335161,-0.013018245126309856,-0.07955095331342305,-0.020934473714881833,0.015978546249162975,0.0557357265819295,-0.006062639079574216,0.007445821403626043,0.019510358881444666,-0.10555633152944745,0.01561211467955062,0.18006367440607257,-0.0452412671019952,-0.11188850251563369,-0.1476980225717685,0.1395311563478802,0.021887915052030776,-0.017898828288176672,0.022999366092711068
QTc,0.08840871481242177,0.12248028531754575,0.042204471642565106,0.11766816516854871,0.12255310157358609,0.03424029323531817,0.09012274370170552,0.03319066768839215,-0.0405510582629879,0.03701939770288362,-0.08208066185412269,0.056329619891749776,0.03078609207788913,0.04836258124270759,-0.0488027174210968,0.05786788364860605,-0.10699513915418762,0.03265468353596811,0.027708832509588787,-0.04072651465398527,0.015252763109674675,0.1410479506535984,0.014814787017748158,-0.003067068988695242,0.06810578965733723,0.0764920614910514,0.021458096836292847,0.04907198107802002,-0.08655235525900852,0.09874593912364497,0.040984069258467405,0.11899259221860455,-0.10455019781218791,0.057205005665830234,-0.11810584722252129,-0.018033222412485506,0.00805037423421998,-0.03208258700880622,-0.10847366249713478,0.07888318077776085,0.04645651487751162,0.0227244675840701,0.039182036917362946,0.13089522998632774,0.05902065334438966,0.025275328816143052,0.06581760745033137,0.06517380248293217,0.03156117445219375,-0.19416150360348466,0.041742926562216745,0.011284509909459705,0.08215375221809136,0.07211090907321673,0.009008195289923249,0.04924295184341027,-0.16433170766455374,-0.14569115347937997,-0.08307657456638762,-0.14216650867474956,-0.04828909812389175,-0.07100160090453375,-0.10811505373301439,-0.11441108847240224,0.22298321109657107,0.02050711056671604,0.06422612608836872,0.024438020457217456,1.0,0.03147129566541104,-0.06209821456370529,-0.007130912463683309,0.06771492152901638,0.026395700862861464,0.05474888265111364,0.11919644816538232,0.04893427678488873,0.07726074355085612,0.07569985254916686,0.005081722700920375,-0.03138750112714829,-0.01567032884437351,0.01733419194046625,0.05040501444705258,0.09628945471299055,0.06621115837189025,0.15299363200957108,0.10166552326341156,0.015254600884325868,0.02296177701922459,0.005600793528320886,0.06116459022722789,0.05035739853682615,0.0965348061908758,0.03329881076581918,0.04356249476397489,0.038566393855271795,0.05653860243173661,0.2224750495885348,0.04510944315278335,0.10670412299835008,0.02472504794252313,-0.21312381363733973,0.14644915636366607,-0.14868845613855852,-0.11026566980935408,-0.09022450372331671,-0.050217435972326877
P,0.09309098629803415,-0.03266893530854554,-0.028593675062586275,0.05947753981903581,-0.039903178881911944,0.052824828418270305,0.0684574325655834,0.019606698986267563,-0.019055923567453902,0.012748392728412538,0.04304907643548872,-0.005413713249454479,0.029016376179394857,-0.014807913661686437,0.0035186951983665017,-0.057882643281926924,0.005912608259944165,0.01741529536430337,-0.004112648115098951,0.011445399853270064,-0.03285050756489125,-0.017186875908222488,0.05491295339736714,0.032087696532076763,0.006233463532251029,0.003628606743040255,0.027909115256813305,-0.018753758204462827,0.06040745172205574,-0.0274307360476714,0.043415504444499736,-0.0006524280823075074,0.0029051073448844796,-0.008001059327567882,-0.04135807686419411,-0.049633180779604345,0.03449053868898374,0.06644688936739335,-0.02193023653107157,-0.03145600282033386,0.010031784569130441,0.01832841101279948,-0.025310270692880936,0.0013256726091421971,0.029538287645643434,-0.027097780956278582,0.018877632458036437,-0.003904699783234461,0.03968330177686904,0.006028801642008708,-0.002841921616722576,-0.010398495615679147,0.0019422565730936863,-0.04219970437817906,0.05328522984229967,-0.033846543260454345,0.042095610424693994,0.0014853851034631513,0.015250258358105638,0.0043635450678995765,0.018008829782617024,0.002436217678061749,-0.00019617439325007275,-0.010745915345699141,0.06764459921473653,-0.041695967152029396,-0.03244976483289407,-0.05917322257024811,0.03147129566541104,1.0,0.12905588601316487,0.11969850814426736,-0.040898246626648926,-0.019018222001953012,-0.04795161619879945,-0.06934658703584955,-0.01298804261958808,-0.020406005482988033,-0.02561448150284064,0.012923406127358247,0.0013826210354477677,0.007487617351725068,-0.002719537186289746,-0.04800005181648205,-0.019264414081710528,0.0009803569336051825,-0.0287532725782666,-0.03620250876346316,-0.004577971560190559,-0.014294323715550557,0.0035171067538979778,0.006329049598193206,0.012873446594205142,-0.015292167633320341,0.0017202527283586987,-0.022149734167877307,-0.0010763725455597136,-0.02501811827312194,-0.06715573150063205,-0.047462694816941486,-0.09091892044851729,-0.011060534329949622,0.11434620940107436,-0.01479006145767223,0.0030423752633312903,0.0446094516958973,0.011845138033349634,0.008428817985738319
QRS,0.02640238351478112,-0.06426110870018717,-0.03874532409724818,0.012412383559408885,-0.09307237332167899,0.0458326600159055,0.00723697388103831,0.04882288110144397,0.0063544675840415035,0.027183889596015635,0.06528845912952555,-0.02076820315252383,-0.022104915418859845,-0.029112066535404206,0.06312754672431511,-0.061859191662090626,0.02445834752964127,0.009187050650852235,0.009559675235695364,0.04860200039422432,-0.021220336959573604,-0.05362373955749214,0.0307734857801851,0.01509564565386535,-0.048638382973135,-0.03285082581758731,0.022654006294599852,-0.018772194436878678,0.048722139389104066,-0.08754296217303649,0.03057531862503955,-0.012908369570061855,0.08670962408480727,-0.0396655281088639,0.09211038311544255,-0.020165577624068665,0.046601770386251316,0.05698069644065329,0.09833600300322622,-0.01444791308318873,-0.014097792801114308,0.0049300125299909115,-0.034491346254643764,-0.05418271263435618,0.018707412036185537,-0.0024669726404647975,-0.017039619681560893,-0.03389129536606231,0.0015295769992188484,0.10595493014735967,0.01574672179726336,-0.006153495764978421,0.004754401437343026,-0.04828679230484699,0.0474185817182435,-0.011846420433277884,0.08447763487630346,0.048013093445516485,0.0785091091967677,0.05808419561940303,0.015411736710711766,0.02782134170759061,0.02881423772869944,0.030281416036935984,0.01646737796324925,-0.01002453512932374,-0.0702251468514319,-0.04916493644355375,-0.06209821456370529,0.12905588601316487,1.0,0.11021301692950972,-0.038093069225528874,-0.040291621200874476,-0.06541064961878133,-0.10103763915594861,-0.01801778799790207,-0.03655627283754361,-0.039517576731764856,0.02528617105368879,0.029847512553095954,0.008390868019525504,-0.013162163104021497,-0.05602477039862915,-0.05226766409566592,-0.04937806694625242,-0.09606368901047732,-0.06573306228806687,-0.023143715150967095,-0.049357132330457985,0.0010234714171603624,-0.025632843052785525,-0.04684490400183631,-0.06396865517072989,-0.013719622223171753,-0.012114061580160701,-0.03658543888628117,-0.0612892454583144,-0.13793612946475398,-0.032645279570913996,-0.0916498215544072,0.005048857885556544,0.12880744057543309,-0.07685418059553716,0.050425189744586325,0.08616870089142767,0.05742220098589727,0.030504927407934267
T,-0.02542387524013335,-0.03224877313915244,-0.006635533734241438,-0.025533483736116004,-0.05129401512934673,0.007990338718780644,-0.030390121219194842,0.021276629926860233,0.001323257625487566,0.010261678102176274,0.0448303058078657,-0.01704823256286469,0.0027681079185966325,-0.03745462255183158,0.045977831029382805,-0.0356246308820147,0.043327876717779414,0.010498993158112733,-0.006071274986523468,-0.00342171298908529,-0.05919126133153263,0.003569351821227719,0.04503961331993574,0.019517559557541933,-0.007954599283376187,-0.01452694976548464,0.009366044325966235,-0.013156106160537124,0.03967410130910303,-0.010020315540043576,-0.03118879770443596,-0.013900220207640935,0.05523447636674043,-0.025369721746490756,0.039570005390919566,-0.007104951797478513,-0.020566790879749306,0.04384585259611923,0.03957331032318058,0.011714319965182792,-0.02188487913349624,0.0018968553761604424,-0.03595488216723119,-0.01881960344117943,-0.005216864913047464,0.012774944120978913,-0.006930901027011724,-0.030632742420084534,-0.012099089860234882,0.0463511006528216,0.013254525514527628,0.007912048862511435,-0.01767814632777883,-0.023444642245267946,0.052388128022335986,-0.016171852319620143,0.05754881809519406,0.018800496199426503,-0.008889317658351438,0.03659310862665988,-0.0023936821341787222,0.02572126965431034,0.023675964473636745,0.03780715203672234,-0.019655268975152608,0.012874824323235149,0.007932101137340048,0.028925255638023454,-0.007130912463683309,0.11969850814426736,0.11021301692950972,1.0,-0.023977912970982024,-0.03710089813497677,-0.029379774039677536,-0.0390286647914048,-0.009310827098979313,-0.01626651240844272,-0.024444482603214922,-0.021617489475032402,0.020455106092111586,-0.011927599968538987,-0.006562757716161973,-0.02828997602207636,0.0072701161307617175,-0.023135499277336404,-0.0099827105389649,-0.015354053950446143,-0.010752211534631498,0.010288216335175761,-0.02266856695703922,0.01034980818334542,-0.02639521341274691,-0.01815212672054086,0.0015031026782366093,0.009323871248391225,-0.00993163257742612,-0.02750381572076974,-0.0729170636275845,-0.015927943945374536,0.06903567271450634,0.020895707180698546,-0.019102926326642164,-0.03714664024472793,0.03633112181688277,0.0648604255230492,0.017764552702838915,0.007295110964832743
Age-related macular degeneration,-0.0027683212946800107,0.02925815069775765,0.020322874105400134,0.031633936873299864,0.05544701966982272,-0.02234587069563791,0.013883505871903033,-0.018617980236981815,0.0004034410388695095,0.012489255939081236,-0.031851267333653656,0.02396989602396232,0.013283043487863602,-0.0002638607053292127,-0.0491276041685605,0.06422385258278805,-0.0033647397924531576,0.030042293319859928,-0.02772590515911035,-0.10404603345911485,0.026996083474470297,0.08348234091606166,0.022243230298943775,-0.006331144433664151,0.035094453236548494,0.06859931873798375,-0.05441768952924175,-0.009527990333322339,0.02577107259474892,0.0493727838371916,-0.061941395711636586,0.0488561496596971,-0.04729990898474048,0.022206096224989234,-0.09264402304655962,0.012918201246892537,-0.1054836262248605,0.010083849843172812,-0.09685963622871054,0.016680024615489963,-0.004202993425262173,-0.012385533842905963,-0.005325889849053822,0.06488368551551636,-0.003971171386840513,-0.00344804378876453,0.026678268136888974,-0.005846327203849563,0.047151894299618524,-0.06954885982424637,0.003402793187897265,-0.0009209231322863205,0.0179230157579294,0.0432182540104762,-0.03311407418264985,0.010358714723963878,-0.0781412740790519,-0.0280423597691942,-0.014997923853860525,-0.05487100399906858,-0.03373549283215497,-0.043305764884949555,0.005100151566472193,-0.01925240928647201,0.04810341114747898,0.027281313778512267,0.04257913325813708,-0.006742383087832212,0.06771492152901638,-0.040898246626648926,-0.038093069225528874,-0.023977912970982024,1.0,0.07819178287605762,0.0400094287295841,0.11926111851369536,0.012057764628493272,0.024338197093393188,0.038614773172112093,0.0075226460155064815,-0.027845052289483446,0.03699030690128411,0.024402050951680264,0.08623435881472952,0.04621509740035876,0.04577268305069658,0.07550503925053284,0.05533731503344343,-0.004388289790771773,0.0330874496025768,0.06391025442302223,0.039351678087206646,0.04849315603981407,0.03872771234823274,0.021700036372325864,0.04486910275014984,0.020925148740122034,0.07132153203924435,0.12628326250181218,0.027059860308517647,0.03483829328272732,0.019945543814149813,-0.07994119159932346,0.05760579023176591,-0.057490043359584526,-0.013066667301846373,-0.019282886217016296,-0.013623317893125821
Arthritis,-0.026326196648700874,0.06380340981413518,0.058196529443267066,0.019426421266514976,0.07268201588328344,-0.09387022993403062,0.017943007526801353,-0.06543441027885849,0.016702969533553946,0.010553385815478523,-0.03125350560273565,0.027424118212564054,0.06608221017150996,0.011846377231023173,-0.09591471512132962,0.09961233435584817,0.04653339906502264,0.006339667687884884,-0.0006834756993214383,-0.28953558178840927,0.019768407362954866,0.08397284054549219,0.028696216560418493,-0.027273242158037576,0.060078720520962824,0.04711943850987097,-0.08104677897940431,0.0211147619517539,0.06054629942563413,0.07388498126971076,-0.20414920454331123,-0.003877006192669721,-0.01575719109095425,0.026944248066942855,-0.1584156594736897,0.03241402155815731,-0.2925672902701699,0.022130905509157618,-0.1575846986009262,-0.0005812837353014791,0.08523913858256682,0.029024675103083743,0.012609465741890416,0.017629041164627282,-0.01941841023773999,-0.0020409596287431545,-0.023704653592697484,0.00735489434015528,0.030214670393839085,-0.06666393588212927,0.028854863437243784,-0.002868329350530438,0.009073304499409799,0.018281016772732313,-0.05676330564259938,0.010900220558847293,-0.054793653354920445,0.017196858836515967,0.008375548079527336,-0.03792610782036683,-0.0546065311496573,-0.06940418007638391,0.03838171638165068,-0.020505791692047342,0.0028801813676028057,0.01256894434184521,0.004671919877637772,0.023181054379226584,0.026395700862861464,-0.019018222001953012,-0.040291621200874476,-0.03710089813497677,0.07819178287605762,1.0,0.08161290765957438,0.1633172560137884,0.08160984102910905,0.06580575784804907,0.03339915107492535,0.10677186442795257,-0.04952880546772772,0.05957407953850347,0.004237104034490399,0.09428153754109513,0.06514333931150557,0.08840142060486277,0.0984531231214317,0.10744401532302192,0.04647781967539017,0.0187746313596373,0.01860717396146996,0.07017368095110356,0.12767942923259584,0.08915183109297017,0.07342888743256912,-0.0008821781888121694,0.0018025048621802802,0.04572882333692294,0.14284488178006657,0.11929107697783412,-0.07674019259668649,0.028503186243535213,0.013492929575911463,0.11357642411473656,-0.04674319247729417,-0.04508236156257597,-0.05015047654226298,0.00606263992379041
Cancer,-0.059689630772061755,0.05238496411004997,0.04370404119469363,-0.011810274144392865,0.0679302437051075,-0.08639807883156957,-0.050770186388272846,-0.03988248113533924,0.00767143252009095,0.028657448464036003,-0.010306836204050476,0.02939457333828157,0.026957262200934726,-0.00903200997269718,-0.05812693532009554,0.08778514157027986,0.022548024891840924,-0.006889991121614702,0.0033678128304234023,-0.1270473151437545,0.007812120048375813,0.10359778135847791,0.01222664446169634,-0.0024342253286461653,0.030733222025481514,0.031127430260079962,-0.06148821504965542,0.004961702445038804,0.0017893321801688675,0.07313240254291706,-0.08321329241701125,0.03273885543158173,-0.03422812958883192,0.043554351500695795,-0.09210639374310362,0.016236066152871098,-0.12095354543038192,0.011744359815847937,-0.10326248624157272,-0.0030395126647513393,0.017869435625436567,0.017725992326005736,-0.004581174790069677,0.04147461026752891,0.005915598702188139,0.013791319202299975,0.01584390130021078,0.0023881582845813143,0.02042780474605448,-0.0624770575096348,0.015812521557950328,0.04557518552991711,0.012320588533451582,-0.0027445079706550453,0.002330453135921743,0.02111685732125963,-0.06253143543075723,-0.05814392238348178,-0.061069994856120906,-0.02362083145846026,-0.04897282248379682,-0.030269870392692116,-0.001873349016184479,0.00586736207504774,-0.01431662401070824,0.056518602791009336,0.0703203080692219,0.07831731392626674,0.05474888265111364,-0.04795161619879945,-0.06541064961878133,-0.029379774039677536,0.0400094287295841,0.08161290765957438,1.0,0.1530796330778205,0.034217677240978794,0.07651894639268646,0.08963990321711489,0.029354497679857622,-0.00960739165175995,0.0051660997437037465,0.013925645916156996,0.05971382318336008,0.0813723131198982,0.03293746810402719,0.08302658371697233,0.07964861789634889,0.00806623150014599,0.030506044194900814,-0.012118682500913015,0.05522439669647565,0.033417626388785704,0.07180733522531155,0.012972756116950217,0.023823061784292884,0.0003675969731504733,0.07888338166442724,0.12210277277596365,0.07425954788973521,0.11463843001828662,-0.00030456512099355775,-0.16026784286989998,0.05859242463314994,-0.029826354210604707,-0.05351308294817174,-0.03742007332108991,0.016079808547419788
Cataracts (1+ eyes),-0.056044062946364756,0.09865356361846335,0.06817895249413192,0.007387376476044066,0.13567129101604075,-0.14657694399071908,-0.03081712506702312,-0.10630655999191246,0.029337861905399984,0.025107696091366795,-0.0519286518166958,0.03297089640107082,0.032632674700466525,0.06263210101385717,-0.13162123969950418,0.14878370440497238,0.028985991374416212,0.004985501508595237,0.022517966300131063,-0.2783610361303838,0.020115619073555854,0.15905244055891393,0.01766151161975116,-0.02644535398018404,0.08563848798144799,0.07703004038731853,-0.088554320308759,-0.0013103311969844835,0.05274779015152624,0.1223008750213365,-0.1844845864746855,0.05405942621476977,-0.090990891253434,0.0832401290638794,-0.1701912803815579,0.05092994301200018,-0.2751791729245965,0.008247105947709468,-0.18754676218050692,0.010383023562179957,0.05557190501795911,0.04856467801701857,0.023513331188718945,0.10741082914779104,-0.003137081889664716,0.0037249433577529532,0.019180609525338215,0.009080184053180389,0.048693759263977045,-0.15451513825757104,0.0029700574118719375,0.04716519509384094,0.02236803389324388,0.036579681486753786,-0.023879691406503502,0.04429873023548306,-0.1271848158672116,-0.047882779176570245,-0.0792084524244035,-0.09758757080344373,-0.07411042534276119,-0.07583700508093778,-0.0053179752429169365,-0.028675037495756693,-8.552836854716169e-05,0.05330006652296043,0.06045906807458245,0.0658262813627716,0.11919644816538232,-0.06934658703584955,-0.10103763915594861,-0.0390286647914048,0.11926111851369536,0.1633172560137884,0.1530796330778205,1.0,0.07703776947341037,0.11259915834112386,0.11737618664613791,0.08386336295986124,-0.041757003091690205,0.05162821273491288,0.04606301433063516,0.15483703545273914,0.09525833261895611,0.12161214510458389,0.16692779726654747,0.16787665485960332,0.07100626187507804,0.05930306451546469,0.028439963785649443,0.09104318988137862,0.15947623798575206,0.13201957980695186,0.06403516730549053,0.028884299419200433,0.008931254197363426,0.09127296073613787,0.2414066693705612,0.13569218322851806,0.053949454603644184,0.023247629917867482,-0.1783541070689956,0.1649462274787698,-0.07878294889537027,-0.11042449749379257,-0.05529503052864296,-0.04399765685455701
Chronic pullmonary problems,0.044549740187795554,0.022460794338782442,0.02010067385417645,0.018024306599106737,0.0365644243676384,-0.03870904012978095,0.04464221481832539,-0.006872408362735287,-0.003026584003711755,0.042836739342062446,-0.02126786077317612,0.028524262640635994,0.021184949738233688,-0.006803828510916399,-0.03740909992199203,0.024079950139631195,0.056305621751332954,0.014016494134015449,-0.01992528111128314,-0.16382737887151128,-0.013923756960841291,0.05602952082675918,-0.017132198480047447,-0.001971925232797229,0.0471368711006792,0.00844163768547572,-0.06014637408062305,-0.018233170916580277,0.030077124934247138,0.03862043733269762,-0.11533792301843118,0.021081669569024786,-0.009053411108108174,0.005958760420655852,-0.10283882015332,0.03850855796342234,-0.15384327432954,0.017243882972389022,-0.10739699573205622,0.009343939053113603,0.014314361368721691,0.005783837602797779,0.030685036038563557,0.012456695861854251,-0.024116287970300694,0.014782181998156724,-0.008553194979468225,-0.00880145465630346,0.0005068604029641439,-0.006624908289284002,0.01097220347204883,-0.013552608759411423,0.023961906290550436,0.011597433399275665,-0.04650654836694343,-0.0018508857709002952,-0.02991474087608414,-0.010642088000826236,0.01759175806921455,0.017638156444746034,-0.03696125326303506,-0.011582339494342687,0.07630573752149064,-0.0011377804462232503,0.0250627684273871,-0.009610939396451258,0.0412349311850725,-0.020607224358881862,0.04893427678488873,-0.01298804261958808,-0.01801778799790207,-0.009310827098979313,0.012057764628493272,0.08160984102910905,0.034217677240978794,0.07703776947341037,1.0,0.027811734654701027,0.015017550155432368,-0.0015234181201022635,-0.005206177221056681,0.0090816136952739,0.003723655262769312,0.060543305710163066,0.037278226302640716,0.05137864140398547,0.07605155781273866,0.06220019144350367,0.019464021609247633,0.00819257390534105,0.0051327119863942795,0.03694486088916222,0.06731065578914239,0.061582617249726086,0.04919027898620745,0.011237515903433568,-0.026369914830405145,0.038667873585880745,0.10260249327451632,0.053981797813787945,0.02820628523107577,0.011541530571424555,-0.04637059387603762,0.027546573391759945,-0.030169993151963854,0.018608883635376765,0.005817400513569483,0.013414391156067356
Circulation problems,0.04135734799247659,0.05602659963383816,0.03870260456761004,0.062039519401426886,0.06380693250716722,-0.00359620665487742,0.054524545020016114,-0.02015248715460327,-0.003577993920917461,0.017538024331412543,-0.007848071839364361,0.046259001814491205,0.01951878714930192,0.053536576108485424,-0.04394242840996412,0.0492423896358163,-0.020256096352262012,0.012456309376665484,0.00617411446034014,-0.10155937172863405,0.04010201393795315,0.08169795954330372,0.014305851727060712,-0.03899639214789552,0.05296915202013875,0.06008199777484239,-0.030767081723842144,-0.01925432843924757,0.03950373082049818,0.10248896174910141,-0.044228987450957644,0.054196657239647485,-0.05141789755370511,0.045468189763405255,-0.08669508334154495,0.013460112634649109,-0.09066498282265205,0.03384373025335491,-0.06373083981794056,0.01760997848433314,0.025651437462850896,0.031183559330317835,0.043560322933100803,0.05944721607726409,0.03932413252884713,0.0110073600695662,0.040601330705029186,0.019216311347900243,0.07016151610551837,-0.11995157858451468,0.017811163473336243,0.02197359447717483,0.04365252541784192,0.053127855581679664,0.021003074522430963,0.00890583096223806,-0.12143329228073453,-0.04772104559829754,-0.05214777861359916,-0.04855254396836649,-0.06314993871868034,-0.0467663480078973,-0.02883672981574328,-0.038113180785368024,0.06535084631231969,0.032350930713566234,0.012150842184494502,-0.016248780730473603,0.07726074355085612,-0.020406005482988033,-0.03655627283754361,-0.01626651240844272,0.024338197093393188,0.06580575784804907,0.07651894639268646,0.11259915834112386,0.027811734654701027,1.0,0.050368255680889824,0.039548501592911615,-0.011264324487691999,0.02421677460246081,0.03159911259044692,0.0673211911292176,0.06364180150037127,0.0619896847772793,0.09462442225790003,0.07048584910767075,0.014072755433130663,0.0349800860151288,0.051955444706173706,0.04373780167397765,0.0700235855538281,0.07944212646812955,0.05327592080307073,0.014300930487606675,-0.004437398499030788,0.06882414076128916,0.13947456762590413,0.07027959828959363,-0.028898286973734682,0.02562982544583186,-0.05151021098972191,0.10259050245555465,-0.06626266707906671,-0.058421271355191706,-0.009853972437539245,-0.034552281813940294
Diabetic retinopathy (1+),0.029017209747891567,0.0956881107026686,0.06003839865457488,0.04650908928354747,0.10165743114678097,-0.031706872567764194,0.0507105271853815,-0.024655705323269043,-0.004421487578073003,-0.002074109793553341,-0.0491245772778401,0.02864031768083639,0.05086340505238631,0.018842305423505536,-0.06667684427711534,0.04986640341592598,-0.04095571108619351,0.024582624057958278,0.0004978749774397868,-0.03261997926338777,0.010063739429459163,0.08123544035602889,-0.024523407858167093,-0.015644706871326384,0.04186440908503272,0.08102530960392343,-0.03716593915664393,-0.019106793961483876,0.010307462231312558,0.11255932544906572,0.0015832860554776192,0.046982239793454936,-0.08380796310849443,0.06586187152381107,-0.07235197737088593,0.01473037661892042,-0.019271612928390153,0.01093587305882722,-0.09290398791058564,0.028651638294858835,0.04423053487349575,0.02759014279060675,0.04461836732478309,0.11730214264124157,0.05030878314199363,-0.00763297631698691,0.029928017994823013,0.06071382935358158,0.026256191617304046,-0.13530363038595786,0.01583639025406277,0.03292940879413712,0.03059650888223856,0.013334553968218385,0.01091238796361818,0.049001954273321914,-0.1427959414330713,-0.0990161131899205,-0.07510281878608123,-0.09335399549046869,-0.0473727410929748,-0.06553679516355822,-0.059737320418392484,-0.05661961150093336,0.06257274736146728,0.03163620293207468,0.044944354430397515,-0.005396174437605987,0.07569985254916686,-0.02561448150284064,-0.039517576731764856,-0.024444482603214922,0.038614773172112093,0.03339915107492535,0.08963990321711489,0.11737618664613791,0.015017550155432368,0.050368255680889824,1.0,0.015049991012704314,-0.013621272790573622,-0.002510102357631604,-0.002969429195293977,0.052263628791450745,0.11754263887864991,0.06486501469325828,0.09739575455909566,0.1159727504208035,0.0265580169182074,0.0410879582987136,0.03143496322409359,0.039430687672756745,0.054637293245141966,0.10773058291422898,0.0428932473382973,0.04290177507999031,0.01977013912803598,0.05059373873304238,0.1308205117360411,0.03976762881390611,0.036462243294085414,0.03823254816191476,-0.11459553000592278,0.13355505897990652,-0.07105635938203803,-0.09090665243930182,-0.050019382109879655,-0.04419466510573683
Digestive problems,-0.012019735125198492,0.042847776300221706,0.0289368581669835,0.006431470021737355,0.03207470950494913,-0.03273046194683721,0.0033699205663051414,-0.03618001047727143,-0.01928819823711506,0.0009554517542808349,-0.01455854200780596,0.012527706928004909,0.03796008267719097,0.004666486561952841,-0.01617117585859522,0.018027378417664126,0.038822161837541,0.027669227161109814,0.007226994216646873,-0.17228491769683163,0.017551544185178944,0.043846952446311295,0.026770728915505186,-0.02360694897217927,0.012275548437306159,0.011505896786361663,-0.04006358883725069,0.0032430606663271726,0.05660738109336768,0.015915379107207202,-0.1225682867213606,-0.02526194178442437,0.019913238380087742,0.01774239763201273,-0.039864451696248,-0.0001324486775428226,-0.15525283110389587,0.03876281837290049,-0.02889327879954735,-0.0029842682610094723,0.04450155560640181,0.03981789485524732,0.011409585753243506,-0.0024126276914569586,0.0077274638821610555,-0.0044843837296897095,-0.020028874922737437,-0.010770394846077261,0.027060170040838428,-0.0023313181698520675,0.01473537998671054,0.00645328947918403,0.010797605341385371,-0.013051505044842602,-0.010645626630175549,0.02463298489427708,-0.00867546030921844,0.030193086168977836,0.012285168667300884,0.0023276195051041755,-0.05621080332277263,-0.017809220309100263,0.04447576022412086,0.02586962380208526,-0.007437663128508567,-0.00560541908949841,-0.00036126929460239413,0.005459744096293815,0.005081722700920375,0.012923406127358247,0.02528617105368879,-0.021617489475032402,0.0075226460155064815,0.10677186442795257,0.029354497679857622,0.08386336295986124,-0.0015234181201022635,0.039548501592911615,0.015049991012704314,1.0,-0.013671285428159086,0.039918113966727294,0.01564544894047472,0.04881610283919689,0.006334753675646663,0.023732154570963355,0.029026608029113228,0.037611121018968637,0.03778518755283728,0.024746284316896194,-0.00019857730792106565,0.014864278412374891,0.05980995376936687,0.05094105737722942,0.044152452836033314,0.0063660410073578,-0.002419697844012762,0.02146061506729665,0.030184386181753384,0.07028248181893851,-0.0990052695815524,0.010797577099189831,0.052239158671677575,0.05269212295897885,-0.000535318744621058,-0.010277231131704489,-0.017927604031095893,0.012397556076980063
Marijuana user,-0.020588671775161983,-0.03145566899765555,0.006048636077995734,-0.03663716099126563,-0.03802919881731595,0.03935241225696928,-0.03159564413170206,0.016001785343390938,0.015921572988756686,0.010702555544018326,0.03577321331497126,-0.022249789464165812,-8.59478148278476e-05,0.0013898381210461312,0.06806339579600093,-0.046546932304569556,0.028313135415586187,0.0029594109759082097,0.011256780097539396,0.023040330483616964,0.0066960890349742975,-0.020653167303990014,0.006078007285934692,0.009055913319147443,0.014953410754752648,-0.02015224441622794,0.02928879775208569,0.01257973489761468,0.004163649852613392,-0.009858990914563465,0.004707911990048828,-0.03023653791961459,0.04815822708693634,0.012360304094250086,0.09164142726362644,-0.0042944559788702565,0.02372156903131994,-0.02252942961559011,0.1009189862819219,0.017481707055068196,-0.018781711543383338,0.00029896726179952035,-0.004835121190189648,-0.023518493091661076,0.013169178969153659,0.01972110416058825,-0.02284502954330444,-0.005792308746671217,-0.007624363208796606,0.02670771801126858,0.00814692998412653,0.0003773277753118076,-0.00910278956890873,0.004139075009200967,0.02124495710813526,0.008463453584309995,0.04222635198559999,0.011384641222246592,0.012530234624581008,0.020399057111466716,0.013078171002266476,0.0034579595123385392,-0.013622208275149705,0.015476488565151948,-0.03865773938870504,-0.0023615449647260375,-0.017477709382530297,0.028820757694718178,-0.03138750112714829,0.0013826210354477677,0.029847512553095954,0.020455106092111586,-0.027845052289483446,-0.04952880546772772,-0.00960739165175995,-0.041757003091690205,-0.005206177221056681,-0.011264324487691999,-0.013621272790573622,-0.013671285428159086,1.0,0.025502608605924848,0.0033126687840151774,-0.01095882763061947,-0.03028997427954427,-0.043668898069287324,-0.05534150896586599,-0.013331151470106776,0.007688875112301068,-0.013236389807777145,0.0008649576960206074,-0.02696668596210319,-0.015548903974660291,-0.024235164138008067,-0.029023989636751974,-0.017281048790388935,-0.007476473192605583,-0.03528598456519624,-0.08011647515722034,-0.011169371654888478,-0.019954891214208695,0.0036733901705109035,0.04875586823140774,-0.04459520916919056,0.05062258877303021,0.018589736282221377,0.03033370507659806,0.009312026001250476
Dry eye (1+),-0.007316838584643979,0.03945187914905367,0.009930707926864473,-0.008221505135987532,0.0323977501944663,-0.0279456113083651,0.005145652321431756,-0.0162141250931131,0.02392070530513751,0.01316080211961471,0.0004818608588886809,0.03953057009377502,0.023652423331612753,0.0005417319599134111,-0.021633818067922826,0.04775966622412736,0.03617154440274542,-0.0035515435640665464,0.017051870647530366,-0.11351792385972664,0.016673623570776404,0.03982696052772234,0.03185161586702889,-0.02143850000810186,0.024550091941709123,0.002361311171134011,-0.02770089873682391,-0.010939531452693165,0.018536297003547645,0.023050944446854075,-0.10014585816369247,0.025501551767665814,0.02661575860299443,0.009283324699120254,-0.022461540591495945,0.011316481543786951,-0.13171098987889043,0.013607551032728404,-0.03129724717839233,0.0005090416048323281,0.03531725091270044,-0.008569466375350799,-0.012316693098313155,0.0031868972186772254,-0.020696705165241774,0.015011614378126491,-0.017087760007931295,-0.02544192667815704,-0.026632938113584546,0.005098672450220307,0.009105141790896292,-0.032833871211598115,-0.0053425514357975,-0.017652193263785147,-0.018784603105885662,0.0010908151404327763,0.012730443700091236,0.027622221216498134,0.029231934988348744,0.007027012799153483,-0.04246901282508956,-0.05515915455501268,0.02411552791243524,-0.003892484442940034,-0.007813487551928297,-0.02027363007637747,-0.02488287626904122,-0.004504375403430031,-0.01567032884437351,0.007487617351725068,0.008390868019525504,-0.011927599968538987,0.03699030690128411,0.05957407953850347,0.0051660997437037465,0.05162821273491288,0.0090816136952739,0.02421677460246081,-0.002510102357631604,0.039918113966727294,0.025502608605924848,1.0,0.006264330207375615,0.032955605740989505,0.03247827025006636,0.028318345207770917,-0.001585973573376336,0.03612957682301393,0.011485614219841058,0.01579005298969794,-0.010283217582330298,0.023190848196649416,0.0676545564636959,0.0167291910030756,0.029827492106512407,0.00545173693732204,-0.017459748733011614,-0.00829034582883196,0.018655785016215124,0.05526019055002268,-0.08131397088286908,-0.0030767590749320294,0.07678653005466451,-0.00018482985381613508,0.0015666777620875144,0.0007648328758813673,-0.0206424302697444,0.03897237444128986
Glaucoma (1+),0.02286109357076696,0.014055759717469826,0.0206184468513473,0.01024160773517952,0.028118711333517225,0.030411119274157343,0.025923718855803284,-0.00453350688677282,-0.000717644423016904,0.015500067604970288,-0.008845691570086437,0.012885018306588268,0.044512884496003546,0.01137175240601425,0.01201145254406271,-0.0012252658527407388,-0.014273214358901946,0.0009947624855122879,0.03345586619771945,-0.0554355885902966,0.008195409488137542,0.033417320694341904,0.021040902230759773,0.0017751553018986116,0.04442974880094341,0.06316574580221457,-0.008966185114172874,-0.015270977568104614,0.00858343060286581,0.05890285446698761,0.02208714547944201,0.012122003200574317,-0.0049006353019434385,0.026506070792543187,-0.022707276019534962,-0.010735338502709977,-0.03182459903993372,0.0031835292767805677,-0.009629533117526094,0.029488237873029056,0.02553071393325425,-0.002805586991588631,0.015747547312371747,0.036674754173130146,0.005000867374136238,0.01837263931571948,0.03756552083225866,0.05450456693369834,0.02311508069842023,-0.02830683496864648,0.005099820062561779,0.01295021236352657,0.02913091070674807,-0.01246616999036809,0.011700222819547357,0.014400510758695525,-0.04944546563441669,-0.018266623980958713,-0.0059731662774895255,-0.014319386679452015,-0.02706637325863969,-0.028782843340125954,0.013140666910872534,-0.028938271241641337,0.041495292940783426,0.021865200216222565,0.008887759238807792,-0.0003551169240441001,0.01733419194046625,-0.002719537186289746,-0.013162163104021497,-0.006562757716161973,0.024402050951680264,0.004237104034490399,0.013925645916156996,0.04606301433063516,0.003723655262769312,0.03159911259044692,-0.002969429195293977,0.01564544894047472,0.0033126687840151774,0.006264330207375615,1.0,0.0006757295607362519,0.07462171168021839,0.030309620001711442,0.036200535494422835,0.036677977023715606,0.010004840997160765,0.010840164911104889,-0.010563088225285202,0.01630360383873796,0.013549926839612043,0.033465310855047614,0.009642775284709556,0.015569961933175763,-0.008152666699325517,0.015611145650499817,0.05911462984060248,0.038169081454295435,-0.017694825353531743,0.029893673971000654,-0.006312480101578555,0.030371880992862674,-0.02389261989634294,-0.01446435090890075,-0.02068008247571108,-0.01097572482843248
Hearing impairment,-0.09168216331492503,0.049865265554142627,0.028514067799078585,-0.03877983472399552,0.046430274288636025,-0.09122770970801634,-0.06979143907670289,-0.07340143357004425,0.04117881811113255,0.012586063579883011,-0.003620911269918658,0.021499112825912634,0.04488053422784576,0.004281226969162376,-0.06089460673467888,0.05903441072616409,0.012424099183157424,-0.004821559424951073,0.02642250249895369,-0.11908683316149735,0.03804067086764141,0.09776660977712824,0.023425812853846952,-0.00936114105966617,0.05434149509997977,0.02374046011024856,-0.05998459023240236,0.009743709972872208,0.001046645846568074,0.08423057985183151,-0.10466369694238088,0.051777246457582006,-0.043991243592159605,0.004468865593737631,-0.088611251188969,0.045846682177006874,-0.1359305204506902,0.00018267719069284112,-0.11135740946379992,0.01348121011255154,0.02542290889439232,0.002498770397472821,0.028389446856603974,0.06287171505340577,-0.006168647419722914,0.008562631491605554,0.026359884275087876,0.015925090062532024,0.038085805710732556,-0.0452637777723873,0.01814531574194599,0.031129709761773226,0.02626641998098951,0.027319554466797645,0.005210052756761138,0.017225129221340185,-0.08078189224149747,-0.02610336414306994,-0.0461085188004931,-0.029788456113187655,-0.039730072147083496,-0.048591448789619504,0.0011383172924434267,-0.0007317131900685555,-0.038513613531401036,0.06502358798323703,0.04667546500653423,0.08622810472644708,0.05040501444705258,-0.04800005181648205,-0.05602477039862915,-0.02828997602207636,0.08623435881472952,0.09428153754109513,0.05971382318336008,0.15483703545273914,0.060543305710163066,0.0673211911292176,0.052263628791450745,0.04881610283919689,-0.01095882763061947,0.032955605740989505,0.0006757295607362519,1.0,0.04571483891682611,0.06954288757952662,0.09626697605190318,0.08938608609245019,0.046998543830423886,0.026690737281827148,-0.0013347819756874047,0.03440187187177786,0.07331761486860913,0.06761456188214128,0.04778132632485623,0.027954345410349933,-0.006576493374536909,0.06181354499886593,0.12806254500048384,0.08564149555269346,0.06088397369342459,-0.0020446704763610658,-0.09831846221034335,0.05878555754541742,-0.01932743616365211,-0.002764002741475237,-0.03908260557299992,-0.02845178181552706
Heart attack,-0.006526950542636888,0.06486399005875056,0.04415143990744386,0.03797229734168498,0.08782595214022025,-0.006679190037238728,0.014003374023211076,-0.02949405904305884,-0.003261582362008709,0.02754479941040174,-0.03520640837680498,-0.006802681759961777,0.023053480981286772,-0.0005314671316294542,-0.04841338118757477,0.05458973436310363,-0.016723303565734104,0.043619236595559226,-0.006133279089075909,-0.0576045266199232,0.016822911189965775,0.11408096805758779,0.016401601121635145,0.006662009665301087,0.05618789077395216,0.05433138699605129,-0.049917129766457805,-0.02455251299428368,0.03838234520476636,0.08957377370892945,-0.016680235441794904,0.07247532153746677,-0.04056165793236446,0.044081198444939976,-0.08492320486864173,-0.00016918849881998016,-0.05250729194468092,0.012878657430247053,-0.0972176418626224,0.027171583210233528,0.055209341391495824,0.04652256038503458,0.012331474787196995,0.08999990174098521,0.010182329069774088,0.0065909233420268,0.03914933716009749,0.02619229070349456,0.028010256636738628,-0.09940418333047085,0.0014959344712160885,0.026845391451903327,0.05141653931190317,0.03337346782683875,0.01681420376976822,0.03341065587055254,-0.10194868185788884,-0.07632342670161377,-0.07303355155033234,-0.05437667616639074,-0.06439167995626387,-0.0257630615506109,-0.040903012307060074,-0.06701667309891784,0.05778488223114714,0.03571524194293503,0.07067331248149739,0.028219640874110188,0.09628945471299055,-0.019264414081710528,-0.05226766409566592,0.0072701161307617175,0.04621509740035876,0.06514333931150557,0.0813723131198982,0.09525833261895611,0.037278226302640716,0.06364180150037127,0.11754263887864991,0.006334753675646663,-0.03028997427954427,0.03247827025006636,0.07462171168021839,0.04571483891682611,1.0,0.02810249026726415,0.10002617056371449,0.09733049068948617,0.03105162977530093,0.02619600124262733,-0.0012251773237146948,0.05792322682651425,0.02037368693358385,0.049617877786864426,0.0288197442392382,0.0032387446206690223,0.016086278954646968,0.06743666388695015,0.1201926827611577,0.06385359941161775,0.08420463222554826,0.013391480677396799,-0.12281880196533297,0.09298079374540925,-0.06063229313936507,-0.04980443481720882,-0.038481375085858686,-0.03146480056003926
High blood cholesterol,0.1260781374605325,0.07426065301144241,0.05685891921404697,0.15364723958764026,0.09790364360416982,-0.036065933727654396,0.14940121307402746,-0.03306236833727531,-0.03219305999641921,0.0576078347733882,-0.04865628770219171,0.020409530633617272,0.022523975823930044,0.007231697895666601,-0.11036702555976555,0.08187936593164294,-0.03019769089750699,0.011242278106970987,-0.008647506872970999,-0.13761836694362548,0.01719282812098075,0.08803980827317837,-0.012028599102628252,-0.05075180902133709,0.08279098589347912,0.07244110594317513,-0.03371737475327284,-0.01964057183146149,0.04321977206247884,0.07361956533518045,-0.07056179949605489,0.05710215672284993,-0.05970123757797959,0.028391177980452844,-0.11510934497531826,0.018178609216394807,-0.12022231841411996,0.011283310959671436,-0.12337179364501848,0.0003338824833251054,0.032534685419801194,0.024886016861611997,0.033156028362715285,0.05666685860458505,0.028414440436566477,-0.03274636810652016,0.03560051562888058,0.030700218220757455,0.013970278395062366,-0.1207836297365024,0.002607229376639419,0.031311003806992595,0.052922792750424774,0.06943559734783986,0.0005085319632321045,0.027206898400900927,-0.12722171447158404,-0.03666741046226271,-0.03675167486808091,-0.056871359810239816,-0.05443040639047023,-0.05013209562219381,-0.0055062415595421585,-0.06970777709341255,0.15302083441177458,0.02882190051956306,0.02698835230162723,-0.0840196151477616,0.06621115837189025,0.0009803569336051825,-0.04937806694625242,-0.023135499277336404,0.04577268305069658,0.08840142060486277,0.03293746810402719,0.12161214510458389,0.05137864140398547,0.0619896847772793,0.06486501469325828,0.023732154570963355,-0.043668898069287324,0.028318345207770917,0.030309620001711442,0.06954288757952662,0.02810249026726415,1.0,0.11257312165590473,0.10152125276669305,-0.004960708439099466,0.03527909095075235,0.019682779147313142,0.08801137501813153,0.055958082132383034,0.06967857157546334,0.020081833104556777,0.024703456574439182,0.011535437764192621,0.07113691865230815,0.1694662578400837,0.06819219743027201,-0.007919358171657797,0.03556741771391652,-0.050959567352621145,0.12632494486646126,-0.07442990465858729,-0.04860469620043737,-0.04445937157359304,-0.04015678303919948
High blood pressure,0.021536868657510227,0.07581565704314738,0.07722319148017377,0.05670437827565996,0.13862936109581067,-0.09321572936659424,0.06122769180834169,-0.055656288635332285,-0.00900856250203636,0.035325535264290206,-0.07398362050969758,0.047334144899088784,0.02674282070902959,0.024077196133288816,-0.13408865963564479,0.14942600507303327,-0.049196247279285246,-0.013084064657360778,0.009303533215558551,-0.12820932143480343,0.03161660182231193,0.13035037564213944,-0.005165774321913913,-0.02056963462123864,0.07070506567120571,0.07036814033147377,-0.06950189564396059,-0.028865457662216248,0.017978955828790298,0.12952906612788895,-0.04573248150905202,0.06597403982811864,-0.15079771518338345,0.038963495699354596,-0.2579415425202932,0.05894624564349497,-0.09919840916914668,6.771750207947728e-05,-0.2714548309388956,0.008693159429122344,0.03949492034586142,-0.0009013651713802804,-0.008439238598814956,0.08748328745806684,0.03710634419038932,0.016590274070818804,0.05070603608013796,-0.002997439486306668,0.04386941587994608,-0.16198795692152604,-0.0021581723358917774,0.017413786221488353,0.060664603704199654,0.06914011831324322,-0.03864801002328519,0.033191914457507236,-0.14918986309362642,-0.07016158507535399,-0.04795718817774277,-0.10240974358664548,-0.047590539629082114,-0.027724556365260458,-0.05222980024568706,-0.07955464525673371,0.08827783942632894,0.03676662858580745,0.07805317197125952,-0.013830266405157414,0.15299363200957108,-0.0287532725782666,-0.09606368901047732,-0.0099827105389649,0.07550503925053284,0.0984531231214317,0.08302658371697233,0.16692779726654747,0.07605155781273866,0.09462442225790003,0.09739575455909566,0.029026608029113228,-0.05534150896586599,-0.001585973573376336,0.036200535494422835,0.09626697605190318,0.10002617056371449,0.11257312165590473,1.0,0.12208426821303585,0.034731923157253104,0.05211184069671069,0.0356699070305601,0.10245024903440374,0.09565675084047372,0.1308598982747976,0.034207822387420574,0.05113615068945953,0.009100785155821547,0.11907628210202452,0.25058364312019676,0.060524239242261954,0.11430211460898144,0.011217737760536906,-0.14747496950786204,0.119417537639109,-0.11036602610155327,-0.08169306120203987,-0.06134801020834813,-0.06525154811219545
Kidney problems,0.03829000653183038,0.07058050144835357,0.03129510067398423,0.07131446138853047,0.114366785227801,-0.05054337904107281,0.06411265598245562,-0.038375067957191845,-0.028837263139320946,0.018415816584790832,-0.05418260453233134,0.044678839419632986,0.019651468869336938,0.014534238610103962,-0.09176631405822519,0.09064147384181667,-0.02527711085054959,0.001457821561015156,0.005167498685948984,-0.14161369272412533,0.016908644635938483,0.08631296246884822,-0.0057696759673129885,-0.01813178097562566,0.04096735036218554,0.08442926954337769,-0.05383964152815787,-0.016790205305008413,0.07139288150980698,0.10405260547761194,-0.08633480249072455,0.06465443002215347,-0.0752163864236853,0.08111428965079852,-0.09895898418852694,0.012010293512884428,-0.1280089629243859,0.04377456340074249,-0.12203857382008321,0.015990266622687387,0.03990795088132016,0.04481351014741013,0.03512131722399905,0.09683376296866196,0.037365708860140075,0.019194286923292433,0.061020753850381144,0.045373738995604984,0.028720889397615565,-0.15877835214705538,-0.002270422580708362,0.03166550470138166,0.034059032653528554,0.054272185555306426,0.007766867789203076,0.008305218745556994,-0.14606601766590938,-0.07909907904943039,-0.048509350107016826,-0.08710285517605318,-0.054567432475460496,-0.05439028193786469,-0.03208544821144932,-0.07643233583461215,0.0708499506461455,0.009468328675665695,0.04298811325584112,-0.02082508786629848,0.10166552326341156,-0.03620250876346316,-0.06573306228806687,-0.015354053950446143,0.05533731503344343,0.10744401532302192,0.07964861789634889,0.16787665485960332,0.06220019144350367,0.07048584910767075,0.1159727504208035,0.037611121018968637,-0.013331151470106776,0.03612957682301393,0.036677977023715606,0.08938608609245019,0.09733049068948617,0.10152125276669305,0.12208426821303585,1.0,0.03125478507833921,0.015995560314923163,0.01686871155662429,0.051202362647986124,0.11801976064011964,0.12024385772454113,0.04471258482367612,0.018910695447000192,0.011027734187621003,0.11228019174980655,0.20215801820779533,0.11363449824480032,0.028349783598898604,0.04318513927262586,-0.1347362236971281,0.16714696530170867,-0.09303383061397834,-0.05893387688727257,-0.0349883117366479,-0.04002906912386563
Low blood pressure,-0.038932591908612445,0.024537910291021238,0.016982304763278767,-0.017971581094111042,0.028241699205355998,-0.030546762390023418,-0.032354884454961645,-0.05152932491392241,0.010723214228300013,-0.015082734694756036,-0.021813871387716035,0.003187671112900296,-0.0026389951090185727,-0.001480596381084388,-0.02063003598707713,0.025528065121638126,0.00842882119059369,0.029670828110806624,0.002651009027663647,-0.0796261845877635,0.02596390284781842,0.04349685456419269,0.0212080050933091,0.0031703440842845965,0.012092019388755763,0.026419741801011705,-0.02011344606171922,-0.019889351188062697,0.010608382769302416,0.020273514912160555,-0.07473086468157707,0.0014046406602402528,-0.008874778792854397,0.021835861854005215,-0.047563687509238735,0.02779533555293213,-0.08452488232100859,0.02017049632670957,-0.038504897440441097,0.01219475993182272,0.021684240545219294,0.011464614357416997,0.0067839474606181385,0.017041226932728238,-0.014611811644449088,-0.0060339816522252815,0.013875726871255979,0.0018107712242823664,0.023654458938617198,-0.012919602482146042,-0.01363883303725463,0.005658847373575938,-0.010573094767458456,0.018522020839144972,0.010528013185493236,0.02897141609573353,-0.042689098078655105,-0.01035037291296855,-0.02477453902936513,-0.00015606783021004022,-0.017779905080468682,0.015071065014628482,0.0034235911289271794,0.011824464369713412,-0.024167867708288344,0.02203287391862964,0.032921938582191536,0.022506062138513097,0.015254600884325868,-0.004577971560190559,-0.023143715150967095,-0.010752211534631498,-0.004388289790771773,0.04647781967539017,0.00806623150014599,0.07100626187507804,0.019464021609247633,0.014072755433130663,0.0265580169182074,0.03778518755283728,0.007688875112301068,0.011485614219841058,0.010004840997160765,0.046998543830423886,0.03105162977530093,-0.004960708439099466,0.034731923157253104,0.03125478507833921,1.0,0.015326646345703895,0.010418779811191067,0.016256055622539966,0.019404171308471968,0.054078700928841615,0.016561740788029817,0.0009801024336719068,-0.01488767091013508,0.028971188295139918,0.03570640523702816,0.05965328638101156,0.026417854693670233,-0.01594016844672865,-0.03597410819838145,-0.008710323066515415,-0.011981356091887463,-0.004725990577039584,-0.031055586953502846,-0.012599235455782933
Mild cognitive impairmen,-0.006640038321268107,0.028447065499378588,0.03128541947495475,-0.009580855694540091,0.0262523210015161,-0.020487249213678213,-0.008252434537335351,-0.014656504900906956,-0.02491921689007526,-0.01858741240836115,0.00990205508794651,0.009998039937830553,0.06038759978883053,-0.0015823397102510625,-0.020206709033743678,0.016673974896792294,-0.019082018620649583,-0.007725655102554945,0.013097005786010408,-0.032974761978539796,0.02581163055143847,0.020483218600081197,-0.00317000354928085,0.004245549321230906,0.042091173712310394,0.011849486374387527,-0.0042968069234606745,0.023897836599132666,0.010838857500022538,0.03516050286250858,-0.020624639612451874,0.045139259871426064,-0.038329053205544396,0.05717298518977163,-0.04140162062534203,0.04847522713632962,-0.020152379812441834,-0.0014052926174291478,-0.030339133243011344,0.0187580856312871,0.013030983969720973,0.026264696858926413,0.03210019254016317,0.03937880218587273,0.012967895921838836,0.02712423301457695,0.025429863035734464,0.03817379291521048,0.006196055359817327,-0.04738406229089647,-0.0025491279579871774,-0.008969365789367948,0.02042638481203316,0.029832500722397525,-0.0031663341909470943,0.022909275969386064,-0.04299435096000909,-0.020442126106526032,-0.06193781540380267,-0.022156494306639338,-0.028659395406273592,-0.007427072587830674,-0.010621910027968052,-0.014461139033877645,0.0037220788659722945,0.010532820928915162,0.022100310670743136,0.014447800772335161,0.02296177701922459,-0.014294323715550557,-0.049357132330457985,0.010288216335175761,0.0330874496025768,0.0187746313596373,0.030506044194900814,0.05930306451546469,0.00819257390534105,0.0349800860151288,0.0410879582987136,0.024746284316896194,-0.013236389807777145,0.01579005298969794,0.010840164911104889,0.026690737281827148,0.02619600124262733,0.03527909095075235,0.05211184069671069,0.015995560314923163,0.015326646345703895,1.0,0.02207925728951307,0.016180729786404474,0.02477038541959852,0.033896915774255534,0.020741584706989655,-0.015245256070979797,-0.011242404951143804,0.048516261719822325,0.048349429136578186,0.031018497961506505,0.013539864969502642,-0.007372246639257805,-0.04096017817401726,0.04166946445797475,-0.024459594438200265,-0.04414557267386216,-0.00884277953016551,-0.023207898346643524
Multiple sclerosis,0.0025560813828790652,0.015747095548757334,0.0020718543704667516,0.021145335965254263,0.01254987993478767,-0.003074309138224718,0.010199147562507772,0.008416392720417078,-0.0231469165853362,-0.0009222910057656207,-0.009907776937119117,0.008789491236864726,0.005571021529050488,0.029246629369497477,-0.029918203630583368,0.02304413409455371,-0.023691069547303302,0.0351120115057541,0.010178105884233873,0.0008911472247215615,0.02127058381953834,-0.01692040792961794,-0.030257364937947284,-0.008637506095709699,0.03313528985651581,0.0308436759206217,-0.016790084413259333,-0.0228352409911772,-0.0072852233079051575,0.004540861492098262,0.007711977247444167,0.02392717514354542,-0.0340112745906651,-0.018995639022504163,-0.02668054782897933,0.016482975993291477,0.011039995045287767,-0.006638556280106404,-0.031285105511309856,0.022311083082363493,-0.008676827220339096,0.007449975398473234,-0.009109417045564403,0.041839762419482486,0.00985038754270908,0.006450704165140633,0.006530883842558982,0.009459497010092806,0.02288289404972336,-0.022911193291898606,0.015551118423515684,0.007162268935482724,0.016049000202817795,0.013386422491446809,-0.0012212153873744943,0.027536329143446957,-0.012442417966688683,-0.011624269383285845,0.003717254558313226,-0.013742534463621564,-0.007693095208231978,0.003110039372548631,-0.002480257246790348,0.0035432283198940577,0.029021549743406445,0.025604848138808582,0.020475809592149605,-0.013018245126309856,0.005600793528320886,0.0035171067538979778,0.0010234714171603624,-0.02266856695703922,0.06391025442302223,0.01860717396146996,-0.012118682500913015,0.028439963785649443,0.0051327119863942795,0.051955444706173706,0.03143496322409359,-0.00019857730792106565,0.0008649576960206074,-0.010283217582330298,-0.010563088225285202,-0.0013347819756874047,-0.0012251773237146948,0.019682779147313142,0.0356699070305601,0.01686871155662429,0.010418779811191067,0.02207925728951307,1.0,0.028002976079025257,0.0019641900988925914,0.03508938247293477,-0.01940993896852872,-0.005293567730241861,-0.0039036689041236686,0.021861901026392884,0.025144279619497632,-0.003997868300808461,-0.019128618148050405,-0.006460857480449027,-0.006034801010009238,-0.0014769747851512622,-0.012084574471785089,0.010917805938444448,-0.0012781996896502764,0.009911249430009272
Obesity,0.10802988544001216,0.04595255389042663,0.06965138454072899,0.1270991524631645,0.07325473258593149,-0.043595356923010434,0.1321298603890339,-0.02172980488411814,-0.05081353873550746,0.03359089044600017,-0.07170266478773381,0.04007425880233822,0.02208695580404455,0.016865988539554552,-0.13140294227284485,0.09071612918445746,-0.010650557250189785,0.004158464371797732,-0.03787227831939504,-0.16942785151152398,0.0015288522184832077,0.04251924305570461,-0.0030012363066485807,-0.013760587858301422,0.0703340061715848,0.047189823229356824,-0.04346397043314519,-0.006834182784043195,0.02027425846446006,0.05301266639407011,-0.08393502232500008,0.004701026725805602,-0.052178888339954065,0.0236064541920554,-0.1865404763103107,0.023863716454546734,-0.15218050612634065,-0.005590917145134266,-0.18201914165137198,-0.008824621718906042,0.04339040861545855,0.02713999223735435,0.006560627704789917,0.015337088415654654,-0.02571292449953076,-0.0073266180495486,-0.022466583249186135,-0.01572223165719222,0.002564283992930333,-0.05087891335328024,0.0012892741930525162,-0.018891831867808354,0.006258227919398989,0.026990879746284068,-0.07040435282638369,-0.004885279297635136,-0.05721427372736717,-0.0021976276758926432,-0.004207489182284703,-0.039122194820706745,0.005469908987121745,-0.02624700202546955,0.0536742174474637,-0.05513613086191845,0.11943221790274146,0.005933388284900638,0.03746358282485797,-0.07955095331342305,0.06116459022722789,0.006329049598193206,-0.025632843052785525,0.01034980818334542,0.039351678087206646,0.07017368095110356,0.05522439669647565,0.09104318988137862,0.03694486088916222,0.04373780167397765,0.039430687672756745,0.014864278412374891,-0.02696668596210319,0.023190848196649416,0.01630360383873796,0.03440187187177786,0.05792322682651425,0.08801137501813153,0.10245024903440374,0.051202362647986124,0.016256055622539966,0.016180729786404474,0.028002976079025257,1.0,0.04804376939233409,0.05366304198581945,0.007489677073278433,0.022936720714282877,0.011353359373774807,0.05608459801113812,0.18320778573640248,0.033279380870260715,-0.005537445755867527,0.02498917088973978,-0.016302110809873753,0.056350275418420984,-0.07555288115545994,-0.04097487917148136,-0.04232209540824074,-0.013972382792855162
Osteoporosis,0.027738601606772707,0.07715823050148315,0.02849037532350574,0.04947489960280414,0.12869766547137534,-0.04613099920601627,0.05054763326761799,-0.028292950322392794,0.029492854722359848,-0.012258377178422852,-0.03777133748583298,0.022681818906880088,0.043924555718631415,0.012782296911269296,-0.09685077702877387,0.06493940972076016,-0.0015322033542439289,0.012291608702974915,0.03423074470103802,-0.22257723743137428,0.02614213439935662,0.0682341729229913,0.013115769756433266,-0.046077324789794254,0.07556054804187319,0.06350795924956694,-0.04788861741618829,-0.007847907874439187,0.052831602811325214,0.047555855349889,-0.11739684314433357,0.05421907303671784,-0.06049691200626426,0.03178112651393252,-0.08385541444831812,0.04250338501602882,-0.20191814359714505,0.033039356318650404,-0.07957326461502051,0.017170370466088148,0.0556438867818211,0.03166827041476592,0.04777646013828471,0.054934984230764504,0.014436907481568995,0.014204244879206176,0.007253707905307112,0.021806319298372533,0.039766198501154024,-0.05825767070557994,0.017556091081347692,0.010913178632762557,0.01771470507306908,0.029891279959709492,-0.03544615999169334,0.015994469397668586,-0.08002096342240803,-0.0015554436683644366,-0.03546885131728622,-0.032960056180388886,-0.07460280468445574,-0.03890188321741293,0.021671997713003818,-0.033999381333838896,0.0518609891571779,-0.006119308740962753,-0.018972004728585363,-0.020934473714881833,0.05035739853682615,0.012873446594205142,-0.04684490400183631,-0.02639521341274691,0.04849315603981407,0.12767942923259584,0.033417626388785704,0.15947623798575206,0.06731065578914239,0.0700235855538281,0.054637293245141966,0.05980995376936687,-0.015548903974660291,0.0676545564636959,0.013549926839612043,0.07331761486860913,0.02037368693358385,0.055958082132383034,0.09565675084047372,0.11801976064011964,0.019404171308471968,0.02477038541959852,0.0019641900988925914,0.04804376939233409,1.0,0.0824210680244192,0.05939693172931121,0.011829162157815504,0.015884320022566633,0.0465980519148218,0.13578215184448647,0.10310668900094656,-0.1097185051472144,0.014981850743690036,0.018386210462090144,0.16451866461056688,-0.05390756794785823,-0.039551267754360304,-0.04070006581548473,-0.008017945425297886
Other heart issues (pacemaker),-0.024297718431169176,0.09294711914603396,0.058858424731038715,0.012361964741859922,0.12650973185082276,-0.06389962444088028,-0.0030842984043634794,-0.0445928805983863,-0.012182348176797154,0.01342479508116838,-0.033138786707821714,0.03001832037648413,0.036769172002497526,0.015155449885628352,-0.062351180879545845,0.07969797413338019,-0.03541312307086465,0.029013408761684695,-0.010492599656237145,-0.0962664536140027,0.029174335981040904,0.09420294169633665,0.011661758787891862,-0.03324844963741487,0.06384253069647457,0.05760402045173998,-0.04149007560595462,-0.026720640274472574,0.049253067924541774,0.08784319575637008,-0.03629940318302237,0.061708321166212936,-0.07325215170023709,0.08276308430408041,-0.12464584190714707,0.0066548089868486895,-0.06811081573742855,0.045639881547146766,-0.12992374092401338,0.018964772567153447,0.022428698233789422,0.02430778080778297,0.05297163029623655,0.11257494303460182,-4.737340786136312e-05,0.007145745049400112,0.054064515413642406,0.020852373697018197,0.0584816951606188,-0.1521590814069066,0.022168490579158942,0.037919315713655144,0.03487652178295319,0.06541430643482894,0.022821105208029432,-0.002291537408017934,-0.09870486443060875,-0.06769075803739642,-0.07381842167188617,-0.0975355901770007,-0.07521443540566466,-0.044008124783889095,-0.041169732829306346,-0.05629679394538647,0.037156577636248994,0.0032287065600687683,0.03003886518418077,0.015978546249162975,0.0965348061908758,-0.015292167633320341,-0.06396865517072989,-0.01815212672054086,0.03872771234823274,0.08915183109297017,0.07180733522531155,0.13201957980695186,0.061582617249726086,0.07944212646812955,0.10773058291422898,0.05094105737722942,-0.024235164138008067,0.0167291910030756,0.033465310855047614,0.06761456188214128,0.049617877786864426,0.06967857157546334,0.1308598982747976,0.12024385772454113,0.054078700928841615,0.033896915774255534,0.03508938247293477,0.05366304198581945,0.0824210680244192,1.0,0.06252566130495674,0.025165380880308293,0.02046828953997779,0.0595193354459444,0.18067019961322175,0.07188925491288826,0.0025258603552964754,0.021809701769638163,-0.10080535036100531,0.11236294016369329,-0.08097594981642955,-0.07630127871793496,-0.04360062671304262,-0.07099175401750125
Other neurological conditions,-0.028873773377210758,0.04335040810656965,-0.0003369231283853189,0.00344070162348958,0.05632193743784521,-0.03754861944015847,-0.01243272351386689,-0.01631904097278288,0.01497830333704837,-0.003834850783609913,0.010414727069998249,-0.0008951444387368725,0.011881798365834832,0.00396814628190989,-0.03525713440988754,0.024745668645188994,0.05228224925700595,0.013800090820334489,0.025428138349381808,-0.09695333683803152,0.02709097301243736,0.04942306512534805,0.009545064915024562,0.001399911214626067,0.04614632262234522,0.06847607780361195,-0.027492381872419966,-0.001672771310130516,0.003360733485424807,0.054062605764142194,-0.05782372135114092,0.02484314419989744,-0.015881341046903665,0.008335777834116022,-0.027651624141938103,0.0046900071301043695,-0.09947569010354815,0.019258433336206283,-0.0266245417507649,0.03796488101921923,0.06974153937107717,0.026827530344253624,0.02310082626363677,0.05525613783335078,0.03814269748893851,0.0186579407255785,0.058488611311626554,0.006530961190965659,0.02832311301014589,-0.042657283308103165,0.017064602076157405,0.037777689367572545,0.022285950333575298,0.011728156928080926,0.01068242382974259,0.025690889087863152,-0.04062224306218023,0.00825719114433642,0.003432212238235854,-0.007576771934224301,-0.06245917221091131,-0.04684142106459437,0.006479005292608812,0.004973253675089592,-0.024390355422879262,0.01651691492702703,0.021132120254517793,0.0557357265819295,0.03329881076581918,0.0017202527283586987,-0.013719622223171753,0.0015031026782366093,0.021700036372325864,0.07342888743256912,0.012972756116950217,0.06403516730549053,0.04919027898620745,0.05327592080307073,0.0428932473382973,0.044152452836033314,-0.029023989636751974,0.029827492106512407,0.009642775284709556,0.04778132632485623,0.0288197442392382,0.020081833104556777,0.034207822387420574,0.04471258482367612,0.016561740788029817,0.020741584706989655,-0.01940993896852872,0.007489677073278433,0.05939693172931121,0.06252566130495674,1.0,0.0026467627490289053,0.006377712032873278,0.005031422603299015,0.06580555956360508,0.05940082973963331,-0.020539739772346088,0.02206657187627245,-0.02576812509401261,0.01850645746263386,-0.022208207320456474,-0.007923578317209605,-0.03257046636509872,-0.009392539676591339
Parkinson's disease,0.0009089589420269232,0.002204703228049678,0.013497601277983674,0.001785173136689128,0.031749145964772234,-9.256060587898088e-05,0.009522170683628912,-0.002124336735973119,0.04381283904297867,0.017841174316411707,-0.013252202627983834,0.018708883498043262,-0.004043285351359836,0.006008164215459351,-0.011244483206856414,0.004262393003624239,-0.031970234390073286,0.02727140743847439,-0.007366405558111585,-0.0032193002970060396,-0.007461382510368478,0.0025660415544347046,-0.0019529270972313928,-0.005945045105886335,-0.00602270240730586,0.0444335780454271,-0.017368424684317166,-0.013914320608262557,0.015105061676391666,0.020060993479388174,0.015384033477971437,-0.004667093715786245,-0.029318055550791214,0.03250053907458072,-0.020159086179893194,0.016177825951518086,-0.0025456155391634988,-0.0034466521915897806,-0.018430570656652562,0.010312051616635426,-0.01610244005743455,-0.0015675316949439928,0.0073250961702785375,0.03015281350040099,0.013157412791666318,-0.0042127736415158825,-0.0005686711231241601,0.012176141150806593,0.01499953315603939,-0.03382991256668761,0.00022383091499066692,0.017793532551438177,0.01331572751956004,0.025515033357572835,0.026302740431327427,0.025059787141616878,-0.012235281332887036,-0.03134368777341968,-0.026606278910896883,-0.03146382890805451,0.011359568737652332,-0.016944511141874008,-0.01037149477543479,-0.032998202689173486,0.019246950343350274,0.02043031975643375,-0.0031153455117494794,-0.006062639079574216,0.04356249476397489,-0.022149734167877307,-0.012114061580160701,0.009323871248391225,0.04486910275014984,-0.0008821781888121694,0.023823061784292884,0.028884299419200433,0.011237515903433568,0.014300930487606675,0.04290177507999031,0.0063660410073578,-0.017281048790388935,0.00545173693732204,0.015569961933175763,0.027954345410349933,0.0032387446206690223,0.024703456574439182,0.05113615068945953,0.018910695447000192,0.0009801024336719068,-0.015245256070979797,-0.005293567730241861,0.022936720714282877,0.011829162157815504,0.025165380880308293,0.0026467627490289053,1.0,-0.004899415602454277,0.020111432075225304,0.037364421657407866,0.011279533252783837,0.04865790482035537,-0.008108891077188178,-0.053410228227376184,0.034609691832862034,-0.024847790776079515,-0.011351617868759099,0.0053076165621080435,-0.013810714365953321
Retinal vascular occlusion,0.013847416831523364,0.013365046178276807,0.009666140296501861,0.017542760342891133,0.005886048337745944,0.0025182672224847618,0.01250009613456409,0.011090040413530419,0.005181400666189098,-0.004317232901830748,-0.014718375414187376,-0.011292626620512777,-0.009097957553560783,-0.0054955478542938856,-0.02415087348656971,0.010143893119543852,-0.024495693567813084,0.041898682836819405,0.0032818508796424147,-0.004428038213515564,0.023091419320525226,0.028082481637360285,0.01741685324755229,-0.00032482070111909526,0.01476340445125553,0.03137978487622455,0.007842721141707093,0.004150409434039519,0.008648057616474508,0.07512945632071227,0.02630849784846869,0.0017933491992156915,0.002863816088150038,0.019648417020829295,0.0033290783177543195,0.017216591691238677,-0.004520418712876069,0.011422608330231081,0.015396364918496499,0.0021951180642750907,0.02754886868888253,-0.027879941137788317,0.00447130882723259,0.023880752326473673,0.003536438757323111,0.016838883541357905,0.03727275348080247,0.03005257725219772,0.009931608925420821,-0.05450222895160063,0.01659285362113733,0.01720615559166287,0.01212730845172973,-0.0010725142293050128,0.02307452414804922,0.012293427724068402,-0.017686217206771496,0.0037396788237343864,-0.012096602277940495,-0.03170810302437661,-0.028726809739338742,-0.028036891661849694,-0.008529952719294636,-0.02599926753264035,0.001275358441754495,0.0039741219263785665,-0.005240836681634353,0.007445821403626043,0.038566393855271795,-0.0010763725455597136,-0.03658543888628117,-0.00993163257742612,0.020925148740122034,0.0018025048621802802,0.0003675969731504733,0.008931254197363426,-0.026369914830405145,-0.004437398499030788,0.01977013912803598,-0.002419697844012762,-0.007476473192605583,-0.017459748733011614,-0.008152666699325517,-0.006576493374536909,0.016086278954646968,0.011535437764192621,0.009100785155821547,0.011027734187621003,-0.01488767091013508,-0.011242404951143804,-0.0039036689041236686,0.011353359373774807,0.015884320022566633,0.02046828953997779,0.006377712032873278,-0.004899415602454277,1.0,0.026177604543110928,0.021309572873628977,0.00905589237075303,-0.018667481065805975,-0.005979790484989037,0.00818539450316169,0.039936153233229264,-0.020245671170498594,-0.0034441681356484743,0.012833876384485913,-0.010937324896297725
Stroke,0.0009736189454632462,0.06953738013008401,0.04074776432607026,0.0061614650107186635,0.07758454968714917,-0.033848526788789024,-0.01226886293788302,-0.038270961431121964,-0.005279565806619363,0.008567321374709077,-0.035663201415163916,0.008927842881852823,-0.0068465326695185775,0.001395224629295012,-0.06827544499190921,0.0741541945997757,-0.022909755787840748,0.006398786309080181,7.097926157003474e-05,-0.0696094271912542,0.03101122311630311,0.08793890164840883,0.0008080632357223434,-0.01082127637074412,0.02270933265589554,0.07030786624038055,-0.054264379560686055,-0.01573582733181625,0.003787965836486994,0.09553326370233262,-0.016567816555420292,0.06524418045868662,-0.08696709302562163,0.0321453461248193,-0.09796687869359323,-0.01664181942876983,-0.057713123678169206,0.010556646139556414,-0.09328980498969888,0.017719611726509946,0.022192503784003018,0.009182989280618628,0.03191524887323498,0.07048182872202453,0.026464203480188023,0.024864373924706952,0.027815813037847588,-0.013791993396560868,0.023266403319473418,-0.11153135161586582,0.04506503389060249,0.020417692592729395,0.003556469606894235,0.05052482213320673,0.002230184058924332,0.01063502269529852,-0.12702161818989524,-0.06978226214387218,-0.0662674156116109,-0.08414368252089173,-0.059197765831953505,-0.04181652891962103,-0.02908394436675823,-0.045627679756171026,0.05483955920212574,0.008919241092987824,0.0937084107045521,0.019510358881444666,0.05653860243173661,-0.02501811827312194,-0.0612892454583144,-0.02750381572076974,0.07132153203924435,0.04572882333692294,0.07888338166442724,0.09127296073613787,0.038667873585880745,0.06882414076128916,0.05059373873304238,0.02146061506729665,-0.03528598456519624,-0.00829034582883196,0.015611145650499817,0.06181354499886593,0.06743666388695015,0.07113691865230815,0.11907628210202452,0.11228019174980655,0.028971188295139918,0.048516261719822325,0.021861901026392884,0.05608459801113812,0.0465980519148218,0.0595193354459444,0.005031422603299015,0.020111432075225304,0.026177604543110928,1.0,0.1428116611906661,0.026889417435403806,0.08826730545928756,0.01662556477191715,-0.13174309724456332,0.07270404505125738,-0.036488714982894424,-0.0512148231553594,-0.03468580964588589,-0.04910364696310108
Type 2 Diabetes,0.1722036207785719,0.1683933091213397,0.12476438910397787,0.21618312139197038,0.1878134391896483,-0.06078680136038157,0.21738163551849013,-0.03958482034516133,-0.05504846141599656,0.046723801330908935,-0.14607754062514125,0.07220305986891448,0.05369296427127344,0.056288316217472156,-0.19284219620208895,0.1743370475357687,-0.1286932529219208,0.02776500097356012,-0.020640695448785586,-0.19636401662882513,0.06811417842147086,0.16126369158266096,-0.0414581735433563,-0.040898430762007276,0.10043881488312738,0.14513201085336316,-0.07355257950694656,-0.035908366000948155,0.036612732487134605,0.18740952428378652,-0.05629949070077115,0.12201340829510986,-0.19269283330480935,0.10090705108936225,-0.2708344115100562,0.015061760471894278,-0.13452977921341058,0.04825109306333202,-0.2952504738977306,0.04558954694423934,0.03625954018142542,0.05187211483967747,0.08232493169025593,0.18187441176534383,0.053591306360729535,0.007824508419863985,0.055885319641774844,0.06804794244082804,0.06426824885044301,-0.2912310439730831,0.0158307295900552,0.011989100699705916,0.09620398768480275,0.1315612137210975,-0.01796009669823147,0.02903616434444572,-0.2691459058145022,-0.13364741165394173,-0.09656269157867718,-0.20269061847655373,-0.1106821731152056,-0.10923755626136888,-0.08356933048264802,-0.15815519028035177,0.24512758310901073,0.04199356974650022,0.08333493337289319,-0.10555633152944745,0.2224750495885348,-0.06715573150063205,-0.13793612946475398,-0.0729170636275845,0.12628326250181218,0.14284488178006657,0.12210277277596365,0.2414066693705612,0.10260249327451632,0.13947456762590413,0.1308205117360411,0.030184386181753384,-0.08011647515722034,0.018655785016215124,0.05911462984060248,0.12806254500048384,0.1201926827611577,0.1694662578400837,0.25058364312019676,0.20215801820779533,0.03570640523702816,0.048349429136578186,0.025144279619497632,0.18320778573640248,0.13578215184448647,0.18067019961322175,0.06580555956360508,0.037364421657407866,0.021309572873628977,0.1428116611906661,1.0,0.1155287758036184,0.06649094680559571,0.05939746099573885,-0.20952520193620122,0.2547047787843201,-0.20384319534411494,-0.14401380503884784,-0.10971823435985145,-0.08504816501355199
Urinary problems,-0.017382768233608275,0.042059468059063326,0.03863138875633154,0.0312347291332616,0.07008585263020767,-0.056937234330197636,-0.00843992377315346,-0.05197580008576817,0.0020078500477284764,0.050553066102753945,-0.04139793012459081,0.03688861066349293,0.04283608830238751,0.02320381560230671,-0.05786045088513971,0.06650700668795952,0.03465936897992023,0.008210872846144194,0.029811111038070128,-0.19406081328617844,0.028005815486540055,0.07503877549302802,0.015389668289064863,-0.035885563884842896,0.054559637822380984,0.07408007669811835,-0.06369569261895706,-0.0004528260089557607,0.02851926681093659,0.07586426624347815,-0.148017415204282,0.03150463776966569,0.006437600736446305,0.03994970759163551,-0.10208648069787025,0.03411884039830561,-0.2064283350009973,0.032341021457733404,-0.09154993604200254,-0.00719969808691033,0.07262658731045674,0.0531952363199462,0.045123875402818495,0.053484284646117854,0.0009938080903908696,0.01971422585655348,0.012091063162232175,0.01287411506934849,0.04501182812109914,-0.06283041423342645,0.02395314804525157,0.00017246098683777918,0.012128769213652787,0.012706313354123512,-0.029442201684788935,0.012752284787166984,-0.053761962645066476,-0.018814700022468978,-0.0065763373401351985,-0.020766495055186636,-0.06964876692066806,-0.055965490756255225,0.012430343773360617,0.018069217379475068,0.002103384242239592,0.031391604566906456,0.030896377691797983,0.01561211467955062,0.04510944315278335,-0.047462694816941486,-0.032645279570913996,-0.015927943945374536,0.027059860308517647,0.11929107697783412,0.07425954788973521,0.13569218322851806,0.053981797813787945,0.07027959828959363,0.03976762881390611,0.07028248181893851,-0.011169371654888478,0.05526019055002268,0.038169081454295435,0.08564149555269346,0.06385359941161775,0.06819219743027201,0.060524239242261954,0.11363449824480032,0.05965328638101156,0.031018497961506505,-0.003997868300808461,0.033279380870260715,0.10310668900094656,0.07188925491288826,0.05940082973963331,0.011279533252783837,0.00905589237075303,0.026889417435403806,0.1155287758036184,1.0,-0.022278199089680123,0.0366487870717182,-0.04740914942238574,0.08292463509313915,-0.02740334820431058,-0.034441693345241546,-0.009417599044830782,-0.005367810773293553
ABNORMAL,-0.19237171533949274,-0.024462012960496788,0.03299731914873714,-0.1475834179494636,-0.03653357252217923,-0.0378689627805914,-0.17343318886349698,-0.03274935225724802,0.052145805177118476,-0.009589975554691212,-0.003686607150095945,-6.509206763154357e-05,-0.12724046510321624,0.01656745261389983,-0.029645814424682827,0.07260954173112645,0.07505338759853968,-0.0414940271631241,-0.014028027031354718,0.049867792105204055,-0.03470594181147448,0.05997617926266381,-0.002428741780660121,0.08224130877214103,-0.00860102991491785,-0.06383047050652803,-0.06982229609026805,0.00034312533345138863,-0.07424817968649311,0.03237084966123682,-0.04543954202372873,-0.0259063685770328,-0.007055432498094086,-0.09943828402362576,-0.07466086809022887,0.03743536994538674,-0.0020425465081586693,-0.08491450261901569,-0.10344729732186547,-0.0074822925288913,-0.12590459530994097,-0.0781890233833049,-0.039089024841348054,-0.019501006798670284,-0.04600978154330777,0.02699099676587011,-0.016104025837051422,-0.06445423616759896,-0.02785477710626459,0.01985810860866278,-0.03734960175463642,-0.0066765667815854475,-0.054764254445724886,0.026741250378056827,-0.030189265287745078,0.02202464437210612,0.019009434748118358,-0.08968905839905385,-0.12082352317067462,0.060583645262051206,0.07328006454850995,0.12141900440628567,-0.0003786557881815407,0.09565034025190317,-0.11624281400623855,0.10016110181519182,0.24258347597241478,0.18006367440607257,0.10670412299835008,-0.09091892044851729,-0.0916498215544072,0.06903567271450634,0.03483829328272732,-0.07674019259668649,0.11463843001828662,0.053949454603644184,0.02820628523107577,-0.028898286973734682,0.036462243294085414,-0.0990052695815524,-0.019954891214208695,-0.08131397088286908,-0.017694825353531743,0.06088397369342459,0.08420463222554826,-0.007919358171657797,0.11430211460898144,0.028349783598898604,0.026417854693670233,0.013539864969502642,-0.019128618148050405,-0.005537445755867527,-0.1097185051472144,0.0025258603552964754,-0.020539739772346088,0.04865790482035537,-0.018667481065805975,0.08826730545928756,0.06649094680559571,-0.022278199089680123,1.0,-0.05389651098951652,-0.6740541849235958,-0.17689949680476366,0.036288200971644896,-0.021987109716441588,-0.07496641555907153,-0.027941732090150002
BORDERLINE,0.06650884685322166,0.008615060405382693,-0.0017113866070844735,0.07163051690100727,0.045203593632896395,0.034058961728410435,0.07513091401442158,-0.006772913264522406,-0.019326648687973493,0.029001322695362586,-0.03482330881815279,0.004988652384487334,0.06543960795057853,0.0019674422058522274,-0.044326085826878775,0.018976413853620634,-0.025623675419300728,-0.0022227402189254966,0.01424464007499144,-0.02159679524625989,0.04083547590546394,0.031480303358323504,-0.008302096320354231,-0.009764332185188187,0.04938423586002456,0.05700891860474151,0.0013344207614838538,-0.022853965977160162,0.009753964791914382,0.027251435614818027,-0.013280905747374188,0.03336443957659426,-0.02737360088198461,0.05071184403793581,-0.019544117680954057,0.014516027590571572,-0.020357401110769963,0.05104491110749674,-0.027815019538862906,0.05449994671359865,0.05627903558033678,0.0095754989417852,0.018654549944201345,0.0066598240988050145,-0.00671432604867498,-0.008310100846711865,0.016678048939888175,0.016106100698240675,0.031637207403243356,-0.08431201928677788,0.04315254708564334,-0.00010152880389775138,0.027422031660026124,0.00474344657028568,0.02018028831291958,0.05244985641491893,-0.0768423588984673,-0.03666783893306273,-0.01534461213942404,-0.04165588913516732,-0.05729441025084744,-0.04360587252701708,-0.027928958289930035,-0.04266203481637335,0.07809967418619376,-0.013103857289150908,0.01538229656809864,-0.0452412671019952,0.02472504794252313,-0.011060534329949622,0.005048857885556544,0.020895707180698546,0.019945543814149813,0.028503186243535213,-0.00030456512099355775,0.023247629917867482,0.011541530571424555,0.02562982544583186,0.03823254816191476,0.010797577099189831,0.0036733901705109035,-0.0030767590749320294,0.029893673971000654,-0.0020446704763610658,0.013391480677396799,0.03556741771391652,0.011217737760536906,0.04318513927262586,-0.01594016844672865,-0.007372246639257805,-0.006460857480449027,0.02498917088973978,0.014981850743690036,0.021809701769638163,0.02206657187627245,-0.008108891077188178,-0.005979790484989037,0.01662556477191715,0.05939746099573885,0.0366487870717182,-0.05389651098951652,1.0,0.014477702648286687,0.09413419816152062,-0.057073915003800935,-0.031328539876346886,0.0013561472223589286,0.0051131714587608216
NORMAL,0.07764234152129608,-0.0697207093787848,-0.06997687376908639,0.03209766392636691,-0.06128606577859709,0.028343086291122244,0.060275814226235465,0.035860734756082056,-0.049889059225223416,0.03282054646453514,0.06826187321352019,-0.028278648222616828,0.08468140941921008,-0.06485643736007463,0.08453097082967087,-0.10811952956564831,0.011104079491444745,-0.02125559163265076,-0.02449053611823552,0.00911359347530072,-0.02360936432077204,-0.10706076683182121,0.010589699257847135,-0.011417432125971794,-0.00898483365348149,-0.02411817388176143,0.023837348090559787,-0.03002540563960346,0.05721408594926677,-0.10853741489865695,0.04796627721567079,-0.08449774732341969,0.06962647529803528,-0.004948942205906577,0.08719418442579778,-0.01278179884974953,0.0379022825765714,0.03258657989826371,0.0940283907744463,-0.029836312447565294,0.0923067355223765,0.01882665158716211,0.003458420833051583,-0.10735766142735971,0.020519534921346262,-0.043102020947883346,-0.027939720100745222,-0.03982571788808741,-0.01117875793109183,0.13444786930524488,-0.000803325649204001,-0.0023823104169767386,-0.014054975452576864,-0.05971888324508574,0.019984990714451246,-0.07050488251668179,0.1241554218976535,0.15207064766925196,0.1629197590292088,0.06469475308955634,0.013816050487500358,-0.028007546933820442,0.06332829288256435,-0.02789981340240608,-0.015775991828045104,-0.08955209488604174,-0.20493219978478025,-0.11188850251563369,-0.21312381363733973,0.11434620940107436,0.12880744057543309,-0.019102926326642164,-0.07994119159932346,0.013492929575911463,-0.16026784286989998,-0.1783541070689956,-0.04637059387603762,-0.05151021098972191,-0.11459553000592278,0.052239158671677575,0.04875586823140774,0.07678653005466451,-0.006312480101578555,-0.09831846221034335,-0.12281880196533297,-0.050959567352621145,-0.14747496950786204,-0.1347362236971281,-0.03597410819838145,-0.04096017817401726,-0.006034801010009238,-0.016302110809873753,0.018386210462090144,-0.10080535036100531,-0.02576812509401261,-0.053410228227376184,0.00818539450316169,-0.13174309724456332,-0.20952520193620122,-0.04740914942238574,-0.6740541849235958,0.014477702648286687,1.0,-0.048018582899589435,0.05486027600424567,0.1141538751016457,0.07571209122243511,0.06414316437498906
OTHERWISE NORMAL,0.1909130295222444,0.13903477602502032,0.07394377984955844,0.2073004455602512,0.17798485834738312,-0.009842379294011147,0.1982192673224429,0.014927801099429028,-0.0308210018769086,0.017989145703199816,-0.09338163373651373,0.041321839476162796,0.08005580411840844,0.020023225223144245,-0.11476791096120241,0.07260459523496152,-0.12143121303148335,0.03242053567031681,0.014107236482419128,-0.10181350894274568,0.047851535605374224,0.10397977036913565,-0.02231961885316346,-0.06813117813013139,0.07463911412943935,0.13458411274259532,-0.001786151401389324,-0.016924581941596312,0.048815738012210605,0.13522240948097755,0.0007057530044790754,0.13782028614677147,-0.12143819198609078,0.1397646379886972,-0.0905972830165801,0.01218180903251311,-0.051251429697778114,0.06432255350713942,-0.10003172906776951,0.04809134372239234,0.0775346473544598,0.08185760341917316,0.06982854018718061,0.1641077784761756,0.05164827518182692,-0.015487385973630738,0.07012273988347907,0.09604392595220211,0.07189875428452125,-0.2582118458862934,0.04433720075533852,0.03467271003937685,0.08918664986254295,0.10212373550847186,0.0040078046985271105,0.035154386312736735,-0.19918815708964313,-0.055179988411648284,-0.054548512615830054,-0.20730881348826308,-0.1132962502845086,-0.11798980359264354,-0.09971335066217675,-0.17821971643003096,0.23406966949531302,-0.03339546971716593,-0.016143170885837776,-0.1476980225717685,0.14644915636366607,-0.01479006145767223,-0.07685418059553716,-0.03714664024472793,0.05760579023176591,0.11357642411473656,0.05859242463314994,0.1649462274787698,0.027546573391759945,0.10259050245555465,0.13355505897990652,0.05269212295897885,-0.04459520916919056,-0.00018482985381613508,0.030371880992862674,0.05878555754541742,0.09298079374540925,0.12632494486646126,0.119417537639109,0.16714696530170867,-0.008710323066515415,0.04166946445797475,-0.0014769747851512622,0.056350275418420984,0.16451866461056688,0.11236294016369329,0.01850645746263386,0.034609691832862034,0.039936153233229264,0.07270404505125738,0.2547047787843201,0.08292463509313915,-0.17689949680476366,0.09413419816152062,-0.048018582899589435,1.0,-0.18153804672952262,-0.1243896659207446,-0.05493278420311083,-0.054960366107302594
cube_visuospatial_executive_value,-0.15058602689200987,-0.08353572304551952,-0.056531398288292775,-0.15244492925188846,-0.12419460799729772,-0.03184865668781334,-0.17163281685430784,-0.014043032953926058,0.07208827850676054,-0.01014291676089546,0.05697415403344333,-0.03053643138494738,-0.06589814439003458,-0.015127407000727176,0.08479213129013324,-0.06661055344856213,0.12265959878128548,-0.02196108649359871,0.001397869124735426,-0.004004067165764429,-0.06410967563529882,-0.04768748456153397,0.03492342004412923,0.038682869462205165,-0.06543593450842801,-0.0606821538216485,-0.0007766612175374862,0.010547800153007698,-0.018420651905006,-0.10173607087182288,-0.0665862593111697,-0.11537052456294071,0.10750885852251751,-0.10029120520776225,0.10722127869292537,-0.028010166355151207,-0.05238496575155554,-0.030136146760916138,0.095146510882386,-0.010495506747267607,-0.05865352041331967,-0.059372794097513164,-0.05765665788952629,-0.1318490489557642,-0.05792309917118186,-0.005036573539936093,-0.05069769998463896,-0.04842441850431654,-0.04436765775798905,0.22535295852712048,-0.030057543394232552,-0.029909244792904407,-0.08743234978005661,-0.08048050861099787,-0.009806315601340067,-0.029089457913714277,0.19465374953347753,0.0988331664448907,0.06454190293034984,0.1326457451231672,0.06651237845283536,0.0746139755675064,0.07878511252180535,0.12690854180398528,-0.21135538736063103,0.02046108255096664,-0.015621857301050505,0.1395311563478802,-0.14868845613855852,0.0030423752633312903,0.050425189744586325,0.03633112181688277,-0.057490043359584526,-0.04674319247729417,-0.029826354210604707,-0.07878294889537027,-0.030169993151963854,-0.06626266707906671,-0.07105635938203803,-0.000535318744621058,0.05062258877303021,0.0015666777620875144,-0.02389261989634294,-0.01932743616365211,-0.06063229313936507,-0.07442990465858729,-0.11036602610155327,-0.09303383061397834,-0.011981356091887463,-0.024459594438200265,-0.012084574471785089,-0.07555288115545994,-0.05390756794785823,-0.08097594981642955,-0.022208207320456474,-0.024847790776079515,-0.020245671170498594,-0.036488714982894424,-0.20384319534411494,-0.02740334820431058,0.036288200971644896,-0.057073915003800935,0.05486027600424567,-0.18153804672952262,1.0,0.1229843122248987,0.04091090666286979,0.08594279283684458
fluency_language_value,-0.013230459537034717,-0.08119204758517938,-0.05093975481458076,-0.0429815967198469,-0.130101264321333,0.014996609772204595,-0.0280055715812454,0.014753938186802325,-0.01037454784977753,-0.010206281550784775,0.03323958655512634,-0.01365420336955957,-0.050008469865966555,-0.04984894369445767,0.058188794035944916,-0.02714662100207099,0.10210679461055315,-0.01379565126314083,-0.027958990030582352,-0.04508161406031761,-0.08051028050457347,-0.07860329409248751,0.030290886635024546,0.004056996385520501,-0.039478708999432136,-0.0707412467207347,-0.028377800494329607,-0.024591048690933228,0.001498225193813041,-0.08783595445656461,-0.09880611997799497,-0.07463872893753544,0.09135033749221359,-0.09737628417718322,0.06626846958133081,-0.018092835372277866,-0.09262359447045106,-0.019185669779844598,0.050915995107375045,-0.044602469207202865,-0.027223622382176828,-0.011978536197271879,-0.05359838731587543,-0.13137173490298,-0.0765270456322446,-0.025852057533261686,-0.10032002451910764,-0.0827230049554524,-0.029339032223835448,0.19291785308874584,-0.02545359752264257,-0.025768787477509582,-0.05249556725233782,-0.07248001279618593,-0.03342447267884911,-0.046588398919646064,0.15171062143553893,0.11288484115384514,0.10461619402796488,0.12898539330374115,0.04369919190210825,0.07143572507533016,0.10551428789480122,0.11688494691419128,-0.10265493078003995,-0.03291060968710665,-0.017812979374988228,0.021887915052030776,-0.11026566980935408,0.0446094516958973,0.08616870089142767,0.0648604255230492,-0.013066667301846373,-0.04508236156257597,-0.05351308294817174,-0.11042449749379257,0.018608883635376765,-0.058421271355191706,-0.09090665243930182,-0.010277231131704489,0.018589736282221377,0.0007648328758813673,-0.01446435090890075,-0.002764002741475237,-0.04980443481720882,-0.04860469620043737,-0.08169306120203987,-0.05893387688727257,-0.004725990577039584,-0.04414557267386216,0.010917805938444448,-0.04097487917148136,-0.039551267754360304,-0.07630127871793496,-0.007923578317209605,-0.011351617868759099,-0.0034441681356484743,-0.0512148231553594,-0.14401380503884784,-0.034441693345241546,-0.021987109716441588,-0.031328539876346886,0.1141538751016457,-0.1243896659207446,0.1229843122248987,1.0,0.030337334007099082,0.07812045120326123
lettera_value,0.002798687494512856,-0.04246254426283796,-0.01583840379824311,-0.014576593195553546,-0.05706476856900996,0.012530521497562851,0.0028466858620826915,0.005715964316341117,-0.015037895324077687,-0.013589158474736242,0.03174321070253626,-0.0017431461557608728,-0.008082300143003845,-0.03337107545013762,0.02511575578967929,-0.04121944085316743,0.014109086941132132,-0.0231482170707432,-0.0018305964051740643,0.018688030721627474,-0.018640341015058508,-0.08013459860943713,0.006150892583558355,-0.019802094199178197,-0.04287516520203295,-0.04120531296599015,0.02912984717356332,0.006953020860374617,-0.005935824501365578,-0.0732140742087827,-0.0037598223445648436,-0.025530433899137936,0.04046048035024824,-0.031122486049531266,0.07508398982084734,-0.007394491011779583,0.011583313918035534,0.012908482074388926,0.06632448997212734,-0.05388206965520461,0.0031557111677836033,-0.019605702493894244,0.013271893696494322,-0.0564614839607869,-0.004824059164811332,0.005249482829698214,-0.03294404220582485,-0.017683599160381595,-0.027351490039205683,0.10525600235251438,-0.007798201694594036,-0.03439457051975167,-0.031200208796290114,-0.044374335731284284,-0.010509944261985631,-0.01661107171108222,0.07086976824447183,0.042458574082784535,0.021503441372700126,0.05397431902357609,0.04710372404549968,0.014433379666076872,0.018562838273189892,0.02787220689201729,-0.01853555440647475,-0.04050959298428903,-0.056038293335054175,-0.017898828288176672,-0.09022450372331671,0.011845138033349634,0.05742220098589727,0.017764552702838915,-0.019282886217016296,-0.05015047654226298,-0.03742007332108991,-0.05529503052864296,0.005817400513569483,-0.009853972437539245,-0.050019382109879655,-0.017927604031095893,0.03033370507659806,-0.0206424302697444,-0.02068008247571108,-0.03908260557299992,-0.038481375085858686,-0.04445937157359304,-0.06134801020834813,-0.0349883117366479,-0.031055586953502846,-0.00884277953016551,-0.0012781996896502764,-0.04232209540824074,-0.04070006581548473,-0.04360062671304262,-0.03257046636509872,0.0053076165621080435,0.012833876384485913,-0.03468580964588589,-0.10971823435985145,-0.009417599044830782,-0.07496641555907153,0.0013561472223589286,0.07571209122243511,-0.05493278420311083,0.04091090666286979,0.030337334007099082,1.0,0.025357878172126275
trails_visuospatial_executive_value,-0.02330160585804795,-0.04090650415018649,-0.007035399322237646,-0.026770050967632013,-0.0811821167460078,-0.011123490403053085,-0.030216572252764085,-0.0024688956258337143,0.017648760609983397,-0.0034964781243004154,0.036315223007216055,0.010691014564638406,0.003217463485876134,-0.04591061413420393,0.017686388032105222,-0.0455036208738448,0.09726016340134966,-0.009750191880034358,-0.002023669978846043,-0.09680744321323387,-0.04087367158733792,-0.04500200443698835,0.018545933223182376,-0.015196465709718136,-0.0327367395641783,-0.02978206665956429,-0.036049690748091175,0.03873650450841137,-0.020003325651056458,-0.08190461544771574,-0.1349779505985694,-0.06743207400211905,0.07236494696564964,-0.061450327661073056,0.025211656258806045,-0.004252917195934505,-0.13888140535681204,-0.03281506399956173,0.05805141923514873,-0.013149107687227712,-0.014364749901278968,-0.041580526453406326,-0.02369549151635087,-0.08277159097485773,-0.09464695016351107,-0.006227223846946242,-0.061454196943982776,-0.044086685999997835,-0.04528722287935947,0.13747751809177874,0.007844281816130734,-0.06755187506385377,-0.05522400535445258,-0.05992217129855323,-0.041199736705614616,-0.01644720744233994,0.10139085648955047,0.10921950880724857,0.09638025364026247,0.08744569000823002,0.019379006868050854,0.042544862415622234,0.11653559312964801,0.11293339654679627,-0.07736617911362025,-0.01574816640728868,-0.011630067128436311,0.022999366092711068,-0.050217435972326877,0.008428817985738319,0.030504927407934267,0.007295110964832743,-0.013623317893125821,0.00606263992379041,0.016079808547419788,-0.04399765685455701,0.013414391156067356,-0.034552281813940294,-0.04419466510573683,0.012397556076980063,0.009312026001250476,0.03897237444128986,-0.01097572482843248,-0.02845178181552706,-0.03146480056003926,-0.04015678303919948,-0.06525154811219545,-0.04002906912386563,-0.012599235455782933,-0.023207898346643524,0.009911249430009272,-0.013972382792855162,-0.008017945425297886,-0.07099175401750125,-0.009392539676591339,-0.013810714365953321,-0.010937324896297725,-0.04910364696310108,-0.08504816501355199,-0.005367810773293553,-0.027941732090150002,0.0051131714587608216,0.06414316437498906,-0.054960366107302594,0.08594279283684458,0.07812045120326123,0.025357878172126275,1.0
