,heart_rate_mean,blood_glucose_mean,resp_rate_mean,stress_mean,blood_glucose_std,total_steps,resting_heart_rate,total_kcal,sleep_light_hrs,sleep_deep_hrs,sleep_rem_hrs,sleep_awake_hrs,act_generic_hrs,act_running_hrs,act_walking_hrs,act_sedentary_hrs,A/G Ratio_value,ALT (IU/L)_value (IU/L),AST (IU/L)_value (IU/L),Albumin (g/dL)_value (g/dL),Alkaline Phosphatase (IU/L)_value (IU/L),BUN (mg/dL)_value (mg/dL),BUN/Creatinine ratio_value,Bilirubin Total (mg/dL)_value (mg/dL),C-Peptide (ng/mL)_value (ng/mL),CRP - HS (mg/L)_value (mg/L),Calcium (mg/dL)_value (mg/dL),"Carbon Dioxide, Total (mEq/L)_value (mEq/L)",Chloride (mEq/L)_value (mEq/L),Creatinine (mg/dL)_value (md/dL),"Globulin, Total (g/dL)_value (g/dL)",Glucose (mg/dL)_value (mg/dL),HDL Cholesterol (mg/dL)_value (mg/dL),INSULIN (ng/mL)_value (ng/mL),LDL Cholesterol Calculation (mg/dL)_value (mg/dL),Potassium (mEq/L)_value (mEq/L),"Protein, Total (g/dL)_value (g/dL)",Sodium (mEq/L)_value (mEq/L),Total Cholesterol (mg/dL)_value (mg/dL),Triglycerides (mg/dL)_value (mg/dL),Urine Albumin (mg/dL)_value (mg/DL),Urine Creatinine (mg/dL)_value (mg/DL),clock_visuospatial_executive_time_value,delayed_recall_with_no_clue_time_value,digitspan_time_value,memory_trial1_time_value,memory_trial2_time_value,moca_abstraction_time_value,moca_orientation_time_value,moca_total_score_value,naming_time_value,repetition_time_value,subtraction_time_value,cube_visuospatial_executive_time_value,lettera_time_value,trails_visuospatial_executive_time_value,moca_combined_mis_score_value,memory_trial1_value,memory_trial2_value,moca_abstraction_value,moca_orientation_value,naming_value,repetition_value,subtraction_value,Rate,PR,QRSD,QT,QTc,P,QRS,T,Age-related macular degeneration,Arthritis,Cancer,Cataracts (1+ eyes),Chronic pullmonary problems,Circulation problems,Diabetic retinopathy (1+),Digestive problems,Marijuana user,Dry eye (1+),Glaucoma (1+),Hearing impairment,Heart attack,High blood cholesterol,High blood pressure,Kidney problems,Low blood pressure,Mild cognitive impairmen,Multiple sclerosis,Obesity,Osteoporosis,Other heart issues (pacemaker),Other neurological conditions,Parkinson's disease,Retinal vascular occlusion,Stroke,Type 2 Diabetes,Urinary problems,ABNORMAL,BORDERLINE,NORMAL,OTHERWISE NORMAL,cube_visuospatial_executive_value,fluency_language_value,lettera_value,trails_visuospatial_executive_value
heart_rate_mean,1.0,0.10463552888421077,0.044189498378002755,-0.05268366427670306,0.010337550211181636,-0.029004270009870266,-0.011452814526673542,0.09700142191393725,0.00028127502927306774,0.11615758270729018,-0.05282556428065525,0.07205765082537913,-0.026646813608388664,-0.04017882960868658,-0.0012388651852908742,-0.2075942554367443,-0.019463422664432507,-0.06123947873305502,0.017251244351458212,0.05523183487729262,0.24099441490130352,-0.08095397454954592,-0.033759497856198466,-0.10305926818039844,-0.044647427518880956,0.03095876764061058,0.003168849218314362,0.04064809017356481,0.003815150467093543,-0.04389773874892247,-0.07124252472024947,0.02737441885035941,-0.04996151844666519,0.10743677322748194,-0.020509788489750266,0.01721695940518044,-0.013899832517266536,-0.04290789496773088,-0.07551382174887748,0.0762509103131096,0.024510222956085983,-0.07591207243083015,0.03307104783190804,0.009155956736261371,-0.02579789606923737,-0.025447821532169474,-0.045792815831811745,0.0019808152971780126,0.06100463680212714,-0.053022073285738734,-0.04449657728376484,-0.07441439399996874,-0.00663228865486158,-0.014702922537660779,0.025754263815431087,0.02738795429666219,-0.023622440108982734,-0.004415702827618119,0.02663767503759479,-0.029717261389004185,-0.07044668189804326,0.05721463296411091,0.0699269650186148,-0.04273905195074318,0.01608658249639869,-0.06769760458817344,-0.02376816725513856,-0.050321339652692386,0.022245649705389274,0.01860102778275252,0.027886946245773224,0.061848835362740884,0.00269119208960333,-0.06271406278382953,0.025943547896110215,0.027055627612411474,-0.0389784063118477,-0.00534629386489118,-0.025954499495564037,-0.08028497280733322,-0.050220461735814195,-0.21045653231158787,-0.07959942265780426,-0.02385127197847172,0.025699252012833212,0.03771598599937017,0.03148895339356044,0.01908423591788637,0.026614532304711502,0.07524732641843612,0.004610974482903303,0.21437208501357172,-0.04766851142454535,0.038534867763945935,-0.09622374927416762,-0.01718908677899044,-0.015226159612836172,-0.12206047825451616,0.025134949202763417,-0.08885111257259633,-0.08749426899607117,-0.017681999106493467,0.07198973708500989,0.04322657526813324,0.019375795403792234,0.02463242926011119,0.028127840312200576,0.039793153637046386
blood_glucose_mean,0.10463552888421077,1.0,0.1304301947823099,0.055120097017322865,0.1104641538087375,0.03821134112765259,0.08701448687339787,0.027501629069023786,-0.14988485414102834,0.13006544454509825,-0.11301619191392231,0.020880664697765762,-0.05829422816580718,0.008803364559712737,0.03288851061734331,-0.09862502173423268,-0.08051268948711321,0.09270100764168572,0.03779700571913549,0.06204446000320745,0.049382723458342666,0.010843216778515574,0.04841986839771753,-0.07758786384269341,0.11720213288504902,0.14842411678089076,0.026628069193296754,-0.05584889892889927,0.026609771304690496,-0.04432138032933889,-0.03614984835606202,0.19743671136050675,-0.24045247006506407,0.09356944194632986,-0.039469322635830306,0.032914881947247426,0.0037979492972472374,-0.015976836401307322,-0.056153097435634604,0.1875438556316612,0.0582775750749384,-0.021921727971999625,0.06233803591550002,-0.08808204904216374,0.02860209719866065,0.017411938116684962,-0.019210679136604472,0.004877467518739275,0.07128504915563065,-0.053266989552496535,0.03072602919888746,-0.02878306264902215,-0.02713962360413113,-0.0022095754537876265,0.02828818819951386,0.027049929301001988,-0.07081660981386381,0.013592090558383601,-0.018581766988265178,-0.1015294510537136,-0.03374061726848488,0.014609904534091892,-0.025773861182252635,-0.06434684610285228,-0.020289342826604,0.04542281158544111,0.0012588397601433882,-0.055742006895996656,-0.006194914386875274,-0.03158971652962055,0.011483206805290682,0.028961391093447718,0.08635061367017756,0.027313121952489805,0.12163202486480384,0.14231860580715697,0.07206082280361502,0.06477699607597091,0.018796658716404055,0.08156786554874117,-0.03847315570956056,-0.16885725020215384,-0.07265869197483835,-0.0014868235743148123,0.07519899713239986,0.08356937435399195,0.21984296715324866,0.122690125572046,0.08418484518707582,0.0781218266506521,0.008001940136472267,-0.04313564118952665,0.05882301626440582,0.028868604874416205,0.08187866965714792,0.022245816407796267,-0.0033181504596148364,-0.06564869398809167,-0.016742546385717372,-0.12774267015820287,-0.2547931531235029,-0.016688591007844842,0.15405979449798515,0.19026027032703297,0.04937724760430861,-0.09909125910745697,-0.063809896248407,-0.02456857885356195
resp_rate_mean,0.044189498378002755,0.1304301947823099,1.0,-0.08288484653026619,0.07837080938611732,0.23100788282024481,0.054969019940672464,0.07700359228092829,0.08793772525324312,0.1660154209101325,-0.03247906073027218,0.0503988698478384,-0.01897979143361713,0.14276337893418062,-0.10660732289294636,-0.030359518130736632,-0.010230235146663283,-0.05562418724959165,0.01322047099004382,-0.016534078753417347,0.025674868500346462,0.17123853208062387,0.11339570534714222,0.021379840805649534,-0.03092847575409934,0.025118734508222242,-0.1232174350787883,-0.016809930735915773,0.028059531336387954,0.011106101203004107,-0.08257400788225898,0.056367680435274695,0.0028591977463248864,-0.06584767203814215,-0.012030133148814397,0.10855971840882134,-0.06455899087581898,0.0086400917428101,-0.0601264454061811,-0.006295375025700909,-0.012450651737621016,9.80363041655141e-05,-0.04262319064261314,-0.048442796628899054,-0.0021253454535886066,0.018012622214144625,0.030143370591386234,0.06029428235061556,-0.042060486891317826,0.008777148835311185,-0.03607960986774094,-0.03001642052878153,-0.035980591336279004,0.056386778408811615,-0.023810478205725003,-0.005462413935487665,-0.009851673935089936,-0.004777564484414377,0.05378921056143551,0.12862928811781976,0.025152479852841757,0.048957907170783965,0.045278734945190094,0.025762155259139868,0.05159427119036496,-0.09557995866548293,-0.014373977022581459,0.022865772417505374,-0.006041212449815033,-0.023023418261101835,0.004982110090725759,0.008258075538481308,0.036099561425944844,-0.0021798562259374888,0.06254165473751382,0.05848645361450844,0.04825463068117982,0.054631847469639505,0.029920198556570063,0.11980792673159475,0.03362371609374186,0.04396877844645715,0.06881114669376448,0.06264921461787552,0.00584530455608497,0.16467619967366845,0.2530995613916665,0.021515411382737656,0.06475316698494293,0.026371180369339543,0.009088091161184052,0.00820865114198325,0.06053773543750966,0.1009011528393527,0.07763518984384385,0.045061473179244575,0.018908171459665838,0.09684160506343922,0.03335066129706674,0.2168882881074374,-0.011922799676506432,-0.08935560402659407,0.12661527911019782,0.009058109498289477,0.05315679090584208,0.11188589138142405,0.0330961057010393,0.14066738677936358
stress_mean,-0.05268366427670306,0.055120097017322865,-0.08288484653026619,1.0,0.04885621847513251,-0.038979661990060324,-0.03287056725049168,-0.014329966185654292,-0.21471969167197438,-0.02500571978880806,-0.021319299097312363,0.020767642472849603,0.06471822495245491,-0.06936643181249542,0.04099889192265467,0.005990654587556118,-0.013920231523833173,0.020646894909311143,0.013387619580258607,-0.03842890713078146,-0.025526569840907128,-0.0019801350430965715,-0.025092204241614346,-0.08069677715270483,0.13504908210417207,0.05836581902576882,0.09288431631085911,-0.04491643385287739,-0.008845091638916662,-0.03000824115384261,0.08726235604711201,0.02660954273187731,-0.03675917143468045,0.0036344458580460496,0.0015238471138707672,-0.0633719478330976,0.05555807250568239,0.016175512064962295,-0.01840210877931756,0.022379041914326103,0.03110884665646622,0.010438166417255337,-0.0018312418916367995,0.023186921194770737,0.05400690428034749,0.015511313385812544,-0.009786851392287025,0.020370719722961513,0.07270036524960681,-0.028013060608908492,0.023079155900409567,0.018689260021306813,0.006793126520411336,-0.027444761515340227,0.028968945443394144,0.04808063140088662,-0.046360653002122644,0.0006149937873391803,-0.08769263547803471,-0.05483921025893807,-0.03571362224532238,-0.019921793852531573,-0.049089644064604726,-0.02893203844997697,-0.03339081222699195,0.06667460016421853,0.038027667519840644,-0.016828982967493595,-0.005249063419390648,-0.048495831460139666,0.054368268955087555,0.021851055101163933,0.07235300553133855,0.15781496532695646,0.0720498961718241,0.14633943199406807,0.016263545554152197,-0.0019481702506927543,0.03941508563455982,-0.0031805974872324443,-0.02066123420933996,-0.05115627477587304,0.005268990336534411,-0.014124118277718388,0.04406568223529845,-0.08457200491907098,0.0073342833081500155,0.042896962200722824,-0.018346508546455278,0.09623008284810258,0.011415900301513628,0.10860695310598222,0.028334434347239916,0.0023720100810243495,-0.019844395332304223,-0.015234967865472578,0.0023734764607600016,-0.048966771674026174,-0.04934499567410131,-0.07151782650123048,-0.06909548570798613,0.016247652596026545,-0.02775805887050269,0.06607675835596949,-0.024314849130704332,-0.1663348327631311,-0.12083087941297098,-0.28105543247902165
blood_glucose_std,0.010337550211181636,0.1104641538087375,0.07837080938611732,0.04885621847513251,1.0,0.020679375271398983,0.03641591702861015,0.05754985822810463,-0.10036233937652042,0.11152373967494152,-0.007326511961840122,-0.0330195386109767,-0.034203725809996643,0.026442672418868187,-0.027000038790599756,-0.09589885906717516,0.03036551830233847,0.044152048612247,0.048952937969342046,0.024052707133595762,0.08848263331437813,0.029924419893640846,0.017211713689571678,-0.010300231493812716,0.011645865902547273,0.04493236643165536,-0.037634957271592814,-0.016098221023671387,-0.0024028141366495394,-0.008712471645204082,0.005393307574878142,0.03543894030834848,-0.0438401281572894,0.10418220922598116,-0.051972392589024155,0.016758619422620556,-0.012464674099029705,-0.02065955285514095,0.059219844082148684,0.0038755489797637887,-0.03297503812944333,0.047550950168066014,0.05236807441483508,-0.037596383263470305,0.00744117082642205,0.042955421762596896,0.05029443384179508,0.06880575497322944,-0.02047582076883586,-0.06722624040635215,0.11974611847825528,0.05456714294090184,-0.012890585999452002,0.025030716256537328,0.08119624499019619,-0.019876644135630023,-0.015752969021212076,-0.06161061184522486,-0.05698116167969143,-0.009609693444826522,0.050022576646506695,-0.02159939150941557,-0.045354185735649616,-0.020232369107075664,-0.007637816544719002,0.04541386204328746,0.03018001150420266,-0.04374637894649749,-0.0009719470903019409,0.026942942959812567,0.051808063180841545,0.026208822899056513,0.10621951872453671,0.041446786900223125,0.16111975717198815,0.18559841305184244,0.11775955925724968,0.11023563955762113,0.0920519566910078,0.10784851555570804,0.025542085910325148,0.03449235285911446,0.0325773669781953,0.001209305823236023,0.010190959836867146,0.06451764596180234,0.0798456820765676,0.0068452716072762735,0.052620578619054524,0.10017705511108606,0.03885241234992534,0.018566148582569147,0.12845498101242667,0.06011977357966797,0.038295628378639444,0.018624300331204602,0.008016009737123856,0.026239994393991523,0.07351513295080153,-0.0016492818587697062,-0.008566192013876013,-0.025755173234573395,0.03971782896358051,-0.006823946021838558,0.032585609236689676,-0.0852555725344891,0.0357741061805155,0.07332621513021041
total_steps,-0.029004270009870266,0.03821134112765259,0.23100788282024481,-0.038979661990060324,0.020679375271398983,1.0,0.06414728221289878,0.02261392923487968,0.06056896668160006,0.072895898492304,0.03723517207025111,0.014947111070052614,-0.034215712747720985,0.07279269437649045,0.03346492275512647,-0.03771422616149706,-0.017784223545913788,-0.07981090049972465,-0.1435939802800026,-0.009655113743698054,-0.09130792951388483,0.057809664082280776,-0.008175127392049506,0.01724455644877716,-0.07701648417089746,-0.026680882297191014,-0.01999957936890459,-0.00562797894429748,-0.015678167013727675,0.019767804078890925,-0.03189308100286674,-0.012931129695529427,0.015834791199505715,-0.04017506684902527,-0.03334075967575735,0.06421482133823932,0.0011227857701074295,0.02244669966088369,-0.028668629622007613,-0.04952380012842416,0.013747554454045545,0.005270253096571209,-0.05308262053064232,-0.01974668076024727,-0.03943428792119089,-0.013957098314337607,0.022250499762424894,0.012686374351213484,-0.023384062604183565,-0.008641977547607952,-0.008497767137608263,-0.08709564246270471,-0.000978553405367277,-0.012825819584461155,0.0013562925882935363,-0.009269798129448465,0.01535400270804895,-0.04910497760925372,0.04578271138582143,0.04638582374640869,0.01956550344222586,0.06977702518152383,0.10924368386278063,0.049906614486857584,0.01984983529448441,-0.03002084164292486,0.013461769296077805,0.04420922171297254,-0.03008992553256497,-0.021814516100315602,-0.03626030864117278,-0.05557738714625549,-0.0005365414897501868,-0.11412336806170553,0.00408313407461394,-0.028231334817204756,0.004864424199511105,-0.033466564640452307,-0.01830011810797644,0.01588261566085062,0.002419682098877559,-0.10498860029934494,0.008125348672468218,0.03896412998597906,0.025277856863662615,0.012856299604341669,0.17569900397700328,0.037720976649508194,0.052484621722015436,-0.0364629565702452,0.009788593126122376,-0.08380943487791898,0.03375799174171716,0.022218938163847336,-0.038439236003796305,0.006446637402121258,-0.005286981206159342,-0.019853469744889482,0.019016951207974975,0.2152675043681974,-0.11572859454837167,-0.008223097354063874,0.13149755436633875,0.03160801695524288,0.007540990986463397,0.04783492096257928,0.09941572976420979,0.10613925465464846
resting_heart_rate,-0.011452814526673542,0.08701448687339787,0.054969019940672464,-0.03287056725049168,0.03641591702861015,0.06414728221289878,1.0,0.013362418082524126,0.009993438977882529,0.053082207321148114,-0.15076748016075353,0.0447457695434126,0.0022560943733295896,0.07233792992466849,-0.07619548417526563,-0.12746021934767898,0.08745318448456367,-0.06607170463524152,-0.08478681740066367,0.07318349868224494,-0.06444489363768983,-0.021039708128632168,0.00043624672130536136,-0.015469488714251602,0.010024292177744643,0.008139049478969922,-0.0632580103894282,0.01792559278135086,-0.03845328561633444,-0.005884280419386005,-0.12426673893567676,0.05008967379748628,-0.07112913712746753,0.011721655602441181,-0.03992246112082724,0.0444650127584663,0.03896913479255913,0.007905164732948923,-0.07546034232114034,0.0653336755188294,-0.059789614657379773,0.0497034402538567,-0.004050441714825114,-0.03497583643740883,0.01702741714431488,0.012175785800101747,0.006003358182133798,0.0031655368532391977,-0.03104759030657552,0.03242700374627266,-0.0011272994246762185,-0.05265409272098376,0.03313465095744539,0.017282490231814475,0.01950089490601899,0.034096251228949125,-0.04493099551485549,0.027764614215784373,-0.04932578198288373,0.00016030350269494447,-0.0013478489280239812,0.026764083165888717,-0.03039916192099968,-0.11212343435825374,0.13136366017575068,-0.012647336969429773,0.03665387774015268,0.023688984548319605,0.08896337870416494,0.00362587510935659,-0.08777622365005278,-0.12226000233524999,0.033151063932739325,-0.0003013581350850891,0.010927065298498758,0.056582575057735666,0.03335800305793518,0.05267882981300063,0.0018872934888307005,0.09223005514038886,0.018582015046318238,-0.0858917114028607,0.021727874149775995,0.07125323761424779,0.028154730063860857,0.21458378884549859,0.17725249817778346,-0.03618440019014635,0.017976671255118586,0.030929924602712204,-0.0007595600674515614,-0.005847362872100904,0.020446235705478086,0.05887179599150425,0.022744043595140866,0.013757427591594264,-0.02614675669543151,0.0074914517956941274,0.15130348697428175,0.06912738187833334,-0.0344863286251307,-0.14545145104130755,0.1863089197822699,-0.07530661571373534,0.16609215056718865,0.055293509418712174,-0.0057216386842461825,0.08405577435683087
total_kcal,0.09700142191393725,0.027501629069023786,0.07700359228092829,-0.014329966185654292,0.05754985822810463,0.02261392923487968,0.013362418082524126,1.0,-0.04345570919223818,-0.004896551964121856,-0.007333516607598717,0.021359444971735878,-0.04784812912123478,0.004532777220968301,-0.03610208869473202,-0.2431705160771399,-0.010908607667907265,-0.014964247876774616,-0.0014301648097637947,0.14073736134932371,-0.049913740126597196,-0.0044791591967887,0.018221554261294112,-0.05849072015902211,-0.043179719270476584,-0.028066581821643687,0.016990293694651697,-0.014914262609795963,-0.024807675730513117,-0.0491617503453641,-0.06276468952722589,0.0025715638727917367,0.013766028082993782,-0.05330833027975101,-0.08099773086967318,0.021546000999735748,-0.033840116073931475,-0.0254977436342954,-0.04900554214999796,-0.02071173702432731,-0.04991825888739399,-0.0194788235824586,-0.014182690826960203,-0.028470017436256285,-0.030490377878158347,-0.05039121401557167,0.014608763646259721,0.014771734038431175,0.03586403883905071,0.005271958806237655,-0.041992794229554334,-0.09966904030419212,-0.00248970850446362,-0.023644020405758023,0.03864488020004852,0.02882644564094308,-0.015631383838218414,-0.00027783010779942327,0.007394422779835541,0.031868224865152346,-0.0065241953814711975,0.0571049391452823,0.048809541343014455,-0.011193673971533272,0.0022223030581063866,-0.03419648488177334,0.02575479414685624,0.02693180342949488,-0.03316161042009199,0.01468202447027957,-0.021150000575889293,-0.016817568579855967,0.08380877789135333,-0.16680389164140988,0.07041509380714908,0.07661312418673312,-0.0043643043366158535,0.01530712855100109,0.018872461275881873,-0.008944226089685843,-0.026265412866791845,-0.0026002081413971498,-0.02243058042326254,-0.015064753557659143,0.005859671444335763,0.022576991625324384,0.03076413852288992,-0.017218424946494736,0.03361166590271981,0.057969812034714296,-0.008437993976754193,-0.08253271085747937,0.08249081974760854,0.08681993403465157,-0.011119704232563424,0.007309420939761896,-0.017815042657199253,0.020848999553733785,-0.015152892442669279,0.04877946549271904,0.016866632833041243,-0.015239539368003251,0.018754457107358097,-0.02138105905073727,-0.02981975356622524,-0.02722781126587498,0.04740663035472591,0.06484834811299557
sleep_light_hrs,0.00028127502927306774,-0.14988485414102834,0.08793772525324312,-0.21471969167197438,-0.10036233937652042,0.06056896668160006,0.009993438977882529,-0.04345570919223818,1.0,0.048741107962625596,0.021290365705947355,-0.02953936697856646,-0.013259183721521718,0.07344026282951817,-0.04240229860320164,0.03406914043539327,0.06336503364394502,-0.06200835806417174,-0.019246617632098974,-0.09674992326804932,0.045897120765476064,0.01406368531174235,-0.024723539858291992,0.08701135249351018,-0.12151164898642043,-0.03495209974885258,-0.15806044552461682,0.045739648353785176,0.004505028452959373,0.057596280205418245,-0.07726277973442669,-0.10452921697491396,0.09321339198511983,0.05586205622182745,0.019785613774481754,0.037374677979939284,0.013763418930101063,-0.050056007426029774,-0.0018391584644298214,-0.057851098824213715,0.030003816910149337,-0.019427824619708926,-0.01979872826562264,-0.010360428372648769,-0.029307789892931733,-0.0005577820243881924,0.0648932332294968,-0.008423666950143098,-0.1170231044445971,0.01083095399424744,-0.021970207444444015,0.015287636978582162,0.024343441487350827,0.033748674811863624,0.02138399135960064,-0.006484280655275524,0.06218270042144591,-0.038910422974628704,0.05042554098487611,0.09117255352425854,0.08216783485784163,0.0022241432687664956,0.005969337699182485,0.03836432752182322,-0.007628424001455839,-0.08160828980708582,-0.019108150772112222,0.0340124042557421,0.007121165340272501,0.02297324900389385,-0.05590625668659299,-0.05099616432625016,-0.08871659296562286,-0.07287166886961566,-0.1282254596265143,-0.17350741389484106,-0.0779719679761797,-0.06477489957689843,-0.06711496781485438,-0.04010729119055521,0.01169928380552058,-0.0012702938324349628,0.008484880586114452,0.034557461824535965,-0.010297733546348371,-0.0032846884027985016,-0.030266682621508983,-0.03197943744829007,0.014289138787811104,-0.08143173951219457,-0.020656066277657956,-0.024013976801809098,-0.07406666500361947,0.014700198625853159,-0.06515060896970884,-0.0035138805031208514,0.0070384871319184375,0.014304319685767182,0.05070120588520555,0.1065739888872612,0.03183823410626385,-0.005716655051253873,0.03383592349281951,-0.06938633865379285,0.029674027394673615,0.19697546911466254,0.0791054007335251,0.14630710357621562
sleep_deep_hrs,0.11615758270729018,0.13006544454509825,0.1660154209101325,-0.02500571978880806,0.11152373967494152,0.072895898492304,0.053082207321148114,-0.004896551964121856,0.048741107962625596,1.0,-0.06428528430469288,-0.0014342068561946579,0.026626361860264035,0.018700222928781915,-0.07920002552751579,0.014778050291361198,-0.04722015084619997,0.0013275520756880228,0.028281267444172316,-0.03459552655387508,0.07349491524673113,0.030577730226526316,0.024091262359271854,-0.02478769468537378,0.05724552907709789,0.1307454807557538,-0.04130108000699258,-0.0570053253731112,-0.019628760102173074,-0.00047587457019597316,-0.03721368538132349,0.07592858836670045,-0.10950790982222883,0.041519113574816545,-0.02042114908436674,0.065632752865984,-0.02891270172584226,-0.008051966462736815,-0.09676698413274744,0.061265186297881885,0.04687257046941031,-0.047370046958678545,0.04784828188481955,-0.09489450530811931,-0.010787295329450369,0.0006206608500201103,-3.2971727714918415e-05,0.02347612302905139,0.00735129986316781,-0.04491858323480584,0.036276126528609405,0.007548636957808558,-0.015025914415194287,0.022937863939325797,0.03778960238374306,0.027438136532385,-0.04501500273097542,-0.035869641992545755,-0.008816732738702295,0.04638058747005885,0.023858342046754112,-0.013205155737652633,0.005439148133481782,-0.01569223240734047,0.0005069802714548351,-0.0504223313787491,0.0008862429690397003,-0.04475288506263602,-0.010817182945736225,-0.019797847476164376,0.04337742958152897,0.04734439260149934,-0.026822339107550403,0.05065838380843329,0.04114919733303253,0.07524381918213943,0.04555809673669472,0.06076956507707537,0.040880254977581194,0.06692439879053898,0.001721896718955831,-0.09926834298330564,-0.03817337079309262,0.06941792834726504,0.039743405143044884,0.11266598620945932,0.14151512888657533,-0.005933067903440472,0.04408472408259256,0.04989152512959402,-0.014842227503508446,0.0922891581151365,0.020254616969160904,0.11081257795728627,0.007135285091012328,0.012256556409117877,0.046031583570175914,-0.027473049042712614,-0.0011826738341337926,0.0013818401511468943,-0.147275006489621,-0.023310107100853676,0.2407202203276655,-0.009086544844473127,0.0553824188479157,0.048493388732606155,-0.04532769870096009,0.013184355738605023
sleep_rem_hrs,-0.05282556428065525,-0.11301619191392231,-0.03247906073027218,-0.021319299097312363,-0.007326511961840122,0.03723517207025111,-0.15076748016075353,-0.007333516607598717,0.021290365705947355,-0.06428528430469288,1.0,-0.009914187390248264,0.023475991526947543,0.012058263315319994,0.0585701759054126,0.03822330989116688,-0.007608009900577572,0.006904747094893633,-0.05401860249953154,-0.04621027244042322,-0.013726043596040563,0.06456709581810323,-0.05573029577374755,0.028249298031203997,-0.022796163225300484,-0.019687959348897017,0.06861008635299809,0.026495634778016277,0.008171895198707382,0.00571470849592235,0.024715395702356927,-0.0672890060985323,0.1116474926021179,-0.04456722492482856,0.022508489775755418,-0.005248437012796907,-0.025498222463517888,0.012284819338251238,0.04879657938587169,-0.062092357512356804,-0.019193830763447415,0.011666121821879004,-0.0031505709873624176,0.011183967579456236,-0.005139115757261761,0.0017063058889166716,0.0031793821311587585,-0.002554141496774705,-0.020214637319388155,0.02127386497972083,-0.0161465453329605,-0.006063942835623758,0.0037977690847068295,-0.025103410636953226,-0.011548852496960022,-0.023233305873349087,0.032788405520684384,0.012398561566554552,0.02712821979632844,0.06299207878132525,0.03016814606591938,-0.0068793483584277,0.06786189983620912,0.06759531908651364,-0.01429998702202112,0.00015611324672716438,-0.02649175256260243,0.0262051249735093,-0.061336366089040445,-0.03864141810643827,-0.010059657974866647,-0.036169881079945426,-0.02602762909227002,0.03426428474169767,-0.018394694027884108,-0.03632966132945211,0.03383779498392254,-0.0030543055401012435,0.009598557243068328,0.0011634677107806755,0.0312225743355486,0.12959466273327194,0.041999267994710036,-0.02156553278930905,-0.03333093685219385,-0.08315291095463094,-0.07261916688275262,-0.035242797352258146,-0.0022757852572158664,-0.01958557330533503,-0.0004569310763216281,-0.0030539213292654086,0.00296231336026396,-0.011775075324764846,-0.0032908932171046984,-0.013129028959335973,0.003308852739327028,0.05559216476167726,-0.040442508884474586,0.0064512729615442245,0.08463222013635827,0.12114993689016659,-0.1643496811744111,-0.05510301170190185,-0.05597120869297779,0.014248402706661221,0.005593747795484429,0.0018290275840517568
sleep_awake_hrs,0.07205765082537913,0.020880664697765762,0.0503988698478384,0.020767642472849603,-0.0330195386109767,0.014947111070052614,0.0447457695434126,0.021359444971735878,-0.02953936697856646,-0.0014342068561946579,-0.009914187390248264,1.0,0.08855843656275607,0.02890898989780058,0.02451631601628641,0.004981782080019719,0.01449737920925694,0.004216898245865024,0.01490480117610318,-0.04454033131855257,0.04986462061824728,-0.023847424945012515,0.04448557544066862,-0.11080316346039704,0.05371112830849704,0.044337075552829217,-0.013559550495563259,0.013494521929371082,-0.03295312377618185,0.035116546244043534,-0.035239844179216724,0.059604252907983685,-0.08335606693315621,0.028826608747299694,-0.010742575622147813,0.018616977065343907,-0.03783679017622505,0.0022139232640142658,-0.07630939765885152,0.07252189429545983,0.057896506141811695,-0.028811741713115097,-0.03638170427473796,-0.013604957159405311,-0.008889280348271675,-0.04571864081734529,-0.05412539767432009,0.020280449677135805,0.04527435012130946,-0.012819252537805161,-0.033999522508823515,-0.004214197339084717,0.01691595460506927,-0.009914683858966097,-0.025246335463646345,0.03216769366293997,-0.05455022122472436,0.021586961824526657,-0.017312967922400935,-0.027825667291979644,-0.030176121692988778,0.025587598893107105,0.008259283800428542,-0.06469990710502983,0.047655022832804886,0.055501110184212415,-0.0034795199834175795,-0.030516864490387884,0.024719262319944015,0.0029176356176230695,0.005960873734193258,0.012584121952889889,-0.017810235363608255,0.1004683762444462,0.031028042327969213,0.07853687006650101,0.046357127707601205,0.031285821150991384,0.04779787725544143,0.09326242028494539,0.015628558473541217,-0.03662713624408527,0.03398872367910634,0.0498448516707296,0.05563630731056296,-0.03223479972322252,0.12957806327019708,0.06030657475838407,0.00565797001427074,-0.001261952794545985,0.002816873738460859,0.046416949457677555,-0.02381126311738378,0.12333108611241234,0.04636270394144898,0.04134936513768046,-0.012829466226733973,0.0028109050310905553,-0.026406785832499995,0.04036925330397503,-0.11835711236610683,0.05249485102227817,-0.019670358555696432,0.14617955373652067,-0.009542556228070556,-0.014477021911439849,-0.12174558859462231,-0.10367100307186762
act_generic_hrs,-0.026646813608388664,-0.05829422816580718,-0.01897979143361713,0.06471822495245491,-0.034203725809996643,-0.034215712747720985,0.0022560943733295896,-0.04784812912123478,-0.013259183721521718,0.026626361860264035,0.023475991526947543,0.08855843656275607,1.0,0.02393974260201722,-0.009958426881260975,0.07376898963718646,0.08093812728399147,-0.008289913155196945,-0.0054679624612344446,-0.06267473238982929,0.05595266391961199,8.311141705901659e-05,-0.022561827497366294,-0.026012307076935984,0.08152376681868015,0.011846767852223291,0.0020558694639123804,0.023237065752333388,-0.03410487558892212,0.015098611280068912,0.0037197029224719297,-0.009434419416698581,-0.018211000257346864,0.017493868163250444,0.05987253122705934,0.020940772081259603,-0.0003276051241575693,-0.016000468237036238,-0.051391137364383735,-4.541855774214143e-05,0.017710545367938816,0.013663422536718641,-0.023238217768529135,0.03245515309797384,0.0016869908084431056,-0.018531381676136608,-0.04059986637957744,-0.012489420379983952,0.01686595025727836,-0.005592696948769474,0.0271522957200765,0.042201557257282696,-0.013182467039177515,-0.0190258006616991,0.012156960049255133,0.01502651253268074,-0.019394599671174406,0.00044914834602836695,-0.012145191978343376,-0.003029662562858223,-0.025660956243325983,0.0005888669166371838,0.0033774442643053366,0.019372259108538275,-0.024781667636309082,0.03136125315206402,8.265643537063093e-05,0.013154600625607896,0.021173648643416688,-0.021024304633694063,-0.022027257565096117,-0.005308757318794124,-0.02113466030389235,0.19555457895223108,0.016488387359117593,0.06406342606462562,0.04304183402816998,0.07042888798994194,0.05393655521682893,0.06685445275720525,0.0827662893238747,0.05898510850012803,0.04833863657575749,0.05047779049689715,-0.0022120052648499527,-0.000266416073435723,-0.030024245473852067,-0.004691008680121594,-0.023015479723416582,-0.008110587061606039,0.02960061591552472,0.14677558639506547,-0.03174841387798311,0.08059978288951516,0.06632178663732283,0.0791054124086323,0.002752873534794786,0.07608028630925945,-0.02493833240228298,-0.001289159927551079,0.007693751720970092,0.04534767629662604,-0.026336325166800425,-0.02087908795066896,0.015439797462303713,0.009152018527043695,-0.08035283164876905,-0.10641323213399795
act_running_hrs,-0.04017882960868658,0.008803364559712737,0.14276337893418062,-0.06936643181249542,0.026442672418868187,0.07279269437649045,0.07233792992466849,0.004532777220968301,0.07344026282951817,0.018700222928781915,0.012058263315319994,0.02890898989780058,0.02393974260201722,1.0,-0.06521552551839335,-0.016334209906897424,0.06308282606685245,-0.020793452341616638,-0.0410390389127871,0.00764732344367801,-0.01763483534371417,0.052366045464031966,0.01976888596912015,0.027869845457237113,-0.03357036317924957,0.03460454058589002,-0.06963053603115155,0.021728243040270434,-0.0031699324307135073,0.056547742465492636,-0.08339185979370362,0.008659271458323141,0.00012046698363385457,0.015749129620595572,-0.023667617290980034,0.08272586451919685,-0.00442843214236983,0.03656215759295289,-0.01235371606563136,-0.001446933777217494,0.0011671304360599578,-0.0008109427718229865,-0.042220907171915234,-0.0021122384000407564,-0.01769207236738198,0.059992315418537376,0.020559340620700323,0.033841080689171875,-0.08000359258251308,0.0229981947947233,0.004035487954405534,0.020558109380760504,0.034962888434265246,0.03195355516042498,-0.005272398651146269,-0.016182026388884597,0.035941666859309024,-0.001318883581825273,0.0357515060466839,0.012567273571998605,0.03665472816318216,0.02278369833943857,-0.04670193541831796,0.01957145709951165,-0.020829200638817342,-0.0011360122604241647,0.02722474051758385,-0.0018020665167799404,0.0017538426455349062,0.0014023186652820522,-0.01596192498370205,-0.004511624040516191,-0.023004134935726638,-0.014792602977758536,-0.005292325577603791,-0.017551504303923868,0.06471076716617613,0.05556659829092169,0.02008803487337411,0.10170506176221705,0.09815982184408271,0.03951006486838021,0.06904033419242202,0.10362296354724629,-0.01529476766044743,0.014407128963123917,0.06481097440504589,-0.02382082960967941,0.03251190388936108,-0.024365211856495723,0.00934825480961008,-0.048180952077901726,0.028090578593315155,0.017682129867401027,0.12271566618396984,0.06311572338310853,0.08878401138745794,0.07026391318745014,0.03418472636026053,0.1732956388223966,0.012999626319817652,0.020146687874134896,0.05126424977671804,-0.07153918614318519,0.05399153909832623,0.041687799013914645,0.04910751675315968,0.08415232254580324
act_walking_hrs,-0.0012388651852908742,0.03288851061734331,-0.10660732289294636,0.04099889192265467,-0.027000038790599756,0.03346492275512647,-0.07619548417526563,-0.03610208869473202,-0.04240229860320164,-0.07920002552751579,0.0585701759054126,0.02451631601628641,-0.009958426881260975,-0.06521552551839335,1.0,-0.0074181190986146875,-0.03960289521319653,0.008116351665565163,-0.020644796396780296,-0.0023771338847315593,-0.028786309105986205,-0.06658502142562933,-0.01137406990719737,-0.030496195916504418,0.03552404891647164,0.02593497476801486,0.056402494510384975,0.0060976192620176275,-0.025633977768063494,-0.012077325265141759,0.026142370401068534,-0.02038677316518136,0.0012940285984536955,0.07382582549024207,-0.03438740156764527,-0.05845661448933047,0.02169394206440781,0.023230330785071453,0.011546645685759692,-0.0006680215737852786,0.05179875078525029,0.00608198871513261,0.006510786505353914,-0.0029464950560970323,-0.04542965572883197,-0.05261299693668112,-0.009293128836777199,-0.019077581301244952,0.05018062032735536,-0.05785739513235997,0.0020092070236441754,-0.04365720032142886,-0.016148223126169908,-0.037722966936175745,0.00012136368806148551,-0.005554287653474487,-0.037967740362517974,-0.017358505869696537,-0.028289818157059696,-0.0955675481544807,-0.02725671853258389,0.04379465647162897,0.06216533695003776,0.02979510268578479,-0.04380582025169671,0.055091115408902,-0.0074271726311951735,-0.031115126828223073,-0.014894117867533377,0.0038974270857721183,0.018533765329349583,-0.00835275704011409,-0.00709174166373686,-0.019854665427402093,0.004426886033500675,-0.01104273974819846,-0.011685594136587815,-0.013595538560013927,-0.024821001862567905,-0.021163561820360687,-0.011300755773234755,-0.10728093919613214,-0.051354185758353633,0.017819584588590613,0.0295189513594679,-0.09808424224532543,0.01672494948389153,0.11801325758044001,-0.008546703985172726,-0.02120246353616564,0.02224557908365988,-0.04378786844775244,-0.03359968926791252,-0.010312706195242159,-0.035621028107999955,-0.017709104210059903,0.01817907244661182,-0.0980412015154561,-0.07624076846923532,-0.07140576399225876,-0.15880221918498624,0.10325353806034715,-0.02520989786834959,0.1480381942954167,-0.03265691184542829,-0.08693690434734135,-0.037013566770569925,-0.07288651175090612
act_sedentary_hrs,-0.2075942554367443,-0.09862502173423268,-0.030359518130736632,0.005990654587556118,-0.09589885906717516,-0.03771422616149706,-0.12746021934767898,-0.2431705160771399,0.03406914043539327,0.014778050291361198,0.03822330989116688,0.004981782080019719,0.07376898963718646,-0.016334209906897424,-0.0074181190986146875,1.0,-0.018703387125883122,0.05665489158489726,0.0015084467648724268,-0.20934457422427266,0.032750044943383676,0.02983599934166781,1.1296069427140772e-05,0.10224255671672033,0.07232738565983346,0.04238893610499084,0.011738237963554748,-0.03828811148093451,0.01617294689444258,0.08547142501061697,0.10229010876390615,-0.04045994098072346,-0.016944495315339148,-0.04835288006377025,0.04565977123461542,-0.024418118404531033,0.0739832777156426,0.03973656693976655,0.013522258727496057,-0.01396881615295943,0.04610971543709533,0.002857003631259882,-0.006324701906081302,0.0352409428466822,0.07012057872234236,0.06649486475657396,0.0442822233233673,0.010949918652636552,-0.04740074003509193,0.06893416862351155,0.023580231071984998,0.10095421656096361,0.01782386694870076,0.02844630023856188,-0.06769644277898046,-0.03978625438493243,-0.005990164920473705,0.028722086006202116,-0.011870649741955239,0.08306828422108015,0.06446730573147857,-0.08940906931802148,-0.0712254742141203,-0.008351713184588978,0.006203327263557803,0.01856714215475209,-0.01944064816206405,-0.03493895665751403,-0.025581151655586668,-0.08625616281229642,-0.026869592679531467,-0.0007609632687970743,-0.08656784000616459,0.23134062740082867,-0.10990820438473908,-0.08619799475525318,-0.02406638440181467,-0.0072179791587501695,-0.008828492379808168,0.030304345749207727,0.052129079856032434,0.0829377486045599,0.028158725020309135,0.02405851850195891,0.005023932044096641,-0.06485477253775492,-0.07665765182059858,-0.008467080423184474,-0.02509247438602518,-0.06337310508039186,0.015822912773909716,0.07361369873622016,-0.08468831293416482,-0.0710745998681414,0.013680814890192617,0.03637782717481126,0.04730605554938326,0.06683079645705643,-0.05010720077017351,-0.013258317643295695,0.03984406225192159,0.035368622608022364,-0.09504281122290528,0.013109847905341036,-0.04081862120752472,0.05139056000496116,-0.0977822344755422,-0.09985555126531594
A/G Ratio_value,-0.019463422664432507,-0.08051268948711321,-0.010230235146663283,-0.013920231523833173,0.03036551830233847,-0.017784223545913788,0.08745318448456367,-0.010908607667907265,0.06336503364394502,-0.04722015084619997,-0.007608009900577572,0.01449737920925694,0.08093812728399147,0.06308282606685245,-0.03960289521319653,-0.018703387125883122,1.0,0.004056716261156647,-0.004369652212154091,0.024887445316464193,0.019701025557434058,-0.018534809930194376,-0.03258444495307325,0.03508768961558912,-0.010110292077720589,-0.006024817869614829,-0.06056910268390789,0.028874301415651903,-0.005327394237026339,0.03760851424135308,-0.25236532592256805,-0.0752709565594065,0.04446254553520728,0.1370476809919403,-0.09349966625162741,-0.00401375497190169,0.039893980490156446,-0.053695477709734096,0.03493317038630207,-0.006518597401760311,0.009511196025969886,0.0932799342114636,0.05958682298369691,-0.02294247694025576,-0.007123150592996371,0.04536516929317756,0.012845815416907597,0.035572982034731866,-0.05351643098356766,-0.07614754294007003,0.03465912690921835,0.00830711629054726,0.06971127756886507,0.027093620139733435,0.03225766480315529,0.0047595276187867635,-0.00386730760897681,-0.0790626870192368,-0.0059495768208740725,0.019800796430401328,0.028914782879773095,-0.03159838830338057,-0.060028717609233354,-0.003315708908368118,0.07922795839968355,0.04841058465706615,0.04484897352036356,-0.022331526972276725,0.08516816420473029,0.02405413969743279,-0.0007654597192120503,-0.0015182264605445922,-0.014130306595510247,0.060799365952166076,0.0014777222074723103,0.032203032560210246,0.027613948821231346,0.01155090633873442,0.005020767199774819,0.05491826467337599,0.07596294714108906,0.03532125222977489,0.0344064822670609,0.05151187517232561,-0.007061905634714922,-0.028621896620022166,0.0028028405804864697,-0.048581776612840986,-0.004657136944526276,-0.009226640200840802,-0.027688824876200866,0.12431928212242788,-0.017588362953845506,0.022872906999961425,0.014734320715789472,0.04148701458946408,0.04652101287597794,0.04945723188184329,0.15454533979176124,0.03754982099384596,0.009507813845516307,0.015978682277608746,0.013303822805265132,-0.05116717687314972,-0.0030079856817624034,0.09077038217259281,0.013818193890710822,0.09228625676643618
ALT (IU/L)_value (IU/L),-0.06123947873305502,0.09270100764168572,-0.05562418724959165,0.020646894909311143,0.044152048612247,-0.07981090049972465,-0.06607170463524152,-0.014964247876774616,-0.06200835806417174,0.0013275520756880228,0.006904747094893633,0.004216898245865024,-0.008289913155196945,-0.020793452341616638,0.008116351665565163,0.05665489158489726,0.004056716261156647,1.0,0.12795325061280582,-0.032505833962181686,0.04014096349216662,-0.017249507346704804,0.03197361633393449,-0.017162673954297703,0.06290540880335198,0.04234370565546133,0.018339319541941252,-0.033167921093982644,-0.017175093551904778,0.00915336074179848,0.05535892912684181,0.06143586564937487,-0.1311034126896616,0.03969132968392575,0.027602691417728052,-0.03825835942364639,-0.016702435616083075,0.011713635341876335,0.014730366208009866,0.023274580299534768,0.0009136777306464953,0.014523193311708819,0.025707862764074312,-0.055486124953554865,0.0037979582505194053,-0.008511718052961255,0.03030922758854334,0.004156593912548121,0.08712311309279136,-0.01796095113235611,0.08715414007263197,0.01956907268964023,-0.04777830178109213,-0.027856740728292733,0.011267335561694212,0.022940268388499302,-0.02367923172273757,-0.007015424172176585,-0.025132046774492153,-0.0111257302088196,0.00031435143480078493,-0.03843230347013717,-0.027976886158071416,-0.003042194231893664,-0.03655119448437398,0.02751790451798552,-0.01972474121624964,-0.016228580860563124,-0.006142066529205158,0.0001948313607455566,0.014110460286693558,-0.004864215590061239,-0.007673468639214241,0.06053270466679471,0.012202179803129138,0.06738427242552278,0.05012534669189996,0.08547999453816814,2.8749451294403657e-05,0.07699865065818855,0.06376734238445199,0.036329393012654226,-0.005176906723757462,0.0012283015861548469,0.043596637936302245,-0.02282088859404798,-0.004813876786152476,0.02191295738243752,0.036121944862221145,-0.007253471069837664,-0.0052111137480191725,-0.030569482266995626,0.015667815692602453,0.0127798402375611,0.09555558071174064,0.05521992050643328,0.05400182654624345,0.05741568049440047,-0.046488368777560185,-0.0834351536880284,-0.017064900883547052,0.023959045932101533,-0.03360567023167986,0.03508092903171486,0.002832281952226512,-0.06091835797689261,-0.06167913024565375,-0.06691138052193575
AST (IU/L)_value (IU/L),0.017251244351458212,0.03779700571913549,0.01322047099004382,0.013387619580258607,0.048952937969342046,-0.1435939802800026,-0.08478681740066367,-0.0014301648097637947,-0.019246617632098974,0.028281267444172316,-0.05401860249953154,0.01490480117610318,-0.0054679624612344446,-0.0410390389127871,-0.020644796396780296,0.0015084467648724268,-0.004369652212154091,0.12795325061280582,1.0,-0.06737566147301524,0.048450533203269856,0.0895112268788606,0.2965702121860009,-0.023042945552344426,0.048659931472954505,0.0728414770181297,-0.05727532940831733,-0.04593706087040839,0.040342628965978664,-0.007182382931085489,0.03482264731122955,0.10220648813050554,-0.007070466898433272,0.0023752840470617365,0.028358332634062643,-0.0024727600166137443,-0.035893379675920496,0.006362815463676647,0.016503683561417903,0.01987728446884742,0.01364011445777126,0.018482823635160763,0.013922171418859087,-0.08652286229559969,-0.014296914174924291,-0.03653644623565735,0.04683428074187525,0.0547371398337321,0.12353606917653408,-0.04191166099233023,0.05180329585581857,0.01465548051494549,-0.01779975954069195,0.01976205979657604,0.013332785234146084,0.0069951640962892,-0.03447894401024971,0.024526686330572034,-0.03244407893324694,0.002810143270830866,-0.005564242083436754,-0.006780413507552422,-0.054160370479926,-0.03409202022737917,0.02800924481202234,0.014873863860220412,-0.020917823648735238,-0.004498827820480027,-0.00049692140120545,0.01422496317010452,0.06943288829738986,0.09515458608334335,0.01403672349770325,0.05106634818152937,0.048064811853590204,0.08763533606881281,0.05686556894870362,0.0749273028137857,0.0318079229581071,0.06853677998483683,0.020339074448647743,0.05512235469304657,0.01927044180458911,0.0208173778791234,-0.005430588989590782,-0.03883612543558472,-0.001633654649877303,-0.0013317132140114579,0.023713870028719546,0.007639976225315049,-0.024700479369676724,0.020370548287782942,0.071512418581308,0.08464445640745688,0.08659227443590999,-0.008290625693567503,0.015095667364875139,0.04378369131233564,0.01865016677717616,-0.051011075402847446,0.004005674543099215,0.02731300330038828,-0.06308166999006701,0.014876334977508997,0.025367511490246884,0.009082648047547827,-0.05599880592866045,-0.01960907002488619
Albumin (g/dL)_value (g/dL),0.05523183487729262,0.06204446000320745,-0.016534078753417347,-0.03842890713078146,0.024052707133595762,-0.009655113743698054,0.07318349868224494,0.14073736134932371,-0.09674992326804932,-0.03459552655387508,-0.04621027244042322,-0.04454033131855257,-0.06267473238982929,0.00764732344367801,-0.0023771338847315593,-0.20934457422427266,0.024887445316464193,-0.032505833962181686,-0.06737566147301524,1.0,-0.08227796320907464,-0.04944429182423546,-0.050478076455263254,-0.04549745090455002,-0.1096851740612521,-0.059922261452507126,0.03072957289129471,-0.034930855895892295,-0.005776155970219998,-0.045856018506377744,-0.09464200094793426,0.04339721952990139,-0.010049898701451744,-0.0027510521578152087,-0.07997125550914132,-0.005949384237133792,-0.043667174650539646,-0.04286432701303648,0.003626258742760856,0.006915991699044024,-0.06106838470188409,0.006298722039884718,-0.004070975782141025,-2.830190660465178e-06,-0.02820671820868433,0.0024191210264442827,-0.026673381970094584,0.0046245364448658675,-0.03142008697576482,0.006555971373886586,-0.08034951980051579,-0.04871409583521671,0.0015799780738447848,-0.024182726862825632,0.013581357035893851,0.016394305669957185,0.014780082486358022,-0.012584959776267788,0.03889252802463808,-0.032757528715188645,-0.00794954598147113,0.0492489868239339,0.011697556779341584,0.03286514968871168,-0.015779215166377217,-0.052449674807351854,0.015339863086924385,0.00957943558959141,0.02313131027921484,0.058256114194586005,-0.016998334977432798,0.011116872648697726,0.055383825881559566,-0.19498412473341217,0.01811376546520695,0.0018294333576952967,0.008076233575000244,-0.012951940111440139,-0.005442965544847026,-0.04823233574077342,-0.04623319136576807,-0.05076378169323855,-0.05534912854589143,-0.03455980168690065,-0.052744324885913706,0.11174024032379275,0.030321540931438972,-0.030841841285910297,0.02308611923197862,0.015492245368274149,0.0010340047690603428,-0.11377084625597485,0.03429351238057465,-0.05050127436662724,-0.009198979903149362,-0.016584743144013096,-0.038778005028535095,-0.020598438393554283,0.04660404166784887,-0.021051121433827518,0.005941455673679822,-0.0696320391003648,0.07254166235352397,-0.06996341743182462,0.010527132916251104,-0.08686090488340296,0.10510822433940685,0.10240050939271016
Alkaline Phosphatase (IU/L)_value (IU/L),0.24099441490130352,0.049382723458342666,0.025674868500346462,-0.025526569840907128,0.08848263331437813,-0.09130792951388483,-0.06444489363768983,-0.049913740126597196,0.045897120765476064,0.07349491524673113,-0.013726043596040563,0.04986462061824728,0.05595266391961199,-0.01763483534371417,-0.028786309105986205,0.032750044943383676,0.019701025557434058,0.04014096349216662,0.048450533203269856,-0.08227796320907464,1.0,-0.00537817207517472,-0.0025840007358974596,-0.05151427342782626,0.06016930017867429,0.0655372327073248,-0.07366337515359737,0.059684135797592436,-0.001783343465683828,0.015216357365141315,-0.046671941244500914,-0.004229572087080203,-0.014589718937737164,0.133205120527035,0.04507290176905946,0.005436716814759297,-0.018705253091953124,0.00864581092783655,-0.05244644472744255,0.0821414285743653,0.030039596971729487,0.01355746694580535,0.05555988641540829,-0.048778401271573596,-0.004871696895018494,0.016382785371972748,-0.03264921460057851,0.024993002427112696,0.00596084520782366,-0.06568571975906776,0.061072447522505305,0.025743206531593243,0.016876284463770812,0.013003945570983654,0.02369968881840507,-0.004402509190874927,0.017372410919646624,-0.05403454586411348,0.003038874174059694,0.014654180910036448,0.0028839718405227685,0.00992643458320905,-0.008088905041704234,-0.013580105058106938,0.003404006191900781,0.0026808129301906345,-0.030930405371136113,-0.04975594127870828,-0.01945360184663295,0.04865947684066682,0.0326497184511389,0.020274128154839307,-0.047781675968405816,0.14228274780583333,0.00663590976200091,0.025014854445466167,-0.010993414689948555,0.010229000460148616,0.009419273112170888,-0.031200520197567323,-0.001979191044187913,-0.014108175890425099,-0.00821603301372331,0.0036665356909483405,-0.011061819291787825,0.07224687904890438,0.0027424002543434594,-0.007650599381784114,0.011594303848535163,0.02545784911804124,0.014112426295119473,0.1866842427653338,-0.05877140154212919,0.00847800593960167,-0.008118904227353318,0.015287257964116648,-0.005724520612337201,-0.013136332993733997,0.011701010203148303,-0.05800029790849415,0.018762609455885672,-0.02971203040757947,-0.04866457083896514,0.026248215268342888,0.028848115897142212,0.006707692326227709,-0.04431114869562071,0.0010953951150422438
BUN (mg/dL)_value (mg/dL),-0.08095397454954592,0.010843216778515574,0.17123853208062387,-0.0019801350430965715,0.029924419893640846,0.057809664082280776,-0.021039708128632168,-0.0044791591967887,0.01406368531174235,0.030577730226526316,0.06456709581810323,-0.023847424945012515,8.311141705901659e-05,0.052366045464031966,-0.06658502142562933,0.02983599934166781,-0.018534809930194376,-0.017249507346704804,0.0895112268788606,-0.04944429182423546,-0.00537817207517472,1.0,0.22611755251761897,0.022039061459869676,0.02206319331347914,0.11871389916833452,-0.13007219332576472,-0.053283155833712965,0.11846905547575345,0.03394207369151436,0.04182232958181537,0.11243816017321186,0.09449195169034888,-0.08395644855024105,0.10370930398754133,0.1382985220550047,-0.07024643613257844,0.045752628424023174,0.05940724188361049,-0.045303780912072183,-0.004763148971317784,0.03969704857244209,0.0018929908805847431,0.021153495774811182,0.022721647021600764,0.014262382066015508,-0.002950044665512298,0.03630182949882043,0.009560998181082102,0.009119392851666786,-0.01639606374946055,0.10182473020323193,-0.05466594744312429,0.008101482301137572,-0.03370462812288109,-0.02143948174421057,0.016377150681121968,0.027269141415165305,-0.009495443962525578,0.06944519702592192,0.0680109778255075,-0.03784488930969628,0.016869234232124407,0.050333876429567624,0.02400549240041986,-0.03789812018953836,-0.009272610411212362,0.008732583412614426,0.0006075478841618018,0.041276169768210066,0.06821239903037982,0.09069404717640894,0.006942774304905677,0.06514372974544938,0.03350517525076403,0.003911655857845032,0.05834680803313833,0.060628827754818614,0.01811450581114665,0.10335696556685312,0.03518467195623856,0.17042479455303663,0.044805227224486245,-0.014575457260854605,-0.02827461760375215,0.07765998622944667,-0.013891451998605062,-0.06595548091379831,0.03613833152465517,0.019396407597910434,-0.019870565863121716,-0.08016821400536525,0.02440744140579978,0.019043293132973534,0.10418119529037988,0.03955347262500067,0.014044305033278125,0.09196409226346916,0.035595657929429814,0.09154205295483049,0.15212904339365396,-0.05262566299914356,-0.055299928554702185,-0.08082215750301718,0.0509380831006207,0.0023586591910929712,-0.05281543233129879,0.005809996210173143
BUN/Creatinine ratio_value,-0.033759497856198466,0.04841986839771753,0.11339570534714222,-0.025092204241614346,0.017211713689571678,-0.008175127392049506,0.00043624672130536136,0.018221554261294112,-0.024723539858291992,0.024091262359271854,-0.05573029577374755,0.04448557544066862,-0.022561827497366294,0.01976888596912015,-0.01137406990719737,1.1296069427140772e-05,-0.03258444495307325,0.03197361633393449,0.2965702121860009,-0.050478076455263254,-0.0025840007358974596,0.22611755251761897,1.0,-0.026013989261792086,0.03498100742224181,0.09221925067165465,-0.09886019533984025,-0.03059455314081813,0.0562205246866704,-0.014652103333020508,-0.009343071549602964,0.12154371415556227,-0.02080298390352774,-0.06673893224107533,0.05164409402491427,0.11554461011915501,-0.07859176956428314,0.020245669084357217,0.006662316486835537,0.03208120694542002,0.008670775169499496,0.046574560645887275,-0.002883227106973377,-0.05291662878899592,0.01856312815084009,-0.014089024956259055,-0.025354045621821582,0.03352591574007589,0.11977397087098074,-0.01843347321827099,0.010083068950542175,0.02594193234456118,-0.06339786769225944,-0.0042195774585138705,-0.0160648976191958,0.03021373155439505,-0.04877257641161961,0.07014017242578671,-0.027378806864935684,0.03904721305497523,0.015713932638122707,-0.011407649594888075,-0.03517959305274205,-0.014505804451144627,0.02831150257666102,0.0010373531660083418,-0.060574304301243616,0.010208719987861185,0.005713467254904294,0.02262805057476809,0.032515429791916156,0.0980642825199785,0.005687343918752921,0.0036531274160490766,0.059414603679735827,0.04848028735639453,0.08029003680931317,0.07815170501994212,0.010573243229841482,0.0932009089070634,0.04305218648308616,0.11499480804588903,0.05592483197761787,0.040024442642370914,-0.014166405611338627,0.05632436374806025,0.027224253147356443,-0.0075976771352243835,0.010974435247520191,0.004026477899347936,0.01721013188314929,-0.0789713433046682,0.06117493808773579,0.08089386902682225,0.12694055782634697,0.021747662936739357,0.021479100966735824,0.07451855709921382,-0.009966214550984313,0.029477793052749852,0.08009857446466456,-0.015611858137329654,-0.10062189677880572,0.003472392629734065,0.03641316280088329,0.0007073299910227439,-0.07033288063835048,-0.011338576620768618
Bilirubin Total (mg/dL)_value (mg/dL),-0.10305926818039844,-0.07758786384269341,0.021379840805649534,-0.08069677715270483,-0.010300231493812716,0.01724455644877716,-0.015469488714251602,-0.05849072015902211,0.08701135249351018,-0.02478769468537378,0.028249298031203997,-0.11080316346039704,-0.026012307076935984,0.027869845457237113,-0.030496195916504418,0.10224255671672033,0.03508768961558912,-0.017162673954297703,-0.023042945552344426,-0.04549745090455002,-0.05151427342782626,0.022039061459869676,-0.026013989261792086,1.0,-0.07011543640592431,-0.05669002229861277,-0.059322319683211,-0.04544681415449022,0.03453655325306324,0.0407035225160277,-0.029464275052640716,-0.02675603759784166,0.06747417252853746,-0.011919643776729959,0.023635650743974525,0.01698131971189885,0.04518309553837919,-0.009344634569350165,0.06400708495078375,-0.09226614806837048,-0.001410819029897395,0.021611158199842197,-0.005631373779889415,0.03474060054863283,0.021280261707962544,0.024773447883945372,0.05126581850684278,0.0035936651310017526,-0.08790866884943564,0.02729874583045563,0.004851730799276695,0.029865879438411458,0.003407068737716711,0.017706036338657267,-0.02269578429404301,-0.040179055566235584,0.05950215384448606,-0.023052559919101073,0.03317324130914947,0.04737831610359324,0.05724991452353388,-0.07573962352772783,-0.011514236855517406,0.05637611263675312,0.043963607001184526,-0.008080491527490212,0.01983942463371227,0.016544832826317916,-0.0030389314111694643,-0.03155930110411666,-0.0404803310798374,-0.042466415275886835,-0.0029086767361024583,0.016665628617157317,-0.03944373065998863,-0.030331719960783023,-0.015692065231916838,0.002801256487452999,-0.012558241002655977,-0.008676393996542063,-0.001843379107675606,0.06332723668367882,0.028791453508172513,-0.008364189471844054,-0.033657836455352676,-0.0015604475790869337,-0.01252582176713724,-0.026191945595591272,0.012931910008641308,-0.01704767827531171,-0.005529678062906462,-0.0022412823595660877,-0.013323925129700761,-0.03714609785956682,-0.02364622976862122,0.011624689413467216,0.015252392133146692,0.05391338115483888,0.05214638544524195,0.022943942375887785,0.06822826704059495,-0.0313031544380502,-0.00818034538554719,-0.07409787699487337,-0.023756556440983533,0.12547559930060084,0.08292053074275302,0.18823959737608312
C-Peptide (ng/mL)_value (ng/mL),-0.044647427518880956,0.11720213288504902,-0.03092847575409934,0.13504908210417207,0.011645865902547273,-0.07701648417089746,0.010024292177744643,-0.043179719270476584,-0.12151164898642043,0.05724552907709789,-0.022796163225300484,0.05371112830849704,0.08152376681868015,-0.03357036317924957,0.03552404891647164,0.07232738565983346,-0.010110292077720589,0.06290540880335198,0.048659931472954505,-0.1096851740612521,0.06016930017867429,0.02206319331347914,0.03498100742224181,-0.07011543640592431,1.0,0.12360474363599748,0.031559227100557634,-0.036988734788722714,-0.00023349575954135926,0.005654616413022173,0.04812687559758139,0.06621098224700273,-0.09043948182920178,0.032191566853590335,0.06900699685331693,-0.014306116865067933,-0.013348615269235637,-0.0009180551956858397,-0.07099273079709269,0.09203695360427237,0.005880733574889968,0.031379143742244694,0.0009045562238217371,-0.0015150712886783458,0.04771733954145207,0.009608678391226495,-0.06418102272095692,-0.004374165700263697,0.07706942145971635,-0.004208721924832223,0.0032705547378767655,-0.016041976223319827,-0.0013310064904639895,-0.019746055532544323,-0.01248482547304936,0.030249151094138175,-0.04576848979261299,0.04746378843415487,-0.050256833218212296,0.010677868399103,-0.01234750091860681,-0.00499676444482682,-0.011160363064023437,-0.038393806043594075,-0.023048243931934713,0.040322707748328544,-0.026457499300073312,0.030868197367702452,0.01416675916665073,-0.04862183749259903,0.01009972418759185,0.01912172310136441,0.02798083129653315,0.23238922361115644,0.0337945744868368,0.14177610172746957,0.07542994084038834,0.06663123695391661,0.05416401087082051,0.0650465065587998,0.0046066486566479145,0.013326462989872027,0.0005157424105833857,-0.023788490947392476,0.011000504120979906,0.010235080022771079,0.049609698375958744,0.032139490820255585,0.007436417297306338,0.09629422842980073,0.023313400002677998,0.08737985065673255,-0.008887791804076738,0.053962717220592885,0.07751301640699791,0.03438052347506699,0.07126398507213363,0.005600868793793602,-0.08441782586438115,-0.05589329435712508,-0.06450861837622428,0.01779880053319348,0.0003559086453135445,0.058337872087518235,-0.003457683151930968,-0.06317776279917144,-0.16066001233329347,-0.14849660272546195
CRP - HS (mg/L)_value (mg/L),0.03095876764061058,0.14842411678089076,0.025118734508222242,0.05836581902576882,0.04493236643165536,-0.026680882297191014,0.008139049478969922,-0.028066581821643687,-0.03495209974885258,0.1307454807557538,-0.019687959348897017,0.044337075552829217,0.011846767852223291,0.03460454058589002,0.02593497476801486,0.04238893610499084,-0.006024817869614829,0.04234370565546133,0.0728414770181297,-0.059922261452507126,0.0655372327073248,0.11871389916833452,0.09221925067165465,-0.05669002229861277,0.12360474363599748,1.0,-0.020209504007680526,-0.03263578046548916,-0.0039036937882105855,0.006382906769827467,-0.00694616745119769,0.13170721318889403,-0.1375321170289297,0.07678797980072251,0.0101594214975639,0.0723702370802154,0.04098440637418219,-0.021383844397241926,-0.024719089636282728,0.11817090855028152,0.09189537831840887,-0.00718194769294086,0.05505257575806256,-0.033282136492414384,0.033147209426440706,0.043782758880843514,0.009463020429299756,0.006209483816879735,0.007385072437474471,-0.015603615645953807,0.031094444248430338,0.052254731254650744,0.014689318897388058,0.013395015079391058,0.00402275393487899,0.014374112257031777,-0.04135737563175468,-0.001222870994855893,-0.02884634918633749,-0.014258557916142405,-0.003402761165261182,-0.039650710354116714,-0.04737164431957891,-0.0393543726363367,-0.009026473254637552,0.07863402490084949,0.023113932021029855,-0.07888741976009814,-0.019184389946474943,-0.03432115973134142,0.03877795109271202,0.029459747405012327,-0.00577751164952808,0.09075731594565373,0.03282525802921593,0.055008037927986995,0.05124952701592869,0.04256839278057359,0.019681862797120368,0.05961434966901331,0.019791754631309534,-0.08052946611797696,0.0032423208424071093,0.06680873811758455,0.058887881675329,-0.05103050026504414,0.08080874791441611,0.05195003533637434,0.04960513123458926,0.0394349654564001,0.0032521687373262016,0.02941649794512712,0.0004555532311910552,0.06313239946999251,0.046110921069878345,0.018506252423283798,0.08949479457151786,-0.03660761850731265,-0.0025869345657323507,-0.024390087793175124,-0.15397300403916445,0.08318721033909307,0.04270087814418906,0.09685869711335005,0.013102165231806058,-0.05794205452680821,-0.10749606097072324,-0.07659336404774832
Calcium (mg/dL)_value (mg/dL),0.003168849218314362,0.026628069193296754,-0.1232174350787883,0.09288431631085911,-0.037634957271592814,-0.01999957936890459,-0.0632580103894282,0.016990293694651697,-0.15806044552461682,-0.04130108000699258,0.06861008635299809,-0.013559550495563259,0.0020558694639123804,-0.06963053603115155,0.056402494510384975,0.011738237963554748,-0.06056910268390789,0.018339319541941252,-0.05727532940831733,0.03072957289129471,-0.07366337515359737,-0.13007219332576472,-0.09886019533984025,-0.059322319683211,0.031559227100557634,-0.020209504007680526,1.0,-0.012241456820254553,-0.028071663925218145,-0.06474479204995434,0.13952566204298072,-0.013326522897531914,-0.03125978113250806,-0.05531725843223733,-0.0033508414378950043,-0.07868888504702398,0.0351559143269559,0.014438700085778673,0.02961560393074176,-0.00033773915801898395,-0.031353189098562786,-0.03757645680355394,-0.015476069981741567,0.02650838361698881,0.011318384927521595,-0.01782270747897092,-0.032606221732963896,-0.029768376933750527,0.011923412686214765,0.02361568660515337,-0.016369628268276062,-0.005231558959564415,0.013388139380507048,-0.027511951984262355,0.0020818485495173516,0.024953770182304203,-0.011986947986371869,0.06805206071202761,0.008303187217987033,-0.019009369952590435,-0.015701021960056103,0.017767377239269962,0.03496099023423215,-0.022244672637463735,-0.023762555178659432,0.057954588546394036,-0.03857837108355822,0.040553235951403054,-0.02086271594666468,-0.04687808936314307,-0.007527605367071893,-0.037551434349102464,0.012340115213150675,-0.012703999578108735,-0.016866571777670345,0.0023570694998573914,-0.055279454490666034,-0.030354228127678417,-0.013983277022189268,-0.06710153662147861,-0.020657164520621562,-0.0672735591196082,-0.056202698435893775,-0.0711200756103987,0.023168758068952428,-0.08005198286454848,-0.04591746408688258,0.03136855843910836,-0.05594471464357154,0.023115037605963024,0.014196607001123502,0.00454533577184513,-0.021956409599520763,-0.05199702287407009,-0.047446975474183486,-0.02294421666964505,-0.027486520622263935,-0.03452694194062078,-0.08454669389360946,-0.10065529251065608,-0.04066115914513239,-0.0021639494699875993,-0.04781336447444816,0.0881236927040693,-0.07085639728370349,-0.07903281026062967,-0.040203060006959376,-0.14012638427720678
"Carbon Dioxide, Total (mEq/L)_value (mEq/L)",0.04064809017356481,-0.05584889892889927,-0.016809930735915773,-0.04491643385287739,-0.016098221023671387,-0.00562797894429748,0.01792559278135086,-0.014914262609795963,0.045739648353785176,-0.0570053253731112,0.026495634778016277,0.013494521929371082,0.023237065752333388,0.021728243040270434,0.0060976192620176275,-0.03828811148093451,0.028874301415651903,-0.033167921093982644,-0.04593706087040839,-0.034930855895892295,0.059684135797592436,-0.053283155833712965,-0.03059455314081813,-0.04544681415449022,-0.036988734788722714,-0.03263578046548916,-0.012241456820254553,1.0,-0.018576860143734462,-0.0072243786417747315,-0.0027581419055584247,-0.07829259385288896,0.04414794128154746,0.0347156237375487,0.07024355821980803,-0.02658304844452485,-0.0018315774173766535,0.016531641717317982,-0.009746473948186988,-0.018088046724128483,-0.057027998281432055,-0.03091229230060156,-0.0026602613625758137,0.03776818998858587,-0.015176257342807933,0.0037104269968151037,-0.07996004138888048,-0.07113589098101554,3.3314702149080774e-05,0.0007376511564202939,-0.007124977495882025,-0.03586519825914973,0.026855681606923785,-0.018064342594969366,0.011318740805581347,-0.017098822602290127,0.020701677454997597,-0.005717660332256916,0.0478186530192599,0.02235846969435039,0.018872173614250823,0.06089934387945323,0.035042231209422306,-0.017717027184552998,0.004699142831390093,0.014355886793380748,-0.027358931723037418,0.022945871487754274,-0.021109667756400236,0.03340706395656421,-0.048927361074148905,-0.08840977030378519,-0.004926788030295979,-0.003839678006648242,-0.01704585584400644,0.0017025364120716844,-0.0043507156987287405,-0.01754231591543945,-0.00765750512109784,-0.02639844323458843,0.03125421301805155,0.018830384942497547,0.013788077213610703,-0.010285477886651793,-0.02913315811101226,0.045202892399096736,-0.03995478286995839,-0.050642821323822786,-0.0129674391553406,0.011763525671500803,0.012469788429497405,0.046984054428858314,0.007231597185739646,-0.004293892978577701,-0.002163438127189161,-0.010850971209833688,-0.0071237622077223225,-0.007832215605219794,-0.01390717287720127,0.013636014038324427,0.07614308044195066,-0.018966386008605226,-0.0415902849138964,-0.04156482311824237,0.02236960683979392,-0.0022977753570027687,0.01173374223181764,0.007251982415375814
Chloride (mEq/L)_value (mEq/L),0.003815150467093543,0.026609771304690496,0.028059531336387954,-0.008845091638916662,-0.0024028141366495394,-0.015678167013727675,-0.03845328561633444,-0.024807675730513117,0.004505028452959373,-0.019628760102173074,0.008171895198707382,-0.03295312377618185,-0.03410487558892212,-0.0031699324307135073,-0.025633977768063494,0.01617294689444258,-0.005327394237026339,-0.017175093551904778,0.040342628965978664,-0.005776155970219998,-0.001783343465683828,0.11846905547575345,0.0562205246866704,0.03453655325306324,-0.00023349575954135926,-0.0039036937882105855,-0.028071663925218145,-0.018576860143734462,1.0,0.0003117140496136581,0.0037419025166170153,0.05653320886724353,0.022724130796913364,-0.020689413773769948,0.05705864151255861,0.0673737424842411,-0.03660998614745743,0.003495970250711822,0.006953739460628648,6.096612810643492e-06,0.0009771901949489539,-0.0035569131865788133,0.01689306368618873,-0.004087256868410985,0.07920634812857419,0.06118430380694175,-0.003963824216518423,0.02187697148616623,-0.023637122566420633,0.01755408815422461,0.0022166308829189786,0.0680043963998696,0.014954583371021138,0.025023789808417355,-0.014385094737083475,-0.009241488712704417,0.005805406131572956,0.008002837340251995,0.013445633370518186,0.0028473679016796294,0.023489715067379242,-0.01971135236837672,-0.04729383584085049,0.030527891095513984,-0.02407254668247704,-0.027166313679722724,0.017597461967364038,-0.018560810162926867,0.01063143490213944,-0.015254894921991112,0.04071861109937725,0.08640960198988122,0.016170182858014914,0.020168096387810013,-0.0301389813659136,-0.012686958588332905,0.012693063832119152,0.012975922127801394,-0.013509837000346803,-0.0068859974349818834,-0.0247393327722994,0.06527394735197062,-0.026010417738427744,-0.04798478713550132,-0.01295583202052636,0.003653794608796284,-0.04597924725708633,-0.019185511989710524,0.021236435425521387,0.017004108958947915,-0.00465681362471559,-0.020365785211939907,0.008512755440029126,-0.019975266297185035,0.02569140151945349,0.0010149618875842535,0.005429417886501404,-0.00440585788156547,-0.00955019186713171,-0.0451188459031515,0.06366925110449735,-0.004242901846584475,-0.06461924797498335,-0.006193385363080344,-0.008550385157584326,-0.004079272639712489,-0.012637526511442948,-0.00934977103700966
Creatinine (mg/dL)_value (md/dL),-0.04389773874892247,-0.04432138032933889,0.011106101203004107,-0.03000824115384261,-0.008712471645204082,0.019767804078890925,-0.005884280419386005,-0.0491617503453641,0.057596280205418245,-0.00047587457019597316,0.00571470849592235,0.035116546244043534,0.015098611280068912,0.056547742465492636,-0.012077325265141759,0.08547142501061697,0.03760851424135308,0.00915336074179848,-0.007182382931085489,-0.045856018506377744,0.015216357365141315,0.03394207369151436,-0.014652103333020508,0.0407035225160277,0.005654616413022173,0.006382906769827467,-0.06474479204995434,-0.0072243786417747315,0.0003117140496136581,1.0,-0.056579528599021135,0.01611130468717057,-0.028432970745694144,0.038167435646344346,0.007717097219679571,0.03729917812215377,0.005107128210710142,-0.00799371614626105,-0.004252482387007004,0.011013571723967214,0.026795509283808583,-0.025439324570354714,0.01512904269341489,0.011240259289507861,-0.015808285709514116,0.04807142798008114,0.0014431938021219632,0.031024814815544494,-0.05641270071175127,-0.0005700524325737138,-0.023776437658609418,0.0630074971212251,0.010544784398054825,0.03949106597193913,-0.02285019043334888,0.0031085575890635094,0.02483568836187965,-0.0418596000500973,0.020666066907112708,0.025383507147195453,0.017061131781540406,-0.0384061643092553,-0.04413063894010005,0.03207456366396862,-0.007088043803450768,-0.011917454351367847,0.031190989777459988,0.0043947273098316345,-0.026742908295604988,-0.013498150348029345,-0.006931426301932668,0.008883256239922812,-0.02722230881671769,0.031489475533338564,-0.038801622528643456,-0.00300348023085976,0.045413733384908395,0.019224922545228815,0.019955364915975635,0.048737610964579285,0.033088786390279575,0.039889134120363,0.04734024325192615,0.03769930736260523,0.022962230683005406,-0.008278239380702936,0.036435349787066675,0.031075896179486296,-0.012453716765366508,-0.02528859712303189,0.0014345660953894218,0.010556430110727662,-0.0025362848399591085,0.009795740048997494,0.02847994529072245,0.0006739220788747579,0.03222940712467484,0.04222540024435071,0.020085514410231927,0.024452485966656404,-0.00202329140275866,0.04421169429960682,-0.04236862253295645,0.02974015171781217,0.03162766433344505,0.05418186656478567,-0.0017156908410428248,0.032986233934024244
"Globulin, Total (g/dL)_value (g/dL)",-0.07124252472024947,-0.03614984835606202,-0.08257400788225898,0.08726235604711201,0.005393307574878142,-0.03189308100286674,-0.12426673893567676,-0.06276468952722589,-0.07726277973442669,-0.03721368538132349,0.024715395702356927,-0.035239844179216724,0.0037197029224719297,-0.08339185979370362,0.026142370401068534,0.10229010876390615,-0.25236532592256805,0.05535892912684181,0.03482264731122955,-0.09464200094793426,-0.046671941244500914,0.04182232958181537,-0.009343071549602964,-0.029464275052640716,0.04812687559758139,-0.00694616745119769,0.13952566204298072,-0.0027581419055584247,0.0037419025166170153,-0.056579528599021135,1.0,0.0015452439831086953,0.0028745721263254012,-0.01422069227600111,0.040225736645176646,-0.04005043273362891,-0.0004889472968729645,0.04704049124358303,0.1106698730819073,-0.095101950438897,-0.0022020711928321442,-0.02399909507841417,0.005394097242111446,0.05165402997776937,0.026152137402687015,-0.017723548808502198,0.048762137022488446,-0.060912063173334446,0.03582539476617379,0.007023105057447106,0.10848330835769773,0.10104386131388583,-0.029220906328314436,-0.009512244771292212,0.050195826547781895,-0.028173448013169813,-0.007468474933918921,0.05603653934433721,-0.04906020714521921,-0.016229040638031607,0.000975318787265549,-0.03607420837702631,0.007681595836067085,0.011376020775182264,-0.05582486843681993,0.027649688367435823,-0.015854893024475545,-0.022583792708384735,-0.03573457081162572,-0.02196011400575556,0.0869643439908054,-0.006900512447339915,-0.034810904179976426,0.05786173468881105,0.012591158242451009,-0.026552718478783915,-0.011225085915954308,-0.005607965699144963,-0.006347377234747912,-0.028395268407267568,-0.012603877734567103,0.054564274344248286,-0.021955924543267502,-0.06440283563336169,0.004818117335835415,-0.07004277926093873,-0.08710553913548168,0.02589049126693163,-0.014575314664442871,0.0260410557600332,0.028533577078563323,-0.05519239913478495,-0.02536289848682362,-0.058280434234940476,0.0033580838674414173,-0.005920362351267905,-0.006352235337750136,0.008493379472151952,-0.08704476057489327,-0.04186815227991217,0.04542441953141384,0.011694152132992868,-0.11089791166886534,0.023876991729667636,-0.06928927588952981,-0.16706576246138446,-0.06307036600178619,-0.20633466613602794
Glucose (mg/dL)_value (mg/dL),0.02737441885035941,0.19743671136050675,0.056367680435274695,0.02660954273187731,0.03543894030834848,-0.012931129695529427,0.05008967379748628,0.0025715638727917367,-0.10452921697491396,0.07592858836670045,-0.0672890060985323,0.059604252907983685,-0.009434419416698581,0.008659271458323141,-0.02038677316518136,-0.04045994098072346,-0.0752709565594065,0.06143586564937487,0.10220648813050554,0.04339721952990139,-0.004229572087080203,0.11243816017321186,0.12154371415556227,-0.02675603759784166,0.06621098224700273,0.13170721318889403,-0.013326522897531914,-0.07829259385288896,0.05653320886724353,0.01611130468717057,0.0015452439831086953,1.0,-0.21377872668414816,-0.002802749526058535,0.07252723943164702,0.0808755384983266,-0.011573471753343294,-0.0076167437745860486,-0.008888604816470736,0.10457197944914162,0.07648521198702037,-0.03853568114613307,0.012994709192459169,-0.05419827462127249,0.10233151350786043,0.03043226437760874,-0.026160451966100538,0.028683794323293783,0.048262376912210615,-0.039147192197686476,0.010128513390782535,0.1183573847625152,-0.050803893079019516,0.01661091634586499,-0.0025202314453287656,-0.013869319961989972,-0.05648823406386839,0.003166411615675251,-0.01454676690701836,-0.02145050236121877,-0.004746385004255198,-0.07485918627782996,-0.0416540093557495,-0.03423282353337402,0.013975712860865363,0.026212670136421215,-0.014679449269352572,-0.03281080112382732,0.010634855443502572,-0.024362730690646196,0.06293281820439219,0.14238189190230235,0.03814371975999385,0.054307007296714456,0.0673705272245801,0.06341583224741044,0.0700467751754207,0.09052850795268266,0.03222352334456888,0.12025766487970854,0.01806186491240398,-0.04778656476304245,0.007255320081817441,-0.020311680083441322,0.01851609670516954,0.0406108650094076,0.057386119025114396,-0.022181126325178838,0.022370661603523443,0.010246653068697615,0.012676802465192002,-0.04713146377421384,-0.019192988451329194,0.04997712294958555,0.11849508428214381,0.05253503754250781,-0.006099442375876359,0.01854953739135479,-0.010744208564910217,-0.05118320042113285,-0.050959479716611855,-0.006318915868899838,0.030617354806351377,0.01842366199305163,0.03396571279157253,-0.06582099465663299,-0.06742394551345068,-0.06355021208198625
HDL Cholesterol (mg/dL)_value (mg/dL),-0.04996151844666519,-0.24045247006506407,0.0028591977463248864,-0.03675917143468045,-0.0438401281572894,0.015834791199505715,-0.07112913712746753,0.013766028082993782,0.09321339198511983,-0.10950790982222883,0.1116474926021179,-0.08335606693315621,-0.018211000257346864,0.00012046698363385457,0.0012940285984536955,-0.016944495315339148,0.04446254553520728,-0.1311034126896616,-0.007070466898433272,-0.010049898701451744,-0.014589718937737164,0.09449195169034888,-0.02080298390352774,0.06747417252853746,-0.09043948182920178,-0.1375321170289297,-0.03125978113250806,0.04414794128154746,0.022724130796913364,-0.028432970745694144,0.0028745721263254012,-0.21377872668414816,1.0,-0.1608798010724707,-0.012209839276441523,-0.04381433304473006,0.003552621310975669,0.001655726627481137,0.037859254475694694,-0.21137528199286892,-0.08535168376363154,0.03289080418409354,-0.06455344236832007,0.060938571358157535,-0.05493243579944928,-0.06301603990229113,0.04035514388152921,-0.012621479361445054,-0.05271304747318397,0.044789905363614234,-0.042049045719671344,-0.047520557793320393,-0.02051633562357274,-0.02596061982450281,-0.05777431901653385,-0.04583784349166155,0.09884343496340808,-0.005807122514405763,0.022480854528378308,0.07648989420799003,0.055466025737420224,0.07617094551556472,0.11808957915230538,0.14320483337806733,0.052058717748600075,-0.06389020829496364,-0.004883039389798489,0.10451651910588206,-0.008725831748924518,0.027635713923608175,-0.020833942337107284,-0.06797314629892566,-0.007933224845241718,-0.08760498870071443,-0.03241560318487476,-0.08917143603339035,-0.05063125391812593,-0.08263060765269274,-0.0279611084206945,-0.08459147248277778,-0.00510595933464369,0.12705434727271833,0.04563879272728662,-0.0254969012321053,-0.030400987712493815,-0.08147655783973522,-0.13273959212649172,-0.03644206833936629,-0.03665366721557902,-0.02437211778751055,-0.011293011623427489,-0.013562281052777875,0.011222854204158824,-0.07814543681609616,-0.038934187135403996,-0.03414717060902087,0.02455243586937149,0.05240949669775162,0.025651711505204847,0.12809253336502677,0.14584020384129284,-0.004503480166904769,-0.10023072983050554,-0.07318747265976873,-0.06987721223158001,0.094635499021485,0.09979617331606767,0.12103611333800798
INSULIN (ng/mL)_value (ng/mL),0.10743677322748194,0.09356944194632986,-0.06584767203814215,0.0036344458580460496,0.10418220922598116,-0.04017506684902527,0.011721655602441181,-0.05330833027975101,0.05586205622182745,0.041519113574816545,-0.04456722492482856,0.028826608747299694,0.017493868163250444,0.015749129620595572,0.07382582549024207,-0.04835288006377025,0.1370476809919403,0.03969132968392575,0.0023752840470617365,-0.0027510521578152087,0.133205120527035,-0.08395644855024105,-0.06673893224107533,-0.011919643776729959,0.032191566853590335,0.07678797980072251,-0.05531725843223733,0.0347156237375487,-0.020689413773769948,0.038167435646344346,-0.01422069227600111,-0.002802749526058535,-0.1608798010724707,1.0,-0.038831526945382513,-0.020502898841511533,0.02936120353545145,-0.0797793182691998,0.11128260922989268,0.11679575306255112,0.12793905158157806,0.0628658566722066,0.17407214950315705,-0.059981582945491656,-0.048796019281213805,0.03633395828249036,0.05018653090709375,-0.003454063572579083,0.0036629137503303116,-0.19220104001145433,0.19095665503864476,0.03149010086667744,0.02077769176000061,0.02888437841137452,0.15280752235964642,-0.03437780578521269,-0.02173468575980341,-0.11404238144967095,-0.03125216130290505,-0.12078217679816124,-0.019201907449141284,-0.07334476073917667,-0.07050842326045591,-0.030236988006547477,-0.04180349713304161,0.143001976819511,0.0244320743611244,-0.09465155397348073,0.06469708671960157,0.045775013975170045,0.07504592366021268,0.03235706966095366,-0.012025922139090315,0.06522065857199798,0.020390056111960285,0.031845313663504016,0.048956574604416186,0.06736607463728218,0.034028987340281286,0.03932668151121251,0.03746959754104465,-0.07021226575261985,-0.007235666777861563,0.05350809217590973,0.0477881838528412,-0.0019636935065290182,0.052245940057313194,0.055541951699883754,0.018654068769878136,0.04199617457156449,-0.013734811018815631,0.09318768369296906,-0.03459555852276812,0.04218814081757461,0.02321889377972443,0.03978779993254137,0.02742844724041749,-0.04030450572710174,0.08009430563244374,-0.09312317839864766,-0.12411171449207263,0.047873640761429935,0.03375508661404377,0.07049379424431648,0.055758603082388086,-0.06475927527666486,-0.02490363565688469,-0.014753670793054736
LDL Cholesterol Calculation (mg/dL)_value (mg/dL),-0.020509788489750266,-0.039469322635830306,-0.012030133148814397,0.0015238471138707672,-0.051972392589024155,-0.03334075967575735,-0.03992246112082724,-0.08099773086967318,0.019785613774481754,-0.02042114908436674,0.022508489775755418,-0.010742575622147813,0.05987253122705934,-0.023667617290980034,-0.03438740156764527,0.04565977123461542,-0.09349966625162741,0.027602691417728052,0.028358332634062643,-0.07997125550914132,0.04507290176905946,0.10370930398754133,0.05164409402491427,0.023635650743974525,0.06900699685331693,0.0101594214975639,-0.0033508414378950043,0.07024355821980803,0.05705864151255861,0.007717097219679571,0.040225736645176646,0.07252723943164702,-0.012209839276441523,-0.038831526945382513,1.0,0.01974251139347768,-0.026819213959831275,0.030162555222719264,-0.0054188574044562714,-0.008860977126480018,0.009644348027588824,-0.003253881304548332,0.015073733263771316,0.08063085582287496,0.09164698388869326,0.04146628481188712,-0.10132573636310585,-0.036786523046549634,-0.046867574370334786,0.08218796309630023,-0.041861174903605754,0.07422771918741139,-0.02457464166281823,-0.0026167587429457378,-0.06651001853214358,0.023900135378600057,0.0007759669527868579,0.07126490228568479,0.056517838288503874,0.1323595080109162,0.05521951690556903,-0.0722838720964511,0.013780534798313978,-0.008809731299863103,0.014436505782645815,-0.11545665960070364,-0.01368060408618603,0.026668224488360565,-0.012253343194382212,0.026808714225883344,0.0021959497851946805,0.034218538925224515,-0.04122395158627126,0.12445227071552983,-0.011635779112731049,-0.04252495535489793,0.02629830627067756,0.01593449656646032,0.011829427663768285,0.01305206218388873,-0.010558478648259723,0.15252038693734482,0.017375805240526832,-0.06119093337038932,-0.01714469245666479,0.05908155457340641,-0.09414596378521319,-0.059268904890994865,0.012900041032010848,-0.011420331364638131,-0.00555125939077719,0.009440581407238592,-0.05980115387512474,-0.03600260873858575,0.08818967543433025,0.012035117652245138,-0.018138460980637813,0.07836715731378174,-0.08954146488718935,-0.04771244406483648,0.18581037450596602,-0.035276205622145694,-0.10661625811971762,-0.08455931355174286,0.011289299766349245,-0.02062069725416324,-0.0763636611363893,-0.10978048304291965
Potassium (mEq/L)_value (mEq/L),0.01721695940518044,0.032914881947247426,0.10855971840882134,-0.0633719478330976,0.016758619422620556,0.06421482133823932,0.0444650127584663,0.021546000999735748,0.037374677979939284,0.065632752865984,-0.005248437012796907,0.018616977065343907,0.020940772081259603,0.08272586451919685,-0.05845661448933047,-0.024418118404531033,-0.00401375497190169,-0.03825835942364639,-0.0024727600166137443,-0.005949384237133792,0.005436716814759297,0.1382985220550047,0.11554461011915501,0.01698131971189885,-0.014306116865067933,0.0723702370802154,-0.07868888504702398,-0.02658304844452485,0.0673737424842411,0.03729917812215377,-0.04005043273362891,0.0808755384983266,-0.04381433304473006,-0.020502898841511533,0.01974251139347768,1.0,-0.09634337078740628,0.027630090328997863,-0.04694057504239054,0.06758968863856515,0.031125041811904477,-0.003951694869580522,-0.015975293775081542,0.0075984883919211965,0.016861532687039056,0.025075293288573573,0.00771638255646321,0.011061413106561148,0.027558765946100194,0.043768520854389426,0.016337687057737006,0.06771599604496825,-0.02104418554027834,0.014532840638201743,0.015488118996392854,0.03556929726396673,-0.01765910441986719,0.008526388951573514,0.016885329997299452,0.01831027920900895,0.01621592931873408,-0.01945271415629974,0.0017854481937808725,0.026147798655253365,-0.027881161244224503,-0.024721773743466836,-0.023098089985053468,-0.04502808646547729,0.005695278499944414,-0.012480659584449041,0.05456912382860873,0.08810968761405256,0.019006836517112536,-0.0021728516074662296,0.060238647200554114,0.004594002248978936,0.045783557741153925,0.08618863571940558,0.03945794867732351,0.1090262998719068,0.03924584648583507,0.010428979715358618,0.04382059137574517,0.038513734536874615,-0.01076419949708339,0.06030656401891507,0.02222894117705547,-0.0296888990797676,0.03475913546331972,0.0020731334406226243,0.007116784006199296,-0.05838792584595349,0.01886433001721733,0.06784256996895423,0.0726927411604467,0.0523730922667342,0.015962889462717973,0.051032220191557634,0.004486169430067104,0.07192015048411546,0.030826503996002588,-0.008455597945231824,0.026424824941865033,-0.07380717635547702,0.03121938695679086,0.032767775155744853,-0.021059668205390757,0.03934331548963207
"Protein, Total (g/dL)_value (g/dL)",-0.013899832517266536,0.0037979492972472374,-0.06455899087581898,0.05555807250568239,-0.012464674099029705,0.0011227857701074295,0.03896913479255913,-0.033840116073931475,0.013763418930101063,-0.02891270172584226,-0.025498222463517888,-0.03783679017622505,-0.0003276051241575693,-0.00442843214236983,0.02169394206440781,0.0739832777156426,0.039893980490156446,-0.016702435616083075,-0.035893379675920496,-0.043667174650539646,-0.018705253091953124,-0.07024643613257844,-0.07859176956428314,0.04518309553837919,-0.013348615269235637,0.04098440637418219,0.0351559143269559,-0.0018315774173766535,-0.03660998614745743,0.005107128210710142,-0.0004889472968729645,-0.011573471753343294,0.003552621310975669,0.02936120353545145,-0.026819213959831275,-0.09634337078740628,1.0,-0.012923355823507121,0.08231932285062514,-0.019099485537731855,0.07684417183173954,-0.0184393852643618,0.008257155709869644,0.06993325927038256,0.12347048117912877,0.13312530688052446,0.043659261037303936,-0.006777674321084688,-0.11433268184369198,-0.006848682425066572,0.024130595310579466,0.13982836543321386,0.06740790256321755,0.07777717849742541,-0.006189943946540001,-0.03776852536953263,0.02364633106790008,-0.05747477736384753,-0.039586922463466144,0.004495847680088567,0.05056164403908268,-0.08383989869256865,-0.18176474866919412,-0.07083433635570098,0.08625687171017765,0.052447044653755465,0.09402175343284387,-0.02734930591116634,0.004410667348107257,-0.07228727991332291,0.008219217448308547,-0.01414982468018337,-0.015721492797467578,0.012881388197966775,-0.04567063567363745,-0.05966251431700693,-0.04937448798986223,-0.06138879683486388,-0.023198472195750476,-0.06419784798535476,0.0058379721879041465,-0.03556427576836631,-0.017043798679689973,-0.0021763671673816717,0.037393798642900204,-0.07197483457681139,-0.03719889674550869,0.06490392561974408,-0.042100861098522305,-0.025936149764297034,-0.027050369024161004,0.0466125649685249,-0.059155241561715304,-0.0705891983856922,-0.04873928940362208,0.00224946634187986,0.0160807503210484,-0.05587233088660781,0.1361874837670076,-0.019239845658790743,-0.1013467231890305,0.04138724216453417,0.007415102843407617,0.07607477361817805,-0.049935488955730675,-0.02073218448812146,-0.0037411590148315626,-0.026559618058294203
Sodium (mEq/L)_value (mEq/L),-0.04290789496773088,-0.015976836401307322,0.0086400917428101,0.016175512064962295,-0.02065955285514095,0.02244669966088369,0.007905164732948923,-0.0254977436342954,-0.050056007426029774,-0.008051966462736815,0.012284819338251238,0.0022139232640142658,-0.016000468237036238,0.03656215759295289,0.023230330785071453,0.03973656693976655,-0.053695477709734096,0.011713635341876335,0.006362815463676647,-0.04286432701303648,0.00864581092783655,0.045752628424023174,0.020245669084357217,-0.009344634569350165,-0.0009180551956858397,-0.021383844397241926,0.014438700085778673,0.016531641717317982,0.003495970250711822,-0.00799371614626105,0.04704049124358303,-0.0076167437745860486,0.001655726627481137,-0.0797793182691998,0.030162555222719264,0.027630090328997863,-0.012923355823507121,1.0,-0.01573820021309541,-0.0068197988896025385,-0.018886222831497976,-0.02604116643584514,-0.024377303856652006,-0.0060585158512715355,0.01832187306105483,-0.014086338418821467,0.013152467388519752,0.0013569471928304587,0.015470559047112522,0.02577532136949792,0.003732596039874043,-0.011010454280614292,-0.013523152933641312,0.008620003113069175,-0.011610987739384033,0.022121872771167915,-0.023342743853716416,0.031121237561249085,-0.017252668034882995,0.008250109989237015,-0.02697572440006272,-0.01761287135480869,0.02644177074231583,-0.0023522816111831374,-0.016134644413246094,0.003109631144648301,0.00033361193902889727,0.02392215303504005,-0.023744556428437088,-0.010069766819976853,-0.0010087616837853803,-0.003559472506045128,-0.021182189111453083,0.02855329930281226,0.010490074010818584,-0.025142119342955314,0.030314210857631592,0.02790810061072093,-0.00988710663310277,0.02630244331076315,0.015114378080373966,0.03244227170685714,0.026801233068343887,-0.013368810656522685,-0.0012235590467474088,0.0029467738638358407,-0.032657525448260026,-0.008601066583276378,-0.021573249542262817,0.003959267671317948,-0.0061139673264709185,-0.011263569653398595,0.017521896651126988,0.009444797685226169,0.02488780972958489,0.02274640575285175,0.0038293312199332193,0.0031858633260444386,-0.010263778299350846,0.0177198635885848,0.04937459444458381,0.005671052760824375,-0.03968821753792423,-0.016483145289834935,-0.0026352136260935507,-0.009210782906827019,-0.02308174943269593,-0.0392607177090473
Total Cholesterol (mg/dL)_value (mg/dL),-0.07551382174887748,-0.056153097435634604,-0.0601264454061811,-0.01840210877931756,0.059219844082148684,-0.028668629622007613,-0.07546034232114034,-0.04900554214999796,-0.0018391584644298214,-0.09676698413274744,0.04879657938587169,-0.07630939765885152,-0.051391137364383735,-0.01235371606563136,0.011546645685759692,0.013522258727496057,0.03493317038630207,0.014730366208009866,0.016503683561417903,0.003626258742760856,-0.05244644472744255,0.05940724188361049,0.006662316486835537,0.06400708495078375,-0.07099273079709269,-0.024719089636282728,0.02961560393074176,-0.009746473948186988,0.006953739460628648,-0.004252482387007004,0.1106698730819073,-0.008888604816470736,0.037859254475694694,0.11128260922989268,-0.0054188574044562714,-0.04694057504239054,0.08231932285062514,-0.01573820021309541,1.0,-0.08657705668550701,0.030507686946569443,0.07436323383014733,0.08418636197477955,0.02888199719917583,0.045220884232352286,0.05611030497831608,0.09868695881163767,0.023168192499197757,-0.08239019792376535,-0.028301886045313446,0.11608729227252929,0.1683602675145189,-0.028649554323188817,0.015131154759109412,0.08031228004377425,-0.05917055573708814,0.03896661246199556,-0.01242898769208521,0.025490539287443388,0.05277226506508042,0.09920086878211727,-0.12623301758088024,-0.08704727183669311,0.030614789552894768,0.03293757169409311,-0.010962825139247359,0.02396377117996462,-0.02641768111886022,0.01585427027847454,0.03956747374112509,0.05942005036710429,0.04466161400069479,-0.00659609163086838,-0.03960859987054705,-0.016575911238037828,-0.09009197680798775,-0.0010416842117333678,0.006855056041222763,-0.011297516556875739,-0.00515195827962234,0.02572727194344824,0.0901754790791832,0.0031688677977054908,-0.015942395896920463,-0.029322472291282316,-0.06701867774546735,-0.09772384608013451,-0.0166747131718451,-0.026629735019051956,-0.034289793242983084,-0.016324762610042245,-0.0640754151275242,-0.03348464302641768,-0.07205851949003511,0.010226500692843452,0.019240187215475373,0.0158211679009667,0.027366387235643795,0.09406399426706068,-0.00882127605213961,0.08684027117969821,0.04087127334919168,-0.11762138256860649,-0.017683842116400925,-0.029044064578412052,-0.08752938562615208,0.03258112268889684,0.005502280536856646
Triglycerides (mg/dL)_value (mg/dL),0.0762509103131096,0.1875438556316612,-0.006295375025700909,0.022379041914326103,0.0038755489797637887,-0.04952380012842416,0.0653336755188294,-0.02071173702432731,-0.057851098824213715,0.061265186297881885,-0.062092357512356804,0.07252189429545983,-4.541855774214143e-05,-0.001446933777217494,-0.0006680215737852786,-0.01396881615295943,-0.006518597401760311,0.023274580299534768,0.01987728446884742,0.006915991699044024,0.0821414285743653,-0.045303780912072183,0.03208120694542002,-0.09226614806837048,0.09203695360427237,0.11817090855028152,-0.00033773915801898395,-0.018088046724128483,6.096612810643492e-06,0.011013571723967214,-0.095101950438897,0.10457197944914162,-0.21137528199286892,0.11679575306255112,-0.008860977126480018,0.06758968863856515,-0.019099485537731855,-0.0068197988896025385,-0.08657705668550701,1.0,0.07307241762663405,-0.049199016799709804,0.036316231278044786,-0.0407731400916427,0.06209380348551699,0.05818681039690534,-0.08408441153962189,0.03167967020395626,0.06616431984275305,-0.0413029341363451,-0.002218672443018876,-0.01454542970080112,0.05688548676006174,-0.007792842408097124,-0.0006276633356284128,0.025956181764027666,-0.08392039273331163,-0.015108410580885145,0.011642821634949547,-0.07370932006336872,-0.08253046461974112,-0.01181155560602431,-0.03181280528247535,-0.13985857706717364,-0.016071064211140663,0.07013951186846265,-0.02382243644035421,-0.07789831350369836,0.009929461896062424,-0.019728741165491972,-0.007941814116709444,0.009254674613754723,0.00015052834968321975,0.05758650088753052,0.032749799110959814,0.05396450088436581,0.02599006308695803,0.026884872312363646,-0.0006081173883869591,0.047341387809482036,0.01853829575937368,-0.09011001251603686,-0.01404627881950909,0.027680226396652685,0.03402001763380558,0.06592912183093538,0.08664761691599245,0.022821456674822518,0.0014038282074505862,0.02126392884505422,0.01479420118991753,0.024699354093997466,0.009385324211935353,0.07634458350390998,0.06680952539520996,0.02471509477253808,-0.010501587562368509,-0.04838929388682999,-0.018016139055149892,-0.07407496346944242,-0.12191471133003293,0.002714062016010989,0.07820091843940744,0.07380425091904262,0.05603663974769111,-0.04633007866222642,-0.06598430140625723,-0.05758711558056546
Urine Albumin (mg/dL)_value (mg/DL),0.024510222956085983,0.0582775750749384,-0.012450651737621016,0.03110884665646622,-0.03297503812944333,0.013747554454045545,-0.059789614657379773,-0.04991825888739399,0.030003816910149337,0.04687257046941031,-0.019193830763447415,0.057896506141811695,0.017710545367938816,0.0011671304360599578,0.05179875078525029,0.04610971543709533,0.009511196025969886,0.0009136777306464953,0.01364011445777126,-0.06106838470188409,0.030039596971729487,-0.004763148971317784,0.008670775169499496,-0.001410819029897395,0.005880733574889968,0.09189537831840887,-0.031353189098562786,-0.057027998281432055,0.0009771901949489539,0.026795509283808583,-0.0022020711928321442,0.07648521198702037,-0.08535168376363154,0.12793905158157806,0.009644348027588824,0.031125041811904477,0.07684417183173954,-0.018886222831497976,0.030507686946569443,0.07307241762663405,1.0,-0.047513739320080114,0.01923014049812674,-0.02258320108095624,0.011895261500956435,0.05775605830301801,-0.008562323991017006,0.020592522136173113,-0.029047633877293953,-0.010557208654226897,0.027279201788183414,0.05308313205575015,0.024580918470740117,0.03353832216583064,0.002518265083211831,0.009139013090490382,-0.00018744636673865555,-0.06476197821970459,-0.00759621230058414,-0.03323313777964938,0.002440127972258061,-0.054337526411305404,-0.10751885690103559,-0.047820728985236,-0.030796593132539782,0.052671577717079726,0.03661429929067448,-0.06278306156918227,0.017086428795040375,-0.02182071917727408,0.02312570562248708,0.024920689146248995,-0.03821164150410752,0.046289570589420105,-0.030526015172629394,-0.03055678195444775,0.0108905655612988,-0.005591342017355235,-0.00828894931618099,0.005956179180269748,-0.006955670303170098,-0.09879764474736542,-0.028404100838266666,0.043504366391266695,0.06352651951770587,-0.07950216861425123,0.04129986043918909,0.10246601188953373,0.005190075497549281,-0.024033796454372848,-0.01318064766019824,0.06075612528907315,-0.047667178061252105,0.03523709639666291,0.0013039645407346783,0.02438269038789312,0.008280527171074106,-0.06241624971665059,0.024494727144221618,-0.03185748728297699,-0.17319061401208746,0.036065858281042175,0.03965244132120987,0.151050764574327,-0.004755704163061241,-0.002714805779697389,-0.024906974577710544,-0.03430537342956739
Urine Creatinine (mg/dL)_value (mg/DL),-0.07591207243083015,-0.021921727971999625,9.80363041655141e-05,0.010438166417255337,0.047550950168066014,0.005270253096571209,0.0497034402538567,-0.0194788235824586,-0.019427824619708926,-0.047370046958678545,0.011666121821879004,-0.028811741713115097,0.013663422536718641,-0.0008109427718229865,0.00608198871513261,0.002857003631259882,0.0932799342114636,0.014523193311708819,0.018482823635160763,0.006298722039884718,0.01355746694580535,0.03969704857244209,0.046574560645887275,0.021611158199842197,0.031379143742244694,-0.00718194769294086,-0.03757645680355394,-0.03091229230060156,-0.0035569131865788133,-0.025439324570354714,-0.02399909507841417,-0.03853568114613307,0.03289080418409354,0.0628658566722066,-0.003253881304548332,-0.003951694869580522,-0.0184393852643618,-0.02604116643584514,0.07436323383014733,-0.049199016799709804,-0.047513739320080114,1.0,0.03752388995370478,-0.02533565448140761,-0.016139945950219135,0.0015791268427077102,0.08466099173574167,0.0325472350470784,0.05172082014661425,-4.658119422326899e-05,0.06290903061498708,0.006079914124447674,-0.004973255920421056,-0.011262423380848137,0.0952900663699066,-0.015480249234332756,-0.0080899717056187,0.0202106706008357,-0.02951704049152334,0.07189465684555199,0.08002574718962538,-0.021157344576269683,-0.0029498126557150808,0.04610631048020986,-0.03752247634295555,-0.000249182111562996,0.017277106054173996,0.009137324276764915,0.02153425729940774,0.017055594195149383,-0.010815190675189759,-0.05280291348803781,0.03795892127069615,0.02247405497116532,0.05196148719542197,0.05329673833881263,0.027932750959548468,0.057981826649307205,0.030112331599825324,0.037523923404451195,0.012941083223278462,0.10185966701189682,0.038627969213255384,0.00022848913465972842,-0.022212155844466095,0.029043162357907933,-0.02264086329999532,-0.026468861051556297,-0.0020206696611708686,0.03784194306107441,0.010605605923350804,-0.04945044500060469,0.043772555674233125,-0.021382456078452586,0.0681765238846588,0.031440610080511265,0.033185508453812004,0.05524604757175114,-0.0033071163377058786,0.010870549139772598,0.08434580125294057,-0.0177040849595938,-0.038175549210189896,-0.04535463568534564,0.011119341628805561,-0.05856413550751955,-0.019790670931424295,-0.018224469291156453
clock_visuospatial_executive_time_value,0.03307104783190804,0.06233803591550002,-0.04262319064261314,-0.0018312418916367995,0.05236807441483508,-0.05308262053064232,-0.004050441714825114,-0.014182690826960203,-0.01979872826562264,0.04784828188481955,-0.0031505709873624176,-0.03638170427473796,-0.023238217768529135,-0.042220907171915234,0.006510786505353914,-0.006324701906081302,0.05958682298369691,0.025707862764074312,0.013922171418859087,-0.004070975782141025,0.05555988641540829,0.0018929908805847431,-0.002883227106973377,-0.005631373779889415,0.0009045562238217371,0.05505257575806256,-0.015476069981741567,-0.0026602613625758137,0.01689306368618873,0.01512904269341489,0.005394097242111446,0.012994709192459169,-0.06455344236832007,0.17407214950315705,0.015073733263771316,-0.015975293775081542,0.008257155709869644,-0.024377303856652006,0.08418636197477955,0.036316231278044786,0.01923014049812674,0.03752388995370478,1.0,-0.022199153560040506,-0.00019530696536457966,0.02890991374636854,0.015220950145464379,0.021474840312377435,0.014662495538493968,-0.07676559056588463,0.10566103289857258,0.06186414739910555,0.009708264700757623,0.010014248709483269,0.07925669535857541,-0.03285468839957306,-0.0028917754932482093,-0.04820269645254335,-0.04147952305517718,-0.046944915573171,0.03018331106928283,-0.06448465156030446,-0.029016803612126614,-0.04199290994231687,-0.010925005438658634,0.08143188420620516,0.0005302151199579685,-0.04966957998307977,0.04603037382694372,0.00302497291503324,0.04155724827872246,0.04551579564974059,-0.01551056369762499,0.05025551633759819,0.022909731839833955,0.002305159378942992,0.030728625277741436,0.03116800610204674,0.041377518712871,0.0280371599951882,0.006296776942742928,0.005043682959059443,-0.029757095604412725,-0.025240826949144497,0.014265911800343666,0.00024743975522742933,-0.01974350287078296,7.596158676058738e-05,0.009609285369144002,0.0402969229535099,0.007459535577663508,0.04441188045897948,-0.0051792490939482445,-0.021279058310150534,0.04113080954562296,-0.007073865365691979,0.010415996843561398,0.005299521728895763,0.03283264795218357,-0.07875975570215951,0.011004696823925016,-0.010398778340664891,-0.03538347227600433,0.0018338383444000189,-0.0022707859046408574,-0.07341988267917127,-0.015391809502633011,-0.04726410037946535
delayed_recall_with_no_clue_time_value,0.009155956736261371,-0.08808204904216374,-0.048442796628899054,0.023186921194770737,-0.037596383263470305,-0.01974668076024727,-0.03497583643740883,-0.028470017436256285,-0.010360428372648769,-0.09489450530811931,0.011183967579456236,-0.013604957159405311,0.03245515309797384,-0.0021122384000407564,-0.0029464950560970323,0.0352409428466822,-0.02294247694025576,-0.055486124953554865,-0.08652286229559969,-2.830190660465178e-06,-0.048778401271573596,0.021153495774811182,-0.05291662878899592,0.03474060054863283,-0.0015150712886783458,-0.033282136492414384,0.02650838361698881,0.03776818998858587,-0.004087256868410985,0.011240259289507861,0.05165402997776937,-0.05419827462127249,0.060938571358157535,-0.059981582945491656,0.08063085582287496,0.0075984883919211965,0.06993325927038256,-0.0060585158512715355,0.02888199719917583,-0.0407731400916427,-0.02258320108095624,-0.02533565448140761,-0.022199153560040506,1.0,0.10355920570233947,0.064426910276729,-0.04156616886718364,-0.03667405495708604,-0.06378213862743548,0.12426430812112772,-0.04657984373876857,0.062468983563102994,0.11356427176219917,0.0031439696337254796,-0.03164521733092545,-0.022328027534174635,0.036682513241475215,0.08701747004831295,0.03199685653795019,0.037374119525147416,-0.014019628873285448,-0.035887749005288884,-0.005328082872968436,0.0013402296567626988,0.022602205395231584,-0.027496596847198424,0.058731874247557506,0.00029573994320685495,0.000984388418100016,-0.01986723498307914,-0.01180075491223146,-0.019863909871824213,0.007513296387712612,-0.022870923205173928,-0.03795782662343841,-0.04836606210846219,-0.0644500700758811,-0.06828110347696575,-0.010725888531543366,-0.09152869784709484,-0.04029779047647846,0.03139553593798944,-0.011486125135395646,-0.05732643055310129,-0.016293297463596607,-0.03614307053373625,-0.07910358620926738,-0.020645483237645475,-0.009451155177258416,-0.012188854844322838,-0.015585090170907243,0.00424326206972689,-0.05466320480909525,-0.07746367187033922,-0.05731945219589322,-0.011555960146180147,-0.012225166734829538,-0.01866757450374672,-0.022107661753096825,-0.006562081794963245,0.1168003411399366,-0.020650081723784408,-0.07553739184584721,-0.039790140238490077,-0.04126312863769412,-0.015434815514840989,0.033291545477102676,-0.024289752206425798
digitspan_time_value,-0.02579789606923737,0.02860209719866065,-0.0021253454535886066,0.05400690428034749,0.00744117082642205,-0.03943428792119089,0.01702741714431488,-0.030490377878158347,-0.029307789892931733,-0.010787295329450369,-0.005139115757261761,-0.008889280348271675,0.0016869908084431056,-0.01769207236738198,-0.04542965572883197,0.07012057872234236,-0.007123150592996371,0.0037979582505194053,-0.014296914174924291,-0.02820671820868433,-0.004871696895018494,0.022721647021600764,0.01856312815084009,0.021280261707962544,0.04771733954145207,0.033147209426440706,0.011318384927521595,-0.015176257342807933,0.07920634812857419,-0.015808285709514116,0.026152137402687015,0.10233151350786043,-0.05493243579944928,-0.048796019281213805,0.09164698388869326,0.016861532687039056,0.12347048117912877,0.01832187306105483,0.045220884232352286,0.06209380348551699,0.011895261500956435,-0.016139945950219135,-0.00019530696536457966,0.10355920570233947,1.0,0.14983521728767546,-0.017277732341373052,0.011026106943662219,-0.07330303735986061,0.06364224222339919,-0.023195233634423863,0.17107036612122725,0.05959455644789423,0.04236880861190834,-0.01626917416319863,-0.010415079125965716,-0.0032327960199418125,0.10316827844278574,0.023757455158117637,0.07405910424158138,0.04560731485351018,-0.11528354760886245,-0.1590416546434004,-0.06344707644915187,0.0910823349784363,0.005258379329218489,0.049947322944485076,-0.030964065988648103,-0.014853206179651074,-0.049429391084369445,0.010180233205715445,0.015185446751297932,-0.00894049626394513,0.06990750519915785,-0.00492339801708959,0.00096757762383087,-0.009027465520146388,-0.01090672031912452,0.020084798282202766,-0.005906852871449373,0.003408433836073869,0.06428614244393308,-0.018673595319973146,-0.02997017032342264,-0.00241935453477696,-0.026534293209973508,-0.041232780431773565,0.011339837201755095,-0.002124744457758433,0.016783778062476908,-0.016763262411135054,0.02866066224049806,-0.016291146371466066,-0.05730894404120545,0.042305075224466956,0.009316456993770662,0.04384565116629915,-0.0018252551109452645,0.01732584215866288,-0.04235236882829965,0.05782956760217871,0.007305308070607243,-0.0589707238529316,0.022169756246364705,-0.04637517721686022,-0.02410709536080105,-0.0455380143282311,-0.09029459465802439
memory_trial1_time_value,-0.025447821532169474,0.017411938116684962,0.018012622214144625,0.015511313385812544,0.042955421762596896,-0.013957098314337607,0.012175785800101747,-0.05039121401557167,-0.0005577820243881924,0.0006206608500201103,0.0017063058889166716,-0.04571864081734529,-0.018531381676136608,0.059992315418537376,-0.05261299693668112,0.06649486475657396,0.04536516929317756,-0.008511718052961255,-0.03653644623565735,0.0024191210264442827,0.016382785371972748,0.014262382066015508,-0.014089024956259055,0.024773447883945372,0.009608678391226495,0.043782758880843514,-0.01782270747897092,0.0037104269968151037,0.06118430380694175,0.04807142798008114,-0.017723548808502198,0.03043226437760874,-0.06301603990229113,0.03633395828249036,0.04146628481188712,0.025075293288573573,0.13312530688052446,-0.014086338418821467,0.05611030497831608,0.05818681039690534,0.05775605830301801,0.0015791268427077102,0.02890991374636854,0.064426910276729,0.14983521728767546,1.0,0.04516893305446922,0.013254360321734483,-0.2071481167226113,0.049751898639457,0.013401651473904498,0.19002017160078755,0.057586891338608136,0.06309840273357953,0.02776206360984157,-0.02990873213603263,0.033822463753100704,-0.008138237321434387,-0.02665057792328881,0.045407473684866195,0.099702830327159,-0.13766899496395513,-0.18352346120675198,-0.031081647677968737,0.031545416042035125,0.01656238430336834,0.07678908656005598,-0.04521696974097267,0.01702324525794602,-0.04350955049263448,0.019577948423789827,0.043422698401833285,-0.010315293896974552,0.06636613817297435,-0.032696803928294556,-0.055785696676822656,-0.010448622175851543,0.023542634983012598,0.01962224377931486,0.009920209415922521,0.01976012109493502,0.05823180156870519,-0.006615300229265596,-0.014504159208715055,0.007147995460989182,0.01991699800158588,-0.006744230938161347,0.014216907917184964,-0.014904125145968415,-0.013262229896786548,0.038403829424313606,0.032701930612403486,-0.010618766170439733,-0.03372995373702531,0.03761841774133525,0.00485978380967811,0.01952468261567233,0.007918048799186781,0.17566779784857192,-0.037791894799527506,0.04032807363367961,-0.011326731062019991,-0.047605770947444226,0.009187529500924439,-0.03179456876486933,-0.052707154002264306,-0.009985948005077242,-0.03355505672376675
memory_trial2_time_value,-0.045792815831811745,-0.019210679136604472,0.030143370591386234,-0.009786851392287025,0.05029443384179508,0.022250499762424894,0.006003358182133798,0.014608763646259721,0.0648932332294968,-3.2971727714918415e-05,0.0031793821311587585,-0.05412539767432009,-0.04059986637957744,0.020559340620700323,-0.009293128836777199,0.0442822233233673,0.012845815416907597,0.03030922758854334,0.04683428074187525,-0.026673381970094584,-0.03264921460057851,-0.002950044665512298,-0.025354045621821582,0.05126581850684278,-0.06418102272095692,0.009463020429299756,-0.032606221732963896,-0.07996004138888048,-0.003963824216518423,0.0014431938021219632,0.048762137022488446,-0.026160451966100538,0.04035514388152921,0.05018653090709375,-0.10132573636310585,0.00771638255646321,0.043659261037303936,0.013152467388519752,0.09868695881163767,-0.08408441153962189,-0.008562323991017006,0.08466099173574167,0.015220950145464379,-0.04156616886718364,-0.017277732341373052,0.04516893305446922,1.0,-0.00843623808649994,-0.059022205716237695,0.0033641474168223137,0.14760241890468645,0.030393932304309652,0.002160697039702217,-0.013778965421684074,0.11697150563288397,-0.04359380526884222,0.019458102605351153,-0.04592271295332401,-0.03110807251064806,0.06443562115070263,0.06267660338350417,-0.005819838476754931,-0.052758026096482086,0.02872035270348279,-0.018947019894392025,-0.031663730328313565,0.05122353398042738,0.0028550287371167373,-0.0330211552541832,0.017775917447178657,0.04504062726349577,-0.023454452720404837,0.021551432109161144,-0.008414583633435889,0.004588281699995455,0.006941625010885494,0.028440481916985626,0.024016395442996927,0.02202223499975858,0.043264184590730254,0.04720592830267228,-0.0021312806460989245,0.012632380260634112,0.03967519593085818,-0.003732201578620683,-0.0389257932823336,-0.009428512012530909,-0.009060821674392622,0.035893419023691454,-0.011850240228368237,0.04458164898278778,-0.021680591297610494,0.041988213411864234,0.022641261760961148,-0.023827233849425398,0.00563938487181871,0.03216576417341212,0.03446446923946008,0.032516529172866356,0.05934342273722215,-0.008017143813132361,-4.3700946621925064e-05,0.022815715168212753,-0.02897071404643013,0.010054281944302013,0.02552495089722174,0.02683857841412388,0.06519844820164637
moca_abstraction_time_value,0.0019808152971780126,0.004877467518739275,0.06029428235061556,0.020370719722961513,0.06880575497322944,0.012686374351213484,0.0031655368532391977,0.014771734038431175,-0.008423666950143098,0.02347612302905139,-0.002554141496774705,0.020280449677135805,-0.012489420379983952,0.033841080689171875,-0.019077581301244952,0.010949918652636552,0.035572982034731866,0.004156593912548121,0.0547371398337321,0.0046245364448658675,0.024993002427112696,0.03630182949882043,0.03352591574007589,0.0035936651310017526,-0.004374165700263697,0.006209483816879735,-0.029768376933750527,-0.07113589098101554,0.02187697148616623,0.031024814815544494,-0.060912063173334446,0.028683794323293783,-0.012621479361445054,-0.003454063572579083,-0.036786523046549634,0.011061413106561148,-0.006777674321084688,0.0013569471928304587,0.023168192499197757,0.03167967020395626,0.020592522136173113,0.0325472350470784,0.021474840312377435,-0.03667405495708604,0.011026106943662219,0.013254360321734483,-0.00843623808649994,1.0,-0.007251087430056695,-0.026073209290531522,-0.0006607774314944483,0.05746469929773317,0.0008602353536321814,0.025031978586838817,0.020862772868181105,0.019926064591450143,0.02085007551420318,-0.03587882729659443,-0.0228121879822504,0.001999233345919076,0.02490654429044608,-0.047790923928118345,-0.07255861255095741,0.0023524438178868777,-0.021558229529368013,-0.016787024343796052,0.01846037348322768,-0.018831638607557703,-0.0349285859784286,-0.02485783577476456,-0.005878344353669625,0.06455461194591817,-0.009584277063105193,0.02097421996983126,0.008361086421572763,0.024362234675330788,0.02509761022784114,0.05363000120298483,0.003889821518781851,0.06334406557035763,0.03132632662283519,0.01903540225754638,0.013671771168424558,0.035191083020697136,0.00860725265959952,0.011807994074715214,0.020312596817210662,-0.03235976794919599,-0.0007106037655706079,-0.013661914449025724,0.012873521317145637,-0.010955274060590306,0.02262666699528098,0.016926929412706484,0.026888298590895594,0.022477447796508367,0.005155610583407614,0.018433390178088198,0.05709566716195403,0.018793357841318234,-0.00775213667924057,0.02236469750414677,0.0017774315411563082,-0.0052580463980060775,0.0014640354462392895,-0.000950574351099419,0.0024611277137160576,0.013864713398194773
moca_orientation_time_value,0.06100463680212714,0.07128504915563065,-0.042060486891317826,0.07270036524960681,-0.02047582076883586,-0.023384062604183565,-0.03104759030657552,0.03586403883905071,-0.1170231044445971,0.00735129986316781,-0.020214637319388155,0.04527435012130946,0.01686595025727836,-0.08000359258251308,0.05018062032735536,-0.04740074003509193,-0.05351643098356766,0.08712311309279136,0.12353606917653408,-0.03142008697576482,0.00596084520782366,0.009560998181082102,0.11977397087098074,-0.08790866884943564,0.07706942145971635,0.007385072437474471,0.011923412686214765,3.3314702149080774e-05,-0.023637122566420633,-0.05641270071175127,0.03582539476617379,0.048262376912210615,-0.05271304747318397,0.0036629137503303116,-0.046867574370334786,0.027558765946100194,-0.11433268184369198,0.015470559047112522,-0.08239019792376535,0.06616431984275305,-0.029047633877293953,0.05172082014661425,0.014662495538493968,-0.06378213862743548,-0.07330303735986061,-0.2071481167226113,-0.059022205716237695,-0.007251087430056695,1.0,-0.12657674640206631,0.015619044576977709,-0.15265913226490677,-0.09471626031641024,-0.09062115364372969,0.018075075092063363,0.07100329688670366,-0.10866426998969896,0.030130542466382828,-0.06074667419381034,-0.10456440356608475,-0.10011871894190724,0.0875494973657294,0.13937715272673548,-0.016529118604403894,-0.09160144306775969,0.03452227896803747,-0.1116868449721303,-0.02271723860191396,0.0028099603221562854,0.007087887014909375,0.010365748249048646,0.07272537696496446,0.03246474649035837,0.019068082585269812,0.07403205691053495,0.0878496893720945,0.028998275850371413,0.027267422541862416,0.03794829625799764,0.026370546733477246,-0.0023247684008908757,-0.04799761052308492,-0.007040286090906956,0.0009685703173115238,0.025400247331342173,-0.016692949750327285,0.023827621346767743,0.014608124131904333,0.03471536825530017,0.036081126522428744,-0.01210450666040588,-0.0014755247189360912,0.06739230335255625,0.0884988673943799,0.030212168311587174,-0.0035316146342818633,0.001705681952599385,-0.014235950392039577,-0.1341468626199242,-0.0395947729551279,-0.07053309662084803,0.03904358433192899,0.021961452329419776,0.0384669214744244,-0.0014258514919007555,-0.04059353922060678,-0.09460006105594274,-0.10040654580974044
moca_total_score_value,-0.053022073285738734,-0.053266989552496535,0.008777148835311185,-0.028013060608908492,-0.06722624040635215,-0.008641977547607952,0.03242700374627266,0.005271958806237655,0.01083095399424744,-0.04491858323480584,0.02127386497972083,-0.012819252537805161,-0.005592696948769474,0.0229981947947233,-0.05785739513235997,0.06893416862351155,-0.07614754294007003,-0.01796095113235611,-0.04191166099233023,0.006555971373886586,-0.06568571975906776,0.009119392851666786,-0.01843347321827099,0.02729874583045563,-0.004208721924832223,-0.015603615645953807,0.02361568660515337,0.0007376511564202939,0.01755408815422461,-0.0005700524325737138,0.007023105057447106,-0.039147192197686476,0.044789905363614234,-0.19220104001145433,0.08218796309630023,0.043768520854389426,-0.006848682425066572,0.02577532136949792,-0.028301886045313446,-0.0413029341363451,-0.010557208654226897,-4.658119422326899e-05,-0.07676559056588463,0.12426430812112772,0.06364224222339919,0.049751898639457,0.0033641474168223137,-0.026073209290531522,-0.12657674640206631,1.0,-0.10577861839934047,0.022933530299282592,0.05321326728699919,-0.04001772559354451,-0.10914790451434107,-0.013714575062244156,0.034570929944342146,0.19587430804405545,0.058692178466590327,0.15160897753443955,0.08337910797021124,-0.018496901634993172,-0.00043931803839107505,0.0010948176432150755,0.03725348178520094,-0.1281201331244654,-0.005168792330923197,0.01737189400647626,-0.06295761335205236,-0.029620911101441154,-0.05042154860357938,-0.07024374257989315,-0.0006862510302915679,-0.010675301255681087,-0.04607843275515146,-0.06824764096589146,-0.0473420418353966,-0.05883947539633459,-0.02950758450381386,-0.034922508912288555,-0.014407692188136789,0.0518180832944031,-0.004210230119230972,-0.02550766148257303,-0.02780576755649857,0.0036961319387885266,-0.03233507565505913,-0.02299454383030541,-0.011469718673468281,-0.032250413551101066,-0.026428711352584983,-0.029283205752968774,-0.016767164670137603,-0.06910509687253451,-0.027231987314752296,0.00021089575018658297,0.012151246149155609,0.03839330035012349,-0.07529338894112506,0.01908267924695306,0.09689251689243601,-0.026069003804089986,-0.03986719939021158,-0.05087960477731921,-0.01162860664266278,0.05082114830586312,0.024840914510428264,0.018981836729798505
naming_time_value,-0.04449657728376484,0.03072602919888746,-0.03607960986774094,0.023079155900409567,0.11974611847825528,-0.008497767137608263,-0.0011272994246762185,-0.041992794229554334,-0.021970207444444015,0.036276126528609405,-0.0161465453329605,-0.033999522508823515,0.0271522957200765,0.004035487954405534,0.0020092070236441754,0.023580231071984998,0.03465912690921835,0.08715414007263197,0.05180329585581857,-0.08034951980051579,0.061072447522505305,-0.01639606374946055,0.010083068950542175,0.004851730799276695,0.0032705547378767655,0.031094444248430338,-0.016369628268276062,-0.007124977495882025,0.0022166308829189786,-0.023776437658609418,0.10848330835769773,0.010128513390782535,-0.042049045719671344,0.19095665503864476,-0.041861174903605754,0.016337687057737006,0.024130595310579466,0.003732596039874043,0.11608729227252929,-0.002218672443018876,0.027279201788183414,0.06290903061498708,0.10566103289857258,-0.04657984373876857,-0.023195233634423863,0.013401651473904498,0.14760241890468645,-0.0006607774314944483,0.015619044576977709,-0.10577861839934047,1.0,0.06486471920509854,0.0031411000264467796,0.04192229378578903,0.12369075606597493,-0.048604129454976476,0.031393924686053336,-0.06113457978187422,-0.07352502803410187,-0.04897734257392478,0.02891435138067943,-0.07806623423917593,-0.05390657663255417,-0.022026643320598106,0.014672183895477796,0.08961962576142256,0.023716340785364828,-0.07973845815603929,0.042093655191403734,0.015791711030617703,0.06435845047325708,0.01061682201946008,0.015177925744568603,0.0505241868119179,0.03731383743470068,0.05615903193593274,0.05028419128264049,0.1132228632011377,0.04178106077347795,0.08141327895695122,0.02634518075491849,0.03611461787203634,0.032630327318140924,0.0594106421652996,9.745639882655904e-05,-0.04463929410011538,-0.024759227124645875,0.030209896275612796,0.053844819379573014,0.012090574897204944,0.012328599036779362,-0.022155867662549036,0.038054959206612976,0.044489030065043136,0.042938311071304476,0.03531865614883297,0.028360759443703098,-0.014290429613487447,0.059250425398663535,-0.0020177771652262625,-0.023236848893263266,0.05164827095517887,-0.007963744970971182,0.007611061789578688,0.012442141587640976,-0.05378210241749943,-0.053832211387647225,-0.05367518720928457
repetition_time_value,-0.07441439399996874,-0.02878306264902215,-0.03001642052878153,0.018689260021306813,0.05456714294090184,-0.08709564246270471,-0.05265409272098376,-0.09966904030419212,0.015287636978582162,0.007548636957808558,-0.006063942835623758,-0.004214197339084717,0.042201557257282696,0.020558109380760504,-0.04365720032142886,0.10095421656096361,0.00830711629054726,0.01956907268964023,0.01465548051494549,-0.04871409583521671,0.025743206531593243,0.10182473020323193,0.02594193234456118,0.029865879438411458,-0.016041976223319827,0.052254731254650744,-0.005231558959564415,-0.03586519825914973,0.0680043963998696,0.0630074971212251,0.10104386131388583,0.1183573847625152,-0.047520557793320393,0.03149010086667744,0.07422771918741139,0.06771599604496825,0.13982836543321386,-0.011010454280614292,0.1683602675145189,-0.01454542970080112,0.05308313205575015,0.006079914124447674,0.06186414739910555,0.062468983563102994,0.17107036612122725,0.19002017160078755,0.030393932304309652,0.05746469929773317,-0.15265913226490677,0.022933530299282592,0.06486471920509854,1.0,0.023667077976851362,0.08861614126593914,0.09108168917140305,-0.053263417540837465,0.06705552279289698,-0.005277097957761809,-0.05422195975808328,0.06447149947130891,0.11324152277929264,-0.24261927130848432,-0.23305087503800115,0.016720248112101873,0.008269774392569115,0.02778224904284599,0.10860163001734986,-0.10743717075610014,0.01642508621743991,-0.06423934311201801,0.1615180193125734,0.1908581109578199,-0.03765562737820231,0.08941519167606657,-0.03135892945877271,-0.04905289687553095,0.0013347052373439995,0.05294311293622775,-0.004063861515253597,0.044373195379050386,0.050748106993036765,0.13246125128457767,0.042637566530460816,-0.02022154270476503,0.01911208285832794,-0.043661273401027254,-0.10606314990173155,-0.03275375642343014,-0.029696708981197337,-0.007887131211850246,-0.0005259030610236969,-0.007686595991691169,-0.08351898625342458,-0.06849012449082313,0.06857780971120601,0.03673828166963858,0.008325159492704463,0.047103811641116294,0.132151427947863,-0.031467986830178624,0.09641308645388079,0.01896219406970403,-0.1179813092254705,-0.015294594628086515,-0.04030185683206219,-0.06530632391859155,-0.05703713130931311,-0.09886442735901178
subtraction_time_value,-0.00663228865486158,-0.02713962360413113,-0.035980591336279004,0.006793126520411336,-0.012890585999452002,-0.000978553405367277,0.03313465095744539,-0.00248970850446362,0.024343441487350827,-0.015025914415194287,0.0037977690847068295,0.01691595460506927,-0.013182467039177515,0.034962888434265246,-0.016148223126169908,0.01782386694870076,0.06971127756886507,-0.04777830178109213,-0.01779975954069195,0.0015799780738447848,0.016876284463770812,-0.05466594744312429,-0.06339786769225944,0.003407068737716711,-0.0013310064904639895,0.014689318897388058,0.013388139380507048,0.026855681606923785,0.014954583371021138,0.010544784398054825,-0.029220906328314436,-0.050803893079019516,-0.02051633562357274,0.02077769176000061,-0.02457464166281823,-0.02104418554027834,0.06740790256321755,-0.013523152933641312,-0.028649554323188817,0.05688548676006174,0.024580918470740117,-0.004973255920421056,0.009708264700757623,0.11356427176219917,0.05959455644789423,0.057586891338608136,0.002160697039702217,0.0008602353536321814,-0.09471626031641024,0.05321326728699919,0.0031411000264467796,0.023667077976851362,1.0,0.058025920478301976,0.0011643905679220297,-0.010231026278336938,0.019133236580773025,0.004246019455633907,-0.008615933888602411,-0.0037970968918123564,-0.019271720053351676,-0.0013884505899140432,-0.08560151928862789,-0.09596191616489762,0.06510921595685452,0.04431396136302911,0.06286154436081827,-0.06549716537082864,0.027768773760661142,-0.008097555038699212,-0.017276659627882444,-0.058856285112328655,-0.03768201145387798,-0.023430044454549423,-0.020152316694571265,-0.024612561910104105,-0.06520285151580775,-0.05169036204906548,-0.0024235136414562934,-0.022737857866274552,-0.00010753665652910823,-0.02422298348100781,-0.011271424365946402,0.006771986196815427,0.0010207481520917415,-0.048493895803965195,-0.013037742905655278,0.022439923736399005,-0.02525700879110031,0.014572168761932042,0.013381406494601504,0.02848139492341357,-0.03022983028148713,-0.0013298983818772476,-0.05399125344260717,0.008026445610693884,-0.03034882313305249,-0.05645993968909122,0.04610085818761393,0.033291844154166056,-0.02429778113915788,0.02090535423970156,0.001657069414362087,0.003072776085235865,-0.027396801942671946,0.008810076266048157,0.011064184675274825,-0.002044192849354411
cube_visuospatial_executive_time_value,-0.014702922537660779,-0.0022095754537876265,0.056386778408811615,-0.027444761515340227,0.025030716256537328,-0.012825819584461155,0.017282490231814475,-0.023644020405758023,0.033748674811863624,0.022937863939325797,-0.025103410636953226,-0.009914683858966097,-0.0190258006616991,0.03195355516042498,-0.037722966936175745,0.02844630023856188,0.027093620139733435,-0.027856740728292733,0.01976205979657604,-0.024182726862825632,0.013003945570983654,0.008101482301137572,-0.0042195774585138705,0.017706036338657267,-0.019746055532544323,0.013395015079391058,-0.027511951984262355,-0.018064342594969366,0.025023789808417355,0.03949106597193913,-0.009512244771292212,0.01661091634586499,-0.02596061982450281,0.02888437841137452,-0.0026167587429457378,0.014532840638201743,0.07777717849742541,0.008620003113069175,0.015131154759109412,-0.007792842408097124,0.03353832216583064,-0.011262423380848137,0.010014248709483269,0.0031439696337254796,0.04236880861190834,0.06309840273357953,-0.013778965421684074,0.025031978586838817,-0.09062115364372969,-0.04001772559354451,0.04192229378578903,0.08861614126593914,0.058025920478301976,1.0,-0.012252168129561427,-0.017236357270160513,0.03941646486753737,-0.07367925644215419,-0.019206906416442727,0.027106150055099327,0.0383698781044073,-0.0628930312065796,-0.10535470017465282,-0.00814685263484591,0.05041219606389576,0.041480637219705824,0.026774521230071832,-0.02321171466073631,0.04741793698986609,-0.048514480503349465,0.0026306289165773976,0.034255152618526866,-0.05017437199646595,0.002260867567776675,-0.010438818617283973,0.004880195350150082,-0.002041154300676275,0.013163351875257544,0.013568111431515099,0.03799707170653582,0.026763771655348705,0.03639015129424615,0.025681441375133982,0.03315171796222982,-0.0010043841046739033,0.030827996531639208,-0.013071397123950066,0.019181164204423434,-0.01476911347143746,-0.009684225313859395,-0.005087926235291302,0.027194799428082585,-0.0053963640050146006,0.03642515842648989,0.014027597972582316,0.04794271893840486,0.023589547707223168,0.007805312822738373,0.13395490076337016,0.032601998225791434,0.01889652560811291,-0.025600167402255163,0.008403624808913863,-0.024425940471925603,0.04923653080426874,0.02350699876133616,-0.016118512032868154,0.02323956594765089
lettera_time_value,0.025754263815431087,0.02828818819951386,-0.023810478205725003,0.028968945443394144,0.08119624499019619,0.0013562925882935363,0.01950089490601899,0.03864488020004852,0.02138399135960064,0.03778960238374306,-0.011548852496960022,-0.025246335463646345,0.012156960049255133,-0.005272398651146269,0.00012136368806148551,-0.06769644277898046,0.03225766480315529,0.011267335561694212,0.013332785234146084,0.013581357035893851,0.02369968881840507,-0.03370462812288109,-0.0160648976191958,-0.02269578429404301,-0.01248482547304936,0.00402275393487899,0.0020818485495173516,0.011318740805581347,-0.014385094737083475,-0.02285019043334888,0.050195826547781895,-0.0025202314453287656,-0.05777431901653385,0.15280752235964642,-0.06651001853214358,0.015488118996392854,-0.006189943946540001,-0.011610987739384033,0.08031228004377425,-0.0006276633356284128,0.002518265083211831,0.0952900663699066,0.07925669535857541,-0.03164521733092545,-0.01626917416319863,0.02776206360984157,0.11697150563288397,0.020862772868181105,0.018075075092063363,-0.10914790451434107,0.12369075606597493,0.09108168917140305,0.0011643905679220297,-0.012252168129561427,1.0,-0.0015811364851549613,-0.018860401449565144,-0.03804000951052775,-0.06588427974476416,-0.002310533324157481,0.04602305998774673,-0.043940268531922566,-0.009812618492300626,0.015101619013602963,-0.0412222419834635,0.01814083019519067,0.005836462207342902,-0.0336743636241112,0.03183395719208762,-0.008212682145398399,0.021517560160782434,-0.006958661140435714,0.0008863209358666332,-0.005583346328166899,-0.001472773602507093,0.005963955540752064,0.06482972225204472,0.04848188912833568,0.031272665457389076,0.038010279954214646,0.04210970157215177,-0.0034473294670304805,9.862516121494359e-05,-0.010753712860176482,0.005238976891415236,-0.0191367367396813,-0.003672999342518385,-0.006801291657341664,0.006747581485203396,0.02232850136902323,0.025051771979850628,-0.030131852345553347,-0.015578241566698242,0.012720331041533462,0.0297549370781928,0.025017796249806133,-0.016541304027507888,0.012826158752650864,0.03336602225213461,-0.01390189479088844,-0.04323430195744025,-0.002644003579114865,0.012514697941617851,0.007261494129370918,0.002548106899562161,-0.07448344277610754,-0.016091646809964125,-0.042143615662312874
trails_visuospatial_executive_time_value,0.02738795429666219,0.027049929301001988,-0.005462413935487665,0.04808063140088662,-0.019876644135630023,-0.009269798129448465,0.034096251228949125,0.02882644564094308,-0.006484280655275524,0.027438136532385,-0.023233305873349087,0.03216769366293997,0.01502651253268074,-0.016182026388884597,-0.005554287653474487,-0.03978625438493243,0.0047595276187867635,0.022940268388499302,0.0069951640962892,0.016394305669957185,-0.004402509190874927,-0.02143948174421057,0.03021373155439505,-0.040179055566235584,0.030249151094138175,0.014374112257031777,0.024953770182304203,-0.017098822602290127,-0.009241488712704417,0.0031085575890635094,-0.028173448013169813,-0.013869319961989972,-0.04583784349166155,-0.03437780578521269,0.023900135378600057,0.03556929726396673,-0.03776852536953263,0.022121872771167915,-0.05917055573708814,0.025956181764027666,0.009139013090490382,-0.015480249234332756,-0.03285468839957306,-0.022328027534174635,-0.010415079125965716,-0.02990873213603263,-0.04359380526884222,0.019926064591450143,0.07100329688670366,-0.013714575062244156,-0.048604129454976476,-0.053263417540837465,-0.010231026278336938,-0.017236357270160513,-0.0015811364851549613,1.0,-0.053801111850871546,0.017312908081931998,-0.033826623270767436,-0.00930915926108936,-0.05721588192674954,0.02453600038628819,0.049337213678949984,0.005870843498234381,-0.022934286933044782,-0.012514304628450315,-0.03645612501473405,0.008133071965548248,-0.02774965658885474,0.013218766143311564,-0.05887489035218908,-0.009194810254585161,-0.004498984016973804,-0.0011262411077063907,0.0008276093311515722,0.0282928242792159,0.0006129566867646433,-0.0019145808480936918,0.010496965541235796,0.01585264121831515,-0.018861541817833196,-0.04219834420847522,-0.015981742515052393,0.010722951988604373,-0.003932001866270009,0.017035534789501407,-0.0012183073826572532,0.0008003076154126763,0.008096001125326126,0.016330783398875205,-0.013565720731583915,0.03511325656808375,-0.002600724315421987,0.05653225838846037,-0.015709980189827808,0.005349811463123523,-0.01368653129272882,-0.029625759657789814,-0.054926280426182604,0.0037762181735907885,-0.0062316502465336685,-0.012586895105420551,0.0013351001073019307,-0.009332221479573388,-0.0004257201477465655,0.00343838352210475,-0.03433407241549622,-0.058428971194011595
moca_combined_mis_score_value,-0.023622440108982734,-0.07081660981386381,-0.009851673935089936,-0.046360653002122644,-0.015752969021212076,0.01535400270804895,-0.04493099551485549,-0.015631383838218414,0.06218270042144591,-0.04501500273097542,0.032788405520684384,-0.05455022122472436,-0.019394599671174406,0.035941666859309024,-0.037967740362517974,-0.005990164920473705,-0.00386730760897681,-0.02367923172273757,-0.03447894401024971,0.014780082486358022,0.017372410919646624,0.016377150681121968,-0.04877257641161961,0.05950215384448606,-0.04576848979261299,-0.04135737563175468,-0.011986947986371869,0.020701677454997597,0.005805406131572956,0.02483568836187965,-0.007468474933918921,-0.05648823406386839,0.09884343496340808,-0.02173468575980341,0.0007759669527868579,-0.01765910441986719,0.02364633106790008,-0.023342743853716416,0.03896661246199556,-0.08392039273331163,-0.00018744636673865555,-0.0080899717056187,-0.0028917754932482093,0.036682513241475215,-0.0032327960199418125,0.033822463753100704,0.019458102605351153,0.02085007551420318,-0.10866426998969896,0.034570929944342146,0.031393924686053336,0.06705552279289698,0.019133236580773025,0.03941646486753737,-0.018860401449565144,-0.053801111850871546,1.0,-0.011552626221078636,0.03332100463040165,0.07884706676172187,0.060808289115374024,-0.02408180968173753,-0.02603149389310596,0.057427881126181426,-0.007336997062848038,-0.04181369912713287,0.05437827002784214,0.01183029386303409,-0.022751898495875847,-0.05582282492462819,-0.017102944806578202,0.032758176013316986,-0.031062080000256766,-0.01944395639704294,-0.03503751009118343,-0.058055779858440196,-0.031335920146362495,-0.0070288415683792725,0.00597949190084133,-0.0247856944196472,0.021771657761783848,0.044045894689684034,0.02554856974690882,0.0071412591836675955,-0.016251994890292748,0.0023368427071709607,-0.021411803327301,-0.030123872661672976,-0.021288701047584714,-0.03642989724840114,0.0014767208392114652,0.0170894668202968,-0.01084750638751994,-0.042965220631784366,-0.014615269819548957,0.0004714490143557558,0.003245089749236715,0.013203339433028212,0.06960738585233976,0.033231859717507126,0.05850921308165657,0.015002481892261351,-0.052176583793684166,-0.02470094553676824,0.027742076179858993,0.043830040639493445,0.052485368811033904,0.061292123635843354
memory_trial1_value,-0.004415702827618119,0.013592090558383601,-0.004777564484414377,0.0006149937873391803,-0.06161061184522486,-0.04910497760925372,0.027764614215784373,-0.00027783010779942327,-0.038910422974628704,-0.035869641992545755,0.012398561566554552,0.021586961824526657,0.00044914834602836695,-0.001318883581825273,-0.017358505869696537,0.028722086006202116,-0.0790626870192368,-0.007015424172176585,0.024526686330572034,-0.012584959776267788,-0.05403454586411348,0.027269141415165305,0.07014017242578671,-0.023052559919101073,0.04746378843415487,-0.001222870994855893,0.06805206071202761,-0.005717660332256916,0.008002837340251995,-0.0418596000500973,0.05603653934433721,0.003166411615675251,-0.005807122514405763,-0.11404238144967095,0.07126490228568479,0.008526388951573514,-0.05747477736384753,0.031121237561249085,-0.01242898769208521,-0.015108410580885145,-0.06476197821970459,0.0202106706008357,-0.04820269645254335,0.08701747004831295,0.10316827844278574,-0.008138237321434387,-0.04592271295332401,-0.03587882729659443,0.030130542466382828,0.19587430804405545,-0.06113457978187422,-0.005277097957761809,0.004246019455633907,-0.07367925644215419,-0.03804000951052775,0.017312908081931998,-0.011552626221078636,1.0,0.008844672112521039,0.06758776720728926,0.010797395059612839,0.0650921720601535,0.0617110894232053,-0.05870128304178541,0.07056171288025007,-0.037672255067464994,-0.022136602810376795,0.012609542364806466,-0.06733837872110901,0.006633718450648018,0.008212222602601491,-0.04182770346537218,0.018331000937859828,0.00407258332497643,0.007552179415522967,0.006687585577771118,0.003299670133781775,0.009320072495718049,-0.008030078636571592,-0.010535359335390059,-0.02335984669963208,0.007017609653355491,-0.016041877539003522,-0.013428199322364382,0.0017562414062762025,-0.021979685083727135,0.0005540294782219915,8.686506850347994e-05,-0.027481750130769648,0.03586824795927171,0.003268611976863679,-0.03328163073378601,0.026972170593347902,-0.01695623661401754,0.013563791814333858,0.01075365603222334,0.013639505830237804,-0.013394671813913996,-0.1647192834378346,-0.00833189421435529,0.036311676860233864,-0.00851740605985334,-0.023754990036688732,0.008041457132536338,-0.01983653264433768,-0.016395216487892366,-0.008807959617660222,-0.031690370318568396
memory_trial2_value,0.02663767503759479,-0.018581766988265178,0.05378921056143551,-0.08769263547803471,-0.05698116167969143,0.04578271138582143,-0.04932578198288373,0.007394422779835541,0.05042554098487611,-0.008816732738702295,0.02712821979632844,-0.017312967922400935,-0.012145191978343376,0.0357515060466839,-0.028289818157059696,-0.011870649741955239,-0.0059495768208740725,-0.025132046774492153,-0.03244407893324694,0.03889252802463808,0.003038874174059694,-0.009495443962525578,-0.027378806864935684,0.03317324130914947,-0.050256833218212296,-0.02884634918633749,0.008303187217987033,0.0478186530192599,0.013445633370518186,0.020666066907112708,-0.04906020714521921,-0.01454676690701836,0.022480854528378308,-0.03125216130290505,0.056517838288503874,0.016885329997299452,-0.039586922463466144,-0.017252668034882995,0.025490539287443388,0.011642821634949547,-0.00759621230058414,-0.02951704049152334,-0.04147952305517718,0.03199685653795019,0.023757455158117637,-0.02665057792328881,-0.03110807251064806,-0.0228121879822504,-0.06074667419381034,0.058692178466590327,-0.07352502803410187,-0.05422195975808328,-0.008615933888602411,-0.019206906416442727,-0.06588427974476416,-0.033826623270767436,0.03332100463040165,0.008844672112521039,1.0,0.06718813670413351,0.05925834740605911,0.05894128966220025,0.07436549669649813,0.043368448151588065,0.02817111072491365,-0.09181882650257764,-0.07026694611110303,0.01913609487286019,0.009464411196448324,0.04078088885987114,0.028475887018859565,0.01182941434615713,0.0010011171807117582,-0.04627509946897322,-0.02213102623083285,-0.06752706555494047,-0.023493683172444286,-0.020049724977552072,-0.009340886097112228,-0.04145135320839708,-0.016218454468438614,0.018471252312318345,-0.006999619732495696,-0.023600983661090362,-0.021458573634371793,0.02191795272522922,0.021224112473070503,-0.02668717495406251,0.001909073824710982,-0.014463126286894114,0.0040888231966166415,0.013740739560813672,-0.020940396857944868,-0.04038811134019454,-0.02379323713811407,-0.01650270583008188,0.0006081477399733599,-0.01090188009204763,-0.04953634209044495,0.02663428726833832,0.04643616295103216,0.012992371933083401,-0.02020905293257253,-0.01421241516070465,0.0015733452082444827,0.029797049137354092,0.08838967408473286,0.08770194610862832
moca_abstraction_value,-0.029717261389004185,-0.1015294510537136,0.12862928811781976,-0.05483921025893807,-0.009609693444826522,0.04638582374640869,0.00016030350269494447,0.031868224865152346,0.09117255352425854,0.04638058747005885,0.06299207878132525,-0.027825667291979644,-0.003029662562858223,0.012567273571998605,-0.0955675481544807,0.08306828422108015,0.019800796430401328,-0.0111257302088196,0.002810143270830866,-0.032757528715188645,0.014654180910036448,0.06944519702592192,0.03904721305497523,0.04737831610359324,0.010677868399103,-0.014258557916142405,-0.019009369952590435,0.02235846969435039,0.0028473679016796294,0.025383507147195453,-0.016229040638031607,-0.02145050236121877,0.07648989420799003,-0.12078217679816124,0.1323595080109162,0.01831027920900895,0.004495847680088567,0.008250109989237015,0.05277226506508042,-0.07370932006336872,-0.03323313777964938,0.07189465684555199,-0.046944915573171,0.037374119525147416,0.07405910424158138,0.045407473684866195,0.06443562115070263,0.001999233345919076,-0.10456440356608475,0.15160897753443955,-0.04897734257392478,0.06447149947130891,-0.0037970968918123564,0.027106150055099327,-0.002310533324157481,-0.00930915926108936,0.07884706676172187,0.06758776720728926,0.06718813670413351,1.0,0.1897399611301791,-0.06806887306130226,-0.004852779871092556,0.07773822650277241,0.01646022333782572,-0.16435502545900024,0.06684227350024459,0.056834795083150355,-0.05114878634197686,-0.17853599498433928,-0.06758943001602051,-0.03372317218062624,-0.020179837061252818,0.04620316262864325,-0.025756832474029524,-0.011379803189880007,-0.016747044942990976,0.004426862347330963,-0.004640173826651199,-0.026887635489053915,-0.020060524881675555,0.16963631824144426,0.020502192564421682,-0.04351122754534508,-0.013141662165060288,0.07346753675344754,-0.006308306862272928,-0.07737886336490632,0.01401688392253134,0.0014309922360826936,-0.011524417338686394,0.007644868637998523,-0.01554116992754461,-0.031606146965024826,-0.0023196788588979306,0.005269433675591985,0.011948311296910388,0.10434175287395452,-0.05691411151773829,0.041632463370456604,0.20281615809564893,-0.06847560464047568,-0.07839823722581844,-0.09683445829580259,-0.00020028446661139303,0.07304701695076318,0.010000153901823603,0.08899077870443413
moca_orientation_value,-0.07044668189804326,-0.03374061726848488,0.025152479852841757,-0.03571362224532238,0.050022576646506695,0.01956550344222586,-0.0013478489280239812,-0.0065241953814711975,0.08216783485784163,0.023858342046754112,0.03016814606591938,-0.030176121692988778,-0.025660956243325983,0.03665472816318216,-0.02725671853258389,0.06446730573147857,0.028914782879773095,0.00031435143480078493,-0.005564242083436754,-0.00794954598147113,0.0028839718405227685,0.0680109778255075,0.015713932638122707,0.05724991452353388,-0.01234750091860681,-0.003402761165261182,-0.015701021960056103,0.018872173614250823,0.023489715067379242,0.017061131781540406,0.000975318787265549,-0.004746385004255198,0.055466025737420224,-0.019201907449141284,0.05521951690556903,0.01621592931873408,0.05056164403908268,-0.02697572440006272,0.09920086878211727,-0.08253046461974112,0.002440127972258061,0.08002574718962538,0.03018331106928283,-0.014019628873285448,0.04560731485351018,0.099702830327159,0.06267660338350417,0.02490654429044608,-0.10011871894190724,0.08337910797021124,0.02891435138067943,0.11324152277929264,-0.019271720053351676,0.0383698781044073,0.04602305998774673,-0.05721588192674954,0.060808289115374024,0.010797395059612839,0.05925834740605911,0.1897399611301791,1.0,-0.05192964008278406,-0.13346014099662648,0.05424577707619762,-0.0003363279623580334,-0.08596892734920111,0.057204421890033906,0.005986829732677027,-0.006701903414183976,-0.004424120510602944,0.036037987376567784,0.015431674701177995,-0.0019881751853079214,0.020514087170235708,-0.006833622466908869,-0.04592262513653474,0.00010899335928917085,0.029350636880153578,-0.009159406444979092,0.01623587774897704,0.007235080476703052,0.07690933290158769,0.030170757641849254,-0.016796971448449827,-0.036282631898016456,-0.017298154162171935,-0.05663065254222678,-0.05824686425366962,0.028680958675979952,-0.013536688780241727,0.023379369265627965,-0.03133482968995201,0.00227220464514965,-0.05992045769717919,0.05927563549287418,-0.002111976734079663,0.016451833487211538,0.052576484538865896,0.08172219114989826,0.007790149467659058,0.07672599706331175,-0.0014329719742255623,-0.05661431085788514,-0.04583523461879059,-0.017260362476717254,-0.0039269787016089,0.013581565443490503,0.021690840529388702
naming_value,0.05721463296411091,0.014609904534091892,0.048957907170783965,-0.019921793852531573,-0.02159939150941557,0.06977702518152383,0.026764083165888717,0.0571049391452823,0.0022241432687664956,-0.013205155737652633,-0.0068793483584277,0.025587598893107105,0.0005888669166371838,0.02278369833943857,0.04379465647162897,-0.08940906931802148,-0.03159838830338057,-0.03843230347013717,-0.006780413507552422,0.0492489868239339,0.00992643458320905,-0.03784488930969628,-0.011407649594888075,-0.07573962352772783,-0.00499676444482682,-0.039650710354116714,0.017767377239269962,0.06089934387945323,-0.01971135236837672,-0.0384061643092553,-0.03607420837702631,-0.07485918627782996,0.07617094551556472,-0.07334476073917667,-0.0722838720964511,-0.01945271415629974,-0.08383989869256865,-0.01761287135480869,-0.12623301758088024,-0.01181155560602431,-0.054337526411305404,-0.021157344576269683,-0.06448465156030446,-0.035887749005288884,-0.11528354760886245,-0.13766899496395513,-0.005819838476754931,-0.047790923928118345,0.0875494973657294,-0.018496901634993172,-0.07806623423917593,-0.24261927130848432,-0.0013884505899140432,-0.0628930312065796,-0.043940268531922566,0.02453600038628819,-0.02408180968173753,0.0650921720601535,0.05894128966220025,-0.06806887306130226,-0.05192964008278406,1.0,0.13899275196429983,-0.0018366205072887006,-0.003996834788491383,-0.04413010485503131,-0.07960470714684967,0.13020768810720723,-0.0190325459216193,0.11652712166873541,0.057010774768064834,-0.07392860594881827,0.04390903881693351,-0.11079518051568508,0.01733341890963324,0.0011674854267511193,-0.021665898922096066,-0.032585964752529555,-0.015380311717129357,-0.019470555443809455,-0.018333522607138122,-0.07850861842026499,0.011216550131411698,0.04469332940446761,0.0004952418066371078,0.05109701125124911,0.08685497017956947,0.010283878854595347,-0.013514485466260478,0.021398532796776337,0.0015548636150937963,-0.034428388883422756,0.07886795108025549,0.03121297888164371,-0.008268864017279715,0.0021677958151032563,0.013298533905739882,-0.035696426803853765,-0.07300165507325003,0.047328369676827235,-0.055090875053322885,-0.009210568694771423,0.08693616638703454,-0.00491745082970784,0.01794839159176565,0.02933613450850144,0.08790241155779395,0.07053719333975937
repetition_value,0.0699269650186148,-0.025773861182252635,0.045278734945190094,-0.049089644064604726,-0.045354185735649616,0.10924368386278063,-0.03039916192099968,0.048809541343014455,0.005969337699182485,0.005439148133481782,0.06786189983620912,0.008259283800428542,0.0033774442643053366,-0.04670193541831796,0.06216533695003776,-0.0712254742141203,-0.060028717609233354,-0.027976886158071416,-0.054160370479926,0.011697556779341584,-0.008088905041704234,0.016869234232124407,-0.03517959305274205,-0.011514236855517406,-0.011160363064023437,-0.04737164431957891,0.03496099023423215,0.035042231209422306,-0.04729383584085049,-0.04413063894010005,0.007681595836067085,-0.0416540093557495,0.11808957915230538,-0.07050842326045591,0.013780534798313978,0.0017854481937808725,-0.18176474866919412,0.02644177074231583,-0.08704727183669311,-0.03181280528247535,-0.10751885690103559,-0.0029498126557150808,-0.029016803612126614,-0.005328082872968436,-0.1590416546434004,-0.18352346120675198,-0.052758026096482086,-0.07255861255095741,0.13937715272673548,-0.00043931803839107505,-0.05390657663255417,-0.23305087503800115,-0.08560151928862789,-0.10535470017465282,-0.009812618492300626,0.049337213678949984,-0.02603149389310596,0.0617110894232053,0.07436549669649813,-0.004852779871092556,-0.13346014099662648,0.13899275196429983,1.0,0.13833778881941217,-0.02281924303094058,-0.03110711117855289,-0.08890331367720673,0.07007279578430167,-0.013075287960466375,0.05945089281365826,-0.06940392204838246,-0.08065785521331816,0.02575829794625753,-0.08415217294844929,-0.006571798433381056,-0.023257455365977,-0.033907094359351464,-0.057372138052667596,-0.01389891563411142,-0.02755672679912132,-0.051129913262498945,-0.053259659500650675,-0.007905703199287208,-0.04380728827899487,-0.0045453447191596535,0.07580746143700377,0.063816539969115,-0.03768636699001028,0.022861587513072674,-0.005848375640035621,-0.0026967675815150575,-0.046288271571913245,0.01258791244340843,0.026060667385201783,-0.03331742078198143,-0.015416733612304523,-0.02584955169014598,-0.010898566665298932,-0.18046199531873716,0.027103450298024804,0.021041695622075078,-0.059224199773672714,0.06644689954272048,-0.0382356282392948,0.027025754710985096,0.02376811656565172,0.03752062514887256,0.04672054214661799
subtraction_value,-0.04273905195074318,-0.06434684610285228,0.025762155259139868,-0.02893203844997697,-0.020232369107075664,0.049906614486857584,-0.11212343435825374,-0.011193673971533272,0.03836432752182322,-0.01569223240734047,0.06759531908651364,-0.06469990710502983,0.019372259108538275,0.01957145709951165,0.02979510268578479,-0.008351713184588978,-0.003315708908368118,-0.003042194231893664,-0.03409202022737917,0.03286514968871168,-0.013580105058106938,0.050333876429567624,-0.014505804451144627,0.05637611263675312,-0.038393806043594075,-0.0393543726363367,-0.022244672637463735,-0.017717027184552998,0.030527891095513984,0.03207456366396862,0.011376020775182264,-0.03423282353337402,0.14320483337806733,-0.030236988006547477,-0.008809731299863103,0.026147798655253365,-0.07083433635570098,-0.0023522816111831374,0.030614789552894768,-0.13985857706717364,-0.047820728985236,0.04610631048020986,-0.04199290994231687,0.0013402296567626988,-0.06344707644915187,-0.031081647677968737,0.02872035270348279,0.0023524438178868777,-0.016529118604403894,0.0010948176432150755,-0.022026643320598106,0.016720248112101873,-0.09596191616489762,-0.00814685263484591,0.015101619013602963,0.005870843498234381,0.057427881126181426,-0.05870128304178541,0.043368448151588065,0.07773822650277241,0.05424577707619762,-0.0018366205072887006,0.13833778881941217,1.0,-0.11703099938640445,-0.09878543621438692,0.02967815985983918,0.053041332666992,0.030843052691600197,-0.009565586859592265,0.033529377434938314,0.05127458313092101,0.03854195699256025,-0.032889053700369986,-0.014959111377237364,-0.049928419981416734,-0.01948791478246877,-0.016636631156310578,0.005364566073148636,-0.036690650530382035,-0.010384474925156841,0.06435838299957572,-0.00791186956276559,-0.05870099595824835,-0.04722467892564298,0.05923309237849397,-0.01243834920439578,-0.046999898981263166,0.04813328459836176,-0.038760115610038254,-0.027350017214173693,-0.0280272543605628,0.014223531928376465,-0.06088650304831648,-0.0016965476261540198,-0.005061951711189101,0.005260463076833577,0.038739393575231526,-0.10455769370690036,0.006989790665314311,0.08446409121199222,-0.04982684132044706,-0.02813442870108843,-0.03994493467514092,-0.01707176067914269,-0.040633773953457145,0.039053376122885806,0.03435296576333459
Rate,0.01608658249639869,-0.020289342826604,0.05159427119036496,-0.03339081222699195,-0.007637816544719002,0.01984983529448441,0.13136366017575068,0.0022223030581063866,-0.007628424001455839,0.0005069802714548351,-0.01429998702202112,0.047655022832804886,-0.024781667636309082,-0.020829200638817342,-0.04380582025169671,0.006203327263557803,0.07922795839968355,-0.03655119448437398,0.02800924481202234,-0.015779215166377217,0.003404006191900781,0.02400549240041986,0.02831150257666102,0.043963607001184526,-0.023048243931934713,-0.009026473254637552,-0.023762555178659432,0.004699142831390093,-0.02407254668247704,-0.007088043803450768,-0.05582486843681993,0.013975712860865363,0.052058717748600075,-0.04180349713304161,0.014436505782645815,-0.027881161244224503,0.08625687171017765,-0.016134644413246094,0.03293757169409311,-0.016071064211140663,-0.030796593132539782,-0.03752247634295555,-0.010925005438658634,0.022602205395231584,0.0910823349784363,0.031545416042035125,-0.018947019894392025,-0.021558229529368013,-0.09160144306775969,0.03725348178520094,0.014672183895477796,0.008269774392569115,0.06510921595685452,0.05041219606389576,-0.0412222419834635,-0.022934286933044782,-0.007336997062848038,0.07056171288025007,0.02817111072491365,0.01646022333782572,-0.0003363279623580334,-0.003996834788491383,-0.02281924303094058,-0.11703099938640445,1.0,0.05163723406248499,-0.03058775051882078,0.031680632408211847,0.14936570956089865,0.00685511184637429,-0.026143905005258806,-0.055196584354841066,0.005409727051692152,-0.019232635326805084,0.00023992373202073302,0.03079009733095668,-0.013712310583299844,-0.018390022623497985,-0.03275174073818654,0.00038072610908745046,0.001562339900950263,-0.006490393666894652,-9.114392180557515e-05,0.03578500417484833,0.009641787494954002,-0.008352574348365869,0.011915281892992804,0.008545589881689847,0.0024303159134016,0.0045908255526723495,-0.007358434878428496,0.031769589121838304,-0.03164384765834266,0.03000181209910594,-0.04421589055038082,-0.026350995451196624,-0.006236426927899685,-0.004709704170682466,0.24187352481875388,0.02673399564307271,0.0175601998735037,-0.014673912110062285,0.031329770934452474,-0.004159478151079938,-0.004606204126894216,0.049957796587017295,0.03981375023478261,0.05002021270549691
PR,-0.06769760458817344,0.04542281158544111,-0.09557995866548293,0.06667460016421853,0.04541386204328746,-0.03002084164292486,-0.012647336969429773,-0.03419648488177334,-0.08160828980708582,-0.0504223313787491,0.00015611324672716438,0.055501110184212415,0.03136125315206402,-0.0011360122604241647,0.055091115408902,0.01856714215475209,0.04841058465706615,0.02751790451798552,0.014873863860220412,-0.052449674807351854,0.0026808129301906345,-0.03789812018953836,0.0010373531660083418,-0.008080491527490212,0.040322707748328544,0.07863402490084949,0.057954588546394036,0.014355886793380748,-0.027166313679722724,-0.011917454351367847,0.027649688367435823,0.026212670136421215,-0.06389020829496364,0.143001976819511,-0.11545665960070364,-0.024721773743466836,0.052447044653755465,0.003109631144648301,-0.010962825139247359,0.07013951186846265,0.052671577717079726,-0.000249182111562996,0.08143188420620516,-0.027496596847198424,0.005258379329218489,0.01656238430336834,-0.031663730328313565,-0.016787024343796052,0.03452227896803747,-0.1281201331244654,0.08961962576142256,0.02778224904284599,0.04431396136302911,0.041480637219705824,0.01814083019519067,-0.012514304628450315,-0.04181369912713287,-0.037672255067464994,-0.09181882650257764,-0.16435502545900024,-0.08596892734920111,-0.04413010485503131,-0.03110711117855289,-0.09878543621438692,0.05163723406248499,1.0,0.06134948705683529,-0.06312827355950407,0.03186967745016507,-0.12725275714615558,0.020760068252146168,-0.015959002428800488,0.021413997977378505,0.10022264949805083,0.04989737158183714,0.07719652165494069,0.046579483274706866,0.045588869470385526,0.03745159817974698,0.07865156121022866,0.03534042560234615,-0.0341741850630961,0.02551146135104935,0.045718281067732555,0.03303165130460125,-0.07943301169491099,0.012190572915435263,0.05420995294498505,-0.0016934523924744308,0.01614618444989069,0.011553195891509757,0.0345070688298625,0.002592977440738642,0.03326575134923342,0.0638277090154322,0.0015837167929525515,0.02304776956872306,-0.022772832122275082,0.07304807858292257,-0.033491395583018765,-0.10995901800586447,0.058017876164888155,-0.0010123289822593403,0.07836223957784932,-0.018111002465418802,-0.05520389066619321,-0.05917990030676715,-0.07759260691060436
QRSD,-0.02376816725513856,0.0012588397601433882,-0.014373977022581459,0.038027667519840644,0.03018001150420266,0.013461769296077805,0.03665387774015268,0.02575479414685624,-0.019108150772112222,0.0008862429690397003,-0.02649175256260243,-0.0034795199834175795,8.265643537063093e-05,0.02722474051758385,-0.0074271726311951735,-0.01944064816206405,0.04484897352036356,-0.01972474121624964,-0.020917823648735238,0.015339863086924385,-0.030930405371136113,-0.009272610411212362,-0.060574304301243616,0.01983942463371227,-0.026457499300073312,0.023113932021029855,-0.03857837108355822,-0.027358931723037418,0.017597461967364038,0.031190989777459988,-0.015854893024475545,-0.014679449269352572,-0.004883039389798489,0.0244320743611244,-0.01368060408618603,-0.023098089985053468,0.09402175343284387,0.00033361193902889727,0.02396377117996462,-0.02382243644035421,0.03661429929067448,0.017277106054173996,0.0005302151199579685,0.058731874247557506,0.049947322944485076,0.07678908656005598,0.05122353398042738,0.01846037348322768,-0.1116868449721303,-0.005168792330923197,0.023716340785364828,0.10860163001734986,0.06286154436081827,0.026774521230071832,0.005836462207342902,-0.03645612501473405,0.05437827002784214,-0.022136602810376795,-0.07026694611110303,0.06684227350024459,0.057204421890033906,-0.07960470714684967,-0.08890331367720673,0.02967815985983918,-0.03058775051882078,0.06134948705683529,1.0,-0.023852976856900045,-0.010172094363791738,-0.11169515495475914,0.036005608389485834,0.05507873823717739,0.022878860187074794,0.008704857965057045,0.036889219263249964,0.03880951414840022,0.011183618878978193,0.00388670255882013,0.00938004718331602,-0.002329023910441107,0.010880623284050856,-0.004029202571013204,0.0089836047455102,-0.004282630896950763,-1.7675001889029363e-06,-0.03900346834536326,-0.022483358691885422,0.023140381502950617,0.021174630227545455,0.006933443518254366,0.009881288227181068,0.017864616573254048,0.018620127328653313,-0.008348766121659247,-0.011920011210613654,0.018484038140300682,0.019259318981411554,-0.013270135439062861,0.08345893191343706,0.026389815660985902,-0.013155619494762849,0.006113241895171024,0.0072605029910849305,0.014941306907828092,-0.016420172266018947,-0.012641367984802638,-0.008976220346082751,0.02039589895307671
QT,-0.050321339652692386,-0.055742006895996656,0.022865772417505374,-0.016828982967493595,-0.04374637894649749,0.04420922171297254,0.023688984548319605,0.02693180342949488,0.0340124042557421,-0.04475288506263602,0.0262051249735093,-0.030516864490387884,0.013154600625607896,-0.0018020665167799404,-0.031115126828223073,-0.03493895665751403,-0.022331526972276725,-0.016228580860563124,-0.004498827820480027,0.00957943558959141,-0.04975594127870828,0.008732583412614426,0.010208719987861185,0.016544832826317916,0.030868197367702452,-0.07888741976009814,0.040553235951403054,0.022945871487754274,-0.018560810162926867,0.0043947273098316345,-0.022583792708384735,-0.03281080112382732,0.10451651910588206,-0.09465155397348073,0.026668224488360565,-0.04502808646547729,-0.02734930591116634,0.02392215303504005,-0.02641768111886022,-0.07789831350369836,-0.06278306156918227,0.009137324276764915,-0.04966957998307977,0.00029573994320685495,-0.030964065988648103,-0.04521696974097267,0.0028550287371167373,-0.018831638607557703,-0.02271723860191396,0.01737189400647626,-0.07973845815603929,-0.10743717075610014,-0.06549716537082864,-0.02321171466073631,-0.0336743636241112,0.008133071965548248,0.01183029386303409,0.012609542364806466,0.01913609487286019,0.056834795083150355,0.005986829732677027,0.13020768810720723,0.07007279578430167,0.053041332666992,0.031680632408211847,-0.06312827355950407,-0.023852976856900045,1.0,0.013623931734762377,0.023468635524202346,-0.07449339031582408,-0.056548030253558035,-0.00828016560042108,-0.03940941333104638,-0.011705166484256405,-0.008865945543059745,-0.0010439551824235566,-0.01697782952305432,0.012691899096436938,0.015424483115943532,-0.009010317686647583,0.04544809892894409,0.005092509839190374,0.001179887180597841,0.000771919966569186,0.08388010523847837,0.005932328686769463,-0.026046291658137148,-0.009687004204767848,0.004407795631802041,-0.007680119218751712,-0.027293831350516197,0.037184326154880716,-0.013994099695882582,0.007286912673965103,0.014875875568965859,-0.010816363244673841,0.05720447436589543,-0.06009849497774777,0.032023011642940004,0.046788861770729856,-0.05611861656834055,0.028412168472670207,-0.05088014796711492,0.01613526356136949,0.056508170818442824,0.04639941204476106,0.06901011945987313
QTc,0.022245649705389274,-0.006194914386875274,-0.006041212449815033,-0.005249063419390648,-0.0009719470903019409,-0.03008992553256497,0.08896337870416494,-0.03316161042009199,0.007121165340272501,-0.010817182945736225,-0.061336366089040445,0.024719262319944015,0.021173648643416688,0.0017538426455349062,-0.014894117867533377,-0.025581151655586668,0.08516816420473029,-0.006142066529205158,-0.00049692140120545,0.02313131027921484,-0.01945360184663295,0.0006075478841618018,0.005713467254904294,-0.0030389314111694643,0.01416675916665073,-0.019184389946474943,-0.02086271594666468,-0.021109667756400236,0.01063143490213944,-0.026742908295604988,-0.03573457081162572,0.010634855443502572,-0.008725831748924518,0.06469708671960157,-0.012253343194382212,0.005695278499944414,0.004410667348107257,-0.023744556428437088,0.01585427027847454,0.009929461896062424,0.017086428795040375,0.02153425729940774,0.04603037382694372,0.000984388418100016,-0.014853206179651074,0.01702324525794602,-0.0330211552541832,-0.0349285859784286,0.0028099603221562854,-0.06295761335205236,0.042093655191403734,0.01642508621743991,0.027768773760661142,0.04741793698986609,0.03183395719208762,-0.02774965658885474,-0.022751898495875847,-0.06733837872110901,0.009464411196448324,-0.05114878634197686,-0.006701903414183976,-0.0190325459216193,-0.013075287960466375,0.030843052691600197,0.14936570956089865,0.03186967745016507,-0.010172094363791738,0.013623931734762377,1.0,0.042232970973583896,0.05289795983008957,0.03625203502860066,-0.0024662499539331306,0.021367495354365575,-0.02227999150038821,0.008696017079305356,0.004730496753784257,0.01039140013939155,0.007302733239769853,-0.02358264181866142,-0.04665386292471159,-0.010416552250913752,-0.0342140003747341,-0.029399989658725208,0.01666337410023257,0.022414987481796732,0.012229973879558136,-0.004194288399518582,0.004911568384851063,0.0022294356005193926,-0.025845955162694542,0.01904087629419893,-0.0363774355741295,-0.007708418795570402,0.01681341358798759,-0.015407122559423827,-0.016522225011616903,-0.003288490279979519,0.23200252700798368,-0.020649587683183007,0.0001720025021879551,-0.04846958482418881,-0.00044728085702011074,-0.002170095456817283,0.015054782262056194,0.0034915878627001288,-0.031346180890292785,-0.009540282224243407
P,0.01860102778275252,-0.03158971652962055,-0.023023418261101835,-0.048495831460139666,0.026942942959812567,-0.021814516100315602,0.00362587510935659,0.01468202447027957,0.02297324900389385,-0.019797847476164376,-0.03864141810643827,0.0029176356176230695,-0.021024304633694063,0.0014023186652820522,0.0038974270857721183,-0.08625616281229642,0.02405413969743279,0.0001948313607455566,0.01422496317010452,0.058256114194586005,0.04865947684066682,0.041276169768210066,0.02262805057476809,-0.03155930110411666,-0.04862183749259903,-0.03432115973134142,-0.04687808936314307,0.03340706395656421,-0.015254894921991112,-0.013498150348029345,-0.02196011400575556,-0.024362730690646196,0.027635713923608175,0.045775013975170045,0.026808714225883344,-0.012480659584449041,-0.07228727991332291,-0.010069766819976853,0.03956747374112509,-0.019728741165491972,-0.02182071917727408,0.017055594195149383,0.00302497291503324,-0.01986723498307914,-0.049429391084369445,-0.04350955049263448,0.017775917447178657,-0.02485783577476456,0.007087887014909375,-0.029620911101441154,0.015791711030617703,-0.06423934311201801,-0.008097555038699212,-0.048514480503349465,-0.008212682145398399,0.013218766143311564,-0.05582282492462819,0.006633718450648018,0.04078088885987114,-0.17853599498433928,-0.004424120510602944,0.11652712166873541,0.05945089281365826,-0.009565586859592265,0.00685511184637429,-0.12725275714615558,-0.11169515495475914,0.023468635524202346,0.042232970973583896,1.0,0.08451995994899131,0.008798602022457629,-0.0008959723975337183,-0.06728248435256126,0.006577159013562805,-0.004388028715643714,-0.009736570328309649,0.026137661204073733,-0.0027837391703849,-0.014407428042659338,-0.00146003822320459,0.009103240284733133,0.020639366188833216,-0.001083260375293286,-0.016839680870058743,0.0036294905829863462,-0.0452893566161351,-0.026155716229019348,-0.008470734728237795,0.009095006294311314,0.006862677561676474,-0.02304327996525399,0.022637071351321234,0.03317370034700355,-0.00995032756957969,-0.006047222164738672,-0.012711544531007266,-0.003733868888488414,0.009149007282093134,0.0009741606312470958,0.03709928011698528,-0.009694824985517972,-0.001045329766877084,-0.04828847922892251,0.009751067144503897,-0.013792270350719437,0.03718664091257724,0.011034107568226913
QRS,0.027886946245773224,0.011483206805290682,0.004982110090725759,0.054368268955087555,0.051808063180841545,-0.03626030864117278,-0.08777622365005278,-0.021150000575889293,-0.05590625668659299,0.04337742958152897,-0.010059657974866647,0.005960873734193258,-0.022027257565096117,-0.01596192498370205,0.018533765329349583,-0.026869592679531467,-0.0007654597192120503,0.014110460286693558,0.06943288829738986,-0.016998334977432798,0.0326497184511389,0.06821239903037982,0.032515429791916156,-0.0404803310798374,0.01009972418759185,0.03877795109271202,-0.007527605367071893,-0.048927361074148905,0.04071861109937725,-0.006931426301932668,0.0869643439908054,0.06293281820439219,-0.020833942337107284,0.07504592366021268,0.0021959497851946805,0.05456912382860873,0.008219217448308547,-0.0010087616837853803,0.05942005036710429,-0.007941814116709444,0.02312570562248708,-0.010815190675189759,0.04155724827872246,-0.01180075491223146,0.010180233205715445,0.019577948423789827,0.04504062726349577,-0.005878344353669625,0.010365748249048646,-0.05042154860357938,0.06435845047325708,0.1615180193125734,-0.017276659627882444,0.0026306289165773976,0.021517560160782434,-0.05887489035218908,-0.017102944806578202,0.008212222602601491,0.028475887018859565,-0.06758943001602051,0.036037987376567784,0.057010774768064834,-0.06940392204838246,0.033529377434938314,-0.026143905005258806,0.020760068252146168,0.036005608389485834,-0.07449339031582408,0.05289795983008957,0.08451995994899131,1.0,0.1965089544146916,0.0226019060775561,0.0544054777992982,0.017115732714639387,0.05501873624736604,0.034822558139579615,0.038945587401845665,0.010522904777099691,0.022204970639488793,0.021902792447859476,-0.007004357778312474,0.018132088820642104,-0.007481822879481162,0.012423757029432485,-0.053546903933021514,-0.04507784433256806,-0.012997179779555775,-0.010380180385126935,0.03199509668921724,0.024357692037725216,0.028946046226784348,0.0019052979801652198,0.031569663090512595,0.024397215398696524,0.000787917067295207,-0.005135886962512028,-0.01929601902919101,0.01565713649203181,-0.037463401175877806,-0.01281958642914455,0.03344262631672452,-0.01012489177441383,0.005404291046564189,-0.021591641016193003,-0.07270180881791438,-0.037797089897815224,-0.10593716566641591
T,0.061848835362740884,0.028961391093447718,0.008258075538481308,0.021851055101163933,0.026208822899056513,-0.05557738714625549,-0.12226000233524999,-0.016817568579855967,-0.05099616432625016,0.04734439260149934,-0.036169881079945426,0.012584121952889889,-0.005308757318794124,-0.004511624040516191,-0.00835275704011409,-0.0007609632687970743,-0.0015182264605445922,-0.004864215590061239,0.09515458608334335,0.011116872648697726,0.020274128154839307,0.09069404717640894,0.0980642825199785,-0.042466415275886835,0.01912172310136441,0.029459747405012327,-0.037551434349102464,-0.08840977030378519,0.08640960198988122,0.008883256239922812,-0.006900512447339915,0.14238189190230235,-0.06797314629892566,0.03235706966095366,0.034218538925224515,0.08810968761405256,-0.01414982468018337,-0.003559472506045128,0.04466161400069479,0.009254674613754723,0.024920689146248995,-0.05280291348803781,0.04551579564974059,-0.019863909871824213,0.015185446751297932,0.043422698401833285,-0.023454452720404837,0.06455461194591817,0.07272537696496446,-0.07024374257989315,0.01061682201946008,0.1908581109578199,-0.058856285112328655,0.034255152618526866,-0.006958661140435714,-0.009194810254585161,0.032758176013316986,-0.04182770346537218,0.01182941434615713,-0.03372317218062624,0.015431674701177995,-0.07392860594881827,-0.08065785521331816,0.05127458313092101,-0.055196584354841066,-0.015959002428800488,0.05507873823717739,-0.056548030253558035,0.03625203502860066,0.008798602022457629,0.1965089544146916,1.0,0.005265710908383161,0.02686542628361747,0.03699929279847152,0.015125970792747124,-0.0007140937948378708,0.03413319818044218,-0.0008586073931186298,0.024765134918460423,-0.03430581565089737,0.02854817265426019,0.010789884221261913,-0.041631994445100504,-0.001323452592724784,-0.029747595684700336,-0.05595562377102795,-0.0014831032468499619,0.010103215551313903,0.006680941430133076,-0.024019334905993207,0.04719532141941626,-0.029657713197572214,0.01883704228968596,0.040570805787811796,-0.020391167374935588,0.0027285838381470927,-0.019117694668267664,0.07520301757871911,-0.03495063312056392,0.03048323414883439,0.022771014963184403,-0.06448483821294321,0.008594793651854409,-0.028797058440900292,-0.024380056432991817,-0.036521004322685374,-0.06429820098223017
Age-related macular degeneration,0.00269119208960333,0.08635061367017756,0.036099561425944844,0.07235300553133855,0.10621951872453671,-0.0005365414897501868,0.033151063932739325,0.08380877789135333,-0.08871659296562286,-0.026822339107550403,-0.02602762909227002,-0.017810235363608255,-0.02113466030389235,-0.023004134935726638,-0.00709174166373686,-0.08656784000616459,-0.014130306595510247,-0.007673468639214241,0.01403672349770325,0.055383825881559566,-0.047781675968405816,0.006942774304905677,0.005687343918752921,-0.0029086767361024583,0.02798083129653315,-0.00577751164952808,0.012340115213150675,-0.004926788030295979,0.016170182858014914,-0.02722230881671769,-0.034810904179976426,0.03814371975999385,-0.007933224845241718,-0.012025922139090315,-0.04122395158627126,0.019006836517112536,-0.015721492797467578,-0.021182189111453083,-0.00659609163086838,0.00015052834968321975,-0.03821164150410752,0.03795892127069615,-0.01551056369762499,0.007513296387712612,-0.00894049626394513,-0.010315293896974552,0.021551432109161144,-0.009584277063105193,0.03246474649035837,-0.0006862510302915679,0.015177925744568603,-0.03765562737820231,-0.03768201145387798,-0.05017437199646595,0.0008863209358666332,-0.004498984016973804,-0.031062080000256766,0.018331000937859828,0.0010011171807117582,-0.020179837061252818,-0.0019881751853079214,0.04390903881693351,0.02575829794625753,0.03854195699256025,0.005409727051692152,0.021413997977378505,0.022878860187074794,-0.00828016560042108,-0.0024662499539331306,-0.0008959723975337183,0.0226019060775561,0.005265710908383161,1.0,-0.029846389446718746,0.1386093480156227,0.1628347555632509,0.05423210015117878,0.028204379884928226,0.0296351424930592,0.01469066792881215,0.015293804126318141,-0.006149438624782932,0.006606104506988307,0.010028660640996676,-0.014778267504238173,0.015995651559958628,0.052675320619474976,-0.011569203853153265,0.08208639118181846,0.13815091763162027,0.11164537965585881,-0.003719052041122266,0.14889890805827666,0.04117304731582248,0.02106996979863697,-0.01003953080718071,0.0023104147366099274,-0.01321252158891002,0.007710747670289189,0.007762180897439636,-0.02140844824911576,-0.012225274779155745,0.02594268304279572,0.0017064731174750783,0.0017535041425092766,-0.0413486801350634,-0.00278394918747025,0.05516286690630529
Arthritis,-0.06271406278382953,0.027313121952489805,-0.0021798562259374888,0.15781496532695646,0.041446786900223125,-0.11412336806170553,-0.0003013581350850891,-0.16680389164140988,-0.07287166886961566,0.05065838380843329,0.03426428474169767,0.1004683762444462,0.19555457895223108,-0.014792602977758536,-0.019854665427402093,0.23134062740082867,0.060799365952166076,0.06053270466679471,0.05106634818152937,-0.19498412473341217,0.14228274780583333,0.06514372974544938,0.0036531274160490766,0.016665628617157317,0.23238922361115644,0.09075731594565373,-0.012703999578108735,-0.003839678006648242,0.020168096387810013,0.031489475533338564,0.05786173468881105,0.054307007296714456,-0.08760498870071443,0.06522065857199798,0.12445227071552983,-0.0021728516074662296,0.012881388197966775,0.02855329930281226,-0.03960859987054705,0.05758650088753052,0.046289570589420105,0.02247405497116532,0.05025551633759819,-0.022870923205173928,0.06990750519915785,0.06636613817297435,-0.008414583633435889,0.02097421996983126,0.019068082585269812,-0.010675301255681087,0.0505241868119179,0.08941519167606657,-0.023430044454549423,0.002260867567776675,-0.005583346328166899,-0.0011262411077063907,-0.01944395639704294,0.00407258332497643,-0.04627509946897322,0.04620316262864325,0.020514087170235708,-0.11079518051568508,-0.08415217294844929,-0.032889053700369986,-0.019232635326805084,0.10022264949805083,0.008704857965057045,-0.03940941333104638,0.021367495354365575,-0.06728248435256126,0.0544054777992982,0.02686542628361747,-0.029846389446718746,1.0,0.031748715161092046,0.2756082952756134,0.10163215415206621,0.11004733858956485,0.12799707987404244,0.1293539566037836,0.06853368889683217,0.12739222877132353,0.07753335270554775,0.033893794689635125,0.03089114856796135,0.03397623560093302,0.010208501840804317,0.00034981637682363374,-0.018771088484812425,0.08171118462830401,0.021312269537150156,0.3900111226269672,-0.01984620634756002,0.07728608187050062,0.10334821010395791,0.06131723612564902,0.05732648431177669,0.10636946414141277,-0.018854766612618208,-0.0697286655023295,0.02431570132407166,0.002918165198859951,-0.0653923017187289,0.015883679633956618,0.036466138345187527,0.013045647202459428,-0.2880034195195057,-0.20440399383010374
Cancer,0.025943547896110215,0.12163202486480384,0.06254165473751382,0.0720498961718241,0.16111975717198815,0.00408313407461394,0.010927065298498758,0.07041509380714908,-0.1282254596265143,0.04114919733303253,-0.018394694027884108,0.031028042327969213,0.016488387359117593,-0.005292325577603791,0.004426886033500675,-0.10990820438473908,0.0014777222074723103,0.012202179803129138,0.048064811853590204,0.01811376546520695,0.00663590976200091,0.03350517525076403,0.059414603679735827,-0.03944373065998863,0.0337945744868368,0.03282525802921593,-0.016866571777670345,-0.01704585584400644,-0.0301389813659136,-0.038801622528643456,0.012591158242451009,0.0673705272245801,-0.03241560318487476,0.020390056111960285,-0.011635779112731049,0.060238647200554114,-0.04567063567363745,0.010490074010818584,-0.016575911238037828,0.032749799110959814,-0.030526015172629394,0.05196148719542197,0.022909731839833955,-0.03795782662343841,-0.00492339801708959,-0.032696803928294556,0.004588281699995455,0.008361086421572763,0.07403205691053495,-0.04607843275515146,0.03731383743470068,-0.03135892945877271,-0.020152316694571265,-0.010438818617283973,-0.001472773602507093,0.0008276093311515722,-0.03503751009118343,0.007552179415522967,-0.02213102623083285,-0.025756832474029524,-0.006833622466908869,0.01733341890963324,-0.006571798433381056,-0.014959111377237364,0.00023992373202073302,0.04989737158183714,0.036889219263249964,-0.011705166484256405,-0.02227999150038821,0.006577159013562805,0.017115732714639387,0.03699929279847152,0.1386093480156227,0.031748715161092046,1.0,0.25151042641031524,0.1417969248054112,0.13145736406031458,0.0687779763310518,0.11093205121772466,0.04105573746777958,0.04065832258095064,0.007584104504253551,0.02481163981852566,-0.014179400631158856,0.030563894035026365,0.041831599257959366,-0.0015494758979804825,0.08587585325325403,0.11103952768455867,0.04734960112293384,0.004805596399510067,0.16929817905210942,0.12973723363792716,0.06828280480060767,0.05977920488930987,0.025690624216605316,-0.005350362736578646,-0.014752332387860709,0.001253500703372886,-0.00536284240636027,-0.027614942557836065,0.018586307768425056,-0.017933905938046796,-0.0040237372757415445,-0.03291431864195406,-0.036291669965626196,0.040246416506230544
Cataracts (1+ eyes),0.027055627612411474,0.14231860580715697,0.05848645361450844,0.14633943199406807,0.18559841305184244,-0.028231334817204756,0.056582575057735666,0.07661312418673312,-0.17350741389484106,0.07524381918213943,-0.03632966132945211,0.07853687006650101,0.06406342606462562,-0.017551504303923868,-0.01104273974819846,-0.08619799475525318,0.032203032560210246,0.06738427242552278,0.08763533606881281,0.0018294333576952967,0.025014854445466167,0.003911655857845032,0.04848028735639453,-0.030331719960783023,0.14177610172746957,0.055008037927986995,0.0023570694998573914,0.0017025364120716844,-0.012686958588332905,-0.00300348023085976,-0.026552718478783915,0.06341583224741044,-0.08917143603339035,0.031845313663504016,-0.04252495535489793,0.004594002248978936,-0.05966251431700693,-0.025142119342955314,-0.09009197680798775,0.05396450088436581,-0.03055678195444775,0.05329673833881263,0.002305159378942992,-0.04836606210846219,0.00096757762383087,-0.055785696676822656,0.006941625010885494,0.024362234675330788,0.0878496893720945,-0.06824764096589146,0.05615903193593274,-0.04905289687553095,-0.024612561910104105,0.004880195350150082,0.005963955540752064,0.0282928242792159,-0.058055779858440196,0.006687585577771118,-0.06752706555494047,-0.011379803189880007,-0.04592262513653474,0.0011674854267511193,-0.023257455365977,-0.049928419981416734,0.03079009733095668,0.07719652165494069,0.03880951414840022,-0.008865945543059745,0.008696017079305356,-0.004388028715643714,0.05501873624736604,0.015125970792747124,0.1628347555632509,0.2756082952756134,0.25151042641031524,1.0,0.1973961268051169,0.1873113704339865,0.1384071191663856,0.1535021955052766,0.07874606020037218,0.02072685529065035,0.05455837941640835,0.06501630293785328,0.051884166157711145,0.04010083578167241,0.12243281037220816,0.02672061853087402,0.08225990441694234,0.21055744281849564,0.051541484651200065,0.17562074210850606,0.23412876054077583,0.27785035442692557,0.054666261543608145,0.03920002086008597,0.055676472933929494,0.05450154585162746,-0.01312001295348799,0.014443683614393172,-0.06796108788842864,-0.009795791502986637,0.062419133686575506,0.018391425347725376,0.047541936615973245,-0.023543635220965527,-0.1849746583365555,0.0030126175534787147
Chronic pullmonary problems,-0.0389784063118477,0.07206082280361502,0.04825463068117982,0.016263545554152197,0.11775955925724968,0.004864424199511105,0.03335800305793518,-0.0043643043366158535,-0.0779719679761797,0.04555809673669472,0.03383779498392254,0.046357127707601205,0.04304183402816998,0.06471076716617613,-0.011685594136587815,-0.02406638440181467,0.027613948821231346,0.05012534669189996,0.05686556894870362,0.008076233575000244,-0.010993414689948555,0.05834680803313833,0.08029003680931317,-0.015692065231916838,0.07542994084038834,0.05124952701592869,-0.055279454490666034,-0.0043507156987287405,0.012693063832119152,0.045413733384908395,-0.011225085915954308,0.0700467751754207,-0.05063125391812593,0.048956574604416186,0.02629830627067756,0.045783557741153925,-0.04937448798986223,0.030314210857631592,-0.0010416842117333678,0.02599006308695803,0.0108905655612988,0.027932750959548468,0.030728625277741436,-0.0644500700758811,-0.009027465520146388,-0.010448622175851543,0.028440481916985626,0.02509761022784114,0.028998275850371413,-0.0473420418353966,0.05028419128264049,0.0013347052373439995,-0.06520285151580775,-0.002041154300676275,0.06482972225204472,0.0006129566867646433,-0.031335920146362495,0.003299670133781775,-0.023493683172444286,-0.016747044942990976,0.00010899335928917085,-0.021665898922096066,-0.033907094359351464,-0.01948791478246877,-0.013712310583299844,0.046579483274706866,0.011183618878978193,-0.0010439551824235566,0.004730496753784257,-0.009736570328309649,0.034822558139579615,-0.0007140937948378708,0.05423210015117878,0.10163215415206621,0.1417969248054112,0.1973961268051169,1.0,0.19875010220894115,0.060456234346919706,0.22525439031202887,0.10656006780318898,0.11946434766288677,0.0794661298390337,0.033463862888650525,-0.02739882967085937,0.049585842275960995,0.06053146994347589,-0.013794215990613973,0.03320751023074584,0.08474305790832863,0.025687687759877228,-0.02715082930488673,0.124342462281883,0.11714502994365025,0.1790278125748777,0.08111716389006708,0.03586267188439165,0.1128248961715481,-0.00667510401192844,0.015542547220749145,0.018514824167643114,-0.01637819549539927,0.0012923875859106964,-0.03666056701383165,0.04896643970919246,-0.06585660608290597,-0.09172473061136535,-0.00920513746750127
Circulation problems,-0.00534629386489118,0.06477699607597091,0.054631847469639505,-0.0019481702506927543,0.11023563955762113,-0.033466564640452307,0.05267882981300063,0.01530712855100109,-0.06477489957689843,0.06076956507707537,-0.0030543055401012435,0.031285821150991384,0.07042888798994194,0.05556659829092169,-0.013595538560013927,-0.0072179791587501695,0.01155090633873442,0.08547999453816814,0.0749273028137857,-0.012951940111440139,0.010229000460148616,0.060628827754818614,0.07815170501994212,0.002801256487452999,0.06663123695391661,0.04256839278057359,-0.030354228127678417,-0.01754231591543945,0.012975922127801394,0.019224922545228815,-0.005607965699144963,0.09052850795268266,-0.08263060765269274,0.06736607463728218,0.01593449656646032,0.08618863571940558,-0.06138879683486388,0.02790810061072093,0.006855056041222763,0.026884872312363646,-0.005591342017355235,0.057981826649307205,0.03116800610204674,-0.06828110347696575,-0.01090672031912452,0.023542634983012598,0.024016395442996927,0.05363000120298483,0.027267422541862416,-0.05883947539633459,0.1132228632011377,0.05294311293622775,-0.05169036204906548,0.013163351875257544,0.04848188912833568,-0.0019145808480936918,-0.0070288415683792725,0.009320072495718049,-0.020049724977552072,0.004426862347330963,0.029350636880153578,-0.032585964752529555,-0.057372138052667596,-0.016636631156310578,-0.018390022623497985,0.045588869470385526,0.00388670255882013,-0.01697782952305432,0.01039140013939155,0.026137661204073733,0.038945587401845665,0.03413319818044218,0.028204379884928226,0.11004733858956485,0.13145736406031458,0.1873113704339865,0.19875010220894115,1.0,0.09193324207242569,0.19630106643712358,0.07818664282713825,0.09116998897269452,0.05145218473579444,0.059591135498661595,-0.009084465010816143,0.043172349733169205,0.03290268936903948,-0.020079279475722807,0.043346731025881845,0.08229576070682232,0.017811720471574248,-0.006369628562008352,0.17570759814655318,0.1334328721033271,0.20625060909370793,0.15250477615153848,0.04136614849171175,0.11466728252198992,0.01346819089044732,0.017727577294160645,0.03621312519360679,0.01610169895193436,0.00936705111891419,-0.031627684315270695,0.04668089211701862,-0.057674315165678905,-0.09679751938892484,0.019873321402728326
Diabetic retinopathy (1+),-0.025954499495564037,0.018796658716404055,0.029920198556570063,0.03941508563455982,0.0920519566910078,-0.01830011810797644,0.0018872934888307005,0.018872461275881873,-0.06711496781485438,0.040880254977581194,0.009598557243068328,0.04779787725544143,0.05393655521682893,0.02008803487337411,-0.024821001862567905,-0.008828492379808168,0.005020767199774819,2.8749451294403657e-05,0.0318079229581071,-0.005442965544847026,0.009419273112170888,0.01811450581114665,0.010573243229841482,-0.012558241002655977,0.05416401087082051,0.019681862797120368,-0.013983277022189268,-0.00765750512109784,-0.013509837000346803,0.019955364915975635,-0.006347377234747912,0.03222352334456888,-0.0279611084206945,0.034028987340281286,0.011829427663768285,0.03945794867732351,-0.023198472195750476,-0.00988710663310277,-0.011297516556875739,-0.0006081173883869591,-0.00828894931618099,0.030112331599825324,0.041377518712871,-0.010725888531543366,0.020084798282202766,0.01962224377931486,0.02202223499975858,0.003889821518781851,0.03794829625799764,-0.02950758450381386,0.04178106077347795,-0.004063861515253597,-0.0024235136414562934,0.013568111431515099,0.031272665457389076,0.010496965541235796,0.00597949190084133,-0.008030078636571592,-0.009340886097112228,-0.004640173826651199,-0.009159406444979092,-0.015380311717129357,-0.01389891563411142,0.005364566073148636,-0.03275174073818654,0.03745159817974698,0.00938004718331602,0.012691899096436938,0.007302733239769853,-0.0027837391703849,0.010522904777099691,-0.0008586073931186298,0.0296351424930592,0.12799707987404244,0.0687779763310518,0.1384071191663856,0.060456234346919706,0.09193324207242569,1.0,0.0827146709474549,0.0669286016333208,0.03914209228041981,0.037856655140755535,0.014256675801758687,0.0007152675592061156,0.021899644012510842,0.051903049255514665,-0.012377191290784373,0.040995602249304396,0.050453803630316166,0.040975774535540854,0.05502463618229723,0.07617838617991253,0.07924669930069946,0.04917667243664347,0.04135091291025774,0.03633523349231776,0.03132408581277153,-0.02015168168774056,0.012945202900507777,0.004649529760097165,-0.0034567000551006147,0.0194732679101841,-0.02139059712848905,0.006336520553878199,-0.006452258841725765,-0.059697660718668076,-0.009638283244622412
Digestive problems,-0.08028497280733322,0.08156786554874117,0.11980792673159475,-0.0031805974872324443,0.10784851555570804,0.01588261566085062,0.09223005514038886,-0.008944226089685843,-0.04010729119055521,0.06692439879053898,0.0011634677107806755,0.09326242028494539,0.06685445275720525,0.10170506176221705,-0.021163561820360687,0.030304345749207727,0.05491826467337599,0.07699865065818855,0.06853677998483683,-0.04823233574077342,-0.031200520197567323,0.10335696556685312,0.0932009089070634,-0.008676393996542063,0.0650465065587998,0.05961434966901331,-0.06710153662147861,-0.02639844323458843,-0.0068859974349818834,0.048737610964579285,-0.028395268407267568,0.12025766487970854,-0.08459147248277778,0.03932668151121251,0.01305206218388873,0.1090262998719068,-0.06419784798535476,0.02630244331076315,-0.00515195827962234,0.047341387809482036,0.005956179180269748,0.037523923404451195,0.0280371599951882,-0.09152869784709484,-0.005906852871449373,0.009920209415922521,0.043264184590730254,0.06334406557035763,0.026370546733477246,-0.034922508912288555,0.08141327895695122,0.044373195379050386,-0.022737857866274552,0.03799707170653582,0.038010279954214646,0.01585264121831515,-0.0247856944196472,-0.010535359335390059,-0.04145135320839708,-0.026887635489053915,0.01623587774897704,-0.019470555443809455,-0.02755672679912132,-0.036690650530382035,0.00038072610908745046,0.07865156121022866,-0.002329023910441107,0.015424483115943532,-0.02358264181866142,-0.014407428042659338,0.022204970639488793,0.024765134918460423,0.01469066792881215,0.1293539566037836,0.11093205121772466,0.1535021955052766,0.22525439031202887,0.19630106643712358,0.0827146709474549,1.0,0.1593970755649275,0.12019842734226943,0.116710690401555,0.1701736235726255,0.00011976267238869546,0.02185305329862636,0.1098791245608011,0.008197590108784215,0.07435608592474795,0.03896157664315173,0.04215613050501209,-0.03294841716745155,0.13598856495967765,0.21987535571821065,0.2752481997107423,0.11912736824859305,0.06718564520663313,0.13987000728279328,0.02247434284046645,0.12139409022680361,-0.039388491669850596,0.02849587554821931,0.06559303687795204,-0.03976998740368785,0.08076401113730194,-0.019329132686477006,-0.1117683611763716,-0.007673645447907417
Marijuana user,-0.050220461735814195,-0.03847315570956056,0.03362371609374186,-0.02066123420933996,0.025542085910325148,0.002419682098877559,0.018582015046318238,-0.026265412866791845,0.01169928380552058,0.001721896718955831,0.0312225743355486,0.015628558473541217,0.0827662893238747,0.09815982184408271,-0.011300755773234755,0.052129079856032434,0.07596294714108906,0.06376734238445199,0.020339074448647743,-0.04623319136576807,-0.001979191044187913,0.03518467195623856,0.04305218648308616,-0.001843379107675606,0.0046066486566479145,0.019791754631309534,-0.020657164520621562,0.03125421301805155,-0.0247393327722994,0.033088786390279575,-0.012603877734567103,0.01806186491240398,-0.00510595933464369,0.03746959754104465,-0.010558478648259723,0.03924584648583507,0.0058379721879041465,0.015114378080373966,0.02572727194344824,0.01853829575937368,-0.006955670303170098,0.012941083223278462,0.006296776942742928,-0.04029779047647846,0.003408433836073869,0.01976012109493502,0.04720592830267228,0.03132632662283519,-0.0023247684008908757,-0.014407692188136789,0.02634518075491849,0.050748106993036765,-0.00010753665652910823,0.026763771655348705,0.04210970157215177,-0.018861541817833196,0.021771657761783848,-0.02335984669963208,-0.016218454468438614,-0.020060524881675555,0.007235080476703052,-0.018333522607138122,-0.051129913262498945,-0.010384474925156841,0.001562339900950263,0.03534042560234615,0.010880623284050856,-0.009010317686647583,-0.04665386292471159,-0.00146003822320459,0.021902792447859476,-0.03430581565089737,0.015293804126318141,0.06853368889683217,0.04105573746777958,0.07874606020037218,0.10656006780318898,0.07818664282713825,0.0669286016333208,0.1593970755649275,1.0,0.06524147149732919,0.10444198424032408,0.19343474619721354,0.007743117980049199,-0.07323618202602084,-0.007458674695626434,-0.000968625052909008,0.012585926763050849,0.006046657042749647,0.036038021738019586,0.0449757591457961,0.03891475353346213,0.05895899085384479,0.0797003255627028,0.08569814243571579,0.0658864011864607,0.11805426421232097,0.005059308780795705,0.18635959189179532,-0.04453528325791582,0.09111733826007186,0.05175218611317785,-0.040246675730982666,0.02129455159952389,0.035966294252452,-0.03605471903821304,0.015823525038358415
Dry eye (1+),-0.21045653231158787,-0.16885725020215384,0.04396877844645715,-0.05115627477587304,0.03449235285911446,-0.10498860029934494,-0.0858917114028607,-0.0026002081413971498,-0.0012702938324349628,-0.09926834298330564,0.12959466273327194,-0.03662713624408527,0.05898510850012803,0.03951006486838021,-0.10728093919613214,0.0829377486045599,0.03532125222977489,0.036329393012654226,0.05512235469304657,-0.05076378169323855,-0.014108175890425099,0.17042479455303663,0.11499480804588903,0.06332723668367882,0.013326462989872027,-0.08052946611797696,-0.0672735591196082,0.018830384942497547,0.06527394735197062,0.039889134120363,0.054564274344248286,-0.04778656476304245,0.12705434727271833,-0.07021226575261985,0.15252038693734482,0.010428979715358618,-0.03556427576836631,0.03244227170685714,0.0901754790791832,-0.09011001251603686,-0.09879764474736542,0.10185966701189682,0.005043682959059443,0.03139553593798944,0.06428614244393308,0.05823180156870519,-0.0021312806460989245,0.01903540225754638,-0.04799761052308492,0.0518180832944031,0.03611461787203634,0.13246125128457767,-0.02422298348100781,0.03639015129424615,-0.0034473294670304805,-0.04219834420847522,0.044045894689684034,0.007017609653355491,0.018471252312318345,0.16963631824144426,0.07690933290158769,-0.07850861842026499,-0.053259659500650675,0.06435838299957572,-0.006490393666894652,-0.0341741850630961,-0.004029202571013204,0.04544809892894409,-0.010416552250913752,0.009103240284733133,-0.007004357778312474,0.02854817265426019,-0.006149438624782932,0.12739222877132353,0.04065832258095064,0.02072685529065035,0.11946434766288677,0.09116998897269452,0.03914209228041981,0.12019842734226943,0.06524147149732919,1.0,0.1591529266146901,-0.05460488822325654,-0.058683466153627906,0.09551688475877203,-0.18829905297442048,-0.15490963310654707,-0.015316852965343167,0.000553081595727314,0.0009195439305014035,-0.053109198854097775,0.06887829625837104,0.010160402340350937,0.1848140724448676,0.04215083253326681,0.03690961706398212,0.29128873229278657,0.010434221446444628,0.0224537167024493,0.4515039748305528,-0.07001418969286259,-0.2676180251147261,-0.22219915543955862,-0.03000660077829942,0.01555880101388457,-0.04077512720836967,-0.010411641791261231
Glaucoma (1+),-0.07959942265780426,-0.07265869197483835,0.06881114669376448,0.005268990336534411,0.0325773669781953,0.008125348672468218,0.021727874149775995,-0.02243058042326254,0.008484880586114452,-0.03817337079309262,0.041999267994710036,0.03398872367910634,0.04833863657575749,0.06904033419242202,-0.051354185758353633,0.028158725020309135,0.0344064822670609,-0.005176906723757462,0.01927044180458911,-0.05534912854589143,-0.00821603301372331,0.044805227224486245,0.05592483197761787,0.028791453508172513,0.0005157424105833857,0.0032423208424071093,-0.056202698435893775,0.013788077213610703,-0.026010417738427744,0.04734024325192615,-0.021955924543267502,0.007255320081817441,0.04563879272728662,-0.007235666777861563,0.017375805240526832,0.04382059137574517,-0.017043798679689973,0.026801233068343887,0.0031688677977054908,-0.01404627881950909,-0.028404100838266666,0.038627969213255384,-0.029757095604412725,-0.011486125135395646,-0.018673595319973146,-0.006615300229265596,0.012632380260634112,0.013671771168424558,-0.007040286090906956,-0.004210230119230972,0.032630327318140924,0.042637566530460816,-0.011271424365946402,0.025681441375133982,9.862516121494359e-05,-0.015981742515052393,0.02554856974690882,-0.016041877539003522,-0.006999619732495696,0.020502192564421682,0.030170757641849254,0.011216550131411698,-0.007905703199287208,-0.00791186956276559,-9.114392180557515e-05,0.02551146135104935,0.0089836047455102,0.005092509839190374,-0.0342140003747341,0.020639366188833216,0.018132088820642104,0.010789884221261913,0.006606104506988307,0.07753335270554775,0.007584104504253551,0.05455837941640835,0.0794661298390337,0.05145218473579444,0.037856655140755535,0.116710690401555,0.10444198424032408,0.1591529266146901,1.0,0.05612418615083105,-0.013394096456526445,0.013958340607405936,-0.013678702407276372,-0.04173034440244724,0.007474899599624108,0.0041890546160625545,0.0399934715682836,0.016366416158643798,0.04682478176110281,0.05745573395303403,0.09869402782196063,0.04494881546957344,0.03470652391408731,0.15794856117507722,-0.004570392361941251,0.13255610431100168,0.11227651557335747,-0.0026524043725568223,-0.07613613961679853,-0.0650891193470099,0.015548361622618183,0.013919692703012559,-0.008519861587931653,0.013804681296487379
Hearing impairment,-0.02385127197847172,-0.0014868235743148123,0.06264921461787552,-0.014124118277718388,0.001209305823236023,0.03896412998597906,0.07125323761424779,-0.015064753557659143,0.034557461824535965,0.06941792834726504,-0.02156553278930905,0.0498448516707296,0.05047779049689715,0.10362296354724629,0.017819584588590613,0.02405851850195891,0.05151187517232561,0.0012283015861548469,0.0208173778791234,-0.03455980168690065,0.0036665356909483405,-0.014575457260854605,0.040024442642370914,-0.008364189471844054,-0.023788490947392476,0.06680873811758455,-0.0711200756103987,-0.010285477886651793,-0.04798478713550132,0.03769930736260523,-0.06440283563336169,-0.020311680083441322,-0.0254969012321053,0.05350809217590973,-0.06119093337038932,0.038513734536874615,-0.0021763671673816717,-0.013368810656522685,-0.015942395896920463,0.027680226396652685,0.043504366391266695,0.00022848913465972842,-0.025240826949144497,-0.05732643055310129,-0.02997017032342264,-0.014504159208715055,0.03967519593085818,0.035191083020697136,0.0009685703173115238,-0.02550766148257303,0.0594106421652996,-0.02022154270476503,0.006771986196815427,0.03315171796222982,-0.010753712860176482,0.010722951988604373,0.0071412591836675955,-0.013428199322364382,-0.023600983661090362,-0.04351122754534508,-0.016796971448449827,0.04469332940446761,-0.04380728827899487,-0.05870099595824835,0.03578500417484833,0.045718281067732555,-0.004282630896950763,0.001179887180597841,-0.029399989658725208,-0.001083260375293286,-0.007481822879481162,-0.041631994445100504,0.010028660640996676,0.033893794689635125,0.02481163981852566,0.06501630293785328,0.033463862888650525,0.059591135498661595,0.014256675801758687,0.1701736235726255,0.19343474619721354,-0.05460488822325654,0.05612418615083105,1.0,0.001138611225994703,-0.04242006821320662,0.10176640555557251,0.03028455461207771,0.025561783130171215,-0.02220467204912374,-0.010988210859180492,0.02878554477169653,0.08275028239003883,0.11208109876188226,0.012143259684712082,0.059752308080560604,0.09761266064810462,-0.019294387064911604,0.04447905984023809,0.21157068911887805,-0.2573234064118949,0.1256636102331821,0.2746013709369357,-0.0005258900336907879,0.06172553598214795,0.053643701792480354,0.006880484105165389,0.07498961417804559
Heart attack,0.025699252012833212,0.07519899713239986,0.00584530455608497,0.04406568223529845,0.010190959836867146,0.025277856863662615,0.028154730063860857,0.005859671444335763,-0.010297733546348371,0.039743405143044884,-0.03333093685219385,0.05563630731056296,-0.0022120052648499527,-0.01529476766044743,0.0295189513594679,0.005023932044096641,-0.007061905634714922,0.043596637936302245,-0.005430588989590782,-0.052744324885913706,-0.011061819291787825,-0.02827461760375215,-0.014166405611338627,-0.033657836455352676,0.011000504120979906,0.058887881675329,0.023168758068952428,-0.02913315811101226,-0.01295583202052636,0.022962230683005406,0.004818117335835415,0.01851609670516954,-0.030400987712493815,0.0477881838528412,-0.01714469245666479,-0.01076419949708339,0.037393798642900204,-0.0012235590467474088,-0.029322472291282316,0.03402001763380558,0.06352651951770587,-0.022212155844466095,0.014265911800343666,-0.016293297463596607,-0.00241935453477696,0.007147995460989182,-0.003732201578620683,0.00860725265959952,0.025400247331342173,-0.02780576755649857,9.745639882655904e-05,0.01911208285832794,0.0010207481520917415,-0.0010043841046739033,0.005238976891415236,-0.003932001866270009,-0.016251994890292748,0.0017562414062762025,-0.021458573634371793,-0.013141662165060288,-0.036282631898016456,0.0004952418066371078,-0.0045453447191596535,-0.04722467892564298,0.009641787494954002,0.03303165130460125,-1.7675001889029363e-06,0.000771919966569186,0.01666337410023257,-0.016839680870058743,0.012423757029432485,-0.001323452592724784,-0.014778267504238173,0.03089114856796135,-0.014179400631158856,0.051884166157711145,-0.02739882967085937,-0.009084465010816143,0.0007152675592061156,0.00011976267238869546,0.007743117980049199,-0.058683466153627906,-0.013394096456526445,0.001138611225994703,1.0,-0.010708626436521321,0.1124152564628883,0.11200047854596491,-0.009569731486148666,0.028261172549748914,-0.0043187570856970964,0.017598110843313152,0.0025746438934387285,-0.02151108028622029,-0.022939434146060922,0.0033000321974943473,0.012054539510867763,-0.02594951617902918,-0.015210085171912352,-0.009097784220872736,-0.1238179918925343,-0.0002864092193392462,0.01595551896002588,0.18656720520964817,0.009235281154510907,-0.040062545192611904,-0.03371743855119758,-0.03837350008339085
High blood cholesterol,0.03771598599937017,0.08356937435399195,0.16467619967366845,-0.08457200491907098,0.06451764596180234,0.012856299604341669,0.21458378884549859,0.022576991625324384,-0.0032846884027985016,0.11266598620945932,-0.08315291095463094,-0.03223479972322252,-0.000266416073435723,0.014407128963123917,-0.09808424224532543,-0.06485477253775492,-0.028621896620022166,-0.02282088859404798,-0.03883612543558472,0.11174024032379275,0.07224687904890438,0.07765998622944667,0.05632436374806025,-0.0015604475790869337,0.010235080022771079,-0.05103050026504414,-0.08005198286454848,0.045202892399096736,0.003653794608796284,-0.008278239380702936,-0.07004277926093873,0.0406108650094076,-0.08147655783973522,-0.0019636935065290182,0.05908155457340641,0.06030656401891507,-0.07197483457681139,0.0029467738638358407,-0.06701867774546735,0.06592912183093538,-0.07950216861425123,0.029043162357907933,0.00024743975522742933,-0.03614307053373625,-0.026534293209973508,0.01991699800158588,-0.0389257932823336,0.011807994074715214,-0.016692949750327285,0.0036961319387885266,-0.04463929410011538,-0.043661273401027254,-0.048493895803965195,0.030827996531639208,-0.0191367367396813,0.017035534789501407,0.0023368427071709607,-0.021979685083727135,0.02191795272522922,0.07346753675344754,-0.017298154162171935,0.05109701125124911,0.07580746143700377,0.05923309237849397,-0.008352574348365869,-0.07943301169491099,-0.03900346834536326,0.08388010523847837,0.022414987481796732,0.0036294905829863462,-0.053546903933021514,-0.029747595684700336,0.015995651559958628,0.03397623560093302,0.030563894035026365,0.04010083578167241,0.049585842275960995,0.043172349733169205,0.021899644012510842,0.02185305329862636,-0.07323618202602084,0.09551688475877203,0.013958340607405936,-0.04242006821320662,-0.010708626436521321,1.0,0.13338694931685652,-0.11845101031849896,0.0164978845986746,0.03260063071579328,-0.007116021742908246,-0.010677673866238342,0.02011638093634517,0.0044612280166750245,0.06497009910818173,0.019952800865024774,-0.07278368296530828,0.09783115114581414,-0.014651667131438987,-0.11840004134155101,0.22402633254008575,-0.3859238037940371,0.14092455580927132,-0.18927751931025286,0.23035431041817703,0.007405896093682082,0.028267668968047565,0.09699156189172706
High blood pressure,0.03148895339356044,0.21984296715324866,0.2530995613916665,0.0073342833081500155,0.0798456820765676,0.17569900397700328,0.17725249817778346,0.03076413852288992,-0.030266682621508983,0.14151512888657533,-0.07261916688275262,0.12957806327019708,-0.030024245473852067,0.06481097440504589,0.01672494948389153,-0.07665765182059858,0.0028028405804864697,-0.004813876786152476,-0.001633654649877303,0.030321540931438972,0.0027424002543434594,-0.013891451998605062,0.027224253147356443,-0.01252582176713724,0.049609698375958744,0.08080874791441611,-0.04591746408688258,-0.03995478286995839,-0.04597924725708633,0.036435349787066675,-0.08710553913548168,0.057386119025114396,-0.13273959212649172,0.052245940057313194,-0.09414596378521319,0.02222894117705547,-0.03719889674550869,-0.032657525448260026,-0.09772384608013451,0.08664761691599245,0.04129986043918909,-0.02264086329999532,-0.01974350287078296,-0.07910358620926738,-0.041232780431773565,-0.006744230938161347,-0.009428512012530909,0.020312596817210662,0.023827621346767743,-0.03233507565505913,-0.024759227124645875,-0.10606314990173155,-0.013037742905655278,-0.013071397123950066,-0.003672999342518385,-0.0012183073826572532,-0.021411803327301,0.0005540294782219915,0.021224112473070503,-0.006308306862272928,-0.05663065254222678,0.08685497017956947,0.063816539969115,-0.01243834920439578,0.011915281892992804,0.012190572915435263,-0.022483358691885422,0.005932328686769463,0.012229973879558136,-0.0452893566161351,-0.04507784433256806,-0.05595562377102795,0.052675320619474976,0.010208501840804317,0.041831599257959366,0.12243281037220816,0.06053146994347589,0.03290268936903948,0.051903049255514665,0.1098791245608011,-0.007458674695626434,-0.18829905297442048,-0.013678702407276372,0.10176640555557251,0.1124152564628883,0.13338694931685652,1.0,0.21282750966932854,0.029301415255417348,0.031652965221395504,0.004269846099923795,0.007763764313871426,0.06524598136885984,0.07223262983589569,0.02570371647683068,0.020066139617691724,0.0005174314878577155,-0.009287487115183934,-0.015042487136018795,-0.037976746839451854,-0.37120176111838976,-0.028471884633476465,0.25469262442044166,0.3050097950165621,0.12811454665081864,-0.0022514602584016007,-0.004114508495046672,0.06323916803862815
Kidney problems,0.01908423591788637,0.122690125572046,0.021515411382737656,0.042896962200722824,0.0068452716072762735,0.037720976649508194,-0.03618440019014635,-0.017218424946494736,-0.03197943744829007,-0.005933067903440472,-0.035242797352258146,0.06030657475838407,-0.004691008680121594,-0.02382082960967941,0.11801325758044001,-0.008467080423184474,-0.048581776612840986,0.02191295738243752,-0.0013317132140114579,-0.030841841285910297,-0.007650599381784114,-0.06595548091379831,-0.0075976771352243835,-0.026191945595591272,0.032139490820255585,0.05195003533637434,0.03136855843910836,-0.050642821323822786,-0.019185511989710524,0.031075896179486296,0.02589049126693163,-0.022181126325178838,-0.03644206833936629,0.055541951699883754,-0.059268904890994865,-0.0296888990797676,0.06490392561974408,-0.008601066583276378,-0.0166747131718451,0.022821456674822518,0.10246601188953373,-0.026468861051556297,7.596158676058738e-05,-0.020645483237645475,0.011339837201755095,0.014216907917184964,-0.009060821674392622,-0.03235976794919599,0.014608124131904333,-0.02299454383030541,0.030209896275612796,-0.03275375642343014,0.022439923736399005,0.019181164204423434,-0.006801291657341664,0.0008003076154126763,-0.030123872661672976,8.686506850347994e-05,-0.02668717495406251,-0.07737886336490632,-0.05824686425366962,0.010283878854595347,-0.03768636699001028,-0.046999898981263166,0.008545589881689847,0.05420995294498505,0.023140381502950617,-0.026046291658137148,-0.004194288399518582,-0.026155716229019348,-0.012997179779555775,-0.0014831032468499619,-0.011569203853153265,0.00034981637682363374,-0.0015494758979804825,0.02672061853087402,-0.013794215990613973,-0.020079279475722807,-0.012377191290784373,0.008197590108784215,-0.000968625052909008,-0.15490963310654707,-0.04173034440244724,0.03028455461207771,0.11200047854596491,-0.11845101031849896,0.21282750966932854,1.0,0.00639647040095984,0.019823782782894518,0.012020502140160375,0.006362360500985799,-0.019523553193626014,-0.004787746157476656,-0.03962401276260391,-0.0019686063075317808,-0.000781275791384356,-0.08311791390555552,0.0048323560547937315,-0.02506483482367248,-0.3179881739695324,0.10319618729580488,0.021754169799211624,0.3969100363872358,-0.07160681195150896,-0.04005111140746403,-0.013008729474018951,-0.024559574800296687
Low blood pressure,0.026614532304711502,0.08418484518707582,0.06475316698494293,-0.018346508546455278,0.052620578619054524,0.052484621722015436,0.017976671255118586,0.03361166590271981,0.014289138787811104,0.04408472408259256,-0.0022757852572158664,0.00565797001427074,-0.023015479723416582,0.03251190388936108,-0.008546703985172726,-0.02509247438602518,-0.004657136944526276,0.036121944862221145,0.023713870028719546,0.02308611923197862,0.011594303848535163,0.03613833152465517,0.010974435247520191,0.012931910008641308,0.007436417297306338,0.04960513123458926,-0.05594471464357154,-0.0129674391553406,0.021236435425521387,-0.012453716765366508,-0.014575314664442871,0.022370661603523443,-0.03665366721557902,0.018654068769878136,0.012900041032010848,0.03475913546331972,-0.042100861098522305,-0.021573249542262817,-0.026629735019051956,0.0014038282074505862,0.005190075497549281,-0.0020206696611708686,0.009609285369144002,-0.009451155177258416,-0.002124744457758433,-0.014904125145968415,0.035893419023691454,-0.0007106037655706079,0.03471536825530017,-0.011469718673468281,0.053844819379573014,-0.029696708981197337,-0.02525700879110031,-0.01476911347143746,0.006747581485203396,0.008096001125326126,-0.021288701047584714,-0.027481750130769648,0.001909073824710982,0.01401688392253134,0.028680958675979952,-0.013514485466260478,0.022861587513072674,0.04813328459836176,0.0024303159134016,-0.0016934523924744308,0.021174630227545455,-0.009687004204767848,0.004911568384851063,-0.008470734728237795,-0.010380180385126935,0.010103215551313903,0.08208639118181846,-0.018771088484812425,0.08587585325325403,0.08225990441694234,0.03320751023074584,0.043346731025881845,0.040995602249304396,0.07435608592474795,0.012585926763050849,-0.015316852965343167,0.007474899599624108,0.025561783130171215,-0.009569731486148666,0.0164978845986746,0.029301415255417348,0.00639647040095984,1.0,0.075468777176043,-0.007342218384133112,-0.034776841076181564,0.05453226997382937,0.04191424916808389,0.02883183856486795,0.007482399375636933,0.022933902561776357,-0.009626119550347492,0.009920539537840582,0.0173922418669285,-0.01298874309839206,-0.01881887908914919,0.04847901859963161,-0.014173952437199126,-0.0026847280874391353,0.01189643928703813,0.013200741221288278,0.05661121071516325
Mild cognitive impairmen,0.07524732641843612,0.0781218266506521,0.026371180369339543,0.09623008284810258,0.10017705511108606,-0.0364629565702452,0.030929924602712204,0.057969812034714296,-0.08143173951219457,0.04989152512959402,-0.01958557330533503,-0.001261952794545985,-0.008110587061606039,-0.024365211856495723,-0.02120246353616564,-0.06337310508039186,-0.009226640200840802,-0.007253471069837664,0.007639976225315049,0.015492245368274149,0.02545784911804124,0.019396407597910434,0.004026477899347936,-0.01704767827531171,0.09629422842980073,0.0394349654564001,0.023115037605963024,0.011763525671500803,0.017004108958947915,-0.02528859712303189,0.0260410557600332,0.010246653068697615,-0.02437211778751055,0.04199617457156449,-0.011420331364638131,0.0020731334406226243,-0.025936149764297034,0.003959267671317948,-0.034289793242983084,0.02126392884505422,-0.024033796454372848,0.03784194306107441,0.0402969229535099,-0.012188854844322838,0.016783778062476908,-0.013262229896786548,-0.011850240228368237,-0.013661914449025724,0.036081126522428744,-0.032250413551101066,0.012090574897204944,-0.007887131211850246,0.014572168761932042,-0.009684225313859395,0.02232850136902323,0.016330783398875205,-0.03642989724840114,0.03586824795927171,-0.014463126286894114,0.0014309922360826936,-0.013536688780241727,0.021398532796776337,-0.005848375640035621,-0.038760115610038254,0.0045908255526723495,0.01614618444989069,0.006933443518254366,0.004407795631802041,0.0022294356005193926,0.009095006294311314,0.03199509668921724,0.006680941430133076,0.13815091763162027,0.08171118462830401,0.11103952768455867,0.21055744281849564,0.08474305790832863,0.08229576070682232,0.050453803630316166,0.03896157664315173,0.006046657042749647,0.000553081595727314,0.0041890546160625545,-0.02220467204912374,0.028261172549748914,0.03260063071579328,0.031652965221395504,0.019823782782894518,0.075468777176043,1.0,0.1353991771992073,0.056486259506754496,0.09268574075886664,0.10707294042451004,0.010581757402695057,-0.001823291761127222,-0.018009573943324003,-0.001660494421741103,-0.030212418043652562,-0.024769060274811284,-0.020536121109663557,-0.0386099658354701,0.02140848228424623,0.01761298031775052,0.0022312157863711777,-0.06019906278007857,-0.061604259639467085,0.0011895242392671028
Multiple sclerosis,0.004610974482903303,0.008001940136472267,0.009088091161184052,0.011415900301513628,0.03885241234992534,0.009788593126122376,-0.0007595600674515614,-0.008437993976754193,-0.020656066277657956,-0.014842227503508446,-0.0004569310763216281,0.002816873738460859,0.02960061591552472,0.00934825480961008,0.02224557908365988,0.015822912773909716,-0.027688824876200866,-0.0052111137480191725,-0.024700479369676724,0.0010340047690603428,0.014112426295119473,-0.019870565863121716,0.01721013188314929,-0.005529678062906462,0.023313400002677998,0.0032521687373262016,0.014196607001123502,0.012469788429497405,-0.00465681362471559,0.0014345660953894218,0.028533577078563323,0.012676802465192002,-0.011293011623427489,-0.013734811018815631,-0.00555125939077719,0.007116784006199296,-0.027050369024161004,-0.0061139673264709185,-0.016324762610042245,0.01479420118991753,-0.01318064766019824,0.010605605923350804,0.007459535577663508,-0.015585090170907243,-0.016763262411135054,0.038403829424313606,0.04458164898278778,0.012873521317145637,-0.01210450666040588,-0.026428711352584983,0.012328599036779362,-0.0005259030610236969,0.013381406494601504,-0.005087926235291302,0.025051771979850628,-0.013565720731583915,0.0014767208392114652,0.003268611976863679,0.0040888231966166415,-0.011524417338686394,0.023379369265627965,0.0015548636150937963,-0.0026967675815150575,-0.027350017214173693,-0.007358434878428496,0.011553195891509757,0.009881288227181068,-0.007680119218751712,-0.025845955162694542,0.006862677561676474,0.024357692037725216,-0.024019334905993207,0.11164537965585881,0.021312269537150156,0.04734960112293384,0.051541484651200065,0.025687687759877228,0.017811720471574248,0.040975774535540854,0.04215613050501209,0.036038021738019586,0.0009195439305014035,0.0399934715682836,-0.010988210859180492,-0.0043187570856970964,-0.007116021742908246,0.004269846099923795,0.012020502140160375,-0.007342218384133112,0.1353991771992073,1.0,-0.009119854122173945,-0.012176434265415722,0.009316968288578916,0.029718290962658933,-0.004884120996704633,-0.0037219093662194556,-0.011573911203881803,-0.005188116372707812,0.017052930053987916,0.009175268261360186,-0.01270817515049092,0.017658913812687443,-0.015263401975851541,-0.003468994656258857,-0.00223831694826323,-0.049642969771811256,0.0070225936253313906
Obesity,0.21437208501357172,-0.04313564118952665,0.00820865114198325,0.10860695310598222,0.018566148582569147,-0.08380943487791898,-0.005847362872100904,-0.08253271085747937,-0.024013976801809098,0.0922891581151365,-0.0030539213292654086,0.046416949457677555,0.14677558639506547,-0.048180952077901726,-0.04378786844775244,0.07361369873622016,0.12431928212242788,-0.030569482266995626,0.020370548287782942,-0.11377084625597485,0.1866842427653338,-0.08016821400536525,-0.0789713433046682,-0.0022412823595660877,0.08737985065673255,0.02941649794512712,0.00454533577184513,0.046984054428858314,-0.020365785211939907,0.010556430110727662,-0.05519239913478495,-0.04713146377421384,-0.013562281052777875,0.09318768369296906,0.009440581407238592,-0.05838792584595349,0.0466125649685249,-0.011263569653398595,-0.0640754151275242,0.024699354093997466,0.06075612528907315,-0.04945044500060469,0.04441188045897948,0.00424326206972689,0.02866066224049806,0.032701930612403486,-0.021680591297610494,-0.010955274060590306,-0.0014755247189360912,-0.029283205752968774,-0.022155867662549036,-0.007686595991691169,0.02848139492341357,0.027194799428082585,-0.030131852345553347,0.03511325656808375,0.0170894668202968,-0.03328163073378601,0.013740739560813672,0.007644868637998523,-0.03133482968995201,-0.034428388883422756,-0.046288271571913245,-0.0280272543605628,0.031769589121838304,0.0345070688298625,0.017864616573254048,-0.027293831350516197,0.01904087629419893,-0.02304327996525399,0.028946046226784348,0.04719532141941626,-0.003719052041122266,0.3900111226269672,0.004805596399510067,0.17562074210850606,-0.02715082930488673,-0.006369628562008352,0.05502463618229723,-0.03294841716745155,0.0449757591457961,-0.053109198854097775,0.016366416158643798,0.02878554477169653,0.017598110843313152,-0.010677673866238342,0.007763764313871426,0.006362360500985799,-0.034776841076181564,0.056486259506754496,-0.009119854122173945,1.0,-0.028097369844586544,0.09951717264465174,-0.11001332018939097,0.0025461310872617804,0.04533019694007632,-0.004522590982906879,0.04982266278003492,-0.05334399384641238,-0.04041501159030988,0.04954974124134625,0.004327490352735824,0.009281248419194607,0.00789107934004174,0.15758958055836997,-0.12020945666360959,-0.06979437766514424
Osteoporosis,-0.04766851142454535,0.05882301626440582,0.06053773543750966,0.028334434347239916,0.12845498101242667,0.03375799174171716,0.020446235705478086,0.08249081974760854,-0.07406666500361947,0.020254616969160904,0.00296231336026396,-0.02381126311738378,-0.03174841387798311,0.028090578593315155,-0.03359968926791252,-0.08468831293416482,-0.017588362953845506,0.015667815692602453,0.071512418581308,0.03429351238057465,-0.05877140154212919,0.02440744140579978,0.06117493808773579,-0.013323925129700761,-0.008887791804076738,0.0004555532311910552,-0.021956409599520763,0.007231597185739646,0.008512755440029126,-0.0025362848399591085,-0.02536289848682362,-0.019192988451329194,0.011222854204158824,-0.03459555852276812,-0.05980115387512474,0.01886433001721733,-0.059155241561715304,0.017521896651126988,-0.03348464302641768,0.009385324211935353,-0.047667178061252105,0.043772555674233125,-0.0051792490939482445,-0.05466320480909525,-0.016291146371466066,-0.010618766170439733,0.041988213411864234,0.02262666699528098,0.06739230335255625,-0.016767164670137603,0.038054959206612976,-0.08351898625342458,-0.03022983028148713,-0.0053963640050146006,-0.015578241566698242,-0.002600724315421987,-0.01084750638751994,0.026972170593347902,-0.020940396857944868,-0.01554116992754461,0.00227220464514965,0.07886795108025549,0.01258791244340843,0.014223531928376465,-0.03164384765834266,0.002592977440738642,0.018620127328653313,0.037184326154880716,-0.0363774355741295,0.022637071351321234,0.0019052979801652198,-0.029657713197572214,0.14889890805827666,-0.01984620634756002,0.16929817905210942,0.23412876054077583,0.124342462281883,0.17570759814655318,0.07617838617991253,0.13598856495967765,0.03891475353346213,0.06887829625837104,0.04682478176110281,0.08275028239003883,0.0025746438934387285,0.02011638093634517,0.06524598136885984,-0.019523553193626014,0.05453226997382937,0.09268574075886664,-0.012176434265415722,-0.028097369844586544,1.0,0.14602689493100665,0.0834680170689826,0.0003813142158093985,0.013502582964546718,0.055106375969162937,-0.009795529345789245,0.055910515652573316,-0.003906208060142178,-0.030932361050458077,0.06465788556148509,-0.039469100887342075,0.020574350806239323,-0.019731351638282223,-0.022373588673191815,0.04651759862014818
Other heart issues (pacemaker),0.038534867763945935,0.028868604874416205,0.1009011528393527,0.0023720100810243495,0.06011977357966797,0.022218938163847336,0.05887179599150425,0.08681993403465157,0.014700198625853159,0.11081257795728627,-0.011775075324764846,0.12333108611241234,0.08059978288951516,0.017682129867401027,-0.010312706195242159,-0.0710745998681414,0.022872906999961425,0.0127798402375611,0.08464445640745688,-0.05050127436662724,0.00847800593960167,0.019043293132973534,0.08089386902682225,-0.03714609785956682,0.053962717220592885,0.06313239946999251,-0.05199702287407009,-0.004293892978577701,-0.019975266297185035,0.009795740048997494,-0.058280434234940476,0.04997712294958555,-0.07814543681609616,0.04218814081757461,-0.03600260873858575,0.06784256996895423,-0.0705891983856922,0.009444797685226169,-0.07205851949003511,0.07634458350390998,0.03523709639666291,-0.021382456078452586,-0.021279058310150534,-0.07746367187033922,-0.05730894404120545,-0.03372995373702531,0.022641261760961148,0.016926929412706484,0.0884988673943799,-0.06910509687253451,0.044489030065043136,-0.06849012449082313,-0.0013298983818772476,0.03642515842648989,0.012720331041533462,0.05653225838846037,-0.042965220631784366,-0.01695623661401754,-0.04038811134019454,-0.031606146965024826,-0.05992045769717919,0.03121297888164371,0.026060667385201783,-0.06088650304831648,0.03000181209910594,0.03326575134923342,-0.008348766121659247,-0.013994099695882582,-0.007708418795570402,0.03317370034700355,0.031569663090512595,0.01883704228968596,0.04117304731582248,0.07728608187050062,0.12973723363792716,0.27785035442692557,0.11714502994365025,0.1334328721033271,0.07924669930069946,0.21987535571821065,0.05895899085384479,0.010160402340350937,0.05745573395303403,0.11208109876188226,-0.02151108028622029,0.0044612280166750245,0.07223262983589569,-0.004787746157476656,0.04191424916808389,0.10707294042451004,0.009316968288578916,0.09951717264465174,0.14602689493100665,1.0,0.019152790319574363,0.05866257229485902,0.02933197262588777,0.031933370776756974,0.002319713983639272,0.06005554091492651,-0.06716071527960901,0.03235618371770533,0.06658476960616554,-0.0075819212629497455,0.05446562176537519,0.051070331889396796,-0.09927172081438371,0.043567279058585526
Other neurological conditions,-0.09622374927416762,0.08187866965714792,0.07763518984384385,-0.019844395332304223,0.038295628378639444,-0.038439236003796305,0.022744043595140866,-0.011119704232563424,-0.06515060896970884,0.007135285091012328,-0.0032908932171046984,0.04636270394144898,0.06632178663732283,0.12271566618396984,-0.035621028107999955,0.013680814890192617,0.014734320715789472,0.09555558071174064,0.08659227443590999,-0.009198979903149362,-0.008118904227353318,0.10418119529037988,0.12694055782634697,-0.02364622976862122,0.07751301640699791,0.046110921069878345,-0.047446975474183486,-0.002163438127189161,0.02569140151945349,0.02847994529072245,0.0033580838674414173,0.11849508428214381,-0.038934187135403996,0.02321889377972443,0.08818967543433025,0.0726927411604467,-0.04873928940362208,0.02488780972958489,0.010226500692843452,0.06680952539520996,0.0013039645407346783,0.0681765238846588,0.04113080954562296,-0.05731945219589322,0.042305075224466956,0.03761841774133525,-0.023827233849425398,0.026888298590895594,0.030212168311587174,-0.027231987314752296,0.042938311071304476,0.06857780971120601,-0.05399125344260717,0.014027597972582316,0.0297549370781928,-0.015709980189827808,-0.014615269819548957,0.013563791814333858,-0.02379323713811407,-0.0023196788588979306,0.05927563549287418,-0.008268864017279715,-0.03331742078198143,-0.0016965476261540198,-0.04421589055038082,0.0638277090154322,-0.011920011210613654,0.007286912673965103,0.01681341358798759,-0.00995032756957969,0.024397215398696524,0.040570805787811796,0.02106996979863697,0.10334821010395791,0.06828280480060767,0.054666261543608145,0.1790278125748777,0.20625060909370793,0.04917667243664347,0.2752481997107423,0.0797003255627028,0.1848140724448676,0.09869402782196063,0.012143259684712082,-0.022939434146060922,0.06497009910818173,0.02570371647683068,-0.03962401276260391,0.02883183856486795,0.010581757402695057,0.029718290962658933,-0.11001332018939097,0.0834680170689826,0.019152790319574363,1.0,0.11372327026470518,0.05245306106568513,0.22660686176828126,-0.0220075351749324,0.02041407036894447,0.0908340431889386,-0.004119062999531117,-0.03296225521166692,-0.06645356646922564,0.019386522255920927,-0.069603722664638,-0.0991232725362102,-0.0480958724808397
Parkinson's disease,-0.01718908677899044,0.022245816407796267,0.045061473179244575,-0.015234967865472578,0.018624300331204602,0.006446637402121258,0.013757427591594264,0.007309420939761896,-0.0035138805031208514,0.012256556409117877,-0.013129028959335973,0.04134936513768046,0.0791054124086323,0.06311572338310853,-0.017709104210059903,0.03637782717481126,0.04148701458946408,0.05521992050643328,-0.008290625693567503,-0.016584743144013096,0.015287257964116648,0.03955347262500067,0.021747662936739357,0.011624689413467216,0.03438052347506699,0.018506252423283798,-0.02294421666964505,-0.010850971209833688,0.0010149618875842535,0.0006739220788747579,-0.005920362351267905,0.05253503754250781,-0.03414717060902087,0.03978779993254137,0.012035117652245138,0.0523730922667342,0.00224946634187986,0.02274640575285175,0.019240187215475373,0.02471509477253808,0.02438269038789312,0.031440610080511265,-0.007073865365691979,-0.011555960146180147,0.009316456993770662,0.00485978380967811,0.00563938487181871,0.022477447796508367,-0.0035316146342818633,0.00021089575018658297,0.03531865614883297,0.03673828166963858,0.008026445610693884,0.04794271893840486,0.025017796249806133,0.005349811463123523,0.0004714490143557558,0.01075365603222334,-0.01650270583008188,0.005269433675591985,-0.002111976734079663,0.0021677958151032563,-0.015416733612304523,-0.005061951711189101,-0.026350995451196624,0.0015837167929525515,0.018484038140300682,0.014875875568965859,-0.015407122559423827,-0.006047222164738672,0.000787917067295207,-0.020391167374935588,-0.01003953080718071,0.06131723612564902,0.05977920488930987,0.03920002086008597,0.08111716389006708,0.15250477615153848,0.04135091291025774,0.11912736824859305,0.08569814243571579,0.04215083253326681,0.04494881546957344,0.059752308080560604,0.0033000321974943473,0.019952800865024774,0.020066139617691724,-0.0019686063075317808,0.007482399375636933,-0.001823291761127222,-0.004884120996704633,0.0025461310872617804,0.0003813142158093985,0.05866257229485902,0.11372327026470518,1.0,0.02841698524603466,0.1457735866794581,0.003303797873582425,0.05304345079380391,0.02517610098862316,0.023475695218638345,-0.008542977553716838,-0.033501492872000674,0.03872048867476832,-0.008836667790851783,-0.03976309615240585,-0.009320810817512402
Retinal vascular occlusion,-0.015226159612836172,-0.0033181504596148364,0.018908171459665838,0.0023734764607600016,0.008016009737123856,-0.005286981206159342,-0.02614675669543151,-0.017815042657199253,0.0070384871319184375,0.046031583570175914,0.003308852739327028,-0.012829466226733973,0.002752873534794786,0.08878401138745794,0.01817907244661182,0.04730605554938326,0.04652101287597794,0.05400182654624345,0.015095667364875139,-0.038778005028535095,-0.005724520612337201,0.014044305033278125,0.021479100966735824,0.015252392133146692,0.07126398507213363,0.08949479457151786,-0.027486520622263935,-0.0071237622077223225,0.005429417886501404,0.03222940712467484,-0.006352235337750136,-0.006099442375876359,0.02455243586937149,0.02742844724041749,-0.018138460980637813,0.015962889462717973,0.0160807503210484,0.0038293312199332193,0.0158211679009667,-0.010501587562368509,0.008280527171074106,0.033185508453812004,0.010415996843561398,-0.012225166734829538,0.04384565116629915,0.01952468261567233,0.03216576417341212,0.005155610583407614,0.001705681952599385,0.012151246149155609,0.028360759443703098,0.008325159492704463,-0.03034882313305249,0.023589547707223168,-0.016541304027507888,-0.01368653129272882,0.003245089749236715,0.013639505830237804,0.0006081477399733599,0.011948311296910388,0.016451833487211538,0.013298533905739882,-0.02584955169014598,0.005260463076833577,-0.006236426927899685,0.02304776956872306,0.019259318981411554,-0.010816363244673841,-0.016522225011616903,-0.012711544531007266,-0.005135886962512028,0.0027285838381470927,0.0023104147366099274,0.05732648431177669,0.025690624216605316,0.055676472933929494,0.03586267188439165,0.04136614849171175,0.03633523349231776,0.06718564520663313,0.0658864011864607,0.03690961706398212,0.03470652391408731,0.09761266064810462,0.012054539510867763,-0.07278368296530828,0.0005174314878577155,-0.000781275791384356,0.022933902561776357,-0.018009573943324003,-0.0037219093662194556,0.04533019694007632,0.013502582964546718,0.02933197262588777,0.05245306106568513,0.02841698524603466,1.0,0.0353825324187887,0.01362010847542776,0.12738056238715656,-0.019544585770409947,0.09617489260384474,-0.015220005731184863,-0.008836560224238158,0.011809800366131077,-0.001964992323556161,-0.00026184489455709985,-0.009931085372539353
Stroke,-0.12206047825451616,-0.06564869398809167,0.09684160506343922,-0.048966771674026174,0.026239994393991523,-0.019853469744889482,0.0074914517956941274,0.020848999553733785,0.014304319685767182,-0.027473049042712614,0.05559216476167726,0.0028109050310905553,0.07608028630925945,0.07026391318745014,-0.0980412015154561,0.06683079645705643,0.04945723188184329,0.05741568049440047,0.04378369131233564,-0.020598438393554283,-0.013136332993733997,0.09196409226346916,0.07451855709921382,0.05391338115483888,0.005600868793793602,-0.03660761850731265,-0.03452694194062078,-0.007832215605219794,-0.00440585788156547,0.04222540024435071,0.008493379472151952,0.01854953739135479,0.05240949669775162,-0.04030450572710174,0.07836715731378174,0.051032220191557634,-0.05587233088660781,0.0031858633260444386,0.027366387235643795,-0.04838929388682999,-0.06241624971665059,0.05524604757175114,0.005299521728895763,-0.01866757450374672,-0.0018252551109452645,0.007918048799186781,0.03446446923946008,0.018433390178088198,-0.014235950392039577,0.03839330035012349,-0.014290429613487447,0.047103811641116294,-0.05645993968909122,0.007805312822738373,0.012826158752650864,-0.029625759657789814,0.013203339433028212,-0.013394671813913996,-0.01090188009204763,0.10434175287395452,0.052576484538865896,-0.035696426803853765,-0.010898566665298932,0.038739393575231526,-0.004709704170682466,-0.022772832122275082,-0.013270135439062861,0.05720447436589543,-0.003288490279979519,-0.003733868888488414,-0.01929601902919101,-0.019117694668267664,-0.01321252158891002,0.10636946414141277,-0.005350362736578646,0.05450154585162746,0.1128248961715481,0.11466728252198992,0.03132408581277153,0.13987000728279328,0.11805426421232097,0.29128873229278657,0.15794856117507722,-0.019294387064911604,-0.02594951617902918,0.09783115114581414,-0.009287487115183934,-0.08311791390555552,-0.009626119550347492,-0.001660494421741103,-0.011573911203881803,-0.004522590982906879,0.055106375969162937,0.031933370776756974,0.22660686176828126,0.1457735866794581,0.0353825324187887,1.0,-0.008248816757103863,0.07142772065172157,0.22592996985981353,-0.03148157412415056,-0.11881077106508861,-0.10958907791210269,0.01239863997288494,0.05616062325821024,-0.04492567962335246,-0.005282189263944374
Type 2 Diabetes,0.025134949202763417,-0.016742546385717372,0.03335066129706674,-0.04934499567410131,0.07351513295080153,0.019016951207974975,0.15130348697428175,-0.015152892442669279,0.05070120588520555,-0.0011826738341337926,-0.040442508884474586,-0.026406785832499995,-0.02493833240228298,0.03418472636026053,-0.07624076846923532,-0.05010720077017351,0.15454533979176124,-0.046488368777560185,0.01865016677717616,0.04660404166784887,0.011701010203148303,0.035595657929429814,-0.009966214550984313,0.05214638544524195,-0.08441782586438115,-0.0025869345657323507,-0.08454669389360946,-0.01390717287720127,-0.00955019186713171,0.020085514410231927,-0.08704476057489327,-0.010744208564910217,0.025651711505204847,0.08009430563244374,-0.08954146488718935,0.004486169430067104,0.1361874837670076,-0.010263778299350846,0.09406399426706068,-0.018016139055149892,0.024494727144221618,-0.0033071163377058786,0.03283264795218357,-0.022107661753096825,0.01732584215866288,0.17566779784857192,0.032516529172866356,0.05709566716195403,-0.1341468626199242,-0.07529338894112506,0.059250425398663535,0.132151427947863,0.04610085818761393,0.13395490076337016,0.03336602225213461,-0.054926280426182604,0.06960738585233976,-0.1647192834378346,-0.04953634209044495,-0.05691411151773829,0.08172219114989826,-0.07300165507325003,-0.18046199531873716,-0.10455769370690036,0.24187352481875388,0.07304807858292257,0.08345893191343706,-0.06009849497774777,0.23200252700798368,0.009149007282093134,0.01565713649203181,0.07520301757871911,0.007710747670289189,-0.018854766612618208,-0.014752332387860709,-0.01312001295348799,-0.00667510401192844,0.01346819089044732,-0.02015168168774056,0.02247434284046645,0.005059308780795705,0.010434221446444628,-0.004570392361941251,0.04447905984023809,-0.015210085171912352,-0.014651667131438987,-0.015042487136018795,0.0048323560547937315,0.009920539537840582,-0.030212418043652562,-0.005188116372707812,0.04982266278003492,-0.009795529345789245,0.002319713983639272,-0.0220075351749324,0.003303797873582425,0.01362010847542776,-0.008248816757103863,1.0,0.07594118618593462,0.013397724384917193,0.007489880129933927,0.050448515202291586,-0.05589222215906982,0.012652130530263239,0.06279945968543534,0.06055383757180309,0.08774104732766742
Urinary problems,-0.08885111257259633,-0.12774267015820287,0.2168882881074374,-0.07151782650123048,-0.0016492818587697062,0.2152675043681974,0.06912738187833334,0.04877946549271904,0.1065739888872612,0.0013818401511468943,0.0064512729615442245,0.04036925330397503,-0.001289159927551079,0.1732956388223966,-0.07140576399225876,-0.013258317643295695,0.03754982099384596,-0.0834351536880284,-0.051011075402847446,-0.021051121433827518,-0.05800029790849415,0.09154205295483049,0.029477793052749852,0.022943942375887785,-0.05589329435712508,-0.024390087793175124,-0.10065529251065608,0.013636014038324427,-0.0451188459031515,0.024452485966656404,-0.04186815227991217,-0.05118320042113285,0.12809253336502677,-0.09312317839864766,-0.04771244406483648,0.07192015048411546,-0.019239845658790743,0.0177198635885848,-0.00882127605213961,-0.07407496346944242,-0.03185748728297699,0.010870549139772598,-0.07875975570215951,-0.006562081794963245,-0.04235236882829965,-0.037791894799527506,0.05934342273722215,0.018793357841318234,-0.0395947729551279,0.01908267924695306,-0.0020177771652262625,-0.031467986830178624,0.033291844154166056,0.032601998225791434,-0.01390189479088844,0.0037762181735907885,0.033231859717507126,-0.00833189421435529,0.02663428726833832,0.041632463370456604,0.007790149467659058,0.047328369676827235,0.027103450298024804,0.006989790665314311,0.02673399564307271,-0.033491395583018765,0.026389815660985902,0.032023011642940004,-0.020649587683183007,0.0009741606312470958,-0.037463401175877806,-0.03495063312056392,0.007762180897439636,-0.0697286655023295,0.001253500703372886,0.014443683614393172,0.015542547220749145,0.017727577294160645,0.012945202900507777,0.12139409022680361,0.18635959189179532,0.0224537167024493,0.13255610431100168,0.21157068911887805,-0.009097784220872736,-0.11840004134155101,-0.037976746839451854,-0.02506483482367248,0.0173922418669285,-0.024769060274811284,0.017052930053987916,-0.05334399384641238,0.055910515652573316,0.06005554091492651,0.02041407036894447,0.05304345079380391,0.12738056238715656,0.07142772065172157,0.07594118618593462,1.0,-0.03834686540825251,0.07596192241573012,0.12343336668641466,-0.08082130035670558,-0.016470445271485893,0.10867606875385243,0.08014865222539182,0.13062758995266388
ABNORMAL,-0.08749426899607117,-0.2547931531235029,-0.011922799676506432,-0.06909548570798613,-0.008566192013876013,-0.11572859454837167,-0.0344863286251307,0.016866632833041243,0.03183823410626385,-0.147275006489621,0.08463222013635827,-0.11835711236610683,0.007693751720970092,0.012999626319817652,-0.15880221918498624,0.03984406225192159,0.009507813845516307,-0.017064900883547052,0.004005674543099215,0.005941455673679822,0.018762609455885672,0.15212904339365396,0.08009857446466456,0.06822826704059495,-0.06450861837622428,-0.15397300403916445,-0.04066115914513239,0.07614308044195066,0.06366925110449735,-0.00202329140275866,0.04542441953141384,-0.050959479716611855,0.14584020384129284,-0.12411171449207263,0.18581037450596602,0.030826503996002588,-0.1013467231890305,0.04937459444458381,0.08684027117969821,-0.12191471133003293,-0.17319061401208746,0.08434580125294057,0.011004696823925016,0.1168003411399366,0.05782956760217871,0.04032807363367961,-0.008017143813132361,-0.00775213667924057,-0.07053309662084803,0.09689251689243601,-0.023236848893263266,0.09641308645388079,-0.02429778113915788,0.01889652560811291,-0.04323430195744025,-0.0062316502465336685,0.05850921308165657,0.036311676860233864,0.04643616295103216,0.20281615809564893,0.07672599706331175,-0.055090875053322885,0.021041695622075078,0.08446409121199222,0.0175601998735037,-0.10995901800586447,-0.013155619494762849,0.046788861770729856,0.0001720025021879551,0.03709928011698528,-0.01281958642914455,0.03048323414883439,-0.02140844824911576,0.02431570132407166,-0.00536284240636027,-0.06796108788842864,0.018514824167643114,0.03621312519360679,0.004649529760097165,-0.039388491669850596,-0.04453528325791582,0.4515039748305528,0.11227651557335747,-0.2573234064118949,-0.1238179918925343,0.22402633254008575,-0.37120176111838976,-0.3179881739695324,-0.01298874309839206,-0.020536121109663557,0.009175268261360186,-0.04041501159030988,-0.003906208060142178,-0.06716071527960901,0.0908340431889386,0.02517610098862316,-0.019544585770409947,0.22592996985981353,0.013397724384917193,-0.03834686540825251,1.0,-0.2603456853518968,-0.4687610142700495,-0.42899217622514396,0.0041572607241048545,0.027355928184771353,0.03593714468483175,0.020867557846471634
BORDERLINE,-0.017681999106493467,-0.016688591007844842,-0.08935560402659407,0.016247652596026545,-0.025755173234573395,-0.008223097354063874,-0.14545145104130755,-0.015239539368003251,-0.005716655051253873,-0.023310107100853676,0.12114993689016659,0.05249485102227817,0.04534767629662604,0.020146687874134896,0.10325353806034715,0.035368622608022364,0.015978682277608746,0.023959045932101533,0.02731300330038828,-0.0696320391003648,-0.02971203040757947,-0.05262566299914356,-0.015611858137329654,-0.0313031544380502,0.01779880053319348,0.08318721033909307,-0.0021639494699875993,-0.018966386008605226,-0.004242901846584475,0.04421169429960682,0.011694152132992868,-0.006318915868899838,-0.004503480166904769,0.047873640761429935,-0.035276205622145694,-0.008455597945231824,0.04138724216453417,0.005671052760824375,0.04087127334919168,0.002714062016010989,0.036065858281042175,-0.0177040849595938,-0.010398778340664891,-0.020650081723784408,0.007305308070607243,-0.011326731062019991,-4.3700946621925064e-05,0.02236469750414677,0.03904358433192899,-0.026069003804089986,0.05164827095517887,0.01896219406970403,0.02090535423970156,-0.025600167402255163,-0.002644003579114865,-0.012586895105420551,0.015002481892261351,-0.00851740605985334,0.012992371933083401,-0.06847560464047568,-0.0014329719742255623,-0.009210568694771423,-0.059224199773672714,-0.04982684132044706,-0.014673912110062285,0.058017876164888155,0.006113241895171024,-0.05611861656834055,-0.04846958482418881,-0.009694824985517972,0.03344262631672452,0.022771014963184403,-0.012225274779155745,0.002918165198859951,-0.027614942557836065,-0.009795791502986637,-0.01637819549539927,0.01610169895193436,-0.0034567000551006147,0.02849587554821931,0.09111733826007186,-0.07001418969286259,-0.0026524043725568223,0.1256636102331821,-0.0002864092193392462,-0.3859238037940371,-0.028471884633476465,0.10319618729580488,-0.01881887908914919,-0.0386099658354701,-0.01270817515049092,0.04954974124134625,-0.030932361050458077,0.03235618371770533,-0.004119062999531117,0.023475695218638345,0.09617489260384474,-0.03148157412415056,0.007489880129933927,0.07596192241573012,-0.2603456853518968,1.0,-0.086246076825153,0.11956189022424255,-0.08894031859388439,0.0026703709258924673,-0.0024493805691306538,-0.0498360704553838
NORMAL,0.07198973708500989,0.15405979449798515,0.12661527911019782,-0.02775805887050269,0.03971782896358051,0.13149755436633875,0.1863089197822699,0.018754457107358097,0.03383592349281951,0.2407202203276655,-0.1643496811744111,-0.019670358555696432,-0.026336325166800425,0.05126424977671804,-0.02520989786834959,-0.09504281122290528,0.013303822805265132,-0.03360567023167986,-0.06308166999006701,0.07254166235352397,-0.04866457083896514,-0.055299928554702185,-0.10062189677880572,-0.00818034538554719,0.0003559086453135445,0.04270087814418906,-0.04781336447444816,-0.0415902849138964,-0.06461924797498335,-0.04236862253295645,-0.11089791166886534,0.030617354806351377,-0.10023072983050554,0.03375508661404377,-0.10661625811971762,0.026424824941865033,0.007415102843407617,-0.03968821753792423,-0.11762138256860649,0.07820091843940744,0.03965244132120987,-0.038175549210189896,-0.03538347227600433,-0.07553739184584721,-0.0589707238529316,-0.047605770947444226,0.022815715168212753,0.0017774315411563082,0.021961452329419776,-0.03986719939021158,-0.007963744970971182,-0.1179813092254705,0.001657069414362087,0.008403624808913863,0.012514697941617851,0.0013351001073019307,-0.052176583793684166,-0.023754990036688732,-0.02020905293257253,-0.07839823722581844,-0.05661431085788514,0.08693616638703454,0.06644689954272048,-0.02813442870108843,0.031329770934452474,-0.0010123289822593403,0.0072605029910849305,0.028412168472670207,-0.00044728085702011074,-0.001045329766877084,-0.01012489177441383,-0.06448483821294321,0.02594268304279572,-0.0653923017187289,0.018586307768425056,0.062419133686575506,0.0012923875859106964,0.00936705111891419,0.0194732679101841,0.06559303687795204,0.05175218611317785,-0.2676180251147261,-0.07613613961679853,0.2746013709369357,0.01595551896002588,0.14092455580927132,0.25469262442044166,0.021754169799211624,0.04847901859963161,0.02140848228424623,0.017658913812687443,0.004327490352735824,0.06465788556148509,0.06658476960616554,-0.03296225521166692,-0.008542977553716838,-0.015220005731184863,-0.11881077106508861,0.050448515202291586,0.12343336668641466,-0.4687610142700495,-0.086246076825153,1.0,-0.13510729724449552,0.11466820524120264,0.05192944410180719,0.059761802663135334,0.12552416314921777
OTHERWISE NORMAL,0.04322657526813324,0.19026027032703297,0.009058109498289477,0.06607675835596949,-0.006823946021838558,0.03160801695524288,-0.07530661571373534,-0.02138105905073727,-0.06938633865379285,-0.009086544844473127,-0.05510301170190185,0.14617955373652067,-0.02087908795066896,-0.07153918614318519,0.1480381942954167,0.013109847905341036,-0.05116717687314972,0.03508092903171486,0.014876334977508997,-0.06996341743182462,0.026248215268342888,-0.08082215750301718,0.003472392629734065,-0.07409787699487337,0.058337872087518235,0.09685869711335005,0.0881236927040693,-0.04156482311824237,-0.006193385363080344,0.02974015171781217,0.023876991729667636,0.01842366199305163,-0.07318747265976873,0.07049379424431648,-0.08455931355174286,-0.07380717635547702,0.07607477361817805,-0.016483145289834935,-0.017683842116400925,0.07380425091904262,0.151050764574327,-0.04535463568534564,0.0018338383444000189,-0.039790140238490077,0.022169756246364705,0.009187529500924439,-0.02897071404643013,-0.0052580463980060775,0.0384669214744244,-0.05087960477731921,0.007611061789578688,-0.015294594628086515,0.003072776085235865,-0.024425940471925603,0.007261494129370918,-0.009332221479573388,-0.02470094553676824,0.008041457132536338,-0.01421241516070465,-0.09683445829580259,-0.04583523461879059,-0.00491745082970784,-0.0382356282392948,-0.03994493467514092,-0.004159478151079938,0.07836223957784932,0.014941306907828092,-0.05088014796711492,-0.002170095456817283,-0.04828847922892251,0.005404291046564189,0.008594793651854409,0.0017064731174750783,0.015883679633956618,-0.017933905938046796,0.018391425347725376,-0.03666056701383165,-0.031627684315270695,-0.02139059712848905,-0.03976998740368785,-0.040246675730982666,-0.22219915543955862,-0.0650891193470099,-0.0005258900336907879,0.18656720520964817,-0.18927751931025286,0.3050097950165621,0.3969100363872358,-0.014173952437199126,0.01761298031775052,-0.015263401975851541,0.009281248419194607,-0.039469100887342075,-0.0075819212629497455,-0.06645356646922564,-0.033501492872000674,-0.008836560224238158,-0.10958907791210269,-0.05589222215906982,-0.08082130035670558,-0.42899217622514396,0.11956189022424255,-0.13510729724449552,1.0,-0.06629457012167013,-0.07016832557595284,-0.09064652748531284,-0.11499482690597801
cube_visuospatial_executive_value,0.019375795403792234,0.04937724760430861,0.05315679090584208,-0.024314849130704332,0.032585609236689676,0.007540990986463397,0.16609215056718865,-0.02981975356622524,0.029674027394673615,0.0553824188479157,-0.05597120869297779,-0.009542556228070556,0.015439797462303713,0.05399153909832623,-0.03265691184542829,-0.04081862120752472,-0.0030079856817624034,0.002832281952226512,0.025367511490246884,0.010527132916251104,0.028848115897142212,0.0509380831006207,0.03641316280088329,-0.023756556440983533,-0.003457683151930968,0.013102165231806058,-0.07085639728370349,0.02236960683979392,-0.008550385157584326,0.03162766433344505,-0.06928927588952981,0.03396571279157253,-0.06987721223158001,0.055758603082388086,0.011289299766349245,0.03121938695679086,-0.049935488955730675,-0.0026352136260935507,-0.029044064578412052,0.05603663974769111,-0.004755704163061241,0.011119341628805561,-0.0022707859046408574,-0.04126312863769412,-0.04637517721686022,-0.03179456876486933,0.010054281944302013,0.0014640354462392895,-0.0014258514919007555,-0.01162860664266278,0.012442141587640976,-0.04030185683206219,-0.027396801942671946,0.04923653080426874,0.002548106899562161,-0.0004257201477465655,0.027742076179858993,-0.01983653264433768,0.0015733452082444827,-0.00020028446661139303,-0.017260362476717254,0.01794839159176565,0.027025754710985096,-0.01707176067914269,-0.004606204126894216,-0.018111002465418802,-0.016420172266018947,0.01613526356136949,0.015054782262056194,0.009751067144503897,-0.021591641016193003,-0.028797058440900292,0.0017535041425092766,0.036466138345187527,-0.0040237372757415445,0.047541936615973245,0.04896643970919246,0.04668089211701862,0.006336520553878199,0.08076401113730194,0.02129455159952389,-0.03000660077829942,0.015548361622618183,0.06172553598214795,0.009235281154510907,0.23035431041817703,0.12811454665081864,-0.07160681195150896,-0.0026847280874391353,0.0022312157863711777,-0.003468994656258857,0.00789107934004174,0.020574350806239323,0.05446562176537519,0.019386522255920927,0.03872048867476832,0.011809800366131077,0.01239863997288494,0.012652130530263239,-0.016470445271485893,0.0041572607241048545,-0.08894031859388439,0.11466820524120264,-0.06629457012167013,1.0,-0.0038418164671484185,0.0009001152395292861,0.045696942841234836
fluency_language_value,0.02463242926011119,-0.09909125910745697,0.11188589138142405,-0.1663348327631311,-0.0852555725344891,0.04783492096257928,0.055293509418712174,-0.02722781126587498,0.19697546911466254,0.048493388732606155,0.014248402706661221,-0.014477021911439849,0.009152018527043695,0.041687799013914645,-0.08693690434734135,0.05139056000496116,0.09077038217259281,-0.06091835797689261,0.009082648047547827,-0.08686090488340296,0.006707692326227709,0.0023586591910929712,0.0007073299910227439,0.12547559930060084,-0.06317776279917144,-0.05794205452680821,-0.07903281026062967,-0.0022977753570027687,-0.004079272639712489,0.05418186656478567,-0.16706576246138446,-0.06582099465663299,0.094635499021485,-0.06475927527666486,-0.02062069725416324,0.032767775155744853,-0.02073218448812146,-0.009210782906827019,-0.08752938562615208,-0.04633007866222642,-0.002714805779697389,-0.05856413550751955,-0.07341988267917127,-0.015434815514840989,-0.02410709536080105,-0.052707154002264306,0.02552495089722174,-0.000950574351099419,-0.04059353922060678,0.05082114830586312,-0.05378210241749943,-0.06530632391859155,0.008810076266048157,0.02350699876133616,-0.07448344277610754,0.00343838352210475,0.043830040639493445,-0.016395216487892366,0.029797049137354092,0.07304701695076318,-0.0039269787016089,0.02933613450850144,0.02376811656565172,-0.040633773953457145,0.049957796587017295,-0.05520389066619321,-0.012641367984802638,0.056508170818442824,0.0034915878627001288,-0.013792270350719437,-0.07270180881791438,-0.024380056432991817,-0.0413486801350634,0.013045647202459428,-0.03291431864195406,-0.023543635220965527,-0.06585660608290597,-0.057674315165678905,-0.006452258841725765,-0.019329132686477006,0.035966294252452,0.01555880101388457,0.013919692703012559,0.053643701792480354,-0.040062545192611904,0.007405896093682082,-0.0022514602584016007,-0.04005111140746403,0.01189643928703813,-0.06019906278007857,-0.00223831694826323,0.15758958055836997,-0.019731351638282223,0.051070331889396796,-0.069603722664638,-0.008836667790851783,-0.001964992323556161,0.05616062325821024,0.06279945968543534,0.10867606875385243,0.027355928184771353,0.0026703709258924673,0.05192944410180719,-0.07016832557595284,-0.0038418164671484185,1.0,0.05295255412872274,0.21903174387591615
lettera_value,0.028127840312200576,-0.063809896248407,0.0330961057010393,-0.12083087941297098,0.0357741061805155,0.09941572976420979,-0.0057216386842461825,0.04740663035472591,0.0791054007335251,-0.04532769870096009,0.005593747795484429,-0.12174558859462231,-0.08035283164876905,0.04910751675315968,-0.037013566770569925,-0.0977822344755422,0.013818193890710822,-0.06167913024565375,-0.05599880592866045,0.10510822433940685,-0.04431114869562071,-0.05281543233129879,-0.07033288063835048,0.08292053074275302,-0.16066001233329347,-0.10749606097072324,-0.040203060006959376,0.01173374223181764,-0.012637526511442948,-0.0017156908410428248,-0.06307036600178619,-0.06742394551345068,0.09979617331606767,-0.02490363565688469,-0.0763636611363893,-0.021059668205390757,-0.0037411590148315626,-0.02308174943269593,0.03258112268889684,-0.06598430140625723,-0.024906974577710544,-0.019790670931424295,-0.015391809502633011,0.033291545477102676,-0.0455380143282311,-0.009985948005077242,0.02683857841412388,0.0024611277137160576,-0.09460006105594274,0.024840914510428264,-0.053832211387647225,-0.05703713130931311,0.011064184675274825,-0.016118512032868154,-0.016091646809964125,-0.03433407241549622,0.052485368811033904,-0.008807959617660222,0.08838967408473286,0.010000153901823603,0.013581565443490503,0.08790241155779395,0.03752062514887256,0.039053376122885806,0.03981375023478261,-0.05917990030676715,-0.008976220346082751,0.04639941204476106,-0.031346180890292785,0.03718664091257724,-0.037797089897815224,-0.036521004322685374,-0.00278394918747025,-0.2880034195195057,-0.036291669965626196,-0.1849746583365555,-0.09172473061136535,-0.09679751938892484,-0.059697660718668076,-0.1117683611763716,-0.03605471903821304,-0.04077512720836967,-0.008519861587931653,0.006880484105165389,-0.03371743855119758,0.028267668968047565,-0.004114508495046672,-0.013008729474018951,0.013200741221288278,-0.061604259639467085,-0.049642969771811256,-0.12020945666360959,-0.022373588673191815,-0.09927172081438371,-0.0991232725362102,-0.03976309615240585,-0.00026184489455709985,-0.04492567962335246,0.06055383757180309,0.08014865222539182,0.03593714468483175,-0.0024493805691306538,0.059761802663135334,-0.09064652748531284,0.0009001152395292861,0.05295255412872274,1.0,0.341751046056155
trails_visuospatial_executive_value,0.039793153637046386,-0.02456857885356195,0.14066738677936358,-0.28105543247902165,0.07332621513021041,0.10613925465464846,0.08405577435683087,0.06484834811299557,0.14630710357621562,0.013184355738605023,0.0018290275840517568,-0.10367100307186762,-0.10641323213399795,0.08415232254580324,-0.07288651175090612,-0.09985555126531594,0.09228625676643618,-0.06691138052193575,-0.01960907002488619,0.10240050939271016,0.0010953951150422438,0.005809996210173143,-0.011338576620768618,0.18823959737608312,-0.14849660272546195,-0.07659336404774832,-0.14012638427720678,0.007251982415375814,-0.00934977103700966,0.032986233934024244,-0.20633466613602794,-0.06355021208198625,0.12103611333800798,-0.014753670793054736,-0.10978048304291965,0.03934331548963207,-0.026559618058294203,-0.0392607177090473,0.005502280536856646,-0.05758711558056546,-0.03430537342956739,-0.018224469291156453,-0.04726410037946535,-0.024289752206425798,-0.09029459465802439,-0.03355505672376675,0.06519844820164637,0.013864713398194773,-0.10040654580974044,0.018981836729798505,-0.05367518720928457,-0.09886442735901178,-0.002044192849354411,0.02323956594765089,-0.042143615662312874,-0.058428971194011595,0.061292123635843354,-0.031690370318568396,0.08770194610862832,0.08899077870443413,0.021690840529388702,0.07053719333975937,0.04672054214661799,0.03435296576333459,0.05002021270549691,-0.07759260691060436,0.02039589895307671,0.06901011945987313,-0.009540282224243407,0.011034107568226913,-0.10593716566641591,-0.06429820098223017,0.05516286690630529,-0.20440399383010374,0.040246416506230544,0.0030126175534787147,-0.00920513746750127,0.019873321402728326,-0.009638283244622412,-0.007673645447907417,0.015823525038358415,-0.010411641791261231,0.013804681296487379,0.07498961417804559,-0.03837350008339085,0.09699156189172706,0.06323916803862815,-0.024559574800296687,0.05661121071516325,0.0011895242392671028,0.0070225936253313906,-0.06979437766514424,0.04651759862014818,0.043567279058585526,-0.0480958724808397,-0.009320810817512402,-0.009931085372539353,-0.005282189263944374,0.08774104732766742,0.13062758995266388,0.020867557846471634,-0.0498360704553838,0.12552416314921777,-0.11499482690597801,0.045696942841234836,0.21903174387591615,0.341751046056155,1.0
