,heart_rate_mean,blood_glucose_mean,resp_rate_mean,stress_mean,blood_glucose_std,total_steps,resting_heart_rate,total_kcal,sleep_light_hrs,sleep_deep_hrs,sleep_rem_hrs,sleep_awake_hrs,act_generic_hrs,act_running_hrs,act_walking_hrs,act_sedentary_hrs,A/G Ratio_value,ALT (IU/L)_value (IU/L),AST (IU/L)_value (IU/L),Albumin (g/dL)_value (g/dL),Alkaline Phosphatase (IU/L)_value (IU/L),BUN (mg/dL)_value (mg/dL),BUN/Creatinine ratio_value,Bilirubin Total (mg/dL)_value (mg/dL),C-Peptide (ng/mL)_value (ng/mL),CRP - HS (mg/L)_value (mg/L),Calcium (mg/dL)_value (mg/dL),"Carbon Dioxide, Total (mEq/L)_value (mEq/L)",Chloride (mEq/L)_value (mEq/L),Creatinine (mg/dL)_value (md/dL),"Globulin, Total (g/dL)_value (g/dL)",Glucose (mg/dL)_value (mg/dL),HDL Cholesterol (mg/dL)_value (mg/dL),INSULIN (ng/mL)_value (ng/mL),LDL Cholesterol Calculation (mg/dL)_value (mg/dL),Potassium (mEq/L)_value (mEq/L),"Protein, Total (g/dL)_value (g/dL)",Sodium (mEq/L)_value (mEq/L),Total Cholesterol (mg/dL)_value (mg/dL),Triglycerides (mg/dL)_value (mg/dL),Urine Albumin (mg/dL)_value (mg/DL),Urine Creatinine (mg/dL)_value (mg/DL),clock_visuospatial_executive_time_value,delayed_recall_with_no_clue_time_value,digitspan_time_value,memory_trial1_time_value,memory_trial2_time_value,moca_abstraction_time_value,moca_orientation_time_value,moca_total_score_value,naming_time_value,repetition_time_value,subtraction_time_value,cube_visuospatial_executive_time_value,lettera_time_value,trails_visuospatial_executive_time_value,moca_combined_mis_score_value,memory_trial1_value,memory_trial2_value,moca_abstraction_value,moca_orientation_value,naming_value,repetition_value,subtraction_value,Rate,PR,QRSD,QT,QTc,P,QRS,T,Age-related macular degeneration,Arthritis,Cancer,Cataracts (1+ eyes),Chronic pullmonary problems,Circulation problems,Diabetic retinopathy (1+),Digestive problems,Marijuana user,Dry eye (1+),Glaucoma (1+),Hearing impairment,Heart attack,High blood cholesterol,High blood pressure,Kidney problems,Low blood pressure,Mild cognitive impairmen,Multiple sclerosis,Obesity,Osteoporosis,Other heart issues (pacemaker),Other neurological conditions,Parkinson's disease,Retinal vascular occlusion,Stroke,Type 2 Diabetes,Urinary problems,ABNORMAL,BORDERLINE,NORMAL,OTHERWISE NORMAL,cube_visuospatial_executive_value,fluency_language_value,lettera_value,trails_visuospatial_executive_value
heart_rate_mean,1.0,0.01020663934029171,0.039767085524359626,0.005896925630452202,0.05975373643404121,0.026953341312759005,-0.001091056193404952,0.04008567090591251,0.03207286178094508,0.017956829104122378,0.03984397500992502,0.050510582155449006,0.07615647751648415,0.029050154069349653,0.02427096871247318,-0.07219140370079788,-0.009843591821458296,0.045415585082123774,0.026982664001751897,-0.08008817789754377,0.05292678723997047,0.03858527397141595,0.027790382865545367,0.031356030461073825,0.05485061956968192,0.05330621577578021,-0.05912431846305622,-0.007038676423281433,-0.037432719978606734,0.0535432138982541,0.04590319846518096,0.04405012561204226,0.03902315764072227,0.0514729982348432,0.07560387655907154,0.0031948624250647383,-0.02072388471932442,-0.008620498242463972,0.09558299475326293,0.04141133268401993,0.06790262798538217,0.046938068054231265,0.06718647268753562,0.055762401239583356,0.015383150240893984,0.043058823302600295,0.021968721287556746,0.037135935706065396,0.015325476769747813,-0.04103417732844529,0.04402706434780295,0.029642881610544354,0.03717576777876146,0.05595184125773817,0.05084798830371188,0.044137605635749304,-0.0441136892205303,-0.025695036556154027,-0.08377466860719819,-0.026927631031707047,-0.05014950807965418,-0.03115351175962782,-0.013155529386548686,-0.036882123212098286,0.014840233785649573,0.0433923499906937,0.01974462446724127,0.05505074761194913,0.050753785834548815,0.024735188373424043,0.019462061051324274,0.0719952286131714,-0.02335449511314069,0.019307792748055122,0.00037108343502571925,0.010680714063983193,0.01139306396455729,0.016606623760367076,-0.009322297311303868,-0.014959891424374431,-0.00474964908119856,-0.006904358812810966,-0.004534515350600334,0.012681412682277925,0.0029954097861309603,0.005927981077112725,-0.010011259582394324,0.007857567240162252,0.002089707624302404,0.0017784382449065475,-0.015719973718015933,-0.02236637657559737,0.0030904994899315415,-0.0018192899460306336,0.005322778863848799,-1.859435968710241e-06,-0.011122912429250474,-0.00264087601191401,-0.0022186340250166087,0.011097390052017314,0.01709624399770965,0.008312212169117674,0.007489568135239528,0.014281194366973992,0.008247591820302222,-0.010293981709996184,0.026356268729567638,-0.018295947192604026
blood_glucose_mean,0.01020663934029171,1.0,0.02257194323318732,-0.010541869384521256,0.05571766819293355,0.037491232988870464,0.0186760739277563,0.05925293161698529,0.050525115405262215,0.04245209676795065,0.03749497373635489,0.020399943022469023,0.04811865869919934,0.04919628308273248,0.07848483485637257,-0.0940779622192477,-0.025544898168001078,0.06489220495769978,0.06503089265383451,-0.07225846235533849,0.049714379038743164,0.04684129191965852,0.007413600900340707,0.009858868801496614,0.05442165485087724,0.060139966535386336,-0.07181503770535072,-0.022212832531663756,-0.05056225983653221,0.03921183704469223,0.09697033056742918,0.05767801167544331,0.04015805926836856,0.050372949912364004,0.0964551767426697,0.043880598831344285,0.006203456173200407,-0.06383243643365065,0.11477181155052954,0.06561505611361958,0.06410219351111701,0.05713819965075812,0.08178339939764688,0.05625774595183169,0.03048320852276279,0.07669585163979976,0.052793543834256405,0.04769319954976144,0.037427657052596666,-0.057671565352638066,0.04539974835294606,0.020689514796621507,0.055233618503697,0.047143475661961295,0.045405832648066885,0.0552074295316971,-0.044617815933582404,-0.04830994038248206,-0.06787904764189436,-0.040335374078469106,-0.05309178278601664,-0.07454300561399924,-0.02247936290440785,-0.029214640902118522,0.029358812883240847,0.03106254623935236,0.05050130484078511,0.042446899278857524,0.038650679631510636,0.04282154652218143,0.0045773083570019735,0.04441562634770066,0.020925729173633983,-0.020402312149022196,0.012741179123932127,0.028396447111585142,0.000862909836107192,-0.005943749005187269,0.006186326983435667,-0.03086941054460466,0.010044658563714384,-0.005810885920988685,0.0032051409590698903,0.014326178887554157,-0.016646440773369908,-0.010302517657902462,0.010810211315319321,0.010919286073940397,-0.014432737018733875,-0.01550317531391951,-0.010514462015212457,-0.03019611733019838,0.0010810618600480234,-0.004057840342118986,0.0047132717738162305,0.0008465931599328807,0.005542530443253716,0.02533616521804429,0.019332027397357305,-0.006852233778457898,-0.003139091320551597,0.01010109426991769,0.009813542352790564,0.004593752920377098,-0.005505856101190535,-0.003819415603358686,-0.003985712084213891,0.006747878614520606
resp_rate_mean,0.039767085524359626,0.02257194323318732,1.0,0.01364199478181535,0.021966485436712094,0.01841529487406914,-0.017839646467763027,0.02734189717076679,0.03106481495852284,0.024308604962943185,0.042806850846187634,0.02404919214550292,0.05167825528240781,0.053128916537427344,0.03262594854918233,-0.051770958621921985,-0.020604753774008996,0.03652015384244678,0.030509494008087154,-0.05586399463542628,0.038591573699728585,0.012286374220062957,0.00795844125498802,0.022780787698068992,0.025244646123149982,0.06291370041162452,-0.03465483705065134,0.0031404077945268788,-0.024511383909478896,0.0342264716956035,0.04343068783977647,0.028263992570026257,0.023421974871856037,0.03833068716397149,0.040074855986557884,0.03599208086159309,-0.01025735374732166,-0.022097148996572936,0.05284053928369645,0.061446476650474764,0.03528893867472723,0.04044601430510894,0.03751247064921132,0.03490600810889625,0.020197615975827414,0.03548181184737575,0.03328067083901293,0.03640373862646012,0.06255893917401642,-0.04570548472721121,0.013789348445229254,0.019642218077541698,0.04085420772421702,0.043163563951336,0.030689873978738222,0.04743490582745249,0.004249015407311475,-0.04465479890522206,-0.041793715665419964,-0.010672832945822724,-0.047643200891313596,-0.034788227624469495,-0.018178112285990564,-0.04509457962287694,0.020066015795512565,0.021996720798541227,0.01365955173540562,0.02944028030410094,0.0349316816948662,0.025536001501237096,0.01215144150795678,0.01675899909825069,-0.005436611493204856,0.004844359140562192,-0.023918106226266434,0.000979549819511077,0.0035470433278833673,-0.007953748595847429,0.02097442441771113,0.0024862935930162217,0.005202430781420291,-0.011311931782164926,-0.009226240562561626,0.005678007507112598,-0.013207437625858125,0.0036903081397740923,0.027151044590438645,-0.016926404426581942,-0.007565610948271848,-0.004183175065201844,-0.006818421240012832,0.02733032011986285,0.0015217111511790695,0.015037554610230153,-0.00940441123582009,0.0030271600284449128,0.019135746537134363,0.002924517574945632,-0.0045602551891031585,-0.012315337335584271,0.011957977640067593,-1.6326533563955746e-05,-0.006007675348063132,0.007142082581563572,-0.009319270811720065,-0.02132829503153623,-0.005421666782534738,0.000725468171653856
stress_mean,0.005896925630452202,-0.010541869384521256,0.01364199478181535,1.0,-0.0014262209307240221,-0.006682050057111691,-0.011077090686600401,-0.011185600487146232,-0.01735891490920109,-0.01692295389244012,-0.01315169168866234,0.026825493023525764,-0.011896824847804929,0.005302366835024289,0.002861877291964397,-0.018777390562694955,-0.00810511340080919,0.011394780370128484,-0.018074964297947773,-0.02723507744999599,0.02832389666467578,-0.0034461246556434797,0.015230992154031509,-0.005921679863830789,-0.003742450163294033,0.01821321772120546,-0.011323042488577099,-0.007627234886113004,-0.03174746394432477,-0.013440314450628658,-0.003838490293528581,0.00021103244402872389,-0.009608223426990059,0.003970659539555565,-0.021804450750291113,0.026808222893827355,-0.02675657788733875,-0.0244793751804734,-0.000594255694155812,-0.0015593315719171703,-0.00992273012855536,0.0018610185122713099,0.0127570529929563,-0.025614365382651154,-0.014305152583611803,-0.021114139633167977,-0.0008930933087210952,-0.00408669583783757,-0.009262850914939492,-0.008806419057119727,-0.0108134461055295,0.007132360845836067,-0.00834936519885958,-0.008995834925073411,-0.02839780671471777,-0.009690420646238032,-0.019193688976648214,-0.014589551935859977,0.018961619081635274,-0.022161106165049942,0.015317449174714651,-0.0025831810722708433,0.03343021123826686,-0.0010103122030168477,-0.026610929170565917,0.0010174439647839323,0.02036680446145787,-0.027585756619171602,-0.014599564601007201,-0.015066600081661252,-0.007551249411158287,0.004682058287140542,-0.015962734982337332,-0.004857365488659575,0.03264397929715338,0.004698588640129513,0.006726778280721141,-0.0015903256870345372,0.0026929187967209777,0.019285772444844144,0.0012677500677937944,-0.01784756006481869,-0.006748199891193515,-0.028965723195414114,0.03348011676714193,-0.0051455461253142685,-0.014320215957849615,-0.02172107331536545,-0.010684047966097806,-0.006655241172413297,-0.010247453937781991,-0.005316113384419419,-0.018697107282004924,-0.008690021461612905,-0.017644044325358592,-0.0032304220061905964,-0.026600935789961064,0.0013325893636325996,0.01519408177393949,-0.00106741465740269,0.008368058736608107,0.014018750328448687,-0.015210016354739382,-0.002805101505210731,0.004036180756947035,-0.009777238837505458,0.006425225723160581,-0.006705319597109406
blood_glucose_std,0.05975373643404121,0.05571766819293355,0.021966485436712094,-0.0014262209307240221,1.0,0.03797199022289565,-0.006472394449573871,0.06165454207758446,0.014317624234639262,0.053315561184805065,0.04126780217988182,0.04673735325622431,0.07538045339288922,0.07727373734838476,0.07319534682536831,-0.12400164349796143,-0.03119325229161983,0.06369221617207525,0.06485870151789688,-0.08402061307256342,0.0582944671802965,0.0614969039721667,0.04319663573952946,0.05414431174966846,0.05098891383388805,0.05792716462441725,-0.06172964021006177,0.0036020786622557206,-0.04760543758046137,0.06832637812660032,0.0798502983968984,0.08018042014388248,0.01980630284132159,0.07276540806136296,0.07144768035472329,0.04931720108347088,0.0027750259996465903,-0.04537471253781102,0.13542406006650515,0.06777842412809922,0.06568121890766601,0.04862337510391878,0.060665367077896944,0.06014460430358973,0.046266126064905946,0.08675522295447098,0.06778318294557947,0.07022706874983803,0.04771446910897972,-0.06481163149630143,0.06764150787568572,0.027653372342332727,0.07932203203698956,0.06606588917595446,0.034355392618254606,0.032613173172124796,-0.07305943500999687,-0.06393364132771463,-0.07325684490087662,-0.05539132513235883,-0.07377877256393998,-0.105263813645747,-0.04420642150868246,-0.04560843215968112,0.012361349514261162,0.06722357661030282,0.04608509293527575,0.05313593022668478,0.0695568609954453,0.03556276934319605,0.014731734531630548,0.04953780052365612,0.00026425903502519084,0.013602748797833821,0.014209288025517642,0.013086336706025391,0.013906972406578453,-0.017853918768869187,0.0027670169505573114,-0.00992853728603017,0.005331404851630887,0.0072332866257535725,0.019932715248210626,0.005291368858526177,-0.004921735111759062,-0.00513042650591911,0.009461556395938016,0.009270972279268461,-0.0157243958815979,-0.0018166679812728582,-0.03683432668492806,0.009364841893193105,0.006086148243459696,-0.0032898361543915703,0.0016621667313213395,0.008024546389061938,-0.012805317268003337,0.0010923593730971068,-0.01275560395533439,0.010241441377507635,-0.011369647627309748,-0.001722229803127581,0.010341666911276734,0.011312386502406449,-0.009302172786163613,0.02331246604670708,0.00850415102714222,-0.0033334647041631514
total_steps,0.026953341312759005,0.037491232988870464,0.01841529487406914,-0.006682050057111691,0.03797199022289565,1.0,0.015613271657475732,0.05982416318497193,0.01283503607989263,0.02820765952385541,0.039601631091513635,0.07591665203516679,0.07624278871495675,0.07024285255067012,0.07177934827420494,-0.07679074076218002,-0.045097369741813866,0.06336915440789695,0.058585739191990324,-0.11001013824655541,0.07355253374229699,0.06980365419521134,0.03231663935090693,0.021828894876429895,0.05729007303154841,0.04252740966345524,-0.08066310775793292,0.006918902456974717,-0.05936546902008812,0.09245831796495249,0.09266954409199274,0.07547167068847653,0.04895344151399656,0.08234277173900488,0.08893067741586376,0.08498149150493907,-0.0011215643352628453,-0.062111552680648614,0.12641366495575584,0.0823434262467697,0.09116318946285054,0.04643815054061258,0.051080075097108865,0.040754637594225915,0.02320752331535368,0.09611283088763922,0.06390972605090744,0.06514735348438853,0.06599980343475231,-0.06057769377779428,0.052574012898741716,0.02672756434794354,0.07137525814507534,0.052112499298620094,0.06435218611771118,0.06441234952018023,-0.04470288602101893,-0.06030162501030755,-0.07697943066292894,-0.05273043502387469,-0.115005375199489,-0.058727401125860126,-0.05190744635569676,-0.052571242423927335,0.012463573874246741,0.06940002818732519,0.041455683880480085,0.055377242958596584,0.05749345099931814,0.05687352203553811,-0.013717311397486142,0.042951719283410336,-0.0028945988490792322,0.017963766061712492,0.0010628653389624298,-0.015310306675822435,0.025191058211074233,0.0064937841494105645,0.00905765609137815,-0.006663582709671031,0.025268336303505397,0.0376241869604648,-0.0005073177724617911,0.00039982957097445097,0.014323596003978607,0.004481443028334455,-0.011965166562234387,0.016570269618353683,0.0018568759362590295,-0.008513155148779135,-0.024477299410552232,0.005907842630696099,0.01775787444452149,-0.010233121203106384,0.029957868386115027,-0.02771793539820233,0.02136153821357175,0.027083421465576366,-0.016712597494746954,0.00289048562345674,0.00923838472504158,0.010349427088711909,0.003520528976044855,0.006756796098474043,0.005714351416849381,-0.00939096191658473,0.009499832424076123,-0.011399654622124071
resting_heart_rate,-0.001091056193404952,0.0186760739277563,-0.017839646467763027,-0.011077090686600401,-0.006472394449573871,0.015613271657475732,1.0,-0.0058943187708098395,-0.016493017894540087,0.021824321115674054,0.020896738171786867,0.03735125916806798,0.04196704339814109,0.0070685976028367365,0.018588561927373105,-0.014003579514922123,-0.019696654756197873,0.02477964971140595,-0.003665008478657087,-0.021502581539659088,0.04726471881619906,0.013883224594933763,0.029729936942810755,0.019822255169134245,0.02215921254987319,0.018757919528494697,-0.006184550213919862,0.01679679083864541,-0.010665790309723856,0.0256412889951029,0.02749845954436485,0.038184475997311,0.03031362240174427,0.018495730487706984,0.01989674836764657,0.035383890487071586,0.027103866525441375,-0.02312431854256632,0.0220721873150861,0.037494090346226076,0.02186745525878796,0.023615251714046513,0.03102762114634058,0.016079164101222128,0.04107391799412588,0.03571753041213141,0.005843782326828812,0.011136865004034375,0.006276634448319025,-0.03517570020092021,0.023735858766577213,0.049602104799195745,0.026769437238641922,0.00057151531062704,0.010468863603105756,0.016888120811072264,-0.00820140190802827,0.005852636970750157,-0.009767506569963879,-0.02948298904223721,-0.04923583092260968,-0.04490362345968664,0.01092999971503254,-0.029059487869285628,0.01658966788490284,0.00734285169181117,0.0019956465015268337,0.028331286957270167,0.03302832250143996,0.027053072485524667,-0.015015977461282005,0.012809016648492252,-0.005088071308144429,-0.002396662365615154,-0.01658299237402903,-0.009425640954182014,-0.03753839602825672,0.007558687619507134,-0.006517354962718023,0.004055277582195123,0.0014359500066632163,0.001291719335954937,-0.00866099514877364,-0.01779646047712785,-0.007830191208011027,-0.00749091798967031,0.01334129078840732,-0.0011455341074916954,-0.006244676801254345,-0.009918358856515394,-0.015104197546897406,-0.00012835840045720426,-0.01759960000265778,-0.004523760721081207,-0.012007075928249596,0.0009274982966963489,0.010549456381178114,-0.015654163815049586,0.007379293353628108,0.000804831882146141,0.0001972276850667962,-0.00016180061906296238,-0.002402861367400207,-0.012030400145979355,0.035704947284753284,0.015614922795856533,0.00018313528364752324,0.0005580566798560568
total_kcal,0.04008567090591251,0.05925293161698529,0.02734189717076679,-0.011185600487146232,0.06165454207758446,0.05982416318497193,-0.0058943187708098395,1.0,0.03510614292302885,0.026746853787649124,0.053896206643959,0.0712731094272598,0.08730873111599355,0.053532420094732004,0.09115880492068638,-0.08580595710851567,-0.03270878830629873,0.06772619503148586,0.05499357141255681,-0.10683908361469456,0.0656889286988294,0.06389641425445407,0.035134669566604174,0.06416627236694515,0.07437922899942648,0.06662596008394965,-0.05807475115246605,-0.007876370612508525,-0.06009939022932136,0.07190530618330035,0.09634753830986774,0.03404198903017912,0.04378899901141505,0.08292618408975806,0.07910040470836718,0.042643064947520924,-0.01756061753737878,-0.080217616147454,0.10541546388575423,0.09523424068586579,0.08172839536907121,0.07370855119384599,0.05123021227864133,0.0648907185569031,0.04258436094167582,0.08240296980958901,0.08541681431022258,0.08891059841065709,0.07006305118544348,-0.08162851666505841,0.05762781948065383,0.042823751553524005,0.0756702862615648,0.039910488080609215,0.03146482377529379,0.08504061896313936,-0.06908558319698842,-0.07894963319647143,-0.07655724919805347,-0.09320495705005889,-0.1245082734828332,-0.06345745023007736,-0.03222733568049891,-0.03969010080641201,0.027978210855460556,0.0281675924268452,0.04356401161019741,0.06308858797109965,0.04832178730915091,0.03567297266764848,-0.002396343771074251,0.031961217440353476,0.011236290318246798,0.0037050319326317775,-0.005709870138070245,0.018099190765376284,0.025785175962898418,-0.020426214660416418,-0.007073120694626518,-0.0016440349375844326,0.0248061964963857,0.04133794356194202,-0.007538477188602247,0.009431123963529815,0.009214493965444416,-0.017430318736838077,-0.001477088468343326,0.010028189643055354,-0.016106888533809625,0.010802893914895827,0.010101809304315049,-0.0036370576656559956,0.004190599744486613,0.0038087406508162205,-0.020779027836933795,0.005235300320798071,-0.01264556143038969,0.007351980259724699,0.024819793377524917,-0.02956083677967619,-0.016237878349957584,0.006642504912033453,-0.01256785264934153,0.0017484050482476866,0.011917673322332185,0.004572276697570152,-0.01383494714649937,-0.026474963074667457
sleep_light_hrs,0.03207286178094508,0.050525115405262215,0.03106481495852284,-0.01735891490920109,0.014317624234639262,0.01283503607989263,-0.016493017894540087,0.03510614292302885,1.0,0.028589456500719385,0.030576147520156423,0.024907025858467463,0.03785984995266866,0.05016463029659877,0.042082624977961745,-0.06528841037092,-0.03789367923515561,0.0388604781820005,0.030866021005126636,-0.06323971623770067,0.03629067147609548,0.059233167275483015,0.021463348382372502,0.03617847994703496,0.036214054094144965,0.052657226547689256,-0.044623196712871786,-0.024226346813354074,-0.03574745102127231,0.039154537298430776,0.06436227657767672,0.033667783274402445,0.025464617326468313,0.014722795364605228,0.06447179778819265,0.04180093356669087,-0.013556366979131925,-0.048646730907989336,0.06371367380702248,0.04040208743584296,0.05475843397412453,0.04955816695564039,0.04664104083445072,0.0327991493494645,-0.005642170712420597,0.04116489477065614,0.04958808951055288,0.05591452487597938,0.0509735488363383,-0.031040091685194036,0.03518337525783654,0.016708344157116185,0.03554419794785537,0.055457346476061126,0.005624819960296043,0.047808337375937475,-0.03461434711127489,-0.01813621515457362,-0.07802939295328429,-0.049523783567290806,-0.034620870322963744,-0.05514651101084945,-0.010897123988986183,-0.03391134134291134,0.022105980528480916,0.02363933807061937,0.023390491728821804,0.04857409268484308,0.03608366511101078,0.01518856291745663,0.0033287301442904782,0.011558328502103468,-0.014743332634303209,-0.000458958805370793,-0.018318121828318726,-0.029471164058947792,0.0076241782080836784,0.008798021233402861,0.011983867172638779,-0.00986273459990287,0.022738530931185535,0.0014268827896986287,-0.0022274108283002756,0.005501998522466758,0.00922108282449681,-0.03288624741463239,-0.01343877308634338,-0.022581915366512863,-0.005323431645154989,0.0120592126412456,0.0017269090225623092,-0.020388911661382923,0.04209127137068735,-0.013004116383489969,0.011596403475935308,-0.004650644371798495,-0.00643951919941508,0.0029937687794494754,-0.015284792853014074,0.013688735920059607,0.00889870113900717,0.013511156542219755,-0.008078012720682846,0.020436176188538536,-0.023107680575001437,0.0015342250530220112,0.014307151139279382,-0.019671004770355636
sleep_deep_hrs,0.017956829104122378,0.04245209676795065,0.024308604962943185,-0.01692295389244012,0.053315561184805065,0.02820765952385541,0.021824321115674054,0.026746853787649124,0.028589456500719385,1.0,0.031166944707536972,0.013039289176689827,0.04198006874485674,0.05180122903156258,0.020893102964228215,-0.06221199516653361,-0.009594153597532155,0.04551713056244889,0.05742930111147428,-0.040623990132410075,0.048012188945316545,0.04177004332675174,0.04627807879678519,0.03861288379150675,0.020501353947779313,0.06921657882816679,-0.04305815727790403,-0.01322990353696263,-0.0386021959816687,0.06521291482228202,0.041684320499773074,0.04554574773864646,0.027283522814645758,0.05041392544265739,0.08076244641273722,0.044894042590717644,0.022994609264406225,-0.036706403319518306,0.06331283105756057,0.07421556866247014,0.040407447827400036,0.04980119706276481,0.018764614501161687,0.03376236656632808,0.02053434500211968,0.027737768979556897,0.03370048386342789,0.026534559319986755,0.011600453944418507,-0.048482734766729034,0.029532943188873416,0.04126852768844477,0.039467763361887544,0.04194182793326323,0.03992712729347222,0.0487221277653386,-0.04344422321209203,-0.058139987577087444,-0.04742033367036168,-0.06278775979233359,-0.05527278105425973,-0.035960093982898546,-0.02625592481541618,-0.05582838336488106,0.04111511503576505,0.0408235304048586,0.04326285931396286,0.031818736479561106,0.053949589400137714,-0.0001417161541695726,0.007422723888195839,0.026439853272341652,0.0038593774564546963,0.013718238319943885,0.006630250735670173,-0.0009619648758500013,0.00819025901660005,-0.009293312080221869,0.0005889307390594811,0.013586582262142781,0.004170123175902974,-0.0017248906606137857,-0.027054656781777302,-0.015546698151000477,0.02738887725799881,-0.028759039721526027,-0.013884253080948872,-0.0064605696174241676,0.002543067660810391,0.013479696707489105,0.006093573697789867,-0.018329250942365965,-0.009579701248705701,-0.017557696760544327,0.02097167958675909,0.0324911179946106,-0.011045333053097298,-0.010928716114426312,0.0020178511400798078,-0.011063306324973215,0.010838984340203963,0.01937996290197006,0.003009555687575383,0.0007363345968642517,0.00969117967927268,-0.014742987270823644,0.0015456500635335417,-0.004732537756782019
sleep_rem_hrs,0.03984397500992502,0.03749497373635489,0.042806850846187634,-0.01315169168866234,0.04126780217988182,0.039601631091513635,0.020896738171786867,0.053896206643959,0.030576147520156423,0.031166944707536972,1.0,0.041571582274910444,0.07697981514464715,0.06556323720300447,0.08102887869819712,-0.0853680243131525,-0.024458070932117753,0.04928480490878726,0.046833754340870594,-0.08838968964322029,0.09189521880817753,0.05660841336380633,0.0458287580031132,0.04273314028416401,0.040323132736038575,0.06205901065662702,-0.08168142531982707,-0.0021963733908792623,-0.05892032601436644,0.06979472144174508,0.10697581338918928,0.04680121450487502,0.04478386018156351,0.0749364593994388,0.07388366041863424,0.061858526717599935,-0.0014275451650237736,-0.05768043720205892,0.10531741411891185,0.05600398022931529,0.09389297533902588,0.05139193998493503,0.07766436210485216,0.06524140598351502,0.05915910457851815,0.06343517436826275,0.051583169644752805,0.0699434704209193,0.04952402095897162,-0.057192839047974085,0.06577683393387768,0.03897576117691776,0.038708685884411294,0.06545309409560802,0.025405278340535048,0.08454708936007549,-0.04649415470600138,-0.06474804052201463,-0.03824865450376169,-0.02710442998016785,-0.07090324572363857,-0.07339304109711124,-0.011998319759117535,-0.05447512717323186,0.006858045755995698,0.030384523586794505,0.029772949019791762,0.04355203812415826,0.060306532468194264,0.03225729193827097,-0.015766615754502878,0.019008232423223262,0.005587061163251086,-0.010453372918114228,0.015767598900334627,0.013323992605701697,0.0013540836604471126,-0.002050993118305059,0.011163678741203404,-0.005248360547941376,0.009500986329628822,-0.0024878414088735307,0.009140354913416648,0.008896280650598557,-0.019971399030332,0.0018180281440885776,0.012871641555798263,-0.007805439343815567,0.008164277607709033,0.009210755892948346,-0.007110096246078026,0.008112398359132904,0.0008024787909764494,7.871489390707083e-05,0.0038419003474372245,0.03671318141901845,-0.0023650787757708495,0.017512203421213124,-0.006071597029306272,0.001593617472981249,0.0015367741100117739,0.008204067122640784,-0.0074050564625951784,-0.026438576712952674,-0.003634862029606734,-0.004628377687125729,0.008065191161408221,-0.012193759034126905
sleep_awake_hrs,0.050510582155449006,0.020399943022469023,0.02404919214550292,0.026825493023525764,0.04673735325622431,0.07591665203516679,0.03735125916806798,0.0712731094272598,0.024907025858467463,0.013039289176689827,0.041571582274910444,1.0,0.09193837339280746,0.07644125683982579,0.06452754695487498,-0.10389707856328839,-0.015593357022317695,0.07426341103705274,0.0642825007407926,-0.09383330262378248,0.048738559420951774,0.0697257419787671,0.04427431177606141,0.0492390846968526,0.07772139744628713,0.034181389778601384,-0.07574780835140715,-0.0048406638689317,-0.07981756615091488,0.07290377895689175,0.07861470443621958,0.05070995749882238,0.034542684787177855,0.060624768940002245,0.09975207640170494,0.07070899735678328,-0.014614508322068865,-0.06585934723814374,0.11596553390026472,0.060442097523935985,0.08526443083670082,0.026309919699732467,0.04912675425312822,0.0760000858618434,0.038991195079532,0.07564870808329514,0.04309413122929756,0.06736486310579584,0.03050568273071525,-0.08998721140248202,0.05386835976378497,0.05425535403263213,0.05695774943905737,0.07796784273915368,0.019755499079069233,0.07335750978519391,-0.05275544969580621,-0.0486028562088255,-0.060118051826826065,-0.048797447960611785,-0.08536598771660504,-0.06600611274669844,-0.04670839999194206,-0.04636705481744947,0.02269470262282977,0.0661422703894707,0.05530608016111337,0.0376895109887397,0.05840896322488997,0.048792882890415265,-0.004790749045618313,0.06664583283174927,-0.039050491386622574,0.001875573688029008,-0.0018891130010135545,0.0035342558778607906,0.009843325233850628,-0.025008187921761713,-0.01096668844067447,0.01660518995967832,-0.01268300769383566,0.011357966454052262,-0.01807170015959635,0.001154762313060578,-0.008286097186467516,0.005474707553503359,0.009585876409201931,-0.03275084270163319,0.004253812534463025,0.008864975593137727,-0.016183356561442454,-0.005667366436086475,0.0018157007625688502,-0.007772922177047545,-0.018238034730155308,-0.022590020861662334,0.00010640552164181252,0.022628087491233528,0.030540012178797572,0.008091616184417774,-0.012312239526905952,0.005346999849122103,0.024273503329733753,-0.012466162399847618,-0.032473478067038423,0.0034758447499093053,0.007134901040736479,-0.021002720289421267
act_generic_hrs,0.07615647751648415,0.04811865869919934,0.05167825528240781,-0.011896824847804929,0.07538045339288922,0.07624278871495675,0.04196704339814109,0.08730873111599355,0.03785984995266866,0.04198006874485674,0.07697981514464715,0.09193837339280746,1.0,0.1419183321045034,0.09385974643875702,-0.16523366391108765,-0.0469254817118556,0.09609347358558214,0.10756493869524716,-0.12641082429113443,0.09318005298317203,0.09677153470904444,0.046130751275541906,0.09551899519060317,0.059654190859387536,0.09544985789183835,-0.11645667884973672,-0.01583897525947435,-0.08990328253759843,0.08151864162096632,0.13272721593377101,0.10335320920102734,0.058820953096821976,0.09605957609856207,0.11880521277279253,0.09373413226795185,-0.01711452159762676,-0.06899449609599087,0.16426396915461336,0.09753922823403834,0.16076481783840404,0.07208631946895898,0.08434857179516557,0.10169323046012513,0.07027353040928311,0.11019682138355631,0.07937559823831301,0.09742386859581907,0.0755094691551679,-0.12137865564449837,0.09835280013590099,0.060747604235453924,0.09167913995752905,0.10028417280596487,0.04792828112324256,0.0867368826439634,-0.08427083387571846,-0.11922742153806377,-0.11923672470474757,-0.0732108524205387,-0.13727721512946586,-0.1030727339349569,-0.03295543263417769,-0.08872119003171246,0.03775026246371869,0.05918123015833108,0.07929564484354278,0.08917223920560156,0.11082979490993577,0.06868501683374882,-0.0052894456442577975,0.08284688839630049,-0.006672038844753278,-0.0038655212641957436,0.01149628758828526,0.008227873212875566,0.0006391925658337823,0.006433467314432872,-0.018160841401562728,0.0043822732399316725,-0.005409229763962997,0.0227766862311886,-0.01920586523771384,-0.010239850769167806,0.027726044578591378,0.022901360730553447,0.006103421447259873,-0.01187524178305298,-0.014225587125009778,0.022605706545303045,-0.0044197281382173485,0.025463000670387058,-0.002678615964318103,0.011615365678186485,0.020974413766208514,0.019308926486967092,0.015610229718063699,-0.008742270498471089,0.018377065705471547,0.017760134761431807,-0.025123339643789024,0.013670079128802547,0.0002988151819171927,0.008978735846145749,-0.014490831970432359,0.0004995493118412655,0.014962621379616273,-0.01070893136001961
act_running_hrs,0.029050154069349653,0.04919628308273248,0.053128916537427344,0.005302366835024289,0.07727373734838476,0.07024285255067012,0.0070685976028367365,0.053532420094732004,0.05016463029659877,0.05180122903156258,0.06556323720300447,0.07644125683982579,0.1419183321045034,1.0,0.06100779843957472,-0.1768802119924661,-0.06614670669916006,0.07633427695634358,0.09191726918837716,-0.1254835748761031,0.10938130806619958,0.06761241053158873,0.06830408752357299,0.040311722315726106,0.08407844882785945,0.09835322513204126,-0.07335180041831764,0.006319040797949286,-0.07836267528297267,0.103145699902307,0.12394709372776085,0.09459578340989748,0.037921960977439974,0.08470552655149309,0.09144331809091562,0.07447416418798188,0.00890261058165279,-0.11525684155894614,0.12616475628491172,0.09231145048177196,0.12356576781882074,0.0849880006874691,0.06830310817449199,0.07041409902844917,0.059085486695137523,0.08126459520352931,0.07815445364821993,0.05861226295419115,0.0698087878488093,-0.10927368317851062,0.09017336113929546,0.045014643730206486,0.09169639613503576,0.06767680063719757,0.028435932519719567,0.09336595839152441,-0.05979019332888817,-0.07425762422893067,-0.12929746719702864,-0.07107684327948327,-0.1199975667626659,-0.08360643900351493,-0.029940978239518076,-0.08362928016268895,0.0384211391637381,0.05628460552894246,0.04891002060901257,0.08222902995728265,0.06776064257818003,0.04612520697154899,-0.01195386264454193,0.041937310600560426,0.011202679184341214,0.008802306423825223,0.016432721459517817,0.0019778594806004754,0.016590302043929098,-0.01613098552179603,0.016447090033343367,-0.006308266728682456,-0.00881168099282105,0.010927788829747624,-0.00906286930641855,0.005996265525370156,-0.0015954651926836838,-0.0005384770734619772,0.00757713237735615,-0.009568482759132125,0.010030698785623184,0.028675021215826723,-0.027273932302977852,0.005639832095365479,0.010028820809029766,-0.0018051863095957528,-0.02010945758704116,0.016341229750261404,0.003605538989368531,-0.00215975726936622,0.005320368104052284,0.00653834853009384,0.005014206374466629,0.014983992049853253,-0.01809053573434642,0.02905882613117601,-0.0039331747044897844,0.007404129951778368,0.018336418625178357,-0.005295801401159046
act_walking_hrs,0.02427096871247318,0.07848483485637257,0.03262594854918233,0.002861877291964397,0.07319534682536831,0.07177934827420494,0.018588561927373105,0.09115880492068638,0.042082624977961745,0.020893102964228215,0.08102887869819712,0.06452754695487498,0.09385974643875702,0.06100779843957472,1.0,-0.13148400556128742,-0.04757760220159119,0.07377800804900106,0.07344419704203023,-0.10934561826180869,0.0796945570451254,0.09086743161728952,0.03449308962670211,0.06085616151444877,0.10103870115566038,0.09752927902647968,-0.10110779900048021,-0.009920378636875948,-0.09805167498660675,0.12214028803810988,0.14527439509860113,0.08264198366196909,0.05775282554360513,0.10478956415334276,0.11371265247417095,0.06305222330292878,0.02410587725599965,-0.10766653326812972,0.17228847245051127,0.0806347777170077,0.09266564101143945,0.045863308435224244,0.06385966091895075,0.08732484316483866,0.043603177675115005,0.1065655183845428,0.07922649607606042,0.06953723402435175,0.07909413947379389,-0.09175179914452943,0.08442306382115833,0.06231009656538565,0.08422089049698421,0.05524195514520001,0.039822329324171596,0.06683924963292756,-0.05958117719385913,-0.09020362108738283,-0.08781263183908163,-0.08123532272532835,-0.1128284391749826,-0.1101124983518333,-0.061329670410540084,-0.06935896558497903,0.03977947870990814,0.06138160295035982,0.06489730654993013,0.0823421585101216,0.05250041546215363,0.04668772115885954,-0.0025296587978441945,0.07560424795777397,0.0035018213330751174,-0.03957232983096062,0.02180221352277438,0.019086313873098434,0.002075020599630254,-0.0110022077182645,0.004201913220148757,-0.0195207281254343,0.0012004034216423487,0.02897512679146209,-0.016890645558580764,-0.018276267403019807,0.008833706682181745,0.019405676287929004,0.008958417771439868,-0.012726150213550506,0.01939229402361622,0.018020315854156414,0.023858342608984513,0.01715283067403501,-0.008103883400061756,-0.010111183951090476,-0.001181069015748465,-0.0021852314479635262,-0.015579595724580295,6.473422545287397e-05,-0.0034236182557958066,0.008710448464541417,0.015853871053961653,-0.002056441122254398,0.0149969742041133,0.026161790544907422,-0.010710062745495283,0.01105764287278807,0.011417205590938838,-0.03154874701116044
act_sedentary_hrs,-0.07219140370079788,-0.0940779622192477,-0.051770958621921985,-0.018777390562694955,-0.12400164349796143,-0.07679074076218002,-0.014003579514922123,-0.08580595710851567,-0.06528841037092,-0.06221199516653361,-0.0853680243131525,-0.10389707856328839,-0.16523366391108765,-0.1768802119924661,-0.13148400556128742,1.0,0.06808220780755621,-0.12480914013500859,-0.12478114475281755,0.19434413537253145,-0.11304373040224926,-0.10545087368029353,-0.05659227618916321,-0.06714096882115661,-0.1466357083664036,-0.10478230373894083,0.14081629295644857,0.033338529645475436,0.15481204291071182,-0.1605428746669652,-0.17628312931786932,-0.10315645388222269,-0.11543105237630312,-0.12955630817366842,-0.1916482005808269,-0.11394741353718568,-0.009959803568206225,0.14154911527678515,-0.23438385042915955,-0.12899299870125835,-0.17045150884922858,-0.10801592850848975,-0.12419568005020884,-0.12462660261529249,-0.06208123917500321,-0.14988063262392315,-0.15175103898586523,-0.12557564127208967,-0.1004168404943397,0.14078273367688793,-0.10232145527747297,-0.07048885152239236,-0.11674623772023066,-0.10119222797299067,-0.07062226073683067,-0.14348909084546865,0.12121570087427726,0.13737908533652218,0.15093462225715043,0.12545736842094982,0.21986460536661406,0.16271219381587373,0.07465111178434967,0.1176695070604846,-0.028008297557840907,-0.10591929841365326,-0.09541649517183434,-0.14082216972504769,-0.10682168082562248,-0.07653324270327805,-0.004510565366604644,-0.1099215317205401,0.008404278931144538,0.015195534086391136,-0.016268055577781486,-0.011800972482293786,0.004440361503780479,0.0011889110827284714,0.0025506583114824435,0.024653572762365704,0.0014421874111838517,-0.03620923425681605,-0.024336025685347703,-0.014775506706089143,-0.004427211074726128,0.004976714582072165,-0.015426020057298423,0.005957239694014535,-0.004622316773624325,-0.0012072152440266673,-0.010331781761378297,0.007247792597294422,0.006863273792698606,0.023748705260558875,-0.026900548640742178,-0.01630779229105601,0.01438478409701655,-0.016203596084893326,0.0001996622857033261,-0.02160751929467988,0.008599636255705267,0.004450426545815948,-0.004602613531222104,-0.01736785257135233,0.006586169403294646,0.00996322000972474,-0.008973918842964796,0.02248936507705816
A/G Ratio_value,-0.009843591821458296,-0.025544898168001078,-0.020604753774008996,-0.00810511340080919,-0.03119325229161983,-0.045097369741813866,-0.019696654756197873,-0.03270878830629873,-0.03789367923515561,-0.009594153597532155,-0.024458070932117753,-0.015593357022317695,-0.0469254817118556,-0.06614670669916006,-0.04757760220159119,0.06808220780755621,1.0,-0.017041649775176068,-0.0256152764876842,0.03436603481557813,-0.05574566316530151,-0.02868666457696238,-0.018967723413276107,0.010139041584687087,-0.007204361823639214,-0.021444485313442497,0.026428998131482865,-0.0003447218998938978,0.03015816532494882,-0.03290256286908197,-0.045526746674339647,-0.01565928089833436,-0.04123954336701348,-0.02184363340461169,-0.033726741064113996,-0.05000150725753833,-0.023078088229211507,0.0388954859741119,-0.03831926956841456,-0.02247800546032736,-0.027263219692423908,-0.04006338841233388,-0.041442154640772264,-0.006291676665136716,-0.01750433640563527,-0.01942588861019561,-0.04634127473690193,-0.010360361273982288,-0.03397577082186635,0.041796306142604815,-0.03195619350603796,-0.029405472254322915,-0.012937311743841664,-0.03788004151817288,-0.019794061865107293,-0.010114980600807904,0.036680795577232826,0.024421247664361233,0.05651842132733292,0.05138139025945359,0.022526980356211295,0.04502041895861353,0.04308644214875525,0.023968098851973742,-0.014235133089915749,-0.003311824793899077,0.009886096301158543,-0.041269670600219945,-0.007053959816028807,-0.030371141110490215,0.002943028795984149,-0.03275847737568484,0.02667567008646548,-0.010264022617509768,-0.028968691275972912,-0.020446022838447393,-0.021426560610022193,-0.013319766521530127,-0.0030470862185015737,0.02021265558498996,-0.009530010369164827,-0.002449179564073203,0.003699266791287759,0.005783140633023882,-0.01958768667441277,-0.0010832965820581617,-0.009282387886818112,-0.0015419503557934002,0.004375483367360757,0.0064430283447660915,0.029658471294401304,-0.015938447572445825,-0.00886234253897695,0.035376358816192624,-0.008113558006533454,-0.014465495122957356,0.028722046775938755,-0.02054183646542919,0.006601772121066291,-0.015488914763217268,0.0008964266917101521,0.03142733228549493,-0.010453366095726469,-0.010087394936649716,0.008729070171433515,-0.008643037897666796,0.00027215649589465467,0.03089631543402636
ALT (IU/L)_value (IU/L),0.045415585082123774,0.06489220495769978,0.03652015384244678,0.011394780370128484,0.06369221617207525,0.06336915440789695,0.02477964971140595,0.06772619503148586,0.0388604781820005,0.04551713056244889,0.04928480490878726,0.07426341103705274,0.09609347358558214,0.07633427695634358,0.07377800804900106,-0.12480914013500859,-0.017041649775176068,1.0,0.07352860244454776,-0.11679653235603696,0.0687434880033589,0.0521736665162283,0.04359653453765711,0.04397007755039187,0.06451642317374356,0.06822589739570405,-0.09244681445500948,-0.005140375247939286,-0.05695891515819402,0.10005486203367243,0.10591745859161651,0.09165455729732899,0.05501143621484373,0.055687919669138976,0.1108542325672055,0.05154253260354225,0.013763386296774217,-0.08475312004044375,0.1709500169331795,0.059800528591370625,0.10588214918121024,0.04259765099950719,0.08945725779975279,0.065284385075797,0.036004036099874966,0.09218541955256979,0.07622645719841868,0.06708254619916908,0.08145287240492531,-0.08287048894508468,0.07608417203134342,0.05126572908598057,0.09447222299306375,0.0596985273938048,0.04666542163044417,0.08321856978188065,-0.058178995972737846,-0.10230403293591903,-0.0983467262262876,-0.07804448174226995,-0.08450489342769275,-0.08832283041557377,-0.05103357710895003,-0.0580487728456831,0.026702079517527472,0.0735906839920999,0.04677502190061015,0.07222894817200376,0.07350350607565112,0.024549124846746786,-0.00023850683793166558,0.0486851116170037,0.03817174938043889,0.01830106840059401,0.00680443279578346,0.010338735359615716,-0.006312972712948424,-0.0013202024730968019,0.008600103884825976,-0.013887245665864975,0.01990092064395021,0.008737149073167864,0.00943406538770188,-0.0333957988476715,-0.0002985900324268588,0.007925621662177782,0.007249432696566072,-0.02162538484063921,-0.009431573450479453,0.010239444716799863,-0.003623794188933067,0.021973373446447616,-0.013240550828777831,-0.002180707807112658,0.018373757084835712,0.031836164514304335,-0.001404176593221589,0.020599876294530944,0.01144546143171521,0.012548925470508978,0.007695536636944358,-0.0013352239162249511,0.008227877169823814,-0.0059809291093286705,0.01314365695364462,-0.007183399043865898,0.0071830744864046885,-0.016751563472378352
AST (IU/L)_value (IU/L),0.026982664001751897,0.06503089265383451,0.030509494008087154,-0.018074964297947773,0.06485870151789688,0.058585739191990324,-0.003665008478657087,0.05499357141255681,0.030866021005126636,0.05742930111147428,0.046833754340870594,0.0642825007407926,0.10756493869524716,0.09191726918837716,0.07344419704203023,-0.12478114475281755,-0.0256152764876842,0.07352860244454776,1.0,-0.10491715761945769,0.056765867430410864,0.09036443213137588,0.02856196694066788,0.05846301636827939,0.0714293315022592,0.06698031957621749,-0.07036648693207004,-0.019740195947454506,-0.0516125358824444,0.06358057136914351,0.10533555084139834,0.08209251979004284,0.04306678778890526,0.0959613345244427,0.09783870440052822,0.05679658786267667,-0.008528389453732419,-0.10063995530950635,0.13690860391084503,0.08673529937079383,0.09844973051340167,0.054480096346457986,0.05950217007450343,0.05140009653863285,0.04698292564149601,0.10636345429586214,0.060923407503948965,0.11354189994916306,0.048638037608610414,-0.053777407431595065,0.07633450656742069,0.048790381347467444,0.046957491832301135,0.05684604692061518,0.02674866303940007,0.06219722144889187,-0.052696925558401414,-0.07913334918134039,-0.1071021672262585,-0.07056154634479046,-0.11511559822404382,-0.11898671023906758,-0.037056069334418726,-0.08477050156154031,0.017421716627963477,0.05242936979416442,0.07471387036153838,0.08649992256797055,0.04851083963854381,0.03514940883130685,-0.01357147458243414,0.06767736309445113,0.01159214338098301,-0.0016738186601276761,-0.0029466499066785677,-0.02998667092942734,-0.003340122911919835,0.012202081761694098,0.007984409380140785,-0.0015509135267127597,0.01699416919850481,0.01804965850217241,-0.0033319798453691385,-0.0058795661081271385,0.007204374928369321,0.011711014687818638,0.007806415180961952,-0.03513705217411654,-0.0004353002048668884,-0.015567856778436816,0.009834750150431308,-0.009102130832787674,0.02460735141061922,-0.02076363559427311,0.010901282785921826,0.03154886940713652,-0.02515142134577014,0.01214587747765352,0.02319273628944435,0.017148271159088135,-0.0018283003463816711,-0.021992448650119418,-0.0031785080937848397,0.012386408016105934,-0.0016461975480157218,-0.009868151607972142,0.0005404222281548712,-0.01589130493805042
Albumin (g/dL)_value (g/dL),-0.08008817789754377,-0.07225846235533849,-0.05586399463542628,-0.02723507744999599,-0.08402061307256342,-0.11001013824655541,-0.021502581539659088,-0.10683908361469456,-0.06323971623770067,-0.040623990132410075,-0.08838968964322029,-0.09383330262378248,-0.12641082429113443,-0.1254835748761031,-0.10934561826180869,0.19434413537253145,0.03436603481557813,-0.11679653235603696,-0.10491715761945769,1.0,-0.11133647410217659,-0.09222636341025808,-0.06721754126636474,-0.08352164161576811,-0.13008441140891466,-0.12060861058103665,0.1451884703709498,0.009507575688005839,0.12121816872593302,-0.12060633053033146,-0.1525980856191646,-0.10355601842379358,-0.08663121146223854,-0.12210898382056029,-0.14377526313185315,-0.11052642386349826,0.030385578094486488,0.1339065728404136,-0.20879220694677555,-0.11532780194130729,-0.12608319699743142,-0.08519342593065111,-0.11863037928467592,-0.08361368662411961,-0.0810013498365808,-0.1272009283565105,-0.11330060169803394,-0.07956657871722826,-0.09278557066327733,0.1309793331859187,-0.113335482099707,-0.08228726453629924,-0.1229763028393136,-0.1101549134965354,-0.05776635014847412,-0.10302001604296775,0.10167504379917909,0.12297068231564,0.1286075522417675,0.11319151693315045,0.1462527857570039,0.1324057335614878,0.054413102481613275,0.0886479964143229,-0.05225563597116098,-0.07652101551125245,-0.07559151118197377,-0.11636383514916013,-0.09754596400931187,-0.056984895016393484,0.02791809601758572,-0.09370115220488504,-0.004749004613007623,-0.02140953443976764,0.002515710193772694,0.0027436901660192552,-0.012330791171892333,-0.014757468729936343,0.008347775261237185,0.005952309104184074,0.0046386577840153535,-0.016274019639811982,-0.001477149802958924,-0.02216513355381519,0.004115694724152458,0.014236885664708685,0.002504914571028707,0.04259114804957132,0.001833329769770757,-0.010277325725875886,-0.017038689704888924,-0.0146869122609601,-0.004742069887355275,0.006905187393559113,-0.019738421390995436,-0.005695100111343154,0.003322649533204663,-0.02762993896852116,-0.011942695201955865,0.00463985018662483,0.0030463808960579605,-0.027601570823712288,0.014311739950585791,-0.007909250169200166,0.011806985808709553,-0.008180934003908886,-0.016668857831085324,0.05497814798890294
Alkaline Phosphatase (IU/L)_value (IU/L),0.05292678723997047,0.049714379038743164,0.038591573699728585,0.02832389666467578,0.0582944671802965,0.07355253374229699,0.04726471881619906,0.0656889286988294,0.03629067147609548,0.048012188945316545,0.09189521880817753,0.048738559420951774,0.09318005298317203,0.10938130806619958,0.0796945570451254,-0.11304373040224926,-0.05574566316530151,0.0687434880033589,0.056765867430410864,-0.11133647410217659,1.0,0.0657414775668551,0.027591390552225748,0.06116768446492813,0.047686069724737566,0.061985521988364246,-0.06996038715989829,0.02385874192865006,-0.08275362117761362,0.08397787678360494,0.11982903871987348,0.06815463006358263,0.06669745785031446,0.11004997322937471,0.09425033473501628,0.06291395877146397,-0.023915340516862282,-0.07421567917793453,0.11887134199082304,0.07274488322268323,0.07995058315731166,0.08441910601310655,0.05881498010631816,0.09000294687301509,0.024527763699420845,0.0759343339076529,0.10520747908705652,0.061056720068119824,0.041515430855738535,-0.08437735648845783,0.07283998296516822,0.049042831261903,0.0735599304886854,0.0690514811276311,0.04317591689528541,0.0723013560322608,-0.04834637103240048,-0.09096633264565365,-0.09209654348952172,-0.07215954183822652,-0.0998340417883564,-0.1111212743253616,-0.05647335717290288,-0.07224941241995902,0.04035004531883531,0.06514358949469631,0.06780068191967469,0.07377438886099688,0.09402412423389778,0.0913368208802776,0.03285567299726383,0.06314919568939295,-0.004095813657411654,-0.02984379615969592,0.0005414830987049089,0.005770940815665443,0.005758353009569001,-0.027248813142845774,0.0298124099540842,-0.003760416203139165,0.005529374190777354,-0.004969440840279684,0.0005684058764781776,0.0061668911815187565,-0.007936298435600078,0.010644954752100694,-0.008552821530722949,0.021915635920749785,-0.004063222551591798,0.0117051980844412,-0.018661309739037384,-0.002547992399384732,0.004151700539086025,-0.008078898296349063,0.01886721674743887,0.02250036832040665,-0.012386786661928611,0.0018308697136415772,-0.009940394903366838,0.014303208398186074,0.006606341862840274,-0.012920866338345806,-0.001994985587904057,0.006010232048052419,-0.022056120675222887,-0.011021944000743928,0.026848490014304775,-0.003373906116951503
BUN (mg/dL)_value (mg/dL),0.03858527397141595,0.04684129191965852,0.012286374220062957,-0.0034461246556434797,0.0614969039721667,0.06980365419521134,0.013883224594933763,0.06389641425445407,0.059233167275483015,0.04177004332675174,0.05660841336380633,0.0697257419787671,0.09677153470904444,0.06761241053158873,0.09086743161728952,-0.10545087368029353,-0.02868666457696238,0.0521736665162283,0.09036443213137588,-0.09222636341025808,0.0657414775668551,1.0,0.0455335971883895,0.059274047650877515,0.06364119774915367,0.05830525551466238,-0.052815256309018135,-0.026236912559566946,-0.0759182667635652,0.07737103383110534,0.11287703283788993,0.044553893781242374,0.045417330897748596,0.08519984427462422,0.0999878388724248,0.051627379635482674,-0.0006073050935863507,-0.06610943167323799,0.13040489183732604,0.08447994336985476,0.1137054826066584,0.06544046792553417,0.06575457002518836,0.08095124103907957,0.020292199453133472,0.08168590386863897,0.044721837454121935,0.05936899284356177,0.06633479585550617,-0.09196907961180481,0.07850668720310722,0.040823250896101004,0.05687573760524391,0.06203309226615454,0.03148404443858628,0.09391007382925715,-0.061467636397396844,-0.07074236007862321,-0.1002873259991749,-0.07657775803676373,-0.10233886855902687,-0.1079900162767685,-0.048032090530480215,-0.04774303659009437,0.04043345643272107,0.04279033571924213,0.06241154721735522,0.08702256967662844,0.047912080555805585,0.04368619902815346,-0.0046717165347881316,0.05003586005058871,0.0035750666035879817,-0.012264985208695671,0.0008027768874076806,0.0161923825667735,-0.00552978709214574,-0.011643639166341575,0.005742668162485669,0.019766374949250702,-0.005874362639519644,0.0032332159474996193,0.008166858379086294,-0.020250641809076236,-0.002812387505662771,-0.010191268852735306,-0.011098044442111753,-0.02450649608509273,-0.007242530338752592,0.017656720156542353,0.007106634300052624,0.036129681098697304,0.0011680595914806005,0.015190288548385734,-0.0027129492853909557,0.01847267817694881,-0.005904487090784051,0.029862231811024976,-0.016161707346512108,-0.015107279660739171,-0.00650953823894719,-0.00929984282135533,0.0010352508632107704,0.023841883796706657,-0.01812471660142271,-0.0060615247780711765,0.0028303741410990587,0.0019494448432173174
BUN/Creatinine ratio_value,0.027790382865545367,0.007413600900340707,0.00795844125498802,0.015230992154031509,0.04319663573952946,0.03231663935090693,0.029729936942810755,0.035134669566604174,0.021463348382372502,0.04627807879678519,0.0458287580031132,0.04427431177606141,0.046130751275541906,0.06830408752357299,0.03449308962670211,-0.05659227618916321,-0.018967723413276107,0.04359653453765711,0.02856196694066788,-0.06721754126636474,0.027591390552225748,0.0455335971883895,1.0,0.051280871845680476,0.02279482045262174,0.025376507263065447,-0.03553297383341676,-0.0019046484431131468,-0.06352849296969279,0.03226305913468595,0.03953289550024434,0.05845102612786681,0.019640105207268176,0.019674093335728057,0.03625639954269706,0.03767258190651597,-0.030854474822962108,-0.03422161225947191,0.05942173027549319,0.03946913194194412,0.06884936776049227,-0.0016980603191076686,-0.0008646801368511262,0.055126642486404864,0.005069911231200127,0.040465216531955915,0.07274547308810793,0.027654919498267688,0.01485852524760666,-0.037246636729152245,0.014138530957359948,0.031413717264015505,0.03596642118502246,0.06606234803897022,0.016815986066762625,0.014838747480369015,-0.01436900350304831,-0.02713254760669177,-0.04237582952005685,-0.01495463173409064,-0.02637000152044501,-0.026673128216266162,-0.0568537085649966,-0.02830047830755525,0.00649470823957052,0.028331585108560608,0.001179210414586094,0.06297222875293768,0.05096621409308989,0.018968763584963383,-0.03440577809041002,0.009462448624567289,-0.036043231471378764,0.022848657607741286,0.01283984358688607,-0.00941499976011072,0.010292379162711699,-0.0034517875429235004,-0.001259173468444084,0.013721043883112185,0.02492407470088247,0.02912948360053317,0.0019997814880940976,0.008994656094545361,-0.009468674295015527,0.03886614029176773,0.005974342315090042,0.014516828162149198,-0.03040489663291474,-0.01731274761703542,-0.022209149084640948,0.001138333988053304,-0.019747362169499016,0.014949800281708713,-0.015075814868622148,-0.018439287793222073,-0.00540506253023876,0.009286794296527935,-0.0017844943120100042,-0.005053651001545977,-0.009304980822014286,-0.0011781787328686017,-0.030358929733179496,-0.014754108456600077,-0.0032251264912825095,-0.012891600780476199,0.008799778220637208,-0.030569354242037505
Bilirubin Total (mg/dL)_value (mg/dL),0.031356030461073825,0.009858868801496614,0.022780787698068992,-0.005921679863830789,0.05414431174966846,0.021828894876429895,0.019822255169134245,0.06416627236694515,0.03617847994703496,0.03861288379150675,0.04273314028416401,0.0492390846968526,0.09551899519060317,0.040311722315726106,0.06085616151444877,-0.06714096882115661,0.010139041584687087,0.04397007755039187,0.05846301636827939,-0.08352164161576811,0.06116768446492813,0.059274047650877515,0.051280871845680476,1.0,0.061587899687769516,0.062238500289061985,-0.0648204845535457,-0.011218411246514216,-0.06115502577817984,0.0805692723338087,0.12041988187712079,0.08112450435186176,0.040805763507231155,0.04882523231297153,0.08917699081374328,0.02895702216739851,-0.008267416171104137,-0.06620531532669527,0.08749990675674203,0.07302846026709042,0.07696713202171233,0.04943633074731823,0.06174331316023025,0.035129162726818645,0.051442284375148105,0.05436721340169082,0.05783585660680863,0.06242547326401373,0.0622348869514827,-0.07270388134582927,0.08219253322609578,0.023680020323407245,0.07406339132751524,0.040187946797711524,0.023421893410438474,0.06773795313367573,-0.05984181331684191,-0.0560788356922236,-0.08199241054935107,-0.03799996605682072,-0.0621918563814415,-0.07189586687732531,-0.03316942317673956,-0.04022421718532266,0.007650825237740864,0.014022444691465826,0.02393395921988225,0.06071421969218561,0.040793129097897465,0.027714218151097557,0.002086456463034499,0.045922453488922446,-0.011197515509220182,-0.0091432230604392,-0.01225102579821239,0.01450719249411931,-0.014024924575240502,0.006309888465455881,0.020674372683425653,-0.01777966503409036,0.008023136405442732,0.0013673553592874366,-0.005071400806733956,0.007184825954704939,0.009655221487577793,0.012092140516059547,-0.012394208921240615,-0.01594060736405137,-0.025202600862007592,0.010443660240412347,0.002630283367663656,0.0022615234377809765,-0.017198311785232047,0.014614150979559128,0.0004872225668623476,0.05043661646421666,0.012869957312214212,-0.013896256295472274,0.008300196177747429,0.016755150386865272,-0.021035141336641177,0.026813531673391164,0.01928572223493383,0.007238056423847025,0.011415052362964756,0.019722074941037105,0.005667413049156917,-0.04950234389766714
C-Peptide (ng/mL)_value (ng/mL),0.05485061956968192,0.05442165485087724,0.025244646123149982,-0.003742450163294033,0.05098891383388805,0.05729007303154841,0.02215921254987319,0.07437922899942648,0.036214054094144965,0.020501353947779313,0.040323132736038575,0.07772139744628713,0.059654190859387536,0.08407844882785945,0.10103870115566038,-0.1466357083664036,-0.007204361823639214,0.06451642317374356,0.0714293315022592,-0.13008441140891466,0.047686069724737566,0.06364119774915367,0.02279482045262174,0.061587899687769516,1.0,0.09526179863229722,-0.08088526004415363,-0.011102466048350844,-0.06966524289940128,0.06000122370380559,0.10538839827743111,0.07587272966063176,0.033173051087312735,0.08956930090532714,0.09415338532413332,0.06670826529903369,-0.021872852648494284,-0.09292552592084838,0.15880770750136286,0.0547092398206217,0.08017353501934757,0.06761602458111478,0.06894138889206142,0.07302840745939743,0.019456783010156457,0.07872450956412042,0.0645183031650597,0.08390196776793453,0.07338854029713907,-0.10357820112777344,0.06587607275702768,0.041852517146860224,0.07164584952651677,0.04501513070053321,0.024955573647215054,0.061280412436842506,-0.0874517164582323,-0.07727001852118495,-0.07958376646198004,-0.08456356550924919,-0.09154054216485631,-0.08670475220512068,-0.040224080049275315,-0.07297652925103329,0.028791009230263044,0.04448002876888447,0.04317442570497854,0.08170002429842776,0.03801385145923056,0.04212096778080576,-0.014735549814519093,0.026925450506094458,0.004131445648396953,0.014324379063639564,-0.0019462218640810172,0.006665777874501122,0.02406606854807574,0.023691876370782124,0.016237789252189896,0.02300166045773599,0.006359722039459563,0.030003883962098195,0.0041265773414573634,-0.010690716553568905,0.0077611679996518485,0.0003735447314283638,0.011096907085394877,-0.002651532351151687,-0.010853715346094903,-0.017391366138669154,0.0046550244035283425,0.011338052560380845,-0.00976978537333945,-0.010735126383877625,0.011489695143306776,0.0030348191431384033,0.0014713932523429322,-0.008539142349835329,0.006827471182582928,0.01176768867766552,-0.018790364478336537,0.012142327101736284,0.009011592399678185,-0.0015402075352379126,5.87539888995183e-05,0.027284882560169848,-0.014650622940300447,-0.007311568382300587
CRP - HS (mg/L)_value (mg/L),0.05330621577578021,0.060139966535386336,0.06291370041162452,0.01821321772120546,0.05792716462441725,0.04252740966345524,0.018757919528494697,0.06662596008394965,0.052657226547689256,0.06921657882816679,0.06205901065662702,0.034181389778601384,0.09544985789183835,0.09835322513204126,0.09752927902647968,-0.10478230373894083,-0.021444485313442497,0.06822589739570405,0.06698031957621749,-0.12060861058103665,0.061985521988364246,0.05830525551466238,0.025376507263065447,0.062238500289061985,0.09526179863229722,1.0,-0.08058920550499551,-0.011048420398525995,-0.05900661599397034,0.10872763637518054,0.11829683616492669,0.06439538385041611,0.059331509528828916,0.08924636145371678,0.10472454189585152,0.06687916046246466,-0.013031067167657256,-0.09325539195862748,0.13878670919914957,0.08229735168640015,0.14128820045079454,0.053152403976342785,0.1065240585281612,0.06975856204748389,0.042688614348236426,0.1023800123718,0.08768273094881826,0.078601870939698,0.07681690366979162,-0.0935087763678596,0.05720900640606319,0.06336647605655507,0.07511573474186144,0.08452822989095146,0.012179269941543095,0.0663710942133253,-0.06271039410302444,-0.09846991914765885,-0.10506462136092622,-0.08530615963913697,-0.08351091906969753,-0.0891323562714251,0.0004915256381544565,-0.10076860878232816,0.03670621499198092,0.057705048691318934,0.07013907427471693,0.0871253622241765,0.05304914479880085,0.04489566624979249,-0.013568239163259865,0.05267219470632969,0.0037793877337266232,-0.011628279641313606,-0.002223034770423316,0.003906733230482579,0.007307743779244351,0.01002489683507032,0.021632781895927555,0.0018661594267946763,0.0061850563693111515,-0.027969105370227697,-0.007287473537312694,0.0003357090163595373,-0.00854241473044735,0.008007396274394838,0.018342373542415004,-0.02750039800376365,-0.000263721521721673,0.018825332856909613,-0.017929310359013496,-0.01648043111377061,0.000791390700747117,-0.03457567244343698,-0.028103514642866968,0.002119956888620269,-0.0100898947189714,0.010409905587854417,0.00503389664045413,0.01920012894859489,-0.02106027097662886,0.019338967784608106,-0.011304824883229432,-0.001060658882985264,-0.020005720245362124,0.026986149462765646,0.011066947651298618,-0.015347627335216092
Calcium (mg/dL)_value (mg/dL),-0.05912431846305622,-0.07181503770535072,-0.03465483705065134,-0.011323042488577099,-0.06172964021006177,-0.08066310775793292,-0.006184550213919862,-0.05807475115246605,-0.044623196712871786,-0.04305815727790403,-0.08168142531982707,-0.07574780835140715,-0.11645667884973672,-0.07335180041831764,-0.10110779900048021,0.14081629295644857,0.026428998131482865,-0.09244681445500948,-0.07036648693207004,0.1451884703709498,-0.06996038715989829,-0.052815256309018135,-0.03553297383341676,-0.0648204845535457,-0.08088526004415363,-0.08058920550499551,1.0,0.03188352474499828,0.11663555304707932,-0.1042564887148978,-0.1372701405672052,-0.10187796667336052,-0.052008781747905145,-0.10951591927290921,-0.11398270909082533,-0.06953224076272772,0.009247615130232222,0.12328478080558643,-0.16128939160226466,-0.07703269722840975,-0.1182726420771719,-0.06260054604161405,-0.07956502512529375,-0.06475180990884657,-0.04204091270541226,-0.07155596331462412,-0.08839565824294467,-0.10864645801267703,-0.0707430887803792,0.08826175169460572,-0.10242480893534786,-0.04875784241230474,-0.078924396392195,-0.07564318069066545,-0.052254993436291065,-0.06666457249599382,0.06880213896977028,0.08116684132052758,0.12863342220179286,0.08327364593562128,0.12009279459991258,0.11651882003616279,0.08823374461044822,0.061164450982694026,-0.031164344345038175,-0.05715201319713608,-0.04599026669089243,-0.0778646196708669,-0.08937110488078837,-0.038237054500866334,-0.01040314293440984,-0.043097857840015,0.007316791488507377,0.0008255984722369099,-0.0005065302880696755,-0.00249266982182694,-0.017357017194579733,0.007891324247970679,-0.015192990968122334,-0.0030262324649234897,-0.01999811672326272,-0.01500346022431331,0.00775353855929927,0.004460211595217808,-0.005984817434642431,-0.019789164383203935,0.01936005425735254,0.01161697183638595,0.022476728174696405,0.0032267967939996673,0.02366696712138703,-0.012534792337554026,0.02314060521939647,0.008214733821032728,-0.0019630817179349387,-0.0034349318389725737,0.008344863885116233,-0.01622597600439211,-0.009415638009993664,-0.0038092918423255893,-0.025791536754487733,0.006313740690589482,-0.0021442618321899577,-0.003778161208953065,-0.014066079748433047,-0.004154310270012487,-0.02866246075196828,0.0053843131162089174
"Carbon Dioxide, Total (mEq/L)_value (mEq/L)",-0.007038676423281433,-0.022212832531663756,0.0031404077945268788,-0.007627234886113004,0.0036020786622557206,0.006918902456974717,0.01679679083864541,-0.007876370612508525,-0.024226346813354074,-0.01322990353696263,-0.0021963733908792623,-0.0048406638689317,-0.01583897525947435,0.006319040797949286,-0.009920378636875948,0.033338529645475436,-0.0003447218998938978,-0.005140375247939286,-0.019740195947454506,0.009507575688005839,0.02385874192865006,-0.026236912559566946,-0.0019046484431131468,-0.011218411246514216,-0.011102466048350844,-0.011048420398525995,0.03188352474499828,1.0,-0.009625048804396399,-1.4490238306729781e-05,0.027039303903894796,0.0013749043859223136,-0.0062845316059991045,-0.008268558520815308,-0.013083088719320384,-0.012800844698008792,0.00837106244597216,0.02320102985946736,-0.008038598607167857,0.012440858428073603,-0.006239844707809462,-0.01476883240514516,-0.024519832745049888,-0.020027062901695942,0.019689716065578806,-0.003774875844470306,0.017772757679126845,0.006073348651677513,0.004578613168840542,0.0016034615475691615,0.013989907743521239,-0.007007885065701297,-0.022686796199230995,0.007757937253791046,0.011307680245399741,-0.007323608993711384,-0.0024859589389694134,-0.005317461451964329,0.0054060153069214936,0.028483761384016964,0.0009873815643799398,-0.01049744576326271,0.029489496391990708,0.00035833649221245033,-0.003050728491287221,-0.004433371203294392,-0.012498581836555485,-0.006110597263668387,0.014284322533025428,0.011861965808632528,0.006287160762350144,-0.0015780558121662842,-0.00883312484130578,0.007766989321550197,-0.02349788204281595,0.01117453457361834,0.004525431927420594,-0.012478896803212142,-0.007301173890409461,-0.022233288718020012,0.0018488777003207856,-0.0027354378730832726,-0.01557614092541151,0.012717102986349132,0.004397507033059749,-0.008765864754040219,0.0005348456389913449,0.01964623804298018,-0.007929656119149546,0.011944394311983032,-0.00668503783935381,0.002143738685883775,0.018330999670730735,-0.006047682397690625,0.0032204057287844204,-0.004090980873327722,-0.01646226696806882,-0.003067091150237709,0.021498318031606862,0.01819201461684464,0.014880262379970578,0.006786089144331618,0.010629665281574874,-0.023882511004384082,-0.020014517502861033,-0.01166329203241222,0.002416165277630534,0.025847328776133143
Chloride (mEq/L)_value (mEq/L),-0.037432719978606734,-0.05056225983653221,-0.024511383909478896,-0.03174746394432477,-0.04760543758046137,-0.05936546902008812,-0.010665790309723856,-0.06009939022932136,-0.03574745102127231,-0.0386021959816687,-0.05892032601436644,-0.07981756615091488,-0.08990328253759843,-0.07836267528297267,-0.09805167498660675,0.15481204291071182,0.03015816532494882,-0.05695891515819402,-0.0516125358824444,0.12121816872593302,-0.08275362117761362,-0.0759182667635652,-0.06352849296969279,-0.06115502577817984,-0.06966524289940128,-0.05900661599397034,0.11663555304707932,-0.009625048804396399,1.0,-0.06716836442072421,-0.1250705385476887,-0.08655945638012542,-0.04842238641201668,-0.05631859306635016,-0.11484877816179885,-0.11028172315529793,0.010441432977575864,0.11056613682432423,-0.15921164357317863,-0.0683110631674012,-0.07641885886485238,-0.06684987825671307,-0.05801103691177329,-0.09201139004897649,-0.039532934381762884,-0.07642404364702164,-0.09582731765897597,-0.07350761366101781,-0.03990656625585719,0.0799499521796826,-0.08204323778869807,-0.035561661034939074,-0.06848995593536775,-0.06912071677860274,-0.04383787631625158,-0.05721860762293706,0.07716717283292826,0.06892346661107993,0.07720199353789138,0.07686720557448479,0.08850220306280784,0.0824317431065176,0.06238980516389988,0.06800287525723875,-0.02389573166195624,-0.024549025891745038,-0.053865706037697775,-0.06792066560098754,-0.07038813165018053,-0.026827007824290244,0.006364673351194013,-0.049373055713117876,0.0030948808525553466,0.013198296041778617,-0.017217136414824023,-0.0025921498428601725,-0.005251867410117521,0.016095051784521763,-0.008423653921728778,0.016218837019961338,0.0012330187548326359,-0.03719133374562208,0.002015572032011309,0.014854712606077108,-0.001448442175628215,-0.01842847186044523,0.0015749222115387363,-0.006357360236840243,-0.004117056806782354,0.018830375437594932,0.016585622373403244,-0.003173390742391079,-0.02034198844654156,-0.016546793121479445,0.004739134962539845,-0.013789337313597329,0.03021743030342955,-0.032116881053669354,-0.0018854262568505438,-0.0124684168427174,0.026777396957750596,-0.011050213847481172,-0.0023903811159433773,0.0069759976140484105,-0.001404363303266266,0.01087876435868149,-0.00818018634876857,0.00963378571027462
Creatinine (mg/dL)_value (md/dL),0.0535432138982541,0.03921183704469223,0.0342264716956035,-0.013440314450628658,0.06832637812660032,0.09245831796495249,0.0256412889951029,0.07190530618330035,0.039154537298430776,0.06521291482228202,0.06979472144174508,0.07290377895689175,0.08151864162096632,0.103145699902307,0.12214028803810988,-0.1605428746669652,-0.03290256286908197,0.10005486203367243,0.06358057136914351,-0.12060633053033146,0.08397787678360494,0.07737103383110534,0.03226305913468595,0.0805692723338087,0.06000122370380559,0.10872763637518054,-0.1042564887148978,-1.4490238306729781e-05,-0.06716836442072421,1.0,0.12982701657922333,0.08828753406594557,0.05458560657544206,0.0986647658743559,0.15554991417589917,0.08017334055960493,0.02402989276196213,-0.08551389312969017,0.16008772452655654,0.08457614509990778,0.11613820595159625,0.0703665319267319,0.09031400832447564,0.08425850789572958,0.0425337236164245,0.11183955467214285,0.10237241380018788,0.08185819943262865,0.05030964946692157,-0.09471230671527882,0.07343084834028239,0.06775027778088363,0.10952135781898457,0.08689918682311097,0.0629887583104797,0.09896882792841771,-0.0697434579580796,-0.04329051115493901,-0.10593480266314682,-0.09242411312122559,-0.13140931654366378,-0.13532520438937418,-0.058718517701677145,-0.06887644942061802,0.04498292875109004,0.0945917049873361,0.043659586218015696,0.08621111510911152,0.06580530401817972,0.03484014337263341,-0.0050409912715825515,0.0594034259633818,-0.01955793277604533,0.007389967603451185,0.0222473291558853,0.0032710412544035977,-0.011370273502776525,-0.011940647822567239,0.0008860941296946395,-0.006107509390224773,-0.00041545395687564126,0.010119700570422684,0.005532198724951404,-0.005228587695323861,-0.008129044424169785,0.009721115731095522,0.01355047948813538,-0.02510840803330055,0.004138345194706134,0.023051638188480467,-0.0016397381444892955,-0.01602207313574599,0.025598452855686113,-0.03351394654835605,-0.0009292974247931964,0.016944173277045473,-0.009279090475619842,0.019149503603540723,-0.0049744660450872225,0.018853363231208255,0.004901061130243598,0.02271797086151983,-0.011090934725228993,0.005426824601733868,-0.0093046178450039,-0.0024302531791698737,0.013170571651600417,-0.017938103356863078
"Globulin, Total (g/dL)_value (g/dL)",0.04590319846518096,0.09697033056742918,0.04343068783977647,-0.003838490293528581,0.0798502983968984,0.09266954409199274,0.02749845954436485,0.09634753830986774,0.06436227657767672,0.041684320499773074,0.10697581338918928,0.07861470443621958,0.13272721593377101,0.12394709372776085,0.14527439509860113,-0.17628312931786932,-0.045526746674339647,0.10591745859161651,0.10533555084139834,-0.1525980856191646,0.11982903871987348,0.11287703283788993,0.03953289550024434,0.12041988187712079,0.10538839827743111,0.11829683616492669,-0.1372701405672052,0.027039303903894796,-0.1250705385476887,0.12982701657922333,1.0,0.10382095711173639,0.07925883741705596,0.15142639149667556,0.12509040090098233,0.09644867734925665,0.006080013987225043,-0.11793363294016934,0.186778115766149,0.11131341452997633,0.12992498098320693,0.06711404575898272,0.10162318199723579,0.08093802963371355,0.07186821237205722,0.1380420374690431,0.08540713822554472,0.0983324522095952,0.10576823574022325,-0.11903732487559228,0.11592014140645443,0.07525754332153074,0.10580195296819185,0.11281988067786604,0.05044522617217842,0.097267005155126,-0.10340349012301635,-0.09586295157787576,-0.13769291684939358,-0.09325609832538231,-0.12188413927865316,-0.14760800301956006,-0.06717991878548502,-0.06690610853010874,0.0428458063614066,0.05602428272876559,0.07881162983451785,0.0826627707745496,0.0896046901227901,0.05082988229219493,-0.001031803839555948,0.08449203199054676,-0.00887864979942688,-0.0077707617526891915,0.008893024488918107,0.0484200627295326,0.003070432141051921,0.009574465391319429,0.008044201749925112,0.001942695818170319,-0.0005807195303204358,0.035359183870683236,-0.015778223995450112,0.014759761052468104,0.009732779791404914,0.013227867837903303,0.02147018168809087,-0.025394470992070026,-0.01091224750392139,0.0008092499843794952,-0.013824015532394703,-0.009095000167876788,-0.004657259915027061,0.00020419622699354722,-0.010726517406212471,0.01660015688846016,-0.016967111173245026,0.027377741195235752,0.0012195140346009173,0.014908645394766785,-0.02117235933523794,0.004134231907093864,-0.009720731603164097,0.009542773226055401,-0.003312303579627061,-0.014102441996811696,0.009898945233074202,-0.01086785362447438
Glucose (mg/dL)_value (mg/dL),0.04405012561204226,0.05767801167544331,0.028263992570026257,0.00021103244402872389,0.08018042014388248,0.07547167068847653,0.038184475997311,0.03404198903017912,0.033667783274402445,0.04554574773864646,0.04680121450487502,0.05070995749882238,0.10335320920102734,0.09459578340989748,0.08264198366196909,-0.10315645388222269,-0.01565928089833436,0.09165455729732899,0.08209251979004284,-0.10355601842379358,0.06815463006358263,0.044553893781242374,0.05845102612786681,0.08112450435186176,0.07587272966063176,0.06439538385041611,-0.10187796667336052,0.0013749043859223136,-0.08655945638012542,0.08828753406594557,0.10382095711173639,1.0,0.03514451359049214,0.06169734114817869,0.11181595396031026,0.07562296132309825,-0.025200757145691925,-0.09491806177645959,0.15655400433360558,0.07759801298164773,0.07157935745440341,0.06117714698599298,0.06888776244932562,0.051892364645740756,0.0322392656134327,0.06858962944641085,0.055212431094654554,0.060937690270555324,0.06632859633946374,-0.10364173155312227,0.08000336426967247,0.04276358307327076,0.09034401807145866,0.08519106767377105,0.018118482630949354,0.10024568602269854,-0.055528950456902974,-0.07504534446384008,-0.08329262359267325,-0.07283587628438301,-0.06761009716178232,-0.1040918723594699,-0.03623624869554191,-0.05976397280042067,0.019599776867205772,0.05358854751402172,0.04594336517197763,0.02888083791844987,0.033878591494533226,0.03923922484309167,0.012565827710223226,0.035125260496611764,-0.005667707796448571,-0.0010374396765748847,0.0073324407460138375,0.007159835575945438,-0.011082312634492813,-0.008904022446962114,-0.014280840741911804,-0.013330773676518054,0.015518469813725752,0.017567797623472416,-0.001708624223649221,-0.0006272711885478006,-0.02115865468991481,-0.008422436495840062,-0.00287770237343938,0.021856356197732792,-0.00839684393700869,0.018714859152770963,-0.004204804323674052,-0.011525231047421015,-0.0014961157883712076,-0.010667264234058971,-0.015008319114942322,0.02042926104727378,-0.004529446954760828,0.017428446066307588,-0.003941368058817601,-0.004961857086099162,0.02082013795085227,0.036272431442710744,0.015521253214087557,-0.0347065903010581,-0.030145281134475985,0.014129840378879498,0.00029820884391996316,-0.03287504378619074
HDL Cholesterol (mg/dL)_value (mg/dL),0.03902315764072227,0.04015805926836856,0.023421974871856037,-0.009608223426990059,0.01980630284132159,0.04895344151399656,0.03031362240174427,0.04378899901141505,0.025464617326468313,0.027283522814645758,0.04478386018156351,0.034542684787177855,0.058820953096821976,0.037921960977439974,0.05775282554360513,-0.11543105237630312,-0.04123954336701348,0.05501143621484373,0.04306678778890526,-0.08663121146223854,0.06669745785031446,0.045417330897748596,0.019640105207268176,0.040805763507231155,0.033173051087312735,0.059331509528828916,-0.052008781747905145,-0.0062845316059991045,-0.04842238641201668,0.05458560657544206,0.07925883741705596,0.03514451359049214,1.0,0.04854395477850434,0.08113427066856684,0.05065213611955288,-0.00677963774714297,-0.06639714529417724,0.07110659719497495,0.04692406670369816,0.061947767386696544,0.01540095640509231,0.07041257665178423,0.06283861047592462,0.014540688290797292,0.05576312164964138,0.07310993520305911,0.06797515321727439,0.021507465751048567,-0.06654349428664028,0.05352557001041807,0.017050916240221394,0.04098634215475238,0.06940006527115013,0.02907459295259559,0.054089812362729854,-0.07074053374011166,-0.06840986014137593,-0.05726871257044508,-0.042539204235541216,-0.07364962379139364,-0.05974135698981272,-0.04470384934285409,-0.029159405637502224,0.035250896641694084,0.05890930026212701,0.0320578997820131,0.05530394418894518,0.06023080392640915,0.03380197877687307,0.02411365884834874,0.06529439508971167,-0.009474113997949321,0.01708866816043688,-0.021010826398550068,0.021708785357348413,0.0018215277789603544,0.013047826541541463,-0.01769386609119788,-0.0023546495835542,-0.004610242029509538,0.025965348416192587,0.002712234842324273,-0.033593385886689836,-0.01545083817895434,-0.009681728859294376,-0.0014848046084952945,-0.001496362509538791,0.024168991110303017,0.004681933551635161,0.00036514995591716053,-0.006650098909988996,0.004614614279325412,-0.010307669418495896,-0.0015039784482288707,0.03253646123293101,-0.0031325544725328064,-0.008041649257792636,0.01945026922542259,0.034392549610977555,-0.029427363481958384,0.0019008802584339955,-0.010554164573004683,0.012342925950417234,-0.00024515239923520533,0.013897916540109967,0.03302673434729171,-0.014805616382805586
INSULIN (ng/mL)_value (ng/mL),0.0514729982348432,0.050372949912364004,0.03833068716397149,0.003970659539555565,0.07276540806136296,0.08234277173900488,0.018495730487706984,0.08292618408975806,0.014722795364605228,0.05041392544265739,0.0749364593994388,0.060624768940002245,0.09605957609856207,0.08470552655149309,0.10478956415334276,-0.12955630817366842,-0.02184363340461169,0.055687919669138976,0.0959613345244427,-0.12210898382056029,0.11004997322937471,0.08519984427462422,0.019674093335728057,0.04882523231297153,0.08956930090532714,0.08924636145371678,-0.10951591927290921,-0.008268558520815308,-0.05631859306635016,0.0986647658743559,0.15142639149667556,0.06169734114817869,0.04854395477850434,1.0,0.1107182466227098,0.0316445854014659,0.000897966109073769,-0.09329947497622436,0.1317761723474967,0.07913325147158118,0.1204683280449207,0.06330152407255805,0.09626726432500908,0.05465011440413775,0.03214313401517391,0.10446946884027782,0.10668760667361214,0.07197029166467402,0.06834084246778167,-0.07568885889366868,0.0738596659496998,0.0644801831389765,0.1024048199852459,0.04687801477314835,0.05659058505986375,0.08436326848294323,-0.08833743691075507,-0.0822409116861196,-0.11037132967502358,-0.08344698413588685,-0.102404571962647,-0.11213143778122256,-0.07328230464841869,-0.09729401791403289,0.00880067341368819,0.05836219721508479,0.08252228541393145,0.07270352991791529,0.08189389005937664,0.06123809981726683,-0.019182345456106847,0.07237928346713031,-0.004880986319801099,0.014311761899294485,0.022108735257248394,-0.004045589358861591,0.011157318037985664,-0.011843280904693089,-0.011970632859964478,0.0027282150239103303,0.04699795754504893,0.022527233716006623,-0.015400834550313127,-0.009386941331040335,0.014136639686697877,0.014196135810236677,-0.004320507005051396,0.008977483165693419,-0.00025992481711354146,0.02301873103837981,0.01971043129874378,-0.006768299254452789,0.008626960306406022,-0.012124046450457096,-0.014049682680679543,0.006753966407223554,-0.005407438003617251,-0.02047772798562152,0.0004563651429899357,-0.004416801804318814,-0.00041815679797386525,0.0068172351773620726,0.008689192366827745,0.014221213681610069,-0.020734878306098457,-0.010209152931352973,-0.0022215487606958967,-0.025933157327078054
LDL Cholesterol Calculation (mg/dL)_value (mg/dL),0.07560387655907154,0.0964551767426697,0.040074855986557884,-0.021804450750291113,0.07144768035472329,0.08893067741586376,0.01989674836764657,0.07910040470836718,0.06447179778819265,0.08076244641273722,0.07388366041863424,0.09975207640170494,0.11880521277279253,0.09144331809091562,0.11371265247417095,-0.1916482005808269,-0.033726741064113996,0.1108542325672055,0.09783870440052822,-0.14377526313185315,0.09425033473501628,0.0999878388724248,0.03625639954269706,0.08917699081374328,0.09415338532413332,0.10472454189585152,-0.11398270909082533,-0.013083088719320384,-0.11484877816179885,0.15554991417589917,0.12509040090098233,0.11181595396031026,0.08113427066856684,0.1107182466227098,1.0,0.07817592832860656,0.01782790417438248,-0.10712003627144669,0.19970944393927764,0.08601039366638652,0.1383240061258816,0.09103678778549976,0.10662723298545776,0.08758730787189262,0.048239798697824646,0.14654184446739552,0.12197450796309174,0.11245431075464414,0.10425196349734006,-0.10424909445647536,0.0979424931193873,0.05185839186153915,0.09826866990398765,0.10537011949967208,0.04884082536142948,0.10506465817480408,-0.08455121635384329,-0.09535996480457172,-0.10571883108694968,-0.11011877397668002,-0.11287472397172621,-0.14413699715656775,-0.04278106134325869,-0.08423523171339352,0.046198030093706086,0.0813976350060611,0.09945880513461408,0.10609949969599915,0.07052338938801525,0.057712579336812155,0.01708527558257454,0.06342946518087729,0.017171457523488094,0.010835764449042405,0.00521055930754775,0.023853778503660595,-0.016797018190796934,-0.015754075386419836,-0.008386876836149398,0.0107694550349026,-0.006733743747760136,0.012727064541960407,-0.011141127276471673,0.0007491599776187853,0.0014519003558712863,0.006855089718799435,0.0014313941417424948,-0.011496798680044057,-0.02247926751855213,0.0051890969014784065,0.0003100745670130012,-0.01163042737306683,0.00016154651899925388,-0.02942781475347304,0.004446722389713348,-0.021375864523098195,-0.013777756390990726,0.0158185826363055,-0.005617728063348932,0.013645973941853403,-0.00897561799289166,-0.021969813465412658,0.0049603313530036264,0.014603830591181241,0.007299579361785182,-0.013101178539774248,0.029460130704868307,-0.043800577281224704
Potassium (mEq/L)_value (mEq/L),0.0031948624250647383,0.043880598831344285,0.03599208086159309,0.026808222893827355,0.04931720108347088,0.08498149150493907,0.035383890487071586,0.042643064947520924,0.04180093356669087,0.044894042590717644,0.061858526717599935,0.07070899735678328,0.09373413226795185,0.07447416418798188,0.06305222330292878,-0.11394741353718568,-0.05000150725753833,0.05154253260354225,0.05679658786267667,-0.11052642386349826,0.06291395877146397,0.051627379635482674,0.03767258190651597,0.02895702216739851,0.06670826529903369,0.06687916046246466,-0.06953224076272772,-0.012800844698008792,-0.11028172315529793,0.08017334055960493,0.09644867734925665,0.07562296132309825,0.05065213611955288,0.0316445854014659,0.07817592832860656,1.0,-0.016725125270516762,-0.10033943882757287,0.11707461280612613,0.0417613514242267,0.07747146198835934,0.02376625839490188,0.04882381332262777,0.06227374578312005,0.043200119969171835,0.05829603441231142,0.09172808402905162,0.06981022405044958,0.055712669297440495,-0.08117472528297495,0.046069762380370756,0.03103322102608772,0.06517729029396688,0.06773032503092473,0.032024691540860725,0.08945841501483606,-0.05081924718864713,-0.0544975668682551,-0.09143899461183946,-0.051451013953739286,-0.10390848630957299,-0.09644989502566093,-0.041300811632760615,-0.044853999428727545,0.05036257790509026,0.054540541049632144,0.058230663106258865,0.08775272240495954,0.05061888532598893,0.045707188968751825,-0.009089929086688842,0.04406305378873658,-0.023046517760345057,-0.013205027998863467,0.0078321075909594,0.03248681195714642,0.012513201682488193,-0.01757776117435151,0.0004928536729660138,-0.009607222675062076,-0.01117469510778681,0.017471249034377547,-0.015677799127903486,-0.00978711424220582,0.01827516678025857,-0.004242685497309647,-0.0019245047966958925,0.0033198562655778322,0.00951325935286805,0.006795063834901396,0.022644099940640303,-0.0038875842688702333,0.004557283314444994,0.0017695132802199045,-0.0055673138626871,0.041455687633134494,-0.0019469318944645448,0.023316279220947065,-0.011834078179548926,-0.02070324384314275,-0.008917791635614245,0.035215726233688176,0.007487361959044775,0.018444975902320235,0.0020176310701497703,0.02024238898473608,-0.010847985762467137,-0.010943667514677794
"Protein, Total (g/dL)_value (g/dL)",-0.02072388471932442,0.006203456173200407,-0.01025735374732166,-0.02675657788733875,0.0027750259996465903,-0.0011215643352628453,0.027103866525441375,-0.01756061753737878,-0.013556366979131925,0.022994609264406225,-0.0014275451650237736,-0.014614508322068865,-0.01711452159762676,0.00890261058165279,0.02410587725599965,-0.009959803568206225,-0.023078088229211507,0.013763386296774217,-0.008528389453732419,0.030385578094486488,-0.023915340516862282,-0.0006073050935863507,-0.030854474822962108,-0.008267416171104137,-0.021872852648494284,-0.013031067167657256,0.009247615130232222,0.00837106244597216,0.010441432977575864,0.02402989276196213,0.006080013987225043,-0.025200757145691925,-0.00677963774714297,0.000897966109073769,0.01782790417438248,-0.016725125270516762,1.0,0.0179076807801932,0.016546967303206796,-0.030073340785116767,-0.006951241421375035,-0.006817128287273295,-0.005736331823842046,-0.008633361308747933,0.021309025736974196,-0.0009433925235539614,-0.010842595947463647,-0.009510394319711802,0.015826228537528877,0.017888954407078564,0.0021860197660909164,-0.008683675672531012,-0.004040988300125329,0.004316812865501772,0.021700041894249823,0.01298469339885228,-0.013900012050640231,0.006011049887772534,0.0061393141898659735,-0.0013627262095960997,0.009498361336866056,0.012202613535124527,0.012349130069367808,-0.02040525968454652,0.036466682728275024,-0.003104660309093433,0.0031308281270849576,-0.00896680798889862,-0.04132330589273514,-0.015204809816248539,0.006224389365096865,-0.015053249025281233,-0.009786363059170172,-0.010551330415794738,0.03561582099299372,0.007334381410383146,-0.003173207021182014,0.02230469650082298,-0.015860006798164836,-0.014888648411559817,0.017612547588857677,-0.00440371610256707,-0.006252977314798404,0.011715471242849735,0.004797387497822598,0.019343996959203483,0.0008263647172555285,0.014154716105354508,0.005021986870222422,-0.002449396618442943,-0.016315309093600266,-0.0047993544547079115,0.017307181064888065,0.00990051765264905,-0.01593838813800019,0.023765761371537464,-0.002370222230178602,-0.006342721265339203,-0.013938152179853782,0.02042645982991282,0.0033711539082491235,-0.009926845082563156,0.016165635244009206,-0.00426592976932728,0.001983998896613512,-0.003944751741215763,0.041186809118301644,-0.012829064708118464
Sodium (mEq/L)_value (mEq/L),-0.008620498242463972,-0.06383243643365065,-0.022097148996572936,-0.0244793751804734,-0.04537471253781102,-0.062111552680648614,-0.02312431854256632,-0.080217616147454,-0.048646730907989336,-0.036706403319518306,-0.05768043720205892,-0.06585934723814374,-0.06899449609599087,-0.11525684155894614,-0.10766653326812972,0.14154911527678515,0.0388954859741119,-0.08475312004044375,-0.10063995530950635,0.1339065728404136,-0.07421567917793453,-0.06610943167323799,-0.03422161225947191,-0.06620531532669527,-0.09292552592084838,-0.09325539195862748,0.12328478080558643,0.02320102985946736,0.11056613682432423,-0.08551389312969017,-0.11793363294016934,-0.09491806177645959,-0.06639714529417724,-0.09329947497622436,-0.10712003627144669,-0.10033943882757287,0.0179076807801932,1.0,-0.14690506913640738,-0.04934276758044293,-0.07474141396822079,-0.05501882034233293,-0.08117389190406503,-0.035163105339598474,-0.02790679417436328,-0.10982702917989262,-0.07214300557490662,-0.06102015112511702,-0.06591819004890544,0.06578316658187398,-0.09630473763237209,-0.051183929627489834,-0.06161843004099518,-0.07901267240770214,-0.03636169251264403,-0.07217917219257505,0.07082115033403,0.048616915796768335,0.10145218938253042,0.07444547464672678,0.10619780043621725,0.09858928277305656,0.054668972079034046,0.09137896647981547,0.0018955087212652114,-0.057854355751775964,-0.0921194377971471,-0.06466276379568199,-0.042741110223276695,-0.046136210912738555,0.020274097904858186,-0.06960322758894252,-0.018191125663459717,0.025132601174205172,-0.0486455557756223,-0.040448021529178174,0.015552129239189843,-0.007605548022185968,0.006418463432336535,0.0143709574152495,0.004143429024050953,-0.004003183041364268,0.01619322753272005,-0.010385383691043179,-0.014781517834303001,-0.0046753345341914955,0.014342182633635526,0.005340967138579148,0.010579388155409358,0.023466918968021982,-0.031012928625446478,-0.005969205647191451,-0.020461099698144455,-0.00443611645467472,0.020520995092279455,0.0061772857591450145,0.009289498707889204,-0.0066844518173194,-0.04028886582621076,-0.007321681466726345,-0.00873081368649995,-0.014710735416213643,-0.01874036724299815,-0.028294496148013392,0.01809614816564809,0.004850299763680111,-0.0063446381947606925,0.004989974681044323
Total Cholesterol (mg/dL)_value (mg/dL),0.09558299475326293,0.11477181155052954,0.05284053928369645,-0.000594255694155812,0.13542406006650515,0.12641366495575584,0.0220721873150861,0.10541546388575423,0.06371367380702248,0.06331283105756057,0.10531741411891185,0.11596553390026472,0.16426396915461336,0.12616475628491172,0.17228847245051127,-0.23438385042915955,-0.03831926956841456,0.1709500169331795,0.13690860391084503,-0.20879220694677555,0.11887134199082304,0.13040489183732604,0.05942173027549319,0.08749990675674203,0.15880770750136286,0.13878670919914957,-0.16128939160226466,-0.008038598607167857,-0.15921164357317863,0.16008772452655654,0.186778115766149,0.15655400433360558,0.07110659719497495,0.1317761723474967,0.19970944393927764,0.11707461280612613,0.016546967303206796,-0.14690506913640738,1.0,0.12337750613579868,0.1847771890834777,0.1049882581947771,0.14289958080757098,0.10754861294022514,0.06868857614457405,0.15114541066131865,0.13466710052412964,0.12922644336090575,0.1304409054517127,-0.1433877014175654,0.11907463537146538,0.09745866025574719,0.16833922386695185,0.13529865712211228,0.073119603900892,0.12116116179115226,-0.1320049231064621,-0.14111403098133715,-0.15578674630815456,-0.12681451243478994,-0.17520922192473945,-0.18376184530504577,-0.08731516017247386,-0.08824031173649095,0.06770769863036781,0.08460110808949677,0.09355558700894828,0.13862728452956408,0.11107226605294696,0.06781587475154294,-0.007755014956128467,0.08897120698633289,0.00389525687285443,-0.018809840062436856,0.02761251109067266,0.023306581420772132,0.003340681041233871,0.005611634347761411,0.002357022589487608,-0.005694024803551813,-0.01694149491414363,0.008475147413491204,0.002377996403583325,0.00824528063155216,-0.003445933622562176,-0.018145576975166968,-0.005742176199348811,-0.038278272096143186,-0.009757492540005687,0.0038427044501811052,-0.014477721312362678,-0.02444793431567903,-0.01653510930469912,-0.01602068440063583,0.02462698731852636,0.026911312786584568,-0.0030500133084490366,0.02030107885611784,0.01417701880829701,-0.013359579660739297,-0.024181919865777633,-0.027170981489757193,-0.012111474330056098,-0.00356405732844888,-0.018568174420245193,-0.019884890119053693,0.010570444328461983,-0.031227732826737183
Triglycerides (mg/dL)_value (mg/dL),0.04141133268401993,0.06561505611361958,0.061446476650474764,-0.0015593315719171703,0.06777842412809922,0.0823434262467697,0.037494090346226076,0.09523424068586579,0.04040208743584296,0.07421556866247014,0.05600398022931529,0.060442097523935985,0.09753922823403834,0.09231145048177196,0.0806347777170077,-0.12899299870125835,-0.02247800546032736,0.059800528591370625,0.08673529937079383,-0.11532780194130729,0.07274488322268323,0.08447994336985476,0.03946913194194412,0.07302846026709042,0.0547092398206217,0.08229735168640015,-0.07703269722840975,0.012440858428073603,-0.0683110631674012,0.08457614509990778,0.11131341452997633,0.07759801298164773,0.04692406670369816,0.07913325147158118,0.08601039366638652,0.0417613514242267,-0.030073340785116767,-0.04934276758044293,0.12337750613579868,1.0,0.10947129872592755,0.05095717669308568,0.06574995467971449,0.07712458778217723,0.06216017576114618,0.09759812552313646,0.05709600355752592,0.08651134138326358,0.09248091937599685,-0.10542959057050262,0.052836897971038264,0.05318912045129197,0.048382859251375414,0.0662395204271771,0.009718341277181495,0.08065038208315678,-0.06106308924007563,-0.10930759606263968,-0.11401129205291345,-0.07003647079743566,-0.11173016248147428,-0.10100834400478574,-0.06388824687866994,-0.06759868932354168,0.01932697256544289,0.04386967728518534,0.05919352718589861,0.09913374818243333,0.06638118713529198,0.04405130621579032,-0.00874420242383832,0.06208443736541183,0.011907978999656147,0.009162984794067715,0.029208335540436378,0.02111465585608276,-0.011970907630791172,0.01661145988617463,0.005790317102587854,-0.0025434745235624508,-0.012132456639806026,0.028931288364008004,-0.0011467592575272543,0.0035665811840097867,0.002795526721764452,-0.01120028612677826,-0.009713075200698435,-0.01598156498684762,-0.008608409276848642,-0.0015106744463312639,-0.008755109450826228,0.022394723328883086,0.0026358554036988715,0.005229007189475929,-0.010260427844032211,0.0025793486053627755,0.0021525152640114987,0.028085210667614366,0.0030052944478436024,-0.007306381320887163,0.009006904634815682,0.021057331442247845,-0.00626204852298084,0.032731447844483105,-0.0014153557471448701,0.01392909814872722,0.005548994225564613,-0.010388365845317679
Urine Albumin (mg/dL)_value (mg/DL),0.06790262798538217,0.06410219351111701,0.03528893867472723,-0.00992273012855536,0.06568121890766601,0.09116318946285054,0.02186745525878796,0.08172839536907121,0.05475843397412453,0.040407447827400036,0.09389297533902588,0.08526443083670082,0.16076481783840404,0.12356576781882074,0.09266564101143945,-0.17045150884922858,-0.027263219692423908,0.10588214918121024,0.09844973051340167,-0.12608319699743142,0.07995058315731166,0.1137054826066584,0.06884936776049227,0.07696713202171233,0.08017353501934757,0.14128820045079454,-0.1182726420771719,-0.006239844707809462,-0.07641885886485238,0.11613820595159625,0.12992498098320693,0.07157935745440341,0.061947767386696544,0.1204683280449207,0.1383240061258816,0.07747146198835934,-0.006951241421375035,-0.07474141396822079,0.1847771890834777,0.10947129872592755,1.0,0.07718037148452583,0.1017605241668244,0.08508749999416278,0.052178093225861186,0.1388907048869847,0.11466329332786271,0.09741777651825897,0.06043356331501205,-0.121183873688174,0.07830551240478664,0.06029300033422403,0.09936958534469975,0.09968727953251447,0.05780336652668705,0.11210507756006852,-0.08784771570322888,-0.09721443221706239,-0.10141180357608634,-0.08367244856344581,-0.16190890447727463,-0.13282292940293222,-0.03220122655333888,-0.09242144677278233,0.039755086262690316,0.08821819045738494,0.07647835769911267,0.0840075352319374,0.07983448472331103,0.054957508195754665,-0.04068168540493694,0.053439019889880715,0.0037611340148315697,0.0034112223066875753,-0.00786512238290649,-0.00030717175665373453,0.0025994244567621363,-0.017712739454775108,-0.005650521960954351,0.006977753486099738,-0.00039796950051058005,-0.000598261577693594,-0.00984328625590403,-0.0037306140728419457,-0.005768795419232668,-0.005217185724110287,0.004139060997407727,-0.0499721387167529,-0.01088657905283757,0.004653627773337685,-0.018035597411168742,-0.009218493861886732,0.0013272429183754284,-0.025654738054493767,0.003337556672345881,0.02118509381694549,-0.0016132020387695577,-0.0029961383446049728,0.018947512634885328,-0.002740431311383491,0.013299483968602843,-8.546848286742998e-05,-0.005966800640620021,0.0007482185721753161,-0.02775701317478368,0.009247175157883354,0.008437724529454509,0.007164723763234231
Urine Creatinine (mg/dL)_value (mg/DL),0.046938068054231265,0.05713819965075812,0.04044601430510894,0.0018610185122713099,0.04862337510391878,0.04643815054061258,0.023615251714046513,0.07370855119384599,0.04955816695564039,0.04980119706276481,0.05139193998493503,0.026309919699732467,0.07208631946895898,0.0849880006874691,0.045863308435224244,-0.10801592850848975,-0.04006338841233388,0.04259765099950719,0.054480096346457986,-0.08519342593065111,0.08441910601310655,0.06544046792553417,-0.0016980603191076686,0.04943633074731823,0.06761602458111478,0.053152403976342785,-0.06260054604161405,-0.01476883240514516,-0.06684987825671307,0.0703665319267319,0.06711404575898272,0.06117714698599298,0.01540095640509231,0.06330152407255805,0.09103678778549976,0.02376625839490188,-0.006817128287273295,-0.05501882034233293,0.1049882581947771,0.05095717669308568,0.07718037148452583,1.0,0.04176144117498757,0.03586559445809219,0.025622446519722314,0.09255468437785193,0.07282746428734858,0.05923705608782646,0.014215576859999983,-0.04179596464757872,0.051656330287089505,0.03798689164057972,0.0667708021155465,0.03277876262212308,0.03759832476795236,0.06170645530383408,-0.05765411851550425,-0.05751488475813789,-0.09096209384221544,-0.07706148864878974,-0.08784775378932845,-0.06344991625973334,-0.023545668173668554,-0.04318414729961459,-0.01288730787175296,0.029856989606488936,0.04355011244405809,0.047136651372538474,0.05842039165420048,0.03693891558048199,0.01294912663543506,0.05400327252398255,0.006590860854286109,-0.0034482464963428677,0.00512760830425328,0.018240795655703773,-0.007982017953659508,0.0018199542400818606,0.01555053082168544,-0.0011562621545768838,-0.0015370080462041675,0.024188993062864744,-0.002684891271220639,-0.01205185640462881,0.006640801044223144,-0.01076459913411565,0.00411317143166904,-0.01399970515146974,-0.016280656209350368,-0.009396969677812863,-0.009588982891359779,0.00824893460345475,0.03720842103088691,-0.0011566647025675674,-0.0012354963877072686,-0.01012874494996003,0.013658289728996053,-0.008614922501535982,0.022411550137856777,-0.018785406331758736,-0.019208634916753987,0.011496041287205865,-0.006900440476154618,-0.01788547828931171,-0.01002491905185499,-0.02141208272559334,-0.019795064875757853,0.010359726395679563
clock_visuospatial_executive_time_value,0.06718647268753562,0.08178339939764688,0.03751247064921132,0.0127570529929563,0.060665367077896944,0.051080075097108865,0.03102762114634058,0.05123021227864133,0.04664104083445072,0.018764614501161687,0.07766436210485216,0.04912675425312822,0.08434857179516557,0.06830310817449199,0.06385966091895075,-0.12419568005020884,-0.041442154640772264,0.08945725779975279,0.05950217007450343,-0.11863037928467592,0.05881498010631816,0.06575457002518836,-0.0008646801368511262,0.06174331316023025,0.06894138889206142,0.1065240585281612,-0.07956502512529375,-0.024519832745049888,-0.05801103691177329,0.09031400832447564,0.10162318199723579,0.06888776244932562,0.07041257665178423,0.09626726432500908,0.10662723298545776,0.04882381332262777,-0.005736331823842046,-0.08117389190406503,0.14289958080757098,0.06574995467971449,0.1017605241668244,0.04176144117498757,1.0,0.06636267973518975,0.02443147544221574,0.09046522531186704,0.05877538976666998,0.08008760003969834,0.07570535058804528,-0.0858903279422489,0.06754795363205748,0.08415013238010688,0.0761154401718445,0.05462080712980027,0.03253998426608126,0.056538011777818524,-0.07989617477751162,-0.08732014188925273,-0.04884808495474212,-0.0637979444755286,-0.09336931078969386,-0.07009547722510891,-0.03851700960787221,-0.05027379857863218,0.023936971081671466,0.06250580306557704,0.036586688149567906,0.06686060088617733,0.06021465787594528,0.04915780589879361,-0.012754998327823919,0.06738394672069568,-0.0009483767937386729,-0.011280262615388406,-0.019262460538590095,-0.009003312472034805,0.014655267729935284,0.005140075987354583,0.008838782701953467,0.013528383074315668,0.003954579454023893,0.0123610110485094,-0.010237365192041057,0.011384032278362887,-0.021720221638627586,-0.027000116114851397,-0.010294143115209781,-0.020757104521541857,-0.009558017826916882,-0.004379054152726015,-0.00425487812549596,0.0130186211637544,0.005705384499618727,-0.014052129748953321,0.012066755334103106,0.00131925297013558,-0.008739902390890127,0.021934959660851457,0.00487867967606407,0.006075079564320978,-0.008409462605172757,0.01202110149057599,-0.0022489277482056593,0.012928463278824078,0.013146868961005143,-0.02166325098414154,0.017042190128316016,-0.011594002899146066
delayed_recall_with_no_clue_time_value,0.055762401239583356,0.05625774595183169,0.03490600810889625,-0.025614365382651154,0.06014460430358973,0.040754637594225915,0.016079164101222128,0.0648907185569031,0.0327991493494645,0.03376236656632808,0.06524140598351502,0.0760000858618434,0.10169323046012513,0.07041409902844917,0.08732484316483866,-0.12462660261529249,-0.006291676665136716,0.065284385075797,0.05140009653863285,-0.08361368662411961,0.09000294687301509,0.08095124103907957,0.055126642486404864,0.035129162726818645,0.07302840745939743,0.06975856204748389,-0.06475180990884657,-0.020027062901695942,-0.09201139004897649,0.08425850789572958,0.08093802963371355,0.051892364645740756,0.06283861047592462,0.05465011440413775,0.08758730787189262,0.06227374578312005,-0.008633361308747933,-0.035163105339598474,0.10754861294022514,0.07712458778217723,0.08508749999416278,0.03586559445809219,0.06636267973518975,1.0,0.03794484994543206,0.05893523732830365,0.08135721613561342,0.0514927276985538,0.04790437787978646,-0.07597460308256296,0.027769223848170183,0.054762256725707587,0.05460789454999042,0.07260528791065886,0.014207643031625288,0.09011428327140603,-0.044466238911680334,-0.05821949438026619,-0.07142730589262719,-0.018830352736887452,-0.07946953012233864,-0.11590746192047047,-0.021572963276961635,-0.057410113616118176,0.025348460788950533,0.051291070276666406,0.05728713943994856,0.0789536927067564,0.07040288167849613,0.043758936341740426,0.014831804934058213,0.056510864006484814,-0.009273963796177705,-0.0049995209546895665,0.01564992971390934,-0.008892984315531078,-0.00015202438968433025,-0.028717498771125064,-0.017841480980309143,-6.084791052269609e-05,0.014899434416168224,0.01762527340896785,-0.01699830285941106,-0.016687267895239034,-0.007703692698856497,-0.016930744424006192,-0.007466926024696597,-0.022917334878160656,-0.010606154958879272,0.0214447300843381,0.022583465997440308,0.0009694121890819299,-0.018567592410619706,-0.015302936939488329,-0.01400062265317716,0.025943270923907035,-0.018215402125541704,0.0015451659711674592,-0.017781791733786318,-0.008176092996204415,0.005602377535602411,0.01273038671460819,-0.019526788336234942,-0.004109420586025632,-0.006472242965622207,-0.00910057106125177,-0.002457768590396363,-0.00585710721466564
digitspan_time_value,0.015383150240893984,0.03048320852276279,0.020197615975827414,-0.014305152583611803,0.046266126064905946,0.02320752331535368,0.04107391799412588,0.04258436094167582,-0.005642170712420597,0.02053434500211968,0.05915910457851815,0.038991195079532,0.07027353040928311,0.059085486695137523,0.043603177675115005,-0.06208123917500321,-0.01750433640563527,0.036004036099874966,0.04698292564149601,-0.0810013498365808,0.024527763699420845,0.020292199453133472,0.005069911231200127,0.051442284375148105,0.019456783010156457,0.042688614348236426,-0.04204091270541226,0.019689716065578806,-0.039532934381762884,0.0425337236164245,0.07186821237205722,0.0322392656134327,0.014540688290797292,0.03214313401517391,0.048239798697824646,0.043200119969171835,0.021309025736974196,-0.02790679417436328,0.06868857614457405,0.06216017576114618,0.052178093225861186,0.025622446519722314,0.02443147544221574,0.03794484994543206,1.0,0.04401330254418509,0.06743517881709257,0.05422886029445432,0.044503249799594406,-0.06367944377989952,0.002651476796525141,0.01573074672271218,0.04499691630294252,0.03949819517040426,0.0308336230096117,0.05603547055626041,-0.03485231147713442,-0.046467358139164625,-0.03217860826848446,-0.019305373897490333,-0.05645289373192101,-0.04206772949061765,0.009025003566233841,-0.048668005985356214,0.023739428000740522,0.016092813356692565,0.03616055935003396,0.06528801902916147,0.0347346143668288,0.02328087878741182,0.001657236822728036,0.030083327783991236,-0.003113027262284699,0.02071166232311392,0.0057330653931156154,0.0013364217335632498,0.0069337735474004685,0.023439332411526178,0.016563347473376594,-0.0030757143166018396,-0.02254477400917909,0.017245559716490826,-0.0013981610731750697,0.005453063553685169,-0.009623205760227727,-0.004020900254357039,-0.010471009509533497,0.0001345834008549634,-0.010795554886086285,-0.001733086657747584,-0.02428940569621369,-0.01218102807415914,0.0002028603867801731,0.020072194348109338,0.01017088855314555,0.03128759613895794,-0.009671735468514317,0.019873612509954758,0.031579390653353204,-0.01159252429964802,-0.013369501337470129,0.006143040793529791,-0.015981285794408506,-0.0077894218232219285,0.0020507979093836613,0.014424539992802285,0.012291036410559324,-2.7173228821040375e-05
memory_trial1_time_value,0.043058823302600295,0.07669585163979976,0.03548181184737575,-0.021114139633167977,0.08675522295447098,0.09611283088763922,0.03571753041213141,0.08240296980958901,0.04116489477065614,0.027737768979556897,0.06343517436826275,0.07564870808329514,0.11019682138355631,0.08126459520352931,0.1065655183845428,-0.14988063262392315,-0.01942588861019561,0.09218541955256979,0.10636345429586214,-0.1272009283565105,0.0759343339076529,0.08168590386863897,0.040465216531955915,0.05436721340169082,0.07872450956412042,0.1023800123718,-0.07155596331462412,-0.003774875844470306,-0.07642404364702164,0.11183955467214285,0.1380420374690431,0.06858962944641085,0.05576312164964138,0.10446946884027782,0.14654184446739552,0.05829603441231142,-0.0009433925235539614,-0.10982702917989262,0.15114541066131865,0.09759812552313646,0.1388907048869847,0.09255468437785193,0.09046522531186704,0.05893523732830365,0.04401330254418509,1.0,0.09961656438146617,0.08082316055632066,0.08323763995782983,-0.061773548480974265,0.0616306753902055,0.05918636618280571,0.09538009408686138,0.10016965592550946,0.07739704510097062,0.07506027686651767,-0.07186882552797311,-0.09683643351508554,-0.1119228712057691,-0.08694772384265599,-0.10467955111302045,-0.12834842715018388,-0.04095802419784183,-0.09029236916782074,0.05763094791005635,0.09555006547719097,0.10197436326855028,0.08180672142686084,0.06418990790160188,0.06800540855070068,-0.006455963914485953,0.08029784885920041,0.014871194608953182,-0.026406048772788723,0.014610651416773682,0.009174676073525677,-0.0159014622500736,0.013306541892779895,0.011282614222631281,-0.009302957172939955,-0.0011421706143377299,-9.629067016884943e-05,0.0016826779283932868,0.017729116952200884,-0.0014327621383921534,-0.0025773689398893,0.007883349981920721,0.009394090620869041,-0.01072266206440629,0.014196386901057395,0.00024991322947350627,-0.004677118115367224,-0.00507439539764151,-0.010300149636768787,0.002824878210775963,0.02298792649458589,0.014147695047828913,-0.010330362208331428,0.010124908824211335,-0.009183197410370651,-0.01766047648756848,-0.01417937252875399,0.01719676581095646,-0.012582974000856156,-0.021834705657591245,-0.030906251563011206,0.0023600473539784565,-0.026341257179104956
memory_trial2_time_value,0.021968721287556746,0.052793543834256405,0.03328067083901293,-0.0008930933087210952,0.06778318294557947,0.06390972605090744,0.005843782326828812,0.08541681431022258,0.04958808951055288,0.03370048386342789,0.051583169644752805,0.04309413122929756,0.07937559823831301,0.07815445364821993,0.07922649607606042,-0.15175103898586523,-0.04634127473690193,0.07622645719841868,0.060923407503948965,-0.11330060169803394,0.10520747908705652,0.044721837454121935,0.07274547308810793,0.05783585660680863,0.0645183031650597,0.08768273094881826,-0.08839565824294467,0.017772757679126845,-0.09582731765897597,0.10237241380018788,0.08540713822554472,0.055212431094654554,0.07310993520305911,0.10668760667361214,0.12197450796309174,0.09172808402905162,-0.010842595947463647,-0.07214300557490662,0.13466710052412964,0.05709600355752592,0.11466329332786271,0.07282746428734858,0.05877538976666998,0.08135721613561342,0.06743517881709257,0.09961656438146617,1.0,0.07357039091370798,0.05622241606290317,-0.1057434577311307,0.07100073633752549,0.05700061107378775,0.05432400435685284,0.07272653538606093,0.02456875599250177,0.07483771997717392,-0.04876099395906417,-0.08308300375852304,-0.08765329206737191,-0.08328721721532041,-0.09845303218719609,-0.10414678133802793,-0.04949258046835273,-0.07104738862187385,0.02522418637388214,0.08580287584446697,0.045028636597884364,0.08209341907996377,0.09693777560793053,0.07436481379319973,-0.013079674586435289,0.06741644617448148,0.012981160944147935,0.019505620516390054,0.008926913299890463,0.010140220745495929,0.002022521637107293,-0.013139055745895313,-0.011276920174304001,-0.012892957814500363,-0.006859422664473644,0.020866805107259124,0.006123564137170093,-0.02201001952328246,0.010969924332516241,0.004708086042100389,-0.0020663877839960194,-0.039163347044815465,0.009994736731494768,0.010849763578543139,-0.013607735805370043,-0.005115439773852546,0.00930870954491845,-0.017248406668623782,0.018357509700890392,0.0008624837383994487,-0.022068750575628408,-0.0015427573827848076,0.009562579094517172,-0.012264223479791248,-0.03224880763015106,0.023356982255164648,-0.011818956696230657,-0.0070771881975108895,-0.02118087575634424,-0.006121996298266392,0.02107104521979528,-0.020339535959275137
moca_abstraction_time_value,0.037135935706065396,0.04769319954976144,0.03640373862646012,-0.00408669583783757,0.07022706874983803,0.06514735348438853,0.011136865004034375,0.08891059841065709,0.05591452487597938,0.026534559319986755,0.0699434704209193,0.06736486310579584,0.09742386859581907,0.05861226295419115,0.06953723402435175,-0.12557564127208967,-0.010360361273982288,0.06708254619916908,0.11354189994916306,-0.07956657871722826,0.061056720068119824,0.05936899284356177,0.027654919498267688,0.06242547326401373,0.08390196776793453,0.078601870939698,-0.10864645801267703,0.006073348651677513,-0.07350761366101781,0.08185819943262865,0.0983324522095952,0.060937690270555324,0.06797515321727439,0.07197029166467402,0.11245431075464414,0.06981022405044958,-0.009510394319711802,-0.06102015112511702,0.12922644336090575,0.08651134138326358,0.09741777651825897,0.05923705608782646,0.08008760003969834,0.0514927276985538,0.05422886029445432,0.08082316055632066,0.07357039091370798,1.0,0.0822663637948862,-0.08656484986017693,0.05975482473697073,0.05894573883773153,0.059512690429918844,0.07845177019636725,0.05180292262976532,0.07962548822609716,-0.07689264705987259,-0.05493569804675893,-0.10075107252604584,-0.06720804380673286,-0.10344172922328772,-0.10511942313239876,-0.039488774293599906,-0.06272192985499897,0.0329475675874882,0.059800883765399056,0.06358336905470133,0.07914149409128199,0.062521675994795,0.05826620282040274,0.004787682079983481,0.06223434369605419,0.01439700740111525,-0.01259681548989021,0.012622680609996257,0.006620968627220389,0.000827220404550087,0.004438806479190156,0.004222984432533282,-0.0037201278391542168,0.029678445708729493,0.0104095385324074,-0.0007988660597769292,0.0039573744357036455,-0.006950041070682009,-0.010894302385660802,0.013553728915897647,0.0025395307883209527,0.00081421363545705,0.01300520561939175,-0.005219250165236915,-0.010469908611773916,-0.004774824445761755,-0.04587111407590442,0.021146168167244447,0.01948327888356701,-0.004574110017262417,0.014621785524078956,-0.008167274602977613,-0.004783294172806902,-0.02601469372680337,0.022682597121212143,0.012289040975549165,-0.01690124224993373,0.0009845786833239656,-0.008248986600603306,0.009002464137527061,-0.01381373927948076
moca_orientation_time_value,0.015325476769747813,0.037427657052596666,0.06255893917401642,-0.009262850914939492,0.04771446910897972,0.06599980343475231,0.006276634448319025,0.07006305118544348,0.0509735488363383,0.011600453944418507,0.04952402095897162,0.03050568273071525,0.0755094691551679,0.0698087878488093,0.07909413947379389,-0.1004168404943397,-0.03397577082186635,0.08145287240492531,0.048638037608610414,-0.09278557066327733,0.041515430855738535,0.06633479585550617,0.01485852524760666,0.0622348869514827,0.07338854029713907,0.07681690366979162,-0.0707430887803792,0.004578613168840542,-0.03990656625585719,0.05030964946692157,0.10576823574022325,0.06632859633946374,0.021507465751048567,0.06834084246778167,0.10425196349734006,0.055712669297440495,0.015826228537528877,-0.06591819004890544,0.1304409054517127,0.09248091937599685,0.06043356331501205,0.014215576859999983,0.07570535058804528,0.04790437787978646,0.044503249799594406,0.08323763995782983,0.05622241606290317,0.0822663637948862,1.0,-0.07415790198549058,0.06652257260837097,0.05611408314115171,0.039235880776199876,0.040589621015007175,0.028511853072342278,0.05814011858964112,-0.050813867163370455,-0.0815063950197161,-0.06822059907728975,-0.059168781381189195,-0.090557465906032,-0.10178469628550303,-0.04801020318980497,-0.07070092031820568,0.0185005968834368,0.06193605170837197,0.04348848658195598,0.07530211353123872,0.03927907582763054,0.03382189133877621,-0.008026088766527745,0.0498960740903434,0.01989805261584435,0.029123873790430282,-0.00836991065784228,0.021126173399220457,0.00301164028669846,-0.0019826714646761978,0.04074830611362816,-0.005066515130728198,-0.0015116855359371053,0.023826659124658627,-0.00834500306297621,-0.005010758700494436,0.004997878369104689,-0.019106393963060724,0.0110696874178963,-0.012021819857331362,-0.01714011828891994,0.0062679374855976735,-0.0067066062211812594,-0.012374493534986283,-0.006453738593629126,0.004961646698642592,-0.011329333151685262,-0.010219869774608722,-0.004796955783129881,0.00685812253104473,-0.02622010496278886,-0.005765270290168697,0.012122649469577258,0.010108693311306436,0.01536823708165526,0.018027411914779787,-0.013551381454573064,0.0032718054855233078,0.027399086547969197,-0.01742261300420614
moca_total_score_value,-0.04103417732844529,-0.057671565352638066,-0.04570548472721121,-0.008806419057119727,-0.06481163149630143,-0.06057769377779428,-0.03517570020092021,-0.08162851666505841,-0.031040091685194036,-0.048482734766729034,-0.057192839047974085,-0.08998721140248202,-0.12137865564449837,-0.10927368317851062,-0.09175179914452943,0.14078273367688793,0.041796306142604815,-0.08287048894508468,-0.053777407431595065,0.1309793331859187,-0.08437735648845783,-0.09196907961180481,-0.037246636729152245,-0.07270388134582927,-0.10357820112777344,-0.0935087763678596,0.08826175169460572,0.0016034615475691615,0.0799499521796826,-0.09471230671527882,-0.11903732487559228,-0.10364173155312227,-0.06654349428664028,-0.07568885889366868,-0.10424909445647536,-0.08117472528297495,0.017888954407078564,0.06578316658187398,-0.1433877014175654,-0.10542959057050262,-0.121183873688174,-0.04179596464757872,-0.0858903279422489,-0.07597460308256296,-0.06367944377989952,-0.061773548480974265,-0.1057434577311307,-0.08656484986017693,-0.07415790198549058,1.0,-0.06022607778719142,-0.05256154054918935,-0.078875897879798,-0.08832455365516631,-0.060707314345282495,-0.08195751706468113,0.07634124012672992,0.09208009555743218,0.10716437444306234,0.07691653551725018,0.1055240427204768,0.10152996001147553,0.03547103067622954,0.09669073512173933,-0.0195496664139165,-0.07887558156429708,-0.07213520002127902,-0.0919782759185738,-0.08692145539620008,-0.08427553365372782,-0.008463903435908983,-0.05390963905289452,-0.02782336667771872,0.009565203225189393,0.007603854234889697,-0.026833732913715276,0.00915155923715644,0.005862548874200848,-0.00225408723181196,0.0003043113239351261,-0.012549808622324425,-0.02229861261925087,0.0032058546129865896,0.007905841410011414,-0.020053434356288716,0.014311437444153266,-0.005549305830557145,0.01686904537704546,0.013167656618441293,-0.007026994575654949,0.01820649118400381,-0.007528911668698424,-0.010995702712034759,-0.006256988790990862,-0.0017088354528602204,-0.017467065103958755,-0.007310697488592618,-0.0286957875115382,-0.02125166487266025,0.014179705217969083,0.01122339647731453,-0.004035522967671181,-0.02033732076743268,-0.003662470338415804,0.008237357495968167,-0.005462548908743084,-0.012578181379510226,0.031948204634570966
naming_time_value,0.04402706434780295,0.04539974835294606,0.013789348445229254,-0.0108134461055295,0.06764150787568572,0.052574012898741716,0.023735858766577213,0.05762781948065383,0.03518337525783654,0.029532943188873416,0.06577683393387768,0.05386835976378497,0.09835280013590099,0.09017336113929546,0.08442306382115833,-0.10232145527747297,-0.03195619350603796,0.07608417203134342,0.07633450656742069,-0.113335482099707,0.07283998296516822,0.07850668720310722,0.014138530957359948,0.08219253322609578,0.06587607275702768,0.05720900640606319,-0.10242480893534786,0.013989907743521239,-0.08204323778869807,0.07343084834028239,0.11592014140645443,0.08000336426967247,0.05352557001041807,0.0738596659496998,0.0979424931193873,0.046069762380370756,0.0021860197660909164,-0.09630473763237209,0.11907463537146538,0.052836897971038264,0.07830551240478664,0.051656330287089505,0.06754795363205748,0.027769223848170183,0.002651476796525141,0.0616306753902055,0.07100073633752549,0.05975482473697073,0.06652257260837097,-0.06022607778719142,1.0,0.04360755585667378,0.09068794092687639,0.04487398496754043,0.0422476471089348,0.07464037475803788,-0.054295257377478125,-0.06957359369185723,-0.05963504899057988,-0.06674759419232797,-0.08167213218491069,-0.07770531500346914,-0.043876379659130514,-0.08094931406668829,0.014993190716763721,0.039467002876631296,0.047885663212428,0.06831995315006818,0.05088985742243715,0.026921859568992478,0.01053711721816788,0.0855507188748734,-0.007364893437410948,0.003308916317420119,0.014623344341548999,-0.0036102246203112347,0.006900600183586731,0.005047435837039017,0.01504203010714156,0.0043244959573089286,0.0011313753519374436,-0.01015129539594723,0.004730699459430197,0.0017119492278328556,-0.006593108114471483,-0.006502494307289676,-0.025881290246583238,-0.006743794704243504,0.01788305395419478,0.002605853232038052,0.04019128979310144,0.007165028242034011,-0.006896214160418358,0.009568589384342645,-0.008665736512931847,0.011434947759112078,-0.0013271213595464938,-0.007221165098572313,0.01561335536373648,0.013674135112754211,-0.0004196033177945058,0.02216967912487005,-0.005582230791539281,-0.0035357012032574743,0.002625378855229233,0.0031989517715825017,-0.02257130766375858,-0.029956071569859022
repetition_time_value,0.029642881610544354,0.020689514796621507,0.019642218077541698,0.007132360845836067,0.027653372342332727,0.02672756434794354,0.049602104799195745,0.042823751553524005,0.016708344157116185,0.04126852768844477,0.03897576117691776,0.05425535403263213,0.060747604235453924,0.045014643730206486,0.06231009656538565,-0.07048885152239236,-0.029405472254322915,0.05126572908598057,0.048790381347467444,-0.08228726453629924,0.049042831261903,0.040823250896101004,0.031413717264015505,0.023680020323407245,0.041852517146860224,0.06336647605655507,-0.04875784241230474,-0.007007885065701297,-0.035561661034939074,0.06775027778088363,0.07525754332153074,0.04276358307327076,0.017050916240221394,0.0644801831389765,0.05185839186153915,0.03103322102608772,-0.008683675672531012,-0.051183929627489834,0.09745866025574719,0.05318912045129197,0.06029300033422403,0.03798689164057972,0.08415013238010688,0.054762256725707587,0.01573074672271218,0.05918636618280571,0.05700061107378775,0.05894573883773153,0.05611408314115171,-0.05256154054918935,0.04360755585667378,1.0,0.04988148919561506,0.05563344452999805,0.046657503537187055,0.07084036732512623,-0.033984156470803696,-0.05937007392058386,-0.05609108297894806,-0.04467028762771493,-0.056631699718931616,-0.06046245549930489,-0.04389918559400879,-0.04716933705459214,0.02607997848575905,0.06571317705266537,0.03139493337506372,0.05453638460564657,0.030317204853606023,0.054667737931216015,-0.01045481477282983,0.04667246708673403,0.012780174491637262,-0.005174596288466129,0.009642641060777274,0.0048979171962546956,0.006246751039601573,-0.009445366119393428,-0.003187569796447078,0.007793695215479428,0.011216774909909818,-0.013998771903071364,-0.026529254263956175,-0.00545871349100639,-0.00961744027811395,0.02556056913772076,0.009566296090132608,-0.025240932997736783,-0.004442640426909118,0.0247803002860582,-0.011208754549074598,0.022831305164377733,-0.01564720008542768,-0.022617993127111376,0.000899404565396541,-0.002608489196411985,-0.009513494012232613,0.01410553779736141,-0.014783541238660212,0.006549526233509267,-0.014019332019147448,-0.0336308458481771,0.01843920302401534,0.004263453426359723,0.00921769322912296,0.01472770032770387,-0.016418480600299594,-0.009809503884402137
subtraction_time_value,0.03717576777876146,0.055233618503697,0.04085420772421702,-0.00834936519885958,0.07932203203698956,0.07137525814507534,0.026769437238641922,0.0756702862615648,0.03554419794785537,0.039467763361887544,0.038708685884411294,0.05695774943905737,0.09167913995752905,0.09169639613503576,0.08422089049698421,-0.11674623772023066,-0.012937311743841664,0.09447222299306375,0.046957491832301135,-0.1229763028393136,0.0735599304886854,0.05687573760524391,0.03596642118502246,0.07406339132751524,0.07164584952651677,0.07511573474186144,-0.078924396392195,-0.022686796199230995,-0.06848995593536775,0.10952135781898457,0.10580195296819185,0.09034401807145866,0.04098634215475238,0.1024048199852459,0.09826866990398765,0.06517729029396688,-0.004040988300125329,-0.06161843004099518,0.16833922386695185,0.048382859251375414,0.09936958534469975,0.0667708021155465,0.0761154401718445,0.05460789454999042,0.04499691630294252,0.09538009408686138,0.05432400435685284,0.059512690429918844,0.039235880776199876,-0.078875897879798,0.09068794092687639,0.04988148919561506,1.0,0.06232157596287905,0.04847237627630987,0.07331434758068887,-0.06858922391219445,-0.06823064777678844,-0.07142116082406982,-0.09549882835760842,-0.0787887721200364,-0.08643154126271821,-0.03135336490760495,-0.05469640492557752,0.03512952234704829,0.05785065563279015,0.052941103903655785,0.07657678074274614,0.0676866728336049,0.047286093842573276,-0.004285664673170854,0.028201308521426743,0.018343203814281134,-0.008679138981593202,0.01061992052252209,0.005662547101565048,-0.002553246165577794,-0.03104422502068855,0.01614912458174088,-0.004392992656329046,0.033496655419571926,0.019071911248520906,-0.02321652229551616,-0.005424909100963627,-0.0066116124153951135,-0.007268184205214518,0.0005713322940402547,-0.03729382005160986,-0.016493762662200845,0.004832187860907762,0.017245248821694217,0.02335237187470075,0.022005798346045685,-0.014359592631094,0.01528112003110543,0.029353503997523487,-0.016215601513547923,0.0058279733934155815,-0.0004472591246584678,0.0021194130362687637,-0.006917765734031884,0.011444467170281034,0.02590671110552159,0.004117019844016169,-0.0023429590892196307,-0.0011834228147177904,0.010732326346720854,-0.007502114446437858
cube_visuospatial_executive_time_value,0.05595184125773817,0.047143475661961295,0.043163563951336,-0.008995834925073411,0.06606588917595446,0.052112499298620094,0.00057151531062704,0.039910488080609215,0.055457346476061126,0.04194182793326323,0.06545309409560802,0.07796784273915368,0.10028417280596487,0.06767680063719757,0.05524195514520001,-0.10119222797299067,-0.03788004151817288,0.0596985273938048,0.05684604692061518,-0.1101549134965354,0.0690514811276311,0.06203309226615454,0.06606234803897022,0.040187946797711524,0.04501513070053321,0.08452822989095146,-0.07564318069066545,0.007757937253791046,-0.06912071677860274,0.08689918682311097,0.11281988067786604,0.08519106767377105,0.06940006527115013,0.04687801477314835,0.10537011949967208,0.06773032503092473,0.004316812865501772,-0.07901267240770214,0.13529865712211228,0.0662395204271771,0.09968727953251447,0.03277876262212308,0.05462080712980027,0.07260528791065886,0.03949819517040426,0.10016965592550946,0.07272653538606093,0.07845177019636725,0.040589621015007175,-0.08832455365516631,0.04487398496754043,0.05563344452999805,0.06232157596287905,1.0,0.04552888477975178,0.0735048662243159,-0.05378589725350198,-0.08016458380924217,-0.10172512785987387,-0.04762670440972327,-0.07704665432167607,-0.09216888994844954,-0.04422077728158347,-0.0661582609223006,0.02822985086425569,0.06632911289178114,0.040701145247323135,0.070085702519157,0.07986244276083038,0.03777980422228206,-0.04702445235317967,0.0666926861422573,0.014375637679285734,-0.02488208402547641,0.015021926283460198,0.007559730257201656,0.0011424441754269844,-0.0011385912784586728,-0.001749163532430621,-0.01601065476571574,-0.01510427964236037,0.007627428328917614,-0.024636294932396233,-0.007294541797104608,-0.01201270451200955,0.011621199910336348,-0.005580926623516582,-0.02381479203988899,-0.0031112890832172622,-0.005584930535020193,0.00599097379771149,0.023688702747490624,0.0027753297256182556,-0.0033678565229336935,-0.009337693110794304,0.020744821434752383,-0.010990554279032259,0.015761194240483445,0.005653409719415003,-0.0010790550125922673,0.0063578909510986865,-0.0030916888942715366,-0.019167505382597018,0.00481744066949068,-0.016723915396844397,0.003706743714879222,0.03146127156356676,-0.019326156622391902
lettera_time_value,0.05084798830371188,0.045405832648066885,0.030689873978738222,-0.02839780671471777,0.034355392618254606,0.06435218611771118,0.010468863603105756,0.03146482377529379,0.005624819960296043,0.03992712729347222,0.025405278340535048,0.019755499079069233,0.04792828112324256,0.028435932519719567,0.039822329324171596,-0.07062226073683067,-0.019794061865107293,0.04666542163044417,0.02674866303940007,-0.05776635014847412,0.04317591689528541,0.03148404443858628,0.016815986066762625,0.023421893410438474,0.024955573647215054,0.012179269941543095,-0.052254993436291065,0.011307680245399741,-0.04383787631625158,0.0629887583104797,0.05044522617217842,0.018118482630949354,0.02907459295259559,0.05659058505986375,0.04884082536142948,0.032024691540860725,0.021700041894249823,-0.03636169251264403,0.073119603900892,0.009718341277181495,0.05780336652668705,0.03759832476795236,0.03253998426608126,0.014207643031625288,0.0308336230096117,0.07739704510097062,0.02456875599250177,0.05180292262976532,0.028511853072342278,-0.060707314345282495,0.0422476471089348,0.046657503537187055,0.04847237627630987,0.04552888477975178,1.0,0.005496385953842386,-0.011494006675576493,-0.046736161871147784,-0.04835031977845225,-0.03456008705492443,-0.06205910061139184,-0.06917163706378886,-0.02183782488183704,-0.02796925933204402,0.025212688612896567,0.035638316110382914,0.036941508039599065,0.03347858232985204,0.08834878685025667,0.010181337136687152,-0.003929389239591915,0.028894793162381714,0.00031614856535153857,0.003325247438818146,0.004262963561708332,0.004807360048278006,0.010002674457357343,-0.0025245058981593926,-0.008061700442936939,-0.009733898239730846,-0.0045363869195932365,0.0001319434771768863,0.008717469886253154,-0.001706996874410151,-0.005344631240171518,0.011237090662411138,0.008885143192881697,0.004898312026032487,-0.00027756840025286385,0.00816808583843127,-0.01244823004290538,-0.005706792725247694,-0.018384519628482872,-0.019013940127519256,0.0025476836727707304,-0.010685456582383122,-0.025405272364442393,-0.010342662484167113,0.008714963254007304,0.0005604213425818875,0.015970290785740096,-0.02890808085074331,0.007562139936885365,0.021716225896706926,0.015637424676607923,-0.018069835163168013,-0.03249532436628477,0.0035725449406547954
trails_visuospatial_executive_time_value,0.044137605635749304,0.0552074295316971,0.04743490582745249,-0.009690420646238032,0.032613173172124796,0.06441234952018023,0.016888120811072264,0.08504061896313936,0.047808337375937475,0.0487221277653386,0.08454708936007549,0.07335750978519391,0.0867368826439634,0.09336595839152441,0.06683924963292756,-0.14348909084546865,-0.010114980600807904,0.08321856978188065,0.06219722144889187,-0.10302001604296775,0.0723013560322608,0.09391007382925715,0.014838747480369015,0.06773795313367573,0.061280412436842506,0.0663710942133253,-0.06666457249599382,-0.007323608993711384,-0.05721860762293706,0.09896882792841771,0.097267005155126,0.10024568602269854,0.054089812362729854,0.08436326848294323,0.10506465817480408,0.08945841501483606,0.01298469339885228,-0.07217917219257505,0.12116116179115226,0.08065038208315678,0.11210507756006852,0.06170645530383408,0.056538011777818524,0.09011428327140603,0.05603547055626041,0.07506027686651767,0.07483771997717392,0.07962548822609716,0.05814011858964112,-0.08195751706468113,0.07464037475803788,0.07084036732512623,0.07331434758068887,0.0735048662243159,0.005496385953842386,1.0,-0.0444412662568254,-0.05975012324518247,-0.09283060508935308,-0.0787980974199075,-0.08083162321640325,-0.1290517244133544,-0.054421466749611104,-0.07273137938357989,0.017709450540566996,0.052176970409623484,0.06124376518647398,0.09399281101197218,0.03993804183440127,0.03756732883772519,-0.007616003529396749,0.07160271632286762,0.015305471887805639,-0.012612544101209601,0.020787930609229826,0.014450458561956165,-0.017378268492240587,0.0016940195823659135,-0.0023914500334572056,-0.009234980864694596,0.007968608784325358,0.028861585646104904,-0.008590076781409071,0.0163971335169002,-0.028563223977277757,0.004957664030112565,0.006548414719556716,0.002096704810308144,-0.019533171429823904,-0.004630273949435163,0.015069437101109778,0.0014282863520198891,0.0022758846840166933,-0.024651854387381836,0.00994854523544661,0.0014697262291991757,0.00015469311252155218,0.005818921348326664,0.02402897973002329,0.0020303962287073836,-0.0023556672990770076,0.0030179622844729035,0.005641874166550283,-0.00028023911334290987,-0.023141714793130794,-0.02189564452157316,0.0038345483135102565,-0.016813658731336358
moca_combined_mis_score_value,-0.0441136892205303,-0.044617815933582404,0.004249015407311475,-0.019193688976648214,-0.07305943500999687,-0.04470288602101893,-0.00820140190802827,-0.06908558319698842,-0.03461434711127489,-0.04344422321209203,-0.04649415470600138,-0.05275544969580621,-0.08427083387571846,-0.05979019332888817,-0.05958117719385913,0.12121570087427726,0.036680795577232826,-0.058178995972737846,-0.052696925558401414,0.10167504379917909,-0.04834637103240048,-0.061467636397396844,-0.01436900350304831,-0.05984181331684191,-0.0874517164582323,-0.06271039410302444,0.06880213896977028,-0.0024859589389694134,0.07716717283292826,-0.0697434579580796,-0.10340349012301635,-0.055528950456902974,-0.07074053374011166,-0.08833743691075507,-0.08455121635384329,-0.05081924718864713,-0.013900012050640231,0.07082115033403,-0.1320049231064621,-0.06106308924007563,-0.08784771570322888,-0.05765411851550425,-0.07989617477751162,-0.044466238911680334,-0.03485231147713442,-0.07186882552797311,-0.04876099395906417,-0.07689264705987259,-0.050813867163370455,0.07634124012672992,-0.054295257377478125,-0.033984156470803696,-0.06858922391219445,-0.05378589725350198,-0.011494006675576493,-0.0444412662568254,1.0,0.0823575231780774,0.10347053024962566,0.06346782709904346,0.079820272000857,0.07767846783072509,0.04298521439531541,0.05613579323819425,-0.01971690400064005,-0.038731814010699826,-0.01682531553077683,-0.05572390134974041,-0.0676588852471761,-0.035214798749750864,0.009746768831994554,-0.03712813838632721,-0.002629633540250758,-0.004471559415996818,-0.02522484325293559,0.006294325471448548,-0.02420571973842479,0.007782793716668692,-0.015671953731971066,-0.0035499466014455895,-0.030296171615186183,-0.016016547352348847,-0.00669899458601136,0.011413012832836553,0.028970368458574574,-0.02220232974999243,-0.011993742478330561,-0.0003083260030138744,-0.004402803819139277,-0.000985540157351892,-0.0026086219106508657,0.03154623776011462,0.008425231196582256,0.01866650738426976,0.009650925345573044,-0.022210872901283384,0.02745036590581268,-0.01075471364674471,-0.00909043219903158,-0.02372384953808705,0.005743679951459072,-0.04210377050053048,-0.005945531436008749,0.011880020548752318,0.0012097405456256692,-0.001266874517178547,-0.006227297209489422,0.025684730584864045
memory_trial1_value,-0.025695036556154027,-0.04830994038248206,-0.04465479890522206,-0.014589551935859977,-0.06393364132771463,-0.06030162501030755,0.005852636970750157,-0.07894963319647143,-0.01813621515457362,-0.058139987577087444,-0.06474804052201463,-0.0486028562088255,-0.11922742153806377,-0.07425762422893067,-0.09020362108738283,0.13737908533652218,0.024421247664361233,-0.10230403293591903,-0.07913334918134039,0.12297068231564,-0.09096633264565365,-0.07074236007862321,-0.02713254760669177,-0.0560788356922236,-0.07727001852118495,-0.09846991914765885,0.08116684132052758,-0.005317461451964329,0.06892346661107993,-0.04329051115493901,-0.09586295157787576,-0.07504534446384008,-0.06840986014137593,-0.0822409116861196,-0.09535996480457172,-0.0544975668682551,0.006011049887772534,0.048616915796768335,-0.14111403098133715,-0.10930759606263968,-0.09721443221706239,-0.05751488475813789,-0.08732014188925273,-0.05821949438026619,-0.046467358139164625,-0.09683643351508554,-0.08308300375852304,-0.05493569804675893,-0.0815063950197161,0.09208009555743218,-0.06957359369185723,-0.05937007392058386,-0.06823064777678844,-0.08016458380924217,-0.046736161871147784,-0.05975012324518247,0.0823575231780774,1.0,0.09089224759209018,0.08386452424650884,0.09976475539631197,0.09685009533998523,0.04572715545524221,0.08681788711514414,-0.043026447026867365,-0.07780742879813349,-0.057920231580615524,-0.06250697782662339,-0.06494796876557456,-0.035988128921592304,0.010062211678531075,-0.08475666879988282,-0.03016515164652245,0.014071222939411323,-0.004562179732505436,-0.00025507071801281103,-0.011306082724628672,-0.007134775524013079,-0.01005126875990835,-0.017608925997393866,0.004846574544952613,-0.018398988311459655,0.0009008937966276201,-0.0066320127574295805,-0.02929912187268853,0.017885827420633455,-0.0009264725054233794,0.024994794455821607,0.004664590798435038,0.004838747709578676,-0.0021442343751749424,-0.03386682830050934,0.0237793524927824,-0.011732069291573912,0.012218965122065915,0.0008075678804960541,-0.011846422147339898,0.003253462880708471,-0.021429616738613235,-0.006233177719748828,0.006663698085090049,-0.0376144136157288,0.0008302718905217588,-0.010104025315775927,0.018914662899991212,0.011109457807637176,0.0031695826088758315,0.009013835015603442
memory_trial2_value,-0.08377466860719819,-0.06787904764189436,-0.041793715665419964,0.018961619081635274,-0.07325684490087662,-0.07697943066292894,-0.009767506569963879,-0.07655724919805347,-0.07802939295328429,-0.04742033367036168,-0.03824865450376169,-0.060118051826826065,-0.11923672470474757,-0.12929746719702864,-0.08781263183908163,0.15093462225715043,0.05651842132733292,-0.0983467262262876,-0.1071021672262585,0.1286075522417675,-0.09209654348952172,-0.1002873259991749,-0.04237582952005685,-0.08199241054935107,-0.07958376646198004,-0.10506462136092622,0.12863342220179286,0.0054060153069214936,0.07720199353789138,-0.10593480266314682,-0.13769291684939358,-0.08329262359267325,-0.05726871257044508,-0.11037132967502358,-0.10571883108694968,-0.09143899461183946,0.0061393141898659735,0.10145218938253042,-0.15578674630815456,-0.11401129205291345,-0.10141180357608634,-0.09096209384221544,-0.04884808495474212,-0.07142730589262719,-0.03217860826848446,-0.1119228712057691,-0.08765329206737191,-0.10075107252604584,-0.06822059907728975,0.10716437444306234,-0.05963504899057988,-0.05609108297894806,-0.07142116082406982,-0.10172512785987387,-0.04835031977845225,-0.09283060508935308,0.10347053024962566,0.09089224759209018,1.0,0.08382884674500256,0.13600536561350485,0.12661204157884756,0.0732024715040141,0.07042960417965534,-0.053543394524587236,-0.04991773370297873,-0.056520466201286236,-0.10753546611267471,-0.06717325742572165,-0.053504004718715976,0.005625662501294789,-0.07051594402411093,0.01185140270161307,0.005883717254606101,-0.014059709971131741,0.001673110812505999,-0.0025536383581829334,-0.009175938044590139,0.0009004863667572254,-0.010111156838608035,-0.0018250757383048311,-0.0013475926576980478,0.009758512808080355,-0.0016680575869540088,-0.014180918597899803,-0.013592558165174583,0.013439221929352001,-0.006924324026606183,0.023523480879614582,-0.011330063848275831,0.026371523981659834,-0.018050383499367325,-0.021972959039570732,-0.0056643794117386785,-0.016122193342404906,-0.012548744048918571,-0.01175427327402402,-0.016503195693706247,-0.01622826578329742,0.0034358870102781766,0.0051499574362564955,-0.014148506053519276,0.02354160488780584,0.0024361693978402596,0.017534357869798258,0.004503669607579611,-0.025127505149461382,0.02191830786280465
moca_abstraction_value,-0.026927631031707047,-0.040335374078469106,-0.010672832945822724,-0.022161106165049942,-0.05539132513235883,-0.05273043502387469,-0.02948298904223721,-0.09320495705005889,-0.049523783567290806,-0.06278775979233359,-0.02710442998016785,-0.048797447960611785,-0.0732108524205387,-0.07107684327948327,-0.08123532272532835,0.12545736842094982,0.05138139025945359,-0.07804448174226995,-0.07056154634479046,0.11319151693315045,-0.07215954183822652,-0.07657775803676373,-0.01495463173409064,-0.03799996605682072,-0.08456356550924919,-0.08530615963913697,0.08327364593562128,0.028483761384016964,0.07686720557448479,-0.09242411312122559,-0.09325609832538231,-0.07283587628438301,-0.042539204235541216,-0.08344698413588685,-0.11011877397668002,-0.051451013953739286,-0.0013627262095960997,0.07444547464672678,-0.12681451243478994,-0.07003647079743566,-0.08367244856344581,-0.07706148864878974,-0.0637979444755286,-0.018830352736887452,-0.019305373897490333,-0.08694772384265599,-0.08328721721532041,-0.06720804380673286,-0.059168781381189195,0.07691653551725018,-0.06674759419232797,-0.04467028762771493,-0.09549882835760842,-0.04762670440972327,-0.03456008705492443,-0.0787980974199075,0.06346782709904346,0.08386452424650884,0.08382884674500256,1.0,0.08159342955707825,0.07184377698834842,0.05687669569434935,0.06980518344312989,-0.0181950572943753,-0.04597237975252788,-0.09546354754125701,-0.05986586851305845,-0.05376458220502796,-0.019667809326564253,-0.0005622277583538325,-0.03215647760175465,-0.011405527614737801,-0.014580746069758403,0.0011155089724454055,-0.019663503344886122,-0.010543095778868949,0.0038814569159145674,0.002278172999540265,0.020598484163072164,0.00035442180438206367,-0.00035375088874252955,0.011567602962921178,0.01177643499641883,-0.002593731431568965,0.0017778258650675885,-0.008722392917277784,0.0004935487559786514,0.004204421416000676,-0.00582555718586104,0.013417695556323373,-0.0033240591829434593,-0.0068626459134116,0.01849350133593114,-0.008777639361616468,0.010361088851594117,0.029111440462682544,-0.012359210456939527,0.016124410052517666,0.004941327653067093,0.014019831357997949,-0.005264751669127565,-0.0036507889486324004,-0.013405629679537713,-0.0031244620301814486,0.0050996381915761335,-0.026347398466619976,0.040703766238956454
moca_orientation_value,-0.05014950807965418,-0.05309178278601664,-0.047643200891313596,0.015317449174714651,-0.07377877256393998,-0.115005375199489,-0.04923583092260968,-0.1245082734828332,-0.034620870322963744,-0.05527278105425973,-0.07090324572363857,-0.08536598771660504,-0.13727721512946586,-0.1199975667626659,-0.1128284391749826,0.21986460536661406,0.022526980356211295,-0.08450489342769275,-0.11511559822404382,0.1462527857570039,-0.0998340417883564,-0.10233886855902687,-0.02637000152044501,-0.0621918563814415,-0.09154054216485631,-0.08351091906969753,0.12009279459991258,0.0009873815643799398,0.08850220306280784,-0.13140931654366378,-0.12188413927865316,-0.06761009716178232,-0.07364962379139364,-0.102404571962647,-0.11287472397172621,-0.10390848630957299,0.009498361336866056,0.10619780043621725,-0.17520922192473945,-0.11173016248147428,-0.16190890447727463,-0.08784775378932845,-0.09336931078969386,-0.07946953012233864,-0.05645289373192101,-0.10467955111302045,-0.09845303218719609,-0.10344172922328772,-0.090557465906032,0.1055240427204768,-0.08167213218491069,-0.056631699718931616,-0.0787887721200364,-0.07704665432167607,-0.06205910061139184,-0.08083162321640325,0.079820272000857,0.09976475539631197,0.13600536561350485,0.08159342955707825,1.0,0.1187819394147194,0.04991318467934726,0.08544384941830158,-0.03314845357023701,-0.06948400809346236,-0.08422153372855605,-0.10207012339737571,-0.08746871402899357,-0.06492514663126464,0.00946381232902357,-0.07733491430003407,0.007596721072935982,0.012030654303133433,-0.002718956023043775,-0.004023974552879796,0.0027724695824601743,0.01006738905910461,-0.010658771024325806,-0.003308560561680765,-0.011177802517024526,-0.027191760849512525,0.01657950435076773,0.005983767435946803,0.0050406851741758366,-0.018281958104605645,-0.0030879458147395197,0.023077184002814048,0.010646374643053062,-0.04816431396166239,0.005002756088969827,-0.0019604468321486428,0.0023126045808689925,0.007084277035467992,-0.010943193188454835,-0.028654778611615642,0.019705433531894453,-0.013745226575278493,-0.013789786888556537,0.0102928298061427,0.02593638865652858,0.015188779937337166,-0.012710024790855387,-0.016429801728847157,0.010592380540067853,0.029712007082773145,0.025979778272658755,0.004902070097309082
naming_value,-0.03115351175962782,-0.07454300561399924,-0.034788227624469495,-0.0025831810722708433,-0.105263813645747,-0.058727401125860126,-0.04490362345968664,-0.06345745023007736,-0.05514651101084945,-0.035960093982898546,-0.07339304109711124,-0.06600611274669844,-0.1030727339349569,-0.08360643900351493,-0.1101124983518333,0.16271219381587373,0.04502041895861353,-0.08832283041557377,-0.11898671023906758,0.1324057335614878,-0.1111212743253616,-0.1079900162767685,-0.026673128216266162,-0.07189586687732531,-0.08670475220512068,-0.0891323562714251,0.11651882003616279,-0.01049744576326271,0.0824317431065176,-0.13532520438937418,-0.14760800301956006,-0.1040918723594699,-0.05974135698981272,-0.11213143778122256,-0.14413699715656775,-0.09644989502566093,0.012202613535124527,0.09858928277305656,-0.18376184530504577,-0.10100834400478574,-0.13282292940293222,-0.06344991625973334,-0.07009547722510891,-0.11590746192047047,-0.04206772949061765,-0.12834842715018388,-0.10414678133802793,-0.10511942313239876,-0.10178469628550303,0.10152996001147553,-0.07770531500346914,-0.06046245549930489,-0.08643154126271821,-0.09216888994844954,-0.06917163706378886,-0.1290517244133544,0.07767846783072509,0.09685009533998523,0.12661204157884756,0.07184377698834842,0.1187819394147194,1.0,0.03160195171110448,0.07811251332424746,-0.05278783785647877,-0.07370961917278157,-0.08603459691835391,-0.09417561508607185,-0.09727024231485676,-0.06670440283402351,0.020284561436128452,-0.0685262062188669,0.0020781674390833453,0.02033323174932531,-0.03843341126279754,-0.02198786701165572,-0.002354675573909295,-0.012657895878407717,-0.0033899775715237083,0.006943059537611465,-0.02972720129290208,0.010844017312788322,0.0004827110821870951,-0.015704756694486028,-0.0011229275073989082,-0.010651924210612266,0.0007690512410541523,0.004620248862048358,0.014824686674684272,-0.025306146130355433,-0.021198389113858896,0.002675844620508659,0.015076923831461383,0.037494360423842396,-0.0016460320799695323,-0.016033969471613233,0.00652792144096937,-0.01381832470457607,-0.004569985427595709,-0.0028480034058604533,0.009452418279979972,-0.020507351843835484,0.002135632340311713,0.008087413955962084,-0.001606432993689766,-0.0011057813774133546,-0.012255460749640113,0.05009205454272498
repetition_value,-0.013155529386548686,-0.02247936290440785,-0.018178112285990564,0.03343021123826686,-0.04420642150868246,-0.05190744635569676,0.01092999971503254,-0.03222733568049891,-0.010897123988986183,-0.02625592481541618,-0.011998319759117535,-0.04670839999194206,-0.03295543263417769,-0.029940978239518076,-0.061329670410540084,0.07465111178434967,0.04308644214875525,-0.05103357710895003,-0.037056069334418726,0.054413102481613275,-0.05647335717290288,-0.048032090530480215,-0.0568537085649966,-0.03316942317673956,-0.040224080049275315,0.0004915256381544565,0.08823374461044822,0.029489496391990708,0.06238980516389988,-0.058718517701677145,-0.06717991878548502,-0.03623624869554191,-0.04470384934285409,-0.07328230464841869,-0.04278106134325869,-0.041300811632760615,0.012349130069367808,0.054668972079034046,-0.08731516017247386,-0.06388824687866994,-0.03220122655333888,-0.023545668173668554,-0.03851700960787221,-0.021572963276961635,0.009025003566233841,-0.04095802419784183,-0.04949258046835273,-0.039488774293599906,-0.04801020318980497,0.03547103067622954,-0.043876379659130514,-0.04389918559400879,-0.03135336490760495,-0.04422077728158347,-0.02183782488183704,-0.054421466749611104,0.04298521439531541,0.04572715545524221,0.0732024715040141,0.05687669569434935,0.04991318467934726,0.03160195171110448,1.0,0.04602475655761138,-0.03365912962976935,-0.030292770858418732,-0.05129986233203199,-0.04777290064876036,-0.060017120926589916,-0.03769231807191916,0.025226747609361326,-0.03283522832929104,0.007096101453010634,-0.010045804906969814,0.01345503266753409,-0.004818515874753952,0.0023352288923546,-0.0036038761377772278,0.019620348675939914,-0.008142613777016439,-0.017743177153721947,-0.024822939058914344,-0.018652586546283018,0.0003290598310595599,-0.020680918438379953,0.00019117603870878839,0.006402204126420964,-0.011051690277235056,-0.018247834117361333,0.007489887625715484,0.01630701881679215,-0.011481635164144823,0.010171328407768751,0.024459391095922725,0.007702039079674148,0.010977095584648495,-0.0009271929458658876,-0.006315663680520399,0.001614949285227151,-0.005515455461915213,0.020079300485817235,0.012220262595836674,0.01611249737145115,-0.019150875333193942,-0.010076613585664737,-0.013317558055456064,0.009178423832705352,0.016309955644235947
subtraction_value,-0.036882123212098286,-0.029214640902118522,-0.04509457962287694,-0.0010103122030168477,-0.04560843215968112,-0.052571242423927335,-0.029059487869285628,-0.03969010080641201,-0.03391134134291134,-0.05582838336488106,-0.05447512717323186,-0.04636705481744947,-0.08872119003171246,-0.08362928016268895,-0.06935896558497903,0.1176695070604846,0.023968098851973742,-0.0580487728456831,-0.08477050156154031,0.0886479964143229,-0.07224941241995902,-0.04774303659009437,-0.02830047830755525,-0.04022421718532266,-0.07297652925103329,-0.10076860878232816,0.061164450982694026,0.00035833649221245033,0.06800287525723875,-0.06887644942061802,-0.06690610853010874,-0.05976397280042067,-0.029159405637502224,-0.09729401791403289,-0.08423523171339352,-0.044853999428727545,-0.02040525968454652,0.09137896647981547,-0.08824031173649095,-0.06759868932354168,-0.09242144677278233,-0.04318414729961459,-0.05027379857863218,-0.057410113616118176,-0.048668005985356214,-0.09029236916782074,-0.07104738862187385,-0.06272192985499897,-0.07070092031820568,0.09669073512173933,-0.08094931406668829,-0.04716933705459214,-0.05469640492557752,-0.0661582609223006,-0.02796925933204402,-0.07273137938357989,0.05613579323819425,0.08681788711514414,0.07042960417965534,0.06980518344312989,0.08544384941830158,0.07811251332424746,0.04602475655761138,1.0,-0.019449661475038165,-0.0645605680725187,-0.08155185905384058,-0.07861357197995883,-0.07456792007308778,-0.05971380421229231,0.00021975270210368452,-0.06921118037178764,-0.02367701566902956,0.010782761463583618,-0.020308804265075715,0.013717902306324952,0.0013844702464770907,0.026889955472362188,0.006443969703324054,-0.011859583304431997,-0.013178879154676842,0.021674127034490807,0.007032783143585009,-0.0034744281395545098,-0.00048177862311735316,-0.01346846345981203,-0.020609332543730666,0.001552781474612747,0.00444629177343019,0.014594807179734633,0.014457186562694336,0.02310467832925289,0.01230230985580327,0.014545621447035141,-0.0031987115383693065,-0.0354292960451908,-0.012451156702620514,-0.00626757275391995,0.014685390003077002,-0.024128216525662074,0.011738793094950451,0.0085431700340794,0.009906294848601123,-0.004162052376194811,0.01104377739039923,-0.005259333404201227,-0.02037843665092357,0.009956127208415808
Rate,0.014840233785649573,0.029358812883240847,0.020066015795512565,-0.026610929170565917,0.012361349514261162,0.012463573874246741,0.01658966788490284,0.027978210855460556,0.022105980528480916,0.04111511503576505,0.006858045755995698,0.02269470262282977,0.03775026246371869,0.0384211391637381,0.03977947870990814,-0.028008297557840907,-0.014235133089915749,0.026702079517527472,0.017421716627963477,-0.05225563597116098,0.04035004531883531,0.04043345643272107,0.00649470823957052,0.007650825237740864,0.028791009230263044,0.03670621499198092,-0.031164344345038175,-0.003050728491287221,-0.02389573166195624,0.04498292875109004,0.0428458063614066,0.019599776867205772,0.035250896641694084,0.00880067341368819,0.046198030093706086,0.05036257790509026,0.036466682728275024,0.0018955087212652114,0.06770769863036781,0.01932697256544289,0.039755086262690316,-0.01288730787175296,0.023936971081671466,0.025348460788950533,0.023739428000740522,0.05763094791005635,0.02522418637388214,0.0329475675874882,0.0185005968834368,-0.0195496664139165,0.014993190716763721,0.02607997848575905,0.03512952234704829,0.02822985086425569,0.025212688612896567,0.017709450540566996,-0.01971690400064005,-0.043026447026867365,-0.053543394524587236,-0.0181950572943753,-0.03314845357023701,-0.05278783785647877,-0.03365912962976935,-0.019449661475038165,1.0,0.0352086568195746,0.020807397314132402,0.005736486277178956,0.03473393670436909,0.014793000063157737,0.018599780890852877,0.006380347368717987,-0.0021769092103554404,-0.01855704755779533,0.011794345114853269,-0.0013699933903236518,0.010457609513327764,0.031039895805636306,0.0017659085711882213,-0.0033988012508439957,-0.004923058708149741,0.0023429590869544917,-0.002244040083179724,-0.0006375643546448365,-0.004258521344141467,-0.008039477182900264,0.011637244972123277,-0.011821849314943445,-0.020404444916397004,0.0009554214373744036,-0.01030165365002738,0.002806929835909991,-0.001654304644042933,-0.014826812086661405,-0.005358294736235972,0.014383186202985777,-0.020247951997003147,-0.009605771864486334,0.0014286622767185847,0.00873422047651949,-0.016762644664215575,-0.0017090591340531843,0.00357299435111821,-0.024236040955086094,0.0035508327039327015,0.011261478956896867,0.004844289825276526,-0.0024463222867296404
PR,0.0433923499906937,0.03106254623935236,0.021996720798541227,0.0010174439647839323,0.06722357661030282,0.06940002818732519,0.00734285169181117,0.0281675924268452,0.02363933807061937,0.0408235304048586,0.030384523586794505,0.0661422703894707,0.05918123015833108,0.05628460552894246,0.06138160295035982,-0.10591929841365326,-0.003311824793899077,0.0735906839920999,0.05242936979416442,-0.07652101551125245,0.06514358949469631,0.04279033571924213,0.028331585108560608,0.014022444691465826,0.04448002876888447,0.057705048691318934,-0.05715201319713608,-0.004433371203294392,-0.024549025891745038,0.0945917049873361,0.05602428272876559,0.05358854751402172,0.05890930026212701,0.05836219721508479,0.0813976350060611,0.054540541049632144,-0.003104660309093433,-0.057854355751775964,0.08460110808949677,0.04386967728518534,0.08821819045738494,0.029856989606488936,0.06250580306557704,0.051291070276666406,0.016092813356692565,0.09555006547719097,0.08580287584446697,0.059800883765399056,0.06193605170837197,-0.07887558156429708,0.039467002876631296,0.06571317705266537,0.05785065563279015,0.06632911289178114,0.035638316110382914,0.052176970409623484,-0.038731814010699826,-0.07780742879813349,-0.04991773370297873,-0.04597237975252788,-0.06948400809346236,-0.07370961917278157,-0.030292770858418732,-0.0645605680725187,0.0352086568195746,1.0,0.03359988869187866,0.06846487807540518,0.05187532829683892,0.046320006375436054,-0.012236099180595532,0.08001019463409095,0.004289913394133095,-0.012321255481856341,-0.02002260544379893,-0.002141016971144916,0.003825986372631467,-0.0019056690989368607,0.009543752923383246,-0.01925623546499467,0.006906774794896192,0.0016102828969477981,-0.006434438124130149,0.000123304438991077,0.0029892471691275947,-0.005914914279453846,0.016661649395692667,-0.02472944231292477,0.023417537510612027,0.011867928409319679,-0.01640640454675451,-0.0005742425115875816,0.0014235532784699079,0.0067833845608091655,0.004498785962614086,0.005287416392850065,-0.018659315425494018,-0.012731871862802396,0.00640053615833103,-0.004817148514291875,-0.018711632900326246,0.010618232276750855,-0.01735329560357054,-0.013889653529264672,0.01230012648219501,-0.007842643543049341,0.01789830432501858,-0.0016545859520020016
QRSD,0.01974462446724127,0.05050130484078511,0.01365955173540562,0.02036680446145787,0.04608509293527575,0.041455683880480085,0.0019956465015268337,0.04356401161019741,0.023390491728821804,0.04326285931396286,0.029772949019791762,0.05530608016111337,0.07929564484354278,0.04891002060901257,0.06489730654993013,-0.09541649517183434,0.009886096301158543,0.04677502190061015,0.07471387036153838,-0.07559151118197377,0.06780068191967469,0.06241154721735522,0.001179210414586094,0.02393395921988225,0.04317442570497854,0.07013907427471693,-0.04599026669089243,-0.012498581836555485,-0.053865706037697775,0.043659586218015696,0.07881162983451785,0.04594336517197763,0.0320578997820131,0.08252228541393145,0.09945880513461408,0.058230663106258865,0.0031308281270849576,-0.0921194377971471,0.09355558700894828,0.05919352718589861,0.07647835769911267,0.04355011244405809,0.036586688149567906,0.05728713943994856,0.03616055935003396,0.10197436326855028,0.045028636597884364,0.06358336905470133,0.04348848658195598,-0.07213520002127902,0.047885663212428,0.03139493337506372,0.052941103903655785,0.040701145247323135,0.036941508039599065,0.06124376518647398,-0.01682531553077683,-0.057920231580615524,-0.056520466201286236,-0.09546354754125701,-0.08422153372855605,-0.08603459691835391,-0.05129986233203199,-0.08155185905384058,0.020807397314132402,0.03359988869187866,1.0,0.06595868371722562,0.05336649851589487,0.04097843877323915,-0.003291788460388332,0.03454048509320403,0.005560837972958856,-0.010882870952576165,0.0065017561654054775,-0.006278835820231049,0.005388606703886411,0.006729475732522432,0.02043067773174969,-0.00014338689386611964,-0.020270910262279413,0.004701615878940273,0.009251434980798308,0.03155444821487275,0.008501580180480717,-0.004939376414412184,-0.0032530242738713325,-0.025417436185500575,0.013471160751885447,-0.004403699439975314,-0.006941578724565762,0.015342798714774862,0.008163554351153908,-0.013206925770997873,-0.03331911128815463,-0.020266617245670873,0.013776306461502862,0.017185476150294105,0.009566871422061436,0.0082618056522693,-0.0024485930548919965,0.007091620357560159,0.008667149469049316,0.012687933789147952,0.010954548540417778,0.0027467506763896995,-0.002825155958444845,-0.011094058083354005
QT,0.05505074761194913,0.042446899278857524,0.02944028030410094,-0.027585756619171602,0.05313593022668478,0.055377242958596584,0.028331286957270167,0.06308858797109965,0.04857409268484308,0.031818736479561106,0.04355203812415826,0.0376895109887397,0.08917223920560156,0.08222902995728265,0.0823421585101216,-0.14082216972504769,-0.041269670600219945,0.07222894817200376,0.08649992256797055,-0.11636383514916013,0.07377438886099688,0.08702256967662844,0.06297222875293768,0.06071421969218561,0.08170002429842776,0.0871253622241765,-0.0778646196708669,-0.006110597263668387,-0.06792066560098754,0.08621111510911152,0.0826627707745496,0.02888083791844987,0.05530394418894518,0.07270352991791529,0.10609949969599915,0.08775272240495954,-0.00896680798889862,-0.06466276379568199,0.13862728452956408,0.09913374818243333,0.0840075352319374,0.047136651372538474,0.06686060088617733,0.0789536927067564,0.06528801902916147,0.08180672142686084,0.08209341907996377,0.07914149409128199,0.07530211353123872,-0.0919782759185738,0.06831995315006818,0.05453638460564657,0.07657678074274614,0.070085702519157,0.03347858232985204,0.09399281101197218,-0.05572390134974041,-0.06250697782662339,-0.10753546611267471,-0.05986586851305845,-0.10207012339737571,-0.09417561508607185,-0.04777290064876036,-0.07861357197995883,0.005736486277178956,0.06846487807540518,0.06595868371722562,1.0,0.06826623013753767,0.07019750595893735,0.010578402414080562,0.059283063966827816,-0.015440599348529769,-0.0008195824900345901,0.019295801966282045,0.006254774974572776,-0.0010951982990714184,-0.013221939140812721,0.015219244842719425,-0.013629349558722881,-0.007039097154400246,0.007433923089889315,0.00564478745166064,-0.008626540207777054,-0.025296801573181222,0.01714139480407075,0.005643926932411911,-0.01642819611305195,-0.0204830944800506,0.002731487465706877,0.006242847226744682,-0.0028108400802573466,0.009579179376278987,-0.02638839901294057,-0.011797959115526184,0.018318459229527222,-0.0038264367702822624,0.018872547220557465,0.01860635535599288,0.02437818603934247,-0.013499422719428689,0.016529309908665378,-0.014208324931181328,0.01400001617510453,-0.010144613478715843,-0.006987229538797216,-0.01314541692955453,-0.009727146308559675
QTc,0.050753785834548815,0.038650679631510636,0.0349316816948662,-0.014599564601007201,0.0695568609954453,0.05749345099931814,0.03302832250143996,0.04832178730915091,0.03608366511101078,0.053949589400137714,0.060306532468194264,0.05840896322488997,0.11082979490993577,0.06776064257818003,0.05250041546215363,-0.10682168082562248,-0.007053959816028807,0.07350350607565112,0.04851083963854381,-0.09754596400931187,0.09402412423389778,0.047912080555805585,0.05096621409308989,0.040793129097897465,0.03801385145923056,0.05304914479880085,-0.08937110488078837,0.014284322533025428,-0.07038813165018053,0.06580530401817972,0.0896046901227901,0.033878591494533226,0.06023080392640915,0.08189389005937664,0.07052338938801525,0.05061888532598893,-0.04132330589273514,-0.042741110223276695,0.11107226605294696,0.06638118713529198,0.07983448472331103,0.05842039165420048,0.06021465787594528,0.07040288167849613,0.0347346143668288,0.06418990790160188,0.09693777560793053,0.062521675994795,0.03927907582763054,-0.08692145539620008,0.05088985742243715,0.030317204853606023,0.0676866728336049,0.07986244276083038,0.08834878685025667,0.03993804183440127,-0.0676588852471761,-0.06494796876557456,-0.06717325742572165,-0.05376458220502796,-0.08746871402899357,-0.09727024231485676,-0.060017120926589916,-0.07456792007308778,0.03473393670436909,0.05187532829683892,0.05336649851589487,0.06826623013753767,1.0,0.04626230709060814,-0.019202836296886544,0.049318407847440154,0.005866931894100475,0.0017188752997524558,0.007121729286933015,-0.00837652246150046,0.0027907287890583353,-0.007234893073439248,-0.012134126387157215,-0.021078201658165676,0.03240709200419971,0.029369613558107407,-0.01696714024661578,0.008633704134404152,0.00047713556115784193,0.003133692389383391,-0.0003199852094026724,-0.028073717697087747,-0.007255567089605816,-0.006482335482641902,0.009964514645348402,0.007504521944654634,-0.004527510916364099,-0.00735765856645859,0.012910732727504993,0.01833488328623663,-0.012556323685610306,0.02793908803545462,-0.006409232237126406,-0.002750524957043896,0.012814129469698886,0.02023310870415712,-0.0030504941553737277,-0.029467653990727198,0.012772798568061324,-0.008884116746058837,0.012257359210352701,-0.00761472649801583
P,0.024735188373424043,0.04282154652218143,0.025536001501237096,-0.015066600081661252,0.03556276934319605,0.05687352203553811,0.027053072485524667,0.03567297266764848,0.01518856291745663,-0.0001417161541695726,0.03225729193827097,0.048792882890415265,0.06868501683374882,0.04612520697154899,0.04668772115885954,-0.07653324270327805,-0.030371141110490215,0.024549124846746786,0.03514940883130685,-0.056984895016393484,0.0913368208802776,0.04368619902815346,0.018968763584963383,0.027714218151097557,0.04212096778080576,0.04489566624979249,-0.038237054500866334,0.011861965808632528,-0.026827007824290244,0.03484014337263341,0.05082988229219493,0.03923922484309167,0.03380197877687307,0.06123809981726683,0.057712579336812155,0.045707188968751825,-0.015204809816248539,-0.046136210912738555,0.06781587475154294,0.04405130621579032,0.054957508195754665,0.03693891558048199,0.04915780589879361,0.043758936341740426,0.02328087878741182,0.06800540855070068,0.07436481379319973,0.05826620282040274,0.03382189133877621,-0.08427553365372782,0.026921859568992478,0.054667737931216015,0.047286093842573276,0.03777980422228206,0.010181337136687152,0.03756732883772519,-0.035214798749750864,-0.035988128921592304,-0.053504004718715976,-0.019667809326564253,-0.06492514663126464,-0.06670440283402351,-0.03769231807191916,-0.05971380421229231,0.014793000063157737,0.046320006375436054,0.04097843877323915,0.07019750595893735,0.04626230709060814,1.0,-0.03512077158630739,0.055929103029633095,-0.007857418396229972,0.016065405847261502,0.009706008390785411,0.007516817689656487,-0.003829896091758969,0.00124333306250198,-0.007422623683988914,0.0143224319153065,0.013511697832311037,-0.001338063765866949,0.014540026054398239,0.009495878881152648,-0.014316799671476707,-0.013031361608704377,0.026329642625640238,-0.00961271451008821,-0.01759863317846104,0.021503314551548657,-0.014358680274903628,-0.0019361499978801649,0.016421895939539112,-0.010157059672178942,-0.004148278387283142,0.0044379829300304355,0.01689011422036776,0.0031421826109146274,-0.0037579482890642535,-0.0057784214010831204,-0.017069429014366155,0.026695484921921534,0.013535868867620681,0.014254299556935158,-0.025210946057495808,0.004909024720460661,-0.0005596674955140726,-0.0028282848726963526
QRS,0.019462061051324274,0.0045773083570019735,0.01215144150795678,-0.007551249411158287,0.014731734531630548,-0.013717311397486142,-0.015015977461282005,-0.002396343771074251,0.0033287301442904782,0.007422723888195839,-0.015766615754502878,-0.004790749045618313,-0.0052894456442577975,-0.01195386264454193,-0.0025296587978441945,-0.004510565366604644,0.002943028795984149,-0.00023850683793166558,-0.01357147458243414,0.02791809601758572,0.03285567299726383,-0.0046717165347881316,-0.03440577809041002,0.002086456463034499,-0.014735549814519093,-0.013568239163259865,-0.01040314293440984,0.006287160762350144,0.006364673351194013,-0.0050409912715825515,-0.001031803839555948,0.012565827710223226,0.02411365884834874,-0.019182345456106847,0.01708527558257454,-0.009089929086688842,0.006224389365096865,0.020274097904858186,-0.007755014956128467,-0.00874420242383832,-0.04068168540493694,0.01294912663543506,-0.012754998327823919,0.014831804934058213,0.001657236822728036,-0.006455963914485953,-0.013079674586435289,0.004787682079983481,-0.008026088766527745,-0.008463903435908983,0.01053711721816788,-0.01045481477282983,-0.004285664673170854,-0.04702445235317967,-0.003929389239591915,-0.007616003529396749,0.009746768831994554,0.010062211678531075,0.005625662501294789,-0.0005622277583538325,0.00946381232902357,0.020284561436128452,0.025226747609361326,0.00021975270210368452,0.018599780890852877,-0.012236099180595532,-0.003291788460388332,0.010578402414080562,-0.019202836296886544,-0.03512077158630739,1.0,-0.007463974553415712,-0.03279510278425132,-0.027395487574719084,0.0034681325897769166,0.001082011826898665,0.026118248479409415,-0.002879740590069253,0.01044573934981284,-0.023715375164315797,-0.005214921084017129,-0.011604062550015044,-0.006726670019931652,0.027468940618687713,0.006750326732535184,-0.001746539503389324,-0.009887518693846065,-0.019512418989813696,-0.0036739079817009065,-0.006316860870178968,-0.012589198641535479,0.0037276597350015023,-0.015611203040442504,0.014110675354870554,0.0223006606012994,0.014205343712569684,-0.027661959846446177,0.013347884192316627,-0.006978530633721647,0.0056457454625734056,0.009834273106631822,-0.008648128107407067,0.03545433210316336,-0.009774602708015579,-0.0071979148486039845,-0.006053930564520492,0.004139124937020147,-0.02011443922777978
T,0.0719952286131714,0.04441562634770066,0.01675899909825069,0.004682058287140542,0.04953780052365612,0.042951719283410336,0.012809016648492252,0.031961217440353476,0.011558328502103468,0.026439853272341652,0.019008232423223262,0.06664583283174927,0.08284688839630049,0.041937310600560426,0.07560424795777397,-0.1099215317205401,-0.03275847737568484,0.0486851116170037,0.06767736309445113,-0.09370115220488504,0.06314919568939295,0.05003586005058871,0.009462448624567289,0.045922453488922446,0.026925450506094458,0.05267219470632969,-0.043097857840015,-0.0015780558121662842,-0.049373055713117876,0.0594034259633818,0.08449203199054676,0.035125260496611764,0.06529439508971167,0.07237928346713031,0.06342946518087729,0.04406305378873658,-0.015053249025281233,-0.06960322758894252,0.08897120698633289,0.06208443736541183,0.053439019889880715,0.05400327252398255,0.06738394672069568,0.056510864006484814,0.030083327783991236,0.08029784885920041,0.06741644617448148,0.06223434369605419,0.0498960740903434,-0.05390963905289452,0.0855507188748734,0.04667246708673403,0.028201308521426743,0.0666926861422573,0.028894793162381714,0.07160271632286762,-0.03712813838632721,-0.08475666879988282,-0.07051594402411093,-0.03215647760175465,-0.07733491430003407,-0.0685262062188669,-0.03283522832929104,-0.06921118037178764,0.006380347368717987,0.08001019463409095,0.03454048509320403,0.059283063966827816,0.049318407847440154,0.055929103029633095,-0.007463974553415712,1.0,-0.000506930035213781,-0.013971689078374252,0.0023122605939773773,-0.000663224431492892,-0.02166855684801448,-0.005862460142032846,-0.0032377338360994675,-0.01775756311708791,-0.007472442492905718,0.0010449665211619255,0.013283751978342124,0.014814996805293777,0.0006041192637457048,0.014302063737275337,0.015410440724871768,-0.022042016685867933,0.027052300298765097,0.01034058346048783,-0.001120582936122483,-0.010118321960322968,-0.0019609373802035876,-0.008428413252316028,0.0002679268287399571,0.013045623944429792,-0.01957946047580276,0.017966434186833698,-0.017354283418372914,0.00424702848349889,-0.011837041303918286,0.024003017410287472,0.008890606090985336,0.0017771907778109362,-0.03455600425545184,-0.011765541069793177,-0.009031317552394068,-0.013231431854111003
Age-related macular degeneration,-0.02335449511314069,0.020925729173633983,-0.005436611493204856,-0.015962734982337332,0.00026425903502519084,-0.0028945988490792322,-0.005088071308144429,0.011236290318246798,-0.014743332634303209,0.0038593774564546963,0.005587061163251086,-0.039050491386622574,-0.006672038844753278,0.011202679184341214,0.0035018213330751174,0.008404278931144538,0.02667567008646548,0.03817174938043889,0.01159214338098301,-0.004749004613007623,-0.004095813657411654,0.0035750666035879817,-0.036043231471378764,-0.011197515509220182,0.004131445648396953,0.0037793877337266232,0.007316791488507377,-0.00883312484130578,0.0030948808525553466,-0.01955793277604533,-0.00887864979942688,-0.005667707796448571,-0.009474113997949321,-0.004880986319801099,0.017171457523488094,-0.023046517760345057,-0.009786363059170172,-0.018191125663459717,0.00389525687285443,0.011907978999656147,0.0037611340148315697,0.006590860854286109,-0.0009483767937386729,-0.009273963796177705,-0.003113027262284699,0.014871194608953182,0.012981160944147935,0.01439700740111525,0.01989805261584435,-0.02782336667771872,-0.007364893437410948,0.012780174491637262,0.018343203814281134,0.014375637679285734,0.00031614856535153857,0.015305471887805639,-0.002629633540250758,-0.03016515164652245,0.01185140270161307,-0.011405527614737801,0.007596721072935982,0.0020781674390833453,0.007096101453010634,-0.02367701566902956,-0.0021769092103554404,0.004289913394133095,0.005560837972958856,-0.015440599348529769,0.005866931894100475,-0.007857418396229972,-0.03279510278425132,-0.000506930035213781,1.0,-0.025333939981184574,0.01278325248663985,0.00843421101451907,-0.03381504905859092,-0.022540606506056455,0.01394601315139328,0.024555384337023055,0.002247833052247949,-0.01410518640908716,0.011329346846224319,-0.008467406503727595,-0.018329148698359988,-0.04751187046870059,0.008439788602637267,0.007909228369194367,-0.012496161103463412,0.004530058757945415,0.0045377521088294445,0.005251096309329276,-0.010085256468987407,0.007999809795784948,-0.0075896781116866555,-0.012191404710688756,0.039636826637853735,0.009929876239333552,-0.020127196433029022,-0.02249982086752768,0.009619655053472063,-0.0032001787784143123,-0.016871754047755774,0.0020332070328099986,0.002258552753462007,-0.01828993808253451,-0.004126366687491929,-0.008909769663450376
Arthritis,0.019307792748055122,-0.020402312149022196,0.004844359140562192,-0.004857365488659575,0.013602748797833821,0.017963766061712492,-0.002396662365615154,0.0037050319326317775,-0.000458958805370793,0.013718238319943885,-0.010453372918114228,0.001875573688029008,-0.0038655212641957436,0.008802306423825223,-0.03957232983096062,0.015195534086391136,-0.010264022617509768,0.01830106840059401,-0.0016738186601276761,-0.02140953443976764,-0.02984379615969592,-0.012264985208695671,0.022848657607741286,-0.0091432230604392,0.014324379063639564,-0.011628279641313606,0.0008255984722369099,0.007766989321550197,0.013198296041778617,0.007389967603451185,-0.0077707617526891915,-0.0010374396765748847,0.01708866816043688,0.014311761899294485,0.010835764449042405,-0.013205027998863467,-0.010551330415794738,0.025132601174205172,-0.018809840062436856,0.009162984794067715,0.0034112223066875753,-0.0034482464963428677,-0.011280262615388406,-0.0049995209546895665,0.02071166232311392,-0.026406048772788723,0.019505620516390054,-0.01259681548989021,0.029123873790430282,0.009565203225189393,0.003308916317420119,-0.005174596288466129,-0.008679138981593202,-0.02488208402547641,0.003325247438818146,-0.012612544101209601,-0.004471559415996818,0.014071222939411323,0.005883717254606101,-0.014580746069758403,0.012030654303133433,0.02033323174932531,-0.010045804906969814,0.010782761463583618,-0.01855704755779533,-0.012321255481856341,-0.010882870952576165,-0.0008195824900345901,0.0017188752997524558,0.016065405847261502,-0.027395487574719084,-0.013971689078374252,-0.025333939981184574,1.0,-0.002711064987216387,-0.0004843609150937002,0.00584115219713432,-0.014837864738401488,0.020455095695966975,-0.012729746110753682,-0.005182002869690726,0.00028266969849981147,-0.0013927272663921927,-0.01128484507838502,-0.0015884548401970406,0.0038400520496402646,-0.0014889015236255018,-0.0063398567224607445,-0.01197844514525811,-0.026580330740103488,0.002089779085275069,-0.01866793276095087,-0.007716517826711241,0.010003131147942653,0.031175042088700127,-0.0021254688955334067,0.0021884260972078727,0.0028502153713455083,0.01732048970113366,0.005095591865485533,-0.041257959637601226,0.016058676126709515,-0.006453269686172372,0.008069789500497493,0.002876591264469189,0.00031726478178272974,-0.0020940891451770526,0.005353471251734305
Cancer,0.00037108343502571925,0.012741179123932127,-0.023918106226266434,0.03264397929715338,0.014209288025517642,0.0010628653389624298,-0.01658299237402903,-0.005709870138070245,-0.018318121828318726,0.006630250735670173,0.015767598900334627,-0.0018891130010135545,0.01149628758828526,0.016432721459517817,0.02180221352277438,-0.016268055577781486,-0.028968691275972912,0.00680443279578346,-0.0029466499066785677,0.002515710193772694,0.0005414830987049089,0.0008027768874076806,0.01283984358688607,-0.01225102579821239,-0.0019462218640810172,-0.002223034770423316,-0.0005065302880696755,-0.02349788204281595,-0.017217136414824023,0.0222473291558853,0.008893024488918107,0.0073324407460138375,-0.021010826398550068,0.022108735257248394,0.00521055930754775,0.0078321075909594,0.03561582099299372,-0.0486455557756223,0.02761251109067266,0.029208335540436378,-0.00786512238290649,0.00512760830425328,-0.019262460538590095,0.01564992971390934,0.0057330653931156154,0.014610651416773682,0.008926913299890463,0.012622680609996257,-0.00836991065784228,0.007603854234889697,0.014623344341548999,0.009642641060777274,0.01061992052252209,0.015021926283460198,0.004262963561708332,0.020787930609229826,-0.02522484325293559,-0.004562179732505436,-0.014059709971131741,0.0011155089724454055,-0.002718956023043775,-0.03843341126279754,0.01345503266753409,-0.020308804265075715,0.011794345114853269,-0.02002260544379893,0.0065017561654054775,0.019295801966282045,0.007121729286933015,0.009706008390785411,0.0034681325897769166,0.0023122605939773773,0.01278325248663985,-0.002711064987216387,1.0,0.0005085618194093198,-0.02490507061857699,-0.00043130075404593536,0.01621849656880284,-0.017686532750792894,-0.012129341978018909,-0.01242160847022785,-0.010008187490760358,-0.0030350563056766294,-0.0063459272735779055,0.02131483699097662,-0.00948486763892567,0.013670516931034448,0.01798068217978972,0.008038536606663071,-0.0013230451878737792,-0.008021571105877624,0.00023557675636345202,-0.020591997812270807,0.0221936401377693,-0.0009284828129258537,0.0005989844354342796,-0.017762420580957616,-0.006849466736873068,0.018563785959956496,-0.010243971638094054,-0.008234302864179657,0.002567876177386983,0.0038371324963946004,-0.005781277036588944,0.0013438566161334228,0.004533024358476492,0.003908643519398413
Cataracts (1+ eyes),0.010680714063983193,0.028396447111585142,0.000979549819511077,0.004698588640129513,0.013086336706025391,-0.015310306675822435,-0.009425640954182014,0.018099190765376284,-0.029471164058947792,-0.0009619648758500013,0.013323992605701697,0.0035342558778607906,0.008227873212875566,0.0019778594806004754,0.019086313873098434,-0.011800972482293786,-0.020446022838447393,0.010338735359615716,-0.02998667092942734,0.0027436901660192552,0.005770940815665443,0.0161923825667735,-0.00941499976011072,0.01450719249411931,0.006665777874501122,0.003906733230482579,-0.00249266982182694,0.01117453457361834,-0.0025921498428601725,0.0032710412544035977,0.0484200627295326,0.007159835575945438,0.021708785357348413,-0.004045589358861591,0.023853778503660595,0.03248681195714642,0.007334381410383146,-0.040448021529178174,0.023306581420772132,0.02111465585608276,-0.00030717175665373453,0.018240795655703773,-0.009003312472034805,-0.008892984315531078,0.0013364217335632498,0.009174676073525677,0.010140220745495929,0.006620968627220389,0.021126173399220457,-0.026833732913715276,-0.0036102246203112347,0.0048979171962546956,0.005662547101565048,0.007559730257201656,0.004807360048278006,0.014450458561956165,0.006294325471448548,-0.00025507071801281103,0.001673110812505999,-0.019663503344886122,-0.004023974552879796,-0.02198786701165572,-0.004818515874753952,0.013717902306324952,-0.0013699933903236518,-0.002141016971144916,-0.006278835820231049,0.006254774974572776,-0.00837652246150046,0.007516817689656487,0.001082011826898665,-0.000663224431492892,0.00843421101451907,-0.0004843609150937002,0.0005085618194093198,1.0,0.01574903708707985,0.0006155501444006559,-0.006547912472928125,0.030604059942809233,0.010749784595660726,0.009520422045065325,0.010321314476973702,-0.0020653422005460506,-0.021066638733956273,-0.014907215577573064,-0.018944846203563608,-0.007415891273756623,-0.028021073239690397,-0.015375775126888057,0.01095481871863557,0.00015118631581876967,-0.012091591673255702,0.006768337892974693,-0.030597642716243018,-0.012934171107859955,0.029527012571716266,0.02449283983883269,0.0062731801480830395,-0.006014586439177805,-0.036047162943517064,-0.004681871237490309,-0.011887325697359206,0.0004492684911985393,-0.0001129336097945275,0.0006286742985430884,-0.018412593020328525,0.008727722877215094
Chronic pullmonary problems,0.01139306396455729,0.000862909836107192,0.0035470433278833673,0.006726778280721141,0.013906972406578453,0.025191058211074233,-0.03753839602825672,0.025785175962898418,0.0076241782080836784,0.00819025901660005,0.0013540836604471126,0.009843325233850628,0.0006391925658337823,0.016590302043929098,0.002075020599630254,0.004440361503780479,-0.021426560610022193,-0.006312972712948424,-0.003340122911919835,-0.012330791171892333,0.005758353009569001,-0.00552978709214574,0.010292379162711699,-0.014024924575240502,0.02406606854807574,0.007307743779244351,-0.017357017194579733,0.004525431927420594,-0.005251867410117521,-0.011370273502776525,0.003070432141051921,-0.011082312634492813,0.0018215277789603544,0.011157318037985664,-0.016797018190796934,0.012513201682488193,-0.003173207021182014,0.015552129239189843,0.003340681041233871,-0.011970907630791172,0.0025994244567621363,-0.007982017953659508,0.014655267729935284,-0.00015202438968433025,0.0069337735474004685,-0.0159014622500736,0.002022521637107293,0.000827220404550087,0.00301164028669846,0.00915155923715644,0.006900600183586731,0.006246751039601573,-0.002553246165577794,0.0011424441754269844,0.010002674457357343,-0.017378268492240587,-0.02420571973842479,-0.011306082724628672,-0.0025536383581829334,-0.010543095778868949,0.0027724695824601743,-0.002354675573909295,0.0023352288923546,0.0013844702464770907,0.010457609513327764,0.003825986372631467,0.005388606703886411,-0.0010951982990714184,0.0027907287890583353,-0.003829896091758969,0.026118248479409415,-0.02166855684801448,-0.03381504905859092,0.00584115219713432,-0.02490507061857699,0.01574903708707985,1.0,-0.0016833659158766254,-0.004403207628745026,-0.001983221022237118,0.013990626707281878,0.017683290178862675,-0.03052172400514236,0.005790374216845733,-0.019710238220369526,0.0067691081429851144,0.0049291964574674505,-0.00704703858249602,-0.012219781830698858,-0.013662244574360492,-0.027801957204476882,-0.002831201268353171,0.02999319902894475,-0.0020771813687153343,0.013966313874579746,0.005811316447044187,-0.006806991239444097,0.017016675080784267,-0.009696341524581022,0.017578215656699453,0.005154941982261751,0.010274426709225558,0.02089817901646374,-0.007392580696327103,-0.02135804640089836,0.007186417244405868,0.006116976098111382,0.03149183038414685
Circulation problems,0.016606623760367076,-0.005943749005187269,-0.007953748595847429,-0.0015903256870345372,-0.017853918768869187,0.0064937841494105645,0.007558687619507134,-0.020426214660416418,0.008798021233402861,-0.009293312080221869,-0.002050993118305059,-0.025008187921761713,0.006433467314432872,-0.01613098552179603,-0.0110022077182645,0.0011889110827284714,-0.013319766521530127,-0.0013202024730968019,0.012202081761694098,-0.014757468729936343,-0.027248813142845774,-0.011643639166341575,-0.0034517875429235004,0.006309888465455881,0.023691876370782124,0.01002489683507032,0.007891324247970679,-0.012478896803212142,0.016095051784521763,-0.011940647822567239,0.009574465391319429,-0.008904022446962114,0.013047826541541463,-0.011843280904693089,-0.015754075386419836,-0.01757776117435151,0.02230469650082298,-0.007605548022185968,0.005611634347761411,0.01661145988617463,-0.017712739454775108,0.0018199542400818606,0.005140075987354583,-0.028717498771125064,0.023439332411526178,0.013306541892779895,-0.013139055745895313,0.004438806479190156,-0.0019826714646761978,0.005862548874200848,0.005047435837039017,-0.009445366119393428,-0.03104422502068855,-0.0011385912784586728,-0.0025245058981593926,0.0016940195823659135,0.007782793716668692,-0.007134775524013079,-0.009175938044590139,0.0038814569159145674,0.01006738905910461,-0.012657895878407717,-0.0036038761377772278,0.026889955472362188,0.031039895805636306,-0.0019056690989368607,0.006729475732522432,-0.013221939140812721,-0.007234893073439248,0.00124333306250198,-0.002879740590069253,-0.005862460142032846,-0.022540606506056455,-0.014837864738401488,-0.00043130075404593536,0.0006155501444006559,-0.0016833659158766254,1.0,0.012226572615561688,-0.006498731277972576,-0.015240482508872236,-0.006793899050724049,-0.013964914576344597,0.01617558221281568,0.021682355081901836,0.0069133183702556,0.0017025454014119405,-0.002077391852266587,-0.010172390157428636,-0.007214775131013268,0.02269757532408931,0.004088699405702329,0.029094891435489805,0.020533230579807934,0.006125439807625042,-0.00890044807708438,0.023857938300820204,-0.0017305002689552973,0.02046922492401215,0.011315527327261496,-0.01994962723249398,0.008008584861817441,-0.015053463483748078,0.014302012198479229,0.030547062553281042,0.014138015276214975,0.0029897395228498653,0.023926775275859555
Diabetic retinopathy (1+),-0.009322297311303868,0.006186326983435667,0.02097442441771113,0.0026929187967209777,0.0027670169505573114,0.00905765609137815,-0.006517354962718023,-0.007073120694626518,0.011983867172638779,0.0005889307390594811,0.011163678741203404,-0.01096668844067447,-0.018160841401562728,0.016447090033343367,0.004201913220148757,0.0025506583114824435,-0.0030470862185015737,0.008600103884825976,0.007984409380140785,0.008347775261237185,0.0298124099540842,0.005742668162485669,-0.001259173468444084,0.020674372683425653,0.016237789252189896,0.021632781895927555,-0.015192990968122334,-0.007301173890409461,-0.008423653921728778,0.0008860941296946395,0.008044201749925112,-0.014280840741911804,-0.01769386609119788,-0.011970632859964478,-0.008386876836149398,0.0004928536729660138,-0.015860006798164836,0.006418463432336535,0.002357022589487608,0.005790317102587854,-0.005650521960954351,0.01555053082168544,0.008838782701953467,-0.017841480980309143,0.016563347473376594,0.011282614222631281,-0.011276920174304001,0.004222984432533282,0.04074830611362816,-0.00225408723181196,0.01504203010714156,-0.003187569796447078,0.01614912458174088,-0.001749163532430621,-0.008061700442936939,-0.0023914500334572056,-0.015671953731971066,-0.01005126875990835,0.0009004863667572254,0.002278172999540265,-0.010658771024325806,-0.0033899775715237083,0.019620348675939914,0.006443969703324054,0.0017659085711882213,0.009543752923383246,0.02043067773174969,0.015219244842719425,-0.012134126387157215,-0.007422623683988914,0.01044573934981284,-0.0032377338360994675,0.01394601315139328,0.020455095695966975,0.01621849656880284,-0.006547912472928125,-0.004403207628745026,0.012226572615561688,1.0,-0.02868583915438476,-0.010304485102444213,-0.031234475947842226,0.049152226672807,0.0005030686769830488,0.013249711337233008,-0.04271203021274649,-0.017129037561903312,-0.012302621295542297,-0.001570379541481788,-0.002161989267528166,-0.02669600624975755,-0.010630054919302877,-0.017944478155585548,0.0001355004653229105,-0.0036515672687529354,-0.011228762175415461,0.007385606152402993,0.0006121387890222338,-0.012612458990447276,0.00875289139401442,-0.014172199294484511,0.00695237543877944,0.011919501961487798,0.03234058698592285,-0.017021029810797728,0.012691472431891029,-0.009134887847487045,0.012454456853243409
Digestive problems,-0.014959891424374431,-0.03086941054460466,0.0024862935930162217,0.019285772444844144,-0.00992853728603017,-0.006663582709671031,0.004055277582195123,-0.0016440349375844326,-0.00986273459990287,0.013586582262142781,-0.005248360547941376,0.01660518995967832,0.0043822732399316725,-0.006308266728682456,-0.0195207281254343,0.024653572762365704,0.02021265558498996,-0.013887245665864975,-0.0015509135267127597,0.005952309104184074,-0.003760416203139165,0.019766374949250702,0.013721043883112185,-0.01777966503409036,0.02300166045773599,0.0018661594267946763,-0.0030262324649234897,-0.022233288718020012,0.016218837019961338,-0.006107509390224773,0.001942695818170319,-0.013330773676518054,-0.0023546495835542,0.0027282150239103303,0.0107694550349026,-0.009607222675062076,-0.014888648411559817,0.0143709574152495,-0.005694024803551813,-0.0025434745235624508,0.006977753486099738,-0.0011562621545768838,0.013528383074315668,-6.084791052269609e-05,-0.0030757143166018396,-0.009302957172939955,-0.012892957814500363,-0.0037201278391542168,-0.005066515130728198,0.0003043113239351261,0.0043244959573089286,0.007793695215479428,-0.004392992656329046,-0.01601065476571574,-0.009733898239730846,-0.009234980864694596,-0.0035499466014455895,-0.017608925997393866,-0.010111156838608035,0.020598484163072164,-0.003308560561680765,0.006943059537611465,-0.008142613777016439,-0.011859583304431997,-0.0033988012508439957,-0.01925623546499467,-0.00014338689386611964,-0.013629349558722881,-0.021078201658165676,0.0143224319153065,-0.023715375164315797,-0.01775756311708791,0.024555384337023055,-0.012729746110753682,-0.017686532750792894,0.030604059942809233,-0.001983221022237118,-0.006498731277972576,-0.02868583915438476,1.0,0.00857311165203795,-0.0039453618448207295,0.026049017566572703,0.005249382779209974,0.017898738040720792,0.005095817167896899,-0.02976329686854726,-0.005071617735803087,-0.032239242587341094,-0.006822497004651905,0.020009618660572756,-0.016958511466028718,-0.01590745792247902,0.010495497206684952,0.004239132102671696,-0.023066644413823792,0.030482714587051447,-0.008479925119405091,0.020011619317000497,0.006276063462301525,-0.014718933392537258,-0.01585628131330504,-0.024139776917074193,-0.001233637079079943,-0.01921365007313888,0.003476300463291796,0.013230959375506111,0.01723345028970468
Marijuana user,-0.00474964908119856,0.010044658563714384,0.005202430781420291,0.0012677500677937944,0.005331404851630887,0.025268336303505397,0.0014359500066632163,0.0248061964963857,0.022738530931185535,0.004170123175902974,0.009500986329628822,-0.01268300769383566,-0.005409229763962997,-0.00881168099282105,0.0012004034216423487,0.0014421874111838517,-0.009530010369164827,0.01990092064395021,0.01699416919850481,0.0046386577840153535,0.005529374190777354,-0.005874362639519644,0.02492407470088247,0.008023136405442732,0.006359722039459563,0.0061850563693111515,-0.01999811672326272,0.0018488777003207856,0.0012330187548326359,-0.00041545395687564126,-0.0005807195303204358,0.015518469813725752,-0.004610242029509538,0.04699795754504893,-0.006733743747760136,-0.01117469510778681,0.017612547588857677,0.004143429024050953,-0.01694149491414363,-0.012132456639806026,-0.00039796950051058005,-0.0015370080462041675,0.003954579454023893,0.014899434416168224,-0.02254477400917909,-0.0011421706143377299,-0.006859422664473644,0.029678445708729493,-0.0015116855359371053,-0.012549808622324425,0.0011313753519374436,0.011216774909909818,0.033496655419571926,-0.01510427964236037,-0.0045363869195932365,0.007968608784325358,-0.030296171615186183,0.004846574544952613,-0.0018250757383048311,0.00035442180438206367,-0.011177802517024526,-0.02972720129290208,-0.017743177153721947,-0.013178879154676842,-0.004923058708149741,0.006906774794896192,-0.020270910262279413,-0.007039097154400246,0.03240709200419971,0.013511697832311037,-0.005214921084017129,-0.007472442492905718,0.002247833052247949,-0.005182002869690726,-0.012129341978018909,0.010749784595660726,0.013990626707281878,-0.015240482508872236,-0.010304485102444213,0.00857311165203795,1.0,0.0024614988405139114,-0.00564741603559856,-0.022254224635543565,0.016864074552576394,0.0097679138868645,0.03181456456287242,0.010376338103894229,0.001273504732654792,0.02378142096650919,-0.0035561054370109976,-0.0004212863325130442,-0.005281605035070159,0.015936981206074043,0.021055304352908324,0.012860157190739081,-0.0022939738593769684,0.009983196519236398,-0.012798306224440548,0.005931838764540082,0.003591819956333927,-0.010789603849505343,0.0028641188724193925,-0.015183397264507834,-0.004373696067623644,-0.022309460189888556,0.01976862038386618,-0.0024648251598992877
Dry eye (1+),-0.006904358812810966,-0.005810885920988685,-0.011311931782164926,-0.01784756006481869,0.0072332866257535725,0.0376241869604648,0.001291719335954937,0.04133794356194202,0.0014268827896986287,-0.0017248906606137857,-0.0024878414088735307,0.011357966454052262,0.0227766862311886,0.010927788829747624,0.02897512679146209,-0.03620923425681605,-0.002449179564073203,0.008737149073167864,0.01804965850217241,-0.016274019639811982,-0.004969440840279684,0.0032332159474996193,0.02912948360053317,0.0013673553592874366,0.030003883962098195,-0.027969105370227697,-0.01500346022431331,-0.0027354378730832726,-0.03719133374562208,0.010119700570422684,0.035359183870683236,0.017567797623472416,0.025965348416192587,0.022527233716006623,0.012727064541960407,0.017471249034377547,-0.00440371610256707,-0.004003183041364268,0.008475147413491204,0.028931288364008004,-0.000598261577693594,0.024188993062864744,0.0123610110485094,0.01762527340896785,0.017245559716490826,-9.629067016884943e-05,0.020866805107259124,0.0104095385324074,0.023826659124658627,-0.02229861261925087,-0.01015129539594723,-0.013998771903071364,0.019071911248520906,0.007627428328917614,0.0001319434771768863,0.028861585646104904,-0.016016547352348847,-0.018398988311459655,-0.0013475926576980478,-0.00035375088874252955,-0.027191760849512525,0.010844017312788322,-0.024822939058914344,0.021674127034490807,0.0023429590869544917,0.0016102828969477981,0.004701615878940273,0.007433923089889315,0.029369613558107407,-0.001338063765866949,-0.011604062550015044,0.0010449665211619255,-0.01410518640908716,0.00028266969849981147,-0.01242160847022785,0.009520422045065325,0.017683290178862675,-0.006793899050724049,-0.031234475947842226,-0.0039453618448207295,0.0024614988405139114,1.0,0.0011458282978252115,-0.017349145823492812,-0.007875528993028864,-0.0016078453869575377,0.011599356594222952,0.024091261938775494,-0.01055594039562111,-0.02244009637493647,0.007422929572750269,-0.002474035885118626,0.003998450896205728,0.005874599030377284,9.610100512828376e-05,-0.0022993390182153607,-0.011967398899029884,-0.005425632573831434,-0.01961499557973724,0.0044916893579781975,0.00818339561938392,0.019812144176078714,0.008303603828617829,-0.012292449829870312,0.024368783083605017,0.014175129966858572,-0.008220403497582211,0.0002611009401577666
Glaucoma (1+),-0.004534515350600334,0.0032051409590698903,-0.009226240562561626,-0.006748199891193515,0.019932715248210626,-0.0005073177724617911,-0.00866099514877364,-0.007538477188602247,-0.0022274108283002756,-0.027054656781777302,0.009140354913416648,-0.01807170015959635,-0.01920586523771384,-0.00906286930641855,-0.016890645558580764,-0.024336025685347703,0.003699266791287759,0.00943406538770188,-0.0033319798453691385,-0.001477149802958924,0.0005684058764781776,0.008166858379086294,0.0019997814880940976,-0.005071400806733956,0.0041265773414573634,-0.007287473537312694,0.00775353855929927,-0.01557614092541151,0.002015572032011309,0.005532198724951404,-0.015778223995450112,-0.001708624223649221,0.002712234842324273,-0.015400834550313127,-0.011141127276471673,-0.015677799127903486,-0.006252977314798404,0.01619322753272005,0.002377996403583325,-0.0011467592575272543,-0.00984328625590403,-0.002684891271220639,-0.010237365192041057,-0.01699830285941106,-0.0013981610731750697,0.0016826779283932868,0.006123564137170093,-0.0007988660597769292,-0.00834500306297621,0.0032058546129865896,0.004730699459430197,-0.026529254263956175,-0.02321652229551616,-0.024636294932396233,0.008717469886253154,-0.008590076781409071,-0.00669899458601136,0.0009008937966276201,0.009758512808080355,0.011567602962921178,0.01657950435076773,0.0004827110821870951,-0.018652586546283018,0.007032783143585009,-0.002244040083179724,-0.006434438124130149,0.009251434980798308,0.00564478745166064,-0.01696714024661578,0.014540026054398239,-0.006726670019931652,0.013283751978342124,0.011329346846224319,-0.0013927272663921927,-0.010008187490760358,0.010321314476973702,-0.03052172400514236,-0.013964914576344597,0.049152226672807,0.026049017566572703,-0.00564741603559856,0.0011458282978252115,1.0,-0.001654437852155215,0.0033565351039835482,-0.010298894626953521,0.006815358363309413,-0.0036336152101273606,0.030202083741641128,-0.016197522270414284,-0.012396297107917502,-0.0019161497079728236,-0.019789455270556013,-0.006097012446912024,-0.0014451155422408669,-0.012725772639642913,-0.005139600798085133,0.0016646470666701325,0.015757924777356935,-0.021946940924361186,-0.0018089121975419797,0.01873424412515375,0.015717645721039442,0.010488814732595867,0.02036993589932139,0.0033318513575739716,0.010542603109110576,2.492120949803537e-05
Hearing impairment,0.012681412682277925,0.014326178887554157,0.005678007507112598,-0.028965723195414114,0.005291368858526177,0.00039982957097445097,-0.01779646047712785,0.009431123963529815,0.005501998522466758,-0.015546698151000477,0.008896280650598557,0.001154762313060578,-0.010239850769167806,0.005996265525370156,-0.018276267403019807,-0.014775506706089143,0.005783140633023882,-0.0333957988476715,-0.0058795661081271385,-0.02216513355381519,0.0061668911815187565,-0.020250641809076236,0.008994656094545361,0.007184825954704939,-0.010690716553568905,0.0003357090163595373,0.004460211595217808,0.012717102986349132,0.014854712606077108,-0.005228587695323861,0.014759761052468104,-0.0006272711885478006,-0.033593385886689836,-0.009386941331040335,0.0007491599776187853,-0.00978711424220582,0.011715471242849735,-0.010385383691043179,0.00824528063155216,0.0035665811840097867,-0.0037306140728419457,-0.01205185640462881,0.011384032278362887,-0.016687267895239034,0.005453063553685169,0.017729116952200884,-0.02201001952328246,0.0039573744357036455,-0.005010758700494436,0.007905841410011414,0.0017119492278328556,-0.00545871349100639,-0.005424909100963627,-0.007294541797104608,-0.001706996874410151,0.0163971335169002,0.011413012832836553,-0.0066320127574295805,-0.0016680575869540088,0.01177643499641883,0.005983767435946803,-0.015704756694486028,0.0003290598310595599,-0.0034744281395545098,-0.0006375643546448365,0.000123304438991077,0.03155444821487275,-0.008626540207777054,0.008633704134404152,0.009495878881152648,0.027468940618687713,0.014814996805293777,-0.008467406503727595,-0.01128484507838502,-0.0030350563056766294,-0.0020653422005460506,0.005790374216845733,0.01617558221281568,0.0005030686769830488,0.005249382779209974,-0.022254224635543565,-0.017349145823492812,-0.001654437852155215,1.0,-0.0031372890278576187,-0.007084753457666821,0.009072687490824375,0.00639521562594849,-0.0248308456166544,-0.0063762265850107695,0.023911861133918286,0.003585257761076047,-0.029174349410830146,0.026198642145216847,0.005290327046782645,-0.00838836453527939,-0.012944799501033914,-0.015138205325814984,0.00013474304897625146,-0.011923886406598796,0.01710912254492252,-0.00698531480242478,0.0022137731420346467,-0.0025017640644044627,0.0025652688017544266,-0.004925961944366474,-0.009802681919306866,-0.014778042355289284
Heart attack,0.0029954097861309603,-0.016646440773369908,-0.013207437625858125,0.03348011676714193,-0.004921735111759062,0.014323596003978607,-0.007830191208011027,0.009214493965444416,0.00922108282449681,0.02738887725799881,-0.019971399030332,-0.008286097186467516,0.027726044578591378,-0.0015954651926836838,0.008833706682181745,-0.004427211074726128,-0.01958768667441277,-0.0002985900324268588,0.007204374928369321,0.004115694724152458,-0.007936298435600078,-0.002812387505662771,-0.009468674295015527,0.009655221487577793,0.0077611679996518485,-0.00854241473044735,-0.005984817434642431,0.004397507033059749,-0.001448442175628215,-0.008129044424169785,0.009732779791404914,-0.02115865468991481,-0.01545083817895434,0.014136639686697877,0.0014519003558712863,0.01827516678025857,0.004797387497822598,-0.014781517834303001,-0.003445933622562176,0.002795526721764452,-0.005768795419232668,0.006640801044223144,-0.021720221638627586,-0.007703692698856497,-0.009623205760227727,-0.0014327621383921534,0.010969924332516241,-0.006950041070682009,0.004997878369104689,-0.020053434356288716,-0.006593108114471483,-0.00961744027811395,-0.0066116124153951135,-0.01201270451200955,-0.005344631240171518,-0.028563223977277757,0.028970368458574574,-0.02929912187268853,-0.014180918597899803,-0.002593731431568965,0.0050406851741758366,-0.0011229275073989082,-0.020680918438379953,-0.00048177862311735316,-0.004258521344141467,0.0029892471691275947,0.008501580180480717,-0.025296801573181222,0.00047713556115784193,-0.014316799671476707,0.006750326732535184,0.0006041192637457048,-0.018329148698359988,-0.0015884548401970406,-0.0063459272735779055,-0.021066638733956273,-0.019710238220369526,0.021682355081901836,0.013249711337233008,0.017898738040720792,0.016864074552576394,-0.007875528993028864,0.0033565351039835482,-0.0031372890278576187,1.0,0.03648340363692512,0.005563192211200199,-0.01002345611184914,0.012482195685286673,0.017354855858598493,-0.0006517897675206277,0.01259424321689593,-0.01638241623788833,-0.0007886962284177843,-0.038986050983763024,-0.013259148992125267,-0.003817193219215142,-0.010967602924574181,-0.008768590054114284,0.010276360564558712,-0.011890139486571305,0.004120763715852291,0.02090986614265025,0.025569386264836805,-0.02252550138442259,-0.009854064557953299,0.0006904045149860303,-0.019986802448327786
High blood cholesterol,0.005927981077112725,-0.010302517657902462,0.0036903081397740923,-0.0051455461253142685,-0.00513042650591911,0.004481443028334455,-0.00749091798967031,-0.017430318736838077,-0.03288624741463239,-0.028759039721526027,0.0018180281440885776,0.005474707553503359,0.022901360730553447,-0.0005384770734619772,0.019405676287929004,0.004976714582072165,-0.0010832965820581617,0.007925621662177782,0.011711014687818638,0.014236885664708685,0.010644954752100694,-0.010191268852735306,0.03886614029176773,0.012092140516059547,0.0003735447314283638,0.008007396274394838,-0.019789164383203935,-0.008765864754040219,-0.01842847186044523,0.009721115731095522,0.013227867837903303,-0.008422436495840062,-0.009681728859294376,0.014196135810236677,0.006855089718799435,-0.004242685497309647,0.019343996959203483,-0.0046753345341914955,-0.018145576975166968,-0.01120028612677826,-0.005217185724110287,-0.01076459913411565,-0.027000116114851397,-0.016930744424006192,-0.004020900254357039,-0.0025773689398893,0.004708086042100389,-0.010894302385660802,-0.019106393963060724,0.014311437444153266,-0.006502494307289676,0.02556056913772076,-0.007268184205214518,0.011621199910336348,0.011237090662411138,0.004957664030112565,-0.02220232974999243,0.017885827420633455,-0.013592558165174583,0.0017778258650675885,-0.018281958104605645,-0.010651924210612266,0.00019117603870878839,-0.01346846345981203,-0.008039477182900264,-0.005914914279453846,-0.004939376414412184,0.01714139480407075,0.003133692389383391,-0.013031361608704377,-0.001746539503389324,0.014302063737275337,-0.04751187046870059,0.0038400520496402646,0.02131483699097662,-0.014907215577573064,0.0067691081429851144,0.0069133183702556,-0.04271203021274649,0.005095817167896899,0.0097679138868645,-0.0016078453869575377,-0.010298894626953521,-0.007084753457666821,0.03648340363692512,1.0,0.018176339903897883,0.013942133547011933,-0.02490816312455622,0.0007400703997894615,0.013407395079471564,0.004537107535121791,-0.001849498312232041,-0.01812426439205686,-0.004166032463202487,-0.00023940885520225996,0.01422630279426173,-0.023176181121264978,0.0005002215518367098,-0.008586696916537368,-0.008408916756711267,0.0052363415589025426,0.006645972277897726,0.014297737747146579,-0.008397661996193585,-0.004035451306561261,0.010761445219683237,0.006765972967168681
High blood pressure,-0.010011259582394324,0.010810211315319321,0.027151044590438645,-0.014320215957849615,0.009461556395938016,-0.011965166562234387,0.01334129078840732,-0.001477088468343326,-0.01343877308634338,-0.013884253080948872,0.012871641555798263,0.009585876409201931,0.006103421447259873,0.00757713237735615,0.008958417771439868,-0.015426020057298423,-0.009282387886818112,0.007249432696566072,0.007806415180961952,0.002504914571028707,-0.008552821530722949,-0.011098044442111753,0.005974342315090042,-0.012394208921240615,0.011096907085394877,0.018342373542415004,0.01936005425735254,0.0005348456389913449,0.0015749222115387363,0.01355047948813538,0.02147018168809087,-0.00287770237343938,-0.0014848046084952945,-0.004320507005051396,0.0014313941417424948,-0.0019245047966958925,0.0008263647172555285,0.014342182633635526,-0.005742176199348811,-0.009713075200698435,0.004139060997407727,0.00411317143166904,-0.010294143115209781,-0.007466926024696597,-0.010471009509533497,0.007883349981920721,-0.0020663877839960194,0.013553728915897647,0.0110696874178963,-0.005549305830557145,-0.025881290246583238,0.009566296090132608,0.0005713322940402547,-0.005580926623516582,0.008885143192881697,0.006548414719556716,-0.011993742478330561,-0.0009264725054233794,0.013439221929352001,-0.008722392917277784,-0.0030879458147395197,0.0007690512410541523,0.006402204126420964,-0.020609332543730666,0.011637244972123277,0.016661649395692667,-0.0032530242738713325,0.005643926932411911,-0.0003199852094026724,0.026329642625640238,-0.009887518693846065,0.015410440724871768,0.008439788602637267,-0.0014889015236255018,-0.00948486763892567,-0.018944846203563608,0.0049291964574674505,0.0017025454014119405,-0.017129037561903312,-0.02976329686854726,0.03181456456287242,0.011599356594222952,0.006815358363309413,0.009072687490824375,0.005563192211200199,0.018176339903897883,1.0,-0.02093626739463946,-0.01385576039488972,0.014026882366606678,-0.013169309004136865,0.008854198825255484,-0.0115702518620249,0.026874611172262215,-0.02086784900827758,0.0019195408586788027,-0.013012418396788628,-0.006516309588003862,0.01133959484336639,-0.016425143093004448,-0.0099429194702809,-0.027303773926426092,-0.0012951896180465176,-0.012284258284036651,-0.001118903275648962,0.004218908933597699,-0.02614774213892498,-0.0021739470531913743
Kidney problems,0.007857567240162252,0.010919286073940397,-0.016926404426581942,-0.02172107331536545,0.009270972279268461,0.016570269618353683,-0.0011455341074916954,0.010028189643055354,-0.022581915366512863,-0.0064605696174241676,-0.007805439343815567,-0.03275084270163319,-0.01187524178305298,-0.009568482759132125,-0.012726150213550506,0.005957239694014535,-0.0015419503557934002,-0.02162538484063921,-0.03513705217411654,0.04259114804957132,0.021915635920749785,-0.02450649608509273,0.014516828162149198,-0.01594060736405137,-0.002651532351151687,-0.02750039800376365,0.01161697183638595,0.01964623804298018,-0.006357360236840243,-0.02510840803330055,-0.025394470992070026,0.021856356197732792,-0.001496362509538791,0.008977483165693419,-0.011496798680044057,0.0033198562655778322,0.014154716105354508,0.005340967138579148,-0.038278272096143186,-0.01598156498684762,-0.0499721387167529,-0.01399970515146974,-0.020757104521541857,-0.022917334878160656,0.0001345834008549634,0.009394090620869041,-0.039163347044815465,0.0025395307883209527,-0.012021819857331362,0.01686904537704546,-0.006743794704243504,-0.025240932997736783,-0.03729382005160986,-0.02381479203988899,0.004898312026032487,0.002096704810308144,-0.0003083260030138744,0.024994794455821607,-0.006924324026606183,0.0004935487559786514,0.023077184002814048,0.004620248862048358,-0.011051690277235056,0.001552781474612747,-0.011821849314943445,-0.02472944231292477,-0.025417436185500575,-0.01642819611305195,-0.028073717697087747,-0.00961271451008821,-0.019512418989813696,-0.022042016685867933,0.007909228369194367,-0.0063398567224607445,0.013670516931034448,-0.007415891273756623,-0.00704703858249602,-0.002077391852266587,-0.012302621295542297,-0.005071617735803087,0.010376338103894229,0.024091261938775494,-0.0036336152101273606,0.00639521562594849,-0.01002345611184914,0.013942133547011933,-0.02093626739463946,1.0,0.01160628240730258,-0.003089357489795721,0.011218033975970133,0.005892427235350515,-0.018206340837012946,-0.000540748257793593,-0.006619057006593461,0.006837715659294666,0.02577208944957882,-0.009294925243742352,-0.003716747796290312,0.0012499005130052225,0.025258489949240886,-0.00175272877967067,-0.00723280552646033,0.01573072259811729,-0.016082924345456464,0.0037606026722421973,-0.010954361909483002,-0.014146056495941106
Low blood pressure,0.002089707624302404,-0.014432737018733875,-0.007565610948271848,-0.010684047966097806,-0.0157243958815979,0.0018568759362590295,-0.006244676801254345,-0.016106888533809625,-0.005323431645154989,0.002543067660810391,0.008164277607709033,0.004253812534463025,-0.014225587125009778,0.010030698785623184,0.01939229402361622,-0.004622316773624325,0.004375483367360757,-0.009431573450479453,-0.0004353002048668884,0.001833329769770757,-0.004063222551591798,-0.007242530338752592,-0.03040489663291474,-0.025202600862007592,-0.010853715346094903,-0.000263721521721673,0.022476728174696405,-0.007929656119149546,-0.004117056806782354,0.004138345194706134,-0.01091224750392139,-0.00839684393700869,0.024168991110303017,-0.00025992481711354146,-0.02247926751855213,0.00951325935286805,0.005021986870222422,0.010579388155409358,-0.009757492540005687,-0.008608409276848642,-0.01088657905283757,-0.016280656209350368,-0.009558017826916882,-0.010606154958879272,-0.010795554886086285,-0.01072266206440629,0.009994736731494768,0.00081421363545705,-0.01714011828891994,0.013167656618441293,0.01788305395419478,-0.004442640426909118,-0.016493762662200845,-0.0031112890832172622,-0.00027756840025286385,-0.019533171429823904,-0.004402803819139277,0.004664590798435038,0.023523480879614582,0.004204421416000676,0.010646374643053062,0.014824686674684272,-0.018247834117361333,0.00444629177343019,-0.020404444916397004,0.023417537510612027,0.013471160751885447,-0.0204830944800506,-0.007255567089605816,-0.01759863317846104,-0.0036739079817009065,0.027052300298765097,-0.012496161103463412,-0.01197844514525811,0.01798068217978972,-0.028021073239690397,-0.012219781830698858,-0.010172390157428636,-0.001570379541481788,-0.032239242587341094,0.001273504732654792,-0.01055594039562111,0.030202083741641128,-0.0248308456166544,0.012482195685286673,-0.02490816312455622,-0.01385576039488972,0.01160628240730258,1.0,0.03648194583507286,0.00981431075746009,0.004904769260883811,0.008801180577068848,-0.010157266180764696,0.02785825417609423,0.02367190980891362,-0.008166982657785976,0.008274235533123491,0.01712440121084501,0.017052317505329075,0.0012635626034804544,0.011338939600116128,-0.0041202748700264035,0.0007512823731959048,0.023449075774312208,0.01219828090376473,-0.016439990651344317,-0.007107520288219229
Mild cognitive impairmen,0.0017784382449065475,-0.01550317531391951,-0.004183175065201844,-0.006655241172413297,-0.0018166679812728582,-0.008513155148779135,-0.009918358856515394,0.010802893914895827,0.0120592126412456,0.013479696707489105,0.009210755892948346,0.008864975593137727,0.022605706545303045,0.028675021215826723,0.018020315854156414,-0.0012072152440266673,0.0064430283447660915,0.010239444716799863,-0.015567856778436816,-0.010277325725875886,0.0117051980844412,0.017656720156542353,-0.01731274761703542,0.010443660240412347,-0.017391366138669154,0.018825332856909613,0.0032267967939996673,0.011944394311983032,0.018830375437594932,0.023051638188480467,0.0008092499843794952,0.018714859152770963,0.004681933551635161,0.02301873103837981,0.0051890969014784065,0.006795063834901396,-0.002449396618442943,0.023466918968021982,0.0038427044501811052,-0.0015106744463312639,0.004653627773337685,-0.009396969677812863,-0.004379054152726015,0.0214447300843381,-0.001733086657747584,0.014196386901057395,0.010849763578543139,0.01300520561939175,0.0062679374855976735,-0.007026994575654949,0.002605853232038052,0.0247803002860582,0.004832187860907762,-0.005584930535020193,0.00816808583843127,-0.004630273949435163,-0.000985540157351892,0.004838747709578676,-0.011330063848275831,-0.00582555718586104,-0.04816431396166239,-0.025306146130355433,0.007489887625715484,0.014594807179734633,0.0009554214373744036,0.011867928409319679,-0.004403699439975314,0.002731487465706877,-0.006482335482641902,0.021503314551548657,-0.006316860870178968,0.01034058346048783,0.004530058757945415,-0.026580330740103488,0.008038536606663071,-0.015375775126888057,-0.013662244574360492,-0.007214775131013268,-0.002161989267528166,-0.006822497004651905,0.02378142096650919,-0.02244009637493647,-0.016197522270414284,-0.0063762265850107695,0.017354855858598493,0.0007400703997894615,0.014026882366606678,-0.003089357489795721,0.03648194583507286,1.0,0.006594558215050557,-0.004512706411412684,-0.020626294912911597,0.02141525389056881,-0.021203497327317362,-0.0006187485989547276,0.016422246724001624,-0.009035407780095569,-0.012066022529488924,-0.013581334571427002,0.006681403096225686,0.0018828348995746905,-0.0018115302504462503,0.0023345008085080164,-0.03438540519363291,-0.02223243155529951,-0.00852130094954702,-0.0020076259335022905
Multiple sclerosis,-0.015719973718015933,-0.010514462015212457,-0.006818421240012832,-0.010247453937781991,-0.03683432668492806,-0.024477299410552232,-0.015104197546897406,0.010101809304315049,0.0017269090225623092,0.006093573697789867,-0.007110096246078026,-0.016183356561442454,-0.0044197281382173485,-0.027273932302977852,0.023858342608984513,-0.010331781761378297,0.029658471294401304,-0.003623794188933067,0.009834750150431308,-0.017038689704888924,-0.018661309739037384,0.007106634300052624,-0.022209149084640948,0.002630283367663656,0.0046550244035283425,-0.017929310359013496,0.02366696712138703,-0.00668503783935381,0.016585622373403244,-0.0016397381444892955,-0.013824015532394703,-0.004204804323674052,0.00036514995591716053,0.01971043129874378,0.0003100745670130012,0.022644099940640303,-0.016315309093600266,-0.031012928625446478,-0.014477721312362678,-0.008755109450826228,-0.018035597411168742,-0.009588982891359779,-0.00425487812549596,0.022583465997440308,-0.02428940569621369,0.00024991322947350627,-0.013607735805370043,-0.005219250165236915,-0.0067066062211812594,0.01820649118400381,0.04019128979310144,-0.011208754549074598,0.017245248821694217,0.00599097379771149,-0.01244823004290538,0.015069437101109778,-0.0026086219106508657,-0.0021442343751749424,0.026371523981659834,0.013417695556323373,0.005002756088969827,-0.021198389113858896,0.01630701881679215,0.014457186562694336,-0.01030165365002738,-0.01640640454675451,-0.006941578724565762,0.006242847226744682,0.009964514645348402,-0.014358680274903628,-0.012589198641535479,-0.001120582936122483,0.0045377521088294445,0.002089779085275069,-0.0013230451878737792,0.01095481871863557,-0.027801957204476882,0.02269757532408931,-0.02669600624975755,0.020009618660572756,-0.0035561054370109976,0.007422929572750269,-0.012396297107917502,0.023911861133918286,-0.0006517897675206277,0.013407395079471564,-0.013169309004136865,0.011218033975970133,0.00981431075746009,0.006594558215050557,1.0,-0.023219735077330033,0.004499242656687897,-0.009409917959635578,-0.007913345407181503,-0.015331081572163015,0.010276306319892792,-0.014930434043076486,-0.012565026868580952,0.008516962613876432,0.01348278071978354,0.008646523645789016,-0.006281013545548115,-0.015899576877813786,0.012477906684816282,0.009099893761580378,-0.01745457233795574,-0.006616112719185824
Obesity,-0.02236637657559737,-0.03019611733019838,0.02733032011986285,-0.005316113384419419,0.009364841893193105,0.005907842630696099,-0.00012835840045720426,-0.0036370576656559956,-0.020388911661382923,-0.018329250942365965,0.008112398359132904,-0.005667366436086475,0.025463000670387058,0.005639832095365479,0.01715283067403501,0.007247792597294422,-0.015938447572445825,0.021973373446447616,-0.009102130832787674,-0.0146869122609601,-0.002547992399384732,0.036129681098697304,0.001138333988053304,0.0022615234377809765,0.011338052560380845,-0.01648043111377061,-0.012534792337554026,0.002143738685883775,-0.003173390742391079,-0.01602207313574599,-0.009095000167876788,-0.011525231047421015,-0.006650098909988996,-0.006768299254452789,-0.01163042737306683,-0.0038875842688702333,-0.0047993544547079115,-0.005969205647191451,-0.02444793431567903,0.022394723328883086,-0.009218493861886732,0.00824893460345475,0.0130186211637544,0.0009694121890819299,-0.01218102807415914,-0.004677118115367224,-0.005115439773852546,-0.010469908611773916,-0.012374493534986283,-0.007528911668698424,0.007165028242034011,0.022831305164377733,0.02335237187470075,0.023688702747490624,-0.005706792725247694,0.0014282863520198891,0.03154623776011462,-0.03386682830050934,-0.018050383499367325,-0.0033240591829434593,-0.0019604468321486428,0.002675844620508659,-0.011481635164144823,0.02310467832925289,0.002806929835909991,-0.0005742425115875816,0.015342798714774862,-0.0028108400802573466,0.007504521944654634,-0.0019361499978801649,0.0037276597350015023,-0.010118321960322968,0.005251096309329276,-0.01866793276095087,-0.008021571105877624,0.00015118631581876967,-0.002831201268353171,0.004088699405702329,-0.010630054919302877,-0.016958511466028718,-0.0004212863325130442,-0.002474035885118626,-0.0019161497079728236,0.003585257761076047,0.01259424321689593,0.004537107535121791,0.008854198825255484,0.005892427235350515,0.004904769260883811,-0.004512706411412684,-0.023219735077330033,1.0,0.007081570847563781,-0.02021085146632112,-0.0034362661741354295,-0.005111715509244062,0.00658088357231366,0.018909350526431213,0.02256561042644113,-0.014304594729637011,-0.0037891725834706814,0.0004985601277500427,-0.0039383131336255435,0.005249382779209909,0.017591533188671446,0.022271689265746793,-0.018864579547558512,0.012512106833649683
Osteoporosis,0.0030904994899315415,0.0010810618600480234,0.0015217111511790695,-0.018697107282004924,0.006086148243459696,0.01775787444452149,-0.01759960000265778,0.004190599744486613,0.04209127137068735,-0.009579701248705701,0.0008024787909764494,0.0018157007625688502,-0.002678615964318103,0.010028820809029766,-0.008103883400061756,0.006863273792698606,-0.00886234253897695,-0.013240550828777831,0.02460735141061922,-0.004742069887355275,0.004151700539086025,0.0011680595914806005,-0.019747362169499016,-0.017198311785232047,-0.00976978537333945,0.000791390700747117,0.02314060521939647,0.018330999670730735,-0.02034198844654156,0.025598452855686113,-0.004657259915027061,-0.0014961157883712076,0.004614614279325412,0.008626960306406022,0.00016154651899925388,0.004557283314444994,0.017307181064888065,-0.020461099698144455,-0.01653510930469912,0.0026358554036988715,0.0013272429183754284,0.03720842103088691,0.005705384499618727,-0.018567592410619706,0.0002028603867801731,-0.00507439539764151,0.00930870954491845,-0.004774824445761755,-0.006453738593629126,-0.010995702712034759,-0.006896214160418358,-0.01564720008542768,0.022005798346045685,0.0027753297256182556,-0.018384519628482872,0.0022758846840166933,0.008425231196582256,0.0237793524927824,-0.021972959039570732,-0.0068626459134116,0.0023126045808689925,0.015076923831461383,0.010171328407768751,0.01230230985580327,-0.001654304644042933,0.0014235532784699079,0.008163554351153908,0.009579179376278987,-0.004527510916364099,0.016421895939539112,-0.015611203040442504,-0.0019609373802035876,-0.010085256468987407,-0.007716517826711241,0.00023557675636345202,-0.012091591673255702,0.02999319902894475,0.029094891435489805,-0.017944478155585548,-0.01590745792247902,-0.005281605035070159,0.003998450896205728,-0.019789455270556013,-0.029174349410830146,-0.01638241623788833,-0.001849498312232041,-0.0115702518620249,-0.018206340837012946,0.008801180577068848,-0.020626294912911597,0.004499242656687897,0.007081570847563781,1.0,0.01213914482084333,0.02033957081065641,-0.0015248870365103652,0.004899716834159152,0.007821658240614846,0.005858720152464812,-0.011297890896738765,-0.007011514020810621,-0.004235730169324806,0.002321198530295799,-0.004469875609896503,-0.006623614116906842,0.0038015593363823737,0.0005618916815603394,0.0019781288312603336
Other heart issues (pacemaker),-0.0018192899460306336,-0.004057840342118986,0.015037554610230153,-0.008690021461612905,-0.0032898361543915703,-0.010233121203106384,-0.004523760721081207,0.0038087406508162205,-0.013004116383489969,-0.017557696760544327,7.871489390707083e-05,-0.007772922177047545,0.011615365678186485,-0.0018051863095957528,-0.010111183951090476,0.023748705260558875,0.035376358816192624,-0.002180707807112658,-0.02076363559427311,0.006905187393559113,-0.008078898296349063,0.015190288548385734,0.014949800281708713,0.014614150979559128,-0.010735126383877625,-0.03457567244343698,0.008214733821032728,-0.006047682397690625,-0.016546793121479445,-0.03351394654835605,0.00020419622699354722,-0.010667264234058971,-0.010307669418495896,-0.012124046450457096,-0.02942781475347304,0.0017695132802199045,0.00990051765264905,-0.00443611645467472,-0.01602068440063583,0.005229007189475929,-0.025654738054493767,-0.0011566647025675674,-0.014052129748953321,-0.015302936939488329,0.020072194348109338,-0.010300149636768787,-0.017248406668623782,-0.04587111407590442,0.004961646698642592,-0.006256988790990862,0.009568589384342645,-0.022617993127111376,-0.014359592631094,-0.0033678565229336935,-0.019013940127519256,-0.024651854387381836,0.01866650738426976,-0.011732069291573912,-0.0056643794117386785,0.01849350133593114,0.007084277035467992,0.037494360423842396,0.024459391095922725,0.014545621447035141,-0.014826812086661405,0.0067833845608091655,-0.013206925770997873,-0.02638839901294057,-0.00735765856645859,-0.010157059672178942,0.014110675354870554,-0.008428413252316028,0.007999809795784948,0.010003131147942653,-0.020591997812270807,0.006768337892974693,-0.0020771813687153343,0.020533230579807934,0.0001355004653229105,0.010495497206684952,0.015936981206074043,0.005874599030377284,-0.006097012446912024,0.026198642145216847,-0.0007886962284177843,-0.01812426439205686,0.026874611172262215,-0.000540748257793593,-0.010157266180764696,0.02141525389056881,-0.009409917959635578,-0.02021085146632112,0.01213914482084333,1.0,0.0014221075748332376,-0.0046821686722559284,-0.009490918305601689,-0.014787702569251042,-0.015849123736143614,-0.02235953782952807,-0.005434496384959831,-0.006406688107766578,0.02562727032956579,-0.030240145623128805,-0.004328793901216142,-0.01053385432952937,0.01537313654841817,-0.012125193039538499
Other neurological conditions,0.005322778863848799,0.0047132717738162305,-0.00940441123582009,-0.017644044325358592,0.0016621667313213395,0.029957868386115027,-0.012007075928249596,-0.020779027836933795,0.011596403475935308,0.02097167958675909,0.0038419003474372245,-0.018238034730155308,0.020974413766208514,-0.02010945758704116,-0.001181069015748465,-0.026900548640742178,-0.008113558006533454,0.018373757084835712,0.010901282785921826,-0.019738421390995436,0.01886721674743887,-0.0027129492853909557,-0.015075814868622148,0.0004872225668623476,0.011489695143306776,-0.028103514642866968,-0.0019630817179349387,0.0032204057287844204,0.004739134962539845,-0.0009292974247931964,-0.010726517406212471,-0.015008319114942322,-0.0015039784482288707,-0.014049682680679543,0.004446722389713348,-0.0055673138626871,-0.01593838813800019,0.020520995092279455,0.02462698731852636,-0.010260427844032211,0.003337556672345881,-0.0012354963877072686,0.012066755334103106,-0.01400062265317716,0.01017088855314555,0.002824878210775963,0.018357509700890392,0.021146168167244447,-0.011329333151685262,-0.0017088354528602204,-0.008665736512931847,0.000899404565396541,0.01528112003110543,-0.009337693110794304,0.0025476836727707304,0.00994854523544661,0.009650925345573044,0.012218965122065915,-0.016122193342404906,-0.008777639361616468,-0.010943193188454835,-0.0016460320799695323,0.007702039079674148,-0.0031987115383693065,-0.005358294736235972,0.004498785962614086,-0.03331911128815463,-0.011797959115526184,0.012910732727504993,-0.004148278387283142,0.0223006606012994,0.0002679268287399571,-0.0075896781116866555,0.031175042088700127,0.0221936401377693,-0.030597642716243018,0.013966313874579746,0.006125439807625042,-0.0036515672687529354,0.004239132102671696,0.021055304352908324,9.610100512828376e-05,-0.0014451155422408669,0.005290327046782645,-0.038986050983763024,-0.004166032463202487,-0.02086784900827758,-0.006619057006593461,0.02785825417609423,-0.021203497327317362,-0.007913345407181503,-0.0034362661741354295,0.02033957081065641,0.0014221075748332376,1.0,-0.04120387593868896,-0.010582493803863344,0.004804084824399225,0.006125439807625022,0.007628083495471706,0.01612650429793622,0.003323630843249203,0.0029784124919470948,-0.006893456454898659,-0.027003532322688376,0.005332167885487253,-0.019277164398874728,-0.0246802242348467
Parkinson's disease,-1.859435968710241e-06,0.0008465931599328807,0.0030271600284449128,-0.0032304220061905964,0.008024546389061938,-0.02771793539820233,0.0009274982966963489,0.005235300320798071,-0.004650644371798495,0.0324911179946106,0.03671318141901845,-0.022590020861662334,0.019308926486967092,0.016341229750261404,-0.0021852314479635262,-0.01630779229105601,-0.014465495122957356,0.031836164514304335,0.03154886940713652,-0.005695100111343154,0.02250036832040665,0.01847267817694881,-0.018439287793222073,0.05043661646421666,0.0030348191431384033,0.002119956888620269,-0.0034349318389725737,-0.004090980873327722,-0.013789337313597329,0.016944173277045473,0.01660015688846016,0.02042926104727378,0.03253646123293101,0.006753966407223554,-0.021375864523098195,0.041455687633134494,0.023765761371537464,0.0061772857591450145,0.026911312786584568,0.0025793486053627755,0.02118509381694549,-0.01012874494996003,0.00131925297013558,0.025943270923907035,0.03128759613895794,0.02298792649458589,0.0008624837383994487,0.01948327888356701,-0.010219869774608722,-0.017467065103958755,0.011434947759112078,-0.002608489196411985,0.029353503997523487,0.020744821434752383,-0.010685456582383122,0.0014697262291991757,-0.022210872901283384,0.0008075678804960541,-0.012548744048918571,0.010361088851594117,-0.028654778611615642,-0.016033969471613233,0.010977095584648495,-0.0354292960451908,0.014383186202985777,0.005287416392850065,-0.020266617245670873,0.018318459229527222,0.01833488328623663,0.0044379829300304355,0.014205343712569684,0.013045623944429792,-0.012191404710688756,-0.0021254688955334067,-0.0009284828129258537,-0.012934171107859955,0.005811316447044187,-0.00890044807708438,-0.011228762175415461,-0.023066644413823792,0.012860157190739081,-0.0022993390182153607,-0.012725772639642913,-0.00838836453527939,-0.013259148992125267,-0.00023940885520225996,0.0019195408586788027,0.006837715659294666,0.02367190980891362,-0.0006187485989547276,-0.015331081572163015,-0.005111715509244062,-0.0015248870365103652,-0.0046821686722559284,-0.04120387593868896,1.0,-0.013036978721620646,-0.02332839907591667,0.010395219093932581,0.02585469848529959,0.01753329481488082,0.022316266061664005,-0.011612907394061555,-0.014117787916600868,0.008141094357976667,0.013000727775315246,4.8326773359267296e-05,-0.025844127527004736
Retinal vascular occlusion,-0.011122912429250474,0.005542530443253716,0.019135746537134363,-0.026600935789961064,-0.012805317268003337,0.02136153821357175,0.010549456381178114,-0.01264556143038969,-0.00643951919941508,-0.011045333053097298,-0.0023650787757708495,0.00010640552164181252,0.015610229718063699,0.003605538989368531,-0.015579595724580295,0.01438478409701655,0.028722046775938755,-0.001404176593221589,-0.02515142134577014,0.003322649533204663,-0.012386786661928611,-0.005904487090784051,-0.00540506253023876,0.012869957312214212,0.0014713932523429322,-0.0100898947189714,0.008344863885116233,-0.01646226696806882,0.03021743030342955,-0.009279090475619842,-0.016967111173245026,-0.004529446954760828,-0.0031325544725328064,-0.005407438003617251,-0.013777756390990726,-0.0019469318944645448,-0.002370222230178602,0.009289498707889204,-0.0030500133084490366,0.0021525152640114987,-0.0016132020387695577,0.013658289728996053,-0.008739902390890127,-0.018215402125541704,-0.009671735468514317,0.014147695047828913,-0.022068750575628408,-0.004574110017262417,-0.004796955783129881,-0.007310697488592618,-0.0013271213595464938,-0.009513494012232613,-0.016215601513547923,-0.010990554279032259,-0.025405272364442393,0.00015469311252155218,0.02745036590581268,-0.011846422147339898,-0.01175427327402402,0.029111440462682544,0.019705433531894453,0.00652792144096937,-0.0009271929458658876,-0.012451156702620514,-0.020247951997003147,-0.018659315425494018,0.013776306461502862,-0.0038264367702822624,-0.012556323685610306,0.01689011422036776,-0.027661959846446177,-0.01957946047580276,0.039636826637853735,0.0021884260972078727,0.0005989844354342796,0.029527012571716266,-0.006806991239444097,0.023857938300820204,0.007385606152402993,0.030482714587051447,-0.0022939738593769684,-0.011967398899029884,-0.005139600798085133,-0.012944799501033914,-0.003817193219215142,0.01422630279426173,-0.013012418396788628,0.02577208944957882,-0.008166982657785976,0.016422246724001624,0.010276306319892792,0.00658088357231366,0.004899716834159152,-0.009490918305601689,-0.010582493803863344,-0.013036978721620646,1.0,-0.02558061549143595,0.02546717760990855,-0.010142788675527098,0.005937157154905837,-0.014767148470681276,-0.006819668967591306,-0.007165813693463255,0.013282838289399017,-0.004830417864568056,-0.008205903517111693,-0.010142271806073189
Stroke,-0.00264087601191401,0.02533616521804429,0.002924517574945632,0.0013325893636325996,0.0010923593730971068,0.027083421465576366,-0.015654163815049586,0.007351980259724699,0.0029937687794494754,-0.010928716114426312,0.017512203421213124,0.022628087491233528,-0.008742270498471089,-0.00215975726936622,6.473422545287397e-05,-0.016203596084893326,-0.02054183646542919,0.020599876294530944,0.01214587747765352,-0.02762993896852116,0.0018308697136415772,0.029862231811024976,0.009286794296527935,-0.013896256295472274,-0.008539142349835329,0.010409905587854417,-0.01622597600439211,-0.003067091150237709,-0.032116881053669354,0.019149503603540723,0.027377741195235752,0.017428446066307588,-0.008041649257792636,-0.02047772798562152,0.0158185826363055,0.023316279220947065,-0.006342721265339203,-0.0066844518173194,0.02030107885611784,0.028085210667614366,-0.0029961383446049728,-0.008614922501535982,0.021934959660851457,0.0015451659711674592,0.019873612509954758,-0.010330362208331428,-0.0015427573827848076,0.014621785524078956,0.00685812253104473,-0.0286957875115382,-0.007221165098572313,0.01410553779736141,0.0058279733934155815,0.015761194240483445,-0.010342662484167113,0.005818921348326664,-0.01075471364674471,0.003253462880708471,-0.016503195693706247,-0.012359210456939527,-0.013745226575278493,-0.01381832470457607,-0.006315663680520399,-0.00626757275391995,-0.009605771864486334,-0.012731871862802396,0.017185476150294105,0.018872547220557465,0.02793908803545462,0.0031421826109146274,0.013347884192316627,0.017966434186833698,0.009929876239333552,0.0028502153713455083,-0.017762420580957616,0.02449283983883269,0.017016675080784267,-0.0017305002689552973,0.0006121387890222338,-0.008479925119405091,0.009983196519236398,-0.005425632573831434,0.0016646470666701325,-0.015138205325814984,-0.010967602924574181,-0.023176181121264978,-0.006516309588003862,-0.009294925243742352,0.008274235533123491,-0.009035407780095569,-0.014930434043076486,0.018909350526431213,0.007821658240614846,-0.014787702569251042,0.004804084824399225,-0.02332839907591667,-0.02558061549143595,1.0,0.0030764449225869467,0.0035990028267909326,-0.005232366131961161,0.01851614451471181,-0.004844289111112095,-0.004084912548235763,0.026158242005038024,-0.0008305199847244254,-0.02608490577981337,-0.021795463514254487
Type 2 Diabetes,-0.0022186340250166087,0.019332027397357305,-0.0045602551891031585,0.01519408177393949,-0.01275560395533439,-0.016712597494746954,0.007379293353628108,0.024819793377524917,-0.015284792853014074,0.0020178511400798078,-0.006071597029306272,0.030540012178797572,0.018377065705471547,0.005320368104052284,-0.0034236182557958066,0.0001996622857033261,0.006601772121066291,0.01144546143171521,0.02319273628944435,-0.011942695201955865,-0.009940394903366838,-0.016161707346512108,-0.0017844943120100042,0.008300196177747429,0.006827471182582928,0.00503389664045413,-0.009415638009993664,0.021498318031606862,-0.0018854262568505438,-0.0049744660450872225,0.0012195140346009173,-0.003941368058817601,0.01945026922542259,0.0004563651429899357,-0.005617728063348932,-0.011834078179548926,-0.013938152179853782,-0.04028886582621076,0.01417701880829701,0.0030052944478436024,0.018947512634885328,0.022411550137856777,0.00487867967606407,-0.017781791733786318,0.031579390653353204,0.010124908824211335,0.009562579094517172,-0.008167274602977613,-0.02622010496278886,-0.02125166487266025,0.01561335536373648,-0.014783541238660212,-0.0004472591246584678,0.005653409719415003,0.008714963254007304,0.02402897973002329,-0.00909043219903158,-0.021429616738613235,-0.01622826578329742,0.016124410052517666,-0.013789786888556537,-0.004569985427595709,0.001614949285227151,0.014685390003077002,0.0014286622767185847,0.00640053615833103,0.009566871422061436,0.01860635535599288,-0.006409232237126406,-0.0037579482890642535,-0.006978530633721647,-0.017354283418372914,-0.020127196433029022,0.01732048970113366,-0.006849466736873068,0.0062731801480830395,-0.009696341524581022,0.02046922492401215,-0.012612458990447276,0.020011619317000497,-0.012798306224440548,-0.01961499557973724,0.015757924777356935,0.00013474304897625146,-0.008768590054114284,0.0005002215518367098,0.01133959484336639,-0.003716747796290312,0.01712440121084501,-0.012066022529488924,-0.012565026868580952,0.02256561042644113,0.005858720152464812,-0.015849123736143614,0.006125439807625022,0.010395219093932581,0.02546717760990855,0.0030764449225869467,1.0,0.004099810150541549,-0.04486094636304144,0.0023582770452635,0.009781418583487946,0.0014693408674076973,0.0030090904144204054,-0.005146355838018425,-0.009065661778964168,0.013490041012888698
Urinary problems,0.011097390052017314,-0.006852233778457898,-0.012315337335584271,-0.00106741465740269,0.010241441377507635,0.00289048562345674,0.000804831882146141,-0.02956083677967619,0.013688735920059607,-0.011063306324973215,0.001593617472981249,0.008091616184417774,0.017760134761431807,0.00653834853009384,0.008710448464541417,-0.02160751929467988,-0.015488914763217268,0.012548925470508978,0.017148271159088135,0.00463985018662483,0.014303208398186074,-0.015107279660739171,-0.005053651001545977,0.016755150386865272,0.01176768867766552,0.01920012894859489,-0.0038092918423255893,0.01819201461684464,-0.0124684168427174,0.018853363231208255,0.014908645394766785,-0.004961857086099162,0.034392549610977555,-0.004416801804318814,0.013645973941853403,-0.02070324384314275,0.02042645982991282,-0.007321681466726345,-0.013359579660739297,-0.007306381320887163,-0.002740431311383491,-0.018785406331758736,0.006075079564320978,-0.008176092996204415,-0.01159252429964802,-0.009183197410370651,-0.012264223479791248,-0.004783294172806902,-0.005765270290168697,0.014179705217969083,0.013674135112754211,0.006549526233509267,0.0021194130362687637,-0.0010790550125922673,0.0005604213425818875,0.0020303962287073836,-0.02372384953808705,-0.006233177719748828,0.0034358870102781766,0.004941327653067093,0.0102928298061427,-0.0028480034058604533,-0.005515455461915213,-0.024128216525662074,0.00873422047651949,-0.004817148514291875,0.0082618056522693,0.02437818603934247,-0.002750524957043896,-0.0057784214010831204,0.0056457454625734056,0.00424702848349889,-0.02249982086752768,0.005095591865485533,0.018563785959956496,-0.006014586439177805,0.017578215656699453,0.011315527327261496,0.00875289139401442,0.006276063462301525,0.005931838764540082,0.0044916893579781975,-0.021946940924361186,-0.011923886406598796,0.010276360564558712,-0.008586696916537368,-0.016425143093004448,0.0012499005130052225,0.017052317505329075,-0.013581334571427002,0.008516962613876432,-0.014304594729637011,-0.011297890896738765,-0.02235953782952807,0.007628083495471706,0.02585469848529959,-0.010142788675527098,0.0035990028267909326,0.004099810150541549,1.0,-0.00030582046404570637,0.0117444915452558,0.004177557231454103,0.02394716525165006,0.0034106795421042888,0.010582739039638692,-0.011678562545800844,0.008643236159209537
ABNORMAL,0.01709624399770965,-0.003139091320551597,0.011957977640067593,0.008368058736608107,-0.011369647627309748,0.00923838472504158,0.0001972276850667962,-0.016237878349957584,0.00889870113900717,0.010838984340203963,0.0015367741100117739,-0.012312239526905952,-0.025123339643789024,0.005014206374466629,0.015853871053961653,0.008599636255705267,0.0008964266917101521,0.007695536636944358,-0.0018283003463816711,0.0030463808960579605,0.006606341862840274,-0.00650953823894719,-0.009304980822014286,-0.021035141336641177,-0.018790364478336537,-0.02106027097662886,-0.025791536754487733,0.014880262379970578,0.026777396957750596,0.004901061130243598,-0.02117235933523794,0.02082013795085227,-0.029427363481958384,-0.00041815679797386525,-0.00897561799289166,-0.008917791635614245,0.0033711539082491235,-0.00873081368649995,-0.024181919865777633,0.009006904634815682,0.013299483968602843,-0.019208634916753987,-0.008409462605172757,0.005602377535602411,-0.013369501337470129,-0.01766047648756848,-0.03224880763015106,-0.02601469372680337,0.012122649469577258,0.01122339647731453,-0.0004196033177945058,-0.014019332019147448,-0.006917765734031884,0.0063578909510986865,0.015970290785740096,-0.0023556672990770076,0.005743679951459072,0.006663698085090049,0.0051499574362564955,0.014019831357997949,0.02593638865652858,0.009452418279979972,0.020079300485817235,0.011738793094950451,-0.016762644664215575,-0.018711632900326246,-0.0024485930548919965,-0.013499422719428689,0.012814129469698886,-0.017069429014366155,0.009834273106631822,-0.011837041303918286,0.009619655053472063,-0.041257959637601226,-0.010243971638094054,-0.036047162943517064,0.005154941982261751,-0.01994962723249398,-0.014172199294484511,-0.014718933392537258,0.003591819956333927,0.00818339561938392,-0.0018089121975419797,0.01710912254492252,-0.011890139486571305,-0.008408916756711267,-0.0099429194702809,0.025258489949240886,0.0012635626034804544,0.006681403096225686,0.01348278071978354,-0.0037891725834706814,-0.007011514020810621,-0.005434496384959831,0.01612650429793622,0.01753329481488082,0.005937157154905837,-0.005232366131961161,-0.04486094636304144,-0.00030582046404570637,1.0,-0.012940674979670622,0.008772045157391117,-0.00666497373369069,-0.020627987504784305,-0.0008576716618640778,-0.009789411800354062,-0.007953029801902175
BORDERLINE,0.008312212169117674,0.01010109426991769,-1.6326533563955746e-05,0.014018750328448687,-0.001722229803127581,0.010349427088711909,-0.00016180061906296238,0.006642504912033453,0.013511156542219755,0.01937996290197006,0.008204067122640784,0.005346999849122103,0.013670079128802547,0.014983992049853253,-0.002056441122254398,0.004450426545815948,0.03142733228549493,-0.0013352239162249511,-0.021992448650119418,-0.027601570823712288,-0.012920866338345806,-0.00929984282135533,-0.0011781787328686017,0.026813531673391164,0.012142327101736284,0.019338967784608106,0.006313740690589482,0.006786089144331618,-0.011050213847481172,0.02271797086151983,0.004134231907093864,0.036272431442710744,0.0019008802584339955,0.0068172351773620726,-0.021969813465412658,0.035215726233688176,-0.009926845082563156,-0.014710735416213643,-0.027170981489757193,0.021057331442247845,-8.546848286742998e-05,0.011496041287205865,0.01202110149057599,0.01273038671460819,0.006143040793529791,-0.01417937252875399,0.023356982255164648,0.022682597121212143,0.010108693311306436,-0.004035522967671181,0.02216967912487005,-0.0336308458481771,0.011444467170281034,-0.0030916888942715366,-0.02890808085074331,0.0030179622844729035,-0.04210377050053048,-0.0376144136157288,-0.014148506053519276,-0.005264751669127565,0.015188779937337166,-0.020507351843835484,0.012220262595836674,0.0085431700340794,-0.0017090591340531843,0.010618232276750855,0.007091620357560159,0.016529309908665378,0.02023310870415712,0.026695484921921534,-0.008648128107407067,0.024003017410287472,-0.0032001787784143123,0.016058676126709515,-0.008234302864179657,-0.004681871237490309,0.010274426709225558,0.008008584861817441,0.00695237543877944,-0.01585628131330504,-0.010789603849505343,0.019812144176078714,0.01873424412515375,-0.00698531480242478,0.004120763715852291,0.0052363415589025426,-0.027303773926426092,-0.00175272877967067,0.011338939600116128,0.0018828348995746905,0.008646523645789016,0.0004985601277500427,-0.004235730169324806,-0.006406688107766578,0.003323630843249203,0.022316266061664005,-0.014767148470681276,0.01851614451471181,0.0023582770452635,0.0117444915452558,-0.012940674979670622,1.0,-0.00739422934902398,0.002950359394369734,-0.004464557537494263,-0.006215869033631289,0.013553019824188349,0.014924214112291919
NORMAL,0.007489568135239528,0.009813542352790564,-0.006007675348063132,-0.015210016354739382,0.010341666911276734,0.003520528976044855,-0.002402861367400207,-0.01256785264934153,-0.008078012720682846,0.003009555687575383,-0.0074050564625951784,0.024273503329733753,0.0002988151819171927,-0.01809053573434642,0.0149969742041133,-0.004602613531222104,-0.010453366095726469,0.008227877169823814,-0.0031785080937848397,0.014311739950585791,-0.001994985587904057,0.0010352508632107704,-0.030358929733179496,0.01928572223493383,0.009011592399678185,-0.011304824883229432,-0.0021442618321899577,0.010629665281574874,-0.0023903811159433773,-0.011090934725228993,-0.009720731603164097,0.015521253214087557,-0.010554164573004683,0.008689192366827745,0.0049603313530036264,0.007487361959044775,0.016165635244009206,-0.01874036724299815,-0.012111474330056098,-0.00626204852298084,-0.005966800640620021,-0.006900440476154618,-0.0022489277482056593,-0.019526788336234942,-0.015981285794408506,0.01719676581095646,-0.011818956696230657,0.012289040975549165,0.01536823708165526,-0.02033732076743268,-0.005582230791539281,0.01843920302401534,0.02590671110552159,-0.019167505382597018,0.007562139936885365,0.005641874166550283,-0.005945531436008749,0.0008302718905217588,0.02354160488780584,-0.0036507889486324004,-0.012710024790855387,0.002135632340311713,0.01611249737145115,0.009906294848601123,0.00357299435111821,-0.01735329560357054,0.008667149469049316,-0.014208324931181328,-0.0030504941553737277,0.013535868867620681,0.03545433210316336,0.008890606090985336,-0.016871754047755774,-0.006453269686172372,0.002567876177386983,-0.011887325697359206,0.02089817901646374,-0.015053463483748078,0.011919501961487798,-0.024139776917074193,0.0028641188724193925,0.008303603828617829,0.015717645721039442,0.0022137731420346467,0.02090986614265025,0.006645972277897726,-0.0012951896180465176,-0.00723280552646033,-0.0041202748700264035,-0.0018115302504462503,-0.006281013545548115,-0.0039383131336255435,0.002321198530295799,0.02562727032956579,0.0029784124919470948,-0.011612907394061555,-0.006819668967591306,-0.004844289111112095,0.009781418583487946,0.004177557231454103,0.008772045157391117,-0.00739422934902398,1.0,-0.0030147040906724786,0.0026768653978276238,-0.008485726472107545,0.006468795790721697,-0.022160486781371943
OTHERWISE NORMAL,0.014281194366973992,0.004593752920377098,0.007142082581563572,-0.002805101505210731,0.011312386502406449,0.006756796098474043,-0.012030400145979355,0.0017484050482476866,0.020436176188538536,0.0007363345968642517,-0.026438576712952674,-0.012466162399847618,0.008978735846145749,0.02905882613117601,0.026161790544907422,-0.01736785257135233,-0.010087394936649716,-0.0059809291093286705,0.012386408016105934,-0.007909250169200166,0.006010232048052419,0.023841883796706657,-0.014754108456600077,0.007238056423847025,-0.0015402075352379126,-0.001060658882985264,-0.003778161208953065,-0.023882511004384082,0.0069759976140484105,0.005426824601733868,0.009542773226055401,-0.0347065903010581,0.012342925950417234,0.014221213681610069,0.014603830591181241,0.018444975902320235,-0.00426592976932728,-0.028294496148013392,-0.00356405732844888,0.032731447844483105,0.0007482185721753161,-0.01788547828931171,0.012928463278824078,-0.004109420586025632,-0.0077894218232219285,-0.012582974000856156,-0.0070771881975108895,-0.01690124224993373,0.018027411914779787,-0.003662470338415804,-0.0035357012032574743,0.004263453426359723,0.004117019844016169,0.00481744066949068,0.021716225896706926,-0.00028023911334290987,0.011880020548752318,-0.010104025315775927,0.0024361693978402596,-0.013405629679537713,-0.016429801728847157,0.008087413955962084,-0.019150875333193942,-0.004162052376194811,-0.024236040955086094,-0.013889653529264672,0.012687933789147952,0.01400001617510453,-0.029467653990727198,0.014254299556935158,-0.009774602708015579,0.0017771907778109362,0.0020332070328099986,0.008069789500497493,0.0038371324963946004,0.0004492684911985393,-0.007392580696327103,0.014302012198479229,0.03234058698592285,-0.001233637079079943,-0.015183397264507834,-0.012292449829870312,0.010488814732595867,-0.0025017640644044627,0.025569386264836805,0.014297737747146579,-0.012284258284036651,0.01573072259811729,0.0007512823731959048,0.0023345008085080164,-0.015899576877813786,0.005249382779209909,-0.004469875609896503,-0.030240145623128805,-0.006893456454898659,-0.014117787916600868,-0.007165813693463255,-0.004084912548235763,0.0014693408674076973,0.02394716525165006,-0.00666497373369069,0.002950359394369734,-0.0030147040906724786,1.0,-0.008233476381388232,-0.0015006028884664991,0.028283147832754405,0.003541208063846165
cube_visuospatial_executive_value,0.008247591820302222,-0.005505856101190535,-0.009319270811720065,0.004036180756947035,-0.009302172786163613,0.005714351416849381,0.035704947284753284,0.011917673322332185,-0.023107680575001437,0.00969117967927268,-0.003634862029606734,-0.032473478067038423,-0.014490831970432359,-0.0039331747044897844,-0.010710062745495283,0.006586169403294646,0.008729070171433515,0.01314365695364462,-0.0016461975480157218,0.011806985808709553,-0.022056120675222887,-0.01812471660142271,-0.0032251264912825095,0.011415052362964756,5.87539888995183e-05,-0.020005720245362124,-0.014066079748433047,-0.020014517502861033,-0.001404363303266266,-0.0093046178450039,-0.003312303579627061,-0.030145281134475985,-0.00024515239923520533,-0.020734878306098457,0.007299579361785182,0.0020176310701497703,0.001983998896613512,0.01809614816564809,-0.018568174420245193,-0.0014153557471448701,-0.02775701317478368,-0.01002491905185499,0.013146868961005143,-0.006472242965622207,0.0020507979093836613,-0.021834705657591245,-0.02118087575634424,0.0009845786833239656,-0.013551381454573064,0.008237357495968167,0.002625378855229233,0.00921769322912296,-0.0023429590892196307,-0.016723915396844397,0.015637424676607923,-0.023141714793130794,0.0012097405456256692,0.018914662899991212,0.017534357869798258,-0.0031244620301814486,0.010592380540067853,-0.001606432993689766,-0.010076613585664737,0.01104377739039923,0.0035508327039327015,0.01230012648219501,0.010954548540417778,-0.010144613478715843,0.012772798568061324,-0.025210946057495808,-0.0071979148486039845,-0.03455600425545184,0.002258552753462007,0.002876591264469189,-0.005781277036588944,-0.0001129336097945275,-0.02135804640089836,0.030547062553281042,-0.017021029810797728,-0.01921365007313888,-0.004373696067623644,0.024368783083605017,0.02036993589932139,0.0025652688017544266,-0.02252550138442259,-0.008397661996193585,-0.001118903275648962,-0.016082924345456464,0.023449075774312208,-0.03438540519363291,0.012477906684816282,0.017591533188671446,-0.006623614116906842,-0.004328793901216142,-0.027003532322688376,0.008141094357976667,0.013282838289399017,0.026158242005038024,0.0030090904144204054,0.0034106795421042888,-0.020627987504784305,-0.004464557537494263,0.0026768653978276238,-0.008233476381388232,1.0,0.02376519181793141,-0.012398364065171108,0.022292312280811445
fluency_language_value,-0.010293981709996184,-0.003819415603358686,-0.02132829503153623,-0.009777238837505458,0.02331246604670708,-0.00939096191658473,0.015614922795856533,0.004572276697570152,0.0015342250530220112,-0.014742987270823644,-0.004628377687125729,0.0034758447499093053,0.0004995493118412655,0.007404129951778368,0.01105764287278807,0.00996322000972474,-0.008643037897666796,-0.007183399043865898,-0.009868151607972142,-0.008180934003908886,-0.011021944000743928,-0.0060615247780711765,-0.012891600780476199,0.019722074941037105,0.027284882560169848,0.026986149462765646,-0.004154310270012487,-0.01166329203241222,0.01087876435868149,-0.0024302531791698737,-0.014102441996811696,0.014129840378879498,0.013897916540109967,-0.010209152931352973,-0.013101178539774248,0.02024238898473608,-0.003944751741215763,0.004850299763680111,-0.019884890119053693,0.01392909814872722,0.009247175157883354,-0.02141208272559334,-0.02166325098414154,-0.00910057106125177,0.014424539992802285,-0.030906251563011206,-0.006121996298266392,-0.008248986600603306,0.0032718054855233078,-0.005462548908743084,0.0031989517715825017,0.01472770032770387,-0.0011834228147177904,0.003706743714879222,-0.018069835163168013,-0.02189564452157316,-0.001266874517178547,0.011109457807637176,0.004503669607579611,0.0050996381915761335,0.029712007082773145,-0.0011057813774133546,-0.013317558055456064,-0.005259333404201227,0.011261478956896867,-0.007842643543049341,0.0027467506763896995,-0.006987229538797216,-0.008884116746058837,0.004909024720460661,-0.006053930564520492,-0.011765541069793177,-0.01828993808253451,0.00031726478178272974,0.0013438566161334228,0.0006286742985430884,0.007186417244405868,0.014138015276214975,0.012691472431891029,0.003476300463291796,-0.022309460189888556,0.014175129966858572,0.0033318513575739716,-0.004925961944366474,-0.009854064557953299,-0.004035451306561261,0.004218908933597699,0.0037606026722421973,0.01219828090376473,-0.02223243155529951,0.009099893761580378,0.022271689265746793,0.0038015593363823737,-0.01053385432952937,0.005332167885487253,0.013000727775315246,-0.004830417864568056,-0.0008305199847244254,-0.005146355838018425,0.010582739039638692,-0.0008576716618640778,-0.006215869033631289,-0.008485726472107545,-0.0015006028884664991,0.02376519181793141,1.0,-0.005457728458248663,-0.0042551660560940854
lettera_value,0.026356268729567638,-0.003985712084213891,-0.005421666782534738,0.006425225723160581,0.00850415102714222,0.009499832424076123,0.00018313528364752324,-0.01383494714649937,0.014307151139279382,0.0015456500635335417,0.008065191161408221,0.007134901040736479,0.014962621379616273,0.018336418625178357,0.011417205590938838,-0.008973918842964796,0.00027215649589465467,0.0071830744864046885,0.0005404222281548712,-0.016668857831085324,0.026848490014304775,0.0028303741410990587,0.008799778220637208,0.005667413049156917,-0.014650622940300447,0.011066947651298618,-0.02866246075196828,0.002416165277630534,-0.00818018634876857,0.013170571651600417,0.009898945233074202,0.00029820884391996316,0.03302673434729171,-0.0022215487606958967,0.029460130704868307,-0.010847985762467137,0.041186809118301644,-0.0063446381947606925,0.010570444328461983,0.005548994225564613,0.008437724529454509,-0.019795064875757853,0.017042190128316016,-0.002457768590396363,0.012291036410559324,0.0023600473539784565,0.02107104521979528,0.009002464137527061,0.027399086547969197,-0.012578181379510226,-0.02257130766375858,-0.016418480600299594,0.010732326346720854,0.03146127156356676,-0.03249532436628477,0.0038345483135102565,-0.006227297209489422,0.0031695826088758315,-0.025127505149461382,-0.026347398466619976,0.025979778272658755,-0.012255460749640113,0.009178423832705352,-0.02037843665092357,0.004844289825276526,0.01789830432501858,-0.002825155958444845,-0.01314541692955453,0.012257359210352701,-0.0005596674955140726,0.004139124937020147,-0.009031317552394068,-0.004126366687491929,-0.0020940891451770526,0.004533024358476492,-0.018412593020328525,0.006116976098111382,0.0029897395228498653,-0.009134887847487045,0.013230959375506111,0.01976862038386618,-0.008220403497582211,0.010542603109110576,-0.009802681919306866,0.0006904045149860303,0.010761445219683237,-0.02614774213892498,-0.010954361909483002,-0.016439990651344317,-0.00852130094954702,-0.01745457233795574,-0.018864579547558512,0.0005618916815603394,0.01537313654841817,-0.019277164398874728,4.8326773359267296e-05,-0.008205903517111693,-0.02608490577981337,-0.009065661778964168,-0.011678562545800844,-0.009789411800354062,0.013553019824188349,0.006468795790721697,0.028283147832754405,-0.012398364065171108,-0.005457728458248663,1.0,-0.013656737152451552
trails_visuospatial_executive_value,-0.018295947192604026,0.006747878614520606,0.000725468171653856,-0.006705319597109406,-0.0033334647041631514,-0.011399654622124071,0.0005580566798560568,-0.026474963074667457,-0.019671004770355636,-0.004732537756782019,-0.012193759034126905,-0.021002720289421267,-0.01070893136001961,-0.005295801401159046,-0.03154874701116044,0.02248936507705816,0.03089631543402636,-0.016751563472378352,-0.01589130493805042,0.05497814798890294,-0.003373906116951503,0.0019494448432173174,-0.030569354242037505,-0.04950234389766714,-0.007311568382300587,-0.015347627335216092,0.0053843131162089174,0.025847328776133143,0.00963378571027462,-0.017938103356863078,-0.01086785362447438,-0.03287504378619074,-0.014805616382805586,-0.025933157327078054,-0.043800577281224704,-0.010943667514677794,-0.012829064708118464,0.004989974681044323,-0.031227732826737183,-0.010388365845317679,0.007164723763234231,0.010359726395679563,-0.011594002899146066,-0.00585710721466564,-2.7173228821040375e-05,-0.026341257179104956,-0.020339535959275137,-0.01381373927948076,-0.01742261300420614,0.031948204634570966,-0.029956071569859022,-0.009809503884402137,-0.007502114446437858,-0.019326156622391902,0.0035725449406547954,-0.016813658731336358,0.025684730584864045,0.009013835015603442,0.02191830786280465,0.040703766238956454,0.004902070097309082,0.05009205454272498,0.016309955644235947,0.009956127208415808,-0.0024463222867296404,-0.0016545859520020016,-0.011094058083354005,-0.009727146308559675,-0.00761472649801583,-0.0028282848726963526,-0.02011443922777978,-0.013231431854111003,-0.008909769663450376,0.005353471251734305,0.003908643519398413,0.008727722877215094,0.03149183038414685,0.023926775275859555,0.012454456853243409,0.01723345028970468,-0.0024648251598992877,0.0002611009401577666,2.492120949803537e-05,-0.014778042355289284,-0.019986802448327786,0.006765972967168681,-0.0021739470531913743,-0.014146056495941106,-0.007107520288219229,-0.0020076259335022905,-0.006616112719185824,0.012512106833649683,0.0019781288312603336,-0.012125193039538499,-0.0246802242348467,-0.025844127527004736,-0.010142271806073189,-0.021795463514254487,0.013490041012888698,0.008643236159209537,-0.007953029801902175,0.014924214112291919,-0.022160486781371943,0.003541208063846165,0.022292312280811445,-0.0042551660560940854,-0.013656737152451552,1.0
