,heart_rate_mean,blood_glucose_mean,resp_rate_mean,stress_mean,blood_glucose_std,total_steps,resting_heart_rate,total_kcal,sleep_light_hrs,sleep_deep_hrs,sleep_rem_hrs,sleep_awake_hrs,act_generic_hrs,act_running_hrs,act_walking_hrs,act_sedentary_hrs,A/G Ratio_value,ALT (IU/L)_value (IU/L),AST (IU/L)_value (IU/L),Albumin (g/dL)_value (g/dL),Alkaline Phosphatase (IU/L)_value (IU/L),BUN (mg/dL)_value (mg/dL),BUN/Creatinine ratio_value,Bilirubin Total (mg/dL)_value (mg/dL),C-Peptide (ng/mL)_value (ng/mL),CRP - HS (mg/L)_value (mg/L),Calcium (mg/dL)_value (mg/dL),"Carbon Dioxide, Total (mEq/L)_value (mEq/L)",Chloride (mEq/L)_value (mEq/L),Creatinine (mg/dL)_value (md/dL),"Globulin, Total (g/dL)_value (g/dL)",Glucose (mg/dL)_value (mg/dL),HDL Cholesterol (mg/dL)_value (mg/dL),INSULIN (ng/mL)_value (ng/mL),LDL Cholesterol Calculation (mg/dL)_value (mg/dL),Potassium (mEq/L)_value (mEq/L),"Protein, Total (g/dL)_value (g/dL)",Sodium (mEq/L)_value (mEq/L),Total Cholesterol (mg/dL)_value (mg/dL),Triglycerides (mg/dL)_value (mg/dL),Urine Albumin (mg/dL)_value (mg/DL),Urine Creatinine (mg/dL)_value (mg/DL),clock_visuospatial_executive_time_value,delayed_recall_with_no_clue_time_value,digitspan_time_value,memory_trial1_time_value,memory_trial2_time_value,moca_abstraction_time_value,moca_orientation_time_value,moca_total_score_value,naming_time_value,repetition_time_value,subtraction_time_value,cube_visuospatial_executive_time_value,lettera_time_value,trails_visuospatial_executive_time_value,moca_combined_mis_score_value,memory_trial1_value,memory_trial2_value,moca_abstraction_value,moca_orientation_value,naming_value,repetition_value,subtraction_value,Rate,PR,QRSD,QT,QTc,P,QRS,T,Age-related macular degeneration,Arthritis,Cancer,Cataracts (1+ eyes),Chronic pullmonary problems,Circulation problems,Diabetic retinopathy (1+),Digestive problems,Marijuana user,Dry eye (1+),Glaucoma (1+),Hearing impairment,Heart attack,High blood cholesterol,High blood pressure,Kidney problems,Low blood pressure,Mild cognitive impairmen,Multiple sclerosis,Obesity,Osteoporosis,Other heart issues (pacemaker),Other neurological conditions,Parkinson's disease,Retinal vascular occlusion,Stroke,Type 2 Diabetes,Urinary problems,ABNORMAL,BORDERLINE,NORMAL,OTHERWISE NORMAL,cube_visuospatial_executive_value,fluency_language_value,lettera_value,trails_visuospatial_executive_value
heart_rate_mean,1.0,0.14719547054480295,0.24910360584523505,0.6873254358677992,0.06527151954113351,0.5202124877733556,0.6775728056800447,0.5013655534282201,-0.26566878407833167,0.21532268549749722,-0.16030553724818955,-0.03667431818895189,0.3918786174199354,0.003795937179329818,0.22317332796582004,-0.38452388068776117,-0.1671437275209936,-0.05353300601693215,0.0765578797782806,0.008184309034627102,0.17596731457596018,-0.06974618310305383,-0.11049337176060574,-0.10567064575677777,0.28656336283529826,0.19673664200373903,-0.075098641317415,-0.14337051284798438,0.017614264046889563,0.04607719909852706,0.10737175291891256,0.15814943264035397,-0.2578512091981307,0.25825690539893337,0.033510782535603446,-0.18984383491902299,0.20276303349854258,0.033328679555992065,-0.2360015125677978,0.09975015274594519,0.029667086195463734,0.2810674429968271,-0.04882164011474692,0.04939757812616018,0.009894631439715149,-0.04300188025697561,-0.07908511095370281,-0.0145553248771022,0.006394101589064245,0.03430314110486217,-0.14140551907985494,-0.08538265154902523,0.11047665530733053,0.062419936009316446,-0.19422885292198397,-0.007921996281973619,0.006180285922738057,0.09115391470230247,0.08182180530188296,-0.18168776910834497,0.0689254040330647,0.12403440483350074,0.048793816476818005,-0.09212627435060065,0.7179207103233236,-0.07405877472391846,0.043829799570210416,-0.5368806979640784,0.10029152175420898,0.059542997444134535,-0.03629914587333076,-0.2584123337593042,-0.026261487692445643,0.0824863408719668,0.030945132057691747,-0.0664948283856069,0.10788812394580222,0.06678318505169015,0.07666563871506586,-0.040323562096037595,-0.0077238427771272634,-0.048333722001792624,0.04910869579720458,0.007684802620275234,-0.02932556436265297,0.07924603391664763,0.18500055219231976,0.07379660404708929,-0.050205634271762244,-0.02075033327022917,-0.020423848113739183,0.22619941764865353,-0.0027889889735506017,-0.0885577000548649,0.04318490734006255,-0.0376913481306809,0.006431135622317433,0.05393713721784769,0.24723395602507411,-0.09343672812547935,0.10736663570354306,0.019593473044345316,-0.07831760698622423,-0.03939191851797679,-0.14391995870051383,0.04356931945769039,0.014080122420268196,-0.03323056065794419
blood_glucose_mean,0.14719547054480295,1.0,0.23022451407159283,0.19163604651281296,0.45654061594096346,-0.10573411134534216,0.2644248522291794,-0.0790135880293775,-0.07101101167908223,0.04835386406350873,-0.11629201227708956,0.10454288195626582,0.035400259879644874,0.026431105517010944,-0.22321623216924427,0.16639035365218738,-0.10901417534572945,0.03807553395258048,0.06101057268238144,-0.0076957297794551125,0.09327352367983138,0.32981347224268964,0.004496468149728127,-0.02146485684852551,0.13065412468936724,0.1230125081064111,-0.0645863789715015,-0.11181759022635077,-0.13137293210671552,0.4287389272556193,0.13963040069656704,0.3219241521069431,-0.3152886934915372,0.2020540743966337,-0.13409675442931712,0.15177552009825662,0.1465431731796594,-0.2550276161095148,-0.16604335482610666,0.14443119506717492,0.054592453241519304,0.10775554610401764,0.04653081505838782,0.12051085723906539,-0.11518044904527922,0.05430031296664639,0.006999204059197494,0.04248493969930482,-0.03322709946512883,-0.05169279535670343,0.04308541315661326,-0.07088779886338475,-0.005058288698500597,0.02145341522213487,-0.04785852191494809,-0.0001458600824068771,-0.0686588521339609,-0.0008921121909953133,-0.04875501583872559,-0.07476252223984353,-0.13242209988033043,-0.09178169979421157,-0.03966358966392714,0.011334765304907426,0.27661425548798996,0.1705725535438377,0.13388776434756827,-0.0836912271473507,0.1538762143821281,0.025690654692233358,-0.17994986313970024,-0.008138095689971361,0.03025601827718903,0.06880183766234726,0.03677153654637584,0.202065822390062,0.012909647727969055,0.06086009760020088,0.19307608164076118,-0.02521256904300606,-0.15702587110078114,0.022218288052750307,0.11906570990640747,0.03652143306891759,0.17136587583061036,0.17597022171966942,0.2708232753569916,0.2523186838273194,0.015026426614194769,-0.007608128041108245,0.03388825842044094,0.1083940294943695,-0.04854494776395813,0.13360907632459043,-0.03891972429926803,0.025660143341774966,0.02108696424326327,0.11232857289139511,0.4319538017535415,0.03117784523032222,0.08397343111814738,0.07797327092033647,-0.041891298021049114,-0.06184966528496306,-0.05318723250829359,-0.0401314586083956,-0.0972018337323136,-0.03883345397740827
resp_rate_mean,0.24910360584523505,0.23022451407159283,1.0,0.318045834203203,0.17387762703109816,0.0724772704093361,0.2962881801642016,0.047280121188600956,-0.08023224049300166,0.12249122625790683,-0.1097029214801251,0.1485535792007564,0.17482481684107545,0.042357779068911146,-0.09220438116764512,0.016392196307139128,-0.13125114302323865,0.007240039700742155,0.0999357544249759,-0.06372064132695492,0.03304443810008225,0.14392759640721475,-0.020868746080417878,-0.010269379157864678,0.2504627897183924,0.15872052616410312,-0.09931938664019915,-0.05276106903780137,0.04092162823029206,0.2645023179281543,0.1334726087457838,0.20106436627547372,-0.17558592276741747,0.24047504965999233,-0.21408502106198402,-0.0207489867892981,0.14466827266903837,-0.005512408405613682,-0.19302523378252595,0.050324950053621136,0.05527741479356133,0.09906516968935299,-0.07881814398032529,0.05820836914487123,-0.053152432862777495,-0.01328317637310686,-0.037193609041206284,0.10628605653800495,-0.03791079933053424,-0.10584493301578426,-0.023952696127072407,-0.1102404314462432,-0.05140383254757723,0.004013014893099461,-0.07355023382083088,-0.06802491974503208,-0.0955807010996781,0.0069748402163131015,-0.04202967198088013,-0.11146852862042401,-0.04952048853277176,-0.04707110889226774,-0.039643740301383616,-0.11851439084728371,0.22992745273008336,0.01205545095031995,0.15897069730190652,-0.1200417865519916,0.2591311722176363,0.0022485651911863438,0.02224780153697114,-0.07949590513747705,-0.06457428632077848,0.08675933007756698,0.030968652683394143,-0.0016305101271804259,0.06843690892202292,0.03800958404749415,0.033814530081861915,-0.05337900846461892,-0.10707513174176705,-0.08124433163275464,-0.018555859985880087,0.07268169873568528,0.06128217963707749,0.09794673760079797,0.209736163933464,0.15110372764979646,0.013337267709790802,0.009434608805539561,0.031720564283751765,0.09536183175256269,-0.0128810515964187,0.016417235227328304,-0.037093177145372996,-1.769224558851092e-05,0.013763461002155308,0.08268825257595394,0.23906919097190982,-0.005949772321007886,0.013069727373676725,0.027257697142072514,-0.10567081702707565,0.08888870368231325,-0.02456227847732763,0.014790574797387839,-0.04588871508503875,-0.020406073047781133
stress_mean,0.6873254358677992,0.19163604651281296,0.318045834203203,1.0,0.1608172145016208,0.3032330057021064,0.7595353782781303,0.3668242619978774,-0.19518399666790015,0.24153270528150186,-0.22796730077934424,0.09049142257921083,0.3745407724671392,-0.00427606042379595,-0.06451227754756397,-0.1358671585488966,-0.2565735820431301,0.0554050128095653,0.20399775759791855,0.003591996904088847,0.21233488518343327,-0.05648232913342371,-0.06454074766564546,-0.21199510428167156,0.2988733265866038,0.2298687304529568,0.039721956745386706,-0.06912236475555154,0.05898031320585896,0.0479470086260499,0.14980462828632862,0.2539853796853797,-0.2218984292928431,0.26559193371597367,-0.03219064864379501,-0.17949265803056344,0.39759922990033186,0.119875145301226,-0.10272485045894376,0.03168557547917649,0.037313787344498,0.31063133234649765,-0.010547726802969589,-0.07107563550339559,0.056368559498193985,-0.04013558660644364,-0.03703961214801306,0.0764885222615145,-0.057688480928113864,-0.03960584049777502,-0.091482423061599,-0.03922301830726456,0.11620294880746158,0.08964084927947777,-0.1844616020242901,0.0017936552183249882,0.1057274379474389,0.09158485844696779,0.02915229643468938,-0.2097643110986038,0.0627130786339488,0.031131101731560397,-0.04688473026187196,-0.09894075586776331,0.6470566005561692,-0.03780579876793546,0.009102159060503599,-0.4849852101353797,0.24194432212249736,0.05888856561118955,0.09902330658801972,-0.28970348649644895,-0.06179374715908041,0.05607053619492821,-0.06468520877867419,-0.09369352765928773,0.004272419198873376,0.010174318434118224,0.08847470013475003,-0.1062704443018594,-0.13123907420678396,-0.06248758531901746,0.04989831122336689,-0.0653157102623871,0.0052218665522105,0.09387160674207481,0.19900270079939167,0.05901559782693286,-0.062125130936101024,-0.004945072959185005,-0.012762374891908018,0.227789121015168,-0.019788267754066266,-0.12216441244386164,-0.06380119264630639,-0.028675976017509534,0.011810334191264905,0.04222571499053627,0.28210100588278386,-0.06124702271885531,0.02016551057839339,0.03977381558204519,-0.16963977577604264,0.1454381126984012,-0.1595820349172944,0.09271894850314814,-0.012754164704944435,0.00840609862177095
blood_glucose_std,0.06527151954113351,0.45654061594096346,0.17387762703109816,0.1608172145016208,1.0,-0.0496981244107243,0.2314245799501684,-0.0208949727731508,-0.06541246872733343,0.03828275943740203,-0.12472142569718236,0.15594305327360225,0.10486402232364718,0.07125203292387447,-0.16733185574279788,0.07923271575939905,-0.05348706389128822,0.016799679122724873,0.06303330394586582,0.09419074603102438,0.1134956994722167,0.16728714451981427,0.011098938930426789,0.047222900283336255,0.0402776770507264,0.10711856841496512,-0.0837232681821034,-0.030445284459886725,-0.1287442551651337,0.3883446023391556,0.13937764432835165,0.343173744497436,-0.12091522181489825,0.12646901262436022,-0.16153216364764736,0.04955890723447911,0.1836223035940042,-0.12167200987906733,-0.09657422261369865,0.02895606984244681,0.08994508645345219,0.07558125392539014,0.0014200277949334241,0.1814740371921942,0.010954464590073893,-0.0021038576790099184,0.11297088303075216,0.07114354633168377,-0.00241100366868415,-0.07728013688252677,0.07133134269833655,0.009690281555476972,0.01883639854183906,0.031289405223613564,-0.053736488438827223,-0.011210692912003656,-0.07668628245917945,0.002995926882483073,-0.055769013305552985,-0.08928549369209174,-0.1321527462867367,-0.10139298965752204,-0.06331278920540793,-0.044915410593546354,0.2185158343848752,0.07542161010805348,0.11344249473504592,-0.07587545472991564,0.1336301724158011,0.04753548913960077,-0.08966140050280981,0.004756153304610868,0.03275076094427841,0.016233284616927277,0.04617531674011007,0.22366244276955782,-0.06653075998454021,0.014104456509454999,0.2516893798146515,0.006890708594575353,-0.17557506690868901,0.07360132974047816,0.17188189320111535,0.05401439394814437,0.10216293168237603,0.09556553372841516,0.16274233589033746,0.19954217470173874,0.0009703408213544462,-0.01052773167834836,0.026962877078401053,-0.02684114746148153,0.012267668663310633,0.10615035291723086,-0.056693343573462916,0.005680201597867642,0.014620074514888717,0.07215860583520936,0.41096589424817054,0.03145252303590602,-0.0037534982932133695,0.09302484222064969,-0.09144883329009476,0.09344833704841077,-0.02152319523516485,0.06910068883680838,-0.12294837413132625,-0.03041705998635314
total_steps,0.5202124877733556,-0.10573411134534216,0.0724772704093361,0.3032330057021064,-0.0496981244107243,1.0,0.1931059455434149,0.674392330558393,-0.19531327237046092,0.09143261540380138,-0.028243331785988455,-0.13912588651252575,0.4230213509014099,0.09935835526171355,0.6531848942653048,-0.741221396663265,-0.011053919819763412,0.07707028336310906,0.09576190505225834,0.09362299808294354,0.013601860072222268,-0.09098387039652825,-0.00864248493985326,-0.019694934950091284,0.13771455483885434,0.07097676910949814,-0.05683786181270028,-0.10854914656056028,0.026905086648616062,-0.0754065091262244,-0.017056986552309562,0.01754094555656061,-0.08529996129450985,0.08755018130746543,0.14786246862726704,-0.18255828354836898,0.06525798283441858,0.07927099801287031,-0.0004551377454676453,0.023138604783080677,0.054024196577401984,0.03675040538260202,0.002157306217115071,0.08391197552979304,0.16174278240278123,0.007023680826266148,-0.05556877284021405,0.06294199596962576,0.03606174965411189,0.017511210108567543,-0.07294918557612391,0.08524872965747962,0.14166121682903088,-0.011839212009686732,-0.058613261466521197,0.02722876735256589,0.030270996334304807,0.06457446941888553,-0.0024910915382102923,-0.13932307232401975,0.04847370767279152,0.0750682474728819,-0.02065118275210546,0.02932574366490528,0.3505624617712494,-0.17358463823799636,0.07376032002755983,-0.2938301073052827,-0.021744210398987,-0.04475062030988133,0.05515954584001712,-0.18132213458366067,-0.045949786870928926,-0.12349734846173105,-0.017221322628609995,-0.19376559149486722,-0.12961344821068763,-0.04963662938496398,-0.028235250559094607,-0.09121789568061217,0.04489434431955478,-0.0869817681732556,0.004132572882539374,-0.03260891796650923,-0.13326828637776306,-0.07030895262465184,-0.03763916892285641,-0.08422364951339723,-0.06867647502101872,-0.08115077771691803,-0.014308073505502214,-0.0014534637091083117,-0.10317903353234023,-0.15395902025181282,-0.023660362018754124,-0.013910820758973801,-0.04330970739611712,-0.08650889366308621,0.03613652951237529,-0.1423422250085524,0.01353069213871449,-0.05694905145186716,-0.0857280141360755,0.08320792869717554,0.05664433087066188,0.05167982761649596,0.023823797848640423,-0.05079997697934049
resting_heart_rate,0.6775728056800447,0.2644248522291794,0.2962881801642016,0.7595353782781303,0.2314245799501684,0.1931059455434149,1.0,0.29357497457393894,-0.13667171077591936,0.20976680755711136,-0.25495570267229595,0.1202397096824048,0.3135433684528393,0.013125425972691259,-0.14879991423732433,-0.04652690433945001,-0.25483149806330607,0.021919077810997927,0.14125644246311886,-0.14402905145186007,0.2762060820108338,-0.007303959107932569,0.01984581080954984,-0.2402853375508257,0.2431214478721193,0.22642444304610318,-0.11657205105221581,-0.04963007416753421,0.05884885730992809,0.1004449038509947,0.08274325853402323,0.26973355553251305,-0.09603099161750957,0.30910589072441036,-0.06753366408451328,-0.08736519800773683,0.3091574595720757,0.17113299615837413,-0.11848841798777163,0.042324852258764915,0.08069213153070603,0.3307120519311178,-0.003765682383163737,0.0272506634569331,0.07459723437701346,-0.05426681173769171,0.03383210802781637,0.037082726865140976,-0.018802928079963657,-0.11278787992724078,-0.09317442163749386,0.022968510435810732,0.19547610514804728,0.13588572864713064,-0.08076977858929113,0.008732192866267939,0.004206932302974937,-0.007116196717347313,-0.027408919181073136,-0.23098988263706402,-0.00028765509357631905,-0.010985312819861365,-0.10878198674022586,-0.13987795174616924,0.6704029040813247,0.021181037260163956,-0.03240586126425615,-0.4551134965712377,0.21149868090172538,0.14091997178813645,0.12339861661290001,-0.2762453660498284,0.030987276770294222,0.14285741124800067,-0.014784698842499087,0.08376313856740324,0.050105795162897857,0.03900262909778086,0.16237257186665138,-0.09675742434519613,-0.1351886578912287,-0.023258433630541878,0.13128563880873723,-0.010420782973345531,0.018963052431669097,0.09624369549757025,0.2431888607951206,0.061101969123011024,-0.08877397140516154,0.026337704675421653,-0.0024444309376464124,0.17151471664073065,0.12972022293856839,-0.09252824305121948,-0.027232447365273162,-0.03118362182653866,0.027991329664109433,0.088269890705454,0.31743406962559967,0.005186200595917232,0.11677208018602973,0.07400155386323343,-0.2764670433969977,0.151687431975167,-0.2133825982018649,0.009716667768667983,-0.06335285331188338,0.005953169929347009
total_kcal,0.5013655534282201,-0.0790135880293775,0.047280121188600956,0.3668242619978774,-0.0208949727731508,0.674392330558393,0.29357497457393894,1.0,-0.16895198680395448,0.12138132263999828,-0.08005496727299952,-0.08715161996195041,0.5002046969311527,0.0711916283946785,0.48922843627627893,-0.6711049335228442,-0.07784593489543147,0.10862736593941055,0.1619486839995791,0.1310084969949354,0.04610357605241925,-0.1501358985542233,-0.08133678188954085,-0.038494989868095235,0.14100383801065094,0.08594695845947314,0.04132834803789571,-0.04889017942330232,0.017561166755982887,-0.10170810979684887,-0.02182847614597509,0.04503985127930243,-0.08751930039369142,0.07993569192987406,0.2212656821566516,-0.1739762498214551,0.19549811277601375,0.07552893130294926,0.09487849422043496,0.011283466915545775,0.03493726066516843,0.12389028422063551,0.011189504012892058,0.06923957217826789,0.15679423442958418,0.03687735910561716,-0.020829965019884635,0.040063193563111936,0.003485443017753925,0.06443448075771449,-0.055142372879140776,0.11116257694892545,0.17027968979433963,-0.010110442654827632,-0.06745025637766203,0.033630730595377835,0.06904138242131715,0.09294012893465972,0.02733468083752426,-0.13026201420034805,0.085459152729513,0.09503949060130444,0.012025257766296133,0.03240315027634219,0.42503412213949215,-0.19143878349764482,0.02538731850976839,-0.3605554658519491,-0.03045834959499478,-0.034979856347325824,0.09808996186397402,-0.24285776807373083,-0.07579812926535219,-0.14422172492965782,-0.05685181305413471,-0.1843697662229745,-0.11466706154695713,-0.06295164023700742,0.006311671948157371,-0.12261125306601806,0.0206368055706825,-0.09837300944663104,0.009482443900100966,-0.08156973633143054,-0.12569454843076788,-0.09291775374097995,-0.025439707460869918,-0.08963458159487062,-0.09257353653202678,-0.07052823848572953,-0.012113896978985511,0.03743398614416452,-0.10386404072791318,-0.17903049480804406,-0.05162261450446246,-0.030011633575379115,-0.04846673945137537,-0.09391765149849758,0.034515812403479444,-0.16376139528973022,0.0060213214009620574,-0.038381488233098456,-0.09978213814438514,0.10058497394864224,0.025843572933928114,0.07404188875012971,0.021319347765598625,-3.231244389646078e-05
sleep_light_hrs,-0.26566878407833167,-0.07101101167908223,-0.08023224049300166,-0.19518399666790015,-0.06541246872733343,-0.19531327237046092,-0.13667171077591936,-0.16895198680395448,1.0,0.010139812302273569,0.11901157613078019,-0.01854752493706755,-0.10823964640455197,0.023947679391151337,-0.08589119866283396,0.12555566942044588,0.17111954805732685,0.054048654122766,0.024177419991221267,-0.03040017809491559,-0.05454874788943064,-0.01767338329137437,-0.002817794618461959,0.06681605349731336,-0.0294838433922156,-0.06144931385457233,0.08833652272644282,0.17029777937780596,-0.016322675769305985,-0.03275427378555328,-0.12864756699164884,-0.051655665234489063,0.1331468258257203,-0.03641720508085698,0.0327989722618804,0.14495202333301715,-0.057274015697711574,0.013272736319508694,0.1365483395342947,0.12552946344178195,-0.023411383459430737,0.0034746307620777215,0.024440402517821015,-0.08312979435355042,-0.036145998603131745,0.03296223966419076,0.0008611581336680707,0.002282947018522678,-0.003666429861525452,0.12344786368458126,0.02507097090155296,0.015387704623060624,-0.013518040190073084,-0.017942176719506518,0.08794310194776954,0.014849095689186312,0.11443883117205689,0.019380413923973903,0.03730216422639989,0.11323065543132937,0.005015101937483096,-0.02710763763232397,0.008548320346358983,0.1301927406340567,-0.30076778406489574,0.07785653352973053,-0.009738200161644145,0.17479319925393919,-0.08649115342558603,0.029028290961100805,0.05781444378451302,0.0552814260605546,-0.028936428519276997,0.007867644611727466,0.011847444578668879,-0.012996187975632558,-0.006769074821607865,-0.035216561888888206,-0.060886068250839726,0.027497234516096543,0.04527910604340855,-0.0010073085624705985,-0.021042020843385186,-0.0005452316804265935,-0.0030208907831640454,0.005243629389776889,-0.07491308140435121,-0.046367595095842935,0.07076987293309053,0.02231751169996347,-0.008863576954975914,-0.0710804322690679,0.01571207340980651,0.041451169691152326,-0.01519933434695072,-0.015572698657183246,-0.004615624423226147,-0.002015715441458999,-0.15245162188686998,0.04756668748454017,0.10701101434474056,-0.013074404118014615,-0.0876366881119659,-0.02634644206976269,0.10746875907155977,0.06834471103058955,0.025878704256850647,0.075199170288419
sleep_deep_hrs,0.21532268549749722,0.04835386406350873,0.12249122625790683,0.24153270528150186,0.03828275943740203,0.09143261540380138,0.20976680755711136,0.12138132263999828,0.010139812302273569,1.0,-0.0025965531516023333,0.04127453393074536,0.14106829843924212,0.010890039452311052,-0.09925983787507252,-0.017028705471194398,0.04158065269641411,0.11340244024267603,0.125577819415117,0.021985081715314363,0.06174999329169302,-0.13892085975309978,-0.035461284607381245,-0.054252251087519195,0.1458850624282273,0.022822097156197898,0.10431895969823585,0.008762545760291394,0.15815127722808406,-0.014313448721441288,0.090741356136178,0.13047963375094807,-0.025547229817399982,0.13963991657384056,0.12956490084292915,-0.09302135582040513,0.09942091163090815,0.0857303808747403,0.1180947996018887,0.10145942911889658,0.014189802308588812,0.11773334515415701,0.00032690738859607874,-0.06211050984440604,-0.02572428934696394,0.027455607308900534,-0.02518843948941966,-0.03816263586624941,-0.08080932490927123,0.1470682386523264,0.02234933464413579,-0.11616776125340585,-0.03328501371164778,0.0006205931747058809,-0.09759144830772311,-0.008348882850265556,0.17092084796281587,0.16555706214792018,0.11991812022687255,0.03385665793174878,0.05522634431406424,0.10696268299838194,0.1510949056181442,0.044100442950417394,0.18832988375615614,-0.06844534718067637,-0.04347167387251911,-0.27039156164394235,0.04269855468160992,-0.11804497895496628,0.09999029081769278,-0.023641481909436986,-0.056756006827084954,-0.012138484742243593,0.03217647514467048,-0.04264062447482349,0.01644171416928446,-0.009279233695632447,-0.04274909280443041,0.002863479826180944,0.004106554715571796,-0.025804927628417476,-0.024476272200732258,-0.014330215250156835,-0.049141546495155695,0.032419759088316014,0.02604350023325632,0.0005260560886478644,-0.013149166967212675,-0.00787389424531825,-0.010885864381285408,0.09175221578743889,-0.03579887058392554,-0.08726214778685552,-0.010598200317058118,-0.03846540178124174,-0.024206497468055473,-0.009031723988748732,0.005768572043026556,-0.017559413345905987,-0.1602359582065253,-0.005586256174860111,0.11377674905602238,0.06135950056670829,0.030587376333191432,0.11913948389221062,0.043158516510127816,0.08966345763966961
sleep_rem_hrs,-0.16030553724818955,-0.11629201227708956,-0.1097029214801251,-0.22796730077934424,-0.12472142569718236,-0.028243331785988455,-0.25495570267229595,-0.08005496727299952,0.11901157613078019,-0.0025965531516023333,1.0,-0.059384684202662165,-0.07739617011405867,0.05690667761308704,0.0920003436380845,-0.04048978855907866,0.17169214846464942,0.05197193209679624,0.010520890967430835,0.033598338501256125,-0.052170904368858,-0.10038354337710433,-0.02328056789527628,0.07053587812454365,-0.07811619959328645,-0.08056773028608678,0.03695994246889984,0.01805234665330977,-0.013125571794743158,-0.05525626179779434,-0.019486072543747127,-0.08676210431217302,0.09552494037851476,-0.09472093294121872,0.10416094178383956,0.0636032505236071,-0.07853983200414269,-0.04386117049119551,0.13492293115690554,0.046756048532847594,-0.007362262021077844,-0.09262036745867278,0.06175507735582482,-0.01532605228762302,-0.04097064959344299,0.07112879689342128,0.07180149018240663,0.039887804898506914,0.020410639614991614,0.05645466657308917,0.096935858908527,-0.04584859134695762,-0.028478921921568808,-0.05533434246872547,0.06199509591700913,0.05161101730726319,0.0857292032244816,-0.01046095093343334,0.013345369766676145,0.08105253151453044,-0.006862986809195244,0.01714758015825442,-0.03222705338774324,0.08526033806610264,-0.23626460621002093,-0.06049989459544143,-0.07314904157714948,0.04135769979074172,-0.18312220660186143,-0.026629429044286144,0.0338472816444294,0.1239442474436667,0.008893500526495714,-0.060252625800698345,-0.003137611632890492,-0.05305259945796134,-0.0003829726502329645,0.0004155269116701308,-0.08393911121906773,0.033480675036910205,0.066142266078149,-0.005643213406283215,-0.033857980792628896,-0.002843327108380671,-0.04793361758975375,-0.0808947576898272,-0.1701468906652996,-0.06152366646183373,0.04535492639702968,0.02690142796480088,-0.024160478928058327,-0.09988448309786672,0.003683368090680988,0.034392558396337265,0.04443828363570378,0.021104848293923215,-0.007107280625159293,-0.03520034829898387,-0.19931945119564637,0.026412163333215607,-0.08389225576190737,-0.02315570720401206,0.13508957891966655,-0.048745258799446946,0.0864705003762268,0.011407437529496044,0.03159182628979701,0.016759905893321016
sleep_awake_hrs,-0.03667431818895189,0.10454288195626582,0.1485535792007564,0.09049142257921083,0.15594305327360225,-0.13912588651252575,0.1202397096824048,-0.08715161996195041,-0.01854752493706755,0.04127453393074536,-0.059384684202662165,1.0,0.005118491309977677,0.033082485943250514,-0.20744384035736138,0.1511416883374363,-0.14793952409365313,0.030648121206910774,0.039588790578613205,-0.10033362358054045,0.10217084678400912,0.08746212455721213,0.05909405356179793,-0.06678263187157597,0.07419546689409479,0.06871156199552453,-0.06960354501005396,-0.08177006702732642,0.0016308656550411266,0.1446117313502582,0.12207976001493141,0.12040456107237672,0.030444012985791948,0.06404298839881438,-0.10683901631246677,-0.0063872611915933636,0.0463192952499532,-0.025283501915792265,0.009358720866943018,0.024543650525434665,0.06437389312575313,0.059597352224903304,0.01771398032343067,0.08107910049978281,-0.014254944307665418,0.041368493912563996,0.05544376817460072,0.04009676705028292,-0.005876951935788687,-0.1361343286091616,0.07177360726508093,-0.032627651688951154,0.017649130290407156,0.07208505175186328,-0.011996199383404986,0.03944382645908336,-0.08424944030578198,-0.05318171801969958,-0.05189162158016127,-0.04047122615626892,-0.06935161154764587,-0.017945578027423036,-0.014706683576353338,-0.09966842457405611,0.09018160955891762,0.01528081948563184,0.026438349174662153,-0.019262730592384317,0.1491038257938469,0.02626673120994699,0.024988488431859388,0.05830047669460994,-0.004819529964773706,0.06957284292380181,0.022530068812924554,0.072138212580653,0.049933910926949016,0.025539071599585954,0.08303236445763587,0.017085151188901172,-0.08122152798843214,-0.004548872162070806,0.037164270272044046,0.04384401684294716,0.013638794724629259,0.0003597852420643217,0.07082407063892573,0.0651306041131319,-0.006010537926750559,0.05321775111375426,0.01180742785338435,0.07566759439573258,0.05644450150807767,-0.016964706215027384,-0.023611971399879295,0.021982538151286108,0.0180901882003885,0.07950143855025539,0.13132012096677334,0.015791186075385943,-0.1092770654524371,0.046883125004387204,0.05272313919179052,0.0647687725378836,-0.06313546435047655,0.0029745485351986853,-0.03053434673461303,0.019269960515751035
act_generic_hrs,0.3918786174199354,0.035400259879644874,0.17482481684107545,0.3745407724671392,0.10486402232364718,0.4230213509014099,0.3135433684528393,0.5002046969311527,-0.10823964640455197,0.14106829843924212,-0.07739617011405867,0.005118491309977677,1.0,0.09763184427325462,0.21809538829846253,-0.4571983363053625,-0.14913516161421958,0.07780534344046666,0.19581473295511692,0.07733915286450599,0.04357592893177028,-0.0882712705456131,-0.10900036342606208,-0.05856110163828261,0.17661060038571802,0.16541732994337136,0.038059274725347904,-0.03855107867939283,-0.048503283468933414,0.011493988653893016,0.05406865422712448,0.12893519593559072,-0.10720994726625631,0.1010339388953654,0.08657739449417214,-0.12476965616008956,0.2505914642123097,0.024260767781251386,0.04106317837691738,-0.011762055325888752,0.044687918826249846,0.17895151217394473,-0.021301507701769626,0.07220762545060966,0.09798932933142725,0.05155786727276707,0.011084892603813887,0.08385458368407801,-0.015181607361665798,-0.027985646391406622,-0.008873043767928652,0.0647771244318548,0.11497850820635917,0.01253601534493479,-0.12975934753204985,0.020189198162790696,0.0032256307394133714,0.06362849706448848,-0.024043518645862298,-0.19735340351219466,0.011489241769429264,0.017911186483113947,-0.038599556282805564,-0.02205712871970676,0.38194891807556824,-0.1219917896627834,0.05313051238195332,-0.27883189201296704,0.0597030650073623,0.01574933077395498,0.08887455745389945,-0.18868083186012233,-0.0693035349404387,-0.10172120286464735,-0.06967616325537436,-0.14847362223454866,-0.06218990462972129,-0.031060162739939598,0.030126082374173066,-0.09513581726992178,-0.06069504831244498,-0.06675649605959096,0.036157487423868685,-0.0740177325820308,-0.050046250685618174,-0.06805520402609554,0.026367424686307914,0.0016096810603156674,-0.05259355263576739,-0.0502372532928604,-0.014120495191693214,0.08148897353417602,-0.07677271134591548,-0.11995599618125802,-0.03817130227808243,-0.010754869522945748,-0.0354323926888434,-0.051308625389292095,0.1453719501730472,-0.11682304399302988,-0.012065271471512021,-0.024252939662786167,-0.13835230354485875,0.1568506421349585,-0.016215478900171824,0.06622710996461184,-0.0033518187303217145,-0.019124470729540544
act_running_hrs,0.003795937179329818,0.026431105517010944,0.042357779068911146,-0.00427606042379595,0.07125203292387447,0.09935835526171355,0.013125425972691259,0.0711916283946785,0.023947679391151337,0.010890039452311052,0.05690667761308704,0.033082485943250514,0.09763184427325462,1.0,0.12872028325809853,-0.16963651611059108,-0.03171862438364108,0.09561081981626092,0.11429412941836176,0.007957530074689653,0.05853820014006986,0.06079443554408353,0.014882094573181388,0.0906975651933137,0.023296604082077878,0.026750128211973274,-0.05223635663630843,-0.02523195098910832,0.0022971426735801867,0.14314080261621537,0.11535076982207458,0.1252559892380739,0.009489045453024108,0.07815511025745038,0.061235325371011444,0.06924302167069955,0.06827186652954531,-0.03331990375683194,0.06488191383862446,0.050932918806667546,0.1261339773416282,-0.008362495516043868,0.062572130492134,0.23617846464300807,0.06207602619914654,0.09894723282410825,0.10493995749902525,0.12150906083774365,0.10381546429498018,-0.11055476787077553,0.19171379485410506,0.09283239232889448,0.0846898678557223,0.038941393381900655,0.08702203027035248,0.1016042337953312,-0.08860003130709357,-0.08518011937726712,-0.11590506652344214,-0.025919897177677058,-0.13104150609689724,-0.06709648410567501,-0.12094179332018164,-0.02529512953308577,0.04722708741693962,-0.01601679659760222,0.00838065354790039,-0.027377625675635998,-0.02676011290746005,0.03052520642080562,0.045058629674485685,-0.05356881465781687,0.023979141614597566,-0.044080383104747815,0.024091644154930522,0.02284360491582177,-0.02941346587623538,-0.020984104323578563,0.012754813688347551,-0.030417584637388778,-0.0075878276193986705,-0.018315536164781755,0.07311720581742588,0.026850856898614318,-0.024337924344618435,-0.08245705213781616,-0.07408862252044768,0.009265524215988037,0.009454389857136442,-0.03145636715071346,0.006215347239717398,-0.08238067038351164,-0.028806337701330672,-0.009612265400301852,-0.020853196923422822,0.0200526694762415,-0.013577637779814508,-0.023026131635422522,0.010263944858198306,-0.012380354454805911,0.008454280399362833,-0.00431567231289864,-0.009535541389905717,0.009926808196467402,0.04376122485107429,-0.025709612466252717,-0.060162342409342776,-0.04683287195547224
act_walking_hrs,0.22317332796582004,-0.22321623216924427,-0.09220438116764512,-0.06451227754756397,-0.16733185574279788,0.6531848942653048,-0.14879991423732433,0.48922843627627893,-0.08589119866283396,-0.09925983787507252,0.0920003436380845,-0.20744384035736138,0.21809538829846253,0.12872028325809853,1.0,-0.7753991928693571,0.030545016153574245,0.04504914497857403,0.01541616711423728,0.09177752268081205,-0.06220017001237095,-0.0044130694597788785,-0.014607056803890675,0.11192317847587174,-0.03317152599410175,-0.03946813489371983,-0.05276866287015187,-0.07703411245003544,-0.04611644018987048,-0.0955331859592428,-0.16858640244022985,-0.12291906788612897,-0.015285113571151811,-0.03628285303286218,0.09271484271876658,-0.026032113021930658,-0.09961916397420263,-0.03116870927163759,-0.02293675622104294,0.014478938246428647,0.03993622702240967,-0.13488285310192777,-0.0707754629844577,0.09092040589698326,0.11551172262784208,0.024287122230982013,-0.09951127125050487,0.09751855460382534,0.07445805459707498,-0.005721201182885561,-0.03581477007786564,0.13439546984490258,0.11281805154885671,-0.054046655447493125,-0.00573289936017836,0.02227613184902195,-0.044892496554694766,0.01913894730819903,-0.027734279859327048,-0.0710044636008737,0.023423524931862255,0.02330477545132811,-0.042398687952225025,0.08529713585919182,-0.014052590145977102,-0.09460322141864447,0.04106812133978004,-0.031114278055687155,-0.23885456338928382,0.06836981522057484,-0.0033497100966649123,-0.09999071934495306,-0.04216928565614441,-0.18212393623523193,-0.03093223120603207,-0.20382819390450463,-0.15325915547045654,-0.06253170735868638,-0.07400015793973243,-0.08963943941758892,0.11620953766300679,-0.09567721752653602,-0.03393682533956038,-0.07233493120637334,-0.11569642626942878,-0.08081870024896086,-0.1633062257112951,-0.13183701226987302,-0.047696096148124804,-0.09329805983221026,-0.008533189849012687,-0.15487996217050345,-0.13062607408232507,-0.07286052935954772,-0.016124302892674813,0.010752877943211078,-0.049854971203123384,-0.11035159709323651,-0.13482539684652475,-0.11750394466049975,0.14323146901542178,-0.06803888634055483,-0.13051098590824275,-0.010976344632743313,0.07905297632113568,0.026801854189096367,0.037717459794785815,-0.11164932238773725
act_sedentary_hrs,-0.38452388068776117,0.16639035365218738,0.016392196307139128,-0.1358671585488966,0.07923271575939905,-0.741221396663265,-0.04652690433945001,-0.6711049335228442,0.12555566942044588,-0.017028705471194398,-0.04048978855907866,0.1511416883374363,-0.4571983363053625,-0.16963651611059108,-0.7753991928693571,1.0,0.017148955486182758,-0.08983335892298999,-0.1127906598573362,-0.06551324496423663,0.0397331476147663,0.15572619014469205,0.0983183195479934,-0.08571690795005008,-0.045767924586696776,-0.029779355042336707,0.06304372802912188,0.07259746183538637,0.07907756602063525,0.08504722720732374,0.06600789339136862,0.025013422439356732,0.06879149801510345,0.008881373986331889,-0.23163204422815956,0.10540421370326408,0.018614532085274527,0.030107592400213056,-0.06438255545261681,0.0680765825377281,-0.052835295332671256,-0.011998888981654231,0.055120894700951356,-0.19481136451353329,-0.15337317576827475,-0.08273714483360484,0.013802632056542365,-0.09878740437701108,-0.05103377257369986,0.05935181767515056,-0.01775092312016108,-0.11431339924424,-0.13333283460485745,0.04785051321680745,0.041236179124043155,-0.029240565234539745,0.07449381456452081,-0.03495975510630035,0.05070526442006389,0.1494470032095465,-0.0036932475298441015,-0.03405336948278758,0.046593639830517626,-0.04622862336748379,-0.22860008564726464,0.21025588141760226,-0.032984117577230486,0.20341389602028287,0.20269290826514064,0.0395602492764162,-0.06873808858914646,0.18860862925015012,0.04451285309906919,0.21709753628043993,0.05256884309576249,0.25886608502240777,0.1715809096016399,0.06246817471546817,0.05644229372461744,0.10144577264671155,-0.06286102697088275,0.09037755941840896,0.00292635965336564,0.06492803344235756,0.13395425910514372,0.18810418210230273,0.20696086788985474,0.11376846569081121,0.07213118130133092,0.0874301379293336,0.00930158825567612,0.10543611796247149,0.14934991125210106,0.0988551423052668,0.021287278408398787,0.004989142199379586,0.053431599850522996,0.11497299402945788,0.0534282119729492,0.1618762859620236,-0.02917200810642085,0.06608047522472177,0.11456623106965416,-0.09194963344168426,-0.06834056651472523,-0.028905665780323834,0.00800852161373081,0.11589974946142997
A/G Ratio_value,-0.1671437275209936,-0.10901417534572945,-0.13125114302323865,-0.2565735820431301,-0.05348706389128822,-0.011053919819763412,-0.25483149806330607,-0.07784593489543147,0.17111954805732685,0.04158065269641411,0.17169214846464942,-0.14793952409365313,-0.14913516161421958,-0.03171862438364108,0.030545016153574245,0.017148955486182758,1.0,0.18543948681538341,-0.015044785289892414,0.4025048183836315,-0.20705008990130339,-0.31201411938114565,-0.019179763032018966,0.3010273616819564,-0.14388932980600727,-0.2865345940764093,0.09815252773499061,0.25559693921000853,0.0770635752440338,-0.20820174787296464,-0.5318584302813403,-0.09104860629991487,0.035414013915419804,-0.11972719986767733,0.021482783542844795,0.09296970119668133,-0.3101784698656398,0.02923565142729312,-0.036904127385273204,0.05469699506423803,-0.08190688825276193,-0.2280926102244185,-0.016980180566480638,-0.12583672302675364,0.024881870492946094,0.024979034841239405,0.1193243885787988,-0.13965451982079294,0.012898834196624348,0.2945457236626286,-0.054281301398669796,-0.11552874807992806,-0.2203835676531943,-0.4145822419927265,0.2189954914178461,-0.1498346975293439,0.23265283115653873,0.1859444982286449,0.15992516423433312,0.22516695705248443,0.09484977557322548,0.10667419540196772,0.16545864974587446,0.27328203916365507,-0.36194885165563007,0.04320690391627149,-0.038376777496724135,0.0025330456780611865,-0.32246618226231266,-0.23360089126495978,0.1672905889679529,0.1987774673275845,-0.017904110342745878,-0.009306839497849764,0.14605616332485932,0.009397007453981848,-0.17703210188958537,-0.12816927720219035,-0.12682489475018022,-0.024085592259033475,0.20493531589370123,-0.015195845849517005,-0.0774091778638025,0.059662438783142056,-0.029716500780726435,0.08126515918748352,-0.1811433431280877,-0.14170065554250302,0.017677177407363662,-0.002390554566197888,-0.015273956328647323,-0.21977445022121805,-0.03794133060673491,0.16808787992241458,0.060945991025565166,-0.0055648715607242724,-0.028647506566427283,-0.13790419662132614,-0.18048214362257325,-0.010799871478591839,-0.12504850411900698,-0.02075787135886919,0.18876355788365945,-0.0515655423476004,0.32689494253007945,0.025474876544160623,0.11485282185720985,0.0848957604085287
ALT (IU/L)_value (IU/L),-0.05353300601693215,0.03807553395258048,0.007240039700742155,0.0554050128095653,0.016799679122724873,0.07707028336310906,0.021919077810997927,0.10862736593941055,0.054048654122766,0.11340244024267603,0.05197193209679624,0.030648121206910774,0.07780534344046666,0.09561081981626092,0.04504914497857403,-0.08983335892298999,0.18543948681538341,1.0,0.40536839225921745,0.08762127662201201,0.0690303722757384,-0.10450518001755084,-0.022207956666359503,-0.03996559017089039,0.16410843026772812,0.04537844078028006,0.17839981286982418,-0.057966972325380624,0.12423120854176144,-0.004752678902629598,-0.009707023431763781,0.21523090503583278,-0.10432297331889738,0.14878801917738838,0.10788345988697892,0.003348594503234317,0.10173271769853968,0.20654470272502792,0.20796164421446478,0.14040679707377662,0.1251506015528282,-0.0019197695815642319,0.22749515332120934,0.01674907254769526,0.19529274998102675,0.09145329975917262,0.20553931819505664,0.0896547306805877,-0.08150347263760682,-0.08562445744520696,0.21835862641720155,-0.00884743696163273,0.02483467620850987,0.023990280293274345,0.1136644122230158,0.13311669228290446,0.1749516510728977,0.08892466962693053,-0.015209107070624402,0.013739082411715724,0.02168538324898864,-0.028339044453979015,-0.048693743506305766,0.042690495622846644,0.07074779340397691,-0.17315876051450113,-0.18220502429328703,-0.274598058268892,-0.1521272083128271,-0.19507749087118423,0.22399827730606775,-0.06284995319359281,-0.11140023765234154,-0.026793084969962435,-0.07057035415452916,-0.10225936166862523,-0.19024438276950834,-0.06932361511653327,-0.08202532059771989,-0.04849261385644578,0.03295309286063339,-0.007363010196775769,-0.019785329228661636,-0.11670864307884071,-0.02707255126490203,0.11457193216848441,-0.04058210336682127,-0.1333887926396666,-0.04411251902480495,0.015233340585221035,0.003431516391301037,0.03244552388174987,-0.06704774031489759,-0.04113271080553921,-0.01564598685651295,0.006804134681572605,-0.02106180817048721,-0.06157292793034627,0.007353522200327651,0.02076294770155011,-0.3405530526593781,0.012637129276174306,0.179796526663871,0.1977157002239039,0.029572137407972657,-0.032018992699634055,0.03347926502497392,-0.009465076576548749
AST (IU/L)_value (IU/L),0.0765578797782806,0.06101057268238144,0.0999357544249759,0.20399775759791855,0.06303330394586582,0.09576190505225834,0.14125644246311886,0.1619486839995791,0.024177419991221267,0.125577819415117,0.010520890967430835,0.039588790578613205,0.19581473295511692,0.11429412941836176,0.01541616711423728,-0.1127906598573362,-0.015044785289892414,0.40536839225921745,1.0,0.1311062381596962,0.08738316037750693,-0.05938042725164053,-0.16949399556368608,0.0077889802670838915,0.28496513037344157,0.10555930689407632,0.20817949457238338,-0.15074391177683905,0.11731529278723514,0.0950321115979025,0.09740799110462545,0.22169402896216717,-0.24612116907598802,0.18957285326314305,0.019077833084115883,-0.03398336453834283,0.3049055604057103,0.13215831688460056,0.1237119476400165,0.10865544690234845,0.09862083228318384,0.08576105194008302,0.10934939928938402,0.007778298865513728,0.07902592334658783,0.07337507993842023,0.1666164601112091,0.09037684148491207,-0.028478228173178327,-0.022175161252493063,0.1553620978699648,0.04041692204687062,0.0891700268857269,0.04054730798153228,-0.03533706654459297,0.10375861052870372,0.1461621237788966,0.04818661268555211,0.0005820401081252214,0.02113493717782661,-0.007926607817710922,-0.005971782897052197,-0.02908548862842508,0.02595928498658461,0.20547858371080113,-0.1521609634951184,-0.02201421649096838,-0.25554211759623874,-0.06668338694821313,-0.0748950178013835,0.18667939442258924,-0.25240231693442644,-0.10919086462497672,-0.05924844758217897,-0.03473200912503985,-0.15433017616118183,-0.1309168450213456,-0.019629126947190486,-0.05057272608884261,0.0013739517172138237,-0.07272477184948001,-0.034280999767061025,-0.024239309476831918,-0.05303746473865466,-0.023037586454391846,0.07964801832164671,0.02402653674209992,-0.04293903446947213,0.002888226793337538,0.01690008147089917,0.0007103843413387474,0.12245170494839205,-0.10939305264122227,-0.0599912586616397,-0.0006528686432358408,0.014071510214811421,-0.023442411628871142,-0.03771629986214524,0.09983930385616435,-0.010020410599599279,-0.104958557918741,-0.009815058596643608,-0.08691849859209227,0.20554894677478042,0.007979525371861263,0.01978565488696298,0.004016674578121626,0.020557260229335777
Albumin (g/dL)_value (g/dL),0.008184309034627102,-0.0076957297794551125,-0.06372064132695492,0.003591996904088847,0.09419074603102438,0.09362299808294354,-0.14402905145186007,0.1310084969949354,-0.03040017809491559,0.021985081715314363,0.033598338501256125,-0.10033362358054045,0.07733915286450599,0.007957530074689653,0.09177752268081205,-0.06551324496423663,0.4025048183836315,0.08762127662201201,0.1311062381596962,1.0,-0.03269494989321092,-0.1231764568244219,-0.2110432904558694,0.3093182815828961,-0.09236814728582313,-0.11496911093315045,0.4072249594691551,0.2276639199354408,-0.026659739783692942,-0.1459748480298668,-0.28159430820778136,0.06238219332885108,-0.1363292249640888,-0.12259941957396851,0.11206797452469702,-0.022661401802804647,0.4642742744782766,-0.08169354730328321,0.0309960011807509,0.08786823023630135,-0.1416995252551233,-0.1338970867534358,0.08065363312523735,-0.031683531158202737,0.08570970650986559,0.04408142096526697,0.14997479757843374,0.037872881926800425,0.16595690628804657,0.2481999888843049,-0.02464987759913112,0.08210930532594218,-0.0736671794346103,-0.2692841058417228,-0.030199111089734387,-0.0915069313716824,0.11992444585537766,0.15198253225223624,0.12128108931845555,0.07351696517775838,0.11906063720077617,0.10936941919057876,0.001286800573995891,0.10159569057800417,-0.011934504927735168,0.061792545715608695,0.07598528819798503,-0.13336238202175016,-0.060814451267066354,-0.07537498630142109,0.011285103572774274,-0.06411522710566879,-0.14585710969977644,-0.16649817250254187,0.018842176041614117,-0.08231484275904909,-0.17880057845999983,-0.11373766923732394,0.03791451797605303,-0.1416656248980648,0.04151155959672769,-0.0015097257698233966,0.0037385470934224235,-0.13530012328697386,-0.01872759318612902,0.14280194472287355,0.0255918027450361,-0.09137319576284043,-0.01650838750733603,-0.1512506942856784,-0.031556630545116336,-0.0862322671608412,-0.1731798317573999,-0.033395606634531054,-0.07796574788135702,-0.01601791605960228,-0.06304251836882525,-0.1710409217513282,0.04071331303794207,-0.23891318729996294,-0.05401698983842747,-0.013977920896449343,0.1439881158395336,-0.08535875548016933,0.29498444611589864,0.08341336593699437,0.08934665091339479,0.0983686408441806
Alkaline Phosphatase (IU/L)_value (IU/L),0.17596731457596018,0.09327352367983138,0.03304443810008225,0.21233488518343327,0.1134956994722167,0.013601860072222268,0.2762060820108338,0.04610357605241925,-0.05454874788943064,0.06174999329169302,-0.052170904368858,0.10217084678400912,0.04357592893177028,0.05853820014006986,-0.06220017001237095,0.0397331476147663,-0.20705008990130339,0.0690303722757384,0.08738316037750693,-0.03269494989321092,1.0,-0.012244814290983152,0.0644375389698088,-0.14534936782279226,-0.013360796555199029,0.184879404424727,0.041986570352679956,-0.00712366968584498,-0.08911176816210627,0.03977845138461075,0.24420798319836196,0.21604124199606525,0.12407562549638042,0.07544570315179201,0.1290953203579364,0.03750182400665889,0.23659023988138925,0.08935614542462347,0.11391299076788415,0.11148895325565619,0.12483196714954432,0.1662578901208549,0.21069950643908628,0.15474178929512922,0.1393164033391653,0.04473397735515988,0.10391173697191614,0.065908394625219,0.08116125051787776,-0.16386506440224516,0.11496845991193727,0.007294526507612131,0.2606861119598829,0.23306364520127557,0.023476552359079538,0.1626580275928356,-0.0006716576185218971,-0.08129518639972409,-0.08788085398096919,-0.1611278448531942,-0.05093088177755561,-0.019423341956756074,-0.1369849796498682,-0.11758446989976354,0.2503749415881352,-0.013699253316962753,-0.14055815435877678,-0.17662192838022317,0.009145457097093745,0.04808588139455407,-0.06341860833994474,-0.038000492482890516,0.027608557422376123,0.09295156044911425,-0.06753722428844235,0.08442328728430282,-0.000483982045390093,0.047571732374634176,0.1203759230992777,0.07395899171062348,0.006340097367152643,0.1871292901081287,0.12147554885897621,-0.09953100285178458,-0.007654145210496094,-0.00027720807213484907,0.025637245968752165,-0.02534416018298296,0.027025791842017255,0.005374649267036301,0.00011935443730169115,0.09615023125775195,0.1232668339985382,-0.0953739530187822,0.05138216193466687,0.0011812111669654117,0.02330695667714031,0.019977351309265035,0.13969639825531466,0.02881630321589185,0.013085257335025954,0.021952225919827355,0.0712502261120715,-0.09533100469511514,-0.14598069439197217,-0.0027554839935290134,-0.030203875763847195,-0.03776017092505305
BUN (mg/dL)_value (mg/dL),-0.06974618310305383,0.32981347224268964,0.14392759640721475,-0.05648232913342371,0.16728714451981427,-0.09098387039652825,-0.007303959107932569,-0.1501358985542233,-0.01767338329137437,-0.13892085975309978,-0.10038354337710433,0.08746212455721213,-0.0882712705456131,0.06079443554408353,-0.0044130694597788785,0.15572619014469205,-0.31201411938114565,-0.10450518001755084,-0.05938042725164053,-0.1231764568244219,-0.012244814290983152,1.0,0.18433625478067567,-0.03482254590088279,0.20947353108974429,0.09093203769412107,-0.14994902832471022,-0.2724061861518769,-0.05062331656118931,0.5286723155875631,0.09805380353888134,0.131050010325641,-0.26952942725714657,0.18405014340877787,-0.3708967528331362,0.1762337640410479,0.027941272085185816,-0.25318468855910703,-0.2541612013316804,0.22247098849752417,0.08876561322326808,-0.11488357306473773,-0.021075184567596616,0.08457547246692582,-0.09452457488209597,0.050692092799241445,-0.08189462949198037,0.0632610791068528,0.06976407753001032,-0.15404584050749387,-0.034315072794013995,0.1658261101838867,0.06829142621703599,0.0638321557038093,-0.010399595692382363,0.03864706751448143,-0.14670128367954516,-0.2266298510258741,-0.17997173757225673,-0.026301960723489795,-0.21368039549523776,-0.1826579286127859,-0.17883964971525534,-0.03879063763211801,0.08144123700119277,0.2933873361193614,0.33229856026585874,0.3144867680500523,0.42244485248324526,0.21068575073565007,-0.2870592683907883,0.009400404848418751,0.08477323491042237,0.05276409846506776,0.0529584857470358,0.22449649808160618,0.029628248024397282,0.11313390155758037,0.20573391555532974,-0.06417099687658877,-0.12068970021933659,-0.08422962822727662,0.024144750652062903,0.030140274195339562,0.20379368493227776,0.15936654037331127,0.2977321163697903,0.27392510634507444,0.04444240628035174,-0.031476745620187464,0.014346068963183373,0.07319918546413251,-0.07256153817143102,0.12724686752982559,-0.03848088244037335,0.0708286449614574,0.045909477853367846,0.16296024638465637,0.3316871798654955,-0.003082156239603871,0.3737558137480053,0.032239478374744626,-0.2292976916701601,-0.17745825243037078,-0.08582502840518215,-0.10630906703034848,-0.11368807290491267,-0.08264379015786284
BUN/Creatinine ratio_value,-0.11049337176060574,0.004496468149728127,-0.020868746080417878,-0.06454074766564546,0.011098938930426789,-0.00864248493985326,0.01984581080954984,-0.08133678188954085,-0.002817794618461959,-0.035461284607381245,-0.02328056789527628,0.05909405356179793,-0.10900036342606208,0.014882094573181388,-0.014607056803890675,0.0983183195479934,-0.019179763032018966,-0.022207956666359503,-0.16949399556368608,-0.2110432904558694,0.0644375389698088,0.18433625478067567,1.0,-0.1607146615781653,-0.16323247117716352,-0.011105404260064207,-0.1570850167850581,-0.056668763615500876,0.11076372683842756,-0.025908770949082754,0.1217250964375878,0.05669589027847256,0.21766336978884038,0.0012622710394035687,-0.05316498336483111,0.13590140487109742,-0.09338387022417313,0.03821075281024417,0.07464725026202924,0.059408335610339966,0.08224549251412523,-0.15781107618381082,0.07682022348003499,0.09831581795226703,0.22168090938076296,-0.006664934970609125,0.07140815980951984,-0.048528701329338016,0.045329627719012264,-0.045795424730057814,0.053920923791116855,0.06856922349582166,0.05731061860333687,0.13771011235570024,0.17917761153758816,0.05424164628018142,0.002442504167605524,-0.08508156620056255,-0.08339257665855991,0.043353632171670056,-0.034767435670644185,-0.027320703376642375,-0.052671296849975145,0.0022969185238982926,-0.06624261924714096,0.14102515518246328,-0.11613844613907831,0.1291830563612952,0.16478042953120942,-0.022694466776937924,-0.09741477772077183,0.16990543528910182,0.15038438802458137,0.17795098720313396,0.10332600760072824,0.22277698698000656,-0.017215911488594294,-0.020013382559266456,0.06487374304209548,-0.06776035372213407,0.035557484377691295,0.038003444690014244,0.06674702488639295,0.019534889707248107,-0.021416141035563992,-0.025336795938221454,-0.010437209186893191,-0.08704871630930389,-0.07694881948598051,0.008044974226989856,0.037979428511410125,-0.11983460098075703,0.132749655059843,-0.015217847033413839,-0.008927932849369952,-0.01659465391654044,0.04318864970859402,0.028697462652636486,0.009224501108509212,0.05987608253897782,0.005433270961431714,-0.0059173634983695315,0.03172575674230943,-0.03288704355417656,0.06034933194808716,-0.0716577363950302,-0.015572711373457202,-0.003432868229840532
Bilirubin Total (mg/dL)_value (mg/dL),-0.10567064575677777,-0.02146485684852551,-0.010269379157864678,-0.21199510428167156,0.047222900283336255,-0.019694934950091284,-0.2402853375508257,-0.038494989868095235,0.06681605349731336,-0.054252251087519195,0.07053587812454365,-0.06678263187157597,-0.05856110163828261,0.0906975651933137,0.11192317847587174,-0.08571690795005008,0.3010273616819564,-0.03996559017089039,0.0077889802670838915,0.3093182815828961,-0.14534936782279226,-0.03482254590088279,-0.1607146615781653,1.0,-0.011873121861999528,-0.11749357515589777,0.033101628524811716,0.20002284861334352,-0.007579351899366377,0.06472263673770849,-0.14145365578717337,-0.020841043737106723,-0.08869290386169391,-0.032683609467986215,-0.06784316268920991,0.08151537748777701,-0.07925697164538131,-0.09365456929973916,-0.17867915961804023,-0.004871980377248813,-0.029766166231542327,-0.07990314004426141,-0.10574111011604528,0.08431134210016199,-0.017875332272112247,0.029864467182999968,0.02787484603881226,-0.006306553506987025,0.19294868370719034,0.15150248230522942,0.023167806124051196,0.07233174688948693,-0.10984144148797025,-0.22348619299709618,0.046998156511578335,-0.07850564592600727,-0.13387454124080245,0.04450569832941346,0.05422843853820512,0.11986137883563329,-0.043066753643942,0.03856263702372415,0.12685501449968917,0.051252408724900674,-0.21899026651117634,0.08457028490675979,0.18906057114398198,0.19542120921398604,-0.1011432184475331,0.0337076713216598,-0.0024209342592999205,-0.013315177868465224,-0.015047611372152898,-0.05173186416489698,0.18079607124812572,0.019883022693335455,-0.026019597205907425,-0.044932320158025535,-0.025274031830974486,0.013024519293300913,0.04990396594641983,-0.008284660563350872,-0.00976555970952464,0.1583494255687997,0.00720150167718331,0.02466482989192207,-0.031275124135758905,0.027298649410614693,0.021386241692987026,-0.028156192511541608,-0.0055370330059299104,-0.144071857187716,-0.07734227583818394,0.1174616227672825,0.012742628712266892,0.03746715156175156,-0.03435007247846825,-0.030773940748238172,-0.03942302321304822,-0.043161403313343845,0.10458929352556243,-0.022687919314128373,-0.0623361711482092,-0.046979246795593094,0.1897900218768417,0.03284579483514568,0.02065214131897049,0.0369106853250377
C-Peptide (ng/mL)_value (ng/mL),0.28656336283529826,0.13065412468936724,0.2504627897183924,0.2988733265866038,0.0402776770507264,0.13771455483885434,0.2431214478721193,0.14100383801065094,-0.0294838433922156,0.1458850624282273,-0.07811619959328645,0.07419546689409479,0.17661060038571802,0.023296604082077878,-0.03317152599410175,-0.045767924586696776,-0.14388932980600727,0.16410843026772812,0.28496513037344157,-0.09236814728582313,-0.013360796555199029,0.20947353108974429,-0.16323247117716352,-0.011873121861999528,1.0,0.15655503550930866,0.05488241000010603,-0.2144871581928596,0.10972931480967642,0.29946008895033405,0.1346788523758965,0.17726170351965398,-0.3972779791853196,0.36010329477495745,-0.2057524584384733,-0.10507404469593078,0.05495318115680009,0.08785129604046499,-0.21414391433788332,0.15833475324414398,0.0723730580814258,0.17482287378491335,-0.06352885351900354,-0.054615052033058345,-0.06014747486455702,0.020333063328371745,-0.044354094149539544,0.03639172280204815,-0.07812951036172378,-0.05067145752392076,-0.033516928841077154,-0.05604548595024356,-0.01838113636147466,0.003795095553936006,-0.09414943083083778,0.016428540575285807,0.044214634631599886,0.058474990373056264,-0.02272896077912462,-0.05020413928734509,-0.04084655139719675,-0.014325298473869028,0.03078437591948517,-0.06591888916430087,0.3470206598060041,-0.026343517769267365,0.19057837541145578,-0.20834105470740852,0.23233110159149814,-0.017998367289407343,0.05583744357454488,-0.19593393271179405,-0.10255663451881894,0.038004164320058556,0.055498866960076575,-0.0890970660951258,-0.0006500534090757595,0.045396902415822546,-0.020988128133508636,-0.022954655027958442,-0.06965729515075411,-0.13761199885406258,-0.07756794970038274,0.09896698648721405,0.08737102257600723,0.13647482579764833,0.2127071694637492,0.1671239368002905,0.020869184127270447,0.033124116618373986,-0.015612936449851258,0.22086224961309533,-0.1272565546233758,0.011338975264072857,0.025583650100963008,0.02677936694641966,0.0275512512061285,0.0925248400956205,0.2177804463842307,0.01996291891568766,0.03782062592264183,0.03703139105081355,-0.10468085137287458,0.07183877294460353,-0.10392615332117577,-0.018337811118649454,-0.02199113940773246,-0.017437440469150096
CRP - HS (mg/L)_value (mg/L),0.19673664200373903,0.1230125081064111,0.15872052616410312,0.2298687304529568,0.10711856841496512,0.07097676910949814,0.22642444304610318,0.08594695845947314,-0.06144931385457233,0.022822097156197898,-0.08056773028608678,0.06871156199552453,0.16541732994337136,0.026750128211973274,-0.03946813489371983,-0.029779355042336707,-0.2865345940764093,0.04537844078028006,0.10555930689407632,-0.11496911093315045,0.184879404424727,0.09093203769412107,-0.011105404260064207,-0.11749357515589777,0.15655503550930866,1.0,-0.004414836052295512,-0.08411282035784622,-0.08588959527647132,0.10632405209613792,0.19835823998151864,0.1633693425194822,-0.06474776663690049,0.16452028369053576,0.03351930282062788,-0.046333061769022306,0.19126181505590426,0.02300217103343491,0.035179563347823496,0.06672531679325348,0.0923998908090801,0.19021481487531058,0.08096888929345863,0.09242521965711173,0.04602370697372908,0.01563537312171669,-0.010209711655976393,0.12212159567395633,-0.014155420001532667,-0.16538394929122496,0.062467707064704156,0.017894086517747727,0.1267171061208283,0.1799983967553167,-0.09649719937293279,0.06609658040957096,-0.06601446578047716,-0.013719713494263226,-0.06369387233488134,-0.1743260389280633,-0.036900403370054354,-0.05875532373024176,-0.08998599982111892,-0.15591114717325502,0.2655534947055435,-0.03842190220212266,-0.008250213471456372,-0.1335241988009513,0.13067637465005624,0.03878770816626469,-0.030824778799035158,-0.12072221794090501,-0.059459680129095235,0.0780146290045355,-0.07923426792731257,-0.031642143882235796,0.05501108469735818,0.06909987400230269,0.052205225431784165,-0.01131214717338336,-0.07012879614048516,0.028465542217803966,0.04880787777581497,-0.04516161358577376,0.027863273390692566,0.04204135963209334,0.1560801884897051,0.0361115970131521,-0.019142016447468976,0.004105907360365859,0.06937272557413435,0.18586375439021063,0.031029775678526585,-0.08490233080532596,-5.755859203672177e-05,-0.0032074226531469048,0.026607311489708033,0.04674645918061503,0.1775356444489346,-0.021444771841213524,-0.01986046335951396,0.023863033566082943,-0.042598418159598146,0.056423381938534696,-0.155965926558455,-0.003631221586380181,-0.03571189154344735,-0.04451746702257852
Calcium (mg/dL)_value (mg/dL),-0.075098641317415,-0.0645863789715015,-0.09931938664019915,0.039721956745386706,-0.0837232681821034,-0.05683786181270028,-0.11657205105221581,0.04132834803789571,0.08833652272644282,0.10431895969823585,0.03695994246889984,-0.06960354501005396,0.038059274725347904,-0.05223635663630843,-0.05276866287015187,0.06304372802912188,0.09815252773499061,0.17839981286982418,0.20817949457238338,0.4072249594691551,0.041986570352679956,-0.14994902832471022,-0.1570850167850581,0.033101628524811716,0.05488241000010603,-0.004414836052295512,1.0,0.19125085255164936,0.0987736345650435,-0.13340497099344772,0.029945281250885105,0.02593451705875278,-0.07197201559554785,-0.07395937066798955,0.19306215111186825,0.038697386969685714,0.37044154592894435,0.12793993488073957,0.16941649484675803,0.081429850353633,-0.12123364646243565,0.02599607460168743,0.1351271774544477,-0.19917497901168735,-0.003113031725008658,0.03474636219266875,0.011053709924583087,-0.011428901742183617,-0.0857333049825355,0.21673396466038536,0.01351876533366199,-0.08751606354189909,-0.0670558949210967,-0.07001180190989242,-0.1585640104640084,-0.0009835891055271428,0.24828809607187666,0.23404202541969843,0.13204877767066417,0.058689181138584186,0.12530341003259143,0.08288504744981293,0.05103020072874983,0.12667261875975758,-0.01265860420898768,0.003581707110261217,-0.07293246340583648,-0.14964203196613182,-0.07484981735275008,-0.11983710556896171,-0.017701672910370912,-0.09936485951655127,-0.18003948082875434,-0.1051402545617187,-0.11436593767350584,-0.19088554974224348,-0.09654793449055112,-0.06915062363076073,-0.10290394782007553,0.011643451301526051,0.03946715579102074,0.022998970594206723,-0.08232510726682565,-0.1821869084674963,0.004370938000822629,0.10704912958152402,-0.03611009257381982,-0.0668521457379713,0.0625537100764987,-0.058921851539809646,-0.04878912933163617,0.09629908027851287,-0.1656637566110615,-0.07606581106982405,-0.07977534428622092,-0.020554865170805556,-0.062920173968158,-0.08674919260318849,-0.07553822743211304,-0.03641892790994326,-0.10621505185810226,-0.0026628234818853614,0.14297850262864423,-0.032050438918377375,0.0937123358132705,0.17067683537963643,0.076900189746601,0.12542236942318116
"Carbon Dioxide, Total (mEq/L)_value (mEq/L)",-0.14337051284798438,-0.11181759022635077,-0.05276106903780137,-0.06912236475555154,-0.030445284459886725,-0.10854914656056028,-0.04963007416753421,-0.04889017942330232,0.17029777937780596,0.008762545760291394,0.01805234665330977,-0.08177006702732642,-0.03855107867939283,-0.02523195098910832,-0.07703411245003544,0.07259746183538637,0.25559693921000853,-0.057966972325380624,-0.15074391177683905,0.2276639199354408,-0.00712366968584498,-0.2724061861518769,-0.056668763615500876,0.20002284861334352,-0.2144871581928596,-0.08411282035784622,0.19125085255164936,1.0,-0.1397252249021372,-0.2545493357851434,-0.10006955350259589,-0.07640438349608873,0.24324542219610998,-0.10252683732505649,0.15265064077902457,0.0644568783265856,0.14001783287544256,0.1307779597024054,0.05123437180413064,-0.10128088153166916,-0.06512634100780902,0.047423564953381264,0.05240907586523184,-0.05524995039627307,0.09976264119022758,0.027075232481892517,0.029795590026642494,0.0387014070264906,0.1080612582799544,0.19701936854418334,0.016534796651918166,0.05301667777172086,0.00670568046503148,-0.09226213467579195,0.08010160970778234,-0.03490623464708915,0.04263473637823413,0.12153072494233509,0.10195450224483524,-0.01865360263930936,0.0640618955170724,0.042864881217447505,0.02388857980190516,0.04107176951346987,-0.2342264749631127,0.10713962630723403,0.000323293204459523,0.13985038862219704,0.004467698575236624,0.04383343771780975,0.09292779998577724,0.08096938847224011,-0.10541653586107479,0.00164741043128424,-0.03515471209164224,-0.09352808387485609,-0.008296603164739123,-0.08590164517455756,-0.0926463990358936,-0.0825706066893918,0.11057423249197752,0.030101003697040465,-0.01675772576841632,-0.06623294214522528,-0.04593048279440313,-0.026091834380584385,-0.08067126850398584,-0.13147087168426597,-0.018589204729113153,-0.03093367139749917,-0.041326280774311955,-0.11028045575210302,0.017289668747690574,-0.044183831073144025,-0.06645568786547117,-0.013086396758918352,-0.05302696850137905,-0.10328541876976656,-0.177610980281694,-0.07128360434682489,0.016932984418133817,-0.0239382535828634,0.036312430922258644,-0.060935941163217995,0.1748137618957082,0.10495736053283809,0.09297701284728062,0.12464506335774382
Chloride (mEq/L)_value (mEq/L),0.017614264046889563,-0.13137293210671552,0.04092162823029206,0.05898031320585896,-0.1287442551651337,0.026905086648616062,0.05884885730992809,0.017561166755982887,-0.016322675769305985,0.15815127722808406,-0.013125571794743158,0.0016308656550411266,-0.048503283468933414,0.0022971426735801867,-0.04611644018987048,0.07907756602063525,0.0770635752440338,0.12423120854176144,0.11731529278723514,-0.026659739783692942,-0.08911176816210627,-0.05062331656118931,0.11076372683842756,-0.007579351899366377,0.10972931480967642,-0.08588959527647132,0.0987736345650435,-0.1397252249021372,1.0,-0.05809508857730694,0.1176087896800796,-0.05279838581750327,0.025943870061777632,0.1027386049634764,-0.0469873179302792,-0.09259090660133198,-0.06657497875353528,0.43347318641990434,-0.021562821347084107,0.0029917731479943916,-0.00944105927597393,-0.09807967968968954,-0.031130294850686965,-0.07569181003771765,0.008935142156598613,-0.04252047628199649,-0.04050937287275418,-0.14860172171808117,-0.16289395791178726,0.09249595308574193,0.014293484287966266,-0.19011581518204165,-0.19013462323923647,-0.06089917846311343,-0.014789889533012728,-0.04529209696494595,0.11046281255014306,0.11180933461056616,0.059017155581389015,0.199471532749499,0.049789676281585364,0.07381882343329978,0.13012428440992124,0.027056170106688707,-0.008131287163174865,-0.0794800880456323,-0.0840242707063572,-0.17792957979777155,0.03821256575949777,-0.2471122253364782,0.115202608599517,-0.05266015953449508,0.008522040738721195,-0.03834121369596288,0.11758781134761975,-0.0038690713356919508,-0.06316908685855065,-0.11592502834176546,-0.09604836937294062,0.027730926167419883,0.06096944656990836,-0.0873056233259537,-0.06979286863382712,0.10450970857893234,-0.04712533055169012,-0.00046661453629755,-0.039607122157839784,-0.044865607240147,-0.048750799622917985,0.010875011849484357,0.017478242108734398,-0.08531674027187063,-0.027779029580293362,-0.09256040219350925,-0.08986095454553186,-0.014178822143589625,2.1316389251330188e-05,0.01703586138057431,-0.1288185041193971,0.08418970659194377,-0.15417438466526867,-0.02015073957136839,0.03577158936156005,0.14030565750583535,0.04534286568719334,0.04190756621031022,0.030976797195568777,0.08615481114749841
Creatinine (mg/dL)_value (md/dL),0.04607719909852706,0.4287389272556193,0.2645023179281543,0.0479470086260499,0.3883446023391556,-0.0754065091262244,0.1004449038509947,-0.10170810979684887,-0.03275427378555328,-0.014313448721441288,-0.05525626179779434,0.1446117313502582,0.011493988653893016,0.14314080261621537,-0.0955331859592428,0.08504722720732374,-0.20820174787296464,-0.004752678902629598,0.0950321115979025,-0.1459748480298668,0.03977845138461075,0.5286723155875631,-0.025908770949082754,0.06472263673770849,0.29946008895033405,0.10632405209613792,-0.13340497099344772,-0.2545493357851434,-0.05809508857730694,1.0,0.2653395878259258,0.2787331204459707,-0.28637860559612827,0.27184390098866484,-0.3204374854030287,0.14897629629350784,0.024128584216890292,-0.24115229130591875,-0.2810150623106671,0.10608512258776352,0.14551076716282868,-0.001870404537142982,-0.059573409587942,0.181350098773443,-0.11557217068416437,0.08667412201913151,0.08689877383025015,0.09410883940701405,-0.0006017245526239841,-0.191437736667616,0.08877327880886378,-0.004107657697171261,-0.018848962706067313,0.02035771020896984,0.009907029028528334,0.02654706669924428,-0.14378817318691656,-0.14634167053075597,-0.1759645483368961,-0.031257885890236106,-0.2517074664592721,-0.15995960364269013,-0.18568448061476892,-0.04663724652738413,0.19569616855173919,0.1294318514696255,0.2832145778458711,0.013923239155592886,0.21758355775835386,0.11883095175853116,-0.09558424693460554,-0.01183308442055063,0.03516230032342176,0.019119161134581068,0.1020676205013871,0.18366640733527692,0.0309764324970664,0.06432781231644563,0.19650649950296878,0.057297768586735034,-0.158067781146453,-0.05387460526643813,0.047348227938401384,0.14290498575327998,0.188327451132538,0.049145406935711435,0.1780582477725571,0.4082014586020409,0.09015235177466097,0.017933447254840106,0.04120690907886524,-0.006184449432617391,-0.08858055807497499,0.18098488774145466,-0.025553954226644703,0.06090125532996151,0.043998885904629345,0.19627634285452114,0.3852270849650983,0.08388736884199866,0.1627244517222323,0.06621083774315825,-0.12922517109020354,-0.04882376381833091,-0.07864161176809353,-0.04900273470242658,-0.16533599141756605,-0.060050151233194245
"Globulin, Total (g/dL)_value (g/dL)",0.10737175291891256,0.13963040069656704,0.1334726087457838,0.14980462828632862,0.13937764432835165,-0.017056986552309562,0.08274325853402323,-0.02182847614597509,-0.12864756699164884,0.090741356136178,-0.019486072543747127,0.12207976001493141,0.05406865422712448,0.11535076982207458,-0.16858640244022985,0.06600789339136862,-0.5318584302813403,-0.009707023431763781,0.09740799110462545,-0.28159430820778136,0.24420798319836196,0.09805380353888134,0.1217250964375878,-0.14145365578717337,0.1346788523758965,0.19835823998151864,0.029945281250885105,-0.10006955350259589,0.1176087896800796,0.2653395878259258,1.0,0.24019287284828064,-0.03146096806372287,0.17115496823312426,0.07646436453078126,-0.11921773118812828,0.346651648158476,0.08817392555138853,0.06657808979589816,0.00174940389353652,0.1639295325917709,0.16368913357386766,0.20714874495938526,0.2080753617211073,0.07138612650538093,0.06519486986247376,0.1350919946206507,0.10971973874223036,-0.024416197750805033,-0.14230284484487138,0.30738738159070234,-0.06898817308170684,0.1078353439479217,0.37388288024106797,-0.05597884404659786,0.22926000515175707,-0.04362885137388356,-0.0763941953867906,-0.12460153978040403,-0.07380203620873071,-0.11837236194274173,-0.04182317150683458,-0.1198940505496485,-0.18586225828692798,0.21903963862072373,-0.11626845314566377,-0.07696523218016041,-0.09851258618583066,0.24266388194926702,0.004007254835161028,-0.11415595714936144,0.0033059865523917993,0.008027093175850635,0.043049374174907735,-0.03319637061715969,0.026208773682766567,0.16078844836974449,0.05456886857508173,0.006739261995133604,0.18231367449107017,-0.11831567069498847,0.12579334734842823,0.05168679876331014,0.02022310354584093,0.015332705357991755,-0.09180257532692702,0.039835400511185504,0.14640233223477675,0.06014192742559947,0.04637524356165804,0.013791503194632564,0.08071364963809154,0.03354879330252618,-0.07587292876337046,-0.03623210284426961,-0.0022094437449068282,0.027290399253180622,0.14481087822549787,0.07395066931008884,0.16251286122784692,-0.17757341118678066,0.01831204585945124,0.2074178101384135,-0.01880929304541433,-0.12382582235938164,0.031821366764065634,-0.05560961400137543,-0.03694142350867185
Glucose (mg/dL)_value (mg/dL),0.15814943264035397,0.3219241521069431,0.20106436627547372,0.2539853796853797,0.343173744497436,0.01754094555656061,0.26973355553251305,0.04503985127930243,-0.051655665234489063,0.13047963375094807,-0.08676210431217302,0.12040456107237672,0.12893519593559072,0.1252559892380739,-0.12291906788612897,0.025013422439356732,-0.09104860629991487,0.21523090503583278,0.22169402896216717,0.06238219332885108,0.21604124199606525,0.131050010325641,0.05669589027847256,-0.020841043737106723,0.17726170351965398,0.1633693425194822,0.02593451705875278,-0.07640438349608873,-0.05279838581750327,0.2787331204459707,0.24019287284828064,1.0,-0.1832496715067908,0.2610834358689459,0.003925365826081648,0.02613734480519707,0.275589937019229,-0.005992970591600626,-0.0007456509381000593,0.1668471819225894,0.1693450840830549,0.12252036257095114,0.1425668333617048,0.16751644967291926,0.11036917112294146,0.07115515372454204,0.17397098564251692,0.10175907342907879,0.009493635182932003,-0.13729452142159798,0.1720044400919974,0.014314917375249949,0.09851494918667474,0.11468576634446494,-0.008444840238152614,0.10513446780099224,0.0026986102337377233,0.002860661089294192,-0.06280322814586024,-0.10208991557944676,-0.09766928236164465,-0.06199199940998847,-0.11341160946078524,-0.10664958528730717,0.3307109924248288,0.02850031486853387,-0.020207802726533296,-0.20019616516381097,0.1832297093953116,0.022302544590362735,0.008658696558158565,-0.07883030155610986,-0.02854516462770303,0.08353865170066326,0.025859051218683607,0.14032161760384165,-0.04209773727397255,-8.298978130944409e-05,0.14391048852310945,0.0017967122568470681,-0.1147197750743403,0.08296173379172071,0.1385847457708696,-0.018268417840161196,0.07422024110175207,0.1424440830752554,0.14937537450292887,0.07673570929549674,-0.009928096588025253,0.01612498269741982,0.01775112992739847,0.047384671010495025,-0.005035938534781342,0.05813881732123961,-0.045835125809650545,-0.008788510234453085,0.0042679392901482415,0.07199006331306881,0.32045717743036733,0.042549184379760664,-0.13157076026543546,0.07849254028841861,0.049124480733780805,0.09173429903754553,-0.04920776517633218,0.011627936432462788,-0.05612354217894168,-0.019024994845767255
HDL Cholesterol (mg/dL)_value (mg/dL),-0.2578512091981307,-0.3152886934915372,-0.17558592276741747,-0.2218984292928431,-0.12091522181489825,-0.08529996129450985,-0.09603099161750957,-0.08751930039369142,0.1331468258257203,-0.025547229817399982,0.09552494037851476,0.030444012985791948,-0.10720994726625631,0.009489045453024108,-0.015285113571151811,0.06879149801510345,0.035414013915419804,-0.10432297331889738,-0.24612116907598802,-0.1363292249640888,0.12407562549638042,-0.26952942725714657,0.21766336978884038,-0.08869290386169391,-0.3972779791853196,-0.06474776663690049,-0.07197201559554785,0.24324542219610998,0.025943870061777632,-0.28637860559612827,-0.03146096806372287,-0.1832496715067908,1.0,-0.2105984681940739,0.24613470414523644,-0.000890189836527194,-0.10847613197261614,0.21406874755555474,0.3914197133045463,-0.12711012773070457,0.005239847867080476,-0.08497874909302082,0.07708142345699039,0.0848229581512528,0.1290990237389239,-0.008427371069980965,0.081638532924767,0.01757375346612693,0.0201711660055537,-0.0346439620999873,0.07712957791000703,0.044979808362108936,0.1330668315742007,0.14215444363089116,0.204941438598315,0.06226795530279628,-0.054161704830297995,-0.05914804709675952,-0.03333711653512234,0.002431638956240809,0.023124157809844736,0.0025523028463818294,-0.10794719918170294,-0.0292967555057063,-0.2825207173538775,-0.06929904730219806,-0.26943857034840324,0.08588413511540605,-0.14964433968358185,0.02171246746930788,0.1568222135413657,0.2252754251667113,0.10416093580756768,0.019483087580960592,-0.08288078941138735,0.02056067188626939,0.050198287436605975,-0.043700331965873807,-0.04726686571649616,0.06605680941702033,0.10380034379892676,0.12024350193888288,0.05547383034787714,-0.06687265662407095,-0.15442490201527911,-0.2473978722946591,-0.250449010785489,-0.20356786699086826,-0.015453516455281976,0.009544680630353235,0.0019003567109647885,-0.2356880303644919,0.2671279848672097,-0.14248842245739923,-0.005773691100411716,-0.04225864198860159,0.0023544822457905205,-0.06305466802100743,-0.3344047736545182,0.06147024708929053,-0.13380230629039078,-0.048226296171232315,0.1184568346352157,0.024673791873370876,0.02782675704692204,0.03430723791588419,0.02310125178684189,0.06359396716903272
INSULIN (ng/mL)_value (ng/mL),0.25825690539893337,0.2020540743966337,0.24047504965999233,0.26559193371597367,0.12646901262436022,0.08755018130746543,0.30910589072441036,0.07993569192987406,-0.03641720508085698,0.13963991657384056,-0.09472093294121872,0.06404298839881438,0.1010339388953654,0.07815511025745038,-0.03628285303286218,0.008881373986331889,-0.11972719986767733,0.14878801917738838,0.18957285326314305,-0.12259941957396851,0.07544570315179201,0.18405014340877787,0.0012622710394035687,-0.032683609467986215,0.36010329477495745,0.16452028369053576,-0.07395937066798955,-0.10252683732505649,0.1027386049634764,0.27184390098866484,0.17115496823312426,0.2610834358689459,-0.2105984681940739,1.0,-0.16796821764432002,-0.01792636515005884,0.09599478535438256,0.08169944453954144,-0.17059704910016868,0.14016340271452724,0.14946768009188982,0.1387273455853495,0.0017555224867124395,0.053931726101764305,-0.010765372647359056,0.032222638201068014,0.02251366492549919,0.06613122334417892,-0.003056451605297727,-0.09544117058192511,0.04025056444718651,-0.026025952650494334,0.03306937099696302,0.040368754124524404,-0.029230364621071196,0.04570129671023383,-0.019108309148242464,0.01938355111229993,-0.046598344402100325,-0.09792856248412675,-0.0572300786264244,-0.06703701223387,-0.021291276994654478,-0.07434608018379857,0.2798301451534289,0.0013326528602636588,0.042681255699604376,-0.1771939882349344,0.1591500044512018,0.05774988617155475,0.037279680228038,-0.1271999635154339,-0.02161401725516978,0.07505466993477145,0.04998640931577352,0.03655362356218253,0.037265755061538355,0.0246908216936183,0.01831626023511756,-0.02284604597051057,-0.05515316346343179,-0.06990695994450266,0.029030270278605913,0.045703735204230794,0.08625386863977028,0.14567046811748977,0.21105054106711316,0.10222189687366871,-0.019568407475031357,0.010848014534895142,0.04037511328783207,0.10028766362896584,0.002892943121149238,0.009561298848393523,-0.019020907087286335,0.018366557486830866,0.027990574917343768,0.0969668035829937,0.2173281806311627,0.06594672751730035,0.0340938892377106,0.025484567468014106,-0.07673343602141988,0.04078715154795627,-0.09930673861283204,-0.003825855762090185,-0.02759912973400784,-0.027456628948941943
LDL Cholesterol Calculation (mg/dL)_value (mg/dL),0.033510782535603446,-0.13409675442931712,-0.21408502106198402,-0.03219064864379501,-0.16153216364764736,0.14786246862726704,-0.06753366408451328,0.2212656821566516,0.0327989722618804,0.12956490084292915,0.10416094178383956,-0.10683901631246677,0.08657739449417214,0.061235325371011444,0.09271484271876658,-0.23163204422815956,0.021482783542844795,0.10788345988697892,0.019077833084115883,0.11206797452469702,0.1290953203579364,-0.3708967528331362,-0.05316498336483111,-0.06784316268920991,-0.2057524584384733,0.03351930282062788,0.19306215111186825,0.15265064077902457,-0.0469873179302792,-0.3204374854030287,0.07646436453078126,0.003925365826081648,0.24613470414523644,-0.16796821764432002,1.0,-0.08689826274829604,0.15096508890534918,0.01863281995575116,0.7230693202543744,0.04452095779957421,0.011121820286367493,0.06798646561561159,0.21253995592972655,0.11334355290259368,0.1989042645947927,0.11975900011810328,0.050261633741640326,-0.04474688127969568,-0.03386169585497181,0.17727323274831264,0.18952026709879916,0.001424886356406173,0.13436653026707598,0.1329622597829517,0.023516025537166103,0.09882989315733975,0.13143432030761898,0.11884056012131196,0.1411538643250754,0.03423268164353035,0.12323008570111012,0.1316575886553919,0.11939041250272844,0.08450372761088543,0.05294150810096067,-0.17542385640008556,-0.2749572316500205,-0.23438439590091,-0.235089460304056,-0.21174393584934192,0.03513349126365369,-0.03417906429550824,-0.014294368274585795,-0.12752823469638988,-0.11782646138929045,-0.11469565249175703,-0.003119501540947871,-0.05263478946880843,-0.05322448904977511,-0.007130255461196716,0.10802496762430551,0.1336669984995506,0.08516527280547097,-0.19848540275041093,-0.15738826065279302,-0.1246238121749581,-0.2310542003196291,-0.2184711993010586,-0.06200907213801411,-0.07969156634202444,-0.009143245503114766,-0.020623171476275654,0.009769516409703746,-0.19780480669323783,-0.02754703322462615,-0.06299352476804528,-0.06690178290002255,-0.14858368519923384,-0.2612262300216394,-0.09760102264995575,-0.2726535281375155,-0.016161937664208134,0.31870414640086775,-0.03050411515076084,0.11684097880232883,0.06672640651747563,0.09014366236713497,0.09749098763320348
Potassium (mEq/L)_value (mEq/L),-0.18984383491902299,0.15177552009825662,-0.0207489867892981,-0.17949265803056344,0.04955890723447911,-0.18255828354836898,-0.08736519800773683,-0.1739762498214551,0.14495202333301715,-0.09302135582040513,0.0636032505236071,-0.0063872611915933636,-0.12476965616008956,0.06924302167069955,-0.026032113021930658,0.10540421370326408,0.09296970119668133,0.003348594503234317,-0.03398336453834283,-0.022661401802804647,0.03750182400665889,0.1762337640410479,0.13590140487109742,0.08151537748777701,-0.10507404469593078,-0.046333061769022306,0.038697386969685714,0.0644568783265856,-0.09259090660133198,0.14897629629350784,-0.11921773118812828,0.02613734480519707,-0.000890189836527194,-0.01792636515005884,-0.08689826274829604,1.0,-0.07001973309819894,-0.13045009373380861,-0.11963243503690917,0.07842273400125173,0.009380774507624038,-0.09130211246228415,0.03192836653045374,0.10477441744687545,-0.0427292296010956,0.05443718675964854,0.06194204557562232,0.0030851926339640237,0.17382919497529115,0.05633136464006756,0.05226748510604488,0.09060053287326789,0.016481139560151768,-0.12493620288451182,0.11892652264855268,-0.019579012741458537,-0.0816231358198824,-0.07196044884124571,-0.04995038445739153,0.06974071337783568,-0.11339213224814804,-0.046879688496556035,-0.0649048776060182,0.09721946745248393,-0.17183082012362777,0.2338324145580275,0.08257844128949515,0.22530593676686353,-0.08670433718121337,0.060480790954181754,-0.12710396182284314,-0.012050351502904911,0.05266544412537771,0.13773210558471527,0.10579261268726786,0.15042760111325304,0.0014589037035435376,-0.02156927510263315,0.04266235685452333,-0.019587592201211385,0.01713135236751766,0.021639608591821475,0.020448880464728456,0.0620360351076505,0.07382479018120947,-0.03377002018122537,-0.04474408796956399,0.057093182038923246,0.04949140677240756,0.011730573309647021,0.03475693506435691,-0.07427770007778722,-0.0266066932390448,0.15243324621943163,0.025497549086863597,0.020366771251486258,0.010235783580669925,0.019607044873419865,0.07053778707994297,0.043468247265318574,0.26063279964323777,-0.0002068150887866983,-0.11905887020914842,-0.16319930853595108,0.12035428848050411,-0.052096702597240536,-0.056319564129523096,0.009962607372730753
"Protein, Total (g/dL)_value (g/dL)",0.20276303349854258,0.1465431731796594,0.14466827266903837,0.39759922990033186,0.1836223035940042,0.06525798283441858,0.3091574595720757,0.19549811277601375,-0.057274015697711574,0.09942091163090815,-0.07853983200414269,0.0463192952499532,0.2505914642123097,0.06827186652954531,-0.09961916397420263,0.018614532085274527,-0.3101784698656398,0.10173271769853968,0.3049055604057103,0.4642742744782766,0.23659023988138925,0.027941272085185816,-0.09338387022417313,-0.07925697164538131,0.05495318115680009,0.19126181505590426,0.37044154592894435,0.14001783287544256,-0.06657497875353528,0.024128584216890292,0.346651648158476,0.275589937019229,-0.10847613197261614,0.09599478535438256,0.15096508890534918,-0.07001973309819894,1.0,0.02990924921752224,0.25035680826704443,0.11658656692419776,-0.005930735816958546,0.15732600629035198,0.3166011272569977,0.016235041393034798,0.1342870169517183,0.06130355539035632,0.25749909270806975,0.24074289222161077,0.08011429132962851,0.030605661242290916,0.13466822695489813,0.19567991241656799,0.20832390836039374,0.1602792504539559,-0.10938463378322202,0.131917683246415,0.1305508479549979,0.015360186610105063,-0.01644031216456257,-0.11622188989382207,0.05366646669980648,-0.028691984367669864,-0.258402735643696,-0.06854696902834738,0.3469801797329445,-0.06915481192981712,-0.07918076489653969,-0.32451422424984594,0.16903502763156977,0.08125422089836853,0.04893878819769503,-0.2573102937298972,-0.16167135550027925,-0.0821277134920304,-0.18272761590673436,-0.07610874312130271,0.004943800077936646,-0.04266309024294976,0.13122603137679556,-0.11710697961509572,-0.1633019417761577,0.013588237844703184,0.09076753591386964,-0.2681893418434685,-0.0005862459398405522,0.11349293445594981,0.2043185972391603,-0.03719897106497105,-0.01570640590264179,-0.07289796112241044,-0.016407771520665342,0.11234968176745015,-0.049967578276756124,-0.20634806077328258,-0.1479924966290475,-0.02714431475039144,-0.023435755268519255,-0.05869154973020751,0.16079970141661226,-0.09976246440344676,-0.05085340578089014,0.016674899383805727,-0.04688064607793895,0.10765098623740853,0.03971047913973579,0.07640144927503341,0.00023608939775747128,0.06724651863361854
Sodium (mEq/L)_value (mEq/L),0.033328679555992065,-0.2550276161095148,-0.005512408405613682,0.119875145301226,-0.12167200987906733,0.07927099801287031,0.17113299615837413,0.07552893130294926,0.013272736319508694,0.0857303808747403,-0.04386117049119551,-0.025283501915792265,0.024260767781251386,-0.03331990375683194,-0.03116870927163759,0.030107592400213056,0.02923565142729312,0.20654470272502792,0.13215831688460056,-0.08169354730328321,0.08935614542462347,-0.25318468855910703,0.03821075281024417,-0.09365456929973916,0.08785129604046499,0.02300217103343491,0.12793993488073957,0.1307779597024054,0.43347318641990434,-0.24115229130591875,0.08817392555138853,-0.005992970591600626,0.21406874755555474,0.08169944453954144,0.01863281995575116,-0.13045009373380861,0.02990924921752224,1.0,0.049691176391100995,-0.03153912264403653,0.08808342338192021,0.050239686218239064,0.12270594319073265,-0.02075835966812613,0.21980057601242745,-0.08970875526519911,0.04420240783622818,-0.06256116027980525,-0.06941951073179446,-0.16844102072824158,0.029244664168369267,-0.0019482623019868859,0.1216914559373721,0.1045373700283939,0.11334978378990015,0.1020289843982031,0.006078023045490677,-0.01836820607800726,-0.02452347658800933,-0.10763026468185405,0.01628511515779583,-0.03753770327561542,-0.08540206796165553,-0.16719680437417903,0.024061573806532746,-0.18562812802177733,-0.12049555781120704,-0.0915765503302721,0.12827086784590086,-0.1312001158963274,0.1461215754983868,-0.14782406304598947,0.00391204186822771,0.14402820820501844,0.008179346755285172,-0.013121478874446495,-0.10245550473053962,-0.018103115934991303,-0.12627572203964998,0.0659657208947778,0.09049868703140079,0.11045848548217575,-0.0322949548091963,0.04103167128030349,-0.053483033382617576,0.0995109747334529,0.05368111712799287,-0.19097223676081646,-0.03131887647148789,0.0901373740315143,0.005554402788867019,0.00958237313796239,0.19378304945629948,-0.0800721668433661,0.05333626540166384,0.01499783907449319,0.036668111885275016,0.010522658411689575,-0.11052954780536312,0.1228449479910538,-0.13199039016204692,0.02957568896473413,-0.021459391265929533,0.17227322411406193,-0.1444835486394913,0.01811624441026435,0.022469090073910635,-0.010322383251804582
Total Cholesterol (mg/dL)_value (mg/dL),-0.2360015125677978,-0.16604335482610666,-0.19302523378252595,-0.10272485045894376,-0.09657422261369865,-0.0004551377454676453,-0.11848841798777163,0.09487849422043496,0.1365483395342947,0.1180947996018887,0.13492293115690554,0.009358720866943018,0.04106317837691738,0.06488191383862446,-0.02293675622104294,-0.06438255545261681,-0.036904127385273204,0.20796164421446478,0.1237119476400165,0.0309960011807509,0.11391299076788415,-0.2541612013316804,0.07464725026202924,-0.17867915961804023,-0.21414391433788332,0.035179563347823496,0.16941649484675803,0.05123437180413064,-0.021562821347084107,-0.2810150623106671,0.06657808979589816,-0.0007456509381000593,0.3914197133045463,-0.17059704910016868,0.7230693202543744,-0.11963243503690917,0.25035680826704443,0.049691176391100995,1.0,0.09059528873061515,0.012603419642413948,-0.019552854988441934,0.24375216420862714,-0.005651654747326813,0.1244940716205617,0.11435758191167758,0.09686802311742244,0.06836807270790322,-0.12789215185478106,0.09741487817266897,0.20755485365222792,0.06174440898034578,0.1540532552684029,0.1878812941251822,0.05505517841601083,0.12873044373859385,0.18504751990484045,0.04483496970393877,0.07339224054763197,0.07447846970857665,0.10015865283759028,0.009530855316823418,0.01439580899801052,0.11113310474288812,-0.09577776908791083,-0.26818664720158714,-0.3231795876034065,-0.16437028240058243,-0.20158609499726574,-0.21099753655840398,0.1633889188993449,0.012564410307213534,-0.003498918362518584,-0.17154251428019918,-0.19125222220670593,-0.10834449467212455,-0.08397095811996942,-0.06080779801294906,-0.014982770107906333,-0.05201058896253274,0.013978090323388257,0.06405967784013335,0.07620372930592544,-0.27093156553365716,-0.158672618283892,-0.08038021455214185,-0.19144778595847667,-0.2555270771131376,-0.045728769306307405,-0.0708533037294226,-0.0013072191336970097,-0.04984962310444736,0.05252663677057561,-0.21108820753168173,-0.0703665201905345,-0.06010986975833593,-0.042383075156824844,-0.13294110700676215,-0.2758967569312384,-0.053811483201133034,-0.3362169622566174,-0.03606109325937101,0.18121596336539933,0.18683154598849436,0.10279679463947503,0.05318233533511869,0.05559971540948257,0.0908462389893587
Triglycerides (mg/dL)_value (mg/dL),0.09975015274594519,0.14443119506717492,0.050324950053621136,0.03168557547917649,0.02895606984244681,0.023138604783080677,0.042324852258764915,0.011283466915545775,0.12552946344178195,0.10145942911889658,0.046756048532847594,0.024543650525434665,-0.011762055325888752,0.050932918806667546,0.014478938246428647,0.0680765825377281,0.05469699506423803,0.14040679707377662,0.10865544690234845,0.08786823023630135,0.11148895325565619,0.22247098849752417,0.059408335610339966,-0.004871980377248813,0.15833475324414398,0.06672531679325348,0.081429850353633,-0.10128088153166916,0.0029917731479943916,0.10608512258776352,0.00174940389353652,0.1668471819225894,-0.12711012773070457,0.14016340271452724,0.04452095779957421,0.07842273400125173,0.11658656692419776,-0.03153912264403653,0.09059528873061515,1.0,0.07773700886866314,0.000874754407277856,0.13133118891700848,-0.0022980041497448825,0.014846432783897964,0.09699645084646695,0.03287826110707483,-0.007248909977592684,0.07955575364847745,0.08963382387640596,0.061967330682644206,0.09008052556844347,0.09933031613599773,0.03911571710000583,0.059487822530741405,0.1324368395106471,0.1353967291644288,-0.004128719097763716,0.0330555433106119,0.06858423037357517,-0.020711424951057118,0.020332668001471987,0.011432648768163729,0.06470598829972184,0.05332792449383497,0.07642004351707439,0.08150173966199133,-0.021620947182354116,0.13021897562792914,0.02869558147355519,-0.08407495552904426,0.013623015534839236,-0.023769839541750916,0.12948967270440115,0.06078247491859173,0.11021868673592718,0.028867175768629256,0.029856207632317326,0.0452831105016593,0.0024287635014232003,0.03797013049412577,0.03484985669610677,0.03334972090963425,-0.036491018592913024,0.05885642167685773,0.18761571574121744,0.1641378167749022,-0.003267356464846277,0.05464688291953476,-0.007014720463263326,0.01990459947336748,0.13758105779752552,-0.005452220359102259,0.020919858326522937,0.056450538896155096,0.015189056254276596,0.007526154328190162,0.030802210179020743,0.0942562652099771,0.019318422777271457,0.11251183654298792,0.004336055600708849,0.043013396317226504,-0.16069860218747423,0.054336112644717896,0.023193593922284237,0.03445274616992437,0.04501724219496821
Urine Albumin (mg/dL)_value (mg/DL),0.029667086195463734,0.054592453241519304,0.05527741479356133,0.037313787344498,0.08994508645345219,0.054024196577401984,0.08069213153070603,0.03493726066516843,-0.023411383459430737,0.014189802308588812,-0.007362262021077844,0.06437389312575313,0.044687918826249846,0.1261339773416282,0.03993622702240967,-0.052835295332671256,-0.08190688825276193,0.1251506015528282,0.09862083228318384,-0.1416995252551233,0.12483196714954432,0.08876561322326808,0.08224549251412523,-0.029766166231542327,0.0723730580814258,0.0923998908090801,-0.12123364646243565,-0.06512634100780902,-0.00944105927597393,0.14551076716282868,0.1639295325917709,0.1693450840830549,0.005239847867080476,0.14946768009188982,0.011121820286367493,0.009380774507624038,-0.005930735816958546,0.08808342338192021,0.012603419642413948,0.07773700886866314,1.0,0.02473639711084941,0.10531563413077781,0.17350794586540988,0.1441758355852591,0.05241322442302817,0.11753284024345517,0.06035244085414099,0.082563896888044,-0.20342089020459642,0.15636052558050823,0.0818813655811412,0.15189914008967603,0.15118391481959445,0.08605654465501679,0.10039311216327751,-0.09264925786267038,-0.09114279830697358,-0.12402520200780529,-0.0992121503052411,-0.11814261187032118,-0.07662140804744272,-0.10771425021136309,-0.10216053128570424,0.08694377118582076,-0.023542960738468035,-0.009165187843110809,-0.0030227626674005836,0.06509223145066015,0.025276981417123978,0.00841046305059601,-0.0174409699424687,0.02493136773715863,0.1082673301647319,0.02728046635929469,0.07415794140952411,-0.005641070019065061,0.021631072070569503,0.012414028298589555,0.03953664761329215,-0.02262609041165468,0.07820579822413802,0.07821123784312195,0.03582266823941617,-0.004447769578915097,0.028786991656225985,0.0289379729516351,0.003883755053410822,-0.00859561810702264,0.03313291788008462,0.03849413623654747,-0.01481431751964486,0.07721710060166292,0.01726380024390445,0.052311638222970185,0.026157425135786172,0.025276660961342644,0.042054529996813514,0.07239020021803734,0.08542496181668152,-0.015219387826544988,0.03797333197802022,-0.01762166195511167,0.0356679170649948,-0.07212606918009787,-0.038820336663811246,-0.036364476774102004,-0.07662176870203667
Urine Creatinine (mg/dL)_value (mg/DL),0.2810674429968271,0.10775554610401764,0.09906516968935299,0.31063133234649765,0.07558125392539014,0.03675040538260202,0.3307120519311178,0.12389028422063551,0.0034746307620777215,0.11773334515415701,-0.09262036745867278,0.059597352224903304,0.17895151217394473,-0.008362495516043868,-0.13488285310192777,-0.011998888981654231,-0.2280926102244185,-0.0019197695815642319,0.08576105194008302,-0.1338970867534358,0.1662578901208549,-0.11488357306473773,-0.15781107618381082,-0.07990314004426141,0.17482287378491335,0.19021481487531058,0.02599607460168743,0.047423564953381264,-0.09807967968968954,-0.001870404537142982,0.16368913357386766,0.12252036257095114,-0.08497874909302082,0.1387273455853495,0.06798646561561159,-0.09130211246228415,0.15732600629035198,0.050239686218239064,-0.019552854988441934,0.000874754407277856,0.02473639711084941,1.0,0.04883092569923986,0.03166772283782905,-0.08293518863800756,0.014389160169945642,-0.08482989262850256,0.040650007494385805,-0.04324118872765491,-0.05980305345035364,-0.003529104288063069,-0.07197139083392846,0.09155672338056726,0.12766701141952794,-0.1750555539184395,0.05467837204549894,-0.04851016396385401,0.05302936699651315,-0.00980127559503843,-0.19583068583253138,0.005172038290162263,-0.014148036576838404,0.04030711081202295,-0.07914757918821697,0.32237512172471033,-0.058660371584704565,-0.037887420788168716,-0.2320824649531768,0.025568236253802366,0.030739465349064347,0.00588520026075613,-0.18381709761447834,-0.03575489621980976,0.0107120271798466,-0.0866717917917033,-0.06996292932137102,0.08251657310808873,0.060990364936939226,0.0192809271620926,0.018311261294380304,-0.03962271865994469,-0.024985208664455985,0.045838879562830045,-0.03574508983777859,0.039292264327872195,-0.013560888796586939,0.10379343166707011,0.03490235168404689,-0.007888848517844087,0.006979632557013646,-0.007043336165520931,0.19213225070659948,0.025854423363135707,-0.04133897605470423,0.013184172765345704,-0.016061095979646684,0.0017719270526281477,0.007113174658624355,0.10301098141089153,-0.02138882763686188,-0.005767904188142158,0.008961829798896233,0.008730555464381543,-0.015376953679543282,-0.2014479620154361,0.05196524336280092,-0.03184921222290707,0.0038337934462225657
clock_visuospatial_executive_time_value,-0.04882164011474692,0.04653081505838782,-0.07881814398032529,-0.010547726802969589,0.0014200277949334241,0.002157306217115071,-0.003765682383163737,0.011189504012892058,0.024440402517821015,0.00032690738859607874,0.06175507735582482,0.01771398032343067,-0.021301507701769626,0.062572130492134,-0.0707754629844577,0.055120894700951356,-0.016980180566480638,0.22749515332120934,0.10934939928938402,0.08065363312523735,0.21069950643908628,-0.021075184567596616,0.07682022348003499,-0.10574111011604528,-0.06352885351900354,0.08096888929345863,0.1351271774544477,0.05240907586523184,-0.031130294850686965,-0.059573409587942,0.20714874495938526,0.1425668333617048,0.07708142345699039,0.0017555224867124395,0.21253995592972655,0.03192836653045374,0.3166011272569977,0.12270594319073265,0.24375216420862714,0.13133118891700848,0.10531563413077781,0.04883092569923986,1.0,0.09351570721031677,0.15781200462459763,0.08407138201354246,0.2505145630922373,0.11669920739776057,0.0810625796481159,-0.15223144279679215,0.24550621739479328,0.12349732649946614,0.22652095735748654,0.19567778877302455,0.13961362852044468,0.22983231489623707,0.06819029303162033,-0.11785141065919866,-0.08181642647730747,-0.0897580358631501,-0.02121272396804899,-0.09703206550362081,-0.23231212153328157,-0.053965996011026154,0.0887905322351365,-0.08258225419291901,-0.20224366095725077,-0.1301528757836774,-0.04936114200864074,-0.0957501900259514,-0.007507080392353876,-0.013127009861299053,-0.013246023386187942,0.027244325160690353,-0.10970610823466874,0.032400467774949156,-0.020448660467386873,0.0004740675131103306,0.044791516037449124,0.032951449675180634,0.028505828887517837,0.10086390014457869,0.0723852483337196,-0.13060922733687472,-0.001695137132029813,0.021242499147161573,0.015922581433491824,-0.11963113409988158,0.0024325193714900477,0.015653398758115986,-0.014502759287701618,0.03330936593706932,0.06409840199911669,-0.0661894733545848,0.027855010702048526,0.011840212839254818,0.034630501755901794,-0.020884610813200873,-0.007367928554173831,0.03563737028866998,-0.17428081064722467,0.02479650051159944,0.19776956659098474,-0.007144295174236136,-0.04320989237593205,-0.082190495950413,-0.020166939986980985,-0.030390720081097944
delayed_recall_with_no_clue_time_value,0.04939757812616018,0.12051085723906539,0.05820836914487123,-0.07107563550339559,0.1814740371921942,0.08391197552979304,0.0272506634569331,0.06923957217826789,-0.08312979435355042,-0.06211050984440604,-0.01532605228762302,0.08107910049978281,0.07220762545060966,0.23617846464300807,0.09092040589698326,-0.19481136451353329,-0.12583672302675364,0.01674907254769526,0.007778298865513728,-0.031683531158202737,0.15474178929512922,0.08457547246692582,0.09831581795226703,0.08431134210016199,-0.054615052033058345,0.09242521965711173,-0.19917497901168735,-0.05524995039627307,-0.07569181003771765,0.181350098773443,0.2080753617211073,0.16751644967291926,0.0848229581512528,0.053931726101764305,0.11334355290259368,0.10477441744687545,0.016235041393034798,-0.02075835966812613,-0.005651654747326813,-0.0022980041497448825,0.17350794586540988,0.03166772283782905,0.09351570721031677,1.0,0.17179267150966668,0.09558442842298161,0.1592233151882602,0.09112497583134888,0.20593892822789758,-0.31727162234141115,0.23471260118731185,0.13596782869456184,0.19366552831680667,0.1364163751563597,0.15997359056774124,0.13617066423314422,-0.39432383356799655,-0.19919362933620266,-0.23581877840087123,-0.12976331650085238,-0.1812974889202907,-0.09535969885909204,-0.15506349594087507,-0.18723759454325126,0.10688186533034139,-0.004693507809331412,-0.01180023066265168,0.017584503747822038,0.01521132335262338,0.02709474286199125,-0.1148449962214696,-0.03643158128837706,0.07807035155500655,0.07064423779341944,0.0703602226906431,0.12533681455208215,-0.007482899928378544,0.01895088039398085,0.13205203668836427,-0.041990308702131864,0.003931553836627791,0.07798979519685653,0.14111862647587256,0.05477037553781688,-0.006759342060868972,-0.10687914562267495,-0.005612784081548498,0.007720537871962529,-0.06088360686003669,-0.03395351704820852,0.035652551247879194,-0.11803504406135122,0.059882808164615914,0.01891755116022162,0.010791261542176928,0.02162363898333285,0.036254967343277704,0.005807585341755379,0.13234812296275897,-0.033211297182517446,0.03416970763301478,0.0016061349144425843,0.04795699835738162,-0.08770855924681191,-0.03519534980779756,-0.11695290192142997,-0.11872631338563568,-0.12158517633600047
digitspan_time_value,0.009894631439715149,-0.11518044904527922,-0.053152432862777495,0.056368559498193985,0.010954464590073893,0.16174278240278123,0.07459723437701346,0.15679423442958418,-0.036145998603131745,-0.02572428934696394,-0.04097064959344299,-0.014254944307665418,0.09798932933142725,0.06207602619914654,0.11551172262784208,-0.15337317576827475,0.024881870492946094,0.19529274998102675,0.07902592334658783,0.08570970650986559,0.1393164033391653,-0.09452457488209597,0.22168090938076296,-0.017875332272112247,-0.06014747486455702,0.04602370697372908,-0.003113031725008658,0.09976264119022758,0.008935142156598613,-0.11557217068416437,0.07138612650538093,0.11036917112294146,0.1290990237389239,-0.010765372647359056,0.1989042645947927,-0.0427292296010956,0.1342870169517183,0.21980057601242745,0.1244940716205617,0.014846432783897964,0.1441758355852591,-0.08293518863800756,0.15781200462459763,0.17179267150966668,1.0,0.03848700621142536,0.3201299790115652,0.04254974321773695,0.1605978832697334,-0.08305828965148163,0.16618024722717514,0.26523852334113657,0.18663786401173835,0.160031802705073,0.2976990582439377,0.12795992111107382,0.011823623405636382,-0.04553320707344209,-0.04410525973960661,-0.058621801520498104,0.012739727559466537,0.00290333632393127,-0.13387281541246396,-0.09681418484374993,0.06596264893469142,-0.0448616711187072,-0.03041591977287298,-0.017632113830799503,0.06730035136881787,-0.04871471423320476,0.07363647455581886,0.01952862331605055,0.02512173591229302,0.10753518410273882,0.043703634540222365,0.03833941637828423,-0.10496621426351874,-0.06629907423058579,0.02277947110187548,-0.027391423112755355,0.04913038211657483,0.14877689868235022,0.07684713693960636,0.001209033481557129,-0.08242634493408882,-0.042682747351769426,-0.04431045748195266,-0.17641441427721216,-0.07112206638068293,0.01186434576981116,-0.0012697732999744317,-0.07837513209810554,0.09985351019943677,-0.12231627687157905,0.02870360189650269,-0.0007551807825446531,0.03228029975750064,-0.04936027752790902,-0.0038310910035460072,-0.0104366177301563,-0.055376566517384,0.006367061626375801,0.007058669756525602,0.05429330405790133,0.07819551365110301,-0.0212838273766835,0.024278762761192275,-0.007993179354702373
memory_trial1_time_value,-0.04300188025697561,0.05430031296664639,-0.01328317637310686,-0.04013558660644364,-0.0021038576790099184,0.007023680826266148,-0.05426681173769171,0.03687735910561716,0.03296223966419076,0.027455607308900534,0.07112879689342128,0.041368493912563996,0.05155786727276707,0.09894723282410825,0.024287122230982013,-0.08273714483360484,0.024979034841239405,0.09145329975917262,0.07337507993842023,0.04408142096526697,0.04473397735515988,0.050692092799241445,-0.006664934970609125,0.029864467182999968,0.020333063328371745,0.01563537312171669,0.03474636219266875,0.027075232481892517,-0.04252047628199649,0.08667412201913151,0.06519486986247376,0.07115515372454204,-0.008427371069980965,0.032222638201068014,0.11975900011810328,0.05443718675964854,0.06130355539035632,-0.08970875526519911,0.11435758191167758,0.09699645084646695,0.05241322442302817,0.014389160169945642,0.08407138201354246,0.09558442842298161,0.03848700621142536,1.0,0.10349677957989238,0.1014710594390353,0.05129864089685159,-0.06205395981722295,0.1333293180807759,0.03809868751383829,0.04520802232160136,-0.006878013547638163,0.06645661376658626,0.08297891407201871,-0.0022127274169056266,-0.04511574701239192,-0.07461131685856756,-0.019835959945262622,-0.08040980234821626,-0.06915468609832365,-0.09145258452433935,0.02664591875863332,-0.011654071624510666,-0.022811165829322733,0.006010120618884859,-0.012748064530603216,-0.03226027786868373,-0.029535193369641832,0.04634335330427161,0.022109673679822167,-0.019685785329906485,-0.06898680519144483,-0.024904032497565065,-0.04952634253541108,-0.01909873382834133,-0.035892575486140395,-0.004664014724059034,-0.01912432996865295,0.010821146876515876,-0.022594016112062795,-0.006856134492436757,-0.03441113803943823,0.005581022626692703,-0.061804313001573075,-0.07511997665020902,-0.014793921926102089,0.020505092586648597,-0.021247756089350398,-0.00029776006443443787,-0.054536525946053675,-0.05760965833830439,0.0401318026694025,-0.03180086336354098,0.0006391498692994326,-0.01076832315807331,-0.005573425529838182,-0.03448995489757505,-0.047381202762637055,-0.021416228700339022,-0.020552239944195787,0.09552286757516687,-0.07197629269305036,0.025716089959559315,-0.006860548448275334,-0.022468532469718222,-0.021672015175970786
memory_trial2_time_value,-0.07908511095370281,0.006999204059197494,-0.037193609041206284,-0.03703961214801306,0.11297088303075216,-0.05556877284021405,0.03383210802781637,-0.020829965019884635,0.0008611581336680707,-0.02518843948941966,0.07180149018240663,0.05544376817460072,0.011084892603813887,0.10493995749902525,-0.09951127125050487,0.013802632056542365,0.1193243885787988,0.20553931819505664,0.1666164601112091,0.14997479757843374,0.10391173697191614,-0.08189462949198037,0.07140815980951984,0.02787484603881226,-0.044354094149539544,-0.010209711655976393,0.011053709924583087,0.029795590026642494,-0.04050937287275418,0.08689877383025015,0.1350919946206507,0.17397098564251692,0.081638532924767,0.02251366492549919,0.050261633741640326,0.06194204557562232,0.25749909270806975,0.04420240783622818,0.09686802311742244,0.03287826110707483,0.11753284024345517,-0.08482989262850256,0.2505145630922373,0.1592233151882602,0.3201299790115652,0.10349677957989238,1.0,0.127349998443493,0.13995927125733265,-0.12914199094153286,0.2741048699050137,0.23525948849226264,0.1176785235403414,0.07892170365218085,0.31536613861862484,0.12850042025548938,0.055093861667342,-0.131746758295657,-0.13912912617427536,0.008011940353273687,-0.0373190107337619,-0.05230631973700382,-0.3355195290088732,-0.03521926661479607,0.05147748594875739,-0.14569289509300273,-0.1414707638762858,-0.1824975828669885,-0.09965437334836391,-0.044461510108424925,0.2129712011123692,0.10362546735725146,0.029478496982324506,0.0619279553517072,0.027137995184778697,0.11972537582761393,-0.023027185044563813,-0.02778963083695569,0.03881384593688562,0.06686831418707911,-0.036406167904483124,0.08904293343248897,0.05479239679793649,0.011553937759895138,-0.007045920948548889,-0.05899426513478214,-0.054546040852230374,-0.05703539166735889,0.02733562049551939,0.06082152466448462,0.022915233122996214,-0.1378575244468723,0.11009723830875295,0.027503525777090844,0.04101597325186669,-0.02098547298925865,0.04010045947676349,-0.001178068920903976,0.01764242910496312,0.11740195901118444,-0.17978731451179128,0.007766796843203021,0.1288252962020808,0.07049426871976847,0.09195952325720079,-0.12395411060458428,-0.04845298621430575,-0.02368282656369688
moca_abstraction_time_value,-0.0145553248771022,0.04248493969930482,0.10628605653800495,0.0764885222615145,0.07114354633168377,0.06294199596962576,0.037082726865140976,0.040063193563111936,0.002282947018522678,-0.03816263586624941,0.039887804898506914,0.04009676705028292,0.08385458368407801,0.12150906083774365,0.09751855460382534,-0.09878740437701108,-0.13965451982079294,0.0896547306805877,0.09037684148491207,0.037872881926800425,0.065908394625219,0.0632610791068528,-0.048528701329338016,-0.006306553506987025,0.03639172280204815,0.12212159567395633,-0.011428901742183617,0.0387014070264906,-0.14860172171808117,0.09410883940701405,0.10971973874223036,0.10175907342907879,0.01757375346612693,0.06613122334417892,-0.04474688127969568,0.0030851926339640237,0.24074289222161077,-0.06256116027980525,0.06836807270790322,-0.007248909977592684,0.06035244085414099,0.040650007494385805,0.11669920739776057,0.09112497583134888,0.04254974321773695,0.1014710594390353,0.127349998443493,1.0,0.0854955278815827,-0.2395293019993946,0.12771334352592342,0.09849639628643239,0.10587992116053353,0.0861486794389974,-0.005597131472376076,0.09013406098656716,-0.07624207754527357,-0.08424655742575798,-0.14758818491746134,-0.17731160169692384,-0.046657191112391916,-0.15397283798156303,-0.24788627803944466,-0.08569400629774625,0.023575117046758267,-0.05117751067511062,-0.021837028430744285,-0.03676767024643535,0.005242235657590504,0.1068673475462454,0.12751610484729245,-0.036301914633102964,-0.08270567927663351,-0.09685087867359973,-0.144681090081118,-0.1229019700588701,-0.053553569025091625,-0.030651140144412937,-0.001439181023571171,-0.08005643398834443,-0.07862148347214616,-0.0656852696626313,-0.007298796573843502,-0.11490683854640467,0.02761745016714956,-0.02036461893276467,0.03146464437720285,-0.013152714731369843,0.028896849192632003,-0.021149895138953118,0.028465654069245644,-0.056071480252062954,-0.039139039321583746,-0.01413767497350808,-0.0719244521744334,0.028690163840367926,-0.004891651400185343,0.00018423911246501549,0.03888108901063562,-0.03505993987537738,-0.03586057810128015,-0.016857526633170267,-0.059801746754954935,0.10895491127542392,-0.02187770114482869,-0.02509658781253129,-0.04212115603043461,-0.11659340593178304
moca_orientation_time_value,0.006394101589064245,-0.03322709946512883,-0.03791079933053424,-0.057688480928113864,-0.00241100366868415,0.03606174965411189,-0.018802928079963657,0.003485443017753925,-0.003666429861525452,-0.08080932490927123,0.020410639614991614,-0.005876951935788687,-0.015181607361665798,0.10381546429498018,0.07445805459707498,-0.05103377257369986,0.012898834196624348,-0.08150347263760682,-0.028478228173178327,0.16595690628804657,0.08116125051787776,0.06976407753001032,0.045329627719012264,0.19294868370719034,-0.07812951036172378,-0.014155420001532667,-0.0857333049825355,0.1080612582799544,-0.16289395791178726,-0.0006017245526239841,-0.024416197750805033,0.009493635182932003,0.0201711660055537,-0.003056451605297727,-0.03386169585497181,0.17382919497529115,0.08011429132962851,-0.06941951073179446,-0.12789215185478106,0.07955575364847745,0.082563896888044,-0.04324118872765491,0.0810625796481159,0.20593892822789758,0.1605978832697334,0.05129864089685159,0.13995927125733265,0.0854955278815827,1.0,-0.0616446658556425,0.09336602576535966,0.327385449062781,0.21207329533023192,-0.009224768467675365,0.16770105244815164,0.07879849692720621,-0.2092231151196283,-0.20845662725527495,-0.0782433358305361,-0.01557757369353117,-0.1218088390533999,-0.04253803830086671,-0.09755420446851434,-0.08475731227057919,-0.06636874366281076,0.1696847115763519,0.16335665965541724,0.22977505389512398,0.06257349045317578,0.16474635264140725,-0.10425448755813671,-0.052808498897380006,0.0415066189649651,0.123837189721212,0.09881748930038323,0.12049866828123934,0.03699218911403801,0.007806396686286491,0.07402061104108522,-0.01229923274618491,0.02862158227295431,0.08940941102553265,0.041035823970795145,0.07527925795578136,-0.017566358686937976,-0.045719470304467595,0.03970944400909536,-0.03883611243230092,-1.4490790890743847e-05,-0.013807847331893568,-0.0020852414979287332,-0.03718730235915506,0.07338216654567892,0.028514297216474693,0.08106199147695722,0.026179229950608795,0.009604906818387972,-0.01937006940918557,0.05407728124537608,-0.06600639459517688,0.2574552396050152,-0.018207640606416168,-0.11803723328170444,-0.15783800383571828,0.09341832679138563,-0.13802222009876108,0.004216309525555115,-0.029714396816739916
moca_total_score_value,0.03430314110486217,-0.05169279535670343,-0.10584493301578426,-0.03960584049777502,-0.07728013688252677,0.017511210108567543,-0.11278787992724078,0.06443448075771449,0.12344786368458126,0.1470682386523264,0.05645466657308917,-0.1361343286091616,-0.027985646391406622,-0.11055476787077553,-0.005721201182885561,0.05935181767515056,0.2945457236626286,-0.08562445744520696,-0.022175161252493063,0.2481999888843049,-0.16386506440224516,-0.15404584050749387,-0.045795424730057814,0.15150248230522942,-0.05067145752392076,-0.16538394929122496,0.21673396466038536,0.19701936854418334,0.09249595308574193,-0.191437736667616,-0.14230284484487138,-0.13729452142159798,-0.0346439620999873,-0.09544117058192511,0.17727323274831264,0.05633136464006756,0.030605661242290916,-0.16844102072824158,0.09741487817266897,0.08963382387640596,-0.20342089020459642,-0.05980305345035364,-0.15223144279679215,-0.31727162234141115,-0.08305828965148163,-0.06205395981722295,-0.12914199094153286,-0.2395293019993946,-0.0616446658556425,1.0,-0.15607747167347646,-0.046990532062011627,-0.22434147090164505,-0.23862753406976753,-0.11051936458723276,-0.1727405852192909,0.47403758699562576,0.4343910090116096,0.4775134182673214,0.4544303617262255,0.2035419367367851,0.37587019963083074,0.4803621288866926,0.41363879668036174,-0.134979415755314,0.09232443694019808,0.06403568226414116,-0.038535157542177276,-0.13875892017418953,-0.06831490486133238,0.010770662779578397,0.032849165102745596,-0.06447620609809182,-0.05731606063351742,0.12690217414784735,-0.020155069537868615,0.08660235999736146,-0.10553088488766121,-0.049293439227041616,0.06558512559802158,0.0800256252331018,-0.015214054047479792,-0.05272210711461551,0.02128709935975664,-0.13686164200121423,-0.013399108177977535,-0.09715621817904298,0.006818023357416895,0.02685474368100684,-0.028582032516147868,-0.07707982073336596,0.03193207953346936,-0.09575201564558107,-0.13349871796715995,0.0011864912356454804,-0.07472280067100437,-0.10090917803704894,-0.10342697583558053,-0.1772681379500895,-0.022071610266805815,0.0643445595595483,-0.05158508295461187,0.02838452169158189,-0.09960135319433366,0.391102702388884,0.2316327432249881,0.22862761813714813,0.36505677431341604
naming_time_value,-0.14140551907985494,0.04308541315661326,-0.023952696127072407,-0.091482423061599,0.07133134269833655,-0.07294918557612391,-0.09317442163749386,-0.055142372879140776,0.02507097090155296,0.02234933464413579,0.096935858908527,0.07177360726508093,-0.008873043767928652,0.19171379485410506,-0.03581477007786564,-0.01775092312016108,-0.054281301398669796,0.21835862641720155,0.1553620978699648,-0.02464987759913112,0.11496845991193727,-0.034315072794013995,0.053920923791116855,0.023167806124051196,-0.033516928841077154,0.062467707064704156,0.01351876533366199,0.016534796651918166,0.014293484287966266,0.08877327880886378,0.30738738159070234,0.1720044400919974,0.07712957791000703,0.04025056444718651,0.18952026709879916,0.05226748510604488,0.13466822695489813,0.029244664168369267,0.20755485365222792,0.061967330682644206,0.15636052558050823,-0.003529104288063069,0.24550621739479328,0.23471260118731185,0.16618024722717514,0.1333293180807759,0.2741048699050137,0.12771334352592342,0.09336602576535966,-0.15607747167347646,1.0,0.13226120687596785,0.1017575573109979,0.16696608139947572,0.14436082168710898,0.18463888094708178,-0.05744180361206896,-0.0890533973675492,-0.08595738571106451,0.004985568147598411,-0.10090690448509267,-0.05664062097924847,-0.1376285225452964,-0.07454098165187947,-0.02113028641160482,-0.0566602187464203,-0.13368395382220297,-0.0507793414370947,-0.07085482248575468,-0.02228712863953653,0.03040364420489237,0.03301746847037712,-0.005302764473202918,0.015161665117645913,-0.015138017782368599,0.01493358122513518,-0.021103098199484603,0.0006466791580484037,-0.026354905367651903,0.08177127598785944,-0.046556043672311774,0.09359289618891792,0.056497385557560904,-0.015802921648265047,-0.012302936564982265,-0.06973695831485867,-0.10799727588839315,-0.07351620751496672,0.02839981660722439,0.03923449993932213,0.021045940023240936,-0.07983668057125401,0.03029431455455067,-0.0018749298255347799,0.0025585077173292245,0.012720598274566858,0.023946790971218025,-0.01013042882990103,-0.04649763531311,0.08333724102527688,-0.1939777770377622,-0.015952579877293687,0.16266132893823787,0.051273036829326116,0.037148239258658254,-0.07650644358286071,-0.015296996037680808,-0.06745746378002491
repetition_time_value,-0.08538265154902523,-0.07088779886338475,-0.1102404314462432,-0.03922301830726456,0.009690281555476972,0.08524872965747962,0.022968510435810732,0.11116257694892545,0.015387704623060624,-0.11616776125340585,-0.04584859134695762,-0.032627651688951154,0.0647771244318548,0.09283239232889448,0.13439546984490258,-0.11431339924424,-0.11552874807992806,-0.00884743696163273,0.04041692204687062,0.08210930532594218,0.007294526507612131,0.1658261101838867,0.06856922349582166,0.07233174688948693,-0.05604548595024356,0.017894086517747727,-0.08751606354189909,0.05301667777172086,-0.19011581518204165,-0.004107657697171261,-0.06898817308170684,0.014314917375249949,0.044979808362108936,-0.026025952650494334,0.001424886356406173,0.09060053287326789,0.19567991241656799,-0.0019482623019868859,0.06174440898034578,0.09008052556844347,0.0818813655811412,-0.07197139083392846,0.12349732649946614,0.13596782869456184,0.26523852334113657,0.03809868751383829,0.23525948849226264,0.09849639628643239,0.327385449062781,-0.046990532062011627,0.13226120687596785,1.0,0.3362206173827097,0.08064144117387771,0.2303357429011887,0.12437261818403261,-0.06868958619526223,-0.23663749057474395,-0.11557320442094358,-0.030182629929263478,-0.089033309190801,-0.10173573623693011,-0.21314715336531592,-0.06492599800382547,0.002052571491118876,0.04575533239036981,0.11949407831864506,0.19584226601874774,0.11705746171481009,0.23347351386115328,0.04261769456602446,-0.10114106750227779,0.04275977226565956,0.04519132089922094,0.039520763616480804,0.12352543949148814,-0.01000496534329708,0.025817101268977134,0.11800346452402863,-0.04235508991831849,-0.0504294852966297,0.05964832856953916,0.054406055808815364,-0.009183990788841434,-0.026852768033406936,-0.031096084418497462,0.057596627176495795,-0.09338648586106028,-0.021602513554718317,-0.0036636192111404336,-0.011362990289780849,-0.049660725994611896,0.09758781774775259,-0.0441887563173257,0.0641912274433955,0.012658038595703042,0.02872801854271616,-0.03351936005155923,0.015072638314709202,-0.007309516910875282,0.29014221002280605,-0.013233449821882876,-0.3151899182854704,0.010229923593673772,0.05902089449443434,-0.11746800471261923,-0.02392675683338994,-0.019307161883736084
subtraction_time_value,0.11047665530733053,-0.005058288698500597,-0.05140383254757723,0.11620294880746158,0.01883639854183906,0.14166121682903088,0.19547610514804728,0.17027968979433963,-0.013518040190073084,-0.03328501371164778,-0.028478921921568808,0.017649130290407156,0.11497850820635917,0.0846898678557223,0.11281805154885671,-0.13333283460485745,-0.2203835676531943,0.02483467620850987,0.0891700268857269,-0.0736671794346103,0.2606861119598829,0.06829142621703599,0.05731061860333687,-0.10984144148797025,-0.01838113636147466,0.1267171061208283,-0.0670558949210967,0.00670568046503148,-0.19013462323923647,-0.018848962706067313,0.1078353439479217,0.09851494918667474,0.1330668315742007,0.03306937099696302,0.13436653026707598,0.016481139560151768,0.20832390836039374,0.1216914559373721,0.1540532552684029,0.09933031613599773,0.15189914008967603,0.09155672338056726,0.22652095735748654,0.19366552831680667,0.18663786401173835,0.04520802232160136,0.1176785235403414,0.10587992116053353,0.21207329533023192,-0.22434147090164505,0.1017575573109979,0.3362206173827097,1.0,0.2385072644211479,0.1273385921252915,0.19373574611154298,-0.11715258075752118,-0.231717161571934,-0.1411487506449655,-0.18894094568376224,-0.1170652926039089,-0.12201207739584105,-0.2167473537192056,-0.14737966432472765,0.17003333254140224,0.006180401117341425,0.0024750193854688367,0.024503288583926648,0.09240103671907449,0.1407833277611354,-0.038502179980850225,-0.1295749325938356,0.08189284687201745,0.08681750417096942,-0.06405411390226708,0.07798434731377045,-0.018450825494397773,0.050214981511164825,0.12301013450190937,9.84365500291924e-05,-0.017634721801873022,0.1252837762297194,0.13797831046384307,-0.10580727965920404,-0.03090232055225616,-0.014495544860509368,0.06929794886033332,-0.0981314935780959,-0.021800897264127782,0.02566397517512739,0.0041346749535846215,0.05983527105302448,0.16448688335960937,-0.06560085360182545,0.07339482765701147,0.014248264326930533,0.026920256388876875,0.006422748051126096,0.06992223002137976,0.0013097043350604747,0.1901018303496151,0.027306660057387973,-0.16382935358935646,-0.03407382142228034,-0.14204802698424696,-0.08950404416867225,-0.05835254871890962,-0.08447106192452361
cube_visuospatial_executive_time_value,0.062419936009316446,0.02145341522213487,0.004013014893099461,0.08964084927947777,0.031289405223613564,-0.011839212009686732,0.13588572864713064,-0.010110442654827632,-0.017942176719506518,0.0006205931747058809,-0.05533434246872547,0.07208505175186328,0.01253601534493479,0.038941393381900655,-0.054046655447493125,0.04785051321680745,-0.4145822419927265,0.023990280293274345,0.04054730798153228,-0.2692841058417228,0.23306364520127557,0.0638321557038093,0.13771011235570024,-0.22348619299709618,0.003795095553936006,0.1799983967553167,-0.07001180190989242,-0.09226213467579195,-0.06089917846311343,0.02035771020896984,0.37388288024106797,0.11468576634446494,0.14215444363089116,0.040368754124524404,0.1329622597829517,-0.12493620288451182,0.1602792504539559,0.1045373700283939,0.1878812941251822,0.03911571710000583,0.15118391481959445,0.12766701141952794,0.19567778877302455,0.1364163751563597,0.160031802705073,-0.006878013547638163,0.07892170365218085,0.0861486794389974,-0.009224768467675365,-0.23862753406976753,0.16696608139947572,0.08064144117387771,0.2385072644211479,1.0,0.0004559171686066171,0.18725482070345278,-0.05639419636058032,-0.11821365401588725,-0.08247375574122875,-0.15989985194974443,-0.025192134430867978,-0.08820608842126254,-0.14131233076617808,-0.19881202543087612,0.17544207156773609,-0.05153050544056482,-0.1524778942950085,-0.06569547525143109,0.10223600784490239,0.08806177938423748,-0.0813505102918234,0.0012754193145614802,0.04798233542833568,0.11763578235993637,-0.09042640094841485,0.07484332796626497,0.09726184888182152,0.07799477613169452,0.04790352029936578,0.10407309370680166,-0.05413124870536197,0.12901841672392547,0.10339901044362285,-0.06188890338557411,-0.030660520426666903,-0.01136674877904994,0.06685430637081126,-0.04293415499312482,-0.02093753611344535,0.02165253945882626,0.007333890438161228,0.12049989172196514,0.14174539625897478,-0.10566313862939636,0.01552107361290549,-0.011698481504965687,0.03912153450775998,0.10126623562495352,0.04482002895855177,0.0992930067738775,-0.06001679786537551,0.02784151018071518,0.05968597213679149,0.005803732690142241,-0.22046804072136927,-0.029293932875948267,-0.0366868131376721,-0.07081347388421828
lettera_time_value,-0.19422885292198397,-0.04785852191494809,-0.07355023382083088,-0.1844616020242901,-0.053736488438827223,-0.058613261466521197,-0.08076977858929113,-0.06745025637766203,0.08794310194776954,-0.09759144830772311,0.06199509591700913,-0.011996199383404986,-0.12975934753204985,0.08702203027035248,-0.00573289936017836,0.041236179124043155,0.2189954914178461,0.1136644122230158,-0.03533706654459297,-0.030199111089734387,0.023476552359079538,-0.010399595692382363,0.17917761153758816,0.046998156511578335,-0.09414943083083778,-0.09649719937293279,-0.1585640104640084,0.08010160970778234,-0.014789889533012728,0.009907029028528334,-0.05597884404659786,-0.008444840238152614,0.204941438598315,-0.029230364621071196,0.023516025537166103,0.11892652264855268,-0.10938463378322202,0.11334978378990015,0.05505517841601083,0.059487822530741405,0.08605654465501679,-0.1750555539184395,0.13961362852044468,0.15997359056774124,0.2976990582439377,0.06645661376658626,0.31536613861862484,-0.005597131472376076,0.16770105244815164,-0.11051936458723276,0.14436082168710898,0.2303357429011887,0.1273385921252915,0.0004559171686066171,1.0,0.09591862409503452,-0.03853857392449414,-0.1932978236069792,-0.1451643459220812,0.02314711207889998,-0.08477149364960627,-0.0919374846793614,-0.19439337802663084,-0.035485982233685334,-0.19224152497655694,0.007246553177725585,-0.056089983908419384,0.12703981981823603,-0.0522800955056865,0.0021618779417867068,0.173258525818616,0.13509905898129718,0.0963504566033754,0.09307967992191633,0.10043397386259435,0.12974020666953373,-0.061531072756933466,-0.03934755725013836,0.007386031199241881,-0.02768342719243471,0.09464427068834336,0.04539941253691219,0.02385161717604737,0.08527673400984018,-0.024584847889024566,-0.08597348709582187,-0.10255967029188882,-0.11056775265558165,0.00020590022029224882,0.052082162474153676,0.04104703949737751,-0.21296897368126724,0.14325682127109882,0.08315247818348283,0.08699614759813297,-0.0026558961957902022,0.04506156604942109,-0.03877064872952422,-0.13109084498351417,0.08421519244229467,0.021761957682669548,-0.006827151090276123,0.03537018933613907,-0.062376358574433174,0.09763974008201973,-0.17120637466907276,-0.04231669536101489,-0.053615597741063725
trails_visuospatial_executive_time_value,-0.007921996281973619,-0.0001458600824068771,-0.06802491974503208,0.0017936552183249882,-0.011210692912003656,0.02722876735256589,0.008732192866267939,0.033630730595377835,0.014849095689186312,-0.008348882850265556,0.05161101730726319,0.03944382645908336,0.020189198162790696,0.1016042337953312,0.02227613184902195,-0.029240565234539745,-0.1498346975293439,0.13311669228290446,0.10375861052870372,-0.0915069313716824,0.1626580275928356,0.03864706751448143,0.05424164628018142,-0.07850564592600727,0.016428540575285807,0.06609658040957096,-0.0009835891055271428,-0.03490623464708915,-0.04529209696494595,0.02654706669924428,0.22926000515175707,0.10513446780099224,0.06226795530279628,0.04570129671023383,0.09882989315733975,-0.019579012741458537,0.131917683246415,0.1020289843982031,0.12873044373859385,0.1324368395106471,0.10039311216327751,0.05467837204549894,0.22983231489623707,0.13617066423314422,0.12795992111107382,0.08297891407201871,0.12850042025548938,0.09013406098656716,0.07879849692720621,-0.1727405852192909,0.18463888094708178,0.12437261818403261,0.19373574611154298,0.18725482070345278,0.09591862409503452,1.0,-0.015037598724208056,-0.13104565352204625,-0.09819823345282946,-0.09647426610948281,-0.0860487530133352,-0.07404516157467743,-0.14516946515494014,-0.10031158473494092,0.05385017446163938,-0.045889678134476156,-0.07168740339332329,-0.010660709258209809,0.04219117437453226,0.021655696983664364,-0.003517773050751033,-0.006770205052103734,0.029246232174260693,0.05450948676186777,-0.050865022603429184,0.019310096433701344,0.027674997169065612,0.0692300196879368,0.017137019837540898,0.07601471560248872,-0.004203381948359079,0.11011343642510497,0.05263499559698619,-0.04070926548702198,0.016436935783003287,-0.021353480586415022,0.004050315896051786,-0.05421765021380349,0.055025752183080166,0.061466153091511856,-0.017018727425615988,0.0615059867650141,0.09115146919575301,-0.02341888660504274,0.05203326371752258,0.01996406246917265,0.028555568543138017,0.02812252980165606,-0.015851749182245495,0.06918749803045293,-0.038255475230691845,-0.005120676576582053,0.086023720837984,-0.03896968272487398,-0.105728548727212,-0.06460481557508187,-0.016420993079463403,-0.06771299770564286
moca_combined_mis_score_value,0.006180285922738057,-0.0686588521339609,-0.0955807010996781,0.1057274379474389,-0.07668628245917945,0.030270996334304807,0.004206932302974937,0.06904138242131715,0.11443883117205689,0.17092084796281587,0.0857292032244816,-0.08424944030578198,0.0032256307394133714,-0.08860003130709357,-0.044892496554694766,0.07449381456452081,0.23265283115653873,0.1749516510728977,0.1461621237788966,0.11992444585537766,-0.0006716576185218971,-0.14670128367954516,0.002442504167605524,-0.13387454124080245,0.044214634631599886,-0.06601446578047716,0.24828809607187666,0.04263473637823413,0.11046281255014306,-0.14378817318691656,-0.04362885137388356,0.0026986102337377233,-0.054161704830297995,-0.019108309148242464,0.13143432030761898,-0.0816231358198824,0.1305508479549979,0.006078023045490677,0.18504751990484045,0.1353967291644288,-0.09264925786267038,-0.04851016396385401,0.06819029303162033,-0.39432383356799655,0.011823623405636382,-0.0022127274169056266,0.055093861667342,-0.07624207754527357,-0.2092231151196283,0.47403758699562576,-0.05744180361206896,-0.06868958619526223,-0.11715258075752118,-0.05639419636058032,-0.03853857392449414,-0.015037598724208056,1.0,0.3006810794274873,0.26893632028688585,0.23170297689523564,0.1888940511446464,0.19245815458493723,0.11791957346401048,0.365447296287365,-0.05223664546408038,-0.0869693393901216,-0.12029988997592285,-0.25439245416258144,-0.1442888572601193,-0.10620924637263716,0.17225949290505502,0.08484426363346609,-0.07330971707166922,-0.07380793574232358,-0.03929610929350491,-0.08600147670879939,-0.0580779452095255,-0.0931095070071189,-0.07168930827161574,0.08491113121524085,0.038635872722191565,0.01163269478001342,-0.08140891799054095,-0.11703922015282794,-0.071648565174956,0.02793685597268043,-0.12056780608748711,-0.08611614978697675,0.06457219240003728,0.028440901008990778,-0.053298801586721935,0.08867946981282275,-0.06300338700128937,-0.09915544506397068,-0.015880447362851522,-0.06236881714887185,-0.03829752260587459,-0.07022249374255388,-0.12999086072304689,0.08413542264238302,-0.15327217675658966,-0.011370905776101812,0.14046534454977005,0.026844438818311146,0.15660505786375273,0.2046670792006726,0.17735321150999936,0.2053735254927434
memory_trial1_value,0.09115391470230247,-0.0008921121909953133,0.0069748402163131015,0.09158485844696779,0.002995926882483073,0.06457446941888553,-0.007116196717347313,0.09294012893465972,0.019380413923973903,0.16555706214792018,-0.01046095093343334,-0.05318171801969958,0.06362849706448848,-0.08518011937726712,0.01913894730819903,-0.03495975510630035,0.1859444982286449,0.08892466962693053,0.04818661268555211,0.15198253225223624,-0.08129518639972409,-0.2266298510258741,-0.08508156620056255,0.04450569832941346,0.058474990373056264,-0.013719713494263226,0.23404202541969843,0.12153072494233509,0.11180933461056616,-0.14634167053075597,-0.0763941953867906,0.002860661089294192,-0.05914804709675952,0.01938355111229993,0.11884056012131196,-0.07196044884124571,0.015360186610105063,-0.01836820607800726,0.04483496970393877,-0.004128719097763716,-0.09114279830697358,0.05302936699651315,-0.11785141065919866,-0.19919362933620266,-0.04553320707344209,-0.04511574701239192,-0.131746758295657,-0.08424655742575798,-0.20845662725527495,0.4343910090116096,-0.0890533973675492,-0.23663749057474395,-0.231717161571934,-0.11821365401588725,-0.1932978236069792,-0.13104565352204625,0.3006810794274873,1.0,0.31601601200115814,0.13230131234380055,0.16249478020506639,0.2519987041461792,0.33762403278851605,0.22585418624665168,0.01034926164460824,0.006828035241147079,-0.1050496542364262,-0.24213759920621442,-0.17458888813448495,-0.1172572284806778,0.042727642783235334,0.00020548519712672606,-0.16058088255664799,-0.06393169423572294,0.010452028833118738,-0.1448317074964611,-0.030561216707644806,-0.1071713863473998,-0.09403738335073893,0.014658789217575522,0.04955879410785137,-0.031612409056432436,-0.05925544139803377,-0.06531599381621173,-0.07021943733049685,0.03908834561016662,-0.0601401953292509,-0.018114724496271998,-0.046457416120225845,-0.039378615950740874,-0.03908288398688335,0.056664778834530055,-0.1549569989356784,-0.1250349009117699,-0.08250197857480406,-0.05638039149423036,-0.10184122874606509,-0.0971329839728824,-0.06291008734989709,-0.042509927631585835,-0.21782331483540388,-0.003575449678852741,0.16841287362789018,0.058027760171528275,0.1438325508352222,0.22243328594869718,0.1741039094524069,0.1743123371674058
memory_trial2_value,0.08182180530188296,-0.04875501583872559,-0.04202967198088013,0.02915229643468938,-0.055769013305552985,-0.0024910915382102923,-0.027408919181073136,0.02733468083752426,0.03730216422639989,0.11991812022687255,0.013345369766676145,-0.05189162158016127,-0.024043518645862298,-0.11590506652344214,-0.027734279859327048,0.05070526442006389,0.15992516423433312,-0.015209107070624402,0.0005820401081252214,0.12128108931845555,-0.08788085398096919,-0.17997173757225673,-0.08339257665855991,0.05422843853820512,-0.02272896077912462,-0.06369387233488134,0.13204877767066417,0.10195450224483524,0.059017155581389015,-0.1759645483368961,-0.12460153978040403,-0.06280322814586024,-0.03333711653512234,-0.046598344402100325,0.1411538643250754,-0.04995038445739153,-0.01644031216456257,-0.02452347658800933,0.07339224054763197,0.0330555433106119,-0.12402520200780529,-0.00980127559503843,-0.08181642647730747,-0.23581877840087123,-0.04410525973960661,-0.07461131685856756,-0.13912912617427536,-0.14758818491746134,-0.0782433358305361,0.4775134182673214,-0.08595738571106451,-0.11557320442094358,-0.1411487506449655,-0.08247375574122875,-0.1451643459220812,-0.09819823345282946,0.26893632028688585,0.31601601200115814,1.0,0.2612179067853525,0.1699158486652802,0.24795811078527438,0.34347033611707495,0.20654967010223763,-0.043040773113173766,0.03203385448350561,-0.006802351502108874,-0.07072246116220693,-0.08417311381500092,-0.04134187614739625,0.012868184994697822,0.023390320907748723,-0.061207601152025747,0.03182712663362952,0.06283237002466291,-0.05600368012249863,0.08022026184634806,-0.005303613308861852,-0.07199903492777514,0.06988914508624068,0.049766730618110704,0.027081905798218127,-0.049708575568726224,-0.011993983710449933,-0.07947579204659301,0.06728102071868365,-0.029187560516245357,-0.005364541952764956,-0.009065843535349815,0.014008798171696089,-0.06950950477836797,0.09537877664435498,-0.007894329079065588,-0.08737719657231344,0.04269706420063682,-0.045528043866195154,-0.03452979476471598,-0.06301671079416533,-0.09128942485310222,0.0022607110891329344,-0.0677692964709636,0.00920334989426308,0.06812915401639505,-0.009648247621980542,0.1518801076509289,0.15752420439691647,0.22658173647351781,0.18612746881766112
moca_abstraction_value,-0.18168776910834497,-0.07476252223984353,-0.11146852862042401,-0.2097643110986038,-0.08928549369209174,-0.13932307232401975,-0.23098988263706402,-0.13026201420034805,0.11323065543132937,0.03385665793174878,0.08105253151453044,-0.04047122615626892,-0.19735340351219466,-0.025919897177677058,-0.0710044636008737,0.1494470032095465,0.22516695705248443,0.013739082411715724,0.02113493717782661,0.07351696517775838,-0.1611278448531942,-0.026301960723489795,0.043353632171670056,0.11986137883563329,-0.05020413928734509,-0.1743260389280633,0.058689181138584186,-0.01865360263930936,0.199471532749499,-0.031257885890236106,-0.07380203620873071,-0.10208991557944676,0.002431638956240809,-0.09792856248412675,0.03423268164353035,0.06974071337783568,-0.11622188989382207,-0.10763026468185405,0.07447846970857665,0.06858423037357517,-0.0992121503052411,-0.19583068583253138,-0.0897580358631501,-0.12976331650085238,-0.058621801520498104,-0.019835959945262622,0.008011940353273687,-0.17731160169692384,-0.01557757369353117,0.4544303617262255,0.004985568147598411,-0.030182629929263478,-0.18894094568376224,-0.15989985194974443,0.02314711207889998,-0.09647426610948281,0.23170297689523564,0.13230131234380055,0.2612179067853525,1.0,0.06284751671237933,0.20429656513756506,0.25097841119953135,0.23030170155508659,-0.2576661721706968,0.042580985272865836,0.05426032644253582,0.10168667705537165,-0.08768218323401054,-0.08176572353381958,0.03925440022274183,0.11831150028141565,-0.005244896110575238,0.006608186943179283,0.127958308177622,0.04319446077181179,0.06129473380016935,-0.04852697723903088,-0.03755896906251388,0.07514062398398896,0.02474752620547328,-0.024362873319733473,-0.053744592186369976,0.08957569012523743,-0.07563855585775188,-0.020351336367125054,-0.10963025247423434,0.031037246166462605,0.03529529407812413,0.025362190084561618,-0.01911429496692217,-0.03620170119862823,-0.022909191980197002,-0.05209741986866509,0.03686321001133907,-0.06010854220463196,-0.03592736139647878,-0.0023485477318898533,-0.17032584720661356,0.031918294220236385,-0.014192601185257165,-0.04692127086279885,0.03722077873165428,-0.021997794723611724,0.27451507183314533,0.04914379336510724,0.11398107912352787,0.20991120459778553
moca_orientation_value,0.0689254040330647,-0.13242209988033043,-0.04952048853277176,0.0627130786339488,-0.1321527462867367,0.04847370767279152,-0.00028765509357631905,0.085459152729513,0.005015101937483096,0.05522634431406424,-0.006862986809195244,-0.06935161154764587,0.011489241769429264,-0.13104150609689724,0.023423524931862255,-0.0036932475298441015,0.09484977557322548,0.02168538324898864,-0.007926607817710922,0.11906063720077617,-0.05093088177755561,-0.21368039549523776,-0.034767435670644185,-0.043066753643942,-0.04084655139719675,-0.036900403370054354,0.12530341003259143,0.0640618955170724,0.049789676281585364,-0.2517074664592721,-0.11837236194274173,-0.09766928236164465,0.023124157809844736,-0.0572300786264244,0.12323008570111012,-0.11339213224814804,0.05366646669980648,0.01628511515779583,0.10015865283759028,-0.020711424951057118,-0.11814261187032118,0.005172038290162263,-0.02121272396804899,-0.1812974889202907,0.012739727559466537,-0.08040980234821626,-0.0373190107337619,-0.046657191112391916,-0.1218088390533999,0.2035419367367851,-0.10090690448509267,-0.089033309190801,-0.1170652926039089,-0.025192134430867978,-0.08477149364960627,-0.0860487530133352,0.1888940511446464,0.16249478020506639,0.1699158486652802,0.06284751671237933,1.0,0.1759092569129071,0.13180742538312962,0.08761040479993353,0.006950333337671731,-0.051958759108803994,-0.1513188812296439,-0.16748921299969388,-0.1299984594502446,-0.07607684381154124,0.0638559173875926,0.015539576567686179,-0.08132038229260172,-0.03220968766545051,-0.020628773896132005,-0.12205979684063528,0.012497447228122932,-0.04667616681847184,-0.08090745029922866,-0.01830346531266604,0.038016281572522695,-0.04720358145792338,-0.03435477574985092,-0.09448540820165129,-0.0954529170281527,0.017439799209575495,-0.040392820184130145,-0.1302008940705709,-0.028665759979971214,-0.024741139545134773,-0.003103602933074103,0.05877590245968265,-0.030027860484913977,-0.13451010780292813,-0.012548057240604083,-0.04053262438357673,-0.03021807667078029,-0.09248584367849723,-0.1389893354396791,-0.06962347350928196,-0.12298976315357624,-0.0018358859252396898,0.09259272753638459,0.03396671337646576,0.06603687460295256,0.05189801436745726,0.12006171651173535,0.08409032163155743
naming_value,0.12403440483350074,-0.09178169979421157,-0.04707110889226774,0.031131101731560397,-0.10139298965752204,0.0750682474728819,-0.010985312819861365,0.09503949060130444,-0.02710763763232397,0.10696268299838194,0.01714758015825442,-0.017945578027423036,0.017911186483113947,-0.06709648410567501,0.02330477545132811,-0.03405336948278758,0.10667419540196772,-0.028339044453979015,-0.005971782897052197,0.10936941919057876,-0.019423341956756074,-0.1826579286127859,-0.027320703376642375,0.03856263702372415,-0.014325298473869028,-0.05875532373024176,0.08288504744981293,0.042864881217447505,0.07381882343329978,-0.15995960364269013,-0.04182317150683458,-0.06199199940998847,0.0025523028463818294,-0.06703701223387,0.1316575886553919,-0.046879688496556035,-0.028691984367669864,-0.03753770327561542,0.009530855316823418,0.020332668001471987,-0.07662140804744272,-0.014148036576838404,-0.09703206550362081,-0.09535969885909204,0.00290333632393127,-0.06915468609832365,-0.05230631973700382,-0.15397283798156303,-0.04253803830086671,0.37587019963083074,-0.05664062097924847,-0.10173573623693011,-0.12201207739584105,-0.08820608842126254,-0.0919374846793614,-0.07404516157467743,0.19245815458493723,0.2519987041461792,0.24795811078527438,0.20429656513756506,0.1759092569129071,1.0,0.24921997894793885,0.13523769500235228,0.026834933891112023,-0.0008171878332734797,-0.011770687792013786,-0.12196647001637748,-0.07107212202017406,-0.0516971702937589,0.02792515949091325,0.0484810639097866,-0.06351061210771627,0.013628927316703688,0.05947234363902286,-0.08236787761638621,0.0628278573096928,-0.02337022339032941,-0.058858622347994494,0.05685587190442551,0.05567648819749404,0.017806022754410445,-0.04811630446345304,0.011557713653067549,-0.12946914220088654,-0.0789925007815406,-0.09717138942606776,-0.018111323363686642,0.0005730022983494761,-0.007234230917558718,-0.01593449105032777,0.06341583888694953,-0.05026640788428328,-0.13691452221125747,0.026155840598357582,-0.050612367220565335,-0.07893471311984172,-0.0560932892957587,-0.08741122834532589,-0.03509563830553355,-0.10377855674782126,-0.016406444429054444,0.17263190508551482,-0.07165087762361007,0.1460291531625516,0.09017254393057157,0.16207744460418305,0.18942959444507196
repetition_value,0.048793816476818005,-0.03966358966392714,-0.039643740301383616,-0.04688473026187196,-0.06331278920540793,-0.02065118275210546,-0.10878198674022586,0.012025257766296133,0.008548320346358983,0.1510949056181442,-0.03222705338774324,-0.014706683576353338,-0.038599556282805564,-0.12094179332018164,-0.042398687952225025,0.046593639830517626,0.16545864974587446,-0.048693743506305766,-0.02908548862842508,0.001286800573995891,-0.1369849796498682,-0.17883964971525534,-0.052671296849975145,0.12685501449968917,0.03078437591948517,-0.08998599982111892,0.05103020072874983,0.02388857980190516,0.13012428440992124,-0.18568448061476892,-0.1198940505496485,-0.11341160946078524,-0.10794719918170294,-0.021291276994654478,0.11939041250272844,-0.0649048776060182,-0.258402735643696,-0.08540206796165553,0.01439580899801052,0.011432648768163729,-0.10771425021136309,0.04030711081202295,-0.23231212153328157,-0.15506349594087507,-0.13387281541246396,-0.09145258452433935,-0.3355195290088732,-0.24788627803944466,-0.09755420446851434,0.4803621288866926,-0.1376285225452964,-0.21314715336531592,-0.2167473537192056,-0.14131233076617808,-0.19439337802663084,-0.14516946515494014,0.11791957346401048,0.33762403278851605,0.34347033611707495,0.25097841119953135,0.13180742538312962,0.24921997894793885,1.0,0.14571436953117795,-0.07821033891703465,0.05193714994597677,0.020725182471322462,0.004660285801788411,-0.12389431878771306,-0.14094935658176025,-0.0711135881160734,-0.020979293897787795,-0.04487548530990789,-0.013036513174218188,0.10830357549830653,-0.038985048801498064,0.061883253756344764,-0.014685926061781563,-0.07974766116651952,0.03279415021806754,0.0821382838456342,-0.015752810205578508,-0.05083532052789273,0.07110154271841904,-0.07604126019546663,0.037233385797866295,-0.02296346300131676,0.0014687220221217788,-0.05150457380805618,-0.022276327243646,-0.023444537095555027,0.12239998978164182,-0.08528152399800044,-0.06904954360248211,0.03190659715659364,-0.04019720631188675,-0.06032172076089265,-0.05429366296049686,-0.08129410952840682,-0.03772576491721812,-0.04586332304564275,-0.0057837471051344486,0.07858371511529302,-0.035220250372612595,0.10368571298380404,0.1422818915316154,0.15620335755362635,0.16816769803006237
subtraction_value,-0.09212627435060065,0.011334765304907426,-0.11851439084728371,-0.09894075586776331,-0.044915410593546354,0.02932574366490528,-0.13987795174616924,0.03240315027634219,0.1301927406340567,0.044100442950417394,0.08526033806610264,-0.09966842457405611,-0.02205712871970676,-0.02529512953308577,0.08529713585919182,-0.04622862336748379,0.27328203916365507,0.042690495622846644,0.02595928498658461,0.10159569057800417,-0.11758446989976354,-0.03879063763211801,0.0022969185238982926,0.051252408724900674,-0.06591888916430087,-0.15591114717325502,0.12667261875975758,0.04107176951346987,0.027056170106688707,-0.04663724652738413,-0.18586225828692798,-0.10664958528730717,-0.0292967555057063,-0.07434608018379857,0.08450372761088543,0.09721946745248393,-0.06854696902834738,-0.16719680437417903,0.11113310474288812,0.06470598829972184,-0.10216053128570424,-0.07914757918821697,-0.053965996011026154,-0.18723759454325126,-0.09681418484374993,0.02664591875863332,-0.03521926661479607,-0.08569400629774625,-0.08475731227057919,0.41363879668036174,-0.07454098165187947,-0.06492599800382547,-0.14737966432472765,-0.19881202543087612,-0.035485982233685334,-0.10031158473494092,0.365447296287365,0.22585418624665168,0.20654967010223763,0.23030170155508659,0.08761040479993353,0.13523769500235228,0.14571436953117795,1.0,-0.17246667580819328,0.031583091956699144,-0.012032348303488968,-0.04841190394481727,-0.23388437496699202,-0.09949332176386484,0.01477194514345155,0.07287584016287695,-0.029906791334943925,-0.14187577696866388,0.023288600187460103,-0.0605906556526825,-0.09206900657363376,-0.11261768015094635,-0.029734233949352363,0.012941940209101452,0.06606226971520439,-0.0448662248220781,-0.04520723104179452,-0.06774393123371371,-0.006278214597385123,-0.05166589049176506,-0.1570355228537625,-0.010520159214913645,0.037920510117103574,-0.04861040853204887,-0.010734430744767143,-0.038199405359036494,-0.14377040511313796,0.0009947535753061488,-0.036785833136277764,-0.016854459491299392,-0.060221476255977416,-0.10942977023436865,-0.10543750435845949,-0.006773997087296675,0.001793574658893816,-0.04199093971850756,0.06470923557068874,-0.0707216203407697,0.21013112385376415,0.12018377338943773,0.10588460157358374,0.164104377500958
Rate,0.7179207103233236,0.27661425548798996,0.22992745273008336,0.6470566005561692,0.2185158343848752,0.3505624617712494,0.6704029040813247,0.42503412213949215,-0.30076778406489574,0.18832988375615614,-0.23626460621002093,0.09018160955891762,0.38194891807556824,0.04722708741693962,-0.014052590145977102,-0.22860008564726464,-0.36194885165563007,0.07074779340397691,0.20547858371080113,-0.011934504927735168,0.2503749415881352,0.08144123700119277,-0.06624261924714096,-0.21899026651117634,0.3470206598060041,0.2655534947055435,-0.01265860420898768,-0.2342264749631127,-0.008131287163174865,0.19569616855173919,0.21903963862072373,0.3307109924248288,-0.2825207173538775,0.2798301451534289,0.05294150810096067,-0.17183082012362777,0.3469801797329445,0.024061573806532746,-0.09577776908791083,0.05332792449383497,0.08694377118582076,0.32237512172471033,0.0887905322351365,0.10688186533034139,0.06596264893469142,-0.011654071624510666,0.05147748594875739,0.023575117046758267,-0.06636874366281076,-0.134979415755314,-0.02113028641160482,0.002052571491118876,0.17003333254140224,0.17544207156773609,-0.19224152497655694,0.05385017446163938,-0.05223664546408038,0.01034926164460824,-0.043040773113173766,-0.2576661721706968,0.006950333337671731,0.026834933891112023,-0.07821033891703465,-0.17246667580819328,1.0,-0.044871836001215436,-0.01031079159034159,-0.6082621645071767,0.2600547011066162,0.037316605775555275,0.012124579036400988,-0.2960023724712742,-0.011813844143200641,0.026719667237097296,-0.009558550571162313,0.043250832383287315,0.03933365652230723,0.06329798822336913,0.2176929098673822,-0.07881645143206809,-0.11729685174479088,-0.04776304156520002,0.12796480163110996,-0.04521820425861988,0.012504492815121233,0.06832518114033054,0.24554360549433918,0.11922324628543528,-0.09800437754889663,-0.03514032069542698,0.0029250234871631654,0.2314196121239095,-0.006732168944393072,-0.11537519932573427,-0.01778030437341961,-0.033996832223096685,0.019699901944719767,0.061375234378336516,0.40270006937438785,-0.08818951258944953,-0.039127174918050955,0.06543304745782536,-0.030079165255547744,0.06770663402587755,-0.25049330597070063,-0.011101986985544472,-0.09265273406541809,-0.03127780514801354
PR,-0.07405877472391846,0.1705725535438377,0.01205545095031995,-0.03780579876793546,0.07542161010805348,-0.17358463823799636,0.021181037260163956,-0.19143878349764482,0.07785653352973053,-0.06844534718067637,-0.06049989459544143,0.01528081948563184,-0.1219917896627834,-0.01601679659760222,-0.09460322141864447,0.21025588141760226,0.04320690391627149,-0.17315876051450113,-0.1521609634951184,0.061792545715608695,-0.013699253316962753,0.2933873361193614,0.14102515518246328,0.08457028490675979,-0.026343517769267365,-0.03842190220212266,0.003581707110261217,0.10713962630723403,-0.0794800880456323,0.1294318514696255,-0.11626845314566377,0.02850031486853387,-0.06929904730219806,0.0013326528602636588,-0.17542385640008556,0.2338324145580275,-0.06915481192981712,-0.18562812802177733,-0.26818664720158714,0.07642004351707439,-0.023542960738468035,-0.058660371584704565,-0.08258225419291901,-0.004693507809331412,-0.0448616711187072,-0.022811165829322733,-0.14569289509300273,-0.05117751067511062,0.1696847115763519,0.09232443694019808,-0.0566602187464203,0.04575533239036981,0.006180401117341425,-0.05153050544056482,0.007246553177725585,-0.045889678134476156,-0.0869693393901216,0.006828035241147079,0.03203385448350561,0.042580985272865836,-0.051958759108803994,-0.0008171878332734797,0.05193714994597677,0.031583091956699144,-0.044871836001215436,1.0,0.16191307873786442,0.28484715539954925,0.2111629115319225,0.19520947133432912,-0.2045358172040033,0.0444798187535877,0.03927010090689442,0.10237806837160478,0.12305401313396229,0.18474471512504892,0.025347187507665774,0.0182830195307746,0.10348979749639052,-0.03941647707489271,-0.009868391570125225,0.012355979338658044,0.041855748312143164,0.05648993651134187,0.09607873084055525,0.06770308508125551,0.10619165075475932,0.10247557091666022,0.018590536232806328,-0.04351601082965926,-0.011037366244271271,-0.03069830895144967,-0.01838617862732672,0.11010145730771918,-0.03036202446586811,0.015042887606534322,0.013270530427200429,0.039698190898776964,0.12484752639407498,-0.027837873823129786,0.29376967417787725,0.00711389506580192,-0.10634440495007087,-0.21391249512111832,0.046987626937636855,-0.022630889142997396,0.013054647642351818,0.03361611478793126
QRSD,0.043829799570210416,0.13388776434756827,0.15897069730190652,0.009102159060503599,0.11344249473504592,0.07376032002755983,-0.03240586126425615,0.02538731850976839,-0.009738200161644145,-0.04347167387251911,-0.07314904157714948,0.026438349174662153,0.05313051238195332,0.00838065354790039,0.04106812133978004,-0.032984117577230486,-0.038376777496724135,-0.18220502429328703,-0.02201421649096838,0.07598528819798503,-0.14055815435877678,0.33229856026585874,-0.11613844613907831,0.18906057114398198,0.19057837541145578,-0.008250213471456372,-0.07293246340583648,0.000323293204459523,-0.0840242707063572,0.2832145778458711,-0.07696523218016041,-0.020207802726533296,-0.26943857034840324,0.042681255699604376,-0.2749572316500205,0.08257844128949515,-0.07918076489653969,-0.12049555781120704,-0.3231795876034065,0.08150173966199133,-0.009165187843110809,-0.037887420788168716,-0.20224366095725077,-0.01180023066265168,-0.03041591977287298,0.006010120618884859,-0.1414707638762858,-0.021837028430744285,0.16335665965541724,0.06403568226414116,-0.13368395382220297,0.11949407831864506,0.0024750193854688367,-0.1524778942950085,-0.056089983908419384,-0.07168740339332329,-0.12029988997592285,-0.1050496542364262,-0.006802351502108874,0.05426032644253582,-0.1513188812296439,-0.011770687792013786,0.020725182471322462,-0.012032348303488968,-0.01031079159034159,0.16191307873786442,1.0,0.3876889288962034,0.41282970226472926,0.13090616059937443,-0.1513024755899337,-0.004046226254215817,0.010815493539642621,0.038678134524962327,0.14804466429537882,0.026194008071900476,0.05634603676366626,0.04619509194235249,0.07640181627754498,-0.009374167863756418,-0.06775562498868758,-0.02541075778947641,-0.05288952617950353,0.1968572481759286,0.12306315319381188,0.036202265039593166,0.17624037627235667,0.2482413574450174,0.0862018974831104,0.0034308454455762153,-0.025363188210116013,0.09885621343249963,-0.10842308561422717,0.10542463735879394,0.07594593721894086,0.03698693560582748,0.019389368267667146,0.09616231053786173,0.23649817951188384,-0.09216484129912743,0.37091780227704546,0.009474165893608468,-0.2774950237078255,-0.12136958712858248,0.06508508142962738,0.014743147750864041,-0.0197827377635145,0.05821527866923035
QT,-0.5368806979640784,-0.0836912271473507,-0.1200417865519916,-0.4849852101353797,-0.07587545472991564,-0.2938301073052827,-0.4551134965712377,-0.3605554658519491,0.17479319925393919,-0.27039156164394235,0.04135769979074172,-0.019262730592384317,-0.27883189201296704,-0.027377625675635998,-0.031114278055687155,0.20341389602028287,0.0025330456780611865,-0.274598058268892,-0.25554211759623874,-0.13336238202175016,-0.17662192838022317,0.3144867680500523,0.1291830563612952,0.19542120921398604,-0.20834105470740852,-0.1335241988009513,-0.14964203196613182,0.13985038862219704,-0.17792957979777155,0.013923239155592886,-0.09851258618583066,-0.20019616516381097,0.08588413511540605,-0.1771939882349344,-0.23438439590091,0.22530593676686353,-0.32451422424984594,-0.0915765503302721,-0.16437028240058243,-0.021620947182354116,-0.0030227626674005836,-0.2320824649531768,-0.1301528757836774,0.017584503747822038,-0.017632113830799503,-0.012748064530603216,-0.1824975828669885,-0.03676767024643535,0.22977505389512398,-0.038535157542177276,-0.0507793414370947,0.19584226601874774,0.024503288583926648,-0.06569547525143109,0.12703981981823603,-0.010660709258209809,-0.25439245416258144,-0.24213759920621442,-0.07072246116220693,0.10168667705537165,-0.16748921299969388,-0.12196647001637748,0.004660285801788411,-0.04841190394481727,-0.6082621645071767,0.28484715539954925,0.3876889288962034,1.0,0.3131515128523169,0.18061484171090852,-0.25051031216750963,0.194516893047394,0.10276156848545324,0.13188295442209838,0.09993425682686892,0.10347450739772082,0.048661788689082185,0.05358304412602816,-0.03965595617651808,0.04478473274820566,0.010186558856538882,0.10714095911376754,-0.06576304835325517,0.1541150080034077,0.10146512518578372,-0.0031867328434688072,0.019324572281073753,0.07618196345220826,0.0996378574925657,0.04125342272220087,-0.0026396066005878716,-0.07993070067970602,0.04973230117704874,0.20536578742645645,0.07990210767881802,0.07043679573928052,0.024983056331220346,0.06815071380676066,-0.06634607728925977,0.022648014450659882,0.37958406335822414,-0.02439553636012578,-0.23771737987695127,-0.1693529898482586,0.075086934750713,-0.06567145735436182,-0.0021983964634901044,-0.02964720403412259
QTc,0.10029152175420898,0.1538762143821281,0.2591311722176363,0.24194432212249736,0.1336301724158011,-0.021744210398987,0.21149868090172538,-0.03045834959499478,-0.08649115342558603,0.04269855468160992,-0.18312220660186143,0.1491038257938469,0.0597030650073623,-0.02676011290746005,-0.23885456338928382,0.20269290826514064,-0.32246618226231266,-0.1521272083128271,-0.06668338694821313,-0.060814451267066354,0.009145457097093745,0.42244485248324526,0.16478042953120942,-0.1011432184475331,0.23233110159149814,0.13067637465005624,-0.07484981735275008,0.004467698575236624,0.03821256575949777,0.21758355775835386,0.24266388194926702,0.1832297093953116,-0.14964433968358185,0.1591500044512018,-0.235089460304056,-0.08670433718121337,0.16903502763156977,0.12827086784590086,-0.20158609499726574,0.13021897562792914,0.06509223145066015,0.025568236253802366,-0.04936114200864074,0.01521132335262338,0.06730035136881787,-0.03226027786868373,-0.09965437334836391,0.005242235657590504,0.06257349045317578,-0.13875892017418953,-0.07085482248575468,0.11705746171481009,0.09240103671907449,0.10223600784490239,-0.0522800955056865,0.04219117437453226,-0.1442888572601193,-0.17458888813448495,-0.08417311381500092,-0.08768218323401054,-0.1299984594502446,-0.07107212202017406,-0.12389431878771306,-0.23388437496699202,0.2600547011066162,0.2111629115319225,0.41282970226472926,0.3131515128523169,1.0,0.15903992337208206,-0.13411543869441644,0.04528547080408493,0.05165868301008154,0.20330342826479816,0.11219977506113568,0.13648230027892214,0.0865397334597538,0.05683668022892944,0.13610194430772637,-0.07776024947914785,-0.09952143507892153,0.024663477458060357,-0.0064808305603708295,0.12380704773552262,0.15215024899084778,0.16970588159361147,0.34367639507929487,0.19360184624756027,0.012870273890024679,0.012365336160554012,0.013226776757753737,0.1522081388970535,0.06196101193468938,0.05767657902942669,-0.02927293955473741,0.018047824670871362,0.05096916456795396,0.15681563998273643,0.28980054358734014,-0.06220971651644178,0.1691558587385223,0.05238111840949914,-0.1037199778314368,-0.0750430827827404,-0.09923539058736687,-0.014463363750680166,-0.03482583212177832,0.029894233209173286
P,0.059542997444134535,0.025690654692233358,0.0022485651911863438,0.05888856561118955,0.04753548913960077,-0.04475062030988133,0.14091997178813645,-0.034979856347325824,0.029028290961100805,-0.11804497895496628,-0.026629429044286144,0.02626673120994699,0.01574933077395498,0.03052520642080562,0.06836981522057484,0.0395602492764162,-0.23360089126495978,-0.19507749087118423,-0.0748950178013835,-0.07537498630142109,0.04808588139455407,0.21068575073565007,-0.022694466776937924,0.0337076713216598,-0.017998367289407343,0.03878770816626469,-0.11983710556896171,0.04383343771780975,-0.2471122253364782,0.11883095175853116,0.004007254835161028,0.022302544590362735,0.02171246746930788,0.05774988617155475,-0.21174393584934192,0.060480790954181754,0.08125422089836853,-0.1312001158963274,-0.21099753655840398,0.02869558147355519,0.025276981417123978,0.030739465349064347,-0.0957501900259514,0.02709474286199125,-0.04871471423320476,-0.029535193369641832,-0.044461510108424925,0.1068673475462454,0.16474635264140725,-0.06831490486133238,-0.02228712863953653,0.23347351386115328,0.1407833277611354,0.08806177938423748,0.0021618779417867068,0.021655696983664364,-0.10620924637263716,-0.1172572284806778,-0.04134187614739625,-0.08176572353381958,-0.07607684381154124,-0.0516971702937589,-0.14094935658176025,-0.09949332176386484,0.037316605775555275,0.19520947133432912,0.13090616059937443,0.18061484171090852,0.15903992337208206,1.0,0.02147059785386966,-0.0031592137988694946,0.018712168635985262,0.054299762244046826,0.009392568473068926,0.09013592233301983,0.11499729929423308,0.08026426479602511,0.10750190172497032,0.0013996306167898594,-0.058982329310251165,0.025893305273967333,0.061285773448035964,-0.002007624649767649,0.0602151231829401,0.04734320146815398,0.10999721688552208,0.07271175512087512,0.03491825263369719,0.02034490403784258,-0.03300541481815877,-0.01765326976397227,0.0680255295943613,0.04161909654734693,0.020348091934891347,0.006477209921611121,0.010067453160256982,0.08339395678922165,0.05343584835956473,0.0440061403341893,0.30661436785333274,0.02619985891166576,-0.25181069397812356,-0.07493404292865226,-0.09779226096804691,0.0344891072801077,-0.02238043940726718,-0.03297226737766282
QRS,-0.03629914587333076,-0.17994986313970024,0.02224780153697114,0.09902330658801972,-0.08966140050280981,0.05515954584001712,0.12339861661290001,0.09808996186397402,0.05781444378451302,0.09999029081769278,0.0338472816444294,0.024988488431859388,0.08887455745389945,0.045058629674485685,-0.0033497100966649123,-0.06873808858914646,0.1672905889679529,0.22399827730606775,0.18667939442258924,0.011285103572774274,-0.06341860833994474,-0.2870592683907883,-0.09741477772077183,-0.0024209342592999205,0.05583744357454488,-0.030824778799035158,-0.017701672910370912,0.09292779998577724,0.115202608599517,-0.09558424693460554,-0.11415595714936144,0.008658696558158565,0.1568222135413657,0.037279680228038,0.03513349126365369,-0.12710396182284314,0.04893878819769503,0.1461215754983868,0.1633889188993449,-0.08407495552904426,0.00841046305059601,0.00588520026075613,-0.007507080392353876,-0.1148449962214696,0.07363647455581886,0.04634335330427161,0.2129712011123692,0.12751610484729245,-0.10425448755813671,0.010770662779578397,0.03040364420489237,0.04261769456602446,-0.038502179980850225,-0.0813505102918234,0.173258525818616,-0.003517773050751033,0.17225949290505502,0.042727642783235334,0.012868184994697822,0.03925440022274183,0.0638559173875926,0.02792515949091325,-0.0711135881160734,0.01477194514345155,0.012124579036400988,-0.2045358172040033,-0.1513024755899337,-0.25051031216750963,-0.13411543869441644,0.02147059785386966,1.0,-0.013887458028451408,-0.07670317010073731,-0.11151780637994511,-0.04325532694436956,-0.15239532784800794,-0.05058979755006425,-0.10775511676677497,-0.10483343497480158,-0.027081936584058476,-0.005373576291353605,-0.12775257720692557,-0.0711095467798176,-0.02646976573536281,-0.08344036564714098,-0.06967997841678523,-0.13172723071403186,-0.12787709031386318,-0.019630305793098157,0.030783236755693,0.003946542083927363,-0.13540324669219556,0.056233179403938786,-0.0703636815650253,-0.0443010764286825,-0.020258867205702982,0.003526883786670068,-0.06319001280602667,-0.1940450449928497,0.040026843244147674,-0.22388330139873686,-0.03122772682298516,-0.010614444315596619,0.26564055110010254,0.06970149306906419,0.03000460773795536,0.032926591877343654,0.05154952212304005
T,-0.2584123337593042,-0.008138095689971361,-0.07949590513747705,-0.28970348649644895,0.004756153304610868,-0.18132213458366067,-0.2762453660498284,-0.24285776807373083,0.0552814260605546,-0.023641481909436986,0.1239442474436667,0.05830047669460994,-0.18868083186012233,-0.05356881465781687,-0.09999071934495306,0.18860862925015012,0.1987774673275845,-0.06284995319359281,-0.25240231693442644,-0.06411522710566879,-0.038000492482890516,0.009400404848418751,0.16990543528910182,-0.013315177868465224,-0.19593393271179405,-0.12072221794090501,-0.09936485951655127,0.08096938847224011,-0.05266015953449508,-0.01183308442055063,0.0033059865523917993,-0.07883030155610986,0.2252754251667113,-0.1271999635154339,-0.03417906429550824,-0.012050351502904911,-0.2573102937298972,-0.14782406304598947,0.012564410307213534,0.013623015534839236,-0.0174409699424687,-0.18381709761447834,-0.013127009861299053,-0.03643158128837706,0.01952862331605055,0.022109673679822167,0.10362546735725146,-0.036301914633102964,-0.052808498897380006,0.032849165102745596,0.03301746847037712,-0.10114106750227779,-0.1295749325938356,0.0012754193145614802,0.13509905898129718,-0.006770205052103734,0.08484426363346609,0.00020548519712672606,0.023390320907748723,0.11831150028141565,0.015539576567686179,0.0484810639097866,-0.020979293897787795,0.07287584016287695,-0.2960023724712742,0.0444798187535877,-0.004046226254215817,0.194516893047394,0.04528547080408493,-0.0031592137988694946,-0.013887458028451408,1.0,0.0498078490233211,0.055317932965629875,0.04035425388477168,0.07622731200944553,0.06989042461419262,0.019238265638111544,-0.03389482746859563,0.10016577066756235,0.07727758452471908,0.07471001315276209,-0.02304502042834946,0.044525029747069525,0.04600051959910649,-0.043942041557328185,-0.11471793162018669,0.02806800732527608,0.08103806837928926,0.02238368688266576,-0.00486338627237953,-0.1185184987087239,0.06563018897005948,0.05204787976239618,0.018321610270762418,-0.0015042519780789753,0.024120411453660555,0.03163472714615069,-0.118755227667348,0.05572352196105625,-0.1565798317181225,4.4945567779073314e-05,0.30273380219137963,-0.14326214977622653,0.0798349520921535,-0.002071195110794822,0.047576951310551556,0.022149433217835246
Age-related macular degeneration,-0.026261487692445643,0.03025601827718903,-0.06457428632077848,-0.06179374715908041,0.03275076094427841,-0.045949786870928926,0.030987276770294222,-0.07579812926535219,-0.028936428519276997,-0.056756006827084954,0.008893500526495714,-0.004819529964773706,-0.0693035349404387,0.023979141614597566,-0.04216928565614441,0.04451285309906919,-0.017904110342745878,-0.11140023765234154,-0.10919086462497672,-0.14585710969977644,0.027608557422376123,0.08477323491042237,0.15038438802458137,-0.015047611372152898,-0.10255663451881894,-0.059459680129095235,-0.18003948082875434,-0.10541653586107479,0.008522040738721195,0.03516230032342176,0.008027093175850635,-0.02854516462770303,0.10416093580756768,-0.02161401725516978,-0.014294368274585795,0.05266544412537771,-0.16167135550027925,0.00391204186822771,-0.003498918362518584,-0.023769839541750916,0.02493136773715863,-0.03575489621980976,-0.013246023386187942,0.07807035155500655,0.02512173591229302,-0.019685785329906485,0.029478496982324506,-0.08270567927663351,0.0415066189649651,-0.06447620609809182,-0.005302764473202918,0.04275977226565956,0.08189284687201745,0.04798233542833568,0.0963504566033754,0.029246232174260693,-0.07330971707166922,-0.16058088255664799,-0.061207601152025747,-0.005244896110575238,-0.08132038229260172,-0.06351061210771627,-0.04487548530990789,-0.029906791334943925,-0.011813844143200641,0.03927010090689442,0.010815493539642621,0.10276156848545324,0.05165868301008154,0.018712168635985262,-0.07670317010073731,0.0498078490233211,1.0,0.051444673841026425,0.07269960398672529,0.21776361857346357,0.022035522269759616,0.04658620049155612,0.1141031990221832,0.037169760870340254,-0.014859380889984803,0.08030260693916713,0.10162782169234774,0.07681116402476942,0.009706885116883666,-0.012411506598868286,-0.026338187134353108,0.015930188370278858,-0.011195902247494267,0.004153199535690772,0.00113120252030621,-0.09744539818476891,0.1714164700780064,0.0918725102696505,0.08831616444936817,0.003398291270880097,0.06534941150153162,0.09723829192692378,0.017010259022217453,0.10390956697906657,0.14359983117628472,0.01380311553571391,-0.07546965370300246,-0.08359898584959208,-0.05779904699917336,-0.08190208881186556,-0.07744734970296714,-0.07850070807899315
Arthritis,0.0824863408719668,0.06880183766234726,0.08675933007756698,0.05607053619492821,0.016233284616927277,-0.12349734846173105,0.14285741124800067,-0.14422172492965782,0.007867644611727466,-0.012138484742243593,-0.060252625800698345,0.06957284292380181,-0.10172120286464735,-0.044080383104747815,-0.18212393623523193,0.21709753628043993,-0.009306839497849764,-0.026793084969962435,-0.05924844758217897,-0.16649817250254187,0.09295156044911425,0.05276409846506776,0.17795098720313396,-0.05173186416489698,0.038004164320058556,0.0780146290045355,-0.1051402545617187,0.00164741043128424,-0.03834121369596288,0.019119161134581068,0.043049374174907735,0.08353865170066326,0.019483087580960592,0.07505466993477145,-0.12752823469638988,0.13773210558471527,-0.0821277134920304,0.14402820820501844,-0.17154251428019918,0.12948967270440115,0.1082673301647319,0.0107120271798466,0.027244325160690353,0.07064423779341944,0.10753518410273882,-0.06898680519144483,0.0619279553517072,-0.09685087867359973,0.123837189721212,-0.05731606063351742,0.015161665117645913,0.04519132089922094,0.08681750417096942,0.11763578235993637,0.09307967992191633,0.05450948676186777,-0.07380793574232358,-0.06393169423572294,0.03182712663362952,0.006608186943179283,-0.03220968766545051,0.013628927316703688,-0.013036513174218188,-0.14187577696866388,0.026719667237097296,0.10237806837160478,0.038678134524962327,0.13188295442209838,0.20330342826479816,0.054299762244046826,-0.11151780637994511,0.055317932965629875,0.051444673841026425,1.0,0.12807083653897308,0.22500028767274016,0.17119276308277265,0.07913895465764721,0.00959513229781167,0.121992023688419,0.015193162909857193,0.16895722900566548,0.025397171608665073,0.1598316105075591,0.06050299509049213,0.128967186045288,0.17248616699659597,0.02841696552103167,0.014602858374362346,0.1340466744968938,-0.0028950409669276215,0.13156413474721504,0.21587878692917298,0.05542336564179258,0.11923904924973763,0.0019276213493384048,0.06022658117136921,0.12574000943828045,0.1337743518930835,0.12069370971358094,0.08094820539542083,0.04929359015538885,-0.008166642035770737,-0.08463180814428412,-0.038683943466033655,-0.05628209714435164,0.023212981017538208,0.024056195213759738
Cancer,0.030945132057691747,0.03677153654637584,0.030968652683394143,-0.06468520877867419,0.04617531674011007,-0.017221322628609995,-0.014784698842499087,-0.05685181305413471,0.011847444578668879,0.03217647514467048,-0.003137611632890492,0.022530068812924554,-0.06967616325537436,0.024091644154930522,-0.03093223120603207,0.05256884309576249,0.14605616332485932,-0.07057035415452916,-0.03473200912503985,0.018842176041614117,-0.06753722428844235,0.0529584857470358,0.10332600760072824,0.18079607124812572,0.055498866960076575,-0.07923426792731257,-0.11436593767350584,-0.03515471209164224,0.11758781134761975,0.1020676205013871,-0.03319637061715969,0.025859051218683607,-0.08288078941138735,0.04998640931577352,-0.11782646138929045,0.10579261268726786,-0.18272761590673436,0.008179346755285172,-0.19125222220670593,0.06078247491859173,0.02728046635929469,-0.0866717917917033,-0.10970610823466874,0.0703602226906431,0.043703634540222365,-0.024904032497565065,0.027137995184778697,-0.144681090081118,0.09881748930038323,0.12690217414784735,-0.015138017782368599,0.039520763616480804,-0.06405411390226708,-0.09042640094841485,0.10043397386259435,-0.050865022603429184,-0.03929610929350491,0.010452028833118738,0.06283237002466291,0.127958308177622,-0.020628773896132005,0.05947234363902286,0.10830357549830653,0.023288600187460103,-0.009558550571162313,0.12305401313396229,0.14804466429537882,0.09993425682686892,0.11219977506113568,0.009392568473068926,-0.04325532694436956,0.04035425388477168,0.07269960398672529,0.12807083653897308,1.0,0.2007556655167099,0.0601515370578692,-0.005407856038175961,0.02461632285449125,0.04547582666046737,0.03516509069215134,0.014878179317139677,0.022356678293063,0.28057060654908733,-0.020635842361602236,0.022577826705589325,0.04519456356000694,0.10538351983509171,-0.011458069663564394,-0.015493233443996128,0.0003675969731504811,-0.09746500509120565,0.045467731986471076,0.08821406926906687,0.06337356639762921,-0.016161936175245282,0.010205797493916561,0.06077042972218061,0.052942418583508274,0.04118032977980505,0.10752839873836938,0.055223472632547184,-0.024896146329706666,-0.08146457462541667,0.11985950112370226,-0.030769407225886544,0.016504703074265024,0.06437750558509105
Cataracts (1+ eyes),-0.0664948283856069,0.202065822390062,-0.0016305101271804259,-0.09369352765928773,0.22366244276955782,-0.19376559149486722,0.08376313856740324,-0.1843697662229745,-0.012996187975632558,-0.04264062447482349,-0.05305259945796134,0.072138212580653,-0.14847362223454866,0.02284360491582177,-0.20382819390450463,0.25886608502240777,0.009397007453981848,-0.10225936166862523,-0.15433017616118183,-0.08231484275904909,0.08442328728430282,0.22449649808160618,0.22277698698000656,0.019883022693335455,-0.0890970660951258,-0.031642143882235796,-0.19088554974224348,-0.09352808387485609,-0.0038690713356919508,0.18366640733527692,0.026208773682766567,0.14032161760384165,0.02056067188626939,0.03655362356218253,-0.11469565249175703,0.15042760111325304,-0.07610874312130271,-0.013121478874446495,-0.10834449467212455,0.11021868673592718,0.07415794140952411,-0.06996292932137102,0.032400467774949156,0.12533681455208215,0.03833941637828423,-0.04952634253541108,0.11972537582761393,-0.1229019700588701,0.12049866828123934,-0.020155069537868615,0.01493358122513518,0.12352543949148814,0.07798434731377045,0.07484332796626497,0.12974020666953373,0.019310096433701344,-0.08600147670879939,-0.1448317074964611,-0.05600368012249863,0.04319446077181179,-0.12205979684063528,-0.08236787761638621,-0.038985048801498064,-0.0605906556526825,0.043250832383287315,0.18474471512504892,0.026194008071900476,0.10347450739772082,0.13648230027892214,0.09013592233301983,-0.15239532784800794,0.07622731200944553,0.21776361857346357,0.22500028767274016,0.2007556655167099,1.0,0.10513386670034851,0.07848273570681737,0.25340361209870926,0.12492761745831307,-0.07973763355870324,0.1649624853835882,0.174401761657519,0.1398107612713656,0.08346898581344664,0.13243794783947938,0.17239899408692347,0.10721807970049393,0.008203898556845179,0.04963638569196679,0.038609579551767984,-0.07815463266025895,0.2628783641868883,0.13916691714747892,0.07014094044361811,0.03016642492513248,0.06103615486387668,0.10547460620299462,0.20328126868183005,0.17918543892952682,0.1529905044557402,0.10154044571991552,-0.05739177868250779,-0.111538662380512,-0.026969238714672022,-0.0883404406956326,-0.08669074460376555,-0.00744583174865348
Chronic pullmonary problems,0.10788812394580222,0.012909647727969055,0.06843690892202292,0.004272419198873376,-0.06653075998454021,-0.12961344821068763,0.050105795162897857,-0.11466706154695713,-0.006769074821607865,0.01644171416928446,-0.0003829726502329645,0.049933910926949016,-0.06218990462972129,-0.02941346587623538,-0.15325915547045654,0.1715809096016399,-0.17703210188958537,-0.19024438276950834,-0.1309168450213456,-0.17880057845999983,-0.000483982045390093,0.029628248024397282,-0.017215911488594294,-0.026019597205907425,-0.0006500534090757595,0.05501108469735818,-0.09654793449055112,-0.008296603164739123,-0.06316908685855065,0.0309764324970664,0.16078844836974449,-0.04209773727397255,0.050198287436605975,0.037265755061538355,-0.003119501540947871,0.0014589037035435376,0.004943800077936646,-0.10245550473053962,-0.08397095811996942,0.028867175768629256,-0.005641070019065061,0.08251657310808873,-0.020448660467386873,-0.007482899928378544,-0.10496621426351874,-0.01909873382834133,-0.023027185044563813,-0.053553569025091625,0.03699218911403801,0.08660235999736146,-0.021103098199484603,-0.01000496534329708,-0.018450825494397773,0.09726184888182152,-0.061531072756933466,0.027674997169065612,-0.0580779452095255,-0.030561216707644806,0.08022026184634806,0.06129473380016935,0.012497447228122932,0.0628278573096928,0.061883253756344764,-0.09206900657363376,0.03933365652230723,0.025347187507665774,0.05634603676366626,0.048661788689082185,0.0865397334597538,0.11499729929423308,-0.05058979755006425,0.06989042461419262,0.022035522269759616,0.17119276308277265,0.0601515370578692,0.10513386670034851,1.0,0.11864322930367285,-0.01956187526933863,0.1543790253291739,-0.04245767344896269,0.04817763855237363,0.0036786837083154942,0.08461196329574529,-0.004855760975589901,-0.005837012870818199,0.1242422005000379,0.1442996871189018,0.07681754780732865,0.0630069964497636,-0.015345463357886103,0.1251341779887888,0.1432762962666955,-0.0356956387857438,0.06468658964157563,-0.012639029428046383,0.0036040482606629325,0.10619775008940642,-0.039855666154975065,0.09648576857517514,0.06592226197040138,0.0072421864006311865,0.046317000444367505,-0.12170829932869431,-0.03320914708815924,-0.0003439288892230863,0.041635005497255316,0.06019043229017471
Circulation problems,0.06678318505169015,0.06086009760020088,0.03800958404749415,0.010174318434118224,0.014104456509454999,-0.04963662938496398,0.03900262909778086,-0.06295164023700742,-0.035216561888888206,-0.009279233695632447,0.0004155269116701308,0.025539071599585954,-0.031060162739939598,-0.020984104323578563,-0.06253170735868638,0.06246817471546817,-0.12816927720219035,-0.06932361511653327,-0.019629126947190486,-0.11373766923732394,0.047571732374634176,0.11313390155758037,-0.020013382559266456,-0.044932320158025535,0.045396902415822546,0.06909987400230269,-0.06915062363076073,-0.08590164517455756,-0.11592502834176546,0.06432781231644563,0.05456886857508173,-8.298978130944409e-05,-0.043700331965873807,0.0246908216936183,-0.05263478946880843,-0.02156927510263315,-0.04266309024294976,-0.018103115934991303,-0.06080779801294906,0.029856207632317326,0.021631072070569503,0.060990364936939226,0.0004740675131103306,0.01895088039398085,-0.06629907423058579,-0.035892575486140395,-0.02778963083695569,-0.030651140144412937,0.007806396686286491,-0.10553088488766121,0.0006466791580484037,0.025817101268977134,0.050214981511164825,0.07799477613169452,-0.03934755725013836,0.0692300196879368,-0.0931095070071189,-0.1071713863473998,-0.005303613308861852,-0.04852697723903088,-0.04667616681847184,-0.02337022339032941,-0.014685926061781563,-0.11261768015094635,0.06329798822336913,0.0182830195307746,0.04619509194235249,0.05358304412602816,0.05683668022892944,0.08026426479602511,-0.10775511676677497,0.019238265638111544,0.04658620049155612,0.07913895465764721,-0.005407856038175961,0.07848273570681737,0.11864322930367285,1.0,0.025798525691771684,0.07105541658397106,-0.023025736830672026,0.04362800574363472,0.016379973798031515,0.015327864165832305,0.04858017409735981,0.06102859688263959,0.09042339263608243,0.06377941003449988,0.07286057043150182,0.034713370209387785,-0.014163173418695786,0.09493977991553162,0.06335532238535495,0.05342388000004948,0.08955259333359968,-0.008141345231776719,0.03535547284437317,0.14467780819912054,0.07211264642790129,0.03823625388899541,0.09024422723135424,0.013208602972945054,-0.0317324813133688,-0.06385807157167386,-0.11358092382613515,-0.0564118122644969,-0.012027666446353783,-0.06594542738648379
Diabetic retinopathy (1+),0.07666563871506586,0.19307608164076118,0.033814530081861915,0.08847470013475003,0.2516893798146515,-0.028235250559094607,0.16237257186665138,0.006311671948157371,-0.060886068250839726,-0.04274909280443041,-0.08393911121906773,0.08303236445763587,0.030126082374173066,0.012754813688347551,-0.07400015793973243,0.05644229372461744,-0.12682489475018022,-0.08202532059771989,-0.05057272608884261,0.03791451797605303,0.1203759230992777,0.20573391555532974,0.06487374304209548,-0.025274031830974486,-0.020988128133508636,0.052205225431784165,-0.10290394782007553,-0.0926463990358936,-0.09604836937294062,0.19650649950296878,0.006739261995133604,0.14391048852310945,-0.04726686571649616,0.01831626023511756,-0.05322448904977511,0.04266235685452333,0.13122603137679556,-0.12627572203964998,-0.014982770107906333,0.0452831105016593,0.012414028298589555,0.0192809271620926,0.044791516037449124,0.13205203668836427,0.02277947110187548,-0.004664014724059034,0.03881384593688562,-0.001439181023571171,0.07402061104108522,-0.049293439227041616,-0.026354905367651903,0.11800346452402863,0.12301013450190937,0.04790352029936578,0.007386031199241881,0.017137019837540898,-0.07168930827161574,-0.09403738335073893,-0.07199903492777514,-0.03755896906251388,-0.08090745029922866,-0.058858622347994494,-0.07974766116651952,-0.029734233949352363,0.2176929098673822,0.10348979749639052,0.07640181627754498,-0.03965595617651808,0.13610194430772637,0.10750190172497032,-0.10483343497480158,-0.03389482746859563,0.1141031990221832,0.00959513229781167,0.02461632285449125,0.25340361209870926,-0.01956187526933863,0.025798525691771684,1.0,-0.0675542179534346,-0.05869535274855045,0.0215941660591635,0.1793763015231679,0.00374450759363944,0.039953037940165685,0.031199303622660712,0.13552718865455848,0.0775498579206224,-0.03644604617704918,-0.02513999538256583,0.0028684828290727418,0.0037015765623954282,0.03598922220609898,-0.020679901564559594,-0.023066252578666492,-0.005976785360388719,0.02046437103109519,0.015487270951554367,0.22004208214716764,-0.03873377104254468,0.15599860398993698,0.0519075485369451,-0.12764064537024059,-0.04778096467709436,-0.059171458059724874,-0.03576391089074027,-0.10951506013462561,0.027031540773269653
Digestive problems,-0.040323562096037595,-0.02521256904300606,-0.05337900846461892,-0.1062704443018594,0.006890708594575353,-0.09121789568061217,-0.09675742434519613,-0.12261125306601806,0.027497234516096543,0.002863479826180944,0.033480675036910205,0.017085151188901172,-0.09513581726992178,-0.030417584637388778,-0.08963943941758892,0.10144577264671155,-0.024085592259033475,-0.04849261385644578,0.0013739517172138237,-0.1416656248980648,0.07395899171062348,-0.06417099687658877,-0.06776035372213407,0.013024519293300913,-0.022954655027958442,-0.01131214717338336,0.011643451301526051,-0.0825706066893918,0.027730926167419883,0.057297768586735034,0.18231367449107017,0.0017967122568470681,0.06605680941702033,-0.02284604597051057,-0.007130255461196716,-0.019587592201211385,-0.11710697961509572,0.0659657208947778,-0.05201058896253274,0.0024287635014232003,0.03953664761329215,0.018311261294380304,0.032951449675180634,-0.041990308702131864,-0.027391423112755355,-0.01912432996865295,0.06686831418707911,-0.08005643398834443,-0.01229923274618491,0.06558512559802158,0.08177127598785944,-0.04235508991831849,9.84365500291924e-05,0.10407309370680166,-0.02768342719243471,0.07601471560248872,0.08491113121524085,0.014658789217575522,0.06988914508624068,0.07514062398398896,-0.01830346531266604,0.05685587190442551,0.03279415021806754,0.012941940209101452,-0.07881645143206809,-0.03941647707489271,-0.009374167863756418,0.04478473274820566,-0.07776024947914785,0.0013996306167898594,-0.027081936584058476,0.10016577066756235,0.037169760870340254,0.121992023688419,0.04547582666046737,0.12492761745831307,0.1543790253291739,0.07105541658397106,-0.0675542179534346,1.0,-0.028983359860792247,0.2154606020809453,0.0002873100143751625,0.13071340287158817,-0.0031030555054740753,-0.024201906331011127,-0.02886972395604672,0.0896764620784045,0.14575173491120122,0.15593500738790592,-0.023285876356380252,0.04100544362680869,0.15159241784009647,0.06789538027495351,0.1566482415227359,-0.0004921403190325408,0.04463748203562327,0.1141408920231602,-0.02661287546606529,0.26168420730407355,-0.02189712304213461,0.03973790515542429,0.07273311496503299,-0.05328168223482441,-0.03055443832038304,0.05919033152241455,0.039065497825779734,0.029261105618044958
Marijuana user,-0.0077238427771272634,-0.15702587110078114,-0.10707513174176705,-0.13123907420678396,-0.17557506690868901,0.04489434431955478,-0.1351886578912287,0.0206368055706825,0.04527910604340855,0.004106554715571796,0.066142266078149,-0.08122152798843214,-0.06069504831244498,-0.0075878276193986705,0.11620953766300679,-0.06286102697088275,0.20493531589370123,0.03295309286063339,-0.07272477184948001,0.04151155959672769,0.006340097367152643,-0.12068970021933659,0.035557484377691295,0.04990396594641983,-0.06965729515075411,-0.07012879614048516,0.03946715579102074,0.11057423249197752,0.06096944656990836,-0.158067781146453,-0.11831567069498847,-0.1147197750743403,0.10380034379892676,-0.05515316346343179,0.10802496762430551,0.01713135236751766,-0.1633019417761577,0.09049868703140079,0.013978090323388257,0.03797013049412577,-0.02262609041165468,-0.03962271865994469,0.028505828887517837,0.003931553836627791,0.04913038211657483,0.010821146876515876,-0.036406167904483124,-0.07862148347214616,0.02862158227295431,0.0800256252331018,-0.046556043672311774,-0.0504294852966297,-0.017634721801873022,-0.05413124870536197,0.09464427068834336,-0.004203381948359079,0.038635872722191565,0.04955879410785137,0.049766730618110704,0.02474752620547328,0.038016281572522695,0.05567648819749404,0.0821382838456342,0.06606226971520439,-0.11729685174479088,-0.009868391570125225,-0.06775562498868758,0.010186558856538882,-0.09952143507892153,-0.058982329310251165,-0.005373576291353605,0.07727758452471908,-0.014859380889984803,0.015193162909857193,0.03516509069215134,-0.07973763355870324,-0.04245767344896269,-0.023025736830672026,-0.05869535274855045,-0.028983359860792247,1.0,0.014362318231251546,-0.04774700378954889,-0.020181677438451597,-0.033449530556971425,-0.030090156858379895,-0.10438764226563815,-0.08549511227780361,-0.016916478352460657,-0.04156052019915932,-0.017140338747481148,-0.022063111344418,-0.015289982600777253,-0.007668281009766798,0.06228883275618683,-0.004510758721302729,-0.018748282800164856,-0.06426852666896544,-0.1663967080418027,-0.05155341441214977,-0.009757042596546568,-0.014366705057226878,0.13398706696582574,-0.1269780041945121,0.05220117303100617,-0.021276922681108906,0.049629343627161954,0.020717414170839582
Dry eye (1+),-0.048333722001792624,0.022218288052750307,-0.08124433163275464,-0.06248758531901746,0.07360132974047816,-0.0869817681732556,-0.023258433630541878,-0.09837300944663104,-0.0010073085624705985,-0.025804927628417476,-0.005643213406283215,-0.004548872162070806,-0.06675649605959096,-0.018315536164781755,-0.09567721752653602,0.09037755941840896,-0.015195845849517005,-0.007363010196775769,-0.034280999767061025,-0.0015097257698233966,0.1871292901081287,-0.08422962822727662,0.038003444690014244,-0.008284660563350872,-0.13761199885406258,0.028465542217803966,0.022998970594206723,0.030101003697040465,-0.0873056233259537,-0.05387460526643813,0.12579334734842823,0.08296173379172071,0.12024350193888288,-0.06990695994450266,0.1336669984995506,0.021639608591821475,0.013588237844703184,0.11045848548217575,0.06405967784013335,0.03484985669610677,0.07820579822413802,-0.024985208664455985,0.10086390014457869,0.07798979519685653,0.14877689868235022,-0.022594016112062795,0.08904293343248897,-0.0656852696626313,0.08940941102553265,-0.015214054047479792,0.09359289618891792,0.05964832856953916,0.1252837762297194,0.12901841672392547,0.04539941253691219,0.11011343642510497,0.01163269478001342,-0.031612409056432436,0.027081905798218127,-0.024362873319733473,-0.04720358145792338,0.017806022754410445,-0.015752810205578508,-0.0448662248220781,-0.04776304156520002,0.012355979338658044,-0.02541075778947641,0.10714095911376754,0.024663477458060357,0.025893305273967333,-0.12775257720692557,0.07471001315276209,0.08030260693916713,0.16895722900566548,0.014878179317139677,0.1649624853835882,0.04817763855237363,0.04362800574363472,0.0215941660591635,0.2154606020809453,0.014362318231251546,1.0,0.082391943916446,0.023721349678554028,0.02044506263422345,0.05973756259371319,-0.0037707090891676894,-0.023507165636735144,0.06263646991628684,0.0730299892734113,-0.030763487675993195,0.01646685716287035,0.18298455421596765,0.04775490091872574,0.11836366721629864,-0.014207970590443748,0.037237847127738984,0.0655779497507749,0.05633181858326191,0.12397415420205389,0.00038996995417636893,0.05025692359018276,0.08127870926679993,-0.08331996958958081,-0.047051923044405745,0.012824308728031544,0.013255373004639876,-0.03192004899256185
Glaucoma (1+),0.04910869579720458,0.11906570990640747,-0.018555859985880087,0.04989831122336689,0.17188189320111535,0.004132572882539374,0.13128563880873723,0.009482443900100966,-0.021042020843385186,-0.024476272200732258,-0.033857980792628896,0.037164270272044046,0.036157487423868685,0.07311720581742588,-0.03393682533956038,0.00292635965336564,-0.0774091778638025,-0.019785329228661636,-0.024239309476831918,0.0037385470934224235,0.12147554885897621,0.024144750652062903,0.06674702488639295,-0.00976555970952464,-0.07756794970038274,0.04880787777581497,-0.08232510726682565,-0.01675772576841632,-0.06979286863382712,0.047348227938401384,0.05168679876331014,0.1385847457708696,0.05547383034787714,0.029030270278605913,0.08516527280547097,0.020448880464728456,0.09076753591386964,-0.0322949548091963,0.07620372930592544,0.03334972090963425,0.07821123784312195,0.045838879562830045,0.0723852483337196,0.14111862647587256,0.07684713693960636,-0.006856134492436757,0.05479239679793649,-0.007298796573843502,0.041035823970795145,-0.05272210711461551,0.056497385557560904,0.054406055808815364,0.13797831046384307,0.10339901044362285,0.02385161717604737,0.05263499559698619,-0.08140891799054095,-0.05925544139803377,-0.049708575568726224,-0.053744592186369976,-0.03435477574985092,-0.04811630446345304,-0.05083532052789273,-0.04520723104179452,0.12796480163110996,0.041855748312143164,-0.05288952617950353,-0.06576304835325517,-0.0064808305603708295,0.061285773448035964,-0.0711095467798176,-0.02304502042834946,0.10162782169234774,0.025397171608665073,0.022356678293063,0.174401761657519,0.0036786837083154942,0.016379973798031515,0.1793763015231679,0.0002873100143751625,-0.04774700378954889,0.082391943916446,1.0,-0.008937911658205374,0.015107571652085948,-0.013753496091881002,0.04495906638516965,-0.00274218681495547,-0.030157665965434868,-0.022315543334774177,0.043820060885445905,-0.06146724388728741,0.1030284620616061,0.0038580149917037034,0.002263009338982448,0.0032776271141773446,0.01957585712133968,-0.000630785404762266,0.09659563927076098,0.009366371743992113,0.03093275516377525,0.05633495093942641,-0.013970815359145728,-0.023370966188815623,-0.037219636956856504,-0.0140325054516717,-0.05341690209929144,-0.010373801748791229
Hearing impairment,0.007684802620275234,0.03652143306891759,0.07268169873568528,-0.0653157102623871,0.05401439394814437,-0.03260891796650923,-0.010420782973345531,-0.08156973633143054,-0.0005452316804265935,-0.014330215250156835,-0.002843327108380671,0.04384401684294716,-0.0740177325820308,0.026850856898614318,-0.07233493120637334,0.06492803344235756,0.059662438783142056,-0.11670864307884071,-0.05303746473865466,-0.13530012328697386,-0.09953100285178458,0.030140274195339562,0.019534889707248107,0.1583494255687997,0.09896698648721405,-0.04516161358577376,-0.1821869084674963,-0.06623294214522528,0.10450970857893234,0.14290498575327998,0.02022310354584093,-0.018268417840161196,-0.06687265662407095,0.045703735204230794,-0.19848540275041093,0.0620360351076505,-0.2681893418434685,0.04103167128030349,-0.27093156553365716,-0.036491018592913024,0.03582266823941617,-0.03574508983777859,-0.13060922733687472,0.05477037553781688,0.001209033481557129,-0.03441113803943823,0.011553937759895138,-0.11490683854640467,0.07527925795578136,0.02128709935975664,-0.015802921648265047,-0.009183990788841434,-0.10580727965920404,-0.06188890338557411,0.08527673400984018,-0.04070926548702198,-0.11703922015282794,-0.06531599381621173,-0.011993983710449933,0.08957569012523743,-0.09448540820165129,0.011557713653067549,0.07110154271841904,-0.06774393123371371,-0.04521820425861988,0.05648993651134187,0.1968572481759286,0.1541150080034077,0.12380704773552262,-0.002007624649767649,-0.02646976573536281,0.044525029747069525,0.07681116402476942,0.1598316105075591,0.28057060654908733,0.1398107612713656,0.08461196329574529,0.015327864165832305,0.00374450759363944,0.13071340287158817,-0.020181677438451597,0.023721349678554028,-0.008937911658205374,1.0,0.0015602369038485173,-0.05120368820754969,0.02049002811554552,0.14771220814097294,0.04062128839290064,0.08103495844218918,0.016436597259001918,-0.06083627092277736,0.03718955788325753,0.10451123292554837,0.09432506845942623,0.005162774071384866,0.033543031780187936,0.11248901271828537,0.053590060494233045,0.08505713582361668,0.08719977595821828,0.025840404956910975,-0.07253870924557045,-0.03281509468423176,0.050752466135401665,-0.028645093982057054,-0.027655192779866063,0.021108431307398697
Heart attack,-0.02932556436265297,0.17136587583061036,0.06128217963707749,0.0052218665522105,0.10216293168237603,-0.13326828637776306,0.018963052431669097,-0.12569454843076788,-0.0030208907831640454,-0.049141546495155695,-0.04793361758975375,0.013638794724629259,-0.050046250685618174,-0.024337924344618435,-0.11569642626942878,0.13395425910514372,-0.029716500780726435,-0.02707255126490203,-0.023037586454391846,-0.01872759318612902,-0.007654145210496094,0.20379368493227776,-0.021416141035563992,0.00720150167718331,0.08737102257600723,0.027863273390692566,0.004370938000822629,-0.04593048279440313,-0.04712533055169012,0.188327451132538,0.015332705357991755,0.07422024110175207,-0.15442490201527911,0.08625386863977028,-0.15738826065279302,0.07382479018120947,-0.0005862459398405522,-0.053483033382617576,-0.158672618283892,0.05885642167685773,-0.004447769578915097,0.039292264327872195,-0.001695137132029813,-0.006759342060868972,-0.08242634493408882,0.005581022626692703,-0.007045920948548889,0.02761745016714956,-0.017566358686937976,-0.13686164200121423,-0.012302936564982265,-0.026852768033406936,-0.03090232055225616,-0.030660520426666903,-0.024584847889024566,0.016436935783003287,-0.071648565174956,-0.07021943733049685,-0.07947579204659301,-0.07563855585775188,-0.0954529170281527,-0.12946914220088654,-0.07604126019546663,-0.006278214597385123,0.012504492815121233,0.09607873084055525,0.12306315319381188,0.10146512518578372,0.15215024899084778,0.0602151231829401,-0.08344036564714098,0.04600051959910649,0.009706885116883666,0.06050299509049213,-0.020635842361602236,0.08346898581344664,-0.004855760975589901,0.04858017409735981,0.039953037940165685,-0.0031030555054740753,-0.033449530556971425,0.02044506263422345,0.015107571652085948,0.0015602369038485173,1.0,0.1296576544572754,0.11723509076225297,0.14216111595779193,0.011845263514564195,-0.009680743021345977,0.00399303123427751,0.05419518640465287,-0.008293410344365903,0.1907016130937563,-0.011417761404161725,0.04431967930239608,0.06543483711168839,0.08836211295255593,0.17737610282295224,0.016350325749740314,0.07723758248970217,0.07947151694343692,0.007998503417483054,-0.09952683988905407,-0.10506380560763261,-0.029927171358487156,-0.051803295585697455,-0.06080408341109298
High blood cholesterol,0.07924603391664763,0.17597022171966942,0.09794673760079797,0.09387160674207481,0.09556553372841516,-0.07030895262465184,0.09624369549757025,-0.09291775374097995,0.005243629389776889,0.032419759088316014,-0.0808947576898272,0.0003597852420643217,-0.06805520402609554,-0.08245705213781616,-0.08081870024896086,0.18810418210230273,0.08126515918748352,0.11457193216848441,0.07964801832164671,0.14280194472287355,-0.00027720807213484907,0.15936654037331127,-0.025336795938221454,0.02466482989192207,0.13647482579764833,0.04204135963209334,0.10704912958152402,-0.026091834380584385,-0.00046661453629755,0.049145406935711435,-0.09180257532692702,0.1424440830752554,-0.2473978722946591,0.14567046811748977,-0.1246238121749581,-0.03377002018122537,0.11349293445594981,0.0995109747334529,-0.08038021455214185,0.18761571574121744,0.028786991656225985,-0.013560888796586939,0.021242499147161573,-0.10687914562267495,-0.042682747351769426,-0.061804313001573075,-0.05899426513478214,-0.02036461893276467,-0.045719470304467595,-0.013399108177977535,-0.06973695831485867,-0.031096084418497462,-0.014495544860509368,-0.01136674877904994,-0.08597348709582187,-0.021353480586415022,0.02793685597268043,0.03908834561016662,0.06728102071868365,-0.020351336367125054,0.017439799209575495,-0.0789925007815406,0.037233385797866295,-0.05166589049176506,0.06832518114033054,0.06770308508125551,0.036202265039593166,-0.0031867328434688072,0.16970588159361147,0.04734320146815398,-0.06967997841678523,-0.043942041557328185,-0.012411506598868286,0.128967186045288,0.022577826705589325,0.13243794783947938,-0.005837012870818199,0.06102859688263959,0.031199303622660712,-0.024201906331011127,-0.030090156858379895,0.05973756259371319,-0.013753496091881002,-0.05120368820754969,0.1296576544572754,1.0,0.35195815855611645,0.03565054710726618,0.009997456587535933,-0.0004578138085830205,-0.00918715703671618,0.13603946133964556,0.05617304079350885,0.12934589432032426,0.02615964593821139,0.028744000038477508,0.038943007769143785,0.06845561424799405,0.1808969699262211,0.046649484270854774,0.05300768745347068,0.05014144268487495,-0.04995395086531966,-0.008423298510397421,-0.08474034321581446,0.018070783352986022,0.010801361491456737,-0.04647241549216767
High blood pressure,0.18500055219231976,0.2708232753569916,0.209736163933464,0.19900270079939167,0.16274233589033746,-0.03763916892285641,0.2431888607951206,-0.025439707460869918,-0.07491308140435121,0.02604350023325632,-0.1701468906652996,0.07082407063892573,0.026367424686307914,-0.07408862252044768,-0.1633062257112951,0.20696086788985474,-0.1811433431280877,-0.04058210336682127,0.02402653674209992,0.0255918027450361,0.025637245968752165,0.2977321163697903,-0.010437209186893191,-0.031275124135758905,0.2127071694637492,0.1560801884897051,-0.03611009257381982,-0.08067126850398584,-0.039607122157839784,0.1780582477725571,0.039835400511185504,0.14937537450292887,-0.250449010785489,0.21105054106711316,-0.2310542003196291,-0.04474408796956399,0.2043185972391603,0.05368111712799287,-0.19144778595847667,0.1641378167749022,0.0289379729516351,0.10379343166707011,0.015922581433491824,-0.005612784081548498,-0.04431045748195266,-0.07511997665020902,-0.054546040852230374,0.03146464437720285,0.03970944400909536,-0.09715621817904298,-0.10799727588839315,0.057596627176495795,0.06929794886033332,0.06685430637081126,-0.10255967029188882,0.004050315896051786,-0.12056780608748711,-0.0601401953292509,-0.029187560516245357,-0.10963025247423434,-0.040392820184130145,-0.09717138942606776,-0.02296346300131676,-0.1570355228537625,0.24554360549433918,0.10619165075475932,0.17624037627235667,0.019324572281073753,0.34367639507929487,0.10999721688552208,-0.13172723071403186,-0.11471793162018669,-0.026338187134353108,0.17248616699659597,0.04519456356000694,0.17239899408692347,0.1242422005000379,0.09042339263608243,0.13552718865455848,-0.02886972395604672,-0.10438764226563815,-0.0037707090891676894,0.04495906638516965,0.02049002811554552,0.11723509076225297,0.35195815855611645,1.0,0.15629447149743944,0.006666023055321588,0.03984317802368125,0.0212050005246871,0.2189065978176037,0.06832293611449809,0.029696480206299496,0.01738746909650312,0.01469720514333123,0.03419618974106599,0.11255464944309154,0.30168442861256256,0.023966665812218513,0.17657416042653018,0.06558306556627018,-0.172599206822896,-0.014037244993821878,-0.14038899888459505,-0.05129313416241558,-0.056245539621976655,-0.027342402414233996
Kidney problems,0.07379660404708929,0.2523186838273194,0.15110372764979646,0.05901559782693286,0.19954217470173874,-0.08422364951339723,0.061101969123011024,-0.08963458159487062,-0.046367595095842935,0.0005260560886478644,-0.06152366646183373,0.0651306041131319,0.0016096810603156674,0.009265524215988037,-0.13183701226987302,0.11376846569081121,-0.14170065554250302,-0.1333887926396666,-0.04293903446947213,-0.09137319576284043,-0.02534416018298296,0.27392510634507444,-0.08704871630930389,0.027298649410614693,0.1671239368002905,0.0361115970131521,-0.0668521457379713,-0.13147087168426597,-0.044865607240147,0.4082014586020409,0.14640233223477675,0.07673570929549674,-0.20356786699086826,0.10222189687366871,-0.2184711993010586,0.057093182038923246,-0.03719897106497105,-0.19097223676081646,-0.2555270771131376,-0.003267356464846277,0.003883755053410822,0.03490235168404689,-0.11963113409988158,0.007720537871962529,-0.17641441427721216,-0.014793921926102089,-0.05703539166735889,-0.013152714731369843,-0.03883611243230092,0.006818023357416895,-0.07351620751496672,-0.09338648586106028,-0.0981314935780959,-0.04293415499312482,-0.11056775265558165,-0.05421765021380349,-0.08611614978697675,-0.018114724496271998,-0.005364541952764956,0.031037246166462605,-0.1302008940705709,-0.018111323363686642,0.0014687220221217788,-0.010520159214913645,0.11922324628543528,0.10247557091666022,0.2482413574450174,0.07618196345220826,0.19360184624756027,0.07271175512087512,-0.12787709031386318,0.02806800732527608,0.015930188370278858,0.02841696552103167,0.10538351983509171,0.10721807970049393,0.1442996871189018,0.06377941003449988,0.0775498579206224,0.0896764620784045,-0.08549511227780361,-0.023507165636735144,-0.00274218681495547,0.14771220814097294,0.14216111595779193,0.03565054710726618,0.15629447149743944,1.0,0.10345011828633563,0.011850364137861731,0.009067565382788566,0.0585196706098238,-0.05039988781491211,0.11187721419157864,0.010757234537843486,0.046749552044540094,0.01200137877812001,0.1903788527029185,0.2043025871153616,0.05449416271932418,0.1266386465021722,0.05271506956427831,-0.09595478042205467,-0.05282509037048817,-0.05666492035666904,0.03684642729196765,-0.08313918960429048,-0.0012175547089105605
Low blood pressure,-0.050205634271762244,0.015026426614194769,0.013337267709790802,-0.062125130936101024,0.0009703408213544462,-0.06867647502101872,-0.08877397140516154,-0.09257353653202678,0.07076987293309053,-0.013149166967212675,0.04535492639702968,-0.006010537926750559,-0.05259355263576739,0.009454389857136442,-0.047696096148124804,0.07213118130133092,0.017677177407363662,-0.04411251902480495,0.002888226793337538,-0.01650838750733603,0.027025791842017255,0.04444240628035174,-0.07694881948598051,0.021386241692987026,0.020869184127270447,-0.019142016447468976,0.0625537100764987,-0.018589204729113153,-0.048750799622917985,0.09015235177466097,0.06014192742559947,-0.009928096588025253,-0.015453516455281976,-0.019568407475031357,-0.06200907213801411,0.04949140677240756,-0.01570640590264179,-0.03131887647148789,-0.045728769306307405,0.05464688291953476,-0.00859561810702264,-0.007888848517844087,0.0024325193714900477,-0.06088360686003669,-0.07112206638068293,0.020505092586648597,0.02733562049551939,0.028896849192632003,-1.4490790890743847e-05,0.02685474368100684,0.02839981660722439,-0.021602513554718317,-0.021800897264127782,-0.02093753611344535,0.00020590022029224882,0.055025752183080166,0.06457219240003728,-0.046457416120225845,-0.009065843535349815,0.03529529407812413,-0.028665759979971214,0.0005730022983494761,-0.05150457380805618,0.037920510117103574,-0.09800437754889663,0.018590536232806328,0.0862018974831104,0.0996378574925657,0.012870273890024679,0.03491825263369719,-0.019630305793098157,0.08103806837928926,-0.011195902247494267,0.014602858374362346,-0.011458069663564394,0.008203898556845179,0.07681754780732865,0.07286057043150182,-0.03644604617704918,0.14575173491120122,-0.016916478352460657,0.06263646991628684,-0.030157665965434868,0.04062128839290064,0.011845263514564195,0.009997456587535933,0.006666023055321588,0.10345011828633563,1.0,0.037897041059451464,-0.015480125208975511,0.004605931546364855,0.0019368695346837965,0.11258586868896013,0.06889613228127853,0.01991593999835331,0.02893352841564088,0.10614781054236352,0.007063060561301864,0.11805745760286103,0.06836027480824404,0.008919659637353864,-0.009357493457670825,-0.06663589972304332,0.0074819131008667305,0.024579409055845557,0.0007029671517053104,-0.005848146134779268
Mild cognitive impairmen,-0.02075033327022917,-0.007608128041108245,0.009434608805539561,-0.004945072959185005,-0.01052773167834836,-0.08115077771691803,0.026337704675421653,-0.07052823848572953,0.02231751169996347,-0.00787389424531825,0.02690142796480088,0.05321775111375426,-0.0502372532928604,-0.03145636715071346,-0.09329805983221026,0.0874301379293336,-0.002390554566197888,0.015233340585221035,0.01690008147089917,-0.1512506942856784,0.005374649267036301,-0.031476745620187464,0.008044974226989856,-0.028156192511541608,0.033124116618373986,0.004105907360365859,-0.058921851539809646,-0.03093367139749917,0.010875011849484357,0.017933447254840106,0.04637524356165804,0.01612498269741982,0.009544680630353235,0.010848014534895142,-0.07969156634202444,0.011730573309647021,-0.07289796112241044,0.0901373740315143,-0.0708533037294226,-0.007014720463263326,0.03313291788008462,0.006979632557013646,0.015653398758115986,-0.03395351704820852,0.01186434576981116,-0.021247756089350398,0.06082152466448462,-0.021149895138953118,-0.013807847331893568,-0.028582032516147868,0.03923449993932213,-0.0036636192111404336,0.02566397517512739,0.02165253945882626,0.052082162474153676,0.061466153091511856,0.028440901008990778,-0.039378615950740874,0.014008798171696089,0.025362190084561618,-0.024741139545134773,-0.007234230917558718,-0.022276327243646,-0.04861040853204887,-0.03514032069542698,-0.04351601082965926,0.0034308454455762153,0.04125342272220087,0.012365336160554012,0.02034490403784258,0.030783236755693,0.02238368688266576,0.004153199535690772,0.1340466744968938,-0.015493233443996128,0.04963638569196679,0.0630069964497636,0.034713370209387785,-0.02513999538256583,0.15593500738790592,-0.04156052019915932,0.0730299892734113,-0.022315543334774177,0.08103495844218918,-0.009680743021345977,-0.0004578138085830205,0.03984317802368125,0.011850364137861731,0.037897041059451464,1.0,-0.008760529492700052,0.04704068339896338,0.14449550069812073,0.04343720113393698,0.06892963769928433,0.0054275600131138135,0.07629823973869893,0.12571299857508195,-0.0012125445027389046,0.17765408371973593,-0.014908571448816174,0.004992992185841369,-0.033887360910928234,0.058613598863742636,-0.03867820076022868,0.003915368452854684,0.017069852496965552,-0.006616879454986341
Multiple sclerosis,-0.020423848113739183,0.03388825842044094,0.031720564283751765,-0.012762374891908018,0.026962877078401053,-0.014308073505502214,-0.0024444309376464124,-0.012113896978985511,-0.008863576954975914,-0.010885864381285408,-0.024160478928058327,0.01180742785338435,-0.014120495191693214,0.006215347239717398,-0.008533189849012687,0.00930158825567612,-0.015273956328647323,0.003431516391301037,0.0007103843413387474,-0.031556630545116336,0.00011935443730169115,0.014346068963183373,0.037979428511410125,-0.0055370330059299104,-0.015612936449851258,0.06937272557413435,-0.04878912933163617,-0.041326280774311955,0.017478242108734398,0.04120690907886524,0.013791503194632564,0.01775112992739847,0.0019003567109647885,0.04037511328783207,-0.009143245503114766,0.03475693506435691,-0.016407771520665342,0.005554402788867019,-0.0013072191336970097,0.01990459947336748,0.03849413623654747,-0.007043336165520931,-0.014502759287701618,0.035652551247879194,-0.0012697732999744317,-0.00029776006443443787,0.022915233122996214,0.028465654069245644,-0.0020852414979287332,-0.07707982073336596,0.021045940023240936,-0.011362990289780849,0.0041346749535846215,0.007333890438161228,0.04104703949737751,-0.017018727425615988,-0.053298801586721935,-0.03908288398688335,-0.06950950477836797,-0.01911429496692217,-0.003103602933074103,-0.01593449105032777,-0.023444537095555027,-0.010734430744767143,0.0029250234871631654,-0.011037366244271271,-0.025363188210116013,-0.0026396066005878716,0.013226776757753737,-0.03300541481815877,0.003946542083927363,-0.00486338627237953,0.00113120252030621,-0.0028950409669276215,0.0003675969731504811,0.038609579551767984,-0.015345463357886103,-0.014163173418695786,0.0028684828290727418,-0.023285876356380252,-0.017140338747481148,-0.030763487675993195,0.043820060885445905,0.016436597259001918,0.00399303123427751,-0.00918715703671618,0.0212050005246871,0.009067565382788566,-0.015480125208975511,-0.008760529492700052,1.0,-0.03540221215973921,0.022405416400909952,0.03843029482346183,-0.015926483490788963,0.03634145647207669,0.030091624228764373,0.013657786828611684,0.023183818270291374,0.02243840151794855,-0.023608417245301147,-0.004973595848638222,0.003112175924906052,0.023164078294855516,-0.00554956291859459,-0.027908571130640863,-0.029075132218499628,-0.05506323232636827
Obesity,0.22619941764865353,0.1083940294943695,0.09536183175256269,0.227789121015168,-0.02684114746148153,-0.0014534637091083117,0.17151471664073065,0.03743398614416452,-0.0710804322690679,0.09175221578743889,-0.09988448309786672,0.07566759439573258,0.08148897353417602,-0.08238067038351164,-0.15487996217050345,0.10543611796247149,-0.21977445022121805,0.03244552388174987,0.12245170494839205,-0.0862322671608412,0.09615023125775195,0.07319918546413251,-0.11983460098075703,-0.144071857187716,0.22086224961309533,0.18586375439021063,0.09629908027851287,-0.11028045575210302,-0.08531674027187063,-0.006184449432617391,0.08071364963809154,0.047384671010495025,-0.2356880303644919,0.10028766362896584,-0.020623171476275654,-0.07427770007778722,0.11234968176745015,0.00958237313796239,-0.04984962310444736,0.13758105779752552,-0.01481431751964486,0.19213225070659948,0.03330936593706932,-0.11803504406135122,-0.07837513209810554,-0.054536525946053675,-0.1378575244468723,-0.056071480252062954,-0.03718730235915506,0.03193207953346936,-0.07983668057125401,-0.049660725994611896,0.05983527105302448,0.12049989172196514,-0.21296897368126724,0.0615059867650141,0.08867946981282275,0.056664778834530055,0.09537877664435498,-0.03620170119862823,0.05877590245968265,0.06341583888694953,0.12239998978164182,-0.038199405359036494,0.2314196121239095,-0.03069830895144967,0.09885621343249963,-0.07993070067970602,0.1522081388970535,-0.01765326976397227,-0.13540324669219556,-0.1185184987087239,-0.09744539818476891,0.13156413474721504,-0.09746500509120565,-0.07815463266025895,0.1251341779887888,0.09493977991553162,0.0037015765623954282,0.04100544362680869,-0.022063111344418,0.01646685716287035,-0.06146724388728741,-0.06083627092277736,0.05419518640465287,0.13603946133964556,0.2189065978176037,0.0585196706098238,0.004605931546364855,0.04704068339896338,-0.03540221215973921,1.0,-0.020852176595803507,-0.0921241575896964,0.10048895058726136,-0.0009419757886775593,-0.011290117047375212,0.05086150145838949,0.18099269252092615,-0.013413624384283836,0.019246555515007972,0.026897397784455632,0.021923215442504477,-0.052304245124730635,-0.15004957214215445,0.03287289148732177,0.028380209124496545,0.03907579438406407
Osteoporosis,-0.0027889889735506017,-0.04854494776395813,-0.0128810515964187,-0.019788267754066266,0.012267668663310633,-0.10317903353234023,0.12972022293856839,-0.10386404072791318,0.01571207340980651,-0.03579887058392554,0.003683368090680988,0.05644450150807767,-0.07677271134591548,-0.028806337701330672,-0.13062607408232507,0.14934991125210106,-0.03794133060673491,-0.06704774031489759,-0.10939305264122227,-0.1731798317573999,0.1232668339985382,-0.07256153817143102,0.132749655059843,-0.07734227583818394,-0.1272565546233758,0.031029775678526585,-0.1656637566110615,0.017289668747690574,-0.027779029580293362,-0.08858055807497499,0.03354879330252618,-0.005035938534781342,0.2671279848672097,0.002892943121149238,0.009769516409703746,-0.0266066932390448,-0.049967578276756124,0.19378304945629948,0.05252663677057561,-0.005452220359102259,0.07721710060166292,0.025854423363135707,0.06409840199911669,0.059882808164615914,0.09985351019943677,-0.05760965833830439,0.11009723830875295,-0.039139039321583746,0.07338216654567892,-0.09575201564558107,0.03029431455455067,0.09758781774775259,0.16448688335960937,0.14174539625897478,0.14325682127109882,0.09115146919575301,-0.06300338700128937,-0.1549569989356784,-0.007894329079065588,-0.022909191980197002,-0.030027860484913977,-0.05026640788428328,-0.08528152399800044,-0.14377040511313796,-0.006732168944393072,-0.01838617862732672,-0.10842308561422717,0.04973230117704874,0.06196101193468938,0.0680255295943613,0.056233179403938786,0.06563018897005948,0.1714164700780064,0.21587878692917298,0.045467731986471076,0.2628783641868883,0.1432762962666955,0.06335532238535495,0.03598922220609898,0.15159241784009647,-0.015289982600777253,0.18298455421596765,0.1030284620616061,0.03718955788325753,-0.008293410344365903,0.05617304079350885,0.06832293611449809,-0.05039988781491211,0.0019368695346837965,0.14449550069812073,0.022405416400909952,-0.020852176595803507,1.0,-0.0017953601909763623,0.1121222557910972,-0.0042429982520870435,0.11286643198513109,0.05804587465322632,-0.03569782911775539,0.18998724705014608,0.028286301765029883,0.026468984198839775,-0.02593527856441522,-0.002829776996324772,-0.08088190475141935,-0.06722192475225611,-0.008698326452078064,-0.0334445412430978
Other heart issues (pacemaker),-0.0885577000548649,0.13360907632459043,0.016417235227328304,-0.12216441244386164,0.10615035291723086,-0.15395902025181282,-0.09252824305121948,-0.17903049480804406,0.041451169691152326,-0.08726214778685552,0.034392558396337265,-0.016964706215027384,-0.11995599618125802,-0.009612265400301852,-0.07286052935954772,0.0988551423052668,0.16808787992241458,-0.04113271080553921,-0.0599912586616397,-0.033395606634531054,-0.0953739530187822,0.12724686752982559,-0.015217847033413839,0.1174616227672825,0.011338975264072857,-0.08490233080532596,-0.07606581106982405,-0.044183831073144025,-0.09256040219350925,0.18098488774145466,-0.07587292876337046,0.05813881732123961,-0.14248842245739923,0.009561298848393523,-0.19780480669323783,0.15243324621943163,-0.20634806077328258,-0.0800721668433661,-0.21108820753168173,0.020919858326522937,0.01726380024390445,-0.04133897605470423,-0.0661894733545848,0.01891755116022162,-0.12231627687157905,0.0401318026694025,0.027503525777090844,-0.01413767497350808,0.028514297216474693,-0.13349871796715995,-0.0018749298255347799,-0.0441887563173257,-0.06560085360182545,-0.10566313862939636,0.08315247818348283,-0.02341888660504274,-0.09915544506397068,-0.1250349009117699,-0.08737719657231344,-0.05209741986866509,-0.13451010780292813,-0.13691452221125747,-0.06904954360248211,0.0009947535753061488,-0.11537519932573427,0.11010145730771918,0.10542463735879394,0.20536578742645645,0.05767657902942669,0.04161909654734693,-0.0703636815650253,0.05204787976239618,0.0918725102696505,0.05542336564179258,0.08821406926906687,0.13916691714747892,-0.0356956387857438,0.05342388000004948,-0.020679901564559594,0.06789538027495351,-0.007668281009766798,0.04775490091872574,0.0038580149917037034,0.10451123292554837,0.1907016130937563,0.12934589432032426,0.029696480206299496,0.11187721419157864,0.11258586868896013,0.04343720113393698,0.03843029482346183,-0.0921241575896964,-0.0017953601909763623,1.0,0.06535531422924187,0.07465896553110984,0.06892951392741178,0.11004941009942563,0.10773553595493936,0.0832964405197804,0.1257725080483939,0.08005260353639329,-0.004726544648426971,-0.13121972087305547,-0.0646194890766804,-0.06279519646929635,-0.07885303034260886,-0.14591193509919723
Other neurological conditions,0.04318490734006255,-0.03891972429926803,-0.037093177145372996,-0.06380119264630639,-0.056693343573462916,-0.023660362018754124,-0.027232447365273162,-0.05162261450446246,-0.01519933434695072,-0.010598200317058118,0.04443828363570378,-0.023611971399879295,-0.03817130227808243,-0.020853196923422822,-0.016124302892674813,0.021287278408398787,0.060945991025565166,-0.01564598685651295,-0.0006528686432358408,-0.07796574788135702,0.05138216193466687,-0.03848088244037335,-0.008927932849369952,0.012742628712266892,0.025583650100963008,-5.755859203672177e-05,-0.07977534428622092,-0.06645568786547117,-0.08986095454553186,-0.025553954226644703,-0.03623210284426961,-0.045835125809650545,-0.005773691100411716,-0.019020907087286335,-0.02754703322462615,0.025497549086863597,-0.1479924966290475,0.05333626540166384,-0.0703665201905345,0.056450538896155096,0.052311638222970185,0.013184172765345704,0.027855010702048526,0.010791261542176928,0.02870360189650269,-0.03180086336354098,0.04101597325186669,-0.0719244521744334,0.08106199147695722,0.0011864912356454804,0.0025585077173292245,0.0641912274433955,0.07339482765701147,0.01552107361290549,0.08699614759813297,0.05203326371752258,-0.015880447362851522,-0.08250197857480406,0.04269706420063682,0.03686321001133907,-0.012548057240604083,0.026155840598357582,0.03190659715659364,-0.036785833136277764,-0.01778030437341961,-0.03036202446586811,0.07594593721894086,0.07990210767881802,-0.02927293955473741,0.020348091934891347,-0.0443010764286825,0.018321610270762418,0.08831616444936817,0.11923904924973763,0.06337356639762921,0.07014094044361811,0.06468658964157563,0.08955259333359968,-0.023066252578666492,0.1566482415227359,0.06228883275618683,0.11836366721629864,0.002263009338982448,0.09432506845942623,-0.011417761404161725,0.02615964593821139,0.01738746909650312,0.010757234537843486,0.06889613228127853,0.06892963769928433,-0.015926483490788963,0.10048895058726136,0.1121222557910972,0.06535531422924187,1.0,0.01830884786799929,0.026931001055304975,0.044844898953560225,0.009769245975449758,0.08787471190307204,0.08132506066604676,-0.0022647555053477244,-0.007834771466751144,-0.08248362139339668,-0.0405123759879574,-0.07958740992215131,0.007857932224383685,-0.04395477131478446
Parkinson's disease,-0.0376913481306809,0.025660143341774966,-1.769224558851092e-05,-0.028675976017509534,0.005680201597867642,-0.013910820758973801,-0.03118362182653866,-0.030011633575379115,-0.015572698657183246,-0.03846540178124174,0.021104848293923215,0.021982538151286108,-0.010754869522945748,0.0200526694762415,0.010752877943211078,0.004989142199379586,-0.0055648715607242724,0.006804134681572605,0.014071510214811421,-0.01601791605960228,0.0011812111669654117,0.0708286449614574,-0.01659465391654044,0.03746715156175156,0.02677936694641966,-0.0032074226531469048,-0.020554865170805556,-0.013086396758918352,-0.014178822143589625,0.06090125532996151,-0.0022094437449068282,-0.008788510234453085,-0.04225864198860159,0.018366557486830866,-0.06299352476804528,0.020366771251486258,-0.02714431475039144,0.01499783907449319,-0.06010986975833593,0.015189056254276596,0.026157425135786172,-0.016061095979646684,0.011840212839254818,0.02162363898333285,-0.0007551807825446531,0.0006391498692994326,-0.02098547298925865,0.028690163840367926,0.026179229950608795,-0.07472280067100437,0.012720598274566858,0.012658038595703042,0.014248264326930533,-0.011698481504965687,-0.0026558961957902022,0.01996406246917265,-0.06236881714887185,-0.05638039149423036,-0.045528043866195154,-0.06010854220463196,-0.04053262438357673,-0.050612367220565335,-0.04019720631188675,-0.016854459491299392,-0.033996832223096685,0.015042887606534322,0.03698693560582748,0.07043679573928052,0.018047824670871362,0.006477209921611121,-0.020258867205702982,-0.0015042519780789753,0.003398291270880097,0.0019276213493384048,-0.016161936175245282,0.03016642492513248,-0.012639029428046383,-0.008141345231776719,-0.005976785360388719,-0.0004921403190325408,-0.004510758721302729,-0.014207970590443748,0.0032776271141773446,0.005162774071384866,0.04431967930239608,0.028744000038477508,0.01469720514333123,0.046749552044540094,0.01991593999835331,0.0054275600131138135,0.03634145647207669,-0.0009419757886775593,-0.0042429982520870435,0.07465896553110984,0.01830884786799929,1.0,0.045213536351208596,0.011475888689176433,0.02461486959600173,-0.0012071825417190032,0.06654650015776989,-0.00674444148165445,-0.054557788467118104,-0.016650043917318297,-0.029175312272252844,-0.02788451151229649,-0.029679418626519502,-0.041328373100420965
Retinal vascular occlusion,0.006431135622317433,0.02108696424326327,0.013763461002155308,0.011810334191264905,0.014620074514888717,-0.04330970739611712,0.027991329664109433,-0.04846673945137537,-0.004615624423226147,-0.024206497468055473,-0.007107280625159293,0.0180901882003885,-0.0354323926888434,-0.013577637779814508,-0.049854971203123384,0.053431599850522996,-0.028647506566427283,-0.02106180817048721,-0.023442411628871142,-0.06304251836882525,0.02330695667714031,0.045909477853367846,0.04318864970859402,-0.03435007247846825,0.0275512512061285,0.026607311489708033,-0.062920173968158,-0.05302696850137905,2.1316389251330188e-05,0.043998885904629345,0.027290399253180622,0.0042679392901482415,0.0023544822457905205,0.027990574917343768,-0.06690178290002255,0.010235783580669925,-0.023435755268519255,0.036668111885275016,-0.042383075156824844,0.007526154328190162,0.025276660961342644,0.0017719270526281477,0.034630501755901794,0.036254967343277704,0.03228029975750064,-0.01076832315807331,0.04010045947676349,-0.004891651400185343,0.009604906818387972,-0.10090917803704894,0.023946790971218025,0.02872801854271616,0.026920256388876875,0.03912153450775998,0.04506156604942109,0.028555568543138017,-0.03829752260587459,-0.10184122874606509,-0.03452979476471598,-0.03592736139647878,-0.03021807667078029,-0.07893471311984172,-0.06032172076089265,-0.060221476255977416,0.019699901944719767,0.013270530427200429,0.019389368267667146,0.024983056331220346,0.05096916456795396,0.010067453160256982,0.003526883786670068,0.024120411453660555,0.06534941150153162,0.06022658117136921,0.010205797493916561,0.06103615486387668,0.0036040482606629325,0.03535547284437317,0.02046437103109519,0.04463748203562327,-0.018748282800164856,0.037237847127738984,0.01957585712133968,0.033543031780187936,0.06543483711168839,0.038943007769143785,0.03419618974106599,0.01200137877812001,0.02893352841564088,0.07629823973869893,0.030091624228764373,-0.011290117047375212,0.11286643198513109,0.06892951392741178,0.026931001055304975,0.045213536351208596,1.0,0.09571978813005803,0.04324409525885787,0.06442906742858463,0.06389165179667641,-0.0077964480661113725,-0.04453696509742393,-0.014439200603508664,-0.062256665856049886,-0.020719372488974278,-0.008954985660976102,-0.029708957887261647
Stroke,0.05393713721784769,0.11232857289139511,0.08268825257595394,0.04222571499053627,0.07215860583520936,-0.08650889366308621,0.088269890705454,-0.09391765149849758,-0.002015715441458999,-0.009031723988748732,-0.03520034829898387,0.07950143855025539,-0.051308625389292095,-0.023026131635422522,-0.11035159709323651,0.11497299402945788,-0.13790419662132614,-0.06157292793034627,-0.03771629986214524,-0.1710409217513282,0.019977351309265035,0.16296024638465637,0.028697462652636486,-0.030773940748238172,0.0925248400956205,0.04674645918061503,-0.08674919260318849,-0.10328541876976656,0.01703586138057431,0.19627634285452114,0.14481087822549787,0.07199006331306881,-0.06305466802100743,0.0969668035829937,-0.14858368519923384,0.019607044873419865,-0.05869154973020751,0.010522658411689575,-0.13294110700676215,0.030802210179020743,0.042054529996813514,0.007113174658624355,-0.020884610813200873,0.005807585341755379,-0.04936027752790902,-0.005573425529838182,-0.001178068920903976,0.00018423911246501549,-0.01937006940918557,-0.10342697583558053,-0.01013042882990103,-0.03351936005155923,0.006422748051126096,0.10126623562495352,-0.03877064872952422,0.02812252980165606,-0.07022249374255388,-0.0971329839728824,-0.06301671079416533,-0.0023485477318898533,-0.09248584367849723,-0.0560932892957587,-0.05429366296049686,-0.10942977023436865,0.061375234378336516,0.039698190898776964,0.09616231053786173,0.06815071380676066,0.15681563998273643,0.08339395678922165,-0.06319001280602667,0.03163472714615069,0.09723829192692378,0.12574000943828045,0.06077042972218061,0.10547460620299462,0.10619775008940642,0.14467780819912054,0.015487270951554367,0.1141408920231602,-0.06426852666896544,0.0655779497507749,-0.000630785404762266,0.11248901271828537,0.08836211295255593,0.06845561424799405,0.11255464944309154,0.1903788527029185,0.10614781054236352,0.12571299857508195,0.013657786828611684,0.05086150145838949,0.05804587465322632,0.11004941009942563,0.044844898953560225,0.011475888689176433,0.09571978813005803,1.0,0.1238741604999021,0.12842723825455685,0.10141780645472251,0.07317276876784212,-0.07353463550554516,-0.04439958984704855,-0.1295063752903116,0.018212185529240612,-0.02772691377566045,-0.053826216228870974
Type 2 Diabetes,0.24723395602507411,0.4319538017535415,0.23906919097190982,0.28210100588278386,0.41096589424817054,0.03613652951237529,0.31743406962559967,0.034515812403479444,-0.15245162188686998,0.005768572043026556,-0.19931945119564637,0.13132012096677334,0.1453719501730472,0.010263944858198306,-0.13482539684652475,0.0534282119729492,-0.18048214362257325,0.007353522200327651,0.09983930385616435,0.04071331303794207,0.13969639825531466,0.3316871798654955,0.009224501108509212,-0.03942302321304822,0.2177804463842307,0.1775356444489346,-0.07553822743211304,-0.177610980281694,-0.1288185041193971,0.3852270849650983,0.07395066931008884,0.32045717743036733,-0.3344047736545182,0.2173281806311627,-0.2612262300216394,0.07053778707994297,0.16079970141661226,-0.11052954780536312,-0.2758967569312384,0.0942562652099771,0.07239020021803734,0.10301098141089153,-0.007367928554173831,0.13234812296275897,-0.0038310910035460072,-0.03448995489757505,0.01764242910496312,0.03888108901063562,0.05407728124537608,-0.1772681379500895,-0.04649763531311,0.015072638314709202,0.06992223002137976,0.04482002895855177,-0.13109084498351417,-0.015851749182245495,-0.12999086072304689,-0.06291008734989709,-0.09128942485310222,-0.17032584720661356,-0.1389893354396791,-0.08741122834532589,-0.08129410952840682,-0.10543750435845949,0.40270006937438785,0.12484752639407498,0.23649817951188384,-0.06634607728925977,0.28980054358734014,0.05343584835956473,-0.1940450449928497,-0.118755227667348,0.017010259022217453,0.1337743518930835,0.052942418583508274,0.20328126868183005,-0.039855666154975065,0.07211264642790129,0.22004208214716764,-0.02661287546606529,-0.1663967080418027,0.05633181858326191,0.09659563927076098,0.053590060494233045,0.17737610282295224,0.1808969699262211,0.30168442861256256,0.2043025871153616,0.007063060561301864,-0.0012125445027389046,0.023183818270291374,0.18099269252092615,-0.03569782911775539,0.10773553595493936,0.009769245975449758,0.02461486959600173,0.04324409525885787,0.1238741604999021,1.0,-0.017511100156199624,0.15808096953013023,0.09802502273768442,-0.1662591652710926,-0.011966039925518436,-0.1262112127468296,-0.02253433610797935,-0.11210109434482901,-0.060220709756038715
Urinary problems,-0.09343672812547935,0.03117784523032222,-0.005949772321007886,-0.06124702271885531,0.03145252303590602,-0.1423422250085524,0.005186200595917232,-0.16376139528973022,0.04756668748454017,-0.017559413345905987,0.026412163333215607,0.015791186075385943,-0.11682304399302988,-0.012380354454805911,-0.11750394466049975,0.1618762859620236,-0.010799871478591839,0.02076294770155011,-0.010020410599599279,-0.23891318729996294,0.02881630321589185,-0.003082156239603871,0.05987608253897782,-0.043161403313343845,0.01996291891568766,-0.021444771841213524,-0.03641892790994326,-0.07128360434682489,0.08418970659194377,0.08388736884199866,0.16251286122784692,0.042549184379760664,0.06147024708929053,0.06594672751730035,-0.09760102264995575,0.043468247265318574,-0.09976246440344676,0.1228449479910538,-0.053811483201133034,0.019318422777271457,0.08542496181668152,-0.02138882763686188,0.03563737028866998,-0.033211297182517446,-0.0104366177301563,-0.047381202762637055,0.11740195901118444,-0.03505993987537738,-0.06600639459517688,-0.022071610266805815,0.08333724102527688,-0.007309516910875282,0.0013097043350604747,0.0992930067738775,0.08421519244229467,0.06918749803045293,0.08413542264238302,-0.042509927631585835,0.0022607110891329344,0.031918294220236385,-0.06962347350928196,-0.03509563830553355,-0.03772576491721812,-0.006773997087296675,-0.08818951258944953,-0.027837873823129786,-0.09216484129912743,0.022648014450659882,-0.06220971651644178,0.0440061403341893,0.040026843244147674,0.05572352196105625,0.10390956697906657,0.12069370971358094,0.04118032977980505,0.17918543892952682,0.09648576857517514,0.03823625388899541,-0.03873377104254468,0.26168420730407355,-0.05155341441214977,0.12397415420205389,0.009366371743992113,0.08505713582361668,0.016350325749740314,0.046649484270854774,0.023966665812218513,0.05449416271932418,0.11805745760286103,0.17765408371973593,0.02243840151794855,-0.013413624384283836,0.18998724705014608,0.0832964405197804,0.08787471190307204,-0.0012071825417190032,0.06442906742858463,0.12842723825455685,-0.017511100156199624,1.0,-0.00625793358264394,0.04127800997626759,-0.011323666606297403,0.012783043441264234,-0.03921755184296138,0.02824555399416151,-0.0073477162661680345,-0.007005703107319518
ABNORMAL,0.10736663570354306,0.08397343111814738,0.013069727373676725,0.02016551057839339,-0.0037534982932133695,0.01353069213871449,0.11677208018602973,0.0060213214009620574,0.10701101434474056,-0.1602359582065253,-0.08389225576190737,-0.1092770654524371,-0.012065271471512021,0.008454280399362833,0.14323146901542178,-0.02917200810642085,-0.12504850411900698,-0.3405530526593781,-0.104958557918741,-0.05401698983842747,0.013085257335025954,0.3737558137480053,0.005433270961431714,0.10458929352556243,0.03782062592264183,-0.01986046335951396,-0.10621505185810226,0.016932984418133817,-0.15417438466526867,0.1627244517222323,-0.17757341118678066,-0.13157076026543546,-0.13380230629039078,0.0340938892377106,-0.2726535281375155,0.26063279964323777,-0.05085340578089014,-0.13199039016204692,-0.3362169622566174,0.11251183654298792,-0.015219387826544988,-0.005767904188142158,-0.17428081064722467,0.03416970763301478,-0.055376566517384,-0.021416228700339022,-0.17978731451179128,-0.03586057810128015,0.2574552396050152,0.0643445595595483,-0.1939777770377622,0.29014221002280605,0.1901018303496151,-0.06001679786537551,0.021761957682669548,-0.038255475230691845,-0.15327217675658966,-0.21782331483540388,-0.0677692964709636,-0.014192601185257165,-0.12298976315357624,-0.10377855674782126,-0.04586332304564275,0.001793574658893816,-0.039127174918050955,0.29376967417787725,0.37091780227704546,0.37958406335822414,0.1691558587385223,0.30661436785333274,-0.22388330139873686,-0.1565798317181225,0.14359983117628472,0.08094820539542083,0.10752839873836938,0.1529905044557402,0.06592226197040138,0.09024422723135424,0.15599860398993698,-0.02189712304213461,-0.009757042596546568,0.00038996995417636893,0.03093275516377525,0.08719977595821828,0.07723758248970217,0.05300768745347068,0.17657416042653018,0.1266386465021722,0.06836027480824404,-0.014908571448816174,-0.023608417245301147,0.019246555515007972,0.028286301765029883,0.1257725080483939,0.08132506066604676,0.06654650015776989,0.06389165179667641,0.10141780645472251,0.15808096953013023,-0.00625793358264394,1.0,-0.030304312890979103,-0.5638098308095375,-0.487567065979054,-0.026245284004173645,-0.03495868485279338,-0.06696770792335312,-0.05495133899578413
BORDERLINE,0.019593473044345316,0.07797327092033647,0.027257697142072514,0.03977381558204519,0.09302484222064969,-0.05694905145186716,0.07400155386323343,-0.038381488233098456,-0.013074404118014615,-0.005586256174860111,-0.02315570720401206,0.046883125004387204,-0.024252939662786167,-0.00431567231289864,-0.06803888634055483,0.06608047522472177,-0.02075787135886919,0.012637129276174306,-0.009815058596643608,-0.013977920896449343,0.021952225919827355,0.032239478374744626,-0.0059173634983695315,-0.022687919314128373,0.03703139105081355,0.023863033566082943,-0.0026628234818853614,-0.0239382535828634,-0.02015073957136839,0.06621083774315825,0.01831204585945124,0.07849254028841861,-0.048226296171232315,0.025484567468014106,-0.016161937664208134,-0.0002068150887866983,0.016674899383805727,0.02957568896473413,-0.03606109325937101,0.004336055600708849,0.03797333197802022,0.008961829798896233,0.02479650051159944,0.0016061349144425843,0.006367061626375801,-0.020552239944195787,0.007766796843203021,-0.016857526633170267,-0.018207640606416168,-0.05158508295461187,-0.015952579877293687,-0.013233449821882876,0.027306660057387973,0.02784151018071518,-0.006827151090276123,-0.005120676576582053,-0.011370905776101812,-0.003575449678852741,0.00920334989426308,-0.04692127086279885,-0.0018358859252396898,-0.016406444429054444,-0.0057837471051344486,-0.04199093971850756,0.06543304745782536,0.00711389506580192,0.009474165893608468,-0.02439553636012578,0.05238111840949914,0.02619985891166576,-0.03122772682298516,4.4945567779073314e-05,0.01380311553571391,0.04929359015538885,0.055223472632547184,0.10154044571991552,0.0072421864006311865,0.013208602972945054,0.0519075485369451,0.03973790515542429,-0.014366705057226878,0.05025692359018276,0.05633495093942641,0.025840404956910975,0.07947151694343692,0.05014144268487495,0.06558306556627018,0.05271506956427831,0.008919659637353864,0.004992992185841369,-0.004973595848638222,0.026897397784455632,0.026468984198839775,0.08005260353639329,-0.0022647555053477244,-0.00674444148165445,-0.0077964480661113725,0.07317276876784212,0.09802502273768442,0.04127800997626759,-0.030304312890979103,1.0,0.02358851118325464,-0.0015036837116139956,-0.052577197083682414,0.004110228718396208,0.014400899601296846,-0.014890651338324875
NORMAL,-0.07831760698622423,-0.041891298021049114,-0.10567081702707565,-0.16963977577604264,-0.09144883329009476,-0.0857280141360755,-0.2764670433969977,-0.09978213814438514,-0.0876366881119659,0.11377674905602238,0.13508957891966655,0.05272313919179052,-0.13835230354485875,-0.009535541389905717,-0.13051098590824275,0.11456623106965416,0.18876355788365945,0.179796526663871,-0.08691849859209227,0.1439881158395336,0.0712502261120715,-0.2292976916701601,0.03172575674230943,-0.0623361711482092,-0.10468085137287458,-0.042598418159598146,0.14297850262864423,0.036312430922258644,0.03577158936156005,-0.12922517109020354,0.2074178101384135,0.049124480733780805,0.1184568346352157,-0.07673343602141988,0.31870414640086775,-0.11905887020914842,-0.04688064607793895,-0.021459391265929533,0.18121596336539933,0.043013396317226504,-0.01762166195511167,0.008730555464381543,0.19776956659098474,0.04795699835738162,0.007058669756525602,0.09552286757516687,0.1288252962020808,-0.059801746754954935,-0.11803723328170444,0.02838452169158189,0.16266132893823787,-0.3151899182854704,-0.16382935358935646,0.05968597213679149,0.03537018933613907,0.086023720837984,0.14046534454977005,0.16841287362789018,0.06812915401639505,0.03722077873165428,0.09259272753638459,0.17263190508551482,0.07858371511529302,0.06470923557068874,-0.030079165255547744,-0.10634440495007087,-0.2774950237078255,-0.23771737987695127,-0.1037199778314368,-0.25181069397812356,-0.010614444315596619,0.30273380219137963,-0.07546965370300246,-0.008166642035770737,-0.024896146329706666,-0.05739177868250779,0.046317000444367505,-0.0317324813133688,-0.12764064537024059,0.07273311496503299,0.13398706696582574,0.08127870926679993,-0.013970815359145728,-0.07253870924557045,0.007998503417483054,-0.04995395086531966,-0.172599206822896,-0.09595478042205467,-0.009357493457670825,-0.033887360910928234,0.003112175924906052,0.021923215442504477,-0.02593527856441522,-0.004726544648426971,-0.007834771466751144,-0.054557788467118104,-0.04453696509742393,-0.07353463550554516,-0.1662591652710926,-0.011323666606297403,-0.5638098308095375,0.02358851118325464,1.0,-0.3876179154072625,0.01885433824765618,0.01405548374186814,0.10880920952861003,0.033397738952696585
OTHERWISE NORMAL,-0.03939191851797679,-0.06184966528496306,0.08888870368231325,0.1454381126984012,0.09344833704841077,0.08320792869717554,0.151687431975167,0.10058497394864224,-0.02634644206976269,0.06135950056670829,-0.048745258799446946,0.0647687725378836,0.1568506421349585,0.009926808196467402,-0.010976344632743313,-0.09194963344168426,-0.0515655423476004,0.1977157002239039,0.20554894677478042,-0.08535875548016933,-0.09533100469511514,-0.17745825243037078,-0.03288704355417656,-0.046979246795593094,0.07183877294460353,0.056423381938534696,-0.032050438918377375,-0.060935941163217995,0.14030565750583535,-0.04882376381833091,-0.01880929304541433,0.09173429903754553,0.024673791873370876,0.04078715154795627,-0.03050411515076084,-0.16319930853595108,0.10765098623740853,0.17227322411406193,0.18683154598849436,-0.16069860218747423,0.0356679170649948,-0.015376953679543282,-0.007144295174236136,-0.08770855924681191,0.05429330405790133,-0.07197629269305036,0.07049426871976847,0.10895491127542392,-0.15783800383571828,-0.09960135319433366,0.051273036829326116,0.010229923593673772,-0.03407382142228034,0.005803732690142241,-0.062376358574433174,-0.03896968272487398,0.026844438818311146,0.058027760171528275,-0.009648247621980542,-0.021997794723611724,0.03396671337646576,-0.07165087762361007,-0.035220250372612595,-0.0707216203407697,0.06770663402587755,-0.21391249512111832,-0.12136958712858248,-0.1693529898482586,-0.0750430827827404,-0.07493404292865226,0.26564055110010254,-0.14326214977622653,-0.08359898584959208,-0.08463180814428412,-0.08146457462541667,-0.111538662380512,-0.12170829932869431,-0.06385807157167386,-0.04778096467709436,-0.05328168223482441,-0.1269780041945121,-0.08331996958958081,-0.023370966188815623,-0.03281509468423176,-0.09952683988905407,-0.008423298510397421,-0.014037244993821878,-0.05282509037048817,-0.06663589972304332,0.058613598863742636,0.023164078294855516,-0.052304245124730635,-0.002829776996324772,-0.13121972087305547,-0.08248362139339668,-0.016650043917318297,-0.014439200603508664,-0.04439958984704855,-0.011966039925518436,0.012783043441264234,-0.487567065979054,-0.0015036837116139956,-0.3876179154072625,1.0,0.011883142938436338,0.020145368785832007,-0.039602873552751,0.02053622942868576
cube_visuospatial_executive_value,-0.14391995870051383,-0.05318723250829359,-0.02456227847732763,-0.1595820349172944,-0.02152319523516485,0.05664433087066188,-0.2133825982018649,0.025843572933928114,0.10746875907155977,0.030587376333191432,0.0864705003762268,-0.06313546435047655,-0.016215478900171824,0.04376122485107429,0.07905297632113568,-0.06834056651472523,0.32689494253007945,0.029572137407972657,0.007979525371861263,0.29498444611589864,-0.14598069439197217,-0.08582502840518215,0.06034933194808716,0.1897900218768417,-0.10392615332117577,-0.155965926558455,0.0937123358132705,0.1748137618957082,0.04534286568719334,-0.07864161176809353,-0.12382582235938164,-0.04920776517633218,0.02782675704692204,-0.09930673861283204,0.11684097880232883,0.12035428848050411,0.03971047913973579,-0.1444835486394913,0.10279679463947503,0.054336112644717896,-0.07212606918009787,-0.2014479620154361,-0.04320989237593205,-0.03519534980779756,0.07819551365110301,0.025716089959559315,0.09195952325720079,-0.02187770114482869,0.09341832679138563,0.391102702388884,0.037148239258658254,0.05902089449443434,-0.14204802698424696,-0.22046804072136927,0.09763974008201973,-0.105728548727212,0.15660505786375273,0.1438325508352222,0.1518801076509289,0.27451507183314533,0.06603687460295256,0.1460291531625516,0.10368571298380404,0.21013112385376415,-0.25049330597070063,0.046987626937636855,0.06508508142962738,0.075086934750713,-0.09923539058736687,-0.09779226096804691,0.06970149306906419,0.0798349520921535,-0.05779904699917336,-0.038683943466033655,0.11985950112370226,-0.026969238714672022,-0.03320914708815924,-0.11358092382613515,-0.059171458059724874,-0.03055443832038304,0.05220117303100617,-0.047051923044405745,-0.037219636956856504,0.050752466135401665,-0.10506380560763261,-0.08474034321581446,-0.14038899888459505,-0.05666492035666904,0.0074819131008667305,-0.03867820076022868,-0.00554956291859459,-0.15004957214215445,-0.08088190475141935,-0.0646194890766804,-0.0405123759879574,-0.029175312272252844,-0.062256665856049886,-0.1295063752903116,-0.1262112127468296,-0.03921755184296138,-0.026245284004173645,-0.052577197083682414,0.01885433824765618,0.011883142938436338,1.0,0.04598872213618996,0.08539061535293915,0.1672176626759377
fluency_language_value,0.04356931945769039,-0.0401314586083956,0.014790574797387839,0.09271894850314814,0.06910068883680838,0.05167982761649596,0.009716667768667983,0.07404188875012971,0.06834471103058955,0.11913948389221062,0.011407437529496044,0.0029745485351986853,0.06622710996461184,-0.025709612466252717,0.026801854189096367,-0.028905665780323834,0.025474876544160623,-0.032018992699634055,0.01978565488696298,0.08341336593699437,-0.0027554839935290134,-0.10630906703034848,-0.0716577363950302,0.03284579483514568,-0.018337811118649454,-0.003631221586380181,0.17067683537963643,0.10495736053283809,0.04190756621031022,-0.04900273470242658,0.031821366764065634,0.011627936432462788,0.03430723791588419,-0.003825855762090185,0.06672640651747563,-0.052096702597240536,0.07640144927503341,0.01811624441026435,0.05318233533511869,0.023193593922284237,-0.038820336663811246,0.05196524336280092,-0.082190495950413,-0.11695290192142997,-0.0212838273766835,-0.006860548448275334,-0.12395411060458428,-0.02509658781253129,-0.13802222009876108,0.2316327432249881,-0.07650644358286071,-0.11746800471261923,-0.08950404416867225,-0.029293932875948267,-0.17120637466907276,-0.06460481557508187,0.2046670792006726,0.22243328594869718,0.15752420439691647,0.04914379336510724,0.05189801436745726,0.09017254393057157,0.1422818915316154,0.12018377338943773,-0.011101986985544472,-0.022630889142997396,0.014743147750864041,-0.06567145735436182,-0.014463363750680166,0.0344891072801077,0.03000460773795536,-0.002071195110794822,-0.08190208881186556,-0.05628209714435164,-0.030769407225886544,-0.0883404406956326,-0.0003439288892230863,-0.0564118122644969,-0.03576391089074027,0.05919033152241455,-0.021276922681108906,0.012824308728031544,-0.0140325054516717,-0.028645093982057054,-0.029927171358487156,0.018070783352986022,-0.05129313416241558,0.03684642729196765,0.024579409055845557,0.003915368452854684,-0.027908571130640863,0.03287289148732177,-0.06722192475225611,-0.06279519646929635,-0.07958740992215131,-0.02788451151229649,-0.020719372488974278,0.018212185529240612,-0.02253433610797935,0.02824555399416151,-0.03495868485279338,0.004110228718396208,0.01405548374186814,0.020145368785832007,0.04598872213618996,1.0,0.0760338272643241,0.12917757684227194
lettera_value,0.014080122420268196,-0.0972018337323136,-0.04588871508503875,-0.012754164704944435,-0.12294837413132625,0.023823797848640423,-0.06335285331188338,0.021319347765598625,0.025878704256850647,0.043158516510127816,0.03159182628979701,-0.03053434673461303,-0.0033518187303217145,-0.060162342409342776,0.037717459794785815,0.00800852161373081,0.11485282185720985,0.03347926502497392,0.004016674578121626,0.08934665091339479,-0.030203875763847195,-0.11368807290491267,-0.015572711373457202,0.02065214131897049,-0.02199113940773246,-0.03571189154344735,0.076900189746601,0.09297701284728062,0.030976797195568777,-0.16533599141756605,-0.05560961400137543,-0.05612354217894168,0.02310125178684189,-0.02759912973400784,0.09014366236713497,-0.056319564129523096,0.00023608939775747128,0.022469090073910635,0.05559971540948257,0.03445274616992437,-0.036364476774102004,-0.03184921222290707,-0.020166939986980985,-0.11872631338563568,0.024278762761192275,-0.022468532469718222,-0.04845298621430575,-0.04212115603043461,0.004216309525555115,0.22862761813714813,-0.015296996037680808,-0.02392675683338994,-0.05835254871890962,-0.0366868131376721,-0.04231669536101489,-0.016420993079463403,0.17735321150999936,0.1741039094524069,0.22658173647351781,0.11398107912352787,0.12006171651173535,0.16207744460418305,0.15620335755362635,0.10588460157358374,-0.09265273406541809,0.013054647642351818,-0.0197827377635145,-0.0021983964634901044,-0.03482583212177832,-0.02238043940726718,0.032926591877343654,0.047576951310551556,-0.07744734970296714,0.023212981017538208,0.016504703074265024,-0.08669074460376555,0.041635005497255316,-0.012027666446353783,-0.10951506013462561,0.039065497825779734,0.049629343627161954,0.013255373004639876,-0.05341690209929144,-0.027655192779866063,-0.051803295585697455,0.010801361491456737,-0.056245539621976655,-0.08313918960429048,0.0007029671517053104,0.017069852496965552,-0.029075132218499628,0.028380209124496545,-0.008698326452078064,-0.07885303034260886,0.007857932224383685,-0.029679418626519502,-0.008954985660976102,-0.02772691377566045,-0.11210109434482901,-0.0073477162661680345,-0.06696770792335312,0.014400899601296846,0.10880920952861003,-0.039602873552751,0.08539061535293915,0.0760338272643241,1.0,0.0975071530967113
trails_visuospatial_executive_value,-0.03323056065794419,-0.03883345397740827,-0.020406073047781133,0.00840609862177095,-0.03041705998635314,-0.05079997697934049,0.005953169929347009,-3.231244389646078e-05,0.075199170288419,0.08966345763966961,0.016759905893321016,0.019269960515751035,-0.019124470729540544,-0.04683287195547224,-0.11164932238773725,0.11589974946142997,0.0848957604085287,-0.009465076576548749,0.020557260229335777,0.0983686408441806,-0.03776017092505305,-0.08264379015786284,-0.003432868229840532,0.0369106853250377,-0.017437440469150096,-0.04451746702257852,0.12542236942318116,0.12464506335774382,0.08615481114749841,-0.060050151233194245,-0.03694142350867185,-0.019024994845767255,0.06359396716903272,-0.027456628948941943,0.09749098763320348,0.009962607372730753,0.06724651863361854,-0.010322383251804582,0.0908462389893587,0.04501724219496821,-0.07662176870203667,0.0038337934462225657,-0.030390720081097944,-0.12158517633600047,-0.007993179354702373,-0.021672015175970786,-0.02368282656369688,-0.11659340593178304,-0.029714396816739916,0.36505677431341604,-0.06745746378002491,-0.019307161883736084,-0.08447106192452361,-0.07081347388421828,-0.053615597741063725,-0.06771299770564286,0.2053735254927434,0.1743123371674058,0.18612746881766112,0.20991120459778553,0.08409032163155743,0.18942959444507196,0.16816769803006237,0.164104377500958,-0.03127780514801354,0.03361611478793126,0.05821527866923035,-0.02964720403412259,0.029894233209173286,-0.03297226737766282,0.05154952212304005,0.022149433217835246,-0.07850070807899315,0.024056195213759738,0.06437750558509105,-0.00744583174865348,0.06019043229017471,-0.06594542738648379,0.027031540773269653,0.029261105618044958,0.020717414170839582,-0.03192004899256185,-0.010373801748791229,0.021108431307398697,-0.06080408341109298,-0.04647241549216767,-0.027342402414233996,-0.0012175547089105605,-0.005848146134779268,-0.006616879454986341,-0.05506323232636827,0.03907579438406407,-0.0334445412430978,-0.14591193509919723,-0.04395477131478446,-0.041328373100420965,-0.029708957887261647,-0.053826216228870974,-0.060220709756038715,-0.007005703107319518,-0.05495133899578413,-0.014890651338324875,0.033397738952696585,0.02053622942868576,0.1672176626759377,0.12917757684227194,0.0975071530967113,1.0
